{
  "type": "FeatureCollection",
  "features": [
    {
      "type": "Feature",
      "geometry": {
        "coordinates": [
          -4.005850000000001,
          5.42515
        ],
        "type": "Point"
      },
      "properties": {
        "ADM0_FR": "DISTRICT AUTONOME D'ABIDJAN",
        "ADM0_PCODE": "CI04",
        "ADM1_FR": "DISTRICT AUTONOME D'ABIDJAN",
        "ADM1_PCODE": "CI101",
        "ADM2_FR": "ABIDJAN",
        "ADM2_PCODE": "CI0101",
        "ADM3_FR": "ABIDJAN",
        "ADM3_PCODE": "CI010101",
        "ADM4_FR": "ABOBO",
        "ADM4_PCODE": "C0029",
        "centerLat": 5.43515,
        "centerLng": -4.01585,
        "pop": 1030658,
        "Ted_MOOV": 0.27999999999999997,
        "Tcd_MOOV": 95.52000000000001,
        "Tddu_MOOV": 6.0600000000000005,
        "Tddd_MOOV": 33.78,
        "Dmd_MOOV": 8614.57,
        "Dmu_MOOV": 15322.52,
        "Ted_MTN": 0.0,
        "Tcd_MTN": 95.17999999999999,
        "Tddu_MTN": 1.38,
        "Tddd_MTN": 34.14,
        "Dmd_MTN": 17374.76,
        "Dmu_MTN": 22496.38,
        "Ted_ORANGE": 0.0,
        "Tcd_ORANGE": 99.48,
        "Tddu_ORANGE": 0.0,
        "Tddd_ORANGE": 29.5,
        "Dmd_ORANGE": 16666.22,
        "Dmu_ORANGE": 4982.87,
        "rang_Ted_ORANGE": 1,
        "rang_Ted_MTN": 1,
        "rang_Ted_MOOV": 3,
        "rang_Tcd_ORANGE": 1,
        "rang_Tcd_MTN": 3,
        "rang_Tcd_MOOV": 2,
        "rang_Tddd_ORANGE": 1,
        "rang_Tddd_MTN": 3,
        "rang_Tddd_MOOV": 2,
        "rang_Tddu_ORANGE": 1,
        "rang_Tddu_MTN": 2,
        "rang_Tddu_MOOV": 3,
        "rang_Dmd_ORANGE": 2,
        "rang_Dmd_MTN": 3,
        "rang_Dmd_MOOV": 1,
        "rang_Dmu_ORANGE": 1,
        "rang_Dmu_MTN": 3,
        "rang_Dmu_MOOV": 2
      },
      "id": 1
    },
    {
      "type": "Feature",
      "geometry": {
        "coordinates": [
          -4.00988,
          5.361870000000001
        ],
        "type": "Point"
      },
      "properties": {
        "ADM0_FR": "DISTRICT AUTONOME D'ABIDJAN",
        "ADM0_PCODE": "CI04",
        "ADM1_FR": "DISTRICT AUTONOME D'ABIDJAN",
        "ADM1_PCODE": "CI101",
        "ADM2_FR": "ABIDJAN",
        "ADM2_PCODE": "CI0101",
        "ADM3_FR": "ABIDJAN",
        "ADM3_PCODE": "CI010101",
        "ADM4_FR": "ADJAME",
        "ADM4_PCODE": "C0133",
        "centerLat": 5.37187,
        "centerLng": -4.01988,
        "pop": 372978,
        "Ted_MOOV": 0.0,
        "Tcd_MOOV": 89.9,
        "Tddu_MOOV": 20.62,
        "Tddd_MOOV": 53.16,
        "Dmd_MOOV": 4081.67,
        "Dmu_MOOV": 12837.63,
        "Ted_MTN": 0.86,
        "Tcd_MTN": 98.55000000000001,
        "Tddu_MTN": 0.0,
        "Tddd_MTN": 25.650000000000002,
        "Dmd_MTN": 20511.74,
        "Dmu_MTN": 25947.36,
        "Ted_ORANGE": 0.0,
        "Tcd_ORANGE": 99.71,
        "Tddu_ORANGE": 0.0,
        "Tddd_ORANGE": 26.0,
        "Dmd_ORANGE": 26387.85,
        "Dmu_ORANGE": 6372.48,
        "rang_Ted_ORANGE": 1,
        "rang_Ted_MTN": 3,
        "rang_Ted_MOOV": 1,
        "rang_Tcd_ORANGE": 1,
        "rang_Tcd_MTN": 2,
        "rang_Tcd_MOOV": 3,
        "rang_Tddd_ORANGE": 2,
        "rang_Tddd_MTN": 1,
        "rang_Tddd_MOOV": 3,
        "rang_Tddu_ORANGE": 1,
        "rang_Tddu_MTN": 1,
        "rang_Tddu_MOOV": 3,
        "rang_Dmd_ORANGE": 3,
        "rang_Dmd_MTN": 2,
        "rang_Dmd_MOOV": 1,
        "rang_Dmu_ORANGE": 1,
        "rang_Dmu_MTN": 3,
        "rang_Dmu_MOOV": 2
      },
      "id": 2
    },
    {
      "type": "Feature",
      "geometry": {
        "coordinates": [
          -4.04488,
          5.48466
        ],
        "type": "Point"
      },
      "properties": {
        "ADM0_FR": "DISTRICT AUTONOME D'ABIDJAN",
        "ADM0_PCODE": "CI04",
        "ADM1_FR": "DISTRICT AUTONOME D'ABIDJAN",
        "ADM1_PCODE": "CI101",
        "ADM2_FR": "ABIDJAN",
        "ADM2_PCODE": "CI0101",
        "ADM3_FR": "ANYAMA",
        "ADM3_PCODE": "CI010102",
        "ADM4_FR": "ANYAMA",
        "ADM4_PCODE": "C0570",
        "centerLat": 5.49466,
        "centerLng": -4.05488,
        "pop": 103297,
        "Ted_MOOV": 7.07,
        "Tcd_MOOV": 96.00999999999999,
        "Tddu_MOOV": 29.549999999999997,
        "Tddd_MOOV": 27.13,
        "Dmd_MOOV": 15359.92,
        "Dmu_MOOV": 10500.38,
        "Ted_MTN": 4.32,
        "Tcd_MTN": 96.69,
        "Tddu_MTN": 20.75,
        "Tddd_MTN": 26.99,
        "Dmd_MTN": 22083.43,
        "Dmu_MTN": 18369.95,
        "Ted_ORANGE": 2.33,
        "Tcd_ORANGE": 98.81,
        "Tddu_ORANGE": 26.1,
        "Tddd_ORANGE": 27.1,
        "Dmd_ORANGE": 27354.55,
        "Dmu_ORANGE": 3506.11,
        "rang_Ted_ORANGE": 1,
        "rang_Ted_MTN": 2,
        "rang_Ted_MOOV": 3,
        "rang_Tcd_ORANGE": 1,
        "rang_Tcd_MTN": 2,
        "rang_Tcd_MOOV": 3,
        "rang_Tddd_ORANGE": 2,
        "rang_Tddd_MTN": 1,
        "rang_Tddd_MOOV": 3,
        "rang_Tddu_ORANGE": 2,
        "rang_Tddu_MTN": 1,
        "rang_Tddu_MOOV": 3,
        "rang_Dmd_ORANGE": 3,
        "rang_Dmd_MTN": 2,
        "rang_Dmd_MOOV": 1,
        "rang_Dmu_ORANGE": 1,
        "rang_Dmu_MTN": 3,
        "rang_Dmu_MOOV": 2
      },
      "id": 3
    },
    {
      "type": "Feature",
      "geometry": {
        "coordinates": [
          -4.041980000000001,
          5.37219
        ],
        "type": "Point"
      },
      "properties": {
        "ADM0_FR": "DISTRICT AUTONOME D'ABIDJAN",
        "ADM0_PCODE": "CI04",
        "ADM1_FR": "DISTRICT AUTONOME D'ABIDJAN",
        "ADM1_PCODE": "CI101",
        "ADM2_FR": "ABIDJAN",
        "ADM2_PCODE": "CI0101",
        "ADM3_FR": "ABIDJAN",
        "ADM3_PCODE": "CI010101",
        "ADM4_FR": "ATTECOUBE",
        "ADM4_PCODE": "C0734",
        "centerLat": 5.38219,
        "centerLng": -4.05198,
        "pop": 260911,
        "Ted_MOOV": 0.0,
        "Tcd_MOOV": 95.82000000000001,
        "Tddu_MOOV": 12.5,
        "Tddd_MOOV": 38.29,
        "Dmd_MOOV": 6807.92,
        "Dmu_MOOV": 19111.87,
        "Ted_MTN": 0.32,
        "Tcd_MTN": 100.0,
        "Tddu_MTN": 2.91,
        "Tddd_MTN": 25.840000000000003,
        "Dmd_MTN": 16650.15,
        "Dmu_MTN": 26939.89,
        "Ted_ORANGE": 0.0,
        "Tcd_ORANGE": 99.69,
        "Tddu_ORANGE": 0.0,
        "Tddd_ORANGE": 25.4,
        "Dmd_ORANGE": 29301.6,
        "Dmu_ORANGE": 4565.8,
        "rang_Ted_ORANGE": 1,
        "rang_Ted_MTN": 3,
        "rang_Ted_MOOV": 1,
        "rang_Tcd_ORANGE": 2,
        "rang_Tcd_MTN": 1,
        "rang_Tcd_MOOV": 3,
        "rang_Tddd_ORANGE": 1,
        "rang_Tddd_MTN": 2,
        "rang_Tddd_MOOV": 3,
        "rang_Tddu_ORANGE": 1,
        "rang_Tddu_MTN": 2,
        "rang_Tddu_MOOV": 3,
        "rang_Dmd_ORANGE": 3,
        "rang_Dmd_MTN": 2,
        "rang_Dmd_MOOV": 1,
        "rang_Dmu_ORANGE": 1,
        "rang_Dmu_MTN": 3,
        "rang_Dmu_MOOV": 2
      },
      "id": 4
    },
    {
      "type": "Feature",
      "geometry": {
        "coordinates": [
          -3.8870400000000003,
          5.349
        ],
        "type": "Point"
      },
      "properties": {
        "ADM0_FR": "DISTRICT AUTONOME D'ABIDJAN",
        "ADM0_PCODE": "CI04",
        "ADM1_FR": "DISTRICT AUTONOME D'ABIDJAN",
        "ADM1_PCODE": "CI101",
        "ADM2_FR": "ABIDJAN",
        "ADM2_PCODE": "CI0101",
        "ADM3_FR": "BINGERVILLE",
        "ADM3_PCODE": "CI010103",
        "ADM4_FR": "BINGERVILLE",
        "ADM4_PCODE": "C1214",
        "centerLat": 5.359,
        "centerLng": -3.89704,
        "pop": 64015,
        "Ted_MOOV": 1.5599999999999998,
        "Tcd_MOOV": 95.65,
        "Tddu_MOOV": 7.23,
        "Tddd_MOOV": 39.410000000000004,
        "Dmd_MOOV": 9460.9,
        "Dmu_MOOV": 13876.11,
        "Ted_MTN": 0.42,
        "Tcd_MTN": 94.98,
        "Tddu_MTN": 4.9399999999999995,
        "Tddd_MTN": 25.95,
        "Dmd_MTN": 6109.8,
        "Dmu_MTN": 26070.56,
        "Ted_ORANGE": 0.0,
        "Tcd_ORANGE": 97.92,
        "Tddu_ORANGE": 2.0,
        "Tddd_ORANGE": 25.7,
        "Dmd_ORANGE": 21720.32,
        "Dmu_ORANGE": 4878.16,
        "rang_Ted_ORANGE": 1,
        "rang_Ted_MTN": 2,
        "rang_Ted_MOOV": 3,
        "rang_Tcd_ORANGE": 1,
        "rang_Tcd_MTN": 3,
        "rang_Tcd_MOOV": 2,
        "rang_Tddd_ORANGE": 1,
        "rang_Tddd_MTN": 2,
        "rang_Tddd_MOOV": 3,
        "rang_Tddu_ORANGE": 1,
        "rang_Tddu_MTN": 2,
        "rang_Tddu_MOOV": 3,
        "rang_Dmd_ORANGE": 3,
        "rang_Dmd_MTN": 1,
        "rang_Dmd_MOOV": 2,
        "rang_Dmu_ORANGE": 1,
        "rang_Dmu_MTN": 3,
        "rang_Dmu_MOOV": 2
      },
      "id": 5
    },
    {
      "type": "Feature",
      "geometry": {
        "coordinates": [
          -3.9508900000000002,
          5.363
        ],
        "type": "Point"
      },
      "properties": {
        "ADM0_FR": "DISTRICT AUTONOME D'ABIDJAN",
        "ADM0_PCODE": "CI04",
        "ADM1_FR": "DISTRICT AUTONOME D'ABIDJAN",
        "ADM1_PCODE": "CI101",
        "ADM2_FR": "ABIDJAN",
        "ADM2_PCODE": "CI0101",
        "ADM3_FR": "ABIDJAN",
        "ADM3_PCODE": "CI010101",
        "ADM4_FR": "COCODY",
        "ADM4_PCODE": "C1672",
        "centerLat": 5.373,
        "centerLng": -3.96089,
        "pop": 447055,
        "Ted_MOOV": 0.77,
        "Tcd_MOOV": 97.14,
        "Tddu_MOOV": 10.94,
        "Tddd_MOOV": 28.02,
        "Dmd_MOOV": 13393.72,
        "Dmu_MOOV": 15443.42,
        "Ted_MTN": 0.0,
        "Tcd_MTN": 98.87,
        "Tddu_MTN": 0.0,
        "Tddd_MTN": 25.34,
        "Dmd_MTN": 27818.94,
        "Dmu_MTN": 26678.84,
        "Ted_ORANGE": 0.0,
        "Tcd_ORANGE": 100.0,
        "Tddu_ORANGE": 0.0,
        "Tddd_ORANGE": 25.0,
        "Dmd_ORANGE": 35293.61,
        "Dmu_ORANGE": 5021.03,
        "rang_Ted_ORANGE": 1,
        "rang_Ted_MTN": 1,
        "rang_Ted_MOOV": 3,
        "rang_Tcd_ORANGE": 1,
        "rang_Tcd_MTN": 2,
        "rang_Tcd_MOOV": 3,
        "rang_Tddd_ORANGE": 1,
        "rang_Tddd_MTN": 2,
        "rang_Tddd_MOOV": 3,
        "rang_Tddu_ORANGE": 1,
        "rang_Tddu_MTN": 1,
        "rang_Tddu_MOOV": 3,
        "rang_Dmd_ORANGE": 3,
        "rang_Dmd_MTN": 2,
        "rang_Dmd_MOOV": 1,
        "rang_Dmu_ORANGE": 1,
        "rang_Dmu_MTN": 3,
        "rang_Dmu_MOOV": 2
      },
      "id": 6
    },
    {
      "type": "Feature",
      "geometry": {
        "coordinates": [
          -3.7168900000000002,
          5.18266
        ],
        "type": "Point"
      },
      "properties": {
        "ADM0_FR": "COMOE",
        "ADM0_PCODE": "CI02",
        "ADM1_FR": "SUD-COMOE",
        "ADM1_PCODE": "CI130",
        "ADM2_FR": "GRAND-BASSAM",
        "ADM2_PCODE": "CI3003",
        "ADM3_FR": "GRAND-BASSAM",
        "ADM3_PCODE": "CI300303",
        "ADM4_FR": "GRAND-BASSAM",
        "ADM4_PCODE": "C3367",
        "centerLat": 5.19266,
        "centerLng": -3.72689,
        "pop": 74671,
        "Ted_MOOV": 0.0,
        "Tcd_MOOV": 97.08,
        "Tddu_MOOV": 1.25,
        "Tddd_MOOV": 26.25,
        "Dmd_MOOV": 9084.5,
        "Dmu_MOOV": 21454.68,
        "Ted_MTN": 1.03,
        "Tcd_MTN": 98.96000000000001,
        "Tddu_MTN": 2.06,
        "Tddd_MTN": 23.56,
        "Dmd_MTN": 23203.74,
        "Dmu_MTN": 24086.76,
        "Ted_ORANGE": 0.33999999999999997,
        "Tcd_ORANGE": 99.32,
        "Tddu_ORANGE": 0.0,
        "Tddd_ORANGE": 26.3,
        "Dmd_ORANGE": 27689.19,
        "Dmu_ORANGE": 4718.48,
        "rang_Ted_ORANGE": 2,
        "rang_Ted_MTN": 3,
        "rang_Ted_MOOV": 1,
        "rang_Tcd_ORANGE": 1,
        "rang_Tcd_MTN": 2,
        "rang_Tcd_MOOV": 3,
        "rang_Tddd_ORANGE": 3,
        "rang_Tddd_MTN": 1,
        "rang_Tddd_MOOV": 2,
        "rang_Tddu_ORANGE": 1,
        "rang_Tddu_MTN": 3,
        "rang_Tddu_MOOV": 2,
        "rang_Dmd_ORANGE": 3,
        "rang_Dmd_MTN": 2,
        "rang_Dmd_MOOV": 1,
        "rang_Dmu_ORANGE": 1,
        "rang_Dmu_MTN": 3,
        "rang_Dmu_MOOV": 2
      },
      "id": 7
    },
    {
      "type": "Feature",
      "geometry": {
        "coordinates": [
          -3.9383600000000003,
          5.29249
        ],
        "type": "Point"
      },
      "properties": {
        "ADM0_FR": "DISTRICT AUTONOME D'ABIDJAN",
        "ADM0_PCODE": "CI04",
        "ADM1_FR": "DISTRICT AUTONOME D'ABIDJAN",
        "ADM1_PCODE": "CI101",
        "ADM2_FR": "ABIDJAN",
        "ADM2_PCODE": "CI0101",
        "ADM3_FR": "ABIDJAN",
        "ADM3_PCODE": "CI010101",
        "ADM4_FR": "KOUMASSI",
        "ADM4_PCODE": "C4694",
        "centerLat": 5.30249,
        "centerLng": -3.94836,
        "pop": 433139,
        "Ted_MOOV": 9.41,
        "Tcd_MOOV": 96.1,
        "Tddu_MOOV": 0.0,
        "Tddd_MOOV": 38.56,
        "Dmd_MOOV": 9903.46,
        "Dmu_MOOV": 18763.1,
        "Ted_MTN": 1.0,
        "Tcd_MTN": 98.99,
        "Tddu_MTN": 0.0,
        "Tddd_MTN": 27.41,
        "Dmd_MTN": 25260.44,
        "Dmu_MTN": 26524.68,
        "Ted_ORANGE": 0.0,
        "Tcd_ORANGE": 99.67,
        "Tddu_ORANGE": 0.0,
        "Tddd_ORANGE": 25.3,
        "Dmd_ORANGE": 27890.76,
        "Dmu_ORANGE": 5067.15,
        "rang_Ted_ORANGE": 1,
        "rang_Ted_MTN": 2,
        "rang_Ted_MOOV": 3,
        "rang_Tcd_ORANGE": 1,
        "rang_Tcd_MTN": 2,
        "rang_Tcd_MOOV": 3,
        "rang_Tddd_ORANGE": 1,
        "rang_Tddd_MTN": 2,
        "rang_Tddd_MOOV": 3,
        "rang_Tddu_ORANGE": 1,
        "rang_Tddu_MTN": 1,
        "rang_Tddu_MOOV": 1,
        "rang_Dmd_ORANGE": 3,
        "rang_Dmd_MTN": 2,
        "rang_Dmd_MOOV": 1,
        "rang_Dmu_ORANGE": 1,
        "rang_Dmu_MTN": 3,
        "rang_Dmu_MOOV": 2
      },
      "id": 8
    },
    {
      "type": "Feature",
      "geometry": {
        "coordinates": [
          -3.97251,
          5.28932
        ],
        "type": "Point"
      },
      "properties": {
        "ADM0_FR": "DISTRICT AUTONOME D'ABIDJAN",
        "ADM0_PCODE": "CI04",
        "ADM1_FR": "DISTRICT AUTONOME D'ABIDJAN",
        "ADM1_PCODE": "CI101",
        "ADM2_FR": "ABIDJAN",
        "ADM2_PCODE": "CI0101",
        "ADM3_FR": "ABIDJAN",
        "ADM3_PCODE": "CI010101",
        "ADM4_FR": "MARCORY",
        "ADM4_PCODE": "C5375",
        "centerLat": 5.29932,
        "centerLng": -3.98251,
        "pop": 249858,
        "Ted_MOOV": 0.36,
        "Tcd_MOOV": 95.0,
        "Tddu_MOOV": 6.7299999999999995,
        "Tddd_MOOV": 36.36,
        "Dmd_MOOV": 11499.96,
        "Dmu_MOOV": 24178.52,
        "Ted_MTN": 0.64,
        "Tcd_MTN": 96.78999999999999,
        "Tddu_MTN": 0.86,
        "Tddd_MTN": 37.76,
        "Dmd_MTN": 24375.79,
        "Dmu_MTN": 25375.39,
        "Ted_ORANGE": 0.0,
        "Tcd_ORANGE": 99.67,
        "Tddu_ORANGE": 0.0,
        "Tddd_ORANGE": 28.999999999999996,
        "Dmd_ORANGE": 21530.63,
        "Dmu_ORANGE": 4751.46,
        "rang_Ted_ORANGE": 1,
        "rang_Ted_MTN": 3,
        "rang_Ted_MOOV": 2,
        "rang_Tcd_ORANGE": 1,
        "rang_Tcd_MTN": 2,
        "rang_Tcd_MOOV": 3,
        "rang_Tddd_ORANGE": 1,
        "rang_Tddd_MTN": 3,
        "rang_Tddd_MOOV": 2,
        "rang_Tddu_ORANGE": 1,
        "rang_Tddu_MTN": 2,
        "rang_Tddu_MOOV": 3,
        "rang_Dmd_ORANGE": 2,
        "rang_Dmd_MTN": 3,
        "rang_Dmd_MOOV": 1,
        "rang_Dmu_ORANGE": 1,
        "rang_Dmu_MTN": 3,
        "rang_Dmu_MOOV": 2
      },
      "id": 9
    },
    {
      "type": "Feature",
      "geometry": {
        "coordinates": [
          -4.01164,
          5.31517
        ],
        "type": "Point"
      },
      "properties": {
        "ADM0_FR": "DISTRICT AUTONOME D'ABIDJAN",
        "ADM0_PCODE": "CI04",
        "ADM1_FR": "DISTRICT AUTONOME D'ABIDJAN",
        "ADM1_PCODE": "CI101",
        "ADM2_FR": "ABIDJAN",
        "ADM2_PCODE": "CI0101",
        "ADM3_FR": "ABIDJAN",
        "ADM3_PCODE": "CI010101",
        "ADM4_FR": "PLATEAU",
        "ADM4_PCODE": "C6556",
        "centerLat": 5.32517,
        "centerLng": -4.02164,
        "pop": 7488,
        "Ted_MOOV": 4.109999999999999,
        "Tcd_MOOV": 94.8,
        "Tddu_MOOV": 29.13,
        "Tddd_MOOV": 28.13,
        "Dmd_MOOV": 16754.31,
        "Dmu_MOOV": 19453.76,
        "Ted_MTN": 2.42,
        "Tcd_MTN": 96.89,
        "Tddu_MTN": 23.080000000000002,
        "Tddd_MTN": 32.11,
        "Dmd_MTN": 25128.65,
        "Dmu_MTN": 22581.86,
        "Ted_ORANGE": 4.12,
        "Tcd_ORANGE": 99.42999999999999,
        "Tddu_ORANGE": 23.9,
        "Tddd_ORANGE": 25.0,
        "Dmd_ORANGE": 38565.47,
        "Dmu_ORANGE": 3825.22,
        "rang_Ted_ORANGE": 3,
        "rang_Ted_MTN": 1,
        "rang_Ted_MOOV": 2,
        "rang_Tcd_ORANGE": 1,
        "rang_Tcd_MTN": 2,
        "rang_Tcd_MOOV": 3,
        "rang_Tddd_ORANGE": 1,
        "rang_Tddd_MTN": 3,
        "rang_Tddd_MOOV": 2,
        "rang_Tddu_ORANGE": 2,
        "rang_Tddu_MTN": 1,
        "rang_Tddu_MOOV": 3,
        "rang_Dmd_ORANGE": 3,
        "rang_Dmd_MTN": 2,
        "rang_Dmd_MOOV": 1,
        "rang_Dmu_ORANGE": 1,
        "rang_Dmu_MTN": 3,
        "rang_Dmu_MOOV": 2
      },
      "id": 10
    },
    {
      "type": "Feature",
      "geometry": {
        "coordinates": [
          -3.9486260000000004,
          5.246881
        ],
        "type": "Point"
      },
      "properties": {
        "ADM0_FR": "DISTRICT AUTONOME D'ABIDJAN",
        "ADM0_PCODE": "CI04",
        "ADM1_FR": "DISTRICT AUTONOME D'ABIDJAN",
        "ADM1_PCODE": "CI101",
        "ADM2_FR": "ABIDJAN",
        "ADM2_PCODE": "CI0101",
        "ADM3_FR": "ABIDJAN",
        "ADM3_PCODE": "CI010101",
        "ADM4_FR": "PORT-BOUET",
        "ADM4_PCODE": "C6619",
        "centerLat": 5.256881,
        "centerLng": -3.958626,
        "pop": 419033,
        "Ted_MOOV": "null",
        "Tcd_MOOV": "null",
        "Tddu_MOOV": "null",
        "Tddd_MOOV": "null",
        "Dmd_MOOV": "null",
        "Dmu_MOOV": "null",
        "Ted_MTN": 4.8500000000000005,
        "Tcd_MTN": 96.08,
        "Tddu_MTN": 23.810000000000002,
        "Tddd_MTN": 28.07,
        "Dmd_MTN": 24044.58,
        "Dmu_MTN": 16605.07,
        "Ted_ORANGE": 3.11,
        "Tcd_ORANGE": 98.21,
        "Tddu_ORANGE": 22.7,
        "Tddd_ORANGE": 29.2,
        "Dmd_ORANGE": 26895.22,
        "Dmu_ORANGE": 3905.26,
        "rang_Ted_ORANGE": 1,
        "rang_Ted_MTN": 2,
        "rang_Ted_MOOV": "null",
        "rang_Tcd_ORANGE": 1,
        "rang_Tcd_MTN": 2,
        "rang_Tcd_MOOV": "null",
        "rang_Tddd_ORANGE": 2,
        "rang_Tddd_MTN": 1,
        "rang_Tddd_MOOV": "null",
        "rang_Tddu_ORANGE": 1,
        "rang_Tddu_MTN": 2,
        "rang_Tddu_MOOV": "null",
        "rang_Dmd_ORANGE": 2,
        "rang_Dmd_MTN": 1,
        "rang_Dmd_MOOV": "null",
        "rang_Dmu_ORANGE": 1,
        "rang_Dmu_MTN": 2,
        "rang_Dmu_MOOV": "null"
      },
      "id": 11
    },
    {
      "type": "Feature",
      "geometry": {
        "coordinates": [
          -4.25,
          5.3100000000000005
        ],
        "type": "Point"
      },
      "properties": {
        "ADM0_FR": "DISTRICT AUTONOME D'ABIDJAN",
        "ADM0_PCODE": "CI04",
        "ADM1_FR": "DISTRICT AUTONOME D'ABIDJAN",
        "ADM1_PCODE": "CI101",
        "ADM2_FR": "ABIDJAN",
        "ADM2_PCODE": "CI0101",
        "ADM3_FR": "SONGON",
        "ADM3_PCODE": "CI010105",
        "ADM4_FR": "SONGON-AGBAN",
        "ADM4_PCODE": "C7199",
        "centerLat": 5.32,
        "centerLng": -4.26,
        "pop": 11554,
        "Ted_MOOV": 1.7500000000000002,
        "Tcd_MOOV": 0.0,
        "Tddu_MOOV": 100.0,
        "Tddd_MOOV": 30.0,
        "Dmd_MOOV": 0.0,
        "Dmu_MOOV": 0.0,
        "Ted_MTN": 3.63,
        "Tcd_MTN": 82.26,
        "Tddu_MTN": 15.870000000000001,
        "Tddd_MTN": 49.59,
        "Dmd_MTN": 1450.43,
        "Dmu_MTN": 12445.25,
        "Ted_ORANGE": 0.0,
        "Tcd_ORANGE": 99.11999999999999,
        "Tddu_ORANGE": 5.3,
        "Tddd_ORANGE": 40.8,
        "Dmd_ORANGE": 21431.7,
        "Dmu_ORANGE": 6213.03,
        "rang_Ted_ORANGE": 1,
        "rang_Ted_MTN": 3,
        "rang_Ted_MOOV": 2,
        "rang_Tcd_ORANGE": 1,
        "rang_Tcd_MTN": 2,
        "rang_Tcd_MOOV": 3,
        "rang_Tddd_ORANGE": 2,
        "rang_Tddd_MTN": 3,
        "rang_Tddd_MOOV": 1,
        "rang_Tddu_ORANGE": 1,
        "rang_Tddu_MTN": 2,
        "rang_Tddu_MOOV": 3,
        "rang_Dmd_ORANGE": 3,
        "rang_Dmd_MTN": 2,
        "rang_Dmd_MOOV": 1,
        "rang_Dmu_ORANGE": 2,
        "rang_Dmu_MTN": 3,
        "rang_Dmu_MOOV": 1
      },
      "id": 12
    },
    {
      "type": "Feature",
      "geometry": {
        "coordinates": [
          -4.00044,
          5.2809800000000005
        ],
        "type": "Point"
      },
      "properties": {
        "ADM0_FR": "DISTRICT AUTONOME D'ABIDJAN",
        "ADM0_PCODE": "CI04",
        "ADM1_FR": "DISTRICT AUTONOME D'ABIDJAN",
        "ADM1_PCODE": "CI101",
        "ADM2_FR": "ABIDJAN",
        "ADM2_PCODE": "CI0101",
        "ADM3_FR": "ABIDJAN",
        "ADM3_PCODE": "CI010101",
        "ADM4_FR": "TREICHVILLE",
        "ADM4_PCODE": "C7913",
        "centerLat": 5.29098,
        "centerLng": -4.01044,
        "pop": 102580,
        "Ted_MOOV": 1.27,
        "Tcd_MOOV": 0.0,
        "Tddu_MOOV": 100.0,
        "Tddd_MOOV": 30.0,
        "Dmd_MOOV": 0.0,
        "Dmu_MOOV": 0.0,
        "Ted_MTN": 0.35000000000000003,
        "Tcd_MTN": 99.65,
        "Tddu_MTN": 0.0,
        "Tddd_MTN": 25.52,
        "Dmd_MTN": 22401.45,
        "Dmu_MTN": 23942.96,
        "Ted_ORANGE": 0.0,
        "Tcd_ORANGE": 100.0,
        "Tddu_ORANGE": 0.0,
        "Tddd_ORANGE": 24.099999999999998,
        "Dmd_ORANGE": 21922.27,
        "Dmu_ORANGE": 4845.39,
        "rang_Ted_ORANGE": 1,
        "rang_Ted_MTN": 2,
        "rang_Ted_MOOV": 3,
        "rang_Tcd_ORANGE": 1,
        "rang_Tcd_MTN": 2,
        "rang_Tcd_MOOV": 3,
        "rang_Tddd_ORANGE": 1,
        "rang_Tddd_MTN": 2,
        "rang_Tddd_MOOV": 3,
        "rang_Tddu_ORANGE": 1,
        "rang_Tddu_MTN": 1,
        "rang_Tddu_MOOV": 3,
        "rang_Dmd_ORANGE": 2,
        "rang_Dmd_MTN": 3,
        "rang_Dmd_MOOV": 1,
        "rang_Dmu_ORANGE": 2,
        "rang_Dmu_MTN": 3,
        "rang_Dmu_MOOV": 1
      },
      "id": 13
    },
    {
      "type": "Feature",
      "geometry": {
        "coordinates": [
          -4.080150000000001,
          5.2984800000000005
        ],
        "type": "Point"
      },
      "properties": {
        "ADM0_FR": "DISTRICT AUTONOME D'ABIDJAN",
        "ADM0_PCODE": "CI04",
        "ADM1_FR": "DISTRICT AUTONOME D'ABIDJAN",
        "ADM1_PCODE": "CI101",
        "ADM2_FR": "ABIDJAN",
        "ADM2_PCODE": "CI0101",
        "ADM3_FR": "ABIDJAN",
        "ADM3_PCODE": "CI010101",
        "ADM4_FR": "YOPOUGON",
        "ADM4_PCODE": "C8230",
        "centerLat": 5.30848,
        "centerLng": -4.09015,
        "pop": 1071543,
        "Ted_MOOV": 3.39,
        "Tcd_MOOV": 0.0,
        "Tddu_MOOV": 100.0,
        "Tddd_MOOV": 30.0,
        "Dmd_MOOV": 0.0,
        "Dmu_MOOV": 0.0,
        "Ted_MTN": 0.0,
        "Tcd_MTN": 96.89,
        "Tddu_MTN": 0.0,
        "Tddd_MTN": 29.099999999999998,
        "Dmd_MTN": 21162.74,
        "Dmu_MTN": 28574.61,
        "Ted_ORANGE": 3.06,
        "Tcd_ORANGE": 100.0,
        "Tddu_ORANGE": 0.0,
        "Tddd_ORANGE": 29.7,
        "Dmd_ORANGE": 22956.66,
        "Dmu_ORANGE": 18689.9,
        "rang_Ted_ORANGE": 2,
        "rang_Ted_MTN": 1,
        "rang_Ted_MOOV": 3,
        "rang_Tcd_ORANGE": 1,
        "rang_Tcd_MTN": 2,
        "rang_Tcd_MOOV": 3,
        "rang_Tddd_ORANGE": 2,
        "rang_Tddd_MTN": 1,
        "rang_Tddd_MOOV": 3,
        "rang_Tddu_ORANGE": 1,
        "rang_Tddu_MTN": 1,
        "rang_Tddu_MOOV": 3,
        "rang_Dmd_ORANGE": 3,
        "rang_Dmd_MTN": 2,
        "rang_Dmd_MOOV": 1,
        "rang_Dmu_ORANGE": 2,
        "rang_Dmu_MTN": 3,
        "rang_Dmu_MOOV": 1
      },
      "id": 14
    },
    {
      "type": "Feature",
      "geometry": {
        "coordinates": [
          -3.4867600000000003,
          6.7183600000000006
        ],
        "type": "Point"
      },
      "properties": {
        "ADM0_FR": "COMOE",
        "ADM0_PCODE": "CI02",
        "ADM1_FR": "INDENIE-DJUABLIN",
        "ADM1_PCODE": "CI120",
        "ADM2_FR": "ABENGOUROU",
        "ADM2_PCODE": "CI2001",
        "ADM3_FR": "ABENGOUROU",
        "ADM3_PCODE": "CI200101",
        "ADM4_FR": "ABENGOUROU",
        "ADM4_PCODE": "C0014",
        "centerLat": 6.72836,
        "centerLng": -3.49676,
        "pop": 100910,
        "Ted_MOOV": 16.48,
        "Tcd_MOOV": 0.0,
        "Tddu_MOOV": 100.0,
        "Tddd_MOOV": 30.0,
        "Dmd_MOOV": 0.0,
        "Dmu_MOOV": 0.0,
        "Ted_MTN": 12.93,
        "Tcd_MTN": 96.07,
        "Tddu_MTN": 21.82,
        "Tddd_MTN": 25.290000000000003,
        "Dmd_MTN": 25673.42,
        "Dmu_MTN": 12786.73,
        "Ted_ORANGE": 15.47,
        "Tcd_ORANGE": 99.57000000000001,
        "Tddu_ORANGE": 13.0,
        "Tddd_ORANGE": 26.5,
        "Dmd_ORANGE": 30151.51,
        "Dmu_ORANGE": 3949.98,
        "rang_Ted_ORANGE": 2,
        "rang_Ted_MTN": 1,
        "rang_Ted_MOOV": 3,
        "rang_Tcd_ORANGE": 1,
        "rang_Tcd_MTN": 2,
        "rang_Tcd_MOOV": 3,
        "rang_Tddd_ORANGE": 2,
        "rang_Tddd_MTN": 1,
        "rang_Tddd_MOOV": 3,
        "rang_Tddu_ORANGE": 1,
        "rang_Tddu_MTN": 2,
        "rang_Tddu_MOOV": 3,
        "rang_Dmd_ORANGE": 3,
        "rang_Dmd_MTN": 2,
        "rang_Dmd_MOOV": 1,
        "rang_Dmu_ORANGE": 2,
        "rang_Dmu_MTN": 3,
        "rang_Dmu_MOOV": 1
      },
      "id": 15
    },
    {
      "type": "Feature",
      "geometry": {
        "coordinates": [
          -3.1967700000000003,
          5.46457
        ],
        "type": "Point"
      },
      "properties": {
        "ADM0_FR": "COMOE",
        "ADM0_PCODE": "CI02",
        "ADM1_FR": "SUD-COMOE",
        "ADM1_PCODE": "CI130",
        "ADM2_FR": "ABOISSO",
        "ADM2_PCODE": "CI3001",
        "ADM3_FR": "ABOISSO",
        "ADM3_PCODE": "CI300101",
        "ADM4_FR": "ABOISSO",
        "ADM4_PCODE": "C0033",
        "centerLat": 5.47457,
        "centerLng": -3.20677,
        "pop": 45688,
        "Ted_MOOV": 4.62,
        "Tcd_MOOV": 0.0,
        "Tddu_MOOV": 100.0,
        "Tddd_MOOV": 30.0,
        "Dmd_MOOV": 0.0,
        "Dmu_MOOV": 0.0,
        "Ted_MTN": 1.31,
        "Tcd_MTN": 100.0,
        "Tddu_MTN": 29.59,
        "Tddd_MTN": 24.51,
        "Dmd_MTN": 19356.77,
        "Dmu_MTN": 10834.66,
        "Ted_ORANGE": 1.02,
        "Tcd_ORANGE": 99.66000000000001,
        "Tddu_ORANGE": 31.3,
        "Tddd_ORANGE": 24.2,
        "Dmd_ORANGE": 23528.29,
        "Dmu_ORANGE": 3207.97,
        "rang_Ted_ORANGE": 1,
        "rang_Ted_MTN": 2,
        "rang_Ted_MOOV": 3,
        "rang_Tcd_ORANGE": 2,
        "rang_Tcd_MTN": 1,
        "rang_Tcd_MOOV": 3,
        "rang_Tddd_ORANGE": 1,
        "rang_Tddd_MTN": 2,
        "rang_Tddd_MOOV": 3,
        "rang_Tddu_ORANGE": 2,
        "rang_Tddu_MTN": 1,
        "rang_Tddu_MOOV": 3,
        "rang_Dmd_ORANGE": 3,
        "rang_Dmd_MTN": 2,
        "rang_Dmd_MOOV": 1,
        "rang_Dmu_ORANGE": 2,
        "rang_Dmu_MTN": 3,
        "rang_Dmu_MOOV": 1
      },
      "id": 16
    },
    {
      "type": "Feature",
      "geometry": {
        "coordinates": [
          -3.1927800000000004,
          7.119870000000001
        ],
        "type": "Point"
      },
      "properties": {
        "ADM0_FR": "COMOE",
        "ADM0_PCODE": "CI02",
        "ADM1_FR": "INDENIE-DJUABLIN",
        "ADM1_PCODE": "CI120",
        "ADM2_FR": "AGNIBILEKROU",
        "ADM2_PCODE": "CI2002",
        "ADM3_FR": "AGNIBILEKROU",
        "ADM3_PCODE": "CI200201",
        "ADM4_FR": "AGNIBILEKROU",
        "ADM4_PCODE": "C0224",
        "centerLat": 7.12987,
        "centerLng": -3.20278,
        "pop": 48611,
        "Ted_MOOV": 14.510000000000002,
        "Tcd_MOOV": 0.0,
        "Tddu_MOOV": 100.0,
        "Tddd_MOOV": 30.0,
        "Dmd_MOOV": 0.0,
        "Dmu_MOOV": 0.0,
        "Ted_MTN": 16.02,
        "Tcd_MTN": 94.08,
        "Tddu_MTN": 6.25,
        "Tddd_MTN": 23.330000000000002,
        "Dmd_MTN": 10252.7,
        "Dmu_MTN": 16006.56,
        "Ted_ORANGE": 16.99,
        "Tcd_ORANGE": 98.83,
        "Tddu_ORANGE": 2.9000000000000004,
        "Tddd_ORANGE": 25.0,
        "Dmd_ORANGE": 32673.65,
        "Dmu_ORANGE": 4198.46,
        "rang_Ted_ORANGE": 3,
        "rang_Ted_MTN": 2,
        "rang_Ted_MOOV": 1,
        "rang_Tcd_ORANGE": 1,
        "rang_Tcd_MTN": 2,
        "rang_Tcd_MOOV": 3,
        "rang_Tddd_ORANGE": 2,
        "rang_Tddd_MTN": 1,
        "rang_Tddd_MOOV": 3,
        "rang_Tddu_ORANGE": 1,
        "rang_Tddu_MTN": 2,
        "rang_Tddu_MOOV": 3,
        "rang_Dmd_ORANGE": 3,
        "rang_Dmd_MTN": 2,
        "rang_Dmd_MOOV": 1,
        "rang_Dmu_ORANGE": 2,
        "rang_Dmu_MTN": 3,
        "rang_Dmu_MOOV": 1
      },
      "id": 17
    },
    {
      "type": "Feature",
      "geometry": {
        "coordinates": [
          -3.87779,
          6.37525
        ],
        "type": "Point"
      },
      "properties": {
        "ADM0_FR": "LAGUNES",
        "ADM0_PCODE": "CI08",
        "ADM1_FR": "LA ME",
        "ADM1_PCODE": "CI124",
        "ADM2_FR": "AKOUPE",
        "ADM2_PCODE": "CI2402",
        "ADM3_FR": "AKOUPE",
        "ADM3_PCODE": "CI240202",
        "ADM4_FR": "AKOUPE",
        "ADM4_PCODE": "C0363",
        "centerLat": 6.38525,
        "centerLng": -3.88779,
        "pop": 26668,
        "Ted_MOOV": 17.65,
        "Tcd_MOOV": 0.0,
        "Tddu_MOOV": 100.0,
        "Tddd_MOOV": 30.0,
        "Dmd_MOOV": 0.0,
        "Dmu_MOOV": 0.0,
        "Ted_MTN": 21.64,
        "Tcd_MTN": 77.14,
        "Tddu_MTN": 30.43,
        "Tddd_MTN": 26.83,
        "Dmd_MTN": 3301.76,
        "Dmu_MTN": 3091.07,
        "Ted_ORANGE": 17.47,
        "Tcd_ORANGE": 98.54,
        "Tddu_ORANGE": 7.3999999999999995,
        "Tddd_ORANGE": 24.5,
        "Dmd_ORANGE": 30705.81,
        "Dmu_ORANGE": 4301.53,
        "rang_Ted_ORANGE": 1,
        "rang_Ted_MTN": 3,
        "rang_Ted_MOOV": 2,
        "rang_Tcd_ORANGE": 1,
        "rang_Tcd_MTN": 2,
        "rang_Tcd_MOOV": 3,
        "rang_Tddd_ORANGE": 1,
        "rang_Tddd_MTN": 2,
        "rang_Tddd_MOOV": 3,
        "rang_Tddu_ORANGE": 1,
        "rang_Tddu_MTN": 2,
        "rang_Tddu_MOOV": 3,
        "rang_Dmd_ORANGE": 3,
        "rang_Dmd_MTN": 2,
        "rang_Dmd_MOOV": 1,
        "rang_Dmu_ORANGE": 3,
        "rang_Dmu_MTN": 2,
        "rang_Dmu_MOOV": 1
      },
      "id": 18
    },
    {
      "type": "Feature",
      "geometry": {
        "coordinates": [
          -4.34551,
          5.19822
        ],
        "type": "Point"
      },
      "properties": {
        "ADM0_FR": "LAGUNES",
        "ADM0_PCODE": "CI08",
        "ADM1_FR": "GRANDS-PONTS",
        "ADM1_PCODE": "CI115",
        "ADM2_FR": "JACQUEVILLE",
        "ADM2_PCODE": "CI1503",
        "ADM3_FR": "JACQUEVILLE",
        "ADM3_PCODE": "CI150301",
        "ADM4_FR": "AKROU",
        "ADM4_PCODE": "C0392",
        "centerLat": 5.20822,
        "centerLng": -4.35551,
        "pop": 1289,
        "Ted_MOOV": "null",
        "Tcd_MOOV": "null",
        "Tddu_MOOV": "null",
        "Tddd_MOOV": "null",
        "Dmd_MOOV": "null",
        "Dmu_MOOV": "null",
        "Ted_MTN": 0.0,
        "Tcd_MTN": 100.0,
        "Tddu_MTN": 0.0,
        "Tddd_MTN": 25.22,
        "Dmd_MTN": 22857.43,
        "Dmu_MTN": 19027.91,
        "Ted_ORANGE": 0.0,
        "Tcd_ORANGE": 100.0,
        "Tddu_ORANGE": 0.0,
        "Tddd_ORANGE": 25.5,
        "Dmd_ORANGE": 13408.84,
        "Dmu_ORANGE": 5079.72,
        "rang_Ted_ORANGE": 1,
        "rang_Ted_MTN": 1,
        "rang_Ted_MOOV": "null",
        "rang_Tcd_ORANGE": 1,
        "rang_Tcd_MTN": 1,
        "rang_Tcd_MOOV": "null",
        "rang_Tddd_ORANGE": 2,
        "rang_Tddd_MTN": 1,
        "rang_Tddd_MOOV": "null",
        "rang_Tddu_ORANGE": 1,
        "rang_Tddu_MTN": 1,
        "rang_Tddu_MOOV": "null",
        "rang_Dmd_ORANGE": 1,
        "rang_Dmd_MTN": 2,
        "rang_Dmd_MOOV": "null",
        "rang_Dmu_ORANGE": 1,
        "rang_Dmu_MTN": 2,
        "rang_Dmu_MOOV": "null"
      },
      "id": 19
    },
    {
      "type": "Feature",
      "geometry": {
        "coordinates": [
          -3.2799600000000004,
          5.12392
        ],
        "type": "Point"
      },
      "properties": {
        "ADM0_FR": "COMOE",
        "ADM0_PCODE": "CI02",
        "ADM1_FR": "SUD-COMOE",
        "ADM1_PCODE": "CI130",
        "ADM2_FR": "ADIAKE",
        "ADM2_PCODE": "CI3002",
        "ADM3_FR": "ASSINIE-MAFIA",
        "ADM3_PCODE": "CI300202",
        "ADM4_FR": "ASSINIE-MAFIA",
        "ADM4_PCODE": "C0685",
        "centerLat": 5.13392,
        "centerLng": -3.28996,
        "pop": 5661,
        "Ted_MOOV": 100.0,
        "Tcd_MOOV": 0.0,
        "Tddu_MOOV": 100.0,
        "Tddd_MOOV": 30.0,
        "Dmd_MOOV": 0.0,
        "Dmu_MOOV": 0.0,
        "Ted_MTN": 0.42,
        "Tcd_MTN": 93.62,
        "Tddu_MTN": 6.25,
        "Tddd_MTN": 25.16,
        "Dmd_MTN": 38794.52,
        "Dmu_MTN": 16603.99,
        "Ted_ORANGE": 0.0,
        "Tcd_ORANGE": 99.55000000000001,
        "Tddu_ORANGE": 0.0,
        "Tddd_ORANGE": 25.3,
        "Dmd_ORANGE": 32944.78,
        "Dmu_ORANGE": 4624.02,
        "rang_Ted_ORANGE": 1,
        "rang_Ted_MTN": 2,
        "rang_Ted_MOOV": 3,
        "rang_Tcd_ORANGE": 1,
        "rang_Tcd_MTN": 2,
        "rang_Tcd_MOOV": 3,
        "rang_Tddd_ORANGE": 2,
        "rang_Tddd_MTN": 1,
        "rang_Tddd_MOOV": 3,
        "rang_Tddu_ORANGE": 1,
        "rang_Tddu_MTN": 2,
        "rang_Tddu_MOOV": 3,
        "rang_Dmd_ORANGE": 2,
        "rang_Dmd_MTN": 3,
        "rang_Dmd_MOOV": 1,
        "rang_Dmu_ORANGE": 2,
        "rang_Dmu_MTN": 3,
        "rang_Dmu_MOOV": 1
      },
      "id": 20
    },
    {
      "type": "Feature",
      "geometry": {
        "coordinates": [
          -2.96986,
          7.69073
        ],
        "type": "Point"
      },
      "properties": {
        "ADM0_FR": "ZANZAN",
        "ADM0_PCODE": "CI14",
        "ADM1_FR": "GONTOUGO",
        "ADM1_PCODE": "CI114",
        "ADM2_FR": "TRANSUA",
        "ADM2_PCODE": "CI1405",
        "ADM3_FR": "ASSUEFRY",
        "ADM3_PCODE": "CI140502",
        "ADM4_FR": "ASSUÉFRY",
        "ADM4_PCODE": "C0722",
        "centerLat": 7.70073,
        "centerLng": -2.97986,
        "pop": 9759,
        "Ted_MOOV": 100.0,
        "Tcd_MOOV": 0.0,
        "Tddu_MOOV": 100.0,
        "Tddd_MOOV": 30.0,
        "Dmd_MOOV": 0.0,
        "Dmu_MOOV": 0.0,
        "Ted_MTN": 17.78,
        "Tcd_MTN": 84.68,
        "Tddu_MTN": 37.5,
        "Tddd_MTN": 25.290000000000003,
        "Dmd_MTN": 11858.66,
        "Dmu_MTN": 4406.93,
        "Ted_ORANGE": 16.54,
        "Tcd_ORANGE": 99.1,
        "Tddu_ORANGE": 4.3,
        "Tddd_ORANGE": 25.0,
        "Dmd_ORANGE": 4645.81,
        "Dmu_ORANGE": 3996.34,
        "rang_Ted_ORANGE": 1,
        "rang_Ted_MTN": 2,
        "rang_Ted_MOOV": 3,
        "rang_Tcd_ORANGE": 1,
        "rang_Tcd_MTN": 2,
        "rang_Tcd_MOOV": 3,
        "rang_Tddd_ORANGE": 1,
        "rang_Tddd_MTN": 2,
        "rang_Tddd_MOOV": 3,
        "rang_Tddu_ORANGE": 1,
        "rang_Tddu_MTN": 2,
        "rang_Tddu_MOOV": 3,
        "rang_Dmd_ORANGE": 2,
        "rang_Dmd_MTN": 3,
        "rang_Dmd_MOOV": 1,
        "rang_Dmu_ORANGE": 2,
        "rang_Dmu_MTN": 3,
        "rang_Dmu_MOOV": 1
      },
      "id": 21
    },
    {
      "type": "Feature",
      "geometry": {
        "coordinates": [
          -6.668200000000001,
          7.83939
        ],
        "type": "Point"
      },
      "properties": {
        "ADM0_FR": "WOROBA",
        "ADM0_PCODE": "CI13",
        "ADM1_FR": "WORODOUGOU",
        "ADM1_PCODE": "CI133",
        "ADM2_FR": "SEGUELA",
        "ADM2_PCODE": "CI3302",
        "ADM3_FR": "SEGUELA",
        "ADM3_PCODE": "CI330201",
        "ADM4_FR": "BANANDJÉ",
        "ADM4_PCODE": "C0913",
        "centerLat": 7.84939,
        "centerLng": -6.6782,
        "pop": 363,
        "Ted_MOOV": "null",
        "Tcd_MOOV": "null",
        "Tddu_MOOV": "null",
        "Tddd_MOOV": "null",
        "Dmd_MOOV": "null",
        "Dmu_MOOV": "null",
        "Ted_MTN": 19.28,
        "Tcd_MTN": 74.63,
        "Tddu_MTN": 0.0,
        "Tddd_MTN": 37.04,
        "Dmd_MTN": 1235.48,
        "Dmu_MTN": 2398.4,
        "Ted_ORANGE": 17.119999999999997,
        "Tcd_ORANGE": 99.17,
        "Tddu_ORANGE": 0.0,
        "Tddd_ORANGE": 24.0,
        "Dmd_ORANGE": 20031.41,
        "Dmu_ORANGE": 4864.53,
        "rang_Ted_ORANGE": 1,
        "rang_Ted_MTN": 2,
        "rang_Ted_MOOV": "null",
        "rang_Tcd_ORANGE": 1,
        "rang_Tcd_MTN": 2,
        "rang_Tcd_MOOV": "null",
        "rang_Tddd_ORANGE": 1,
        "rang_Tddd_MTN": 2,
        "rang_Tddd_MOOV": "null",
        "rang_Tddu_ORANGE": 1,
        "rang_Tddu_MTN": 1,
        "rang_Tddu_MOOV": "null",
        "rang_Dmd_ORANGE": 2,
        "rang_Dmd_MTN": 1,
        "rang_Dmd_MOOV": "null",
        "rang_Dmu_ORANGE": 2,
        "rang_Dmu_MTN": 1,
        "rang_Dmu_MOOV": "null"
      },
      "id": 22
    },
    {
      "type": "Feature",
      "geometry": {
        "coordinates": [
          -7.48,
          7.0
        ],
        "type": "Point"
      },
      "properties": {
        "ADM0_FR": "VALLEE DU BANDAMA",
        "ADM0_PCODE": "CI12",
        "ADM1_FR": "HAMBOL",
        "ADM1_PCODE": "CI117",
        "ADM2_FR": "DABAKALA",
        "ADM2_PCODE": "CI1701",
        "ADM3_FR": "TENDENE-BAMBARASSO",
        "ADM3_PCODE": "CI170109",
        "ADM4_FR": "BANGOLO",
        "ADM4_PCODE": "C0934",
        "centerLat": 7.01,
        "centerLng": -7.49,
        "pop": 900,
        "Ted_MOOV": 100.0,
        "Tcd_MOOV": 0.0,
        "Tddu_MOOV": 100.0,
        "Tddd_MOOV": 30.0,
        "Dmd_MOOV": 0.0,
        "Dmu_MOOV": 0.0,
        "Ted_MTN": 16.900000000000002,
        "Tcd_MTN": 96.61,
        "Tddu_MTN": 4.17,
        "Tddd_MTN": 25.53,
        "Dmd_MTN": 5420.09,
        "Dmu_MTN": 5625.34,
        "Ted_ORANGE": 15.290000000000001,
        "Tcd_ORANGE": 98.5,
        "Tddu_ORANGE": 0.0,
        "Tddd_ORANGE": 25.5,
        "Dmd_ORANGE": 17975.19,
        "Dmu_ORANGE": 2972.81,
        "rang_Ted_ORANGE": 1,
        "rang_Ted_MTN": 2,
        "rang_Ted_MOOV": 3,
        "rang_Tcd_ORANGE": 1,
        "rang_Tcd_MTN": 2,
        "rang_Tcd_MOOV": 3,
        "rang_Tddd_ORANGE": 1,
        "rang_Tddd_MTN": 2,
        "rang_Tddd_MOOV": 3,
        "rang_Tddu_ORANGE": 1,
        "rang_Tddu_MTN": 2,
        "rang_Tddu_MOOV": 3,
        "rang_Dmd_ORANGE": 3,
        "rang_Dmd_MTN": 2,
        "rang_Dmd_MOOV": 1,
        "rang_Dmu_ORANGE": 2,
        "rang_Dmu_MTN": 3,
        "rang_Dmu_MOOV": 1
      },
      "id": 23
    },
    {
      "type": "Feature",
      "geometry": {
        "coordinates": [
          -7.604830000000001,
          7.73078
        ],
        "type": "Point"
      },
      "properties": {
        "ADM0_FR": "MONTAGNES",
        "ADM0_PCODE": "CI09",
        "ADM1_FR": "TONKPI",
        "ADM1_PCODE": "CI132",
        "ADM2_FR": "BIANKOUMA",
        "ADM2_PCODE": "CI3201",
        "ADM3_FR": "BIANKOUMA",
        "ADM3_PCODE": "CI320101",
        "ADM4_FR": "BIANKOUMA",
        "ADM4_PCODE": "C1160",
        "centerLat": 7.74078,
        "centerLng": -7.61483,
        "pop": 17922,
        "Ted_MOOV": 100.0,
        "Tcd_MOOV": 0.0,
        "Tddu_MOOV": 100.0,
        "Tddd_MOOV": 30.0,
        "Dmd_MOOV": 0.0,
        "Dmu_MOOV": 0.0,
        "Ted_MTN": 20.419999999999998,
        "Tcd_MTN": 100.0,
        "Tddu_MTN": 8.7,
        "Tddd_MTN": 25.56,
        "Dmd_MTN": 7654.27,
        "Dmu_MTN": 8581.08,
        "Ted_ORANGE": 17.51,
        "Tcd_ORANGE": 100.0,
        "Tddu_ORANGE": 3.3000000000000003,
        "Tddd_ORANGE": 26.700000000000003,
        "Dmd_ORANGE": 33703.93,
        "Dmu_ORANGE": 4291.75,
        "rang_Ted_ORANGE": 1,
        "rang_Ted_MTN": 2,
        "rang_Ted_MOOV": 3,
        "rang_Tcd_ORANGE": 1,
        "rang_Tcd_MTN": 1,
        "rang_Tcd_MOOV": 3,
        "rang_Tddd_ORANGE": 2,
        "rang_Tddd_MTN": 1,
        "rang_Tddd_MOOV": 3,
        "rang_Tddu_ORANGE": 1,
        "rang_Tddu_MTN": 2,
        "rang_Tddu_MOOV": 3,
        "rang_Dmd_ORANGE": 3,
        "rang_Dmd_MTN": 2,
        "rang_Dmd_MOOV": 1,
        "rang_Dmu_ORANGE": 2,
        "rang_Dmu_MTN": 3,
        "rang_Dmu_MOOV": 1
      },
      "id": 24
    },
    {
      "type": "Feature",
      "geometry": {
        "coordinates": [
          -3.18114,
          6.001790000000001
        ],
        "type": "Point"
      },
      "properties": {
        "ADM0_FR": "COMOE",
        "ADM0_PCODE": "CI02",
        "ADM1_FR": "SUD-COMOE",
        "ADM1_PCODE": "CI130",
        "ADM2_FR": "ABOISSO",
        "ADM2_PCODE": "CI3001",
        "ADM3_FR": "BIANOUAN",
        "ADM3_PCODE": "CI300105",
        "ADM4_FR": "BIANOUAN",
        "ADM4_PCODE": "C1161",
        "centerLat": 6.01179,
        "centerLng": -3.19114,
        "pop": 13547,
        "Ted_MOOV": 100.0,
        "Tcd_MOOV": 0.0,
        "Tddu_MOOV": 100.0,
        "Tddd_MOOV": 30.0,
        "Dmd_MOOV": 0.0,
        "Dmu_MOOV": 0.0,
        "Ted_MTN": 13.930000000000001,
        "Tcd_MTN": 79.77,
        "Tddu_MTN": 34.04,
        "Tddd_MTN": 25.4,
        "Dmd_MTN": 8839.97,
        "Dmu_MTN": 2696.12,
        "Ted_ORANGE": 15.06,
        "Tcd_ORANGE": 99.55000000000001,
        "Tddu_ORANGE": 31.0,
        "Tddd_ORANGE": 24.099999999999998,
        "Dmd_ORANGE": 22282.48,
        "Dmu_ORANGE": 3315.3,
        "rang_Ted_ORANGE": 2,
        "rang_Ted_MTN": 1,
        "rang_Ted_MOOV": 3,
        "rang_Tcd_ORANGE": 1,
        "rang_Tcd_MTN": 2,
        "rang_Tcd_MOOV": 3,
        "rang_Tddd_ORANGE": 1,
        "rang_Tddd_MTN": 2,
        "rang_Tddd_MOOV": 3,
        "rang_Tddu_ORANGE": 1,
        "rang_Tddu_MTN": 2,
        "rang_Tddu_MOOV": 3,
        "rang_Dmd_ORANGE": 3,
        "rang_Dmd_MTN": 2,
        "rang_Dmd_MOOV": 1,
        "rang_Dmu_ORANGE": 3,
        "rang_Dmu_MTN": 2,
        "rang_Dmu_MOOV": 1
      },
      "id": 25
    },
    {
      "type": "Feature",
      "geometry": {
        "coordinates": [
          -4.48751,
          7.05267
        ],
        "type": "Point"
      },
      "properties": {
        "ADM0_FR": "LACS",
        "ADM0_PCODE": "CI07",
        "ADM1_FR": "N'ZI",
        "ADM1_PCODE": "CI127",
        "ADM2_FR": "BOCANDA",
        "ADM2_PCODE": "CI2701",
        "ADM3_FR": "BOCANDA",
        "ADM3_PCODE": "CI270102",
        "ADM4_FR": "BOCANDA",
        "ADM4_PCODE": "C1317",
        "centerLat": 7.06267,
        "centerLng": -4.49751,
        "pop": 10684,
        "Ted_MOOV": 100.0,
        "Tcd_MOOV": 0.0,
        "Tddu_MOOV": 100.0,
        "Tddd_MOOV": 30.0,
        "Dmd_MOOV": 0.0,
        "Dmu_MOOV": 0.0,
        "Ted_MTN": 12.93,
        "Tcd_MTN": 96.07,
        "Tddu_MTN": 21.82,
        "Tddd_MTN": 25.290000000000003,
        "Dmd_MTN": 25673.42,
        "Dmu_MTN": 12786.73,
        "Ted_ORANGE": 15.47,
        "Tcd_ORANGE": 99.57000000000001,
        "Tddu_ORANGE": 13.0,
        "Tddd_ORANGE": 26.5,
        "Dmd_ORANGE": 30151.51,
        "Dmu_ORANGE": 3949.98,
        "rang_Ted_ORANGE": 2,
        "rang_Ted_MTN": 1,
        "rang_Ted_MOOV": 3,
        "rang_Tcd_ORANGE": 1,
        "rang_Tcd_MTN": 2,
        "rang_Tcd_MOOV": 3,
        "rang_Tddd_ORANGE": 2,
        "rang_Tddd_MTN": 1,
        "rang_Tddd_MOOV": 3,
        "rang_Tddu_ORANGE": 1,
        "rang_Tddu_MTN": 2,
        "rang_Tddu_MOOV": 3,
        "rang_Dmd_ORANGE": 3,
        "rang_Dmd_MTN": 2,
        "rang_Dmd_MOOV": 1,
        "rang_Dmu_ORANGE": 2,
        "rang_Dmu_MTN": 3,
        "rang_Dmu_MOOV": 1
      },
      "id": 26
    },
    {
      "type": "Feature",
      "geometry": {
        "coordinates": [
          -3.1607900000000004,
          8.572750000000001
        ],
        "type": "Point"
      },
      "properties": {
        "ADM0_FR": "ZANZAN",
        "ADM0_PCODE": "CI14",
        "ADM1_FR": "BOUNKANI",
        "ADM1_PCODE": "CI108",
        "ADM2_FR": "NASSIAN",
        "ADM2_PCODE": "CI0803",
        "ADM3_FR": "BOGOFA",
        "ADM3_PCODE": "CI080302",
        "ADM4_FR": "BODE",
        "ADM4_PCODE": "C1319",
        "centerLat": 8.58275,
        "centerLng": -3.17079,
        "pop": 1527,
        "Ted_MOOV": "null",
        "Tcd_MOOV": "null",
        "Tddu_MOOV": "null",
        "Tddd_MOOV": "null",
        "Dmd_MOOV": "null",
        "Dmu_MOOV": "null",
        "Ted_MTN": 16.669999999999998,
        "Tcd_MTN": 80.0,
        "Tddu_MTN": 33.33,
        "Tddd_MTN": 27.779999999999998,
        "Dmd_MTN": 3454.21,
        "Dmu_MTN": 1089.43,
        "Ted_ORANGE": 29.09,
        "Tcd_ORANGE": 92.31,
        "Tddu_ORANGE": 25.0,
        "Tddd_ORANGE": 25.8,
        "Dmd_ORANGE": 5202.63,
        "Dmu_ORANGE": 2790.56,
        "rang_Ted_ORANGE": 2,
        "rang_Ted_MTN": 1,
        "rang_Ted_MOOV": "null",
        "rang_Tcd_ORANGE": 1,
        "rang_Tcd_MTN": 2,
        "rang_Tcd_MOOV": "null",
        "rang_Tddd_ORANGE": 1,
        "rang_Tddd_MTN": 2,
        "rang_Tddd_MOOV": "null",
        "rang_Tddu_ORANGE": 1,
        "rang_Tddu_MTN": 2,
        "rang_Tddu_MOOV": "null",
        "rang_Dmd_ORANGE": 2,
        "rang_Dmd_MTN": 1,
        "rang_Dmd_MOOV": "null",
        "rang_Dmu_ORANGE": 2,
        "rang_Dmu_MTN": 1,
        "rang_Dmu_MOOV": "null"
      },
      "id": 27
    },
    {
      "type": "Feature",
      "geometry": {
        "coordinates": [
          -2.79,
          8.03
        ],
        "type": "Point"
      },
      "properties": {
        "ADM0_FR": "COMOE",
        "ADM0_PCODE": "CI02",
        "ADM1_FR": "SUD-COMOE",
        "ADM1_PCODE": "CI130",
        "ADM2_FR": "ADIAKE",
        "ADM2_PCODE": "CI3002",
        "ADM3_FR": "ADIAKE",
        "ADM3_PCODE": "CI300201",
        "ADM4_FR": "BONDOUKOU",
        "ADM4_PCODE": "C1424",
        "centerLat": 8.04,
        "centerLng": -2.8,
        "pop": 1837,
        "Ted_MOOV": 100.0,
        "Tcd_MOOV": 0.0,
        "Tddu_MOOV": 100.0,
        "Tddd_MOOV": 30.0,
        "Dmd_MOOV": 0.0,
        "Dmu_MOOV": 0.0,
        "Ted_MTN": 17.01,
        "Tcd_MTN": 97.0,
        "Tddu_MTN": 6.98,
        "Tddd_MTN": 25.480000000000004,
        "Dmd_MTN": 20358.23,
        "Dmu_MTN": 14311.02,
        "Ted_ORANGE": 17.39,
        "Tcd_ORANGE": 99.11999999999999,
        "Tddu_ORANGE": 4.2,
        "Tddd_ORANGE": 26.1,
        "Dmd_ORANGE": 31957.82,
        "Dmu_ORANGE": 4085.77,
        "rang_Ted_ORANGE": 2,
        "rang_Ted_MTN": 1,
        "rang_Ted_MOOV": 3,
        "rang_Tcd_ORANGE": 1,
        "rang_Tcd_MTN": 2,
        "rang_Tcd_MOOV": 3,
        "rang_Tddd_ORANGE": 2,
        "rang_Tddd_MTN": 1,
        "rang_Tddd_MOOV": 3,
        "rang_Tddu_ORANGE": 1,
        "rang_Tddu_MTN": 2,
        "rang_Tddu_MOOV": 3,
        "rang_Dmd_ORANGE": 3,
        "rang_Dmd_MTN": 2,
        "rang_Dmd_MOOV": 1,
        "rang_Dmu_ORANGE": 2,
        "rang_Dmu_MTN": 3,
        "rang_Dmu_MOOV": 1
      },
      "id": 28
    },
    {
      "type": "Feature",
      "geometry": {
        "coordinates": [
          -6.03477,
          6.917190000000001
        ],
        "type": "Point"
      },
      "properties": {
        "ADM0_FR": "SASSANDRA-MARAHOUE",
        "ADM0_PCODE": "CI10",
        "ADM1_FR": "MARAHOUE",
        "ADM1_PCODE": "CI123",
        "ADM2_FR": "BOUAFLE",
        "ADM2_PCODE": "CI2301",
        "ADM3_FR": "BONON",
        "ADM3_PCODE": "CI230102",
        "ADM4_FR": "BONON",
        "ADM4_PCODE": "C1450",
        "centerLat": 6.92719,
        "centerLng": -6.04477,
        "pop": 92523,
        "Ted_MOOV": 100.0,
        "Tcd_MOOV": 0.0,
        "Tddu_MOOV": 100.0,
        "Tddd_MOOV": 30.0,
        "Dmd_MOOV": 0.0,
        "Dmu_MOOV": 0.0,
        "Ted_MTN": 16.869999999999997,
        "Tcd_MTN": 97.83,
        "Tddu_MTN": 0.0,
        "Tddd_MTN": 27.27,
        "Dmd_MTN": 7587.78,
        "Dmu_MTN": 9390.09,
        "Ted_ORANGE": 15.28,
        "Tcd_ORANGE": 99.45,
        "Tddu_ORANGE": 0.0,
        "Tddd_ORANGE": 24.7,
        "Dmd_ORANGE": 40157.37,
        "Dmu_ORANGE": 4757.0,
        "rang_Ted_ORANGE": 1,
        "rang_Ted_MTN": 2,
        "rang_Ted_MOOV": 3,
        "rang_Tcd_ORANGE": 1,
        "rang_Tcd_MTN": 2,
        "rang_Tcd_MOOV": 3,
        "rang_Tddd_ORANGE": 1,
        "rang_Tddd_MTN": 2,
        "rang_Tddd_MOOV": 3,
        "rang_Tddu_ORANGE": 1,
        "rang_Tddu_MTN": 1,
        "rang_Tddu_MOOV": 3,
        "rang_Dmd_ORANGE": 3,
        "rang_Dmd_MTN": 2,
        "rang_Dmd_MOOV": 1,
        "rang_Dmu_ORANGE": 2,
        "rang_Dmu_MTN": 3,
        "rang_Dmu_MOOV": 1
      },
      "id": 29
    },
    {
      "type": "Feature",
      "geometry": {
        "coordinates": [
          -5.74132,
          6.97414
        ],
        "type": "Point"
      },
      "properties": {
        "ADM0_FR": "SASSANDRA-MARAHOUE",
        "ADM0_PCODE": "CI10",
        "ADM1_FR": "MARAHOUE",
        "ADM1_PCODE": "CI123",
        "ADM2_FR": "BOUAFLE",
        "ADM2_PCODE": "CI2301",
        "ADM3_FR": "BOUAFLE",
        "ADM3_PCODE": "CI230103",
        "ADM4_FR": "BOUAFLÉ",
        "ADM4_PCODE": "C1503",
        "centerLat": 6.98414,
        "centerLng": -5.75132,
        "pop": 80389,
        "Ted_MOOV": 100.0,
        "Tcd_MOOV": 0.0,
        "Tddu_MOOV": 100.0,
        "Tddd_MOOV": 30.0,
        "Dmd_MOOV": 0.0,
        "Dmu_MOOV": 0.0,
        "Ted_MTN": 17.41,
        "Tcd_MTN": 98.19,
        "Tddu_MTN": 2.86,
        "Tddd_MTN": 25.19,
        "Dmd_MTN": 12769.46,
        "Dmu_MTN": 5672.51,
        "Ted_ORANGE": 14.680000000000001,
        "Tcd_ORANGE": 100.0,
        "Tddu_ORANGE": 12.5,
        "Tddd_ORANGE": 25.3,
        "Dmd_ORANGE": 28649.19,
        "Dmu_ORANGE": 3971.6,
        "rang_Ted_ORANGE": 1,
        "rang_Ted_MTN": 2,
        "rang_Ted_MOOV": 3,
        "rang_Tcd_ORANGE": 1,
        "rang_Tcd_MTN": 2,
        "rang_Tcd_MOOV": 3,
        "rang_Tddd_ORANGE": 2,
        "rang_Tddd_MTN": 1,
        "rang_Tddd_MOOV": 3,
        "rang_Tddu_ORANGE": 2,
        "rang_Tddu_MTN": 1,
        "rang_Tddu_MOOV": 3,
        "rang_Dmd_ORANGE": 3,
        "rang_Dmd_MTN": 2,
        "rang_Dmd_MOOV": 1,
        "rang_Dmu_ORANGE": 2,
        "rang_Dmu_MTN": 3,
        "rang_Dmu_MOOV": 1
      },
      "id": 30
    },
    {
      "type": "Feature",
      "geometry": {
        "coordinates": [
          -5.01961,
          7.67791
        ],
        "type": "Point"
      },
      "properties": {
        "ADM0_FR": "VALLEE DU BANDAMA",
        "ADM0_PCODE": "CI12",
        "ADM1_FR": "GBEKE",
        "ADM1_PCODE": "CI111",
        "ADM2_FR": "BOUAKE",
        "ADM2_PCODE": "CI1103",
        "ADM3_FR": "BOUAKE",
        "ADM3_PCODE": "CI110301",
        "ADM4_FR": "BOUAKÉ",
        "ADM4_PCODE": "C1507",
        "centerLat": 7.68791,
        "centerLng": -5.02961,
        "pop": 536719,
        "Ted_MOOV": 100.0,
        "Tcd_MOOV": 0.0,
        "Tddu_MOOV": 100.0,
        "Tddd_MOOV": 30.0,
        "Dmd_MOOV": 0.0,
        "Dmu_MOOV": 0.0,
        "Ted_MTN": 12.24,
        "Tcd_MTN": 97.89,
        "Tddu_MTN": 29.29,
        "Tddd_MTN": 26.33,
        "Dmd_MTN": 15713.05,
        "Dmu_MTN": 11962.18,
        "Ted_ORANGE": 7.86,
        "Tcd_ORANGE": 98.71,
        "Tddu_ORANGE": 28.599999999999998,
        "Tddd_ORANGE": 28.7,
        "Dmd_ORANGE": 16610.34,
        "Dmu_ORANGE": 3145.91,
        "rang_Ted_ORANGE": 1,
        "rang_Ted_MTN": 2,
        "rang_Ted_MOOV": 3,
        "rang_Tcd_ORANGE": 1,
        "rang_Tcd_MTN": 2,
        "rang_Tcd_MOOV": 3,
        "rang_Tddd_ORANGE": 2,
        "rang_Tddd_MTN": 1,
        "rang_Tddd_MOOV": 3,
        "rang_Tddu_ORANGE": 1,
        "rang_Tddu_MTN": 2,
        "rang_Tddu_MOOV": 3,
        "rang_Dmd_ORANGE": 3,
        "rang_Dmd_MTN": 2,
        "rang_Dmd_MOOV": 1,
        "rang_Dmu_ORANGE": 2,
        "rang_Dmu_MTN": 3,
        "rang_Dmu_MOOV": 1
      },
      "id": 31
    },
    {
      "type": "Feature",
      "geometry": {
        "coordinates": [
          -2.98909,
          9.25864
        ],
        "type": "Point"
      },
      "properties": {
        "ADM0_FR": "ZANZAN",
        "ADM0_PCODE": "CI14",
        "ADM1_FR": "BOUNKANI",
        "ADM1_PCODE": "CI108",
        "ADM2_FR": "BOUNA",
        "ADM2_PCODE": "CI0801",
        "ADM3_FR": "BOUNA",
        "ADM3_PCODE": "CI080102",
        "ADM4_FR": "BOUNA",
        "ADM4_PCODE": "C1550",
        "centerLat": 9.26864,
        "centerLng": -2.99909,
        "pop": 18755,
        "Ted_MOOV": 100.0,
        "Tcd_MOOV": 0.0,
        "Tddu_MOOV": 100.0,
        "Tddd_MOOV": 30.0,
        "Dmd_MOOV": 0.0,
        "Dmu_MOOV": 0.0,
        "Ted_MTN": 18.990000000000002,
        "Tcd_MTN": 81.25,
        "Tddu_MTN": 7.41,
        "Tddd_MTN": 57.43000000000001,
        "Dmd_MTN": 2080.16,
        "Dmu_MTN": 5993.9,
        "Ted_ORANGE": 16.869999999999997,
        "Tcd_ORANGE": 100.0,
        "Tddu_ORANGE": 2.3,
        "Tddd_ORANGE": 25.8,
        "Dmd_ORANGE": 22414.73,
        "Dmu_ORANGE": 4007.18,
        "rang_Ted_ORANGE": 1,
        "rang_Ted_MTN": 2,
        "rang_Ted_MOOV": 3,
        "rang_Tcd_ORANGE": 1,
        "rang_Tcd_MTN": 2,
        "rang_Tcd_MOOV": 3,
        "rang_Tddd_ORANGE": 1,
        "rang_Tddd_MTN": 3,
        "rang_Tddd_MOOV": 2,
        "rang_Tddu_ORANGE": 1,
        "rang_Tddu_MTN": 2,
        "rang_Tddu_MOOV": 3,
        "rang_Dmd_ORANGE": 3,
        "rang_Dmd_MTN": 2,
        "rang_Dmd_MOOV": 1,
        "rang_Dmu_ORANGE": 2,
        "rang_Dmu_MTN": 3,
        "rang_Dmu_MOOV": 1
      },
      "id": 32
    },
    {
      "type": "Feature",
      "geometry": {
        "coordinates": [
          -4.41938,
          8.35405
        ],
        "type": "Point"
      },
      "properties": {
        "ADM0_FR": "VALLEE DU BANDAMA",
        "ADM0_PCODE": "CI12",
        "ADM1_FR": "HAMBOL",
        "ADM1_PCODE": "CI117",
        "ADM2_FR": "DABAKALA",
        "ADM2_PCODE": "CI1701",
        "ADM3_FR": "DABAKALA",
        "ADM3_PCODE": "CI170103",
        "ADM4_FR": "DABAKALA",
        "ADM4_PCODE": "C1689",
        "centerLat": 8.36405,
        "centerLng": -4.42938,
        "pop": 14134,
        "Ted_MOOV": 100.0,
        "Tcd_MOOV": 0.0,
        "Tddu_MOOV": 100.0,
        "Tddd_MOOV": 30.0,
        "Dmd_MOOV": 0.0,
        "Dmu_MOOV": 0.0,
        "Ted_MTN": 38.92,
        "Tcd_MTN": 64.71000000000001,
        "Tddu_MTN": 69.23,
        "Tddd_MTN": 64.47,
        "Dmd_MTN": 1078.43,
        "Dmu_MTN": 1888.96,
        "Ted_ORANGE": 10.290000000000001,
        "Tcd_ORANGE": 98.61999999999999,
        "Tddu_ORANGE": 20.8,
        "Tddd_ORANGE": 24.099999999999998,
        "Dmd_ORANGE": 28283.47,
        "Dmu_ORANGE": 3134.22,
        "rang_Ted_ORANGE": 1,
        "rang_Ted_MTN": 2,
        "rang_Ted_MOOV": 3,
        "rang_Tcd_ORANGE": 1,
        "rang_Tcd_MTN": 2,
        "rang_Tcd_MOOV": 3,
        "rang_Tddd_ORANGE": 1,
        "rang_Tddd_MTN": 3,
        "rang_Tddd_MOOV": 2,
        "rang_Tddu_ORANGE": 1,
        "rang_Tddu_MTN": 2,
        "rang_Tddu_MOOV": 3,
        "rang_Dmd_ORANGE": 3,
        "rang_Dmd_MTN": 2,
        "rang_Dmd_MOOV": 1,
        "rang_Dmu_ORANGE": 3,
        "rang_Dmu_MTN": 2,
        "rang_Dmu_MOOV": 1
      },
      "id": 33
    },
    {
      "type": "Feature",
      "geometry": {
        "coordinates": [
          -4.37208,
          5.31271
        ],
        "type": "Point"
      },
      "properties": {
        "ADM0_FR": "LAGUNES",
        "ADM0_PCODE": "CI08",
        "ADM1_FR": "GRANDS-PONTS",
        "ADM1_PCODE": "CI115",
        "ADM2_FR": "DABOU",
        "ADM2_PCODE": "CI1501",
        "ADM3_FR": "DABOU",
        "ADM3_PCODE": "CI150101",
        "ADM4_FR": "DABOU",
        "ADM4_PCODE": "C1708",
        "centerLat": 5.32271,
        "centerLng": -4.38208,
        "pop": 61942,
        "Ted_MOOV": 100.0,
        "Tcd_MOOV": 0.0,
        "Tddu_MOOV": 100.0,
        "Tddd_MOOV": 30.0,
        "Dmd_MOOV": 0.0,
        "Dmu_MOOV": 0.0,
        "Ted_MTN": 0.0,
        "Tcd_MTN": 96.3,
        "Tddu_MTN": 1.1199999999999999,
        "Tddd_MTN": 25.41,
        "Dmd_MTN": 14671.44,
        "Dmu_MTN": 18736.44,
        "Ted_ORANGE": 1.58,
        "Tcd_ORANGE": 96.39,
        "Tddu_ORANGE": 9.4,
        "Tddd_ORANGE": 26.8,
        "Dmd_ORANGE": 17905.74,
        "Dmu_ORANGE": 3818.33,
        "rang_Ted_ORANGE": 2,
        "rang_Ted_MTN": 1,
        "rang_Ted_MOOV": 3,
        "rang_Tcd_ORANGE": 1,
        "rang_Tcd_MTN": 2,
        "rang_Tcd_MOOV": 3,
        "rang_Tddd_ORANGE": 2,
        "rang_Tddd_MTN": 1,
        "rang_Tddd_MOOV": 3,
        "rang_Tddu_ORANGE": 2,
        "rang_Tddu_MTN": 1,
        "rang_Tddu_MOOV": 3,
        "rang_Dmd_ORANGE": 3,
        "rang_Dmd_MTN": 2,
        "rang_Dmd_MOOV": 1,
        "rang_Dmu_ORANGE": 2,
        "rang_Dmu_MTN": 3,
        "rang_Dmu_MOOV": 1
      },
      "id": 34
    },
    {
      "type": "Feature",
      "geometry": {
        "coordinates": [
          -5.68451,
          5.87642
        ],
        "type": "Point"
      },
      "properties": {
        "ADM0_FR": "GOH-DJIBOUA",
        "ADM0_PCODE": "CI06",
        "ADM1_FR": "LOH-DJIBOUA",
        "ADM1_PCODE": "CI122",
        "ADM2_FR": "LAKOTA",
        "ADM2_PCODE": "CI2203",
        "ADM3_FR": "LAKOTA",
        "ADM3_PCODE": "CI220301",
        "ADM4_FR": "DAHIRI",
        "ADM4_PCODE": "C1747",
        "centerLat": 5.88642,
        "centerLng": -5.69451,
        "pop": 1949,
        "Ted_MOOV": 100.0,
        "Tcd_MOOV": 0.0,
        "Tddu_MOOV": 100.0,
        "Tddd_MOOV": 30.0,
        "Dmd_MOOV": 0.0,
        "Dmu_MOOV": 0.0,
        "Ted_MTN": 9.629999999999999,
        "Tcd_MTN": 64.75,
        "Tddu_MTN": 54.290000000000006,
        "Tddd_MTN": 35.63,
        "Dmd_MTN": 1632.56,
        "Dmu_MTN": 603.64,
        "Ted_ORANGE": 4.32,
        "Tcd_ORANGE": 100.0,
        "Tddu_ORANGE": 43.1,
        "Tddd_ORANGE": 23.0,
        "Dmd_ORANGE": 16178.14,
        "Dmu_ORANGE": 2652.77,
        "rang_Ted_ORANGE": 1,
        "rang_Ted_MTN": 2,
        "rang_Ted_MOOV": 3,
        "rang_Tcd_ORANGE": 1,
        "rang_Tcd_MTN": 2,
        "rang_Tcd_MOOV": 3,
        "rang_Tddd_ORANGE": 1,
        "rang_Tddd_MTN": 3,
        "rang_Tddd_MOOV": 2,
        "rang_Tddu_ORANGE": 1,
        "rang_Tddu_MTN": 2,
        "rang_Tddu_MOOV": 3,
        "rang_Dmd_ORANGE": 3,
        "rang_Dmd_MTN": 2,
        "rang_Dmd_MOOV": 1,
        "rang_Dmu_ORANGE": 3,
        "rang_Dmu_MTN": 2,
        "rang_Dmu_MOOV": 1
      },
      "id": 35
    },
    {
      "type": "Feature",
      "geometry": {
        "coordinates": [
          -6.4386,
          6.878150000000001
        ],
        "type": "Point"
      },
      "properties": {
        "ADM0_FR": "SASSANDRA-MARAHOUE",
        "ADM0_PCODE": "CI10",
        "ADM1_FR": "HAUT-SASSANDRA",
        "ADM1_PCODE": "CI118",
        "ADM2_FR": "DALOA",
        "ADM2_PCODE": "CI1801",
        "ADM3_FR": "DALOA",
        "ADM3_PCODE": "CI180102",
        "ADM4_FR": "DALOA",
        "ADM4_PCODE": "C1779",
        "centerLat": 6.88815,
        "centerLng": -6.4486,
        "pop": 245360,
        "Ted_MOOV": 100.0,
        "Tcd_MOOV": 0.0,
        "Tddu_MOOV": 100.0,
        "Tddd_MOOV": 30.0,
        "Dmd_MOOV": 0.0,
        "Dmu_MOOV": 0.0,
        "Ted_MTN": 16.08,
        "Tcd_MTN": 95.39999999999999,
        "Tddu_MTN": 3.6999999999999997,
        "Tddd_MTN": 30.919999999999998,
        "Dmd_MTN": 16233.45,
        "Dmu_MTN": 17188.15,
        "Ted_ORANGE": 15.45,
        "Tcd_ORANGE": 98.92,
        "Tddu_ORANGE": 6.800000000000001,
        "Tddd_ORANGE": 25.0,
        "Dmd_ORANGE": 20797.53,
        "Dmu_ORANGE": 4269.12,
        "rang_Ted_ORANGE": 1,
        "rang_Ted_MTN": 2,
        "rang_Ted_MOOV": 3,
        "rang_Tcd_ORANGE": 1,
        "rang_Tcd_MTN": 2,
        "rang_Tcd_MOOV": 3,
        "rang_Tddd_ORANGE": 1,
        "rang_Tddd_MTN": 3,
        "rang_Tddd_MOOV": 2,
        "rang_Tddu_ORANGE": 2,
        "rang_Tddu_MTN": 1,
        "rang_Tddu_MOOV": 3,
        "rang_Dmd_ORANGE": 3,
        "rang_Dmd_MTN": 2,
        "rang_Dmd_MOOV": 1,
        "rang_Dmu_ORANGE": 2,
        "rang_Dmu_MTN": 3,
        "rang_Dmu_MOOV": 1
      },
      "id": 36
    },
    {
      "type": "Feature",
      "geometry": {
        "coordinates": [
          -5.7666200000000005,
          9.05715
        ],
        "type": "Point"
      },
      "properties": {
        "ADM0_FR": "SAVANES",
        "ADM0_PCODE": "CI11",
        "ADM1_FR": "PORO",
        "ADM1_PCODE": "CI128",
        "ADM2_FR": "DIKODOUGOU",
        "ADM2_PCODE": "CI2801",
        "ADM3_FR": "DIKODOUGOU",
        "ADM3_PCODE": "CI280102",
        "ADM4_FR": "DIKODOUGOU",
        "ADM4_PCODE": "C2061",
        "centerLat": 9.06715,
        "centerLng": -5.77662,
        "pop": 13953,
        "Ted_MOOV": 100.0,
        "Tcd_MOOV": 0.0,
        "Tddu_MOOV": 100.0,
        "Tddd_MOOV": 30.0,
        "Dmd_MOOV": 0.0,
        "Dmu_MOOV": 0.0,
        "Ted_MTN": 17.22,
        "Tcd_MTN": 97.6,
        "Tddu_MTN": 4.0,
        "Tddd_MTN": 23.0,
        "Dmd_MTN": 4725.19,
        "Dmu_MTN": 13251.25,
        "Ted_ORANGE": 17.29,
        "Tcd_ORANGE": 99.44,
        "Tddu_ORANGE": 2.7,
        "Tddd_ORANGE": 25.7,
        "Dmd_ORANGE": 38382.6,
        "Dmu_ORANGE": 4606.29,
        "rang_Ted_ORANGE": 2,
        "rang_Ted_MTN": 1,
        "rang_Ted_MOOV": 3,
        "rang_Tcd_ORANGE": 1,
        "rang_Tcd_MTN": 2,
        "rang_Tcd_MOOV": 3,
        "rang_Tddd_ORANGE": 2,
        "rang_Tddd_MTN": 1,
        "rang_Tddd_MOOV": 3,
        "rang_Tddu_ORANGE": 1,
        "rang_Tddu_MTN": 2,
        "rang_Tddu_MOOV": 3,
        "rang_Dmd_ORANGE": 3,
        "rang_Dmd_MTN": 2,
        "rang_Dmd_MOOV": 1,
        "rang_Dmu_ORANGE": 2,
        "rang_Dmu_MTN": 3,
        "rang_Dmu_MOOV": 1
      },
      "id": 37
    },
    {
      "type": "Feature",
      "geometry": {
        "coordinates": [
          -4.69461,
          6.635400000000001
        ],
        "type": "Point"
      },
      "properties": {
        "ADM0_FR": "LACS",
        "ADM0_PCODE": "CI07",
        "ADM1_FR": "N'ZI",
        "ADM1_PCODE": "CI127",
        "ADM2_FR": "DIMBOKRO",
        "ADM2_PCODE": "CI2702",
        "ADM3_FR": "DIMBOKRO",
        "ADM3_PCODE": "CI270203",
        "ADM4_FR": "DIMBOKRO",
        "ADM4_PCODE": "C2073",
        "centerLat": 6.6454,
        "centerLng": -4.70461,
        "pop": 48860,
        "Ted_MOOV": 100.0,
        "Tcd_MOOV": 0.0,
        "Tddu_MOOV": 100.0,
        "Tddd_MOOV": 30.0,
        "Dmd_MOOV": 0.0,
        "Dmu_MOOV": 0.0,
        "Ted_MTN": 16.8,
        "Tcd_MTN": 99.06,
        "Tddu_MTN": 0.0,
        "Tddd_MTN": 25.290000000000003,
        "Dmd_MTN": 37550.46,
        "Dmu_MTN": 21196.85,
        "Ted_ORANGE": 17.02,
        "Tcd_ORANGE": 100.0,
        "Tddu_ORANGE": 0.0,
        "Tddd_ORANGE": 25.8,
        "Dmd_ORANGE": 37066.59,
        "Dmu_ORANGE": 4449.53,
        "rang_Ted_ORANGE": 2,
        "rang_Ted_MTN": 1,
        "rang_Ted_MOOV": 3,
        "rang_Tcd_ORANGE": 1,
        "rang_Tcd_MTN": 2,
        "rang_Tcd_MOOV": 3,
        "rang_Tddd_ORANGE": 2,
        "rang_Tddd_MTN": 1,
        "rang_Tddd_MOOV": 3,
        "rang_Tddu_ORANGE": 1,
        "rang_Tddu_MTN": 1,
        "rang_Tddu_MOOV": 3,
        "rang_Dmd_ORANGE": 2,
        "rang_Dmd_MTN": 3,
        "rang_Dmd_MOOV": 1,
        "rang_Dmu_ORANGE": 2,
        "rang_Dmu_MTN": 3,
        "rang_Dmu_MOOV": 1
      },
      "id": 38
    },
    {
      "type": "Feature",
      "geometry": {
        "coordinates": [
          -5.3470200000000006,
          5.82833
        ],
        "type": "Point"
      },
      "properties": {
        "ADM0_FR": "GOH-DJIBOUA",
        "ADM0_PCODE": "CI06",
        "ADM1_FR": "LOH-DJIBOUA",
        "ADM1_PCODE": "CI122",
        "ADM2_FR": "DIVO",
        "ADM2_PCODE": "CI2201",
        "ADM3_FR": "DIVO",
        "ADM3_PCODE": "CI220103",
        "ADM4_FR": "DIVO",
        "ADM4_PCODE": "C2117",
        "centerLat": 5.83833,
        "centerLng": -5.35702,
        "pop": 105397,
        "Ted_MOOV": 100.0,
        "Tcd_MOOV": 0.0,
        "Tddu_MOOV": 100.0,
        "Tddd_MOOV": 30.0,
        "Dmd_MOOV": 0.0,
        "Dmu_MOOV": 0.0,
        "Ted_MTN": 17.47,
        "Tcd_MTN": 98.94,
        "Tddu_MTN": 5.13,
        "Tddd_MTN": 26.0,
        "Dmd_MTN": 9929.57,
        "Dmu_MTN": 14376.9,
        "Ted_ORANGE": 17.43,
        "Tcd_ORANGE": 98.99,
        "Tddu_ORANGE": 0.0,
        "Tddd_ORANGE": 25.8,
        "Dmd_ORANGE": 16627.87,
        "Dmu_ORANGE": 4600.84,
        "rang_Ted_ORANGE": 1,
        "rang_Ted_MTN": 2,
        "rang_Ted_MOOV": 3,
        "rang_Tcd_ORANGE": 1,
        "rang_Tcd_MTN": 2,
        "rang_Tcd_MOOV": 3,
        "rang_Tddd_ORANGE": 1,
        "rang_Tddd_MTN": 2,
        "rang_Tddd_MOOV": 3,
        "rang_Tddu_ORANGE": 1,
        "rang_Tddu_MTN": 2,
        "rang_Tddu_MOOV": 3,
        "rang_Dmd_ORANGE": 3,
        "rang_Dmd_MTN": 2,
        "rang_Dmd_MOOV": 1,
        "rang_Dmu_ORANGE": 2,
        "rang_Dmu_MTN": 3,
        "rang_Dmu_MOOV": 1
      },
      "id": 39
    },
    {
      "type": "Feature",
      "geometry": {
        "coordinates": [
          -7.33262,
          6.73496
        ],
        "type": "Point"
      },
      "properties": {
        "ADM0_FR": "MONTAGNES",
        "ADM0_PCODE": "CI09",
        "ADM1_FR": "GUEMON",
        "ADM1_PCODE": "CI116",
        "ADM2_FR": "DUEKOUE",
        "ADM2_PCODE": "CI1602",
        "ADM3_FR": "DUEKOUE",
        "ADM3_PCODE": "CI160202",
        "ADM4_FR": "DUEKOUE",
        "ADM4_PCODE": "C2425",
        "centerLat": 6.74496,
        "centerLng": -7.34262,
        "pop": 90274,
        "Ted_MOOV": 100.0,
        "Tcd_MOOV": 0.0,
        "Tddu_MOOV": 100.0,
        "Tddd_MOOV": 30.0,
        "Dmd_MOOV": 0.0,
        "Dmu_MOOV": 0.0,
        "Ted_MTN": 16.81,
        "Tcd_MTN": 98.99,
        "Tddu_MTN": 2.56,
        "Tddd_MTN": 25.16,
        "Dmd_MTN": 11190.18,
        "Dmu_MTN": 15219.29,
        "Ted_ORANGE": 15.6,
        "Tcd_ORANGE": 100.0,
        "Tddu_ORANGE": 0.0,
        "Tddd_ORANGE": 25.6,
        "Dmd_ORANGE": 24123.4,
        "Dmu_ORANGE": 4562.94,
        "rang_Ted_ORANGE": 1,
        "rang_Ted_MTN": 2,
        "rang_Ted_MOOV": 3,
        "rang_Tcd_ORANGE": 1,
        "rang_Tcd_MTN": 2,
        "rang_Tcd_MOOV": 3,
        "rang_Tddd_ORANGE": 2,
        "rang_Tddd_MTN": 1,
        "rang_Tddd_MOOV": 3,
        "rang_Tddu_ORANGE": 1,
        "rang_Tddu_MTN": 2,
        "rang_Tddu_MOOV": 3,
        "rang_Dmd_ORANGE": 3,
        "rang_Dmd_MTN": 2,
        "rang_Dmd_MOOV": 1,
        "rang_Dmu_ORANGE": 2,
        "rang_Dmu_MTN": 3,
        "rang_Dmu_MOOV": 1
      },
      "id": 40
    },
    {
      "type": "Feature",
      "geometry": {
        "coordinates": [
          -5.18762,
          9.58226
        ],
        "type": "Point"
      },
      "properties": {
        "ADM0_FR": "SAVANES",
        "ADM0_PCODE": "CI11",
        "ADM1_FR": "TCHOLOGO",
        "ADM1_PCODE": "CI131",
        "ADM2_FR": "FERKESSEDOUGOU",
        "ADM2_PCODE": "CI3101",
        "ADM3_FR": "FERKESSEDOUGOU",
        "ADM3_PCODE": "CI310101",
        "ADM4_FR": "FERKESSÉDOUGOU",
        "ADM4_PCODE": "C2603",
        "centerLat": 9.59226,
        "centerLng": -5.19762,
        "pop": 55910,
        "Ted_MOOV": 100.0,
        "Tcd_MOOV": 0.0,
        "Tddu_MOOV": 100.0,
        "Tddd_MOOV": 30.0,
        "Dmd_MOOV": 0.0,
        "Dmu_MOOV": 0.0,
        "Ted_MTN": 11.58,
        "Tcd_MTN": 100.0,
        "Tddu_MTN": 24.36,
        "Tddd_MTN": 24.68,
        "Dmd_MTN": 17335.63,
        "Dmu_MTN": 14239.88,
        "Ted_ORANGE": 10.620000000000001,
        "Tcd_ORANGE": 97.69,
        "Tddu_ORANGE": 26.3,
        "Tddd_ORANGE": 28.599999999999998,
        "Dmd_ORANGE": 26717.02,
        "Dmu_ORANGE": 3483.61,
        "rang_Ted_ORANGE": 1,
        "rang_Ted_MTN": 2,
        "rang_Ted_MOOV": 3,
        "rang_Tcd_ORANGE": 2,
        "rang_Tcd_MTN": 1,
        "rang_Tcd_MOOV": 3,
        "rang_Tddd_ORANGE": 2,
        "rang_Tddd_MTN": 1,
        "rang_Tddd_MOOV": 3,
        "rang_Tddu_ORANGE": 2,
        "rang_Tddu_MTN": 1,
        "rang_Tddu_MOOV": 3,
        "rang_Dmd_ORANGE": 3,
        "rang_Dmd_MTN": 2,
        "rang_Dmd_MOOV": 1,
        "rang_Dmu_ORANGE": 2,
        "rang_Dmu_MTN": 3,
        "rang_Dmu_MOOV": 1
      },
      "id": 41
    },
    {
      "type": "Feature",
      "geometry": {
        "coordinates": [
          -5.93436,
          6.11836
        ],
        "type": "Point"
      },
      "properties": {
        "ADM0_FR": "GOH-DJIBOUA",
        "ADM0_PCODE": "CI06",
        "ADM1_FR": "GOH",
        "ADM1_PCODE": "CI113",
        "ADM2_FR": "GAGNOA",
        "ADM2_PCODE": "CI1301",
        "ADM3_FR": "GAGNOA",
        "ADM3_PCODE": "CI130106",
        "ADM4_FR": "GAGNOA",
        "ADM4_PCODE": "C2707",
        "centerLat": 6.12836,
        "centerLng": -5.94436,
        "pop": 160465,
        "Ted_MOOV": 100.0,
        "Tcd_MOOV": 0.0,
        "Tddu_MOOV": 100.0,
        "Tddd_MOOV": 30.0,
        "Dmd_MOOV": 0.0,
        "Dmu_MOOV": 0.0,
        "Ted_MTN": 18.94,
        "Tcd_MTN": 96.2,
        "Tddu_MTN": 5.41,
        "Tddd_MTN": 27.21,
        "Dmd_MTN": 11662.23,
        "Dmu_MTN": 11174.74,
        "Ted_ORANGE": 17.0,
        "Tcd_ORANGE": 99.51,
        "Tddu_ORANGE": 0.0,
        "Tddd_ORANGE": 24.4,
        "Dmd_ORANGE": 21008.81,
        "Dmu_ORANGE": 4371.02,
        "rang_Ted_ORANGE": 1,
        "rang_Ted_MTN": 2,
        "rang_Ted_MOOV": 3,
        "rang_Tcd_ORANGE": 1,
        "rang_Tcd_MTN": 2,
        "rang_Tcd_MOOV": 3,
        "rang_Tddd_ORANGE": 1,
        "rang_Tddd_MTN": 2,
        "rang_Tddd_MOOV": 3,
        "rang_Tddu_ORANGE": 1,
        "rang_Tddu_MTN": 2,
        "rang_Tddu_MOOV": 3,
        "rang_Dmd_ORANGE": 3,
        "rang_Dmd_MTN": 2,
        "rang_Dmd_MOOV": 1,
        "rang_Dmu_ORANGE": 2,
        "rang_Dmu_MTN": 3,
        "rang_Dmu_MOOV": 1
      },
      "id": 42
    },
    {
      "type": "Feature",
      "geometry": {
        "coordinates": [
          -8.12242,
          9.57468
        ],
        "type": "Point"
      },
      "properties": {
        "ADM0_FR": "DENGUELE",
        "ADM0_PCODE": "CI03",
        "ADM1_FR": "KABADOUGOU",
        "ADM1_PCODE": "CI121",
        "ADM2_FR": "GBELEBAN",
        "ADM2_PCODE": "CI2101",
        "ADM3_FR": "GBELEBAN",
        "ADM3_PCODE": "CI210101",
        "ADM4_FR": "GBÉLÉBAN",
        "ADM4_PCODE": "C2909",
        "centerLat": 9.58468,
        "centerLng": -8.13242,
        "pop": 2317,
        "Ted_MOOV": "null",
        "Tcd_MOOV": "null",
        "Tddu_MOOV": "null",
        "Tddd_MOOV": "null",
        "Dmd_MOOV": "null",
        "Dmu_MOOV": "null",
        "Ted_MTN": 17.61,
        "Tcd_MTN": 96.17999999999999,
        "Tddu_MTN": 0.0,
        "Tddd_MTN": 25.96,
        "Dmd_MTN": 15807.6,
        "Dmu_MTN": 5888.31,
        "Ted_ORANGE": 16.96,
        "Tcd_ORANGE": 100.0,
        "Tddu_ORANGE": 0.0,
        "Tddd_ORANGE": 25.7,
        "Dmd_ORANGE": 25319.28,
        "Dmu_ORANGE": 3203.25,
        "rang_Ted_ORANGE": 1,
        "rang_Ted_MTN": 2,
        "rang_Ted_MOOV": "null",
        "rang_Tcd_ORANGE": 1,
        "rang_Tcd_MTN": 2,
        "rang_Tcd_MOOV": "null",
        "rang_Tddd_ORANGE": 1,
        "rang_Tddd_MTN": 2,
        "rang_Tddd_MOOV": "null",
        "rang_Tddu_ORANGE": 1,
        "rang_Tddu_MTN": 1,
        "rang_Tddu_MOOV": "null",
        "rang_Dmd_ORANGE": 2,
        "rang_Dmd_MTN": 1,
        "rang_Dmd_MOOV": "null",
        "rang_Dmu_ORANGE": 1,
        "rang_Dmu_MTN": 2,
        "rang_Dmu_MOOV": "null"
      },
      "id": 43
    },
    {
      "type": "Feature",
      "geometry": {
        "coordinates": [
          -6.43827,
          9.8241
        ],
        "type": "Point"
      },
      "properties": {
        "ADM0_FR": "SAVANES",
        "ADM0_PCODE": "CI11",
        "ADM1_FR": "BAGOUE",
        "ADM1_PCODE": "CI105",
        "ADM2_FR": "KOUTO",
        "ADM2_PCODE": "CI0502",
        "ADM3_FR": "GBON",
        "ADM3_PCODE": "CI050203",
        "ADM4_FR": "GBON",
        "ADM4_PCODE": "C2986",
        "centerLat": 9.8341,
        "centerLng": -6.44827,
        "pop": 9615,
        "Ted_MOOV": 100.0,
        "Tcd_MOOV": 0.0,
        "Tddu_MOOV": 100.0,
        "Tddd_MOOV": 30.0,
        "Dmd_MOOV": 0.0,
        "Dmu_MOOV": 0.0,
        "Ted_MTN": 17.24,
        "Tcd_MTN": 93.75,
        "Tddu_MTN": 10.530000000000001,
        "Tddd_MTN": 24.68,
        "Dmd_MTN": 3104.08,
        "Dmu_MTN": 9638.2,
        "Ted_ORANGE": 16.36,
        "Tcd_ORANGE": 98.55000000000001,
        "Tddu_ORANGE": 3.4000000000000004,
        "Tddd_ORANGE": 26.6,
        "Dmd_ORANGE": 30654.65,
        "Dmu_ORANGE": 4442.44,
        "rang_Ted_ORANGE": 1,
        "rang_Ted_MTN": 2,
        "rang_Ted_MOOV": 3,
        "rang_Tcd_ORANGE": 1,
        "rang_Tcd_MTN": 2,
        "rang_Tcd_MOOV": 3,
        "rang_Tddd_ORANGE": 2,
        "rang_Tddd_MTN": 1,
        "rang_Tddd_MOOV": 3,
        "rang_Tddu_ORANGE": 1,
        "rang_Tddu_MTN": 2,
        "rang_Tddu_MOOV": 3,
        "rang_Dmd_ORANGE": 3,
        "rang_Dmd_MTN": 2,
        "rang_Dmd_MOOV": 1,
        "rang_Dmu_ORANGE": 2,
        "rang_Dmu_MTN": 3,
        "rang_Dmu_MOOV": 1
      },
      "id": 44
    },
    {
      "type": "Feature",
      "geometry": {
        "coordinates": [
          -4.9920800000000005,
          5.23919
        ],
        "type": "Point"
      },
      "properties": {
        "ADM0_FR": "LAGUNES",
        "ADM0_PCODE": "CI08",
        "ADM1_FR": "GRANDS-PONTS",
        "ADM1_PCODE": "CI115",
        "ADM2_FR": "GRAND-LAHOU",
        "ADM2_PCODE": "CI1502",
        "ADM3_FR": "GRAND-LAHOU",
        "ADM3_PCODE": "CI150204",
        "ADM4_FR": "GRAND-LAHOU",
        "ADM4_PCODE": "C3376",
        "centerLat": 5.24919,
        "centerLng": -5.00208,
        "pop": 28470,
        "Ted_MOOV": 100.0,
        "Tcd_MOOV": 0.0,
        "Tddu_MOOV": 100.0,
        "Tddd_MOOV": 30.0,
        "Dmd_MOOV": 0.0,
        "Dmu_MOOV": 0.0,
        "Ted_MTN": 2.32,
        "Tcd_MTN": 96.44,
        "Tddu_MTN": 27.16,
        "Tddd_MTN": 26.740000000000002,
        "Dmd_MTN": 19709.84,
        "Dmu_MTN": 13585.4,
        "Ted_ORANGE": 1.47,
        "Tcd_ORANGE": 99.26,
        "Tddu_ORANGE": 25.0,
        "Tddd_ORANGE": 23.799999999999997,
        "Dmd_ORANGE": 31520.53,
        "Dmu_ORANGE": 3321.11,
        "rang_Ted_ORANGE": 1,
        "rang_Ted_MTN": 2,
        "rang_Ted_MOOV": 3,
        "rang_Tcd_ORANGE": 1,
        "rang_Tcd_MTN": 2,
        "rang_Tcd_MOOV": 3,
        "rang_Tddd_ORANGE": 1,
        "rang_Tddd_MTN": 2,
        "rang_Tddd_MOOV": 3,
        "rang_Tddu_ORANGE": 1,
        "rang_Tddu_MTN": 2,
        "rang_Tddu_MOOV": 3,
        "rang_Dmd_ORANGE": 3,
        "rang_Dmd_MTN": 2,
        "rang_Dmd_MOOV": 1,
        "rang_Dmu_ORANGE": 2,
        "rang_Dmu_MTN": 3,
        "rang_Dmu_MOOV": 1
      },
      "id": 45
    },
    {
      "type": "Feature",
      "geometry": {
        "coordinates": [
          -4.1452,
          5.815040000000001
        ],
        "type": "Point"
      },
      "properties": {
        "ADM0_FR": "LAGUNES",
        "ADM0_PCODE": "CI08",
        "ADM1_FR": "AGNEBY-TIASSA",
        "ADM1_PCODE": "CI103",
        "ADM2_FR": "AGBOVILLE",
        "ADM2_PCODE": "CI0301",
        "ADM3_FR": "AGBOVILLE",
        "ADM3_PCODE": "CI030102",
        "ADM4_FR": "GRAND-YAPO",
        "ADM4_PCODE": "C3379",
        "centerLat": 5.82504,
        "centerLng": -4.1552,
        "pop": 4428,
        "Ted_MOOV": "null",
        "Tcd_MOOV": "null",
        "Tddu_MOOV": "null",
        "Tddd_MOOV": "null",
        "Dmd_MOOV": "null",
        "Dmu_MOOV": "null",
        "Ted_MTN": 17.09,
        "Tcd_MTN": 100.0,
        "Tddu_MTN": 0.0,
        "Tddd_MTN": 24.36,
        "Dmd_MTN": 31552.09,
        "Dmu_MTN": 18044.26,
        "Ted_ORANGE": 17.119999999999997,
        "Tcd_ORANGE": 100.0,
        "Tddu_ORANGE": 0.0,
        "Tddd_ORANGE": 26.0,
        "Dmd_ORANGE": 14336.5,
        "Dmu_ORANGE": 4721.93,
        "rang_Ted_ORANGE": 2,
        "rang_Ted_MTN": 1,
        "rang_Ted_MOOV": "null",
        "rang_Tcd_ORANGE": 1,
        "rang_Tcd_MTN": 1,
        "rang_Tcd_MOOV": "null",
        "rang_Tddd_ORANGE": 2,
        "rang_Tddd_MTN": 1,
        "rang_Tddd_MOOV": "null",
        "rang_Tddu_ORANGE": 1,
        "rang_Tddu_MTN": 1,
        "rang_Tddu_MOOV": "null",
        "rang_Dmd_ORANGE": 1,
        "rang_Dmd_MTN": 2,
        "rang_Dmd_MOOV": "null",
        "rang_Dmu_ORANGE": 1,
        "rang_Dmu_MTN": 2,
        "rang_Dmu_MOOV": "null"
      },
      "id": 46
    },
    {
      "type": "Feature",
      "geometry": {
        "coordinates": [
          -5.69737,
          6.46414
        ],
        "type": "Point"
      },
      "properties": {
        "ADM0_FR": "GOH-DJIBOUA",
        "ADM0_PCODE": "CI06",
        "ADM1_FR": "GOH",
        "ADM1_PCODE": "CI113",
        "ADM2_FR": "OUME",
        "ADM2_PCODE": "CI1302",
        "ADM3_FR": "GUEPAHOUO",
        "ADM3_PCODE": "CI130203",
        "ADM4_FR": "GUÉPAHOUO",
        "ADM4_PCODE": "C3445",
        "centerLat": 6.47414,
        "centerLng": -5.70737,
        "pop": 20143,
        "Ted_MOOV": "null",
        "Tcd_MOOV": "null",
        "Tddu_MOOV": "null",
        "Tddd_MOOV": "null",
        "Dmd_MOOV": "null",
        "Dmu_MOOV": "null",
        "Ted_MTN": 25.56,
        "Tcd_MTN": 93.94,
        "Tddu_MTN": 14.29,
        "Tddd_MTN": 38.46,
        "Dmd_MTN": 15785.68,
        "Dmu_MTN": 8142.11,
        "Ted_ORANGE": 14.01,
        "Tcd_ORANGE": 99.26,
        "Tddu_ORANGE": 3.4000000000000004,
        "Tddd_ORANGE": 25.5,
        "Dmd_ORANGE": 18293.63,
        "Dmu_ORANGE": 4333.18,
        "rang_Ted_ORANGE": 1,
        "rang_Ted_MTN": 2,
        "rang_Ted_MOOV": "null",
        "rang_Tcd_ORANGE": 1,
        "rang_Tcd_MTN": 2,
        "rang_Tcd_MOOV": "null",
        "rang_Tddd_ORANGE": 1,
        "rang_Tddd_MTN": 2,
        "rang_Tddd_MOOV": "null",
        "rang_Tddu_ORANGE": 1,
        "rang_Tddu_MTN": 2,
        "rang_Tddu_MOOV": "null",
        "rang_Dmd_ORANGE": 2,
        "rang_Dmd_MTN": 1,
        "rang_Dmd_MOOV": "null",
        "rang_Dmu_ORANGE": 1,
        "rang_Dmu_MTN": 2,
        "rang_Dmu_MOOV": "null"
      },
      "id": 47
    },
    {
      "type": "Feature",
      "geometry": {
        "coordinates": [
          -7.47625,
          6.53472
        ],
        "type": "Point"
      },
      "properties": {
        "ADM0_FR": "MONTAGNES",
        "ADM0_PCODE": "CI09",
        "ADM1_FR": "CAVALLY",
        "ADM1_PCODE": "CI109",
        "ADM2_FR": "GUIGLO",
        "ADM2_PCODE": "CI0902",
        "ADM3_FR": "GUIGLO",
        "ADM3_PCODE": "CI090201",
        "ADM4_FR": "GUIGLO",
        "ADM4_PCODE": "C3495",
        "centerLat": 6.54472,
        "centerLng": -7.48625,
        "pop": 52544,
        "Ted_MOOV": 100.0,
        "Tcd_MOOV": 0.0,
        "Tddu_MOOV": 100.0,
        "Tddd_MOOV": 30.0,
        "Dmd_MOOV": 0.0,
        "Dmu_MOOV": 0.0,
        "Ted_MTN": 16.8,
        "Tcd_MTN": 99.52,
        "Tddu_MTN": 0.0,
        "Tddd_MTN": 25.3,
        "Dmd_MTN": 13336.84,
        "Dmu_MTN": 13614.99,
        "Ted_ORANGE": 16.36,
        "Tcd_ORANGE": 99.57000000000001,
        "Tddu_ORANGE": 0.0,
        "Tddd_ORANGE": 25.0,
        "Dmd_ORANGE": 29349.04,
        "Dmu_ORANGE": 4527.09,
        "rang_Ted_ORANGE": 1,
        "rang_Ted_MTN": 2,
        "rang_Ted_MOOV": 3,
        "rang_Tcd_ORANGE": 1,
        "rang_Tcd_MTN": 2,
        "rang_Tcd_MOOV": 3,
        "rang_Tddd_ORANGE": 1,
        "rang_Tddd_MTN": 2,
        "rang_Tddd_MOOV": 3,
        "rang_Tddu_ORANGE": 1,
        "rang_Tddu_MTN": 1,
        "rang_Tddu_MOOV": 3,
        "rang_Dmd_ORANGE": 3,
        "rang_Dmd_MTN": 2,
        "rang_Dmd_MOOV": 1,
        "rang_Dmu_ORANGE": 2,
        "rang_Dmu_MTN": 3,
        "rang_Dmu_MOOV": 1
      },
      "id": 48
    },
    {
      "type": "Feature",
      "geometry": {
        "coordinates": [
          -5.231310000000001,
          5.50964
        ],
        "type": "Point"
      },
      "properties": {
        "ADM0_FR": "GOH-DJIBOUA",
        "ADM0_PCODE": "CI06",
        "ADM1_FR": "LOH-DJIBOUA",
        "ADM1_PCODE": "CI122",
        "ADM2_FR": "GUITRY",
        "ADM2_PCODE": "CI2202",
        "ADM3_FR": "GUITRY",
        "ADM3_PCODE": "CI220201",
        "ADM4_FR": "GUITRY",
        "ADM4_PCODE": "C3525",
        "centerLat": 5.51964,
        "centerLng": -5.24131,
        "pop": 11445,
        "Ted_MOOV": 100.0,
        "Tcd_MOOV": 0.0,
        "Tddu_MOOV": 100.0,
        "Tddd_MOOV": 30.0,
        "Dmd_MOOV": 0.0,
        "Dmu_MOOV": 0.0,
        "Ted_MTN": 17.5,
        "Tcd_MTN": 97.72999999999999,
        "Tddu_MTN": 0.0,
        "Tddd_MTN": 24.529999999999998,
        "Dmd_MTN": 12484.62,
        "Dmu_MTN": 9822.94,
        "Ted_ORANGE": 17.16,
        "Tcd_ORANGE": 99.29,
        "Tddu_ORANGE": 0.0,
        "Tddd_ORANGE": 25.0,
        "Dmd_ORANGE": 20242.26,
        "Dmu_ORANGE": 4226.4,
        "rang_Ted_ORANGE": 1,
        "rang_Ted_MTN": 2,
        "rang_Ted_MOOV": 3,
        "rang_Tcd_ORANGE": 1,
        "rang_Tcd_MTN": 2,
        "rang_Tcd_MOOV": 3,
        "rang_Tddd_ORANGE": 2,
        "rang_Tddd_MTN": 1,
        "rang_Tddd_MOOV": 3,
        "rang_Tddu_ORANGE": 1,
        "rang_Tddu_MTN": 1,
        "rang_Tddu_MOOV": 3,
        "rang_Dmd_ORANGE": 3,
        "rang_Dmd_MTN": 2,
        "rang_Dmd_MOOV": 1,
        "rang_Dmu_ORANGE": 2,
        "rang_Dmu_MTN": 3,
        "rang_Dmu_MOOV": 1
      },
      "id": 49
    },
    {
      "type": "Feature",
      "geometry": {
        "coordinates": [
          -6.57904,
          6.47762
        ],
        "type": "Point"
      },
      "properties": {
        "ADM0_FR": "SASSANDRA-MARAHOUE",
        "ADM0_PCODE": "CI10",
        "ADM1_FR": "HAUT-SASSANDRA",
        "ADM1_PCODE": "CI118",
        "ADM2_FR": "ISSIA",
        "ADM2_PCODE": "CI1802",
        "ADM3_FR": "ISSIA",
        "ADM3_PCODE": "CI180201",
        "ADM4_FR": "ISSIA",
        "ADM4_PCODE": "C3598",
        "centerLat": 6.48762,
        "centerLng": -6.58904,
        "pop": 52660,
        "Ted_MOOV": 100.0,
        "Tcd_MOOV": 0.0,
        "Tddu_MOOV": 100.0,
        "Tddd_MOOV": 30.0,
        "Dmd_MOOV": 0.0,
        "Dmu_MOOV": 0.0,
        "Ted_MTN": 16.76,
        "Tcd_MTN": 95.14,
        "Tddu_MTN": 10.34,
        "Tddd_MTN": 29.57,
        "Dmd_MTN": 4848.34,
        "Dmu_MTN": 7014.58,
        "Ted_ORANGE": 15.790000000000001,
        "Tcd_ORANGE": 100.0,
        "Tddu_ORANGE": 5.0,
        "Tddd_ORANGE": 25.0,
        "Dmd_ORANGE": 34508.26,
        "Dmu_ORANGE": 4559.37,
        "rang_Ted_ORANGE": 1,
        "rang_Ted_MTN": 2,
        "rang_Ted_MOOV": 3,
        "rang_Tcd_ORANGE": 1,
        "rang_Tcd_MTN": 2,
        "rang_Tcd_MOOV": 3,
        "rang_Tddd_ORANGE": 1,
        "rang_Tddd_MTN": 2,
        "rang_Tddd_MOOV": 3,
        "rang_Tddu_ORANGE": 1,
        "rang_Tddu_MTN": 2,
        "rang_Tddu_MOOV": 3,
        "rang_Dmd_ORANGE": 3,
        "rang_Dmd_MTN": 2,
        "rang_Dmd_MOOV": 1,
        "rang_Dmu_ORANGE": 2,
        "rang_Dmu_MTN": 3,
        "rang_Dmu_MOOV": 1
      },
      "id": 50
    },
    {
      "type": "Feature",
      "geometry": {
        "coordinates": [
          -4.6025100000000005,
          9.14113
        ],
        "type": "Point"
      },
      "properties": {
        "ADM0_FR": "SAVANES",
        "ADM0_PCODE": "CI11",
        "ADM1_FR": "TCHOLOGO",
        "ADM1_PCODE": "CI131",
        "ADM2_FR": "KONG",
        "ADM2_PCODE": "CI3102",
        "ADM3_FR": "KONG",
        "ADM3_PCODE": "CI310201",
        "ADM4_FR": "KONG",
        "ADM4_PCODE": "C4324",
        "centerLat": 9.15113,
        "centerLng": -4.61251,
        "pop": 11774,
        "Ted_MOOV": 100.0,
        "Tcd_MOOV": 0.0,
        "Tddu_MOOV": 100.0,
        "Tddd_MOOV": 30.0,
        "Dmd_MOOV": 0.0,
        "Dmu_MOOV": 0.0,
        "Ted_MTN": 4.07,
        "Tcd_MTN": 97.64,
        "Tddu_MTN": 47.760000000000005,
        "Tddd_MTN": 24.14,
        "Dmd_MTN": 27863.67,
        "Dmu_MTN": 10082.11,
        "Ted_ORANGE": 0.88,
        "Tcd_ORANGE": 100.0,
        "Tddu_ORANGE": 49.33,
        "Tddd_ORANGE": 24.67,
        "Dmd_ORANGE": 33000.36,
        "Dmu_ORANGE": 2452.71,
        "rang_Ted_ORANGE": 1,
        "rang_Ted_MTN": 2,
        "rang_Ted_MOOV": 3,
        "rang_Tcd_ORANGE": 1,
        "rang_Tcd_MTN": 2,
        "rang_Tcd_MOOV": 3,
        "rang_Tddd_ORANGE": 2,
        "rang_Tddd_MTN": 1,
        "rang_Tddd_MOOV": 3,
        "rang_Tddu_ORANGE": 2,
        "rang_Tddu_MTN": 1,
        "rang_Tddu_MOOV": 3,
        "rang_Dmd_ORANGE": 3,
        "rang_Dmd_MTN": 2,
        "rang_Dmd_MOOV": 1,
        "rang_Dmu_ORANGE": 2,
        "rang_Dmu_MTN": 3,
        "rang_Dmu_MOOV": 1
      },
      "id": 51
    },
    {
      "type": "Feature",
      "geometry": {
        "coordinates": [
          -5.6275,
          9.44799
        ],
        "type": "Point"
      },
      "properties": {
        "ADM0_FR": "SAVANES",
        "ADM0_PCODE": "CI11",
        "ADM1_FR": "PORO",
        "ADM1_PCODE": "CI128",
        "ADM2_FR": "KORHOGO",
        "ADM2_PCODE": "CI2802",
        "ADM3_FR": "KORHOGO",
        "ADM3_PCODE": "CI280201",
        "ADM4_FR": "KORHOGO",
        "ADM4_PCODE": "C4410",
        "centerLat": 9.45799,
        "centerLng": -5.6375,
        "pop": 243048,
        "Ted_MOOV": 100.0,
        "Tcd_MOOV": 0.0,
        "Tddu_MOOV": 100.0,
        "Tddd_MOOV": 30.0,
        "Dmd_MOOV": 0.0,
        "Dmu_MOOV": 0.0,
        "Ted_MTN": 15.49,
        "Tcd_MTN": 95.96000000000001,
        "Tddu_MTN": 9.86,
        "Tddd_MTN": 27.089999999999996,
        "Dmd_MTN": 26830.27,
        "Dmu_MTN": 19508.07,
        "Ted_ORANGE": 15.010000000000002,
        "Tcd_ORANGE": 98.74000000000001,
        "Tddu_ORANGE": 11.110000000000001,
        "Tddd_ORANGE": 25.31,
        "Dmd_ORANGE": 25027.0,
        "Dmu_ORANGE": 4155.05,
        "rang_Ted_ORANGE": 1,
        "rang_Ted_MTN": 2,
        "rang_Ted_MOOV": 3,
        "rang_Tcd_ORANGE": 1,
        "rang_Tcd_MTN": 2,
        "rang_Tcd_MOOV": 3,
        "rang_Tddd_ORANGE": 1,
        "rang_Tddd_MTN": 2,
        "rang_Tddd_MOOV": 3,
        "rang_Tddu_ORANGE": 2,
        "rang_Tddu_MTN": 1,
        "rang_Tddu_MOOV": 3,
        "rang_Dmd_ORANGE": 2,
        "rang_Dmd_MTN": 3,
        "rang_Dmd_MOOV": 1,
        "rang_Dmu_ORANGE": 2,
        "rang_Dmu_MTN": 3,
        "rang_Dmu_MOOV": 1
      },
      "id": 52
    },
    {
      "type": "Feature",
      "geometry": {
        "coordinates": [
          -5.673830000000001,
          5.83907
        ],
        "type": "Point"
      },
      "properties": {
        "ADM0_FR": "GOH-DJIBOUA",
        "ADM0_PCODE": "CI06",
        "ADM1_FR": "LOH-DJIBOUA",
        "ADM1_PCODE": "CI122",
        "ADM2_FR": "LAKOTA",
        "ADM2_PCODE": "CI2203",
        "ADM3_FR": "LAKOTA",
        "ADM3_PCODE": "CI220301",
        "ADM4_FR": "LAKOTA",
        "ADM4_PCODE": "C4974",
        "centerLat": 5.84907,
        "centerLng": -5.68383,
        "pop": 24976,
        "Ted_MOOV": 100.0,
        "Tcd_MOOV": 0.0,
        "Tddu_MOOV": 100.0,
        "Tddd_MOOV": 30.0,
        "Dmd_MOOV": 0.0,
        "Dmu_MOOV": 0.0,
        "Ted_MTN": 16.669999999999998,
        "Tcd_MTN": 99.26,
        "Tddu_MTN": 0.0,
        "Tddd_MTN": 25.0,
        "Dmd_MTN": 10636.16,
        "Dmu_MTN": 8770.17,
        "Ted_ORANGE": 16.84,
        "Tcd_ORANGE": 100.0,
        "Tddu_ORANGE": 0.0,
        "Tddd_ORANGE": 25.4,
        "Dmd_ORANGE": 32475.43,
        "Dmu_ORANGE": 4670.95,
        "rang_Ted_ORANGE": 2,
        "rang_Ted_MTN": 1,
        "rang_Ted_MOOV": 3,
        "rang_Tcd_ORANGE": 1,
        "rang_Tcd_MTN": 2,
        "rang_Tcd_MOOV": 3,
        "rang_Tddd_ORANGE": 2,
        "rang_Tddd_MTN": 1,
        "rang_Tddd_MOOV": 3,
        "rang_Tddu_ORANGE": 1,
        "rang_Tddu_MTN": 1,
        "rang_Tddu_MOOV": 3,
        "rang_Dmd_ORANGE": 3,
        "rang_Dmd_MTN": 2,
        "rang_Dmd_MOOV": 1,
        "rang_Dmu_ORANGE": 2,
        "rang_Dmu_MTN": 3,
        "rang_Dmu_MOOV": 1
      },
      "id": 53
    },
    {
      "type": "Feature",
      "geometry": {
        "coordinates": [
          -5.24,
          8.05
        ],
        "type": "Point"
      },
      "properties": {
        "ADM0_FR": "VALLEE DU BANDAMA",
        "ADM0_PCODE": "CI12",
        "ADM1_FR": "HAMBOL",
        "ADM1_PCODE": "CI117",
        "ADM2_FR": "KATIOLA",
        "ADM2_PCODE": "CI1702",
        "ADM3_FR": "KATIOLA",
        "ADM3_PCODE": "CI170201",
        "ADM4_FR": "LOGBONOU",
        "ADM4_PCODE": "C5145",
        "centerLat": 8.06,
        "centerLng": -5.25,
        "pop": 7545,
        "Ted_MOOV": "null",
        "Tcd_MOOV": "null",
        "Tddu_MOOV": "null",
        "Tddd_MOOV": "null",
        "Dmd_MOOV": "null",
        "Dmu_MOOV": "null",
        "Ted_MTN": 19.78,
        "Tcd_MTN": 65.75,
        "Tddu_MTN": 6.25,
        "Tddd_MTN": 24.560000000000002,
        "Dmd_MTN": 3782.48,
        "Dmu_MTN": 1423.06,
        "Ted_ORANGE": 14.06,
        "Tcd_ORANGE": 100.0,
        "Tddu_ORANGE": 8.33,
        "Tddd_ORANGE": 25.580000000000002,
        "Dmd_ORANGE": 27611.71,
        "Dmu_ORANGE": 4436.4,
        "rang_Ted_ORANGE": 1,
        "rang_Ted_MTN": 2,
        "rang_Ted_MOOV": "null",
        "rang_Tcd_ORANGE": 1,
        "rang_Tcd_MTN": 2,
        "rang_Tcd_MOOV": "null",
        "rang_Tddd_ORANGE": 2,
        "rang_Tddd_MTN": 1,
        "rang_Tddd_MOOV": "null",
        "rang_Tddu_ORANGE": 2,
        "rang_Tddu_MTN": 1,
        "rang_Tddu_MOOV": "null",
        "rang_Dmd_ORANGE": 2,
        "rang_Dmd_MTN": 1,
        "rang_Dmd_MOOV": "null",
        "rang_Dmu_ORANGE": 2,
        "rang_Dmu_MTN": 1,
        "rang_Dmu_MOOV": "null"
      },
      "id": 54
    },
    {
      "type": "Feature",
      "geometry": {
        "coordinates": [
          -7.544420000000001,
          7.39545
        ],
        "type": "Point"
      },
      "properties": {
        "ADM0_FR": "MONTAGNES",
        "ADM0_PCODE": "CI09",
        "ADM1_FR": "TONKPI",
        "ADM1_PCODE": "CI132",
        "ADM2_FR": "MAN",
        "ADM2_PCODE": "CI3203",
        "ADM3_FR": "MAN",
        "ADM3_PCODE": "CI320301",
        "ADM4_FR": "MAN",
        "ADM4_PCODE": "C5323",
        "centerLat": 7.40545,
        "centerLng": -7.55442,
        "pop": 149041,
        "Ted_MOOV": 100.0,
        "Tcd_MOOV": 0.0,
        "Tddu_MOOV": 100.0,
        "Tddd_MOOV": 30.0,
        "Dmd_MOOV": 0.0,
        "Dmu_MOOV": 0.0,
        "Ted_MTN": 16.42,
        "Tcd_MTN": 98.69,
        "Tddu_MTN": 2.13,
        "Tddd_MTN": 25.27,
        "Dmd_MTN": 23455.67,
        "Dmu_MTN": 16158.57,
        "Ted_ORANGE": 15.85,
        "Tcd_ORANGE": 97.1,
        "Tddu_ORANGE": 0.0,
        "Tddd_ORANGE": 24.85,
        "Dmd_ORANGE": 22570.89,
        "Dmu_ORANGE": 4365.56,
        "rang_Ted_ORANGE": 1,
        "rang_Ted_MTN": 2,
        "rang_Ted_MOOV": 3,
        "rang_Tcd_ORANGE": 2,
        "rang_Tcd_MTN": 1,
        "rang_Tcd_MOOV": 3,
        "rang_Tddd_ORANGE": 1,
        "rang_Tddd_MTN": 2,
        "rang_Tddd_MOOV": 3,
        "rang_Tddu_ORANGE": 1,
        "rang_Tddu_MTN": 2,
        "rang_Tddu_MOOV": 3,
        "rang_Dmd_ORANGE": 2,
        "rang_Dmd_MTN": 3,
        "rang_Dmd_MOOV": 1,
        "rang_Dmu_ORANGE": 2,
        "rang_Dmu_MTN": 3,
        "rang_Dmu_MOOV": 1
      },
      "id": 55
    },
    {
      "type": "Feature",
      "geometry": {
        "coordinates": [
          -6.639060000000001,
          6.92244
        ],
        "type": "Point"
      },
      "properties": {
        "ADM0_FR": "WOROBA",
        "ADM0_PCODE": "CI13",
        "ADM1_FR": "WORODOUGOU",
        "ADM1_PCODE": "CI133",
        "ADM2_FR": "SEGUELA",
        "ADM2_PCODE": "CI3302",
        "ADM3_FR": "WOROFLA",
        "ADM3_PCODE": "CI330207",
        "ADM4_FR": "MANKONO",
        "ADM4_PCODE": "C5355",
        "centerLat": 6.93244,
        "centerLng": -6.64906,
        "pop": 1576,
        "Ted_MOOV": 100.0,
        "Tcd_MOOV": 0.0,
        "Tddu_MOOV": 100.0,
        "Tddd_MOOV": 30.0,
        "Dmd_MOOV": 0.0,
        "Dmu_MOOV": 0.0,
        "Ted_MTN": 19.75,
        "Tcd_MTN": 96.83,
        "Tddu_MTN": 8.0,
        "Tddd_MTN": 30.69,
        "Dmd_MTN": 9195.6,
        "Dmu_MTN": 10334.82,
        "Ted_ORANGE": 16.76,
        "Tcd_ORANGE": 97.92,
        "Tddu_ORANGE": 3.45,
        "Tddd_ORANGE": 25.22,
        "Dmd_ORANGE": 29694.88,
        "Dmu_ORANGE": 4351.61,
        "rang_Ted_ORANGE": 1,
        "rang_Ted_MTN": 2,
        "rang_Ted_MOOV": 3,
        "rang_Tcd_ORANGE": 1,
        "rang_Tcd_MTN": 2,
        "rang_Tcd_MOOV": 3,
        "rang_Tddd_ORANGE": 1,
        "rang_Tddd_MTN": 3,
        "rang_Tddd_MOOV": 2,
        "rang_Tddu_ORANGE": 1,
        "rang_Tddu_MTN": 2,
        "rang_Tddu_MOOV": 3,
        "rang_Dmd_ORANGE": 3,
        "rang_Dmd_MTN": 2,
        "rang_Dmd_MOOV": 1,
        "rang_Dmu_ORANGE": 2,
        "rang_Dmu_MTN": 3,
        "rang_Dmu_MOOV": 1
      },
      "id": 56
    },
    {
      "type": "Feature",
      "geometry": {
        "coordinates": [
          -4.33,
          7.45
        ],
        "type": "Point"
      },
      "properties": {
        "ADM0_FR": "LACS",
        "ADM0_PCODE": "CI07",
        "ADM1_FR": "IFFOU",
        "ADM1_PCODE": "CI119",
        "ADM2_FR": "M'BAHIAKRO",
        "ADM2_PCODE": "CI1902",
        "ADM3_FR": "M'BAHIAKRO",
        "ADM3_PCODE": "CI190201",
        "ADM4_FR": "M'BAHIAKRO",
        "ADM4_PCODE": "C5412",
        "centerLat": 7.46,
        "centerLng": -4.34,
        "pop": 14894,
        "Ted_MOOV": 100.0,
        "Tcd_MOOV": 0.0,
        "Tddu_MOOV": 100.0,
        "Tddd_MOOV": 30.0,
        "Dmd_MOOV": 0.0,
        "Dmu_MOOV": 0.0,
        "Ted_MTN": 22.16,
        "Tcd_MTN": 98.00999999999999,
        "Tddu_MTN": 7.140000000000001,
        "Tddd_MTN": 24.39,
        "Dmd_MTN": 11873.71,
        "Dmu_MTN": 10321.62,
        "Ted_ORANGE": 17.27,
        "Tcd_ORANGE": 100.0,
        "Tddu_ORANGE": 0.0,
        "Tddd_ORANGE": 26.71,
        "Dmd_ORANGE": 40755.93,
        "Dmu_ORANGE": 4729.02,
        "rang_Ted_ORANGE": 1,
        "rang_Ted_MTN": 2,
        "rang_Ted_MOOV": 3,
        "rang_Tcd_ORANGE": 1,
        "rang_Tcd_MTN": 2,
        "rang_Tcd_MOOV": 3,
        "rang_Tddd_ORANGE": 2,
        "rang_Tddd_MTN": 1,
        "rang_Tddd_MOOV": 3,
        "rang_Tddu_ORANGE": 1,
        "rang_Tddu_MTN": 2,
        "rang_Tddu_MOOV": 3,
        "rang_Dmd_ORANGE": 3,
        "rang_Dmd_MTN": 2,
        "rang_Dmd_MOOV": 1,
        "rang_Dmu_ORANGE": 2,
        "rang_Dmu_MTN": 3,
        "rang_Dmu_MOOV": 1
      },
      "id": 57
    },
    {
      "type": "Feature",
      "geometry": {
        "coordinates": [
          -6.54634,
          5.39618
        ],
        "type": "Point"
      },
      "properties": {
        "ADM0_FR": "BAS-SASSANDRA",
        "ADM0_PCODE": "CI01",
        "ADM1_FR": "NAWA",
        "ADM1_PCODE": "CI126",
        "ADM2_FR": "MEAGUI",
        "ADM2_PCODE": "CI2603",
        "ADM3_FR": "MEAGUI",
        "ADM3_PCODE": "CI260301",
        "ADM4_FR": "MÉAGUI",
        "ADM4_PCODE": "C5452",
        "centerLat": 5.40618,
        "centerLng": -6.55634,
        "pop": 57367,
        "Ted_MOOV": 100.0,
        "Tcd_MOOV": 0.0,
        "Tddu_MOOV": 100.0,
        "Tddd_MOOV": 30.0,
        "Dmd_MOOV": 0.0,
        "Dmu_MOOV": 0.0,
        "Ted_MTN": 14.96,
        "Tcd_MTN": 94.97,
        "Tddu_MTN": 11.360000000000001,
        "Tddd_MTN": 25.16,
        "Dmd_MTN": 9457.57,
        "Dmu_MTN": 14223.1,
        "Ted_ORANGE": 16.669999999999998,
        "Tcd_ORANGE": 100.0,
        "Tddu_ORANGE": 2.22,
        "Tddd_ORANGE": 25.14,
        "Dmd_ORANGE": 25622.21,
        "Dmu_ORANGE": 4536.25,
        "rang_Ted_ORANGE": 2,
        "rang_Ted_MTN": 1,
        "rang_Ted_MOOV": 3,
        "rang_Tcd_ORANGE": 1,
        "rang_Tcd_MTN": 2,
        "rang_Tcd_MOOV": 3,
        "rang_Tddd_ORANGE": 1,
        "rang_Tddd_MTN": 2,
        "rang_Tddd_MOOV": 3,
        "rang_Tddu_ORANGE": 1,
        "rang_Tddu_MTN": 2,
        "rang_Tddu_MOOV": 3,
        "rang_Dmd_ORANGE": 3,
        "rang_Dmd_MTN": 2,
        "rang_Dmd_MOOV": 1,
        "rang_Dmu_ORANGE": 2,
        "rang_Dmu_MTN": 3,
        "rang_Dmu_MOOV": 1
      },
      "id": 58
    },
    {
      "type": "Feature",
      "geometry": {
        "coordinates": [
          -7.55213,
          9.49687
        ],
        "type": "Point"
      },
      "properties": {
        "ADM0_FR": "DENGUELE",
        "ADM0_PCODE": "CI03",
        "ADM1_FR": "KABADOUGOU",
        "ADM1_PCODE": "CI121",
        "ADM2_FR": "ODIENNE",
        "ADM2_PCODE": "CI2103",
        "ADM3_FR": "ODIENNE",
        "ADM3_PCODE": "CI210301",
        "ADM4_FR": "ODIENNE",
        "ADM4_PCODE": "C6210",
        "centerLat": 9.50687,
        "centerLng": -7.56213,
        "pop": 42173,
        "Ted_MOOV": 100.0,
        "Tcd_MOOV": 0.0,
        "Tddu_MOOV": 100.0,
        "Tddd_MOOV": 30.0,
        "Dmd_MOOV": 0.0,
        "Dmu_MOOV": 0.0,
        "Ted_MTN": 16.669999999999998,
        "Tcd_MTN": 100.0,
        "Tddu_MTN": 0.0,
        "Tddd_MTN": 25.0,
        "Dmd_MTN": 12051.24,
        "Dmu_MTN": 17032.83,
        "Ted_ORANGE": 17.07,
        "Tcd_ORANGE": 100.0,
        "Tddu_ORANGE": 0.0,
        "Tddd_ORANGE": 25.0,
        "Dmd_ORANGE": 18033.24,
        "Dmu_ORANGE": 4605.67,
        "rang_Ted_ORANGE": 2,
        "rang_Ted_MTN": 1,
        "rang_Ted_MOOV": 3,
        "rang_Tcd_ORANGE": 1,
        "rang_Tcd_MTN": 1,
        "rang_Tcd_MOOV": 3,
        "rang_Tddd_ORANGE": 1,
        "rang_Tddd_MTN": 1,
        "rang_Tddd_MOOV": 3,
        "rang_Tddu_ORANGE": 1,
        "rang_Tddu_MTN": 1,
        "rang_Tddu_MOOV": 3,
        "rang_Dmd_ORANGE": 3,
        "rang_Dmd_MTN": 2,
        "rang_Dmd_MOOV": 1,
        "rang_Dmu_ORANGE": 2,
        "rang_Dmu_MTN": 3,
        "rang_Dmu_MOOV": 1
      },
      "id": 59
    },
    {
      "type": "Feature",
      "geometry": {
        "coordinates": [
          -5.14419,
          9.95711
        ],
        "type": "Point"
      },
      "properties": {
        "ADM0_FR": "SAVANES",
        "ADM0_PCODE": "CI11",
        "ADM1_FR": "TCHOLOGO",
        "ADM1_PCODE": "CI131",
        "ADM2_FR": "OUANGOLODOUGOU",
        "ADM2_PCODE": "CI3103",
        "ADM3_FR": "OUANGOLODOUGOU",
        "ADM3_PCODE": "CI310301",
        "ADM4_FR": "OUANGOLODOUGOU",
        "ADM4_PCODE": "C6291",
        "centerLat": 9.96711,
        "centerLng": -5.15419,
        "pop": 37991,
        "Ted_MOOV": 100.0,
        "Tcd_MOOV": 0.0,
        "Tddu_MOOV": 100.0,
        "Tddd_MOOV": 30.0,
        "Dmd_MOOV": 0.0,
        "Dmu_MOOV": 0.0,
        "Ted_MTN": 20.61,
        "Tcd_MTN": 95.03,
        "Tddu_MTN": 24.44,
        "Tddd_MTN": 33.82,
        "Dmd_MTN": 9571.75,
        "Dmu_MTN": 5976.49,
        "Ted_ORANGE": 13.65,
        "Tcd_ORANGE": 98.29,
        "Tddu_ORANGE": 19.64,
        "Tddd_ORANGE": 26.97,
        "Dmd_ORANGE": 19536.23,
        "Dmu_ORANGE": 3539.57,
        "rang_Ted_ORANGE": 1,
        "rang_Ted_MTN": 2,
        "rang_Ted_MOOV": 3,
        "rang_Tcd_ORANGE": 1,
        "rang_Tcd_MTN": 2,
        "rang_Tcd_MOOV": 3,
        "rang_Tddd_ORANGE": 1,
        "rang_Tddd_MTN": 3,
        "rang_Tddd_MOOV": 2,
        "rang_Tddu_ORANGE": 1,
        "rang_Tddu_MTN": 2,
        "rang_Tddu_MOOV": 3,
        "rang_Dmd_ORANGE": 3,
        "rang_Dmd_MTN": 2,
        "rang_Dmd_MOOV": 1,
        "rang_Dmu_ORANGE": 2,
        "rang_Dmu_MTN": 3,
        "rang_Dmu_MOOV": 1
      },
      "id": 60
    },
    {
      "type": "Feature",
      "geometry": {
        "coordinates": [
          -6.3133,
          9.51571
        ],
        "type": "Point"
      },
      "properties": {
        "ADM0_FR": "SAVANES",
        "ADM0_PCODE": "CI11",
        "ADM1_FR": "BAGOUE",
        "ADM1_PCODE": "CI105",
        "ADM2_FR": "BOUNDIALI",
        "ADM2_PCODE": "CI0501",
        "ADM3_FR": "SIEMPURGO",
        "ADM3_PCODE": "CI050105",
        "ADM4_FR": "PONONDOUGOU",
        "ADM4_PCODE": "C6608",
        "centerLat": 9.52571,
        "centerLng": -6.3233,
        "pop": 2085,
        "Ted_MOOV": "null",
        "Tcd_MOOV": "null",
        "Tddu_MOOV": "null",
        "Tddd_MOOV": "null",
        "Dmd_MOOV": "null",
        "Dmu_MOOV": "null",
        "Ted_MTN": 18.099999999999998,
        "Tcd_MTN": 100.0,
        "Tddu_MTN": 0.0,
        "Tddd_MTN": 26.47,
        "Dmd_MTN": 13492.94,
        "Dmu_MTN": 13969.42,
        "Ted_ORANGE": 17.29,
        "Tcd_ORANGE": 100.0,
        "Tddu_ORANGE": 0.0,
        "Tddd_ORANGE": 25.0,
        "Dmd_ORANGE": 52004.88,
        "Dmu_ORANGE": 4793.39,
        "rang_Ted_ORANGE": 1,
        "rang_Ted_MTN": 2,
        "rang_Ted_MOOV": "null",
        "rang_Tcd_ORANGE": 1,
        "rang_Tcd_MTN": 1,
        "rang_Tcd_MOOV": "null",
        "rang_Tddd_ORANGE": 1,
        "rang_Tddd_MTN": 2,
        "rang_Tddd_MOOV": "null",
        "rang_Tddu_ORANGE": 1,
        "rang_Tddu_MTN": 1,
        "rang_Tddu_MOOV": "null",
        "rang_Dmd_ORANGE": 2,
        "rang_Dmd_MTN": 1,
        "rang_Dmd_MOOV": "null",
        "rang_Dmu_ORANGE": 1,
        "rang_Dmu_MTN": 2,
        "rang_Dmu_MOOV": "null"
      },
      "id": 61
    },
    {
      "type": "Feature",
      "geometry": {
        "coordinates": [
          -4.8792,
          7.391570000000001
        ],
        "type": "Point"
      },
      "properties": {
        "ADM0_FR": "LACS",
        "ADM0_PCODE": "CI07",
        "ADM1_FR": "BELIER",
        "ADM1_PCODE": "CI106",
        "ADM2_FR": "DIDIEVI",
        "ADM2_PCODE": "CI0601",
        "ADM3_FR": "RAVIART",
        "ADM3_PCODE": "CI060104",
        "ADM4_FR": "RAVIART",
        "ADM4_PCODE": "C6662",
        "centerLat": 7.40157,
        "centerLng": -4.8892,
        "pop": 6047,
        "Ted_MOOV": "null",
        "Tcd_MOOV": "null",
        "Tddu_MOOV": "null",
        "Tddd_MOOV": "null",
        "Dmd_MOOV": "null",
        "Dmu_MOOV": "null",
        "Ted_MTN": 18.02,
        "Tcd_MTN": 97.87,
        "Tddu_MTN": 6.67,
        "Tddd_MTN": 24.32,
        "Dmd_MTN": 27721.43,
        "Dmu_MTN": 14407.01,
        "Ted_ORANGE": 17.5,
        "Tcd_ORANGE": 100.0,
        "Tddu_ORANGE": 0.0,
        "Tddd_ORANGE": 24.529999999999998,
        "Dmd_ORANGE": 22301.66,
        "Dmu_ORANGE": 4872.13,
        "rang_Ted_ORANGE": 1,
        "rang_Ted_MTN": 2,
        "rang_Ted_MOOV": "null",
        "rang_Tcd_ORANGE": 1,
        "rang_Tcd_MTN": 2,
        "rang_Tcd_MOOV": "null",
        "rang_Tddd_ORANGE": 2,
        "rang_Tddd_MTN": 1,
        "rang_Tddd_MOOV": "null",
        "rang_Tddu_ORANGE": 1,
        "rang_Tddu_MTN": 2,
        "rang_Tddu_MOOV": "null",
        "rang_Dmd_ORANGE": 1,
        "rang_Dmd_MTN": 2,
        "rang_Dmd_MOOV": "null",
        "rang_Dmu_ORANGE": 1,
        "rang_Dmu_MTN": 2,
        "rang_Dmu_MOOV": "null"
      },
      "id": 62
    },
    {
      "type": "Feature",
      "geometry": {
        "coordinates": [
          -6.60973,
          4.72809
        ],
        "type": "Point"
      },
      "properties": {
        "ADM0_FR": "BAS-SASSANDRA",
        "ADM0_PCODE": "CI01",
        "ADM1_FR": "SAN-PEDRO",
        "ADM1_PCODE": "CI129",
        "ADM2_FR": "SAN-PEDRO",
        "ADM2_PCODE": "CI2901",
        "ADM3_FR": "SAN-PEDRO",
        "ADM3_PCODE": "CI290101",
        "ADM4_FR": "SAN-PEDRO",
        "ADM4_PCODE": "C6807",
        "centerLat": 4.73809,
        "centerLng": -6.61973,
        "pop": 164944,
        "Ted_MOOV": 100.0,
        "Tcd_MOOV": 0.0,
        "Tddu_MOOV": 100.0,
        "Tddd_MOOV": 30.0,
        "Dmd_MOOV": 0.0,
        "Dmu_MOOV": 0.0,
        "Ted_MTN": 13.5,
        "Tcd_MTN": 97.87,
        "Tddu_MTN": 23.16,
        "Tddd_MTN": 25.3,
        "Dmd_MTN": 22079.6,
        "Dmu_MTN": 14884.21,
        "Ted_ORANGE": 11.93,
        "Tcd_ORANGE": 98.42,
        "Tddu_ORANGE": 23.3,
        "Tddd_ORANGE": 23.53,
        "Dmd_ORANGE": 34168.07,
        "Dmu_ORANGE": 3622.31,
        "rang_Ted_ORANGE": 1,
        "rang_Ted_MTN": 2,
        "rang_Ted_MOOV": 3,
        "rang_Tcd_ORANGE": 1,
        "rang_Tcd_MTN": 2,
        "rang_Tcd_MOOV": 3,
        "rang_Tddd_ORANGE": 1,
        "rang_Tddd_MTN": 2,
        "rang_Tddd_MOOV": 3,
        "rang_Tddu_ORANGE": 2,
        "rang_Tddu_MTN": 1,
        "rang_Tddu_MOOV": 3,
        "rang_Dmd_ORANGE": 3,
        "rang_Dmd_MTN": 2,
        "rang_Dmd_MOOV": 1,
        "rang_Dmu_ORANGE": 2,
        "rang_Dmu_MTN": 3,
        "rang_Dmu_MOOV": 1
      },
      "id": 63
    },
    {
      "type": "Feature",
      "geometry": {
        "coordinates": [
          -6.66313,
          7.95253
        ],
        "type": "Point"
      },
      "properties": {
        "ADM0_FR": "WOROBA",
        "ADM0_PCODE": "CI13",
        "ADM1_FR": "WORODOUGOU",
        "ADM1_PCODE": "CI133",
        "ADM2_FR": "SEGUELA",
        "ADM2_PCODE": "CI3302",
        "ADM3_FR": "SEGUELA",
        "ADM3_PCODE": "CI330201",
        "ADM4_FR": "SÉGUÉLA",
        "ADM4_PCODE": "C6882",
        "centerLat": 7.96253,
        "centerLng": -6.67313,
        "pop": 46189,
        "Ted_MOOV": 100.0,
        "Tcd_MOOV": 0.0,
        "Tddu_MOOV": 100.0,
        "Tddd_MOOV": 30.0,
        "Dmd_MOOV": 0.0,
        "Dmu_MOOV": 0.0,
        "Ted_MTN": 21.05,
        "Tcd_MTN": 89.33,
        "Tddu_MTN": 3.3300000000000005,
        "Tddd_MTN": 35.0,
        "Dmd_MTN": 2166.76,
        "Dmu_MTN": 13125.66,
        "Ted_ORANGE": 16.669999999999998,
        "Tcd_ORANGE": 100.0,
        "Tddu_ORANGE": 0.0,
        "Tddd_ORANGE": 25.0,
        "Dmd_ORANGE": 32841.04,
        "Dmu_ORANGE": 4604.95,
        "rang_Ted_ORANGE": 1,
        "rang_Ted_MTN": 2,
        "rang_Ted_MOOV": 3,
        "rang_Tcd_ORANGE": 1,
        "rang_Tcd_MTN": 2,
        "rang_Tcd_MOOV": 3,
        "rang_Tddd_ORANGE": 1,
        "rang_Tddd_MTN": 3,
        "rang_Tddd_MOOV": 2,
        "rang_Tddu_ORANGE": 1,
        "rang_Tddu_MTN": 2,
        "rang_Tddu_MOOV": 3,
        "rang_Dmd_ORANGE": 3,
        "rang_Dmd_MTN": 2,
        "rang_Dmd_MOOV": 1,
        "rang_Dmu_ORANGE": 2,
        "rang_Dmu_MTN": 3,
        "rang_Dmu_MOOV": 1
      },
      "id": 64
    },
    {
      "type": "Feature",
      "geometry": {
        "coordinates": [
          -4.70605,
          9.43204
        ],
        "type": "Point"
      },
      "properties": {
        "ADM0_FR": "SAVANES",
        "ADM0_PCODE": "CI11",
        "ADM1_FR": "TCHOLOGO",
        "ADM1_PCODE": "CI131",
        "ADM2_FR": "KONG",
        "ADM2_PCODE": "CI3102",
        "ADM3_FR": "SIKOLO",
        "ADM3_PCODE": "CI310204",
        "ADM4_FR": "SIKOLO",
        "ADM4_PCODE": "C7023",
        "centerLat": 9.44204,
        "centerLng": -4.71605,
        "pop": 3384,
        "Ted_MOOV": "null",
        "Tcd_MOOV": "null",
        "Tddu_MOOV": "null",
        "Tddd_MOOV": "null",
        "Dmd_MOOV": "null",
        "Dmu_MOOV": "null",
        "Ted_MTN": 8.51,
        "Tcd_MTN": 98.83999999999999,
        "Tddu_MTN": 36.96,
        "Tddd_MTN": 24.6,
        "Dmd_MTN": 21917.17,
        "Dmu_MTN": 9138.45,
        "Ted_ORANGE": 8.25,
        "Tcd_ORANGE": 100.0,
        "Tddu_ORANGE": 35.42,
        "Tddd_ORANGE": 23.849999999999998,
        "Dmd_ORANGE": 33547.15,
        "Dmu_ORANGE": 3204.63,
        "rang_Ted_ORANGE": 1,
        "rang_Ted_MTN": 2,
        "rang_Ted_MOOV": "null",
        "rang_Tcd_ORANGE": 1,
        "rang_Tcd_MTN": 2,
        "rang_Tcd_MOOV": "null",
        "rang_Tddd_ORANGE": 1,
        "rang_Tddd_MTN": 2,
        "rang_Tddd_MOOV": "null",
        "rang_Tddu_ORANGE": 1,
        "rang_Tddu_MTN": 2,
        "rang_Tddu_MOOV": "null",
        "rang_Dmd_ORANGE": 2,
        "rang_Dmd_MTN": 1,
        "rang_Dmd_MOOV": "null",
        "rang_Dmu_ORANGE": 1,
        "rang_Dmu_MTN": 2,
        "rang_Dmu_MOOV": "null"
      },
      "id": 65
    },
    {
      "type": "Feature",
      "geometry": {
        "coordinates": [
          -5.90517,
          6.61035
        ],
        "type": "Point"
      },
      "properties": {
        "ADM0_FR": "SASSANDRA-MARAHOUE",
        "ADM0_PCODE": "CI10",
        "ADM1_FR": "MARAHOUE",
        "ADM1_PCODE": "CI123",
        "ADM2_FR": "SINFRA",
        "ADM2_PCODE": "CI2302",
        "ADM3_FR": "SINFRA",
        "ADM3_PCODE": "CI230201",
        "ADM4_FR": "SINFRA",
        "ADM4_PCODE": "C7045",
        "centerLat": 6.62035,
        "centerLng": -5.91517,
        "pop": 80658,
        "Ted_MOOV": 17.330000000000002,
        "Tcd_MOOV": 90.32,
        "Tddu_MOOV": 0.0,
        "Tddd_MOOV": 26.529999999999998,
        "Dmd_MOOV": 5057.92,
        "Dmu_MOOV": 18284.03,
        "Ted_MTN": 17.68,
        "Tcd_MTN": 97.55,
        "Tddu_MTN": 0.0,
        "Tddd_MTN": 24.62,
        "Dmd_MTN": 23750.77,
        "Dmu_MTN": 15143.15,
        "Ted_ORANGE": 14.09,
        "Tcd_ORANGE": 100.0,
        "Tddu_ORANGE": 2.5,
        "Tddd_ORANGE": 26.169999999999998,
        "Dmd_ORANGE": 37750.82,
        "Dmu_ORANGE": 4730.39,
        "rang_Ted_ORANGE": 1,
        "rang_Ted_MTN": 3,
        "rang_Ted_MOOV": 2,
        "rang_Tcd_ORANGE": 1,
        "rang_Tcd_MTN": 2,
        "rang_Tcd_MOOV": 3,
        "rang_Tddd_ORANGE": 2,
        "rang_Tddd_MTN": 1,
        "rang_Tddd_MOOV": 3,
        "rang_Tddu_ORANGE": 3,
        "rang_Tddu_MTN": 1,
        "rang_Tddu_MOOV": 1,
        "rang_Dmd_ORANGE": 3,
        "rang_Dmd_MTN": 2,
        "rang_Dmd_MOOV": 1,
        "rang_Dmu_ORANGE": 1,
        "rang_Dmu_MTN": 2,
        "rang_Dmu_MOOV": 3
      },
      "id": 66
    },
    {
      "type": "Feature",
      "geometry": {
        "coordinates": [
          -6.58,
          5.7700000000000005
        ],
        "type": "Point"
      },
      "properties": {
        "ADM0_FR": "COMOE",
        "ADM0_PCODE": "CI02",
        "ADM1_FR": "SUD-COMOE",
        "ADM1_PCODE": "CI130",
        "ADM2_FR": "ABOISSO",
        "ADM2_PCODE": "CI3001",
        "ADM3_FR": "BIANOUAN",
        "ADM3_PCODE": "CI300105",
        "ADM4_FR": "SOUBRÉ",
        "ADM4_PCODE": "C7241",
        "centerLat": 5.78,
        "centerLng": -6.59,
        "pop": 1421,
        "Ted_MOOV": 16.669999999999998,
        "Tcd_MOOV": 87.33,
        "Tddu_MOOV": 6.25,
        "Tddd_MOOV": 41.53,
        "Dmd_MOOV": 3433.13,
        "Dmu_MOOV": 11478.4,
        "Ted_MTN": 15.35,
        "Tcd_MTN": 92.31,
        "Tddu_MTN": 10.26,
        "Tddd_MTN": 30.769999999999996,
        "Dmd_MTN": 12493.41,
        "Dmu_MTN": 13473.21,
        "Ted_ORANGE": 15.65,
        "Tcd_ORANGE": 98.97,
        "Tddu_ORANGE": 7.140000000000001,
        "Tddd_ORANGE": 25.0,
        "Dmd_ORANGE": 13323.57,
        "Dmu_ORANGE": 4304.32,
        "rang_Ted_ORANGE": 2,
        "rang_Ted_MTN": 1,
        "rang_Ted_MOOV": 3,
        "rang_Tcd_ORANGE": 1,
        "rang_Tcd_MTN": 2,
        "rang_Tcd_MOOV": 3,
        "rang_Tddd_ORANGE": 1,
        "rang_Tddd_MTN": 2,
        "rang_Tddd_MOOV": 3,
        "rang_Tddu_ORANGE": 2,
        "rang_Tddu_MTN": 3,
        "rang_Tddu_MOOV": 1,
        "rang_Dmd_ORANGE": 3,
        "rang_Dmd_MTN": 2,
        "rang_Dmd_MOOV": 1,
        "rang_Dmu_ORANGE": 1,
        "rang_Dmu_MTN": 3,
        "rang_Dmu_MOOV": 2
      },
      "id": 67
    },
    {
      "type": "Feature",
      "geometry": {
        "coordinates": [
          -5.15212,
          9.060220000000001
        ],
        "type": "Point"
      },
      "properties": {
        "ADM0_FR": "VALLEE DU BANDAMA",
        "ADM0_PCODE": "CI12",
        "ADM1_FR": "HAMBOL",
        "ADM1_PCODE": "CI117",
        "ADM2_FR": "NIAKARAMADOUGOU",
        "ADM2_PCODE": "CI1703",
        "ADM3_FR": "TAFIRE",
        "ADM3_PCODE": "CI170305",
        "ADM4_FR": "TAFIRE",
        "ADM4_PCODE": "C7314",
        "centerLat": 9.07022,
        "centerLng": -5.16212,
        "pop": 17191,
        "Ted_MOOV": 3.19,
        "Tcd_MOOV": 89.56,
        "Tddu_MOOV": 4.760000000000001,
        "Tddd_MOOV": 26.889999999999997,
        "Dmd_MOOV": 7261.26,
        "Dmu_MOOV": 8793.45,
        "Ted_MTN": 0.59,
        "Tcd_MTN": 88.1,
        "Tddu_MTN": 3.6999999999999997,
        "Tddd_MTN": 27.189999999999998,
        "Dmd_MTN": 8480.49,
        "Dmu_MTN": 4428.27,
        "Ted_ORANGE": 0.0,
        "Tcd_ORANGE": 99.13,
        "Tddu_ORANGE": 0.0,
        "Tddd_ORANGE": 23.53,
        "Dmd_ORANGE": 42825.2,
        "Dmu_ORANGE": 4705.85,
        "rang_Ted_ORANGE": 1,
        "rang_Ted_MTN": 2,
        "rang_Ted_MOOV": 3,
        "rang_Tcd_ORANGE": 1,
        "rang_Tcd_MTN": 3,
        "rang_Tcd_MOOV": 2,
        "rang_Tddd_ORANGE": 1,
        "rang_Tddd_MTN": 3,
        "rang_Tddd_MOOV": 2,
        "rang_Tddu_ORANGE": 1,
        "rang_Tddu_MTN": 2,
        "rang_Tddu_MOOV": 3,
        "rang_Dmd_ORANGE": 3,
        "rang_Dmd_MTN": 2,
        "rang_Dmd_MOOV": 1,
        "rang_Dmu_ORANGE": 2,
        "rang_Dmu_MTN": 1,
        "rang_Dmu_MOOV": 3
      },
      "id": 68
    },
    {
      "type": "Feature",
      "geometry": {
        "coordinates": [
          -3.15789,
          7.79253
        ],
        "type": "Point"
      },
      "properties": {
        "ADM0_FR": "ZANZAN",
        "ADM0_PCODE": "CI14",
        "ADM1_FR": "GONTOUGO",
        "ADM1_PCODE": "CI114",
        "ADM2_FR": "TANDA",
        "ADM2_PCODE": "CI1404",
        "ADM3_FR": "TANDA",
        "ADM3_PCODE": "CI140401",
        "ADM4_FR": "TANDA",
        "ADM4_PCODE": "C7386",
        "centerLat": 7.80253,
        "centerLng": -3.16789,
        "pop": 27659,
        "Ted_MOOV": 17.09,
        "Tcd_MOOV": 98.79,
        "Tddu_MOOV": 2.86,
        "Tddd_MOOV": 25.380000000000003,
        "Dmd_MOOV": 14833.07,
        "Dmu_MOOV": 18237.34,
        "Ted_MTN": 17.299999999999997,
        "Tcd_MTN": 98.98,
        "Tddu_MTN": 12.5,
        "Tddd_MTN": 25.0,
        "Dmd_MTN": 19011.42,
        "Dmu_MTN": 9043.25,
        "Ted_ORANGE": 16.0,
        "Tcd_ORANGE": 100.0,
        "Tddu_ORANGE": 6.67,
        "Tddd_ORANGE": 24.85,
        "Dmd_ORANGE": 30717.91,
        "Dmu_ORANGE": 4284.47,
        "rang_Ted_ORANGE": 1,
        "rang_Ted_MTN": 3,
        "rang_Ted_MOOV": 2,
        "rang_Tcd_ORANGE": 1,
        "rang_Tcd_MTN": 2,
        "rang_Tcd_MOOV": 3,
        "rang_Tddd_ORANGE": 1,
        "rang_Tddd_MTN": 2,
        "rang_Tddd_MOOV": 3,
        "rang_Tddu_ORANGE": 2,
        "rang_Tddu_MTN": 3,
        "rang_Tddu_MOOV": 1,
        "rang_Dmd_ORANGE": 3,
        "rang_Dmd_MTN": 2,
        "rang_Dmd_MOOV": 1,
        "rang_Dmu_ORANGE": 1,
        "rang_Dmu_MTN": 2,
        "rang_Dmu_MOOV": 3
      },
      "id": 69
    },
    {
      "type": "Feature",
      "geometry": {
        "coordinates": [
          -6.40061,
          10.479000000000001
        ],
        "type": "Point"
      },
      "properties": {
        "ADM0_FR": "SAVANES",
        "ADM0_PCODE": "CI11",
        "ADM1_FR": "BAGOUE",
        "ADM1_PCODE": "CI105",
        "ADM2_FR": "TENGRELA",
        "ADM2_PCODE": "CI0503",
        "ADM3_FR": "TENGRELA",
        "ADM3_PCODE": "CI050301",
        "ADM4_FR": "TENGRELA",
        "ADM4_PCODE": "C7513",
        "centerLat": 10.489,
        "centerLng": -6.41061,
        "pop": 40323,
        "Ted_MOOV": 17.39,
        "Tcd_MOOV": 90.98,
        "Tddu_MOOV": 0.0,
        "Tddd_MOOV": 26.419999999999998,
        "Dmd_MOOV": 2016.55,
        "Dmu_MOOV": 9094.21,
        "Ted_MTN": 20.89,
        "Tcd_MTN": 97.19,
        "Tddu_MTN": 0.0,
        "Tddd_MTN": 26.57,
        "Dmd_MTN": 13500.79,
        "Dmu_MTN": 12818.36,
        "Ted_ORANGE": 16.669999999999998,
        "Tcd_ORANGE": 99.44,
        "Tddu_ORANGE": 0.0,
        "Tddd_ORANGE": 25.0,
        "Dmd_ORANGE": 19588.08,
        "Dmu_ORANGE": 4384.2,
        "rang_Ted_ORANGE": 1,
        "rang_Ted_MTN": 3,
        "rang_Ted_MOOV": 2,
        "rang_Tcd_ORANGE": 1,
        "rang_Tcd_MTN": 2,
        "rang_Tcd_MOOV": 3,
        "rang_Tddd_ORANGE": 1,
        "rang_Tddd_MTN": 3,
        "rang_Tddd_MOOV": 2,
        "rang_Tddu_ORANGE": 1,
        "rang_Tddu_MTN": 1,
        "rang_Tddu_MOOV": 1,
        "rang_Dmd_ORANGE": 3,
        "rang_Dmd_MTN": 2,
        "rang_Dmd_MOOV": 1,
        "rang_Dmu_ORANGE": 1,
        "rang_Dmu_MTN": 3,
        "rang_Dmu_MOOV": 2
      },
      "id": 70
    },
    {
      "type": "Feature",
      "geometry": {
        "coordinates": [
          -4.65225,
          7.70436
        ],
        "type": "Point"
      },
      "properties": {
        "ADM0_FR": "LACS",
        "ADM0_PCODE": "CI07",
        "ADM1_FR": "BELIER",
        "ADM1_PCODE": "CI106",
        "ADM2_FR": "TIEBISSOU",
        "ADM2_PCODE": "CI0603",
        "ADM3_FR": "TIEBISSOU",
        "ADM3_PCODE": "CI060301",
        "ADM4_FR": "TIÉBISSOU",
        "ADM4_PCODE": "C7574",
        "centerLat": 7.71436,
        "centerLng": -4.66225,
        "pop": 18832,
        "Ted_MOOV": 5.9799999999999995,
        "Tcd_MOOV": 99.09,
        "Tddu_MOOV": 42.19,
        "Tddd_MOOV": 23.080000000000002,
        "Dmd_MOOV": 31988.38,
        "Dmu_MOOV": 13398.88,
        "Ted_MTN": 9.39,
        "Tcd_MTN": 98.17,
        "Tddu_MTN": 46.67,
        "Tddd_MTN": 28.57,
        "Dmd_MTN": 4981.32,
        "Dmu_MTN": 3973.43,
        "Ted_ORANGE": 4.58,
        "Tcd_ORANGE": 100.0,
        "Tddu_ORANGE": 36.51,
        "Tddd_ORANGE": 24.099999999999998,
        "Dmd_ORANGE": 37797.92,
        "Dmu_ORANGE": 3033.77,
        "rang_Ted_ORANGE": 1,
        "rang_Ted_MTN": 3,
        "rang_Ted_MOOV": 2,
        "rang_Tcd_ORANGE": 1,
        "rang_Tcd_MTN": 3,
        "rang_Tcd_MOOV": 2,
        "rang_Tddd_ORANGE": 2,
        "rang_Tddd_MTN": 3,
        "rang_Tddd_MOOV": 1,
        "rang_Tddu_ORANGE": 1,
        "rang_Tddu_MTN": 3,
        "rang_Tddu_MOOV": 2,
        "rang_Dmd_ORANGE": 3,
        "rang_Dmd_MTN": 1,
        "rang_Dmd_MOOV": 2,
        "rang_Dmu_ORANGE": 1,
        "rang_Dmu_MTN": 2,
        "rang_Dmu_MOOV": 3
      },
      "id": 71
    },
    {
      "type": "Feature",
      "geometry": {
        "coordinates": [
          -7.30834,
          9.53501
        ],
        "type": "Point"
      },
      "properties": {
        "ADM0_FR": "DENGUELE",
        "ADM0_PCODE": "CI03",
        "ADM1_FR": "KABADOUGOU",
        "ADM1_PCODE": "CI121",
        "ADM2_FR": "ODIENNE",
        "ADM2_PCODE": "CI2103",
        "ADM3_FR": "TIEME",
        "ADM3_PCODE": "CI210305",
        "ADM4_FR": "TIEME",
        "ADM4_PCODE": "C7613",
        "centerLat": 9.54501,
        "centerLng": -7.31834,
        "pop": 6267,
        "Ted_MOOV": 19.509999999999998,
        "Tcd_MOOV": 66.67,
        "Tddu_MOOV": 71.43,
        "Tddd_MOOV": 48.72,
        "Dmd_MOOV": 919.33,
        "Dmu_MOOV": 649.05,
        "Ted_MTN": 16.939999999999998,
        "Tcd_MTN": 97.37,
        "Tddu_MTN": 0.0,
        "Tddd_MTN": 25.619999999999997,
        "Dmd_MTN": 17570.47,
        "Dmu_MTN": 9268.53,
        "Ted_ORANGE": 54.32,
        "Tcd_ORANGE": 68.92,
        "Tddu_ORANGE": 0.0,
        "Tddd_ORANGE": 81.67,
        "Dmd_ORANGE": 300.81,
        "Dmu_ORANGE": 1390.88,
        "rang_Ted_ORANGE": 3,
        "rang_Ted_MTN": 1,
        "rang_Ted_MOOV": 2,
        "rang_Tcd_ORANGE": 2,
        "rang_Tcd_MTN": 1,
        "rang_Tcd_MOOV": 3,
        "rang_Tddd_ORANGE": 3,
        "rang_Tddd_MTN": 1,
        "rang_Tddd_MOOV": 2,
        "rang_Tddu_ORANGE": 1,
        "rang_Tddu_MTN": 1,
        "rang_Tddu_MOOV": 3,
        "rang_Dmd_ORANGE": 1,
        "rang_Dmd_MTN": 3,
        "rang_Dmd_MOOV": 2,
        "rang_Dmu_ORANGE": 2,
        "rang_Dmu_MTN": 3,
        "rang_Dmu_MOOV": 1
      },
      "id": 72
    },
    {
      "type": "Feature",
      "geometry": {
        "coordinates": [
          -5.66854,
          8.7552
        ],
        "type": "Point"
      },
      "properties": {
        "ADM0_FR": "VALLEE DU BANDAMA",
        "ADM0_PCODE": "CI12",
        "ADM1_FR": "HAMBOL",
        "ADM1_PCODE": "CI117",
        "ADM2_FR": "NIAKARAMADOUGOU",
        "ADM2_PCODE": "CI1703",
        "ADM3_FR": "TORTIYA",
        "ADM3_PCODE": "CI170306",
        "ADM4_FR": "TORTIYA",
        "ADM4_PCODE": "C7808",
        "centerLat": 8.7652,
        "centerLng": -5.67854,
        "pop": 15998,
        "Ted_MOOV": 22.79,
        "Tcd_MOOV": 56.19,
        "Tddu_MOOV": 47.83,
        "Tddd_MOOV": 25.61,
        "Dmd_MOOV": 1316.94,
        "Dmu_MOOV": 971.89,
        "Ted_MTN": 32.68,
        "Tcd_MTN": 74.76,
        "Tddu_MTN": 37.5,
        "Tddd_MTN": 35.44,
        "Dmd_MTN": 5084.58,
        "Dmu_MTN": 1974.0,
        "Ted_ORANGE": 13.73,
        "Tcd_ORANGE": 100.0,
        "Tddu_ORANGE": 5.26,
        "Tddd_ORANGE": 25.36,
        "Dmd_ORANGE": 32918.61,
        "Dmu_ORANGE": 3868.01,
        "rang_Ted_ORANGE": 1,
        "rang_Ted_MTN": 3,
        "rang_Ted_MOOV": 2,
        "rang_Tcd_ORANGE": 1,
        "rang_Tcd_MTN": 2,
        "rang_Tcd_MOOV": 3,
        "rang_Tddd_ORANGE": 1,
        "rang_Tddd_MTN": 3,
        "rang_Tddd_MOOV": 2,
        "rang_Tddu_ORANGE": 1,
        "rang_Tddu_MTN": 2,
        "rang_Tddu_MOOV": 3,
        "rang_Dmd_ORANGE": 3,
        "rang_Dmd_MTN": 2,
        "rang_Dmd_MOOV": 1,
        "rang_Dmu_ORANGE": 3,
        "rang_Dmu_MTN": 2,
        "rang_Dmu_MOOV": 1
      },
      "id": 73
    },
    {
      "type": "Feature",
      "geometry": {
        "coordinates": [
          -7.67063,
          8.27504
        ],
        "type": "Point"
      },
      "properties": {
        "ADM0_FR": "WOROBA",
        "ADM0_PCODE": "CI13",
        "ADM1_FR": "BAFING",
        "ADM1_PCODE": "CI104",
        "ADM2_FR": "TOUBA",
        "ADM2_PCODE": "CI0403",
        "ADM3_FR": "TOUBA",
        "ADM3_PCODE": "CI040301",
        "ADM4_FR": "TOUBA",
        "ADM4_PCODE": "C7832",
        "centerLat": 8.28504,
        "centerLng": -7.68063,
        "pop": 22361,
        "Ted_MOOV": 17.11,
        "Tcd_MOOV": 89.68,
        "Tddu_MOOV": 0.0,
        "Tddd_MOOV": 27.0,
        "Dmd_MOOV": 3493.82,
        "Dmu_MOOV": 11432.41,
        "Ted_MTN": 17.95,
        "Tcd_MTN": 93.75,
        "Tddu_MTN": 0.0,
        "Tddd_MTN": 25.490000000000002,
        "Dmd_MTN": 4765.78,
        "Dmu_MTN": 6749.7,
        "Ted_ORANGE": 17.09,
        "Tcd_ORANGE": 99.39,
        "Tddu_ORANGE": 0.0,
        "Tddd_ORANGE": 25.0,
        "Dmd_ORANGE": 26904.13,
        "Dmu_ORANGE": 4187.98,
        "rang_Ted_ORANGE": 1,
        "rang_Ted_MTN": 3,
        "rang_Ted_MOOV": 2,
        "rang_Tcd_ORANGE": 1,
        "rang_Tcd_MTN": 2,
        "rang_Tcd_MOOV": 3,
        "rang_Tddd_ORANGE": 1,
        "rang_Tddd_MTN": 2,
        "rang_Tddd_MOOV": 3,
        "rang_Tddu_ORANGE": 1,
        "rang_Tddu_MTN": 1,
        "rang_Tddu_MOOV": 1,
        "rang_Dmd_ORANGE": 3,
        "rang_Dmd_MTN": 2,
        "rang_Dmd_MOOV": 1,
        "rang_Dmu_ORANGE": 1,
        "rang_Dmu_MTN": 2,
        "rang_Dmu_MOOV": 3
      },
      "id": 74
    },
    {
      "type": "Feature",
      "geometry": {
        "coordinates": [
          -6.47051,
          7.3674800000000005
        ],
        "type": "Point"
      },
      "properties": {
        "ADM0_FR": "SASSANDRA-MARAHOUE",
        "ADM0_PCODE": "CI10",
        "ADM1_FR": "HAUT-SASSANDRA",
        "ADM1_PCODE": "CI118",
        "ADM2_FR": "VAVOUA",
        "ADM2_PCODE": "CI1803",
        "ADM3_FR": "VAVOUA",
        "ADM3_PCODE": "CI180301",
        "ADM4_FR": "VAVOUA",
        "ADM4_PCODE": "C7965",
        "centerLat": 7.37748,
        "centerLng": -6.48051,
        "pop": 67096,
        "Ted_MOOV": 16.55,
        "Tcd_MOOV": 96.55,
        "Tddu_MOOV": 0.0,
        "Tddd_MOOV": 24.73,
        "Dmd_MOOV": 8409.26,
        "Dmu_MOOV": 20233.51,
        "Ted_MTN": 16.56,
        "Tcd_MTN": 87.02,
        "Tddu_MTN": 7.41,
        "Tddd_MTN": 38.46,
        "Dmd_MTN": 2675.01,
        "Dmu_MTN": 10104.85,
        "Ted_ORANGE": 17.54,
        "Tcd_ORANGE": 100.0,
        "Tddu_ORANGE": 0.0,
        "Tddd_ORANGE": 25.71,
        "Dmd_ORANGE": 37929.34,
        "Dmu_ORANGE": 4764.71,
        "rang_Ted_ORANGE": 3,
        "rang_Ted_MTN": 2,
        "rang_Ted_MOOV": 1,
        "rang_Tcd_ORANGE": 1,
        "rang_Tcd_MTN": 3,
        "rang_Tcd_MOOV": 2,
        "rang_Tddd_ORANGE": 2,
        "rang_Tddd_MTN": 3,
        "rang_Tddd_MOOV": 1,
        "rang_Tddu_ORANGE": 1,
        "rang_Tddu_MTN": 3,
        "rang_Tddu_MOOV": 1,
        "rang_Dmd_ORANGE": 3,
        "rang_Dmd_MTN": 1,
        "rang_Dmd_MOOV": 2,
        "rang_Dmu_ORANGE": 1,
        "rang_Dmu_MTN": 2,
        "rang_Dmu_MOOV": 3
      },
      "id": 75
    },
    {
      "type": "Feature",
      "geometry": {
        "coordinates": [
          -5.267860000000001,
          6.808190000000001
        ],
        "type": "Point"
      },
      "properties": {
        "ADM0_FR": "DISTRICT AUTONOME DE YAMOUSSOUKRO",
        "ADM0_PCODE": "CI05",
        "ADM1_FR": "DISTRICT AUTONOME DE YAMOUSSOUKRO",
        "ADM1_PCODE": "CI102",
        "ADM2_FR": "YAMOUSSOUKRO",
        "ADM2_PCODE": "CI0202",
        "ADM3_FR": "YAMOUSSOUKRO",
        "ADM3_PCODE": "CI020201",
        "ADM4_FR": "YAMOUSSOUKRO",
        "ADM4_PCODE": "C8092",
        "centerLat": 6.81819,
        "centerLng": -5.27786,
        "pop": 212670,
        "Ted_MOOV": 2.09,
        "Tcd_MOOV": 90.24,
        "Tddu_MOOV": 13.209999999999999,
        "Tddd_MOOV": 33.33,
        "Dmd_MOOV": 9288.24,
        "Dmu_MOOV": 10370.79,
        "Ted_MTN": 1.6,
        "Tcd_MTN": 92.97,
        "Tddu_MTN": 13.930000000000001,
        "Tddd_MTN": 27.42,
        "Dmd_MTN": 17849.99,
        "Dmu_MTN": 14774.7,
        "Ted_ORANGE": 27.21,
        "Tcd_ORANGE": 99.38,
        "Tddu_ORANGE": 8.91,
        "Tddd_ORANGE": 25.91,
        "Dmd_ORANGE": 27190.81,
        "Dmu_ORANGE": 4555.54,
        "rang_Ted_ORANGE": 3,
        "rang_Ted_MTN": 1,
        "rang_Ted_MOOV": 2,
        "rang_Tcd_ORANGE": 1,
        "rang_Tcd_MTN": 2,
        "rang_Tcd_MOOV": 3,
        "rang_Tddd_ORANGE": 1,
        "rang_Tddd_MTN": 2,
        "rang_Tddd_MOOV": 3,
        "rang_Tddu_ORANGE": 1,
        "rang_Tddu_MTN": 3,
        "rang_Tddu_MOOV": 2,
        "rang_Dmd_ORANGE": 3,
        "rang_Dmd_MTN": 2,
        "rang_Dmd_MOOV": 1,
        "rang_Dmu_ORANGE": 1,
        "rang_Dmu_MTN": 3,
        "rang_Dmu_MOOV": 2
      },
      "id": 76
    },
    {
      "type": "Feature",
      "geometry": {
        "coordinates": [
          -7.47543,
          6.20155
        ],
        "type": "Point"
      },
      "properties": {
        "ADM0_FR": "MONTAGNES",
        "ADM0_PCODE": "CI09",
        "ADM1_FR": "CAVALLY",
        "ADM1_PCODE": "CI109",
        "ADM2_FR": "TAÏ",
        "ADM2_PCODE": "CI0903",
        "ADM3_FR": "ZAGNE",
        "ADM3_PCODE": "CI090302",
        "ADM4_FR": "ZAGNE",
        "ADM4_PCODE": "C8263",
        "centerLat": 6.21155,
        "centerLng": -7.48543,
        "pop": 48863,
        "Ted_MOOV": 17.14,
        "Tcd_MOOV": 65.52,
        "Tddu_MOOV": 100.0,
        "Tddd_MOOV": 34.78,
        "Dmd_MOOV": 2496.37,
        "Dmu_MOOV": 43.84,
        "Ted_MTN": 16.669999999999998,
        "Tcd_MTN": 100.0,
        "Tddu_MTN": 0.0,
        "Tddd_MTN": 25.0,
        "Dmd_MTN": 7821.4,
        "Dmu_MTN": 7509.48,
        "Ted_ORANGE": 15.43,
        "Tcd_ORANGE": 99.27,
        "Tddu_ORANGE": 0.0,
        "Tddd_ORANGE": 25.69,
        "Dmd_ORANGE": 30103.03,
        "Dmu_ORANGE": 4611.4,
        "rang_Ted_ORANGE": 1,
        "rang_Ted_MTN": 2,
        "rang_Ted_MOOV": 3,
        "rang_Tcd_ORANGE": 2,
        "rang_Tcd_MTN": 1,
        "rang_Tcd_MOOV": 3,
        "rang_Tddd_ORANGE": 2,
        "rang_Tddd_MTN": 1,
        "rang_Tddd_MOOV": 3,
        "rang_Tddu_ORANGE": 1,
        "rang_Tddu_MTN": 1,
        "rang_Tddu_MOOV": 3,
        "rang_Dmd_ORANGE": 3,
        "rang_Dmd_MTN": 2,
        "rang_Dmd_MOOV": 1,
        "rang_Dmu_ORANGE": 2,
        "rang_Dmu_MTN": 3,
        "rang_Dmu_MOOV": 1
      },
      "id": 77
    }
  ]
}