{
  "type": "FeatureCollection",
  "features": [
    {
      "type": "Feature",
      "geometry": {
        "coordinates": [
          -4.005850000000001,
          5.42515
        ],
        "type": "Point"
      },
      "properties": {
        "ADM0_FR": "DISTRICT AUTONOME D'ABIDJAN",
        "ADM0_PCODE": "CI04",
        "ADM1_FR": "DISTRICT AUTONOME D'ABIDJAN",
        "ADM1_PCODE": "CI101",
        "ADM2_FR": "ABIDJAN",
        "ADM2_PCODE": "CI0101",
        "ADM3_FR": "ABIDJAN",
        "ADM3_PCODE": "CI010101",
        "ADM4_FR": "ABOBO",
        "ADM4_PCODE": "C0029",
        "centerLat": 5.43515,
        "centerLng": -4.01585,
        "pop": 1030658,
        "Ted_MOOV": 16.48,
        "Tcd_MOOV": 96.53,
        "Tddu_MOOV": 6.25,
        "Tddd_MOOV": 17.26,
        "Dmd_MOOV": 6758.41,
        "Dmu_MOOV": 10104.37,
        "Ted_MTN": 9.75,
        "Tcd_MTN": 99.67,
        "Tddu_MTN": 0.0,
        "Tddd_MTN": 3.47,
        "Dmd_MTN": 13372.84,
        "Dmu_MTN": 15992.57,
        "Ted_ORANGE": 8.33,
        "Tcd_ORANGE": 99.79,
        "Tddu_ORANGE": 0.0,
        "Tddd_ORANGE": 4.569999999999999,
        "Dmd_ORANGE": 3289.54,
        "Dmu_ORANGE": 4416.07,
        "rang_Ted_ORANGE": 1,
        "rang_Ted_MTN": 2,
        "rang_Ted_MOOV": 3,
        "rang_Tcd_ORANGE": 1,
        "rang_Tcd_MTN": 2,
        "rang_Tcd_MOOV": 3,
        "rang_Tddd_ORANGE": 2,
        "rang_Tddd_MTN": 1,
        "rang_Tddd_MOOV": 3,
        "rang_Tddu_ORANGE": 1,
        "rang_Tddu_MTN": 1,
        "rang_Tddu_MOOV": 3,
        "rang_Dmd_ORANGE": 1,
        "rang_Dmd_MTN": 3,
        "rang_Dmd_MOOV": 2,
        "rang_Dmu_ORANGE": 1,
        "rang_Dmu_MTN": 3,
        "rang_Dmu_MOOV": 2
      },
      "id": 1
    },
    {
      "type": "Feature",
      "geometry": {
        "coordinates": [
          -4.00988,
          5.361870000000001
        ],
        "type": "Point"
      },
      "properties": {
        "ADM0_FR": "DISTRICT AUTONOME D'ABIDJAN",
        "ADM0_PCODE": "CI04",
        "ADM1_FR": "DISTRICT AUTONOME D'ABIDJAN",
        "ADM1_PCODE": "CI101",
        "ADM2_FR": "ABIDJAN",
        "ADM2_PCODE": "CI0101",
        "ADM3_FR": "ABIDJAN",
        "ADM3_PCODE": "CI010101",
        "ADM4_FR": "ADJAME",
        "ADM4_PCODE": "C0133",
        "centerLat": 5.37187,
        "centerLng": -4.01988,
        "pop": 372978,
        "Ted_MOOV": 1.6,
        "Tcd_MOOV": 99.02,
        "Tddu_MOOV": 3.09,
        "Tddd_MOOV": 14.42,
        "Dmd_MOOV": 5198.56,
        "Dmu_MOOV": 11134.41,
        "Ted_MTN": 1.35,
        "Tcd_MTN": 99.45,
        "Tddu_MTN": 0.0,
        "Tddd_MTN": 5.93,
        "Dmd_MTN": 10573.69,
        "Dmu_MTN": 18652.76,
        "Ted_ORANGE": 1.82,
        "Tcd_ORANGE": 99.62,
        "Tddu_ORANGE": 1.28,
        "Tddd_ORANGE": 8.559999999999999,
        "Dmd_ORANGE": 1968.42,
        "Dmu_ORANGE": 3449.21,
        "rang_Ted_ORANGE": 3,
        "rang_Ted_MTN": 1,
        "rang_Ted_MOOV": 2,
        "rang_Tcd_ORANGE": 1,
        "rang_Tcd_MTN": 2,
        "rang_Tcd_MOOV": 3,
        "rang_Tddd_ORANGE": 2,
        "rang_Tddd_MTN": 1,
        "rang_Tddd_MOOV": 3,
        "rang_Tddu_ORANGE": 2,
        "rang_Tddu_MTN": 1,
        "rang_Tddu_MOOV": 3,
        "rang_Dmd_ORANGE": 1,
        "rang_Dmd_MTN": 3,
        "rang_Dmd_MOOV": 2,
        "rang_Dmu_ORANGE": 1,
        "rang_Dmu_MTN": 3,
        "rang_Dmu_MOOV": 2
      },
      "id": 2
    },
    {
      "type": "Feature",
      "geometry": {
        "coordinates": [
          -4.04488,
          5.48466
        ],
        "type": "Point"
      },
      "properties": {
        "ADM0_FR": "DISTRICT AUTONOME D'ABIDJAN",
        "ADM0_PCODE": "CI04",
        "ADM1_FR": "DISTRICT AUTONOME D'ABIDJAN",
        "ADM1_PCODE": "CI101",
        "ADM2_FR": "ABIDJAN",
        "ADM2_PCODE": "CI0101",
        "ADM3_FR": "ANYAMA",
        "ADM3_PCODE": "CI010102",
        "ADM4_FR": "ANYAMA",
        "ADM4_PCODE": "C0570",
        "centerLat": 5.49466,
        "centerLng": -4.05488,
        "pop": 103297,
        "Ted_MOOV": 2.8000000000000003,
        "Tcd_MOOV": 99.28,
        "Tddu_MOOV": 0.0,
        "Tddd_MOOV": 8.6,
        "Dmd_MOOV": 10874.01,
        "Dmu_MOOV": 10969.34,
        "Ted_MTN": 2.76,
        "Tcd_MTN": 95.71,
        "Tddu_MTN": 0.0,
        "Tddd_MTN": 25.81,
        "Dmd_MTN": 9752.34,
        "Dmu_MTN": 11018.43,
        "Ted_ORANGE": 3.39,
        "Tcd_ORANGE": 100.0,
        "Tddu_ORANGE": 0.0,
        "Tddd_ORANGE": 4.82,
        "Dmd_ORANGE": 3048.51,
        "Dmu_ORANGE": 2972.08,
        "rang_Ted_ORANGE": 3,
        "rang_Ted_MTN": 1,
        "rang_Ted_MOOV": 2,
        "rang_Tcd_ORANGE": 1,
        "rang_Tcd_MTN": 3,
        "rang_Tcd_MOOV": 2,
        "rang_Tddd_ORANGE": 1,
        "rang_Tddd_MTN": 3,
        "rang_Tddd_MOOV": 2,
        "rang_Tddu_ORANGE": 1,
        "rang_Tddu_MTN": 1,
        "rang_Tddu_MOOV": 1,
        "rang_Dmd_ORANGE": 1,
        "rang_Dmd_MTN": 2,
        "rang_Dmd_MOOV": 3,
        "rang_Dmu_ORANGE": 1,
        "rang_Dmu_MTN": 3,
        "rang_Dmu_MOOV": 2
      },
      "id": 3
    },
    {
      "type": "Feature",
      "geometry": {
        "coordinates": [
          -4.041980000000001,
          5.37219
        ],
        "type": "Point"
      },
      "properties": {
        "ADM0_FR": "DISTRICT AUTONOME D'ABIDJAN",
        "ADM0_PCODE": "CI04",
        "ADM1_FR": "DISTRICT AUTONOME D'ABIDJAN",
        "ADM1_PCODE": "CI101",
        "ADM2_FR": "ABIDJAN",
        "ADM2_PCODE": "CI0101",
        "ADM3_FR": "ABIDJAN",
        "ADM3_PCODE": "CI010101",
        "ADM4_FR": "ATTECOUBE",
        "ADM4_PCODE": "C0734",
        "centerLat": 5.38219,
        "centerLng": -4.05198,
        "pop": 260911,
        "Ted_MOOV": 20.990000000000002,
        "Tcd_MOOV": 99.51,
        "Tddu_MOOV": 1.49,
        "Tddd_MOOV": 5.76,
        "Dmd_MOOV": 9106.18,
        "Dmu_MOOV": 12589.09,
        "Ted_MTN": 2.75,
        "Tcd_MTN": 100.0,
        "Tddu_MTN": 0.0,
        "Tddd_MTN": 13.700000000000001,
        "Dmd_MTN": 6976.76,
        "Dmu_MTN": 14057.4,
        "Ted_ORANGE": 0.0,
        "Tcd_ORANGE": 99.5,
        "Tddu_ORANGE": 0.0,
        "Tddd_ORANGE": 5.71,
        "Dmd_ORANGE": 3027.49,
        "Dmu_ORANGE": 4761.24,
        "rang_Ted_ORANGE": 1,
        "rang_Ted_MTN": 2,
        "rang_Ted_MOOV": 3,
        "rang_Tcd_ORANGE": 3,
        "rang_Tcd_MTN": 1,
        "rang_Tcd_MOOV": 2,
        "rang_Tddd_ORANGE": 1,
        "rang_Tddd_MTN": 3,
        "rang_Tddd_MOOV": 2,
        "rang_Tddu_ORANGE": 1,
        "rang_Tddu_MTN": 1,
        "rang_Tddu_MOOV": 3,
        "rang_Dmd_ORANGE": 1,
        "rang_Dmd_MTN": 2,
        "rang_Dmd_MOOV": 3,
        "rang_Dmu_ORANGE": 1,
        "rang_Dmu_MTN": 3,
        "rang_Dmu_MOOV": 2
      },
      "id": 4
    },
    {
      "type": "Feature",
      "geometry": {
        "coordinates": [
          -3.8870400000000003,
          5.349
        ],
        "type": "Point"
      },
      "properties": {
        "ADM0_FR": "DISTRICT AUTONOME D'ABIDJAN",
        "ADM0_PCODE": "CI04",
        "ADM1_FR": "DISTRICT AUTONOME D'ABIDJAN",
        "ADM1_PCODE": "CI101",
        "ADM2_FR": "ABIDJAN",
        "ADM2_PCODE": "CI0101",
        "ADM3_FR": "BINGERVILLE",
        "ADM3_PCODE": "CI010103",
        "ADM4_FR": "BINGERVILLE",
        "ADM4_PCODE": "C1214",
        "centerLat": 5.359,
        "centerLng": -3.89704,
        "pop": 64015,
        "Ted_MOOV": 0.9299999999999999,
        "Tcd_MOOV": 100.0,
        "Tddu_MOOV": 0.8699999999999999,
        "Tddd_MOOV": 10.68,
        "Dmd_MOOV": 10081.95,
        "Dmu_MOOV": 13758.83,
        "Ted_MTN": 1.3299999999999998,
        "Tcd_MTN": 99.33,
        "Tddu_MTN": 0.0,
        "Tddd_MTN": 5.64,
        "Dmd_MTN": 10395.17,
        "Dmu_MTN": 17619.93,
        "Ted_ORANGE": 0.88,
        "Tcd_ORANGE": 97.27,
        "Tddu_ORANGE": 6.35,
        "Tddd_ORANGE": 2.55,
        "Dmd_ORANGE": 2884.43,
        "Dmu_ORANGE": 2715.4,
        "rang_Ted_ORANGE": 1,
        "rang_Ted_MTN": 3,
        "rang_Ted_MOOV": 2,
        "rang_Tcd_ORANGE": 3,
        "rang_Tcd_MTN": 2,
        "rang_Tcd_MOOV": 1,
        "rang_Tddd_ORANGE": 1,
        "rang_Tddd_MTN": 2,
        "rang_Tddd_MOOV": 3,
        "rang_Tddu_ORANGE": 3,
        "rang_Tddu_MTN": 1,
        "rang_Tddu_MOOV": 2,
        "rang_Dmd_ORANGE": 1,
        "rang_Dmd_MTN": 3,
        "rang_Dmd_MOOV": 2,
        "rang_Dmu_ORANGE": 1,
        "rang_Dmu_MTN": 3,
        "rang_Dmu_MOOV": 2
      },
      "id": 5
    },
    {
      "type": "Feature",
      "geometry": {
        "coordinates": [
          -3.9508900000000002,
          5.363
        ],
        "type": "Point"
      },
      "properties": {
        "ADM0_FR": "DISTRICT AUTONOME D'ABIDJAN",
        "ADM0_PCODE": "CI04",
        "ADM1_FR": "DISTRICT AUTONOME D'ABIDJAN",
        "ADM1_PCODE": "CI101",
        "ADM2_FR": "ABIDJAN",
        "ADM2_PCODE": "CI0101",
        "ADM3_FR": "ABIDJAN",
        "ADM3_PCODE": "CI010101",
        "ADM4_FR": "COCODY",
        "ADM4_PCODE": "C1672",
        "centerLat": 5.373,
        "centerLng": -3.96089,
        "pop": 447055,
        "Ted_MOOV": 7.1499999999999995,
        "Tcd_MOOV": 99.37,
        "Tddu_MOOV": 0.0,
        "Tddd_MOOV": 8.780000000000001,
        "Dmd_MOOV": 12581.99,
        "Dmu_MOOV": 14941.45,
        "Ted_MTN": 0.9199999999999999,
        "Tcd_MTN": 99.06,
        "Tddu_MTN": 1.77,
        "Tddd_MTN": 4.6,
        "Dmd_MTN": 12763.32,
        "Dmu_MTN": 19524.4,
        "Ted_ORANGE": 0.21,
        "Tcd_ORANGE": 99.78,
        "Tddu_ORANGE": 0.0,
        "Tddd_ORANGE": 4.55,
        "Dmd_ORANGE": 3010.7,
        "Dmu_ORANGE": 3186.47,
        "rang_Ted_ORANGE": 1,
        "rang_Ted_MTN": 2,
        "rang_Ted_MOOV": 3,
        "rang_Tcd_ORANGE": 1,
        "rang_Tcd_MTN": 3,
        "rang_Tcd_MOOV": 2,
        "rang_Tddd_ORANGE": 1,
        "rang_Tddd_MTN": 2,
        "rang_Tddd_MOOV": 3,
        "rang_Tddu_ORANGE": 1,
        "rang_Tddu_MTN": 3,
        "rang_Tddu_MOOV": 1,
        "rang_Dmd_ORANGE": 1,
        "rang_Dmd_MTN": 3,
        "rang_Dmd_MOOV": 2,
        "rang_Dmu_ORANGE": 1,
        "rang_Dmu_MTN": 3,
        "rang_Dmu_MOOV": 2
      },
      "id": 6
    },
    {
      "type": "Feature",
      "geometry": {
        "coordinates": [
          -3.7168900000000002,
          5.18266
        ],
        "type": "Point"
      },
      "properties": {
        "ADM0_FR": "COMOE",
        "ADM0_PCODE": "CI02",
        "ADM1_FR": "SUD-COMOE",
        "ADM1_PCODE": "CI130",
        "ADM2_FR": "GRAND-BASSAM",
        "ADM2_PCODE": "CI3003",
        "ADM3_FR": "GRAND-BASSAM",
        "ADM3_PCODE": "CI300303",
        "ADM4_FR": "GRAND-BASSAM",
        "ADM4_PCODE": "C3367",
        "centerLat": 5.19266,
        "centerLng": -3.72689,
        "pop": 74671,
        "Ted_MOOV": 5.33,
        "Tcd_MOOV": 100.0,
        "Tddu_MOOV": 0.0,
        "Tddd_MOOV": 23.01,
        "Dmd_MOOV": 1944.26,
        "Dmu_MOOV": 12551.76,
        "Ted_MTN": 0.49,
        "Tcd_MTN": 100.0,
        "Tddu_MTN": 0.0,
        "Tddd_MTN": 0.73,
        "Dmd_MTN": 10886.26,
        "Dmu_MTN": 18052.48,
        "Ted_ORANGE": 2.15,
        "Tcd_ORANGE": 100.0,
        "Tddu_ORANGE": 0.0,
        "Tddd_ORANGE": 13.33,
        "Dmd_ORANGE": 3184.12,
        "Dmu_ORANGE": 3106.21,
        "rang_Ted_ORANGE": 2,
        "rang_Ted_MTN": 1,
        "rang_Ted_MOOV": 3,
        "rang_Tcd_ORANGE": 1,
        "rang_Tcd_MTN": 1,
        "rang_Tcd_MOOV": 1,
        "rang_Tddd_ORANGE": 2,
        "rang_Tddd_MTN": 1,
        "rang_Tddd_MOOV": 3,
        "rang_Tddu_ORANGE": 1,
        "rang_Tddu_MTN": 1,
        "rang_Tddu_MOOV": 1,
        "rang_Dmd_ORANGE": 2,
        "rang_Dmd_MTN": 3,
        "rang_Dmd_MOOV": 1,
        "rang_Dmu_ORANGE": 1,
        "rang_Dmu_MTN": 3,
        "rang_Dmu_MOOV": 2
      },
      "id": 7
    },
    {
      "type": "Feature",
      "geometry": {
        "coordinates": [
          -3.9383600000000003,
          5.29249
        ],
        "type": "Point"
      },
      "properties": {
        "ADM0_FR": "DISTRICT AUTONOME D'ABIDJAN",
        "ADM0_PCODE": "CI04",
        "ADM1_FR": "DISTRICT AUTONOME D'ABIDJAN",
        "ADM1_PCODE": "CI101",
        "ADM2_FR": "ABIDJAN",
        "ADM2_PCODE": "CI0101",
        "ADM3_FR": "ABIDJAN",
        "ADM3_PCODE": "CI010101",
        "ADM4_FR": "KOUMASSI",
        "ADM4_PCODE": "C4694",
        "centerLat": 5.30249,
        "centerLng": -3.94836,
        "pop": 433139,
        "Ted_MOOV": 1.3299999999999998,
        "Tcd_MOOV": 99.66000000000001,
        "Tddu_MOOV": 0.0,
        "Tddd_MOOV": 15.629999999999999,
        "Dmd_MOOV": 12157.81,
        "Dmu_MOOV": 16453.26,
        "Ted_MTN": 0.26,
        "Tcd_MTN": 99.74,
        "Tddu_MTN": 0.0,
        "Tddd_MTN": 2.87,
        "Dmd_MTN": 14268.97,
        "Dmu_MTN": 19380.72,
        "Ted_ORANGE": 0.8,
        "Tcd_ORANGE": 99.59,
        "Tddu_ORANGE": 1.37,
        "Tddd_ORANGE": 14.04,
        "Dmd_ORANGE": 2311.76,
        "Dmu_ORANGE": 2986.32,
        "rang_Ted_ORANGE": 2,
        "rang_Ted_MTN": 1,
        "rang_Ted_MOOV": 3,
        "rang_Tcd_ORANGE": 3,
        "rang_Tcd_MTN": 1,
        "rang_Tcd_MOOV": 2,
        "rang_Tddd_ORANGE": 2,
        "rang_Tddd_MTN": 1,
        "rang_Tddd_MOOV": 3,
        "rang_Tddu_ORANGE": 3,
        "rang_Tddu_MTN": 1,
        "rang_Tddu_MOOV": 1,
        "rang_Dmd_ORANGE": 1,
        "rang_Dmd_MTN": 3,
        "rang_Dmd_MOOV": 2,
        "rang_Dmu_ORANGE": 1,
        "rang_Dmu_MTN": 3,
        "rang_Dmu_MOOV": 2
      },
      "id": 8
    },
    {
      "type": "Feature",
      "geometry": {
        "coordinates": [
          -3.97251,
          5.28932
        ],
        "type": "Point"
      },
      "properties": {
        "ADM0_FR": "DISTRICT AUTONOME D'ABIDJAN",
        "ADM0_PCODE": "CI04",
        "ADM1_FR": "DISTRICT AUTONOME D'ABIDJAN",
        "ADM1_PCODE": "CI101",
        "ADM2_FR": "ABIDJAN",
        "ADM2_PCODE": "CI0101",
        "ADM3_FR": "ABIDJAN",
        "ADM3_PCODE": "CI010101",
        "ADM4_FR": "MARCORY",
        "ADM4_PCODE": "C5375",
        "centerLat": 5.29932,
        "centerLng": -3.98251,
        "pop": 249858,
        "Ted_MOOV": 0.45999999999999996,
        "Tcd_MOOV": 100.0,
        "Tddu_MOOV": 1.37,
        "Tddd_MOOV": 6.94,
        "Dmd_MOOV": 9800.34,
        "Dmu_MOOV": 18145.96,
        "Ted_MTN": 0.42,
        "Tcd_MTN": 100.0,
        "Tddu_MTN": 0.0,
        "Tddd_MTN": 1.9,
        "Dmd_MTN": 11766.15,
        "Dmu_MTN": 20228.93,
        "Ted_ORANGE": 0.54,
        "Tcd_ORANGE": 100.0,
        "Tddu_ORANGE": 5.66,
        "Tddd_ORANGE": 3.08,
        "Dmd_ORANGE": 2543.58,
        "Dmu_ORANGE": 3869.44,
        "rang_Ted_ORANGE": 3,
        "rang_Ted_MTN": 1,
        "rang_Ted_MOOV": 2,
        "rang_Tcd_ORANGE": 1,
        "rang_Tcd_MTN": 1,
        "rang_Tcd_MOOV": 1,
        "rang_Tddd_ORANGE": 2,
        "rang_Tddd_MTN": 1,
        "rang_Tddd_MOOV": 3,
        "rang_Tddu_ORANGE": 3,
        "rang_Tddu_MTN": 1,
        "rang_Tddu_MOOV": 2,
        "rang_Dmd_ORANGE": 1,
        "rang_Dmd_MTN": 3,
        "rang_Dmd_MOOV": 2,
        "rang_Dmu_ORANGE": 1,
        "rang_Dmu_MTN": 3,
        "rang_Dmu_MOOV": 2
      },
      "id": 9
    },
    {
      "type": "Feature",
      "geometry": {
        "coordinates": [
          -4.01164,
          5.31517
        ],
        "type": "Point"
      },
      "properties": {
        "ADM0_FR": "DISTRICT AUTONOME D'ABIDJAN",
        "ADM0_PCODE": "CI04",
        "ADM1_FR": "DISTRICT AUTONOME D'ABIDJAN",
        "ADM1_PCODE": "CI101",
        "ADM2_FR": "ABIDJAN",
        "ADM2_PCODE": "CI0101",
        "ADM3_FR": "ABIDJAN",
        "ADM3_PCODE": "CI010101",
        "ADM4_FR": "PLATEAU",
        "ADM4_PCODE": "C6556",
        "centerLat": 5.32517,
        "centerLng": -4.02164,
        "pop": 7488,
        "Ted_MOOV": 0.0,
        "Tcd_MOOV": 100.0,
        "Tddu_MOOV": 0.0,
        "Tddd_MOOV": 9.69,
        "Dmd_MOOV": 17579.56,
        "Dmu_MOOV": 25139.41,
        "Ted_MTN": 0.4,
        "Tcd_MTN": 99.2,
        "Tddu_MTN": 0.0,
        "Tddd_MTN": 2.37,
        "Dmd_MTN": 8081.72,
        "Dmu_MTN": 20605.6,
        "Ted_ORANGE": 0.47000000000000003,
        "Tcd_ORANGE": 100.0,
        "Tddu_ORANGE": 0.0,
        "Tddd_ORANGE": 4.05,
        "Dmd_ORANGE": 7493.09,
        "Dmu_ORANGE": 12541.73,
        "rang_Ted_ORANGE": 3,
        "rang_Ted_MTN": 2,
        "rang_Ted_MOOV": 1,
        "rang_Tcd_ORANGE": 1,
        "rang_Tcd_MTN": 3,
        "rang_Tcd_MOOV": 1,
        "rang_Tddd_ORANGE": 2,
        "rang_Tddd_MTN": 1,
        "rang_Tddd_MOOV": 3,
        "rang_Tddu_ORANGE": 1,
        "rang_Tddu_MTN": 1,
        "rang_Tddu_MOOV": 1,
        "rang_Dmd_ORANGE": 1,
        "rang_Dmd_MTN": 2,
        "rang_Dmd_MOOV": 3,
        "rang_Dmu_ORANGE": 1,
        "rang_Dmu_MTN": 2,
        "rang_Dmu_MOOV": 3
      },
      "id": 10
    },
    {
      "type": "Feature",
      "geometry": {
        "coordinates": [
          -3.9486260000000004,
          5.246881
        ],
        "type": "Point"
      },
      "properties": {
        "ADM0_FR": "DISTRICT AUTONOME D'ABIDJAN",
        "ADM0_PCODE": "CI04",
        "ADM1_FR": "DISTRICT AUTONOME D'ABIDJAN",
        "ADM1_PCODE": "CI101",
        "ADM2_FR": "ABIDJAN",
        "ADM2_PCODE": "CI0101",
        "ADM3_FR": "ABIDJAN",
        "ADM3_PCODE": "CI010101",
        "ADM4_FR": "PORT-BOUET",
        "ADM4_PCODE": "C6619",
        "centerLat": 5.256881,
        "centerLng": -3.958626,
        "pop": 419033,
        "Ted_MOOV": 0.42,
        "Tcd_MOOV": 99.57000000000001,
        "Tddu_MOOV": 0.0,
        "Tddd_MOOV": 7.1,
        "Dmd_MOOV": 11036.35,
        "Dmu_MOOV": 14311.88,
        "Ted_MTN": 1.8399999999999999,
        "Tcd_MTN": 100.0,
        "Tddu_MTN": 0.0,
        "Tddd_MTN": 3.47,
        "Dmd_MTN": 17087.97,
        "Dmu_MTN": 20388.91,
        "Ted_ORANGE": 0.0,
        "Tcd_ORANGE": 100.0,
        "Tddu_ORANGE": 0.0,
        "Tddd_ORANGE": 3.08,
        "Dmd_ORANGE": 2893.42,
        "Dmu_ORANGE": 2825.21,
        "rang_Ted_ORANGE": 1,
        "rang_Ted_MTN": 3,
        "rang_Ted_MOOV": 2,
        "rang_Tcd_ORANGE": 1,
        "rang_Tcd_MTN": 1,
        "rang_Tcd_MOOV": 3,
        "rang_Tddd_ORANGE": 1,
        "rang_Tddd_MTN": 2,
        "rang_Tddd_MOOV": 3,
        "rang_Tddu_ORANGE": 1,
        "rang_Tddu_MTN": 1,
        "rang_Tddu_MOOV": 1,
        "rang_Dmd_ORANGE": 1,
        "rang_Dmd_MTN": 3,
        "rang_Dmd_MOOV": 2,
        "rang_Dmu_ORANGE": 1,
        "rang_Dmu_MTN": 3,
        "rang_Dmu_MOOV": 2
      },
      "id": 11
    },
    {
      "type": "Feature",
      "geometry": {
        "coordinates": [
          -4.00044,
          5.2809800000000005
        ],
        "type": "Point"
      },
      "properties": {
        "ADM0_FR": "DISTRICT AUTONOME D'ABIDJAN",
        "ADM0_PCODE": "CI04",
        "ADM1_FR": "DISTRICT AUTONOME D'ABIDJAN",
        "ADM1_PCODE": "CI101",
        "ADM2_FR": "ABIDJAN",
        "ADM2_PCODE": "CI0101",
        "ADM3_FR": "ABIDJAN",
        "ADM3_PCODE": "CI010101",
        "ADM4_FR": "TREICHVILLE",
        "ADM4_PCODE": "C7913",
        "centerLat": 5.29098,
        "centerLng": -4.01044,
        "pop": 102580,
        "Ted_MOOV": 0.8,
        "Tcd_MOOV": 99.6,
        "Tddu_MOOV": 0.0,
        "Tddd_MOOV": 6.67,
        "Dmd_MOOV": 14168.25,
        "Dmu_MOOV": 20890.14,
        "Ted_MTN": 0.88,
        "Tcd_MTN": 100.0,
        "Tddu_MTN": 0.0,
        "Tddd_MTN": 7.33,
        "Dmd_MTN": 7424.63,
        "Dmu_MTN": 13761.35,
        "Ted_ORANGE": 0.52,
        "Tcd_ORANGE": 100.0,
        "Tddu_ORANGE": 0.0,
        "Tddd_ORANGE": 1.48,
        "Dmd_ORANGE": 2909.02,
        "Dmu_ORANGE": 6135.76,
        "rang_Ted_ORANGE": 1,
        "rang_Ted_MTN": 3,
        "rang_Ted_MOOV": 2,
        "rang_Tcd_ORANGE": 1,
        "rang_Tcd_MTN": 1,
        "rang_Tcd_MOOV": 3,
        "rang_Tddd_ORANGE": 1,
        "rang_Tddd_MTN": 3,
        "rang_Tddd_MOOV": 2,
        "rang_Tddu_ORANGE": 1,
        "rang_Tddu_MTN": 1,
        "rang_Tddu_MOOV": 1,
        "rang_Dmd_ORANGE": 1,
        "rang_Dmd_MTN": 2,
        "rang_Dmd_MOOV": 3,
        "rang_Dmu_ORANGE": 1,
        "rang_Dmu_MTN": 2,
        "rang_Dmu_MOOV": 3
      },
      "id": 12
    },
    {
      "type": "Feature",
      "geometry": {
        "coordinates": [
          -4.080150000000001,
          5.2984800000000005
        ],
        "type": "Point"
      },
      "properties": {
        "ADM0_FR": "DISTRICT AUTONOME D'ABIDJAN",
        "ADM0_PCODE": "CI04",
        "ADM1_FR": "DISTRICT AUTONOME D'ABIDJAN",
        "ADM1_PCODE": "CI101",
        "ADM2_FR": "ABIDJAN",
        "ADM2_PCODE": "CI0101",
        "ADM3_FR": "ABIDJAN",
        "ADM3_PCODE": "CI010101",
        "ADM4_FR": "YOPOUGON",
        "ADM4_PCODE": "C8230",
        "centerLat": 5.30848,
        "centerLng": -4.09015,
        "pop": 1071543,
        "Ted_MOOV": 0.41000000000000003,
        "Tcd_MOOV": 97.54,
        "Tddu_MOOV": 0.62,
        "Tddd_MOOV": 10.12,
        "Dmd_MOOV": 8201.42,
        "Dmu_MOOV": 11526.47,
        "Ted_MTN": 0.65,
        "Tcd_MTN": 99.33999999999999,
        "Tddu_MTN": 0.0,
        "Tddd_MTN": 3.11,
        "Dmd_MTN": 14143.94,
        "Dmu_MTN": 19900.03,
        "Ted_ORANGE": 0.72,
        "Tcd_ORANGE": 100.0,
        "Tddu_ORANGE": 0.0,
        "Tddd_ORANGE": 4.84,
        "Dmd_ORANGE": 6137.48,
        "Dmu_ORANGE": 7679.9,
        "rang_Ted_ORANGE": 3,
        "rang_Ted_MTN": 2,
        "rang_Ted_MOOV": 1,
        "rang_Tcd_ORANGE": 1,
        "rang_Tcd_MTN": 2,
        "rang_Tcd_MOOV": 3,
        "rang_Tddd_ORANGE": 2,
        "rang_Tddd_MTN": 1,
        "rang_Tddd_MOOV": 3,
        "rang_Tddu_ORANGE": 1,
        "rang_Tddu_MTN": 1,
        "rang_Tddu_MOOV": 3,
        "rang_Dmd_ORANGE": 1,
        "rang_Dmd_MTN": 3,
        "rang_Dmd_MOOV": 2,
        "rang_Dmu_ORANGE": 1,
        "rang_Dmu_MTN": 3,
        "rang_Dmu_MOOV": 2
      },
      "id": 13
    },
    {
      "type": "Feature",
      "geometry": {
        "coordinates": [
          -3.4867600000000003,
          6.7183600000000006
        ],
        "type": "Point"
      },
      "properties": {
        "ADM0_FR": "COMOE",
        "ADM0_PCODE": "CI02",
        "ADM1_FR": "INDENIE-DJUABLIN",
        "ADM1_PCODE": "CI120",
        "ADM2_FR": "ABENGOUROU",
        "ADM2_PCODE": "CI2001",
        "ADM3_FR": "ABENGOUROU",
        "ADM3_PCODE": "CI200101",
        "ADM4_FR": "ABENGOUROU",
        "ADM4_PCODE": "C0014",
        "centerLat": 6.72836,
        "centerLng": -3.49676,
        "pop": 100910,
        "Ted_MOOV": 0.7000000000000001,
        "Tcd_MOOV": 100.0,
        "Tddu_MOOV": 0.0,
        "Tddd_MOOV": 10.89,
        "Dmd_MOOV": 1069.03,
        "Dmu_MOOV": 4532.14,
        "Ted_MTN": 0.0,
        "Tcd_MTN": 96.84,
        "Tddu_MTN": 0.0,
        "Tddd_MTN": 11.110000000000001,
        "Dmd_MTN": 5155.68,
        "Dmu_MTN": 9116.44,
        "Ted_ORANGE": 0.0,
        "Tcd_ORANGE": 99.27,
        "Tddu_ORANGE": 7.89,
        "Tddd_ORANGE": 10.100000000000001,
        "Dmd_ORANGE": 2569.22,
        "Dmu_ORANGE": 1405.7,
        "rang_Ted_ORANGE": 1,
        "rang_Ted_MTN": 1,
        "rang_Ted_MOOV": 3,
        "rang_Tcd_ORANGE": 2,
        "rang_Tcd_MTN": 3,
        "rang_Tcd_MOOV": 1,
        "rang_Tddd_ORANGE": 1,
        "rang_Tddd_MTN": 3,
        "rang_Tddd_MOOV": 2,
        "rang_Tddu_ORANGE": 3,
        "rang_Tddu_MTN": 1,
        "rang_Tddu_MOOV": 1,
        "rang_Dmd_ORANGE": 2,
        "rang_Dmd_MTN": 3,
        "rang_Dmd_MOOV": 1,
        "rang_Dmu_ORANGE": 1,
        "rang_Dmu_MTN": 3,
        "rang_Dmu_MOOV": 2
      },
      "id": 14
    },
    {
      "type": "Feature",
      "geometry": {
        "coordinates": [
          -3.1967700000000003,
          5.46457
        ],
        "type": "Point"
      },
      "properties": {
        "ADM0_FR": "COMOE",
        "ADM0_PCODE": "CI02",
        "ADM1_FR": "SUD-COMOE",
        "ADM1_PCODE": "CI130",
        "ADM2_FR": "ABOISSO",
        "ADM2_PCODE": "CI3001",
        "ADM3_FR": "ABOISSO",
        "ADM3_PCODE": "CI300101",
        "ADM4_FR": "ABOISSO",
        "ADM4_PCODE": "C0033",
        "centerLat": 5.47457,
        "centerLng": -3.20677,
        "pop": 45688,
        "Ted_MOOV": 0.7000000000000001,
        "Tcd_MOOV": 100.0,
        "Tddu_MOOV": 0.0,
        "Tddd_MOOV": 10.89,
        "Dmd_MOOV": 1069.03,
        "Dmu_MOOV": 4532.14,
        "Ted_MTN": 0.0,
        "Tcd_MTN": 96.84,
        "Tddu_MTN": 0.0,
        "Tddd_MTN": 11.110000000000001,
        "Dmd_MTN": 5155.68,
        "Dmu_MTN": 9116.44,
        "Ted_ORANGE": 0.0,
        "Tcd_ORANGE": 99.27,
        "Tddu_ORANGE": 7.89,
        "Tddd_ORANGE": 10.100000000000001,
        "Dmd_ORANGE": 2569.22,
        "Dmu_ORANGE": 1405.7,
        "rang_Ted_ORANGE": 1,
        "rang_Ted_MTN": 1,
        "rang_Ted_MOOV": 3,
        "rang_Tcd_ORANGE": 2,
        "rang_Tcd_MTN": 3,
        "rang_Tcd_MOOV": 1,
        "rang_Tddd_ORANGE": 1,
        "rang_Tddd_MTN": 3,
        "rang_Tddd_MOOV": 2,
        "rang_Tddu_ORANGE": 3,
        "rang_Tddu_MTN": 1,
        "rang_Tddu_MOOV": 1,
        "rang_Dmd_ORANGE": 2,
        "rang_Dmd_MTN": 3,
        "rang_Dmd_MOOV": 1,
        "rang_Dmu_ORANGE": 1,
        "rang_Dmu_MTN": 3,
        "rang_Dmu_MOOV": 2
      },
      "id": 15
    },
    {
      "type": "Feature",
      "geometry": {
        "coordinates": [
          -3.25414,
          5.418
        ],
        "type": "Point"
      },
      "properties": {
        "ADM0_FR": "COMOE",
        "ADM0_PCODE": "CI02",
        "ADM1_FR": "SUD-COMOE",
        "ADM1_PCODE": "CI130",
        "ADM2_FR": "ABOISSO",
        "ADM2_PCODE": "CI3001",
        "ADM3_FR": "ADAOU",
        "ADM3_PCODE": "CI300102",
        "ADM4_FR": "ADAOU",
        "ADM4_PCODE": "C0098",
        "centerLat": 5.428,
        "centerLng": -3.26414,
        "pop": 6093,
        "Ted_MOOV": 89.47,
        "Tcd_MOOV": 44.440000000000005,
        "Tddu_MOOV": 100.0,
        "Tddd_MOOV": 33.33,
        "Dmd_MOOV": 601.65,
        "Dmu_MOOV": 60.37,
        "Ted_MTN": 0.0,
        "Tcd_MTN": 95.38,
        "Tddu_MTN": 38.89,
        "Tddd_MTN": 6.38,
        "Dmd_MTN": 1026.54,
        "Dmu_MTN": 711.23,
        "Ted_ORANGE": 8.219999999999999,
        "Tcd_ORANGE": 100.0,
        "Tddu_ORANGE": 0.0,
        "Tddd_ORANGE": 5.7700000000000005,
        "Dmd_ORANGE": 3064.65,
        "Dmu_ORANGE": 0.0,
        "rang_Ted_ORANGE": 2,
        "rang_Ted_MTN": 1,
        "rang_Ted_MOOV": 3,
        "rang_Tcd_ORANGE": 1,
        "rang_Tcd_MTN": 2,
        "rang_Tcd_MOOV": 3,
        "rang_Tddd_ORANGE": 1,
        "rang_Tddd_MTN": 2,
        "rang_Tddd_MOOV": 3,
        "rang_Tddu_ORANGE": 1,
        "rang_Tddu_MTN": 2,
        "rang_Tddu_MOOV": 3,
        "rang_Dmd_ORANGE": 3,
        "rang_Dmd_MTN": 2,
        "rang_Dmd_MOOV": 1,
        "rang_Dmu_ORANGE": 1,
        "rang_Dmu_MTN": 3,
        "rang_Dmu_MOOV": 2
      },
      "id": 16
    },
    {
      "type": "Feature",
      "geometry": {
        "coordinates": [
          -3.2916600000000003,
          5.276730000000001
        ],
        "type": "Point"
      },
      "properties": {
        "ADM0_FR": "COMOE",
        "ADM0_PCODE": "CI02",
        "ADM1_FR": "SUD-COMOE",
        "ADM1_PCODE": "CI130",
        "ADM2_FR": "ADIAKE",
        "ADM2_PCODE": "CI3002",
        "ADM3_FR": "ADIAKE",
        "ADM3_PCODE": "CI300201",
        "ADM4_FR": "ADIAKÉ",
        "ADM4_PCODE": "C0106",
        "centerLat": 5.28673,
        "centerLng": -3.30166,
        "pop": 19055,
        "Ted_MOOV": 12.950000000000001,
        "Tcd_MOOV": 66.95,
        "Tddu_MOOV": 28.13,
        "Tddd_MOOV": 19.77,
        "Dmd_MOOV": 1665.7,
        "Dmu_MOOV": 821.34,
        "Ted_MTN": 0.0,
        "Tcd_MTN": 70.45,
        "Tddu_MTN": 80.0,
        "Tddd_MTN": 29.9,
        "Dmd_MTN": 754.05,
        "Dmu_MTN": 329.81,
        "Ted_ORANGE": 18.12,
        "Tcd_ORANGE": 100.0,
        "Tddu_ORANGE": 0.0,
        "Tddd_ORANGE": 22.45,
        "Dmd_ORANGE": 1501.98,
        "Dmu_ORANGE": 0.0,
        "rang_Ted_ORANGE": 3,
        "rang_Ted_MTN": 1,
        "rang_Ted_MOOV": 2,
        "rang_Tcd_ORANGE": 1,
        "rang_Tcd_MTN": 2,
        "rang_Tcd_MOOV": 3,
        "rang_Tddd_ORANGE": 2,
        "rang_Tddd_MTN": 3,
        "rang_Tddd_MOOV": 1,
        "rang_Tddu_ORANGE": 1,
        "rang_Tddu_MTN": 3,
        "rang_Tddu_MOOV": 2,
        "rang_Dmd_ORANGE": 2,
        "rang_Dmd_MTN": 1,
        "rang_Dmd_MOOV": 3,
        "rang_Dmu_ORANGE": 1,
        "rang_Dmu_MTN": 2,
        "rang_Dmu_MOOV": 3
      },
      "id": 17
    },
    {
      "type": "Feature",
      "geometry": {
        "coordinates": [
          -4.20523,
          5.91964
        ],
        "type": "Point"
      },
      "properties": {
        "ADM0_FR": "LAGUNES",
        "ADM0_PCODE": "CI08",
        "ADM1_FR": "AGNEBY-TIASSA",
        "ADM1_PCODE": "CI103",
        "ADM2_FR": "AGBOVILLE",
        "ADM2_PCODE": "CI0301",
        "ADM3_FR": "AGBOVILLE",
        "ADM3_PCODE": "CI030102",
        "ADM4_FR": "AGBOVILLE",
        "ADM4_PCODE": "C0215",
        "centerLat": 5.92964,
        "centerLng": -4.21523,
        "pop": 50873,
        "Ted_MOOV": 0.0,
        "Tcd_MOOV": 100.0,
        "Tddu_MOOV": 0.0,
        "Tddd_MOOV": 3.37,
        "Dmd_MOOV": 1063.54,
        "Dmu_MOOV": 9396.11,
        "Ted_MTN": 0.8099999999999999,
        "Tcd_MTN": 99.17,
        "Tddu_MTN": 3.1300000000000003,
        "Tddd_MTN": 5.62,
        "Dmd_MTN": 8455.54,
        "Dmu_MTN": 14785.86,
        "Ted_ORANGE": 6.3,
        "Tcd_ORANGE": 100.0,
        "Tddu_ORANGE": 0.0,
        "Tddd_ORANGE": 5.62,
        "Dmd_ORANGE": 2932.35,
        "Dmu_ORANGE": 0.0,
        "rang_Ted_ORANGE": 3,
        "rang_Ted_MTN": 2,
        "rang_Ted_MOOV": 1,
        "rang_Tcd_ORANGE": 1,
        "rang_Tcd_MTN": 3,
        "rang_Tcd_MOOV": 1,
        "rang_Tddd_ORANGE": 2,
        "rang_Tddd_MTN": 2,
        "rang_Tddd_MOOV": 1,
        "rang_Tddu_ORANGE": 1,
        "rang_Tddu_MTN": 3,
        "rang_Tddu_MOOV": 1,
        "rang_Dmd_ORANGE": 2,
        "rang_Dmd_MTN": 3,
        "rang_Dmd_MOOV": 1,
        "rang_Dmu_ORANGE": 1,
        "rang_Dmu_MTN": 3,
        "rang_Dmu_MOOV": 2
      },
      "id": 18
    },
    {
      "type": "Feature",
      "geometry": {
        "coordinates": [
          -3.1927800000000004,
          7.119870000000001
        ],
        "type": "Point"
      },
      "properties": {
        "ADM0_FR": "COMOE",
        "ADM0_PCODE": "CI02",
        "ADM1_FR": "INDENIE-DJUABLIN",
        "ADM1_PCODE": "CI120",
        "ADM2_FR": "AGNIBILEKROU",
        "ADM2_PCODE": "CI2002",
        "ADM3_FR": "AGNIBILEKROU",
        "ADM3_PCODE": "CI200201",
        "ADM4_FR": "AGNIBILEKROU",
        "ADM4_PCODE": "C0224",
        "centerLat": 7.12987,
        "centerLng": -3.20278,
        "pop": 48611,
        "Ted_MOOV": 14.71,
        "Tcd_MOOV": 82.35,
        "Tddu_MOOV": 35.0,
        "Tddd_MOOV": 10.77,
        "Dmd_MOOV": 830.38,
        "Dmu_MOOV": 1534.0,
        "Ted_MTN": 0.0,
        "Tcd_MTN": 100.0,
        "Tddu_MTN": 2.78,
        "Tddd_MTN": 8.540000000000001,
        "Dmd_MTN": 3441.13,
        "Dmu_MTN": 12511.87,
        "Ted_ORANGE": 16.950000000000003,
        "Tcd_ORANGE": 98.94,
        "Tddu_ORANGE": 0.0,
        "Tddd_ORANGE": 3.8,
        "Dmd_ORANGE": 3494.17,
        "Dmu_ORANGE": 3955.03,
        "rang_Ted_ORANGE": 3,
        "rang_Ted_MTN": 1,
        "rang_Ted_MOOV": 2,
        "rang_Tcd_ORANGE": 2,
        "rang_Tcd_MTN": 1,
        "rang_Tcd_MOOV": 3,
        "rang_Tddd_ORANGE": 1,
        "rang_Tddd_MTN": 2,
        "rang_Tddd_MOOV": 3,
        "rang_Tddu_ORANGE": 1,
        "rang_Tddu_MTN": 2,
        "rang_Tddu_MOOV": 3,
        "rang_Dmd_ORANGE": 3,
        "rang_Dmd_MTN": 2,
        "rang_Dmd_MOOV": 1,
        "rang_Dmu_ORANGE": 2,
        "rang_Dmu_MTN": 3,
        "rang_Dmu_MOOV": 1
      },
      "id": 19
    },
    {
      "type": "Feature",
      "geometry": {
        "coordinates": [
          -3.9334300000000004,
          5.97254
        ],
        "type": "Point"
      },
      "properties": {
        "ADM0_FR": "LAGUNES",
        "ADM0_PCODE": "CI08",
        "ADM1_FR": "LA ME",
        "ADM1_PCODE": "CI124",
        "ADM2_FR": "ADZOPE",
        "ADM2_PCODE": "CI2401",
        "ADM3_FR": "AGOU",
        "ADM3_PCODE": "CI240102",
        "ADM4_FR": "AGOU",
        "ADM4_PCODE": "C0230",
        "centerLat": 5.98254,
        "centerLng": -3.94343,
        "pop": 6035,
        "Ted_MOOV": 1.39,
        "Tcd_MOOV": 73.24000000000001,
        "Tddu_MOOV": 40.0,
        "Tddd_MOOV": 1.96,
        "Dmd_MOOV": 1321.84,
        "Dmu_MOOV": 634.91,
        "Ted_MTN": 0.0,
        "Tcd_MTN": 98.72999999999999,
        "Tddu_MTN": 0.0,
        "Tddd_MTN": 6.9,
        "Dmd_MTN": 8829.79,
        "Dmu_MTN": 6351.2,
        "Ted_ORANGE": 0.0,
        "Tcd_ORANGE": 100.0,
        "Tddu_ORANGE": 0.0,
        "Tddd_ORANGE": 15.25,
        "Dmd_ORANGE": 2942.96,
        "Dmu_ORANGE": 3347.61,
        "rang_Ted_ORANGE": 1,
        "rang_Ted_MTN": 1,
        "rang_Ted_MOOV": 3,
        "rang_Tcd_ORANGE": 1,
        "rang_Tcd_MTN": 2,
        "rang_Tcd_MOOV": 3,
        "rang_Tddd_ORANGE": 3,
        "rang_Tddd_MTN": 2,
        "rang_Tddd_MOOV": 1,
        "rang_Tddu_ORANGE": 1,
        "rang_Tddu_MTN": 1,
        "rang_Tddu_MOOV": 3,
        "rang_Dmd_ORANGE": 2,
        "rang_Dmd_MTN": 3,
        "rang_Dmd_MOOV": 1,
        "rang_Dmu_ORANGE": 2,
        "rang_Dmu_MTN": 3,
        "rang_Dmu_MOOV": 1
      },
      "id": 20
    },
    {
      "type": "Feature",
      "geometry": {
        "coordinates": [
          -3.95954,
          6.66259
        ],
        "type": "Point"
      },
      "properties": {
        "ADM0_FR": "LACS",
        "ADM0_PCODE": "CI07",
        "ADM1_FR": "MORONOU",
        "ADM1_PCODE": "CI125",
        "ADM2_FR": "ARRAH",
        "ADM2_PCODE": "CI2501",
        "ADM3_FR": "ARRAH",
        "ADM3_PCODE": "CI250101",
        "ADM4_FR": "ARRAH",
        "ADM4_PCODE": "C0600",
        "centerLat": 6.67259,
        "centerLng": -3.96954,
        "pop": 24122,
        "Ted_MOOV": 0.0,
        "Tcd_MOOV": 100.0,
        "Tddu_MOOV": 0.0,
        "Tddd_MOOV": 5.45,
        "Dmd_MOOV": 23358.74,
        "Dmu_MOOV": 16870.39,
        "Ted_MTN": 0.0,
        "Tcd_MTN": 97.92,
        "Tddu_MTN": 0.0,
        "Tddd_MTN": 4.62,
        "Dmd_MTN": 15034.57,
        "Dmu_MTN": 7620.24,
        "Ted_ORANGE": 0.0,
        "Tcd_ORANGE": 100.0,
        "Tddu_ORANGE": 0.0,
        "Tddd_ORANGE": 3.39,
        "Dmd_ORANGE": 3067.63,
        "Dmu_ORANGE": 4079.73,
        "rang_Ted_ORANGE": 1,
        "rang_Ted_MTN": 1,
        "rang_Ted_MOOV": 1,
        "rang_Tcd_ORANGE": 1,
        "rang_Tcd_MTN": 3,
        "rang_Tcd_MOOV": 1,
        "rang_Tddd_ORANGE": 1,
        "rang_Tddd_MTN": 2,
        "rang_Tddd_MOOV": 3,
        "rang_Tddu_ORANGE": 1,
        "rang_Tddu_MTN": 1,
        "rang_Tddu_MOOV": 1,
        "rang_Dmd_ORANGE": 1,
        "rang_Dmd_MTN": 2,
        "rang_Dmd_MOOV": 3,
        "rang_Dmu_ORANGE": 1,
        "rang_Dmu_MTN": 2,
        "rang_Dmu_MOOV": 3
      },
      "id": 21
    },
    {
      "type": "Feature",
      "geometry": {
        "coordinates": [
          -3.15381,
          5.59087
        ],
        "type": "Point"
      },
      "properties": {
        "ADM0_FR": "COMOE",
        "ADM0_PCODE": "CI02",
        "ADM1_FR": "SUD-COMOE",
        "ADM1_PCODE": "CI130",
        "ADM2_FR": "ABOISSO",
        "ADM2_PCODE": "CI3001",
        "ADM3_FR": "AYAME",
        "ADM3_PCODE": "CI300104",
        "ADM4_FR": "AYAMÉ",
        "ADM4_PCODE": "C0772",
        "centerLat": 5.60087,
        "centerLng": -3.16381,
        "pop": 8601,
        "Ted_MOOV": 6.38,
        "Tcd_MOOV": 90.57,
        "Tddu_MOOV": 8.33,
        "Tddd_MOOV": 3.45,
        "Dmd_MOOV": 2920.69,
        "Dmu_MOOV": 1491.37,
        "Ted_MTN": 3.53,
        "Tcd_MTN": 98.78,
        "Tddu_MTN": 4.35,
        "Tddd_MTN": 3.39,
        "Dmd_MTN": 3889.6,
        "Dmu_MTN": 5761.63,
        "Ted_ORANGE": 0.0,
        "Tcd_ORANGE": 100.0,
        "Tddu_ORANGE": 0.0,
        "Tddd_ORANGE": 7.8100000000000005,
        "Dmd_ORANGE": 2771.46,
        "Dmu_ORANGE": 584.7,
        "rang_Ted_ORANGE": 1,
        "rang_Ted_MTN": 2,
        "rang_Ted_MOOV": 3,
        "rang_Tcd_ORANGE": 1,
        "rang_Tcd_MTN": 2,
        "rang_Tcd_MOOV": 3,
        "rang_Tddd_ORANGE": 3,
        "rang_Tddd_MTN": 1,
        "rang_Tddd_MOOV": 2,
        "rang_Tddu_ORANGE": 1,
        "rang_Tddu_MTN": 2,
        "rang_Tddu_MOOV": 3,
        "rang_Dmd_ORANGE": 1,
        "rang_Dmd_MTN": 3,
        "rang_Dmd_MOOV": 2,
        "rang_Dmu_ORANGE": 1,
        "rang_Dmu_MTN": 3,
        "rang_Dmu_MOOV": 2
      },
      "id": 22
    },
    {
      "type": "Feature",
      "geometry": {
        "coordinates": [
          -4.07075,
          5.63569
        ],
        "type": "Point"
      },
      "properties": {
        "ADM0_FR": "LAGUNES",
        "ADM0_PCODE": "CI08",
        "ADM1_FR": "AGNEBY-TIASSA",
        "ADM1_PCODE": "CI103",
        "ADM2_FR": "AGBOVILLE",
        "ADM2_PCODE": "CI0301",
        "ADM3_FR": "AZAGUIE",
        "ADM3_PCODE": "CI030105",
        "ADM4_FR": "AZAGUIÉ",
        "ADM4_PCODE": "C0780",
        "centerLat": 5.64569,
        "centerLng": -4.08075,
        "pop": 13876,
        "Ted_MOOV": 5.56,
        "Tcd_MOOV": 94.12,
        "Tddu_MOOV": 29.409999999999997,
        "Tddd_MOOV": 5.88,
        "Dmd_MOOV": 2887.69,
        "Dmu_MOOV": 1293.26,
        "Ted_MTN": 5.800000000000001,
        "Tcd_MTN": 84.61999999999999,
        "Tddu_MTN": 12.5,
        "Tddd_MTN": 32.65,
        "Dmd_MTN": 5934.94,
        "Dmu_MTN": 6038.14,
        "Ted_ORANGE": 10.26,
        "Tcd_ORANGE": 100.0,
        "Tddu_ORANGE": 0.0,
        "Tddd_ORANGE": 7.2700000000000005,
        "Dmd_ORANGE": 2642.89,
        "Dmu_ORANGE": 0.0,
        "rang_Ted_ORANGE": 3,
        "rang_Ted_MTN": 2,
        "rang_Ted_MOOV": 1,
        "rang_Tcd_ORANGE": 1,
        "rang_Tcd_MTN": 3,
        "rang_Tcd_MOOV": 2,
        "rang_Tddd_ORANGE": 2,
        "rang_Tddd_MTN": 3,
        "rang_Tddd_MOOV": 1,
        "rang_Tddu_ORANGE": 1,
        "rang_Tddu_MTN": 2,
        "rang_Tddu_MOOV": 3,
        "rang_Dmd_ORANGE": 1,
        "rang_Dmd_MTN": 3,
        "rang_Dmd_MOOV": 2,
        "rang_Dmu_ORANGE": 1,
        "rang_Dmu_MTN": 3,
        "rang_Dmu_MOOV": 2
      },
      "id": 23
    },
    {
      "type": "Feature",
      "geometry": {
        "coordinates": [
          -5.56393,
          7.6608600000000004
        ],
        "type": "Point"
      },
      "properties": {
        "ADM0_FR": "VALLEE DU BANDAMA",
        "ADM0_PCODE": "CI12",
        "ADM1_FR": "GBEKE",
        "ADM1_PCODE": "CI111",
        "ADM2_FR": "BEOUMI",
        "ADM2_PCODE": "CI1101",
        "ADM3_FR": "BEOUMI",
        "ADM3_PCODE": "CI110102",
        "ADM4_FR": "BÉOUMI",
        "ADM4_PCODE": "C1124",
        "centerLat": 7.67086,
        "centerLng": -5.57393,
        "pop": 25526,
        "Ted_MOOV": 1.46,
        "Tcd_MOOV": 100.0,
        "Tddu_MOOV": 0.0,
        "Tddd_MOOV": 5.489999999999999,
        "Dmd_MOOV": 7931.35,
        "Dmu_MOOV": 9096.89,
        "Ted_MTN": 0.0,
        "Tcd_MTN": 100.0,
        "Tddu_MTN": 0.0,
        "Tddd_MTN": 1.18,
        "Dmd_MTN": 7597.44,
        "Dmu_MTN": 6291.83,
        "Ted_ORANGE": 13.270000000000001,
        "Tcd_ORANGE": 100.0,
        "Tddu_ORANGE": 0.0,
        "Tddd_ORANGE": 0.0,
        "Dmd_ORANGE": 2753.16,
        "Dmu_ORANGE": 3699.05,
        "rang_Ted_ORANGE": 3,
        "rang_Ted_MTN": 1,
        "rang_Ted_MOOV": 2,
        "rang_Tcd_ORANGE": 1,
        "rang_Tcd_MTN": 1,
        "rang_Tcd_MOOV": 1,
        "rang_Tddd_ORANGE": 1,
        "rang_Tddd_MTN": 2,
        "rang_Tddd_MOOV": 3,
        "rang_Tddu_ORANGE": 1,
        "rang_Tddu_MTN": 1,
        "rang_Tddu_MOOV": 1,
        "rang_Dmd_ORANGE": 1,
        "rang_Dmd_MTN": 2,
        "rang_Dmd_MOOV": 3,
        "rang_Dmu_ORANGE": 1,
        "rang_Dmu_MTN": 2,
        "rang_Dmu_MOOV": 3
      },
      "id": 24
    },
    {
      "type": "Feature",
      "geometry": {
        "coordinates": [
          -7.604830000000001,
          7.73078
        ],
        "type": "Point"
      },
      "properties": {
        "ADM0_FR": "MONTAGNES",
        "ADM0_PCODE": "CI09",
        "ADM1_FR": "TONKPI",
        "ADM1_PCODE": "CI132",
        "ADM2_FR": "BIANKOUMA",
        "ADM2_PCODE": "CI3201",
        "ADM3_FR": "BIANKOUMA",
        "ADM3_PCODE": "CI320101",
        "ADM4_FR": "BIANKOUMA",
        "ADM4_PCODE": "C1160",
        "centerLat": 7.74078,
        "centerLng": -7.61483,
        "pop": 17922,
        "Ted_MOOV": 1.55,
        "Tcd_MOOV": 100.0,
        "Tddu_MOOV": 0.0,
        "Tddd_MOOV": 1.06,
        "Dmd_MOOV": 4271.64,
        "Dmu_MOOV": 2865.83,
        "Ted_MTN": 0.0,
        "Tcd_MTN": 100.0,
        "Tddu_MTN": 0.0,
        "Tddd_MTN": 75.28,
        "Dmd_MTN": 303.49,
        "Dmu_MTN": 9011.51,
        "Ted_ORANGE": 0.0,
        "Tcd_ORANGE": 100.0,
        "Tddu_ORANGE": 0.0,
        "Tddd_ORANGE": 2.15,
        "Dmd_ORANGE": 2996.25,
        "Dmu_ORANGE": 2719.48,
        "rang_Ted_ORANGE": 1,
        "rang_Ted_MTN": 1,
        "rang_Ted_MOOV": 3,
        "rang_Tcd_ORANGE": 1,
        "rang_Tcd_MTN": 1,
        "rang_Tcd_MOOV": 1,
        "rang_Tddd_ORANGE": 2,
        "rang_Tddd_MTN": 3,
        "rang_Tddd_MOOV": 1,
        "rang_Tddu_ORANGE": 1,
        "rang_Tddu_MTN": 1,
        "rang_Tddu_MOOV": 1,
        "rang_Dmd_ORANGE": 2,
        "rang_Dmd_MTN": 1,
        "rang_Dmd_MOOV": 3,
        "rang_Dmu_ORANGE": 1,
        "rang_Dmu_MTN": 3,
        "rang_Dmu_MOOV": 2
      },
      "id": 25
    },
    {
      "type": "Feature",
      "geometry": {
        "coordinates": [
          -2.79,
          8.03
        ],
        "type": "Point"
      },
      "properties": {
        "ADM0_FR": "COMOE",
        "ADM0_PCODE": "CI02",
        "ADM1_FR": "SUD-COMOE",
        "ADM1_PCODE": "CI130",
        "ADM2_FR": "ADIAKE",
        "ADM2_PCODE": "CI3002",
        "ADM3_FR": "ADIAKE",
        "ADM3_PCODE": "CI300201",
        "ADM4_FR": "BONDOUKOU",
        "ADM4_PCODE": "C1424",
        "centerLat": 8.04,
        "centerLng": -2.8,
        "pop": 1837,
        "Ted_MOOV": 1.37,
        "Tcd_MOOV": 68.66,
        "Tddu_MOOV": 40.0,
        "Tddd_MOOV": 23.080000000000002,
        "Dmd_MOOV": 693.02,
        "Dmu_MOOV": 703.31,
        "Ted_MTN": 1.1900000000000002,
        "Tcd_MTN": 84.21,
        "Tddu_MTN": 10.0,
        "Tddd_MTN": 12.5,
        "Dmd_MTN": 1912.09,
        "Dmu_MTN": 3375.72,
        "Ted_ORANGE": 10.26,
        "Tcd_ORANGE": 99.05000000000001,
        "Tddu_ORANGE": 0.0,
        "Tddd_ORANGE": 27.779999999999998,
        "Dmd_ORANGE": 1734.36,
        "Dmu_ORANGE": 5005.05,
        "rang_Ted_ORANGE": 3,
        "rang_Ted_MTN": 1,
        "rang_Ted_MOOV": 2,
        "rang_Tcd_ORANGE": 1,
        "rang_Tcd_MTN": 2,
        "rang_Tcd_MOOV": 3,
        "rang_Tddd_ORANGE": 3,
        "rang_Tddd_MTN": 1,
        "rang_Tddd_MOOV": 2,
        "rang_Tddu_ORANGE": 1,
        "rang_Tddu_MTN": 2,
        "rang_Tddu_MOOV": 3,
        "rang_Dmd_ORANGE": 2,
        "rang_Dmd_MTN": 3,
        "rang_Dmd_MOOV": 1,
        "rang_Dmu_ORANGE": 3,
        "rang_Dmu_MTN": 2,
        "rang_Dmu_MOOV": 1
      },
      "id": 26
    },
    {
      "type": "Feature",
      "geometry": {
        "coordinates": [
          -6.03477,
          6.917190000000001
        ],
        "type": "Point"
      },
      "properties": {
        "ADM0_FR": "SASSANDRA-MARAHOUE",
        "ADM0_PCODE": "CI10",
        "ADM1_FR": "MARAHOUE",
        "ADM1_PCODE": "CI123",
        "ADM2_FR": "BOUAFLE",
        "ADM2_PCODE": "CI2301",
        "ADM3_FR": "BONON",
        "ADM3_PCODE": "CI230102",
        "ADM4_FR": "BONON",
        "ADM4_PCODE": "C1450",
        "centerLat": 6.92719,
        "centerLng": -6.04477,
        "pop": 92523,
        "Ted_MOOV": 0.0,
        "Tcd_MOOV": 94.74000000000001,
        "Tddu_MOOV": 90.91,
        "Tddd_MOOV": 25.929999999999996,
        "Dmd_MOOV": 1446.29,
        "Dmu_MOOV": 215.96,
        "Ted_MTN": 1.5699999999999998,
        "Tcd_MTN": 90.32,
        "Tddu_MTN": 11.76,
        "Tddd_MTN": 1.11,
        "Dmd_MTN": 6262.37,
        "Dmu_MTN": 12828.81,
        "Ted_ORANGE": 0.0,
        "Tcd_ORANGE": 100.0,
        "Tddu_ORANGE": 0.0,
        "Tddd_ORANGE": 0.0,
        "Dmd_ORANGE": 2235.19,
        "Dmu_ORANGE": 5072.9,
        "rang_Ted_ORANGE": 1,
        "rang_Ted_MTN": 3,
        "rang_Ted_MOOV": 1,
        "rang_Tcd_ORANGE": 1,
        "rang_Tcd_MTN": 3,
        "rang_Tcd_MOOV": 2,
        "rang_Tddd_ORANGE": 1,
        "rang_Tddd_MTN": 2,
        "rang_Tddd_MOOV": 3,
        "rang_Tddu_ORANGE": 1,
        "rang_Tddu_MTN": 2,
        "rang_Tddu_MOOV": 3,
        "rang_Dmd_ORANGE": 2,
        "rang_Dmd_MTN": 3,
        "rang_Dmd_MOOV": 1,
        "rang_Dmu_ORANGE": 2,
        "rang_Dmu_MTN": 3,
        "rang_Dmu_MOOV": 1
      },
      "id": 27
    },
    {
      "type": "Feature",
      "geometry": {
        "coordinates": [
          -5.3010600000000005,
          7.84095
        ],
        "type": "Point"
      },
      "properties": {
        "ADM0_FR": "VALLEE DU BANDAMA",
        "ADM0_PCODE": "CI12",
        "ADM1_FR": "GBEKE",
        "ADM1_PCODE": "CI111",
        "ADM2_FR": "BOTRO",
        "ADM2_PCODE": "CI1102",
        "ADM3_FR": "BOTRO",
        "ADM3_PCODE": "CI110201",
        "ADM4_FR": "BOTRO",
        "ADM4_PCODE": "C1497",
        "centerLat": 7.85095,
        "centerLng": -5.31106,
        "pop": 10006,
        "Ted_MOOV": 0.0,
        "Tcd_MOOV": 98.67,
        "Tddu_MOOV": 38.89,
        "Tddd_MOOV": 21.05,
        "Dmd_MOOV": 482.82,
        "Dmu_MOOV": 688.1,
        "Ted_MTN": 1.09,
        "Tcd_MTN": 100.0,
        "Tddu_MTN": 0.0,
        "Tddd_MTN": 25.759999999999998,
        "Dmd_MTN": 3208.16,
        "Dmu_MTN": 6251.6,
        "Ted_ORANGE": 0.0,
        "Tcd_ORANGE": 100.0,
        "Tddu_ORANGE": 0.0,
        "Tddd_ORANGE": 2.9000000000000004,
        "Dmd_ORANGE": 3156.71,
        "Dmu_ORANGE": 5081.33,
        "rang_Ted_ORANGE": 1,
        "rang_Ted_MTN": 3,
        "rang_Ted_MOOV": 1,
        "rang_Tcd_ORANGE": 1,
        "rang_Tcd_MTN": 1,
        "rang_Tcd_MOOV": 3,
        "rang_Tddd_ORANGE": 1,
        "rang_Tddd_MTN": 3,
        "rang_Tddd_MOOV": 2,
        "rang_Tddu_ORANGE": 1,
        "rang_Tddu_MTN": 1,
        "rang_Tddu_MOOV": 3,
        "rang_Dmd_ORANGE": 2,
        "rang_Dmd_MTN": 3,
        "rang_Dmd_MOOV": 1,
        "rang_Dmu_ORANGE": 2,
        "rang_Dmu_MTN": 3,
        "rang_Dmu_MOOV": 1
      },
      "id": 28
    },
    {
      "type": "Feature",
      "geometry": {
        "coordinates": [
          -5.74132,
          6.97414
        ],
        "type": "Point"
      },
      "properties": {
        "ADM0_FR": "SASSANDRA-MARAHOUE",
        "ADM0_PCODE": "CI10",
        "ADM1_FR": "MARAHOUE",
        "ADM1_PCODE": "CI123",
        "ADM2_FR": "BOUAFLE",
        "ADM2_PCODE": "CI2301",
        "ADM3_FR": "BOUAFLE",
        "ADM3_PCODE": "CI230103",
        "ADM4_FR": "BOUAFLÉ",
        "ADM4_PCODE": "C1503",
        "centerLat": 6.98414,
        "centerLng": -5.75132,
        "pop": 80389,
        "Ted_MOOV": 0.86,
        "Tcd_MOOV": 98.25,
        "Tddu_MOOV": 6.0600000000000005,
        "Tddd_MOOV": 24.69,
        "Dmd_MOOV": 5132.01,
        "Dmu_MOOV": 4518.69,
        "Ted_MTN": 0.0,
        "Tcd_MTN": 100.0,
        "Tddu_MTN": 0.0,
        "Tddd_MTN": 6.1,
        "Dmd_MTN": 3963.7,
        "Dmu_MTN": 12092.87,
        "Ted_ORANGE": 6.140000000000001,
        "Tcd_ORANGE": 100.0,
        "Tddu_ORANGE": 0.0,
        "Tddd_ORANGE": 2.41,
        "Dmd_ORANGE": 3017.55,
        "Dmu_ORANGE": 0.0,
        "rang_Ted_ORANGE": 3,
        "rang_Ted_MTN": 1,
        "rang_Ted_MOOV": 2,
        "rang_Tcd_ORANGE": 1,
        "rang_Tcd_MTN": 1,
        "rang_Tcd_MOOV": 3,
        "rang_Tddd_ORANGE": 1,
        "rang_Tddd_MTN": 2,
        "rang_Tddd_MOOV": 3,
        "rang_Tddu_ORANGE": 1,
        "rang_Tddu_MTN": 1,
        "rang_Tddu_MOOV": 3,
        "rang_Dmd_ORANGE": 1,
        "rang_Dmd_MTN": 2,
        "rang_Dmd_MOOV": 3,
        "rang_Dmu_ORANGE": 1,
        "rang_Dmu_MTN": 3,
        "rang_Dmu_MOOV": 2
      },
      "id": 29
    },
    {
      "type": "Feature",
      "geometry": {
        "coordinates": [
          -5.01961,
          7.67791
        ],
        "type": "Point"
      },
      "properties": {
        "ADM0_FR": "VALLEE DU BANDAMA",
        "ADM0_PCODE": "CI12",
        "ADM1_FR": "GBEKE",
        "ADM1_PCODE": "CI111",
        "ADM2_FR": "BOUAKE",
        "ADM2_PCODE": "CI1103",
        "ADM3_FR": "BOUAKE",
        "ADM3_PCODE": "CI110301",
        "ADM4_FR": "BOUAKÉ",
        "ADM4_PCODE": "C1507",
        "centerLat": 7.68791,
        "centerLng": -5.02961,
        "pop": 536719,
        "Ted_MOOV": 3.74,
        "Tcd_MOOV": 93.26,
        "Tddu_MOOV": 0.0,
        "Tddd_MOOV": 32.54,
        "Dmd_MOOV": 1428.09,
        "Dmu_MOOV": 11301.89,
        "Ted_MTN": 0.89,
        "Tcd_MTN": 98.2,
        "Tddu_MTN": 1.39,
        "Tddd_MTN": 2.67,
        "Dmd_MTN": 11257.47,
        "Dmu_MTN": 17004.76,
        "Ted_ORANGE": 14.67,
        "Tcd_ORANGE": 100.0,
        "Tddu_ORANGE": 0.0,
        "Tddd_ORANGE": 7.870000000000001,
        "Dmd_ORANGE": 2652.96,
        "Dmu_ORANGE": 0.0,
        "rang_Ted_ORANGE": 3,
        "rang_Ted_MTN": 1,
        "rang_Ted_MOOV": 2,
        "rang_Tcd_ORANGE": 1,
        "rang_Tcd_MTN": 2,
        "rang_Tcd_MOOV": 3,
        "rang_Tddd_ORANGE": 2,
        "rang_Tddd_MTN": 1,
        "rang_Tddd_MOOV": 3,
        "rang_Tddu_ORANGE": 1,
        "rang_Tddu_MTN": 3,
        "rang_Tddu_MOOV": 1,
        "rang_Dmd_ORANGE": 2,
        "rang_Dmd_MTN": 3,
        "rang_Dmd_MOOV": 1,
        "rang_Dmu_ORANGE": 1,
        "rang_Dmu_MTN": 3,
        "rang_Dmu_MOOV": 2
      },
      "id": 30
    },
    {
      "type": "Feature",
      "geometry": {
        "coordinates": [
          -6.4741100000000005,
          9.51143
        ],
        "type": "Point"
      },
      "properties": {
        "ADM0_FR": "SAVANES",
        "ADM0_PCODE": "CI11",
        "ADM1_FR": "BAGOUE",
        "ADM1_PCODE": "CI105",
        "ADM2_FR": "BOUNDIALI",
        "ADM2_PCODE": "CI0501",
        "ADM3_FR": "BOUNDIALI",
        "ADM3_PCODE": "CI050102",
        "ADM4_FR": "BOUNDIALI",
        "ADM4_PCODE": "C1557",
        "centerLat": 9.52143,
        "centerLng": -6.48411,
        "pop": 39962,
        "Ted_MOOV": 0.52,
        "Tcd_MOOV": 100.0,
        "Tddu_MOOV": 0.0,
        "Tddd_MOOV": 3.82,
        "Dmd_MOOV": 8239.45,
        "Dmu_MOOV": 12710.8,
        "Ted_MTN": 0.64,
        "Tcd_MTN": 99.32,
        "Tddu_MTN": 0.0,
        "Tddd_MTN": 7.7700000000000005,
        "Dmd_MTN": 1997.74,
        "Dmu_MTN": 6705.57,
        "Ted_ORANGE": 3.11,
        "Tcd_ORANGE": 100.0,
        "Tddu_ORANGE": 0.0,
        "Tddd_ORANGE": 2.59,
        "Dmd_ORANGE": 2982.49,
        "Dmu_ORANGE": 2828.84,
        "rang_Ted_ORANGE": 3,
        "rang_Ted_MTN": 2,
        "rang_Ted_MOOV": 1,
        "rang_Tcd_ORANGE": 1,
        "rang_Tcd_MTN": 3,
        "rang_Tcd_MOOV": 1,
        "rang_Tddd_ORANGE": 1,
        "rang_Tddd_MTN": 3,
        "rang_Tddd_MOOV": 2,
        "rang_Tddu_ORANGE": 1,
        "rang_Tddu_MTN": 1,
        "rang_Tddu_MOOV": 1,
        "rang_Dmd_ORANGE": 2,
        "rang_Dmd_MTN": 1,
        "rang_Dmd_MOOV": 3,
        "rang_Dmu_ORANGE": 1,
        "rang_Dmu_MTN": 2,
        "rang_Dmu_MOOV": 3
      },
      "id": 31
    },
    {
      "type": "Feature",
      "geometry": {
        "coordinates": [
          -4.37208,
          5.31271
        ],
        "type": "Point"
      },
      "properties": {
        "ADM0_FR": "LAGUNES",
        "ADM0_PCODE": "CI08",
        "ADM1_FR": "GRANDS-PONTS",
        "ADM1_PCODE": "CI115",
        "ADM2_FR": "DABOU",
        "ADM2_PCODE": "CI1501",
        "ADM3_FR": "DABOU",
        "ADM3_PCODE": "CI150101",
        "ADM4_FR": "DABOU",
        "ADM4_PCODE": "C1708",
        "centerLat": 5.32271,
        "centerLng": -4.38208,
        "pop": 61942,
        "Ted_MOOV": 4.6899999999999995,
        "Tcd_MOOV": 100.0,
        "Tddu_MOOV": 7.89,
        "Tddd_MOOV": 28.92,
        "Dmd_MOOV": 2112.08,
        "Dmu_MOOV": 5497.56,
        "Ted_MTN": 0.0,
        "Tcd_MTN": 100.0,
        "Tddu_MTN": 0.0,
        "Tddd_MTN": 23.330000000000002,
        "Dmd_MTN": 2776.21,
        "Dmu_MTN": 11473.96,
        "Ted_ORANGE": 0.7799999999999999,
        "Tcd_ORANGE": 99.19,
        "Tddu_ORANGE": 0.0,
        "Tddd_ORANGE": 3.3300000000000005,
        "Dmd_ORANGE": 2720.79,
        "Dmu_ORANGE": 4235.63,
        "rang_Ted_ORANGE": 2,
        "rang_Ted_MTN": 1,
        "rang_Ted_MOOV": 3,
        "rang_Tcd_ORANGE": 3,
        "rang_Tcd_MTN": 1,
        "rang_Tcd_MOOV": 1,
        "rang_Tddd_ORANGE": 1,
        "rang_Tddd_MTN": 2,
        "rang_Tddd_MOOV": 3,
        "rang_Tddu_ORANGE": 1,
        "rang_Tddu_MTN": 1,
        "rang_Tddu_MOOV": 3,
        "rang_Dmd_ORANGE": 2,
        "rang_Dmd_MTN": 3,
        "rang_Dmd_MOOV": 1,
        "rang_Dmu_ORANGE": 1,
        "rang_Dmu_MTN": 3,
        "rang_Dmu_MOOV": 2
      },
      "id": 32
    },
    {
      "type": "Feature",
      "geometry": {
        "coordinates": [
          -6.4386,
          6.878150000000001
        ],
        "type": "Point"
      },
      "properties": {
        "ADM0_FR": "SASSANDRA-MARAHOUE",
        "ADM0_PCODE": "CI10",
        "ADM1_FR": "HAUT-SASSANDRA",
        "ADM1_PCODE": "CI118",
        "ADM2_FR": "DALOA",
        "ADM2_PCODE": "CI1801",
        "ADM3_FR": "DALOA",
        "ADM3_PCODE": "CI180102",
        "ADM4_FR": "DALOA",
        "ADM4_PCODE": "C1779",
        "centerLat": 6.88815,
        "centerLng": -6.4486,
        "pop": 245360,
        "Ted_MOOV": 0.62,
        "Tcd_MOOV": 97.45,
        "Tddu_MOOV": 0.0,
        "Tddd_MOOV": 15.18,
        "Dmd_MOOV": 1962.41,
        "Dmu_MOOV": 8151.18,
        "Ted_MTN": 2.53,
        "Tcd_MTN": 100.0,
        "Tddu_MTN": 0.0,
        "Tddd_MTN": 0.9299999999999999,
        "Dmd_MTN": 5490.97,
        "Dmu_MTN": 14770.39,
        "Ted_ORANGE": 1.24,
        "Tcd_ORANGE": 100.0,
        "Tddu_ORANGE": 0.0,
        "Tddd_ORANGE": 1.77,
        "Dmd_ORANGE": 2910.81,
        "Dmu_ORANGE": 4675.5,
        "rang_Ted_ORANGE": 2,
        "rang_Ted_MTN": 3,
        "rang_Ted_MOOV": 1,
        "rang_Tcd_ORANGE": 1,
        "rang_Tcd_MTN": 1,
        "rang_Tcd_MOOV": 3,
        "rang_Tddd_ORANGE": 2,
        "rang_Tddd_MTN": 1,
        "rang_Tddd_MOOV": 3,
        "rang_Tddu_ORANGE": 1,
        "rang_Tddu_MTN": 1,
        "rang_Tddu_MOOV": 1,
        "rang_Dmd_ORANGE": 2,
        "rang_Dmd_MTN": 3,
        "rang_Dmd_MOOV": 1,
        "rang_Dmu_ORANGE": 1,
        "rang_Dmu_MTN": 3,
        "rang_Dmu_MOOV": 2
      },
      "id": 33
    },
    {
      "type": "Feature",
      "geometry": {
        "coordinates": [
          -3.9524700000000004,
          7.04411
        ],
        "type": "Point"
      },
      "properties": {
        "ADM0_FR": "LACS",
        "ADM0_PCODE": "CI07",
        "ADM1_FR": "IFFOU",
        "ADM1_PCODE": "CI119",
        "ADM2_FR": "DAOUKRO",
        "ADM2_PCODE": "CI1901",
        "ADM3_FR": "DAOUKRO",
        "ADM3_PCODE": "CI190103",
        "ADM4_FR": "DAOUKRO",
        "ADM4_PCODE": "C1821",
        "centerLat": 7.05411,
        "centerLng": -3.96247,
        "pop": 44342,
        "Ted_MOOV": 4.109999999999999,
        "Tcd_MOOV": 94.24,
        "Tddu_MOOV": 65.79,
        "Tddd_MOOV": 32.67,
        "Dmd_MOOV": 1600.13,
        "Dmu_MOOV": 482.67,
        "Ted_MTN": 7.02,
        "Tcd_MTN": 100.0,
        "Tddu_MTN": 0.0,
        "Tddd_MTN": 0.0,
        "Dmd_MTN": 11266.38,
        "Dmu_MTN": 10222.31,
        "Ted_ORANGE": 1.72,
        "Tcd_ORANGE": 100.0,
        "Tddu_ORANGE": 0.0,
        "Tddd_ORANGE": 13.33,
        "Dmd_ORANGE": 2220.23,
        "Dmu_ORANGE": 0.0,
        "rang_Ted_ORANGE": 1,
        "rang_Ted_MTN": 3,
        "rang_Ted_MOOV": 2,
        "rang_Tcd_ORANGE": 1,
        "rang_Tcd_MTN": 1,
        "rang_Tcd_MOOV": 3,
        "rang_Tddd_ORANGE": 2,
        "rang_Tddd_MTN": 1,
        "rang_Tddd_MOOV": 3,
        "rang_Tddu_ORANGE": 1,
        "rang_Tddu_MTN": 1,
        "rang_Tddu_MOOV": 3,
        "rang_Dmd_ORANGE": 2,
        "rang_Dmd_MTN": 3,
        "rang_Dmd_MOOV": 1,
        "rang_Dmu_ORANGE": 1,
        "rang_Dmu_MTN": 3,
        "rang_Dmu_MOOV": 2
      },
      "id": 34
    },
    {
      "type": "Feature",
      "geometry": {
        "coordinates": [
          -4.69461,
          6.635400000000001
        ],
        "type": "Point"
      },
      "properties": {
        "ADM0_FR": "LACS",
        "ADM0_PCODE": "CI07",
        "ADM1_FR": "N'ZI",
        "ADM1_PCODE": "CI127",
        "ADM2_FR": "DIMBOKRO",
        "ADM2_PCODE": "CI2702",
        "ADM3_FR": "DIMBOKRO",
        "ADM3_PCODE": "CI270203",
        "ADM4_FR": "DIMBOKRO",
        "ADM4_PCODE": "C2073",
        "centerLat": 6.6454,
        "centerLng": -4.70461,
        "pop": 48860,
        "Ted_MOOV": 2.6100000000000003,
        "Tcd_MOOV": 98.66,
        "Tddu_MOOV": 9.09,
        "Tddd_MOOV": 0.0,
        "Dmd_MOOV": 5839.42,
        "Dmu_MOOV": 8167.93,
        "Ted_MTN": 2.6,
        "Tcd_MTN": 99.33,
        "Tddu_MTN": 0.0,
        "Tddd_MTN": 5.7700000000000005,
        "Dmd_MTN": 7414.84,
        "Dmu_MTN": 12463.39,
        "Ted_ORANGE": 6.04,
        "Tcd_ORANGE": 99.27,
        "Tddu_ORANGE": 2.86,
        "Tddd_ORANGE": 6.93,
        "Dmd_ORANGE": 2911.06,
        "Dmu_ORANGE": 2521.69,
        "rang_Ted_ORANGE": 3,
        "rang_Ted_MTN": 1,
        "rang_Ted_MOOV": 2,
        "rang_Tcd_ORANGE": 2,
        "rang_Tcd_MTN": 1,
        "rang_Tcd_MOOV": 3,
        "rang_Tddd_ORANGE": 3,
        "rang_Tddd_MTN": 2,
        "rang_Tddd_MOOV": 1,
        "rang_Tddu_ORANGE": 2,
        "rang_Tddu_MTN": 1,
        "rang_Tddu_MOOV": 3,
        "rang_Dmd_ORANGE": 1,
        "rang_Dmd_MTN": 3,
        "rang_Dmd_MOOV": 2,
        "rang_Dmu_ORANGE": 1,
        "rang_Dmu_MTN": 3,
        "rang_Dmu_MOOV": 2
      },
      "id": 35
    },
    {
      "type": "Feature",
      "geometry": {
        "coordinates": [
          -5.3470200000000006,
          5.82833
        ],
        "type": "Point"
      },
      "properties": {
        "ADM0_FR": "GOH-DJIBOUA",
        "ADM0_PCODE": "CI06",
        "ADM1_FR": "LOH-DJIBOUA",
        "ADM1_PCODE": "CI122",
        "ADM2_FR": "DIVO",
        "ADM2_PCODE": "CI2201",
        "ADM3_FR": "DIVO",
        "ADM3_PCODE": "CI220103",
        "ADM4_FR": "DIVO",
        "ADM4_PCODE": "C2117",
        "centerLat": 5.83833,
        "centerLng": -5.35702,
        "pop": 105397,
        "Ted_MOOV": 0.76,
        "Tcd_MOOV": 100.0,
        "Tddu_MOOV": 8.33,
        "Tddd_MOOV": 37.89,
        "Dmd_MOOV": 913.95,
        "Dmu_MOOV": 4838.9,
        "Ted_MTN": 2.27,
        "Tcd_MTN": 96.89999999999999,
        "Tddu_MTN": 0.0,
        "Tddd_MTN": 4.21,
        "Dmd_MTN": 935.09,
        "Dmu_MTN": 8681.49,
        "Ted_ORANGE": 5.19,
        "Tcd_ORANGE": 100.0,
        "Tddu_ORANGE": 0.0,
        "Tddd_ORANGE": 11.219999999999999,
        "Dmd_ORANGE": 1904.56,
        "Dmu_ORANGE": 3291.99,
        "rang_Ted_ORANGE": 3,
        "rang_Ted_MTN": 2,
        "rang_Ted_MOOV": 1,
        "rang_Tcd_ORANGE": 1,
        "rang_Tcd_MTN": 3,
        "rang_Tcd_MOOV": 1,
        "rang_Tddd_ORANGE": 2,
        "rang_Tddd_MTN": 1,
        "rang_Tddd_MOOV": 3,
        "rang_Tddu_ORANGE": 1,
        "rang_Tddu_MTN": 1,
        "rang_Tddu_MOOV": 3,
        "rang_Dmd_ORANGE": 3,
        "rang_Dmd_MTN": 2,
        "rang_Dmd_MOOV": 1,
        "rang_Dmu_ORANGE": 1,
        "rang_Dmu_MTN": 3,
        "rang_Dmu_MOOV": 2
      },
      "id": 36
    },
    {
      "type": "Feature",
      "geometry": {
        "coordinates": [
          -3.33739,
          6.36817
        ],
        "type": "Point"
      },
      "properties": {
        "ADM0_FR": "COMOE",
        "ADM0_PCODE": "CI02",
        "ADM1_FR": "INDENIE-DJUABLIN",
        "ADM1_PCODE": "CI120",
        "ADM2_FR": "ABENGOUROU",
        "ADM2_PCODE": "CI2001",
        "ADM3_FR": "EBILASSOKRO",
        "ADM3_PCODE": "CI200104",
        "ADM4_FR": "EBILASSOKRO",
        "ADM4_PCODE": "C2440",
        "centerLat": 6.37817,
        "centerLng": -3.34739,
        "pop": 14295,
        "Ted_MOOV": 3.7600000000000002,
        "Tcd_MOOV": 78.91,
        "Tddu_MOOV": 12.120000000000001,
        "Tddd_MOOV": 22.11,
        "Dmd_MOOV": 1105.01,
        "Dmu_MOOV": 1423.36,
        "Ted_MTN": 6.67,
        "Tcd_MTN": 54.05,
        "Tddu_MTN": 100.0,
        "Tddd_MTN": 61.9,
        "Dmd_MTN": 517.99,
        "Dmu_MTN": 109.78,
        "Ted_ORANGE": 18.47,
        "Tcd_ORANGE": 85.25,
        "Tddu_ORANGE": 0.0,
        "Tddd_ORANGE": 56.64,
        "Dmd_ORANGE": 482.15,
        "Dmu_ORANGE": 1641.57,
        "rang_Ted_ORANGE": 3,
        "rang_Ted_MTN": 2,
        "rang_Ted_MOOV": 1,
        "rang_Tcd_ORANGE": 1,
        "rang_Tcd_MTN": 3,
        "rang_Tcd_MOOV": 2,
        "rang_Tddd_ORANGE": 2,
        "rang_Tddd_MTN": 3,
        "rang_Tddd_MOOV": 1,
        "rang_Tddu_ORANGE": 1,
        "rang_Tddu_MTN": 3,
        "rang_Tddu_MOOV": 2,
        "rang_Dmd_ORANGE": 1,
        "rang_Dmd_MTN": 2,
        "rang_Dmd_MOOV": 3,
        "rang_Dmu_ORANGE": 3,
        "rang_Dmu_MTN": 1,
        "rang_Dmu_MOOV": 2
      },
      "id": 37
    },
    {
      "type": "Feature",
      "geometry": {
        "coordinates": [
          -7.3669400000000005,
          7.37819
        ],
        "type": "Point"
      },
      "properties": {
        "ADM0_FR": "MONTAGNES",
        "ADM0_PCODE": "CI09",
        "ADM1_FR": "GUEMON",
        "ADM1_PCODE": "CI116",
        "ADM2_FR": "FACOBLY",
        "ADM2_PCODE": "CI1603",
        "ADM3_FR": "FACOBLY",
        "ADM3_PCODE": "CI160301",
        "ADM4_FR": "FACOBLY",
        "ADM4_PCODE": "C2527",
        "centerLat": 7.38819,
        "centerLng": -7.37694,
        "pop": 4536,
        "Ted_MOOV": 3.1300000000000003,
        "Tcd_MOOV": 100.0,
        "Tddu_MOOV": 0.0,
        "Tddd_MOOV": 6.98,
        "Dmd_MOOV": 7418.53,
        "Dmu_MOOV": 8640.1,
        "Ted_MTN": 33.96,
        "Tcd_MTN": 77.94,
        "Tddu_MTN": 5.0,
        "Tddd_MTN": 6.25,
        "Dmd_MTN": 1445.01,
        "Dmu_MTN": 926.14,
        "Ted_ORANGE": 0.0,
        "Tcd_ORANGE": 100.0,
        "Tddu_ORANGE": 0.0,
        "Tddd_ORANGE": 3.66,
        "Dmd_ORANGE": 2962.95,
        "Dmu_ORANGE": 2904.59,
        "rang_Ted_ORANGE": 1,
        "rang_Ted_MTN": 3,
        "rang_Ted_MOOV": 2,
        "rang_Tcd_ORANGE": 1,
        "rang_Tcd_MTN": 3,
        "rang_Tcd_MOOV": 1,
        "rang_Tddd_ORANGE": 1,
        "rang_Tddd_MTN": 2,
        "rang_Tddd_MOOV": 3,
        "rang_Tddu_ORANGE": 1,
        "rang_Tddu_MTN": 3,
        "rang_Tddu_MOOV": 1,
        "rang_Dmd_ORANGE": 2,
        "rang_Dmd_MTN": 1,
        "rang_Dmd_MOOV": 3,
        "rang_Dmu_ORANGE": 2,
        "rang_Dmu_MTN": 1,
        "rang_Dmu_MOOV": 3
      },
      "id": 38
    },
    {
      "type": "Feature",
      "geometry": {
        "coordinates": [
          -5.18762,
          9.58226
        ],
        "type": "Point"
      },
      "properties": {
        "ADM0_FR": "SAVANES",
        "ADM0_PCODE": "CI11",
        "ADM1_FR": "TCHOLOGO",
        "ADM1_PCODE": "CI131",
        "ADM2_FR": "FERKESSEDOUGOU",
        "ADM2_PCODE": "CI3101",
        "ADM3_FR": "FERKESSEDOUGOU",
        "ADM3_PCODE": "CI310101",
        "ADM4_FR": "FERKESSÉDOUGOU",
        "ADM4_PCODE": "C2603",
        "centerLat": 9.59226,
        "centerLng": -5.19762,
        "pop": 55910,
        "Ted_MOOV": 1.6,
        "Tcd_MOOV": 100.0,
        "Tddu_MOOV": 0.0,
        "Tddd_MOOV": 5.81,
        "Dmd_MOOV": 2262.36,
        "Dmu_MOOV": 11655.71,
        "Ted_MTN": 0.8099999999999999,
        "Tcd_MTN": 98.37,
        "Tddu_MTN": 0.0,
        "Tddd_MTN": 14.77,
        "Dmd_MTN": 1460.05,
        "Dmu_MTN": 8595.82,
        "Ted_ORANGE": 0.0,
        "Tcd_ORANGE": 100.0,
        "Tddu_ORANGE": 0.0,
        "Tddd_ORANGE": 33.72,
        "Dmd_ORANGE": 709.6,
        "Dmu_ORANGE": 3184.33,
        "rang_Ted_ORANGE": 1,
        "rang_Ted_MTN": 2,
        "rang_Ted_MOOV": 3,
        "rang_Tcd_ORANGE": 1,
        "rang_Tcd_MTN": 3,
        "rang_Tcd_MOOV": 1,
        "rang_Tddd_ORANGE": 3,
        "rang_Tddd_MTN": 2,
        "rang_Tddd_MOOV": 1,
        "rang_Tddu_ORANGE": 1,
        "rang_Tddu_MTN": 1,
        "rang_Tddu_MOOV": 1,
        "rang_Dmd_ORANGE": 1,
        "rang_Dmd_MTN": 2,
        "rang_Dmd_MOOV": 3,
        "rang_Dmu_ORANGE": 1,
        "rang_Dmu_MTN": 2,
        "rang_Dmu_MOOV": 3
      },
      "id": 39
    },
    {
      "type": "Feature",
      "geometry": {
        "coordinates": [
          -5.57651,
          5.0955900000000005
        ],
        "type": "Point"
      },
      "properties": {
        "ADM0_FR": "BAS-SASSANDRA",
        "ADM0_PCODE": "CI01",
        "ADM1_FR": "GBOKLE",
        "ADM1_PCODE": "CI112",
        "ADM2_FR": "FRESCO",
        "ADM2_PCODE": "CI1201",
        "ADM3_FR": "FRESCO",
        "ADM3_PCODE": "CI120102",
        "ADM4_FR": "FRESCO",
        "ADM4_PCODE": "C2691",
        "centerLat": 5.10559,
        "centerLng": -5.58651,
        "pop": 8533,
        "Ted_MOOV": 0.8999999999999999,
        "Tcd_MOOV": 94.55,
        "Tddu_MOOV": 12.9,
        "Tddd_MOOV": 3.8,
        "Dmd_MOOV": 4108.8,
        "Dmu_MOOV": 1596.33,
        "Ted_MTN": 0.0,
        "Tcd_MTN": 64.86,
        "Tddu_MTN": 0.0,
        "Tddd_MTN": 2.4699999999999998,
        "Dmd_MTN": 1644.6,
        "Dmu_MTN": 1508.83,
        "Ted_ORANGE": 3.3300000000000005,
        "Tcd_ORANGE": 100.0,
        "Tddu_ORANGE": 0.0,
        "Tddd_ORANGE": 1.25,
        "Dmd_ORANGE": 3183.24,
        "Dmu_ORANGE": 3094.46,
        "rang_Ted_ORANGE": 3,
        "rang_Ted_MTN": 1,
        "rang_Ted_MOOV": 2,
        "rang_Tcd_ORANGE": 1,
        "rang_Tcd_MTN": 3,
        "rang_Tcd_MOOV": 2,
        "rang_Tddd_ORANGE": 1,
        "rang_Tddd_MTN": 2,
        "rang_Tddd_MOOV": 3,
        "rang_Tddu_ORANGE": 1,
        "rang_Tddu_MTN": 1,
        "rang_Tddu_MOOV": 3,
        "rang_Dmd_ORANGE": 2,
        "rang_Dmd_MTN": 1,
        "rang_Dmd_MOOV": 3,
        "rang_Dmu_ORANGE": 3,
        "rang_Dmu_MTN": 1,
        "rang_Dmu_MOOV": 2
      },
      "id": 40
    },
    {
      "type": "Feature",
      "geometry": {
        "coordinates": [
          -6.54925,
          5.01035
        ],
        "type": "Point"
      },
      "properties": {
        "ADM0_FR": "BAS-SASSANDRA",
        "ADM0_PCODE": "CI01",
        "ADM1_FR": "SAN-PEDRO",
        "ADM1_PCODE": "CI129",
        "ADM2_FR": "SAN-PEDRO",
        "ADM2_PCODE": "CI2901",
        "ADM3_FR": "GABIADJI",
        "ADM3_PCODE": "CI290104",
        "ADM4_FR": "GABIADJI",
        "ADM4_PCODE": "C2701",
        "centerLat": 5.02035,
        "centerLng": -6.55925,
        "pop": 17449,
        "Ted_MOOV": 0.0,
        "Tcd_MOOV": 96.88,
        "Tddu_MOOV": 64.71000000000001,
        "Tddd_MOOV": 2.13,
        "Dmd_MOOV": 1513.06,
        "Dmu_MOOV": 379.41,
        "Ted_MTN": 3.1300000000000003,
        "Tcd_MTN": 100.0,
        "Tddu_MTN": 5.88,
        "Tddd_MTN": 6.67,
        "Dmd_MTN": 3586.07,
        "Dmu_MTN": 8933.92,
        "Ted_ORANGE": 7.140000000000001,
        "Tcd_ORANGE": 100.0,
        "Tddu_ORANGE": 0.0,
        "Tddd_ORANGE": 0.0,
        "Dmd_ORANGE": 2760.43,
        "Dmu_ORANGE": 4976.04,
        "rang_Ted_ORANGE": 3,
        "rang_Ted_MTN": 2,
        "rang_Ted_MOOV": 1,
        "rang_Tcd_ORANGE": 1,
        "rang_Tcd_MTN": 1,
        "rang_Tcd_MOOV": 3,
        "rang_Tddd_ORANGE": 1,
        "rang_Tddd_MTN": 3,
        "rang_Tddd_MOOV": 2,
        "rang_Tddu_ORANGE": 1,
        "rang_Tddu_MTN": 2,
        "rang_Tddu_MOOV": 3,
        "rang_Dmd_ORANGE": 2,
        "rang_Dmd_MTN": 3,
        "rang_Dmd_MOOV": 1,
        "rang_Dmu_ORANGE": 2,
        "rang_Dmu_MTN": 3,
        "rang_Dmu_MOOV": 1
      },
      "id": 41
    },
    {
      "type": "Feature",
      "geometry": {
        "coordinates": [
          -5.93436,
          6.11836
        ],
        "type": "Point"
      },
      "properties": {
        "ADM0_FR": "GOH-DJIBOUA",
        "ADM0_PCODE": "CI06",
        "ADM1_FR": "GOH",
        "ADM1_PCODE": "CI113",
        "ADM2_FR": "GAGNOA",
        "ADM2_PCODE": "CI1301",
        "ADM3_FR": "GAGNOA",
        "ADM3_PCODE": "CI130106",
        "ADM4_FR": "GAGNOA",
        "ADM4_PCODE": "C2707",
        "centerLat": 6.12836,
        "centerLng": -5.94436,
        "pop": 160465,
        "Ted_MOOV": 0.0,
        "Tcd_MOOV": 97.17,
        "Tddu_MOOV": 0.0,
        "Tddd_MOOV": 38.96,
        "Dmd_MOOV": 661.37,
        "Dmu_MOOV": 7623.54,
        "Ted_MTN": 4.590000000000001,
        "Tcd_MTN": 100.0,
        "Tddu_MTN": 0.0,
        "Tddd_MTN": 28.000000000000004,
        "Dmd_MTN": 1028.72,
        "Dmu_MTN": 9125.54,
        "Ted_ORANGE": 5.609999999999999,
        "Tcd_ORANGE": 100.0,
        "Tddu_ORANGE": 0.0,
        "Tddd_ORANGE": 1.41,
        "Dmd_ORANGE": 2004.94,
        "Dmu_ORANGE": 3399.91,
        "rang_Ted_ORANGE": 3,
        "rang_Ted_MTN": 2,
        "rang_Ted_MOOV": 1,
        "rang_Tcd_ORANGE": 1,
        "rang_Tcd_MTN": 1,
        "rang_Tcd_MOOV": 3,
        "rang_Tddd_ORANGE": 1,
        "rang_Tddd_MTN": 2,
        "rang_Tddd_MOOV": 3,
        "rang_Tddu_ORANGE": 1,
        "rang_Tddu_MTN": 1,
        "rang_Tddu_MOOV": 1,
        "rang_Dmd_ORANGE": 3,
        "rang_Dmd_MTN": 2,
        "rang_Dmd_MOOV": 1,
        "rang_Dmu_ORANGE": 1,
        "rang_Dmu_MTN": 3,
        "rang_Dmu_MOOV": 2
      },
      "id": 42
    },
    {
      "type": "Feature",
      "geometry": {
        "coordinates": [
          -4.9920800000000005,
          5.23919
        ],
        "type": "Point"
      },
      "properties": {
        "ADM0_FR": "LAGUNES",
        "ADM0_PCODE": "CI08",
        "ADM1_FR": "GRANDS-PONTS",
        "ADM1_PCODE": "CI115",
        "ADM2_FR": "GRAND-LAHOU",
        "ADM2_PCODE": "CI1502",
        "ADM3_FR": "GRAND-LAHOU",
        "ADM3_PCODE": "CI150204",
        "ADM4_FR": "GRAND-LAHOU",
        "ADM4_PCODE": "C3376",
        "centerLat": 5.24919,
        "centerLng": -5.00208,
        "pop": 28470,
        "Ted_MOOV": 11.88,
        "Tcd_MOOV": 68.54,
        "Tddu_MOOV": 3.6999999999999997,
        "Tddd_MOOV": 3.2300000000000004,
        "Dmd_MOOV": 2004.17,
        "Dmu_MOOV": 1171.24,
        "Ted_MTN": 1.94,
        "Tcd_MTN": 95.05,
        "Tddu_MTN": 0.0,
        "Tddd_MTN": 2.7,
        "Dmd_MTN": 2065.58,
        "Dmu_MTN": 10408.69,
        "Ted_ORANGE": 0.9299999999999999,
        "Tcd_ORANGE": 100.0,
        "Tddu_ORANGE": 0.0,
        "Tddd_ORANGE": 1.32,
        "Dmd_ORANGE": 2745.66,
        "Dmu_ORANGE": 2633.66,
        "rang_Ted_ORANGE": 1,
        "rang_Ted_MTN": 2,
        "rang_Ted_MOOV": 3,
        "rang_Tcd_ORANGE": 1,
        "rang_Tcd_MTN": 2,
        "rang_Tcd_MOOV": 3,
        "rang_Tddd_ORANGE": 1,
        "rang_Tddd_MTN": 2,
        "rang_Tddd_MOOV": 3,
        "rang_Tddu_ORANGE": 1,
        "rang_Tddu_MTN": 1,
        "rang_Tddu_MOOV": 3,
        "rang_Dmd_ORANGE": 3,
        "rang_Dmd_MTN": 2,
        "rang_Dmd_MOOV": 1,
        "rang_Dmu_ORANGE": 2,
        "rang_Dmu_MTN": 3,
        "rang_Dmu_MOOV": 1
      },
      "id": 43
    },
    {
      "type": "Feature",
      "geometry": {
        "coordinates": [
          -6.52831,
          6.107810000000001
        ],
        "type": "Point"
      },
      "properties": {
        "ADM0_FR": "BAS-SASSANDRA",
        "ADM0_PCODE": "CI01",
        "ADM1_FR": "NAWA",
        "ADM1_PCODE": "CI126",
        "ADM2_FR": "SOUBRE",
        "ADM2_PCODE": "CI2604",
        "ADM3_FR": "GRAND-ZATTRY",
        "ADM3_PCODE": "CI260403",
        "ADM4_FR": "GRAND-ZATTRY",
        "ADM4_PCODE": "C3380",
        "centerLat": 6.11781,
        "centerLng": -6.53831,
        "pop": 24166,
        "Ted_MOOV": 0.0,
        "Tcd_MOOV": 86.0,
        "Tddu_MOOV": 73.08,
        "Tddd_MOOV": 22.97,
        "Dmd_MOOV": 416.49,
        "Dmu_MOOV": 382.91,
        "Ted_MTN": 15.57,
        "Tcd_MTN": 96.12,
        "Tddu_MTN": 0.0,
        "Tddd_MTN": 6.58,
        "Dmd_MTN": 11290.22,
        "Dmu_MTN": 13358.0,
        "Ted_ORANGE": 4.760000000000001,
        "Tcd_ORANGE": 95.83,
        "Tddu_ORANGE": 0.0,
        "Tddd_ORANGE": 4.35,
        "Dmd_ORANGE": 2001.43,
        "Dmu_ORANGE": 1437.65,
        "rang_Ted_ORANGE": 2,
        "rang_Ted_MTN": 3,
        "rang_Ted_MOOV": 1,
        "rang_Tcd_ORANGE": 2,
        "rang_Tcd_MTN": 1,
        "rang_Tcd_MOOV": 3,
        "rang_Tddd_ORANGE": 1,
        "rang_Tddd_MTN": 2,
        "rang_Tddd_MOOV": 3,
        "rang_Tddu_ORANGE": 1,
        "rang_Tddu_MTN": 1,
        "rang_Tddu_MOOV": 3,
        "rang_Dmd_ORANGE": 2,
        "rang_Dmd_MTN": 3,
        "rang_Dmd_MOOV": 1,
        "rang_Dmu_ORANGE": 2,
        "rang_Dmu_MTN": 3,
        "rang_Dmu_MOOV": 1
      },
      "id": 44
    },
    {
      "type": "Feature",
      "geometry": {
        "coordinates": [
          -6.62382,
          5.8057300000000005
        ],
        "type": "Point"
      },
      "properties": {
        "ADM0_FR": "BAS-SASSANDRA",
        "ADM0_PCODE": "CI01",
        "ADM1_FR": "NAWA",
        "ADM1_PCODE": "CI126",
        "ADM2_FR": "SOUBRE",
        "ADM2_PCODE": "CI2604",
        "ADM3_FR": "SOUBRE",
        "ADM3_PCODE": "CI260401",
        "ADM4_FR": "GUÉYO",
        "ADM4_PCODE": "C3469",
        "centerLat": 5.81573,
        "centerLng": -6.63382,
        "pop": 242,
        "Ted_MOOV": 0.0,
        "Tcd_MOOV": 92.31,
        "Tddu_MOOV": 100.0,
        "Tddd_MOOV": 67.35,
        "Dmd_MOOV": 391.73,
        "Dmu_MOOV": 81.81,
        "Ted_MTN": 4.2299999999999995,
        "Tcd_MTN": 98.53,
        "Tddu_MTN": 0.0,
        "Tddd_MTN": 84.0,
        "Dmd_MTN": 262.95,
        "Dmu_MTN": 10915.52,
        "Ted_ORANGE": 1.41,
        "Tcd_ORANGE": 100.0,
        "Tddu_ORANGE": 0.0,
        "Tddd_ORANGE": 0.0,
        "Dmd_ORANGE": 2564.88,
        "Dmu_ORANGE": 3222.08,
        "rang_Ted_ORANGE": 2,
        "rang_Ted_MTN": 3,
        "rang_Ted_MOOV": 1,
        "rang_Tcd_ORANGE": 1,
        "rang_Tcd_MTN": 2,
        "rang_Tcd_MOOV": 3,
        "rang_Tddd_ORANGE": 1,
        "rang_Tddd_MTN": 3,
        "rang_Tddd_MOOV": 2,
        "rang_Tddu_ORANGE": 1,
        "rang_Tddu_MTN": 1,
        "rang_Tddu_MOOV": 3,
        "rang_Dmd_ORANGE": 3,
        "rang_Dmd_MTN": 1,
        "rang_Dmd_MOOV": 2,
        "rang_Dmu_ORANGE": 2,
        "rang_Dmu_MTN": 3,
        "rang_Dmu_MOOV": 1
      },
      "id": 45
    },
    {
      "type": "Feature",
      "geometry": {
        "coordinates": [
          -6.57904,
          6.47762
        ],
        "type": "Point"
      },
      "properties": {
        "ADM0_FR": "SASSANDRA-MARAHOUE",
        "ADM0_PCODE": "CI10",
        "ADM1_FR": "HAUT-SASSANDRA",
        "ADM1_PCODE": "CI118",
        "ADM2_FR": "ISSIA",
        "ADM2_PCODE": "CI1802",
        "ADM3_FR": "ISSIA",
        "ADM3_PCODE": "CI180201",
        "ADM4_FR": "ISSIA",
        "ADM4_PCODE": "C3598",
        "centerLat": 6.48762,
        "centerLng": -6.58904,
        "pop": 52660,
        "Ted_MOOV": 0.0,
        "Tcd_MOOV": 100.0,
        "Tddu_MOOV": 60.529999999999994,
        "Tddd_MOOV": 2.02,
        "Dmd_MOOV": 2769.07,
        "Dmu_MOOV": 1965.59,
        "Ted_MTN": 4.08,
        "Tcd_MTN": 100.0,
        "Tddu_MTN": 2.7,
        "Tddd_MTN": 0.96,
        "Dmd_MTN": 2122.34,
        "Dmu_MTN": 8676.72,
        "Ted_ORANGE": 0.64,
        "Tcd_ORANGE": 100.0,
        "Tddu_ORANGE": 0.0,
        "Tddd_ORANGE": 2.8000000000000003,
        "Dmd_ORANGE": 3076.75,
        "Dmu_ORANGE": 4568.42,
        "rang_Ted_ORANGE": 2,
        "rang_Ted_MTN": 3,
        "rang_Ted_MOOV": 1,
        "rang_Tcd_ORANGE": 1,
        "rang_Tcd_MTN": 1,
        "rang_Tcd_MOOV": 1,
        "rang_Tddd_ORANGE": 3,
        "rang_Tddd_MTN": 1,
        "rang_Tddd_MOOV": 2,
        "rang_Tddu_ORANGE": 1,
        "rang_Tddu_MTN": 2,
        "rang_Tddu_MOOV": 3,
        "rang_Dmd_ORANGE": 3,
        "rang_Dmd_MTN": 1,
        "rang_Dmd_MOOV": 2,
        "rang_Dmu_ORANGE": 2,
        "rang_Dmu_MTN": 3,
        "rang_Dmu_MOOV": 1
      },
      "id": 46
    },
    {
      "type": "Feature",
      "geometry": {
        "coordinates": [
          -4.40967,
          5.19547
        ],
        "type": "Point"
      },
      "properties": {
        "ADM0_FR": "LAGUNES",
        "ADM0_PCODE": "CI08",
        "ADM1_FR": "GRANDS-PONTS",
        "ADM1_PCODE": "CI115",
        "ADM2_FR": "JACQUEVILLE",
        "ADM2_PCODE": "CI1503",
        "ADM3_FR": "JACQUEVILLE",
        "ADM3_PCODE": "CI150301",
        "ADM4_FR": "JACQUEVILLE",
        "ADM4_PCODE": "C3604",
        "centerLat": 5.20547,
        "centerLng": -4.41967,
        "pop": 11096,
        "Ted_MOOV": 9.48,
        "Tcd_MOOV": 74.26,
        "Tddu_MOOV": 10.71,
        "Tddd_MOOV": 27.400000000000002,
        "Dmd_MOOV": 740.31,
        "Dmu_MOOV": 982.16,
        "Ted_MTN": 0.62,
        "Tcd_MTN": 100.0,
        "Tddu_MTN": 9.8,
        "Tddd_MTN": 0.0,
        "Dmd_MTN": 10436.39,
        "Dmu_MTN": 10397.01,
        "Ted_ORANGE": 4.760000000000001,
        "Tcd_ORANGE": 100.0,
        "Tddu_ORANGE": 0.0,
        "Tddd_ORANGE": 18.18,
        "Dmd_ORANGE": 771.77,
        "Dmu_ORANGE": 3115.84,
        "rang_Ted_ORANGE": 2,
        "rang_Ted_MTN": 1,
        "rang_Ted_MOOV": 3,
        "rang_Tcd_ORANGE": 1,
        "rang_Tcd_MTN": 1,
        "rang_Tcd_MOOV": 3,
        "rang_Tddd_ORANGE": 2,
        "rang_Tddd_MTN": 1,
        "rang_Tddd_MOOV": 3,
        "rang_Tddu_ORANGE": 1,
        "rang_Tddu_MTN": 2,
        "rang_Tddu_MOOV": 3,
        "rang_Dmd_ORANGE": 2,
        "rang_Dmd_MTN": 3,
        "rang_Dmd_MOOV": 1,
        "rang_Dmu_ORANGE": 2,
        "rang_Dmu_MTN": 3,
        "rang_Dmu_MOOV": 1
      },
      "id": 47
    },
    {
      "type": "Feature",
      "geometry": {
        "coordinates": [
          -5.6275,
          9.44799
        ],
        "type": "Point"
      },
      "properties": {
        "ADM0_FR": "SAVANES",
        "ADM0_PCODE": "CI11",
        "ADM1_FR": "PORO",
        "ADM1_PCODE": "CI128",
        "ADM2_FR": "KORHOGO",
        "ADM2_PCODE": "CI2802",
        "ADM3_FR": "KORHOGO",
        "ADM3_PCODE": "CI280201",
        "ADM4_FR": "KORHOGO",
        "ADM4_PCODE": "C4410",
        "centerLat": 9.45799,
        "centerLng": -5.6375,
        "pop": 243048,
        "Ted_MOOV": 2.6100000000000003,
        "Tcd_MOOV": 96.64,
        "Tddu_MOOV": 0.0,
        "Tddd_MOOV": 28.299999999999997,
        "Dmd_MOOV": 1002.76,
        "Dmu_MOOV": 7152.69,
        "Ted_MTN": 2.3800000000000003,
        "Tcd_MTN": 97.55,
        "Tddu_MTN": 0.0,
        "Tddd_MTN": 25.66,
        "Dmd_MTN": 3989.96,
        "Dmu_MTN": 9523.07,
        "Ted_ORANGE": 0.0,
        "Tcd_ORANGE": 100.0,
        "Tddu_ORANGE": 0.0,
        "Tddd_ORANGE": 4.5,
        "Dmd_ORANGE": 2392.17,
        "Dmu_ORANGE": 4437.38,
        "rang_Ted_ORANGE": 1,
        "rang_Ted_MTN": 2,
        "rang_Ted_MOOV": 3,
        "rang_Tcd_ORANGE": 1,
        "rang_Tcd_MTN": 2,
        "rang_Tcd_MOOV": 3,
        "rang_Tddd_ORANGE": 1,
        "rang_Tddd_MTN": 2,
        "rang_Tddd_MOOV": 3,
        "rang_Tddu_ORANGE": 1,
        "rang_Tddu_MTN": 1,
        "rang_Tddu_MOOV": 1,
        "rang_Dmd_ORANGE": 2,
        "rang_Dmd_MTN": 3,
        "rang_Dmd_MOOV": 1,
        "rang_Dmu_ORANGE": 1,
        "rang_Dmu_MTN": 3,
        "rang_Dmu_MOOV": 2
      },
      "id": 48
    },
    {
      "type": "Feature",
      "geometry": {
        "coordinates": [
          -5.8262,
          7.78041
        ],
        "type": "Point"
      },
      "properties": {
        "ADM0_FR": "WOROBA",
        "ADM0_PCODE": "CI13",
        "ADM1_FR": "BERE",
        "ADM1_PCODE": "CI107",
        "ADM2_FR": "KOUNAHIRI",
        "ADM2_PCODE": "CI0702",
        "ADM3_FR": "KOUNAHIRI",
        "ADM3_PCODE": "CI070201",
        "ADM4_FR": "KOUNAHIRI",
        "ADM4_PCODE": "C4707",
        "centerLat": 7.79041,
        "centerLng": -5.8362,
        "pop": 5483,
        "Ted_MOOV": 1.1900000000000002,
        "Tcd_MOOV": 100.0,
        "Tddu_MOOV": 0.0,
        "Tddd_MOOV": 20.0,
        "Dmd_MOOV": 3304.37,
        "Dmu_MOOV": 3193.67,
        "Ted_MTN": 0.0,
        "Tcd_MTN": 100.0,
        "Tddu_MTN": 0.0,
        "Tddd_MTN": 2.63,
        "Dmd_MTN": 16539.18,
        "Dmu_MTN": 11224.89,
        "Ted_ORANGE": 10.530000000000001,
        "Tcd_ORANGE": 100.0,
        "Tddu_ORANGE": 0.0,
        "Tddd_ORANGE": 11.940000000000001,
        "Dmd_ORANGE": 2511.57,
        "Dmu_ORANGE": 3105.07,
        "rang_Ted_ORANGE": 3,
        "rang_Ted_MTN": 1,
        "rang_Ted_MOOV": 2,
        "rang_Tcd_ORANGE": 1,
        "rang_Tcd_MTN": 1,
        "rang_Tcd_MOOV": 1,
        "rang_Tddd_ORANGE": 2,
        "rang_Tddd_MTN": 1,
        "rang_Tddd_MOOV": 3,
        "rang_Tddu_ORANGE": 1,
        "rang_Tddu_MTN": 1,
        "rang_Tddu_MOOV": 1,
        "rang_Dmd_ORANGE": 1,
        "rang_Dmd_MTN": 3,
        "rang_Dmd_MOOV": 2,
        "rang_Dmu_ORANGE": 1,
        "rang_Dmu_MTN": 3,
        "rang_Dmu_MOOV": 2
      },
      "id": 49
    },
    {
      "type": "Feature",
      "geometry": {
        "coordinates": [
          -7.544420000000001,
          7.39545
        ],
        "type": "Point"
      },
      "properties": {
        "ADM0_FR": "MONTAGNES",
        "ADM0_PCODE": "CI09",
        "ADM1_FR": "TONKPI",
        "ADM1_PCODE": "CI132",
        "ADM2_FR": "MAN",
        "ADM2_PCODE": "CI3203",
        "ADM3_FR": "MAN",
        "ADM3_PCODE": "CI320301",
        "ADM4_FR": "MAN",
        "ADM4_PCODE": "C5323",
        "centerLat": 7.40545,
        "centerLng": -7.55442,
        "pop": 149041,
        "Ted_MOOV": 1.29,
        "Tcd_MOOV": 98.04,
        "Tddu_MOOV": 4.760000000000001,
        "Tddd_MOOV": 15.32,
        "Dmd_MOOV": 2059.23,
        "Dmu_MOOV": 10131.6,
        "Ted_MTN": 0.0,
        "Tcd_MTN": 100.0,
        "Tddu_MTN": 0.0,
        "Tddd_MTN": 8.4,
        "Dmd_MTN": 2951.63,
        "Dmu_MTN": 6170.69,
        "Ted_ORANGE": 10.86,
        "Tcd_ORANGE": 100.0,
        "Tddu_ORANGE": 0.0,
        "Tddd_ORANGE": 2.52,
        "Dmd_ORANGE": 3113.74,
        "Dmu_ORANGE": 2636.78,
        "rang_Ted_ORANGE": 3,
        "rang_Ted_MTN": 1,
        "rang_Ted_MOOV": 2,
        "rang_Tcd_ORANGE": 1,
        "rang_Tcd_MTN": 1,
        "rang_Tcd_MOOV": 3,
        "rang_Tddd_ORANGE": 1,
        "rang_Tddd_MTN": 2,
        "rang_Tddd_MOOV": 3,
        "rang_Tddu_ORANGE": 1,
        "rang_Tddu_MTN": 1,
        "rang_Tddu_MOOV": 3,
        "rang_Dmd_ORANGE": 3,
        "rang_Dmd_MTN": 2,
        "rang_Dmd_MOOV": 1,
        "rang_Dmu_ORANGE": 1,
        "rang_Dmu_MTN": 2,
        "rang_Dmu_MOOV": 3
      },
      "id": 50
    },
    {
      "type": "Feature",
      "geometry": {
        "coordinates": [
          -6.639060000000001,
          6.92244
        ],
        "type": "Point"
      },
      "properties": {
        "ADM0_FR": "WOROBA",
        "ADM0_PCODE": "CI13",
        "ADM1_FR": "WORODOUGOU",
        "ADM1_PCODE": "CI133",
        "ADM2_FR": "SEGUELA",
        "ADM2_PCODE": "CI3302",
        "ADM3_FR": "WOROFLA",
        "ADM3_PCODE": "CI330207",
        "ADM4_FR": "MANKONO",
        "ADM4_PCODE": "C5355",
        "centerLat": 6.93244,
        "centerLng": -6.64906,
        "pop": 1576,
        "Ted_MOOV": 3.6799999999999997,
        "Tcd_MOOV": 100.0,
        "Tddu_MOOV": 0.0,
        "Tddd_MOOV": 5.38,
        "Dmd_MOOV": 6446.44,
        "Dmu_MOOV": 17159.37,
        "Ted_MTN": 4.31,
        "Tcd_MTN": 84.55,
        "Tddu_MTN": 0.0,
        "Tddd_MTN": 2.56,
        "Dmd_MTN": 2929.86,
        "Dmu_MTN": 1822.48,
        "Ted_ORANGE": 9.56,
        "Tcd_ORANGE": 100.0,
        "Tddu_ORANGE": 0.0,
        "Tddd_ORANGE": 2.08,
        "Dmd_ORANGE": 3044.43,
        "Dmu_ORANGE": 2969.12,
        "rang_Ted_ORANGE": 3,
        "rang_Ted_MTN": 2,
        "rang_Ted_MOOV": 1,
        "rang_Tcd_ORANGE": 1,
        "rang_Tcd_MTN": 3,
        "rang_Tcd_MOOV": 1,
        "rang_Tddd_ORANGE": 1,
        "rang_Tddd_MTN": 2,
        "rang_Tddd_MOOV": 3,
        "rang_Tddu_ORANGE": 1,
        "rang_Tddu_MTN": 1,
        "rang_Tddu_MOOV": 1,
        "rang_Dmd_ORANGE": 2,
        "rang_Dmd_MTN": 1,
        "rang_Dmd_MOOV": 3,
        "rang_Dmu_ORANGE": 2,
        "rang_Dmu_MTN": 1,
        "rang_Dmu_MOOV": 3
      },
      "id": 51
    },
    {
      "type": "Feature",
      "geometry": {
        "coordinates": [
          -4.3500000000000005,
          6.46
        ],
        "type": "Point"
      },
      "properties": {
        "ADM0_FR": "LACS",
        "ADM0_PCODE": "CI07",
        "ADM1_FR": "MORONOU",
        "ADM1_PCODE": "CI125",
        "ADM2_FR": "M'BATTO",
        "ADM2_PCODE": "CI2503",
        "ADM3_FR": "M'BATTO",
        "ADM3_PCODE": "CI250301",
        "ADM4_FR": "M'BATTO",
        "ADM4_PCODE": "C5421",
        "centerLat": 6.47,
        "centerLng": -4.36,
        "pop": 18300,
        "Ted_MOOV": 0.0,
        "Tcd_MOOV": 98.53,
        "Tddu_MOOV": 84.21,
        "Tddd_MOOV": 42.86,
        "Dmd_MOOV": 462.43,
        "Dmu_MOOV": 238.12,
        "Ted_MTN": 0.0,
        "Tcd_MTN": 62.69,
        "Tddu_MTN": 5.56,
        "Tddd_MTN": 71.43,
        "Dmd_MTN": 244.14,
        "Dmu_MTN": 1055.41,
        "Ted_ORANGE": 0.0,
        "Tcd_ORANGE": 100.0,
        "Tddu_ORANGE": 0.0,
        "Tddd_ORANGE": 3.85,
        "Dmd_ORANGE": 2508.85,
        "Dmu_ORANGE": 2826.69,
        "rang_Ted_ORANGE": 1,
        "rang_Ted_MTN": 1,
        "rang_Ted_MOOV": 1,
        "rang_Tcd_ORANGE": 1,
        "rang_Tcd_MTN": 3,
        "rang_Tcd_MOOV": 2,
        "rang_Tddd_ORANGE": 1,
        "rang_Tddd_MTN": 3,
        "rang_Tddd_MOOV": 2,
        "rang_Tddu_ORANGE": 1,
        "rang_Tddu_MTN": 2,
        "rang_Tddu_MOOV": 3,
        "rang_Dmd_ORANGE": 3,
        "rang_Dmd_MTN": 1,
        "rang_Dmd_MOOV": 2,
        "rang_Dmu_ORANGE": 3,
        "rang_Dmu_MTN": 2,
        "rang_Dmu_MOOV": 1
      },
      "id": 52
    },
    {
      "type": "Feature",
      "geometry": {
        "coordinates": [
          -6.54634,
          5.39618
        ],
        "type": "Point"
      },
      "properties": {
        "ADM0_FR": "BAS-SASSANDRA",
        "ADM0_PCODE": "CI01",
        "ADM1_FR": "NAWA",
        "ADM1_PCODE": "CI126",
        "ADM2_FR": "MEAGUI",
        "ADM2_PCODE": "CI2603",
        "ADM3_FR": "MEAGUI",
        "ADM3_PCODE": "CI260301",
        "ADM4_FR": "MÉAGUI",
        "ADM4_PCODE": "C5452",
        "centerLat": 5.40618,
        "centerLng": -6.55634,
        "pop": 57367,
        "Ted_MOOV": 0.0,
        "Tcd_MOOV": 98.33,
        "Tddu_MOOV": 25.0,
        "Tddd_MOOV": 1.1900000000000002,
        "Dmd_MOOV": 3790.83,
        "Dmu_MOOV": 8234.65,
        "Ted_MTN": 3.6700000000000004,
        "Tcd_MTN": 100.0,
        "Tddu_MTN": 0.0,
        "Tddd_MTN": 0.0,
        "Dmd_MTN": 876.38,
        "Dmu_MTN": 6341.71,
        "Ted_ORANGE": 0.0,
        "Tcd_ORANGE": 100.0,
        "Tddu_ORANGE": 0.0,
        "Tddd_ORANGE": 1.28,
        "Dmd_ORANGE": 1901.63,
        "Dmu_ORANGE": 4109.64,
        "rang_Ted_ORANGE": 1,
        "rang_Ted_MTN": 3,
        "rang_Ted_MOOV": 1,
        "rang_Tcd_ORANGE": 1,
        "rang_Tcd_MTN": 1,
        "rang_Tcd_MOOV": 3,
        "rang_Tddd_ORANGE": 3,
        "rang_Tddd_MTN": 1,
        "rang_Tddd_MOOV": 2,
        "rang_Tddu_ORANGE": 1,
        "rang_Tddu_MTN": 1,
        "rang_Tddu_MOOV": 3,
        "rang_Dmd_ORANGE": 2,
        "rang_Dmd_MTN": 1,
        "rang_Dmd_MOOV": 3,
        "rang_Dmu_ORANGE": 1,
        "rang_Dmu_MTN": 2,
        "rang_Dmu_MOOV": 3
      },
      "id": 53
    },
    {
      "type": "Feature",
      "geometry": {
        "coordinates": [
          -4.75,
          5.86
        ],
        "type": "Point"
      },
      "properties": {
        "ADM0_FR": "LAGUNES",
        "ADM0_PCODE": "CI08",
        "ADM1_FR": "AGNEBY-TIASSA",
        "ADM1_PCODE": "CI103",
        "ADM2_FR": "TIASSALE",
        "ADM2_PCODE": "CI0304",
        "ADM3_FR": "N'DOUCI",
        "ADM3_PCODE": "CI030404",
        "ADM4_FR": "N'DOUCI",
        "ADM4_PCODE": "C5846",
        "centerLat": 5.87,
        "centerLng": -4.76,
        "pop": 27112,
        "Ted_MOOV": 81.36,
        "Tcd_MOOV": 72.72999999999999,
        "Tddu_MOOV": 33.33,
        "Tddd_MOOV": 75.0,
        "Dmd_MOOV": 154.25,
        "Dmu_MOOV": 519.17,
        "Ted_MTN": 1.54,
        "Tcd_MTN": 55.559999999999995,
        "Tddu_MTN": 50.0,
        "Tddd_MTN": 85.0,
        "Dmd_MTN": 296.15,
        "Dmu_MTN": 486.15,
        "Ted_ORANGE": 7.04,
        "Tcd_ORANGE": 100.0,
        "Tddu_ORANGE": 0.0,
        "Tddd_ORANGE": 80.39,
        "Dmd_ORANGE": 387.67,
        "Dmu_ORANGE": 2298.8,
        "rang_Ted_ORANGE": 2,
        "rang_Ted_MTN": 1,
        "rang_Ted_MOOV": 3,
        "rang_Tcd_ORANGE": 1,
        "rang_Tcd_MTN": 3,
        "rang_Tcd_MOOV": 2,
        "rang_Tddd_ORANGE": 2,
        "rang_Tddd_MTN": 3,
        "rang_Tddd_MOOV": 1,
        "rang_Tddu_ORANGE": 1,
        "rang_Tddu_MTN": 3,
        "rang_Tddu_MOOV": 2,
        "rang_Dmd_ORANGE": 3,
        "rang_Dmd_MTN": 2,
        "rang_Dmd_MOOV": 1,
        "rang_Dmu_ORANGE": 3,
        "rang_Dmu_MTN": 1,
        "rang_Dmu_MOOV": 2
      },
      "id": 54
    },
    {
      "type": "Feature",
      "geometry": {
        "coordinates": [
          -5.28,
          8.65
        ],
        "type": "Point"
      },
      "properties": {
        "ADM0_FR": "VALLEE DU BANDAMA",
        "ADM0_PCODE": "CI12",
        "ADM1_FR": "HAMBOL",
        "ADM1_PCODE": "CI117",
        "ADM2_FR": "NIAKARAMADOUGOU",
        "ADM2_PCODE": "CI1703",
        "ADM3_FR": "NIAKARAMADOUGOU",
        "ADM3_PCODE": "CI170301",
        "ADM4_FR": "NIAKARAMADOUGOU",
        "ADM4_PCODE": "C5977",
        "centerLat": 8.66,
        "centerLng": -5.29,
        "pop": 16812,
        "Ted_MOOV": 0.9299999999999999,
        "Tcd_MOOV": 95.24000000000001,
        "Tddu_MOOV": 51.72,
        "Tddd_MOOV": 30.259999999999998,
        "Dmd_MOOV": 396.0,
        "Dmu_MOOV": 1093.25,
        "Ted_MTN": 0.0,
        "Tcd_MTN": 47.17,
        "Tddu_MTN": 100.0,
        "Tddd_MTN": 54.55,
        "Dmd_MTN": 363.8,
        "Dmu_MTN": 82.83,
        "Ted_ORANGE": 0.0,
        "Tcd_ORANGE": 99.17,
        "Tddu_ORANGE": 0.0,
        "Tddd_ORANGE": 4.49,
        "Dmd_ORANGE": 2574.1,
        "Dmu_ORANGE": 2889.84,
        "rang_Ted_ORANGE": 1,
        "rang_Ted_MTN": 1,
        "rang_Ted_MOOV": 3,
        "rang_Tcd_ORANGE": 1,
        "rang_Tcd_MTN": 3,
        "rang_Tcd_MOOV": 2,
        "rang_Tddd_ORANGE": 1,
        "rang_Tddd_MTN": 3,
        "rang_Tddd_MOOV": 2,
        "rang_Tddu_ORANGE": 1,
        "rang_Tddu_MTN": 3,
        "rang_Tddu_MOOV": 2,
        "rang_Dmd_ORANGE": 3,
        "rang_Dmd_MTN": 1,
        "rang_Dmd_MOOV": 2,
        "rang_Dmu_ORANGE": 3,
        "rang_Dmu_MTN": 1,
        "rang_Dmu_MOOV": 2
      },
      "id": 55
    },
    {
      "type": "Feature",
      "geometry": {
        "coordinates": [
          -7.55213,
          9.49687
        ],
        "type": "Point"
      },
      "properties": {
        "ADM0_FR": "DENGUELE",
        "ADM0_PCODE": "CI03",
        "ADM1_FR": "KABADOUGOU",
        "ADM1_PCODE": "CI121",
        "ADM2_FR": "ODIENNE",
        "ADM2_PCODE": "CI2103",
        "ADM3_FR": "ODIENNE",
        "ADM3_PCODE": "CI210301",
        "ADM4_FR": "ODIENNE",
        "ADM4_PCODE": "C6210",
        "centerLat": 9.50687,
        "centerLng": -7.56213,
        "pop": 42173,
        "Ted_MOOV": 6.5600000000000005,
        "Tcd_MOOV": 100.0,
        "Tddu_MOOV": 0.0,
        "Tddd_MOOV": 8.86,
        "Dmd_MOOV": 3983.07,
        "Dmu_MOOV": 14142.27,
        "Ted_MTN": 0.0,
        "Tcd_MTN": 100.0,
        "Tddu_MTN": 0.0,
        "Tddd_MTN": 5.56,
        "Dmd_MTN": 4909.26,
        "Dmu_MTN": 5759.43,
        "Ted_ORANGE": 8.33,
        "Tcd_ORANGE": 100.0,
        "Tddu_ORANGE": 0.0,
        "Tddd_ORANGE": 14.12,
        "Dmd_ORANGE": 1343.67,
        "Dmu_ORANGE": 2607.28,
        "rang_Ted_ORANGE": 3,
        "rang_Ted_MTN": 1,
        "rang_Ted_MOOV": 2,
        "rang_Tcd_ORANGE": 1,
        "rang_Tcd_MTN": 1,
        "rang_Tcd_MOOV": 1,
        "rang_Tddd_ORANGE": 3,
        "rang_Tddd_MTN": 1,
        "rang_Tddd_MOOV": 2,
        "rang_Tddu_ORANGE": 1,
        "rang_Tddu_MTN": 1,
        "rang_Tddu_MOOV": 1,
        "rang_Dmd_ORANGE": 1,
        "rang_Dmd_MTN": 3,
        "rang_Dmd_MOOV": 2,
        "rang_Dmu_ORANGE": 1,
        "rang_Dmu_MTN": 2,
        "rang_Dmu_MOOV": 3
      },
      "id": 56
    },
    {
      "type": "Feature",
      "geometry": {
        "coordinates": [
          -5.40528,
          6.3735
        ],
        "type": "Point"
      },
      "properties": {
        "ADM0_FR": "GOH-DJIBOUA",
        "ADM0_PCODE": "CI06",
        "ADM1_FR": "GOH",
        "ADM1_PCODE": "CI113",
        "ADM2_FR": "OUME",
        "ADM2_PCODE": "CI1302",
        "ADM3_FR": "OUME",
        "ADM3_PCODE": "CI130201",
        "ADM4_FR": "OUMÉ",
        "ADM4_PCODE": "C6363",
        "centerLat": 6.3835,
        "centerLng": -5.41528,
        "pop": 45210,
        "Ted_MOOV": 0.0,
        "Tcd_MOOV": 100.0,
        "Tddu_MOOV": 0.0,
        "Tddd_MOOV": 3.19,
        "Dmd_MOOV": 8283.2,
        "Dmu_MOOV": 9260.0,
        "Ted_MTN": 1.7999999999999998,
        "Tcd_MTN": 95.41,
        "Tddu_MTN": 6.45,
        "Tddd_MTN": 15.379999999999999,
        "Dmd_MTN": 1002.93,
        "Dmu_MTN": 1588.63,
        "Ted_ORANGE": 5.9799999999999995,
        "Tcd_ORANGE": 100.0,
        "Tddu_ORANGE": 0.0,
        "Tddd_ORANGE": 2.33,
        "Dmd_ORANGE": 3059.17,
        "Dmu_ORANGE": 0.0,
        "rang_Ted_ORANGE": 3,
        "rang_Ted_MTN": 2,
        "rang_Ted_MOOV": 1,
        "rang_Tcd_ORANGE": 1,
        "rang_Tcd_MTN": 3,
        "rang_Tcd_MOOV": 1,
        "rang_Tddd_ORANGE": 1,
        "rang_Tddd_MTN": 3,
        "rang_Tddd_MOOV": 2,
        "rang_Tddu_ORANGE": 1,
        "rang_Tddu_MTN": 3,
        "rang_Tddu_MOOV": 1,
        "rang_Dmd_ORANGE": 2,
        "rang_Dmd_MTN": 1,
        "rang_Dmd_MOOV": 3,
        "rang_Dmu_ORANGE": 1,
        "rang_Dmu_MTN": 2,
        "rang_Dmu_MOOV": 3
      },
      "id": 57
    },
    {
      "type": "Feature",
      "geometry": {
        "coordinates": [
          -5.922680000000001,
          6.303640000000001
        ],
        "type": "Point"
      },
      "properties": {
        "ADM0_FR": "GOH-DJIBOUA",
        "ADM0_PCODE": "CI06",
        "ADM1_FR": "GOH",
        "ADM1_PCODE": "CI113",
        "ADM2_FR": "GAGNOA",
        "ADM2_PCODE": "CI1301",
        "ADM3_FR": "OURAGAHIO",
        "ADM3_PCODE": "CI130110",
        "ADM4_FR": "OURAGAHIO",
        "ADM4_PCODE": "C6381",
        "centerLat": 6.31364,
        "centerLng": -5.93268,
        "pop": 11253,
        "Ted_MOOV": 0.0,
        "Tcd_MOOV": 88.24,
        "Tddu_MOOV": 66.67,
        "Tddd_MOOV": 30.669999999999998,
        "Dmd_MOOV": 842.99,
        "Dmu_MOOV": 495.96,
        "Ted_MTN": 5.74,
        "Tcd_MTN": 98.26,
        "Tddu_MTN": 0.0,
        "Tddd_MTN": 35.8,
        "Dmd_MTN": 4407.59,
        "Dmu_MTN": 12541.05,
        "Ted_ORANGE": 2.78,
        "Tcd_ORANGE": 100.0,
        "Tddu_ORANGE": 0.0,
        "Tddd_ORANGE": 1.32,
        "Dmd_ORANGE": 2881.63,
        "Dmu_ORANGE": 3402.43,
        "rang_Ted_ORANGE": 2,
        "rang_Ted_MTN": 3,
        "rang_Ted_MOOV": 1,
        "rang_Tcd_ORANGE": 1,
        "rang_Tcd_MTN": 2,
        "rang_Tcd_MOOV": 3,
        "rang_Tddd_ORANGE": 1,
        "rang_Tddd_MTN": 3,
        "rang_Tddd_MOOV": 2,
        "rang_Tddu_ORANGE": 1,
        "rang_Tddu_MTN": 1,
        "rang_Tddu_MOOV": 3,
        "rang_Dmd_ORANGE": 2,
        "rang_Dmd_MTN": 3,
        "rang_Dmd_MOOV": 1,
        "rang_Dmu_ORANGE": 2,
        "rang_Dmu_MTN": 3,
        "rang_Dmu_MOOV": 1
      },
      "id": 58
    },
    {
      "type": "Feature",
      "geometry": {
        "coordinates": [
          -3.47406,
          6.85288
        ],
        "type": "Point"
      },
      "properties": {
        "ADM0_FR": "COMOE",
        "ADM0_PCODE": "CI02",
        "ADM1_FR": "INDENIE-DJUABLIN",
        "ADM1_PCODE": "CI120",
        "ADM2_FR": "ABENGOUROU",
        "ADM2_PCODE": "CI2001",
        "ADM3_FR": "YAKASSE FEYASSE",
        "ADM3_PCODE": "CI200106",
        "ADM4_FR": "SANKADIOKRO",
        "ADM4_PCODE": "C6802",
        "centerLat": 6.86288,
        "centerLng": -3.48406,
        "pop": 9736,
        "Ted_MOOV": 6.619999999999999,
        "Tcd_MOOV": 88.89,
        "Tddu_MOOV": 2.5,
        "Tddd_MOOV": 5.81,
        "Dmd_MOOV": 6999.1,
        "Dmu_MOOV": 2614.85,
        "Ted_MTN": 0.8500000000000001,
        "Tcd_MTN": 93.97,
        "Tddu_MTN": 0.0,
        "Tddd_MTN": 12.94,
        "Dmd_MTN": 1064.47,
        "Dmu_MTN": 2528.71,
        "Ted_ORANGE": 0.0,
        "Tcd_ORANGE": 100.0,
        "Tddu_ORANGE": 0.0,
        "Tddd_ORANGE": 15.15,
        "Dmd_ORANGE": 3405.44,
        "Dmu_ORANGE": 5113.76,
        "rang_Ted_ORANGE": 1,
        "rang_Ted_MTN": 2,
        "rang_Ted_MOOV": 3,
        "rang_Tcd_ORANGE": 1,
        "rang_Tcd_MTN": 2,
        "rang_Tcd_MOOV": 3,
        "rang_Tddd_ORANGE": 3,
        "rang_Tddd_MTN": 2,
        "rang_Tddd_MOOV": 1,
        "rang_Tddu_ORANGE": 1,
        "rang_Tddu_MTN": 1,
        "rang_Tddu_MOOV": 3,
        "rang_Dmd_ORANGE": 2,
        "rang_Dmd_MTN": 1,
        "rang_Dmd_MOOV": 3,
        "rang_Dmu_ORANGE": 3,
        "rang_Dmu_MTN": 1,
        "rang_Dmu_MOOV": 2
      },
      "id": 59
    },
    {
      "type": "Feature",
      "geometry": {
        "coordinates": [
          -6.60973,
          4.72809
        ],
        "type": "Point"
      },
      "properties": {
        "ADM0_FR": "BAS-SASSANDRA",
        "ADM0_PCODE": "CI01",
        "ADM1_FR": "SAN-PEDRO",
        "ADM1_PCODE": "CI129",
        "ADM2_FR": "SAN-PEDRO",
        "ADM2_PCODE": "CI2901",
        "ADM3_FR": "SAN-PEDRO",
        "ADM3_PCODE": "CI290101",
        "ADM4_FR": "SAN-PEDRO",
        "ADM4_PCODE": "C6807",
        "centerLat": 4.73809,
        "centerLng": -6.61973,
        "pop": 164944,
        "Ted_MOOV": 0.62,
        "Tcd_MOOV": 93.13,
        "Tddu_MOOV": 2.22,
        "Tddd_MOOV": 14.78,
        "Dmd_MOOV": 3786.06,
        "Dmu_MOOV": 8230.11,
        "Ted_MTN": 2.83,
        "Tcd_MTN": 99.02,
        "Tddu_MTN": 9.26,
        "Tddd_MTN": 10.42,
        "Dmd_MTN": 21204.57,
        "Dmu_MTN": 16664.21,
        "Ted_ORANGE": 3.05,
        "Tcd_ORANGE": 100.0,
        "Tddu_ORANGE": 0.0,
        "Tddd_ORANGE": 6.140000000000001,
        "Dmd_ORANGE": 2469.18,
        "Dmu_ORANGE": 3456.12,
        "rang_Ted_ORANGE": 3,
        "rang_Ted_MTN": 2,
        "rang_Ted_MOOV": 1,
        "rang_Tcd_ORANGE": 1,
        "rang_Tcd_MTN": 2,
        "rang_Tcd_MOOV": 3,
        "rang_Tddd_ORANGE": 1,
        "rang_Tddd_MTN": 2,
        "rang_Tddd_MOOV": 3,
        "rang_Tddu_ORANGE": 1,
        "rang_Tddu_MTN": 3,
        "rang_Tddu_MOOV": 2,
        "rang_Dmd_ORANGE": 1,
        "rang_Dmd_MTN": 3,
        "rang_Dmd_MOOV": 2,
        "rang_Dmu_ORANGE": 1,
        "rang_Dmu_MTN": 3,
        "rang_Dmu_MOOV": 2
      },
      "id": 60
    },
    {
      "type": "Feature",
      "geometry": {
        "coordinates": [
          -6.08211,
          4.94198
        ],
        "type": "Point"
      },
      "properties": {
        "ADM0_FR": "BAS-SASSANDRA",
        "ADM0_PCODE": "CI01",
        "ADM1_FR": "GBOKLE",
        "ADM1_PCODE": "CI112",
        "ADM2_FR": "SASSANDRA",
        "ADM2_PCODE": "CI1202",
        "ADM3_FR": "SASSANDRA",
        "ADM3_PCODE": "CI120201",
        "ADM4_FR": "SASSANDRA",
        "ADM4_PCODE": "C6835",
        "centerLat": 4.95198,
        "centerLng": -6.09211,
        "pop": 26608,
        "Ted_MOOV": 19.38,
        "Tcd_MOOV": 85.42,
        "Tddu_MOOV": 36.67,
        "Tddd_MOOV": 3.0300000000000002,
        "Dmd_MOOV": 1989.49,
        "Dmu_MOOV": 1234.27,
        "Ted_MTN": 3.5999999999999996,
        "Tcd_MTN": 100.0,
        "Tddu_MTN": 0.0,
        "Tddd_MTN": 2.11,
        "Dmd_MTN": 6066.33,
        "Dmu_MTN": 6419.56,
        "Ted_ORANGE": 2.22,
        "Tcd_ORANGE": 100.0,
        "Tddu_ORANGE": 0.0,
        "Tddd_ORANGE": 1.04,
        "Dmd_ORANGE": 2426.01,
        "Dmu_ORANGE": 4826.53,
        "rang_Ted_ORANGE": 1,
        "rang_Ted_MTN": 2,
        "rang_Ted_MOOV": 3,
        "rang_Tcd_ORANGE": 1,
        "rang_Tcd_MTN": 1,
        "rang_Tcd_MOOV": 3,
        "rang_Tddd_ORANGE": 1,
        "rang_Tddd_MTN": 2,
        "rang_Tddd_MOOV": 3,
        "rang_Tddu_ORANGE": 1,
        "rang_Tddu_MTN": 1,
        "rang_Tddu_MOOV": 3,
        "rang_Dmd_ORANGE": 2,
        "rang_Dmd_MTN": 3,
        "rang_Dmd_MOOV": 1,
        "rang_Dmu_ORANGE": 2,
        "rang_Dmu_MTN": 3,
        "rang_Dmu_MOOV": 1
      },
      "id": 61
    },
    {
      "type": "Feature",
      "geometry": {
        "coordinates": [
          -6.66313,
          7.95253
        ],
        "type": "Point"
      },
      "properties": {
        "ADM0_FR": "WOROBA",
        "ADM0_PCODE": "CI13",
        "ADM1_FR": "WORODOUGOU",
        "ADM1_PCODE": "CI133",
        "ADM2_FR": "SEGUELA",
        "ADM2_PCODE": "CI3302",
        "ADM3_FR": "SEGUELA",
        "ADM3_PCODE": "CI330201",
        "ADM4_FR": "SÉGUÉLA",
        "ADM4_PCODE": "C6882",
        "centerLat": 7.96253,
        "centerLng": -6.67313,
        "pop": 46189,
        "Ted_MOOV": 0.8699999999999999,
        "Tcd_MOOV": 100.0,
        "Tddu_MOOV": 0.0,
        "Tddd_MOOV": 13.41,
        "Dmd_MOOV": 2008.42,
        "Dmu_MOOV": 9030.59,
        "Ted_MTN": 0.0,
        "Tcd_MTN": 100.0,
        "Tddu_MTN": 0.0,
        "Tddd_MTN": 0.0,
        "Dmd_MTN": 3332.95,
        "Dmu_MTN": 6203.53,
        "Ted_ORANGE": 0.0,
        "Tcd_ORANGE": 100.0,
        "Tddu_ORANGE": 3.1300000000000003,
        "Tddd_ORANGE": 0.0,
        "Dmd_ORANGE": 2873.52,
        "Dmu_ORANGE": 2818.28,
        "rang_Ted_ORANGE": 1,
        "rang_Ted_MTN": 1,
        "rang_Ted_MOOV": 3,
        "rang_Tcd_ORANGE": 1,
        "rang_Tcd_MTN": 1,
        "rang_Tcd_MOOV": 1,
        "rang_Tddd_ORANGE": 1,
        "rang_Tddd_MTN": 1,
        "rang_Tddd_MOOV": 3,
        "rang_Tddu_ORANGE": 3,
        "rang_Tddu_MTN": 1,
        "rang_Tddu_MOOV": 1,
        "rang_Dmd_ORANGE": 2,
        "rang_Dmd_MTN": 3,
        "rang_Dmd_MOOV": 1,
        "rang_Dmu_ORANGE": 1,
        "rang_Dmu_MTN": 2,
        "rang_Dmu_MOOV": 3
      },
      "id": 62
    },
    {
      "type": "Feature",
      "geometry": {
        "coordinates": [
          -4.56207,
          5.66065
        ],
        "type": "Point"
      },
      "properties": {
        "ADM0_FR": "LAGUNES",
        "ADM0_PCODE": "CI08",
        "ADM1_FR": "AGNEBY-TIASSA",
        "ADM1_PCODE": "CI103",
        "ADM2_FR": "SIKENSI",
        "ADM2_PCODE": "CI0302",
        "ADM3_FR": "SIKENSI",
        "ADM3_PCODE": "CI030201",
        "ADM4_FR": "SIKENSI",
        "ADM4_PCODE": "C7019",
        "centerLat": 5.67065,
        "centerLng": -4.57207,
        "pop": 7308,
        "Ted_MOOV": 3.8,
        "Tcd_MOOV": 71.61999999999999,
        "Tddu_MOOV": 50.0,
        "Tddd_MOOV": 7.41,
        "Dmd_MOOV": 3612.39,
        "Dmu_MOOV": 580.47,
        "Ted_MTN": 1.22,
        "Tcd_MTN": 97.53,
        "Tddu_MTN": 0.0,
        "Tddd_MTN": 6.67,
        "Dmd_MTN": 1854.39,
        "Dmu_MTN": 7188.63,
        "Ted_ORANGE": 4.88,
        "Tcd_ORANGE": 100.0,
        "Tddu_ORANGE": 0.0,
        "Tddd_ORANGE": 16.669999999999998,
        "Dmd_ORANGE": 981.6,
        "Dmu_ORANGE": 0.0,
        "rang_Ted_ORANGE": 3,
        "rang_Ted_MTN": 1,
        "rang_Ted_MOOV": 2,
        "rang_Tcd_ORANGE": 1,
        "rang_Tcd_MTN": 2,
        "rang_Tcd_MOOV": 3,
        "rang_Tddd_ORANGE": 3,
        "rang_Tddd_MTN": 1,
        "rang_Tddd_MOOV": 2,
        "rang_Tddu_ORANGE": 1,
        "rang_Tddu_MTN": 1,
        "rang_Tddu_MOOV": 3,
        "rang_Dmd_ORANGE": 1,
        "rang_Dmd_MTN": 2,
        "rang_Dmd_MOOV": 3,
        "rang_Dmu_ORANGE": 1,
        "rang_Dmu_MTN": 3,
        "rang_Dmu_MOOV": 2
      },
      "id": 63
    },
    {
      "type": "Feature",
      "geometry": {
        "coordinates": [
          -5.37559,
          9.57325
        ],
        "type": "Point"
      },
      "properties": {
        "ADM0_FR": "SAVANES",
        "ADM0_PCODE": "CI11",
        "ADM1_FR": "PORO",
        "ADM1_PCODE": "CI128",
        "ADM2_FR": "SINEMATIALI",
        "ADM2_PCODE": "CI2804",
        "ADM3_FR": "SINEMATIALI",
        "ADM3_PCODE": "CI280401",
        "ADM4_FR": "SINEMATIALI",
        "ADM4_PCODE": "C7043",
        "centerLat": 9.58325,
        "centerLng": -5.38559,
        "pop": 10167,
        "Ted_MOOV": 0.83,
        "Tcd_MOOV": 100.0,
        "Tddu_MOOV": 2.86,
        "Tddd_MOOV": 5.949999999999999,
        "Dmd_MOOV": 8216.48,
        "Dmu_MOOV": 9680.91,
        "Ted_MTN": 0.0,
        "Tcd_MTN": 85.09,
        "Tddu_MTN": 15.629999999999999,
        "Tddd_MTN": 7.32,
        "Dmd_MTN": 829.71,
        "Dmu_MTN": 5676.17,
        "Ted_ORANGE": 0.0,
        "Tcd_ORANGE": 100.0,
        "Tddu_ORANGE": 0.0,
        "Tddd_ORANGE": 4.82,
        "Dmd_ORANGE": 2881.73,
        "Dmu_ORANGE": 3194.21,
        "rang_Ted_ORANGE": 1,
        "rang_Ted_MTN": 1,
        "rang_Ted_MOOV": 3,
        "rang_Tcd_ORANGE": 1,
        "rang_Tcd_MTN": 3,
        "rang_Tcd_MOOV": 1,
        "rang_Tddd_ORANGE": 1,
        "rang_Tddd_MTN": 3,
        "rang_Tddd_MOOV": 2,
        "rang_Tddu_ORANGE": 1,
        "rang_Tddu_MTN": 3,
        "rang_Tddu_MOOV": 2,
        "rang_Dmd_ORANGE": 2,
        "rang_Dmd_MTN": 1,
        "rang_Dmd_MOOV": 3,
        "rang_Dmu_ORANGE": 1,
        "rang_Dmu_MTN": 2,
        "rang_Dmu_MOOV": 3
      },
      "id": 64
    },
    {
      "type": "Feature",
      "geometry": {
        "coordinates": [
          -5.90517,
          6.61035
        ],
        "type": "Point"
      },
      "properties": {
        "ADM0_FR": "SASSANDRA-MARAHOUE",
        "ADM0_PCODE": "CI10",
        "ADM1_FR": "MARAHOUE",
        "ADM1_PCODE": "CI123",
        "ADM2_FR": "SINFRA",
        "ADM2_PCODE": "CI2302",
        "ADM3_FR": "SINFRA",
        "ADM3_PCODE": "CI230201",
        "ADM4_FR": "SINFRA",
        "ADM4_PCODE": "C7045",
        "centerLat": 6.62035,
        "centerLng": -5.91517,
        "pop": 80658,
        "Ted_MOOV": 0.0,
        "Tcd_MOOV": 100.0,
        "Tddu_MOOV": 0.0,
        "Tddd_MOOV": 5.33,
        "Dmd_MOOV": 6098.98,
        "Dmu_MOOV": 10406.06,
        "Ted_MTN": 3.9600000000000004,
        "Tcd_MTN": 96.88,
        "Tddu_MTN": 0.0,
        "Tddd_MTN": 27.139999999999997,
        "Dmd_MTN": 2509.63,
        "Dmu_MTN": 11202.98,
        "Ted_ORANGE": 4.9,
        "Tcd_ORANGE": 100.0,
        "Tddu_ORANGE": 0.0,
        "Tddd_ORANGE": 1.35,
        "Dmd_ORANGE": 2456.04,
        "Dmu_ORANGE": 3085.41,
        "rang_Ted_ORANGE": 3,
        "rang_Ted_MTN": 2,
        "rang_Ted_MOOV": 1,
        "rang_Tcd_ORANGE": 1,
        "rang_Tcd_MTN": 3,
        "rang_Tcd_MOOV": 1,
        "rang_Tddd_ORANGE": 1,
        "rang_Tddd_MTN": 3,
        "rang_Tddd_MOOV": 2,
        "rang_Tddu_ORANGE": 1,
        "rang_Tddu_MTN": 1,
        "rang_Tddu_MOOV": 1,
        "rang_Dmd_ORANGE": 1,
        "rang_Dmd_MTN": 2,
        "rang_Dmd_MOOV": 3,
        "rang_Dmu_ORANGE": 1,
        "rang_Dmu_MTN": 3,
        "rang_Dmu_MOOV": 2
      },
      "id": 65
    },
    {
      "type": "Feature",
      "geometry": {
        "coordinates": [
          -6.58,
          5.7700000000000005
        ],
        "type": "Point"
      },
      "properties": {
        "ADM0_FR": "COMOE",
        "ADM0_PCODE": "CI02",
        "ADM1_FR": "SUD-COMOE",
        "ADM1_PCODE": "CI130",
        "ADM2_FR": "ABOISSO",
        "ADM2_PCODE": "CI3001",
        "ADM3_FR": "BIANOUAN",
        "ADM3_PCODE": "CI300105",
        "ADM4_FR": "SOUBRÉ",
        "ADM4_PCODE": "C7241",
        "centerLat": 5.78,
        "centerLng": -6.59,
        "pop": 1421,
        "Ted_MOOV": 1.53,
        "Tcd_MOOV": 92.06,
        "Tddu_MOOV": 0.0,
        "Tddd_MOOV": 47.83,
        "Dmd_MOOV": 573.18,
        "Dmu_MOOV": 6221.94,
        "Ted_MTN": 3.7900000000000005,
        "Tcd_MTN": 100.0,
        "Tddu_MTN": 0.0,
        "Tddd_MTN": 7.53,
        "Dmd_MTN": 1983.14,
        "Dmu_MTN": 5850.43,
        "Ted_ORANGE": 1.52,
        "Tcd_ORANGE": 100.0,
        "Tddu_ORANGE": 0.0,
        "Tddd_ORANGE": 24.47,
        "Dmd_ORANGE": 702.68,
        "Dmu_ORANGE": 3612.52,
        "rang_Ted_ORANGE": 1,
        "rang_Ted_MTN": 3,
        "rang_Ted_MOOV": 2,
        "rang_Tcd_ORANGE": 1,
        "rang_Tcd_MTN": 1,
        "rang_Tcd_MOOV": 3,
        "rang_Tddd_ORANGE": 2,
        "rang_Tddd_MTN": 1,
        "rang_Tddd_MOOV": 3,
        "rang_Tddu_ORANGE": 1,
        "rang_Tddu_MTN": 1,
        "rang_Tddu_MOOV": 1,
        "rang_Dmd_ORANGE": 2,
        "rang_Dmd_MTN": 3,
        "rang_Dmd_MOOV": 1,
        "rang_Dmu_ORANGE": 1,
        "rang_Dmu_MTN": 2,
        "rang_Dmu_MOOV": 3
      },
      "id": 66
    },
    {
      "type": "Feature",
      "geometry": {
        "coordinates": [
          -5.15212,
          9.060220000000001
        ],
        "type": "Point"
      },
      "properties": {
        "ADM0_FR": "VALLEE DU BANDAMA",
        "ADM0_PCODE": "CI12",
        "ADM1_FR": "HAMBOL",
        "ADM1_PCODE": "CI117",
        "ADM2_FR": "NIAKARAMADOUGOU",
        "ADM2_PCODE": "CI1703",
        "ADM3_FR": "TAFIRE",
        "ADM3_PCODE": "CI170305",
        "ADM4_FR": "TAFIRE",
        "ADM4_PCODE": "C7314",
        "centerLat": 9.07022,
        "centerLng": -5.16212,
        "pop": 17191,
        "Ted_MOOV": 0.0,
        "Tcd_MOOV": 100.0,
        "Tddu_MOOV": 0.0,
        "Tddd_MOOV": 6.9,
        "Dmd_MOOV": 3209.43,
        "Dmu_MOOV": 2070.94,
        "Ted_MTN": 0.0,
        "Tcd_MTN": 89.33,
        "Tddu_MTN": 60.0,
        "Tddd_MTN": 9.09,
        "Dmd_MTN": 587.24,
        "Dmu_MTN": 565.02,
        "Ted_ORANGE": 0.0,
        "Tcd_ORANGE": 100.0,
        "Tddu_ORANGE": 0.0,
        "Tddd_ORANGE": 0.0,
        "Dmd_ORANGE": 3195.23,
        "Dmu_ORANGE": 4620.81,
        "rang_Ted_ORANGE": 1,
        "rang_Ted_MTN": 1,
        "rang_Ted_MOOV": 1,
        "rang_Tcd_ORANGE": 1,
        "rang_Tcd_MTN": 3,
        "rang_Tcd_MOOV": 1,
        "rang_Tddd_ORANGE": 1,
        "rang_Tddd_MTN": 3,
        "rang_Tddd_MOOV": 2,
        "rang_Tddu_ORANGE": 1,
        "rang_Tddu_MTN": 3,
        "rang_Tddu_MOOV": 1,
        "rang_Dmd_ORANGE": 2,
        "rang_Dmd_MTN": 1,
        "rang_Dmd_MOOV": 3,
        "rang_Dmu_ORANGE": 3,
        "rang_Dmu_MTN": 1,
        "rang_Dmu_MOOV": 2
      },
      "id": 67
    },
    {
      "type": "Feature",
      "geometry": {
        "coordinates": [
          -3.15789,
          7.79253
        ],
        "type": "Point"
      },
      "properties": {
        "ADM0_FR": "ZANZAN",
        "ADM0_PCODE": "CI14",
        "ADM1_FR": "GONTOUGO",
        "ADM1_PCODE": "CI114",
        "ADM2_FR": "TANDA",
        "ADM2_PCODE": "CI1404",
        "ADM3_FR": "TANDA",
        "ADM3_PCODE": "CI140401",
        "ADM4_FR": "TANDA",
        "ADM4_PCODE": "C7386",
        "centerLat": 7.80253,
        "centerLng": -3.16789,
        "pop": 27659,
        "Ted_MOOV": 3.5700000000000003,
        "Tcd_MOOV": 59.62,
        "Tddu_MOOV": 66.67,
        "Tddd_MOOV": 20.0,
        "Dmd_MOOV": 542.48,
        "Dmu_MOOV": 645.74,
        "Ted_MTN": 0.0,
        "Tcd_MTN": 100.0,
        "Tddu_MTN": 0.0,
        "Tddd_MTN": 9.62,
        "Dmd_MTN": 5755.78,
        "Dmu_MTN": 9754.64,
        "Ted_ORANGE": 12.86,
        "Tcd_ORANGE": 100.0,
        "Tddu_ORANGE": 0.0,
        "Tddd_ORANGE": 10.42,
        "Dmd_ORANGE": 3219.89,
        "Dmu_ORANGE": 5079.97,
        "rang_Ted_ORANGE": 3,
        "rang_Ted_MTN": 1,
        "rang_Ted_MOOV": 2,
        "rang_Tcd_ORANGE": 1,
        "rang_Tcd_MTN": 1,
        "rang_Tcd_MOOV": 3,
        "rang_Tddd_ORANGE": 2,
        "rang_Tddd_MTN": 1,
        "rang_Tddd_MOOV": 3,
        "rang_Tddu_ORANGE": 1,
        "rang_Tddu_MTN": 1,
        "rang_Tddu_MOOV": 3,
        "rang_Dmd_ORANGE": 2,
        "rang_Dmd_MTN": 3,
        "rang_Dmd_MOOV": 1,
        "rang_Dmu_ORANGE": 2,
        "rang_Dmu_MTN": 3,
        "rang_Dmu_MOOV": 1
      },
      "id": 68
    },
    {
      "type": "Feature",
      "geometry": {
        "coordinates": [
          -7.30834,
          9.53501
        ],
        "type": "Point"
      },
      "properties": {
        "ADM0_FR": "DENGUELE",
        "ADM0_PCODE": "CI03",
        "ADM1_FR": "KABADOUGOU",
        "ADM1_PCODE": "CI121",
        "ADM2_FR": "ODIENNE",
        "ADM2_PCODE": "CI2103",
        "ADM3_FR": "TIEME",
        "ADM3_PCODE": "CI210305",
        "ADM4_FR": "TIEME",
        "ADM4_PCODE": "C7613",
        "centerLat": 9.54501,
        "centerLng": -7.31834,
        "pop": 6267,
        "Ted_MOOV": 2.08,
        "Tcd_MOOV": 97.1,
        "Tddu_MOOV": 0.0,
        "Tddd_MOOV": 6.0,
        "Dmd_MOOV": 5409.74,
        "Dmu_MOOV": 2753.02,
        "Ted_MTN": 1.8900000000000001,
        "Tcd_MTN": 47.52,
        "Tddu_MTN": 100.0,
        "Tddd_MTN": 44.16,
        "Dmd_MTN": 454.93,
        "Dmu_MTN": 29.38,
        "Ted_ORANGE": 0.0,
        "Tcd_ORANGE": 98.18,
        "Tddu_ORANGE": 0.0,
        "Tddd_ORANGE": 3.75,
        "Dmd_ORANGE": 1038.45,
        "Dmu_ORANGE": 1403.66,
        "rang_Ted_ORANGE": 1,
        "rang_Ted_MTN": 2,
        "rang_Ted_MOOV": 3,
        "rang_Tcd_ORANGE": 1,
        "rang_Tcd_MTN": 3,
        "rang_Tcd_MOOV": 2,
        "rang_Tddd_ORANGE": 1,
        "rang_Tddd_MTN": 3,
        "rang_Tddd_MOOV": 2,
        "rang_Tddu_ORANGE": 1,
        "rang_Tddu_MTN": 3,
        "rang_Tddu_MOOV": 1,
        "rang_Dmd_ORANGE": 2,
        "rang_Dmd_MTN": 1,
        "rang_Dmd_MOOV": 3,
        "rang_Dmu_ORANGE": 2,
        "rang_Dmu_MTN": 1,
        "rang_Dmu_MOOV": 3
      },
      "id": 69
    },
    {
      "type": "Feature",
      "geometry": {
        "coordinates": [
          -7.67063,
          8.27504
        ],
        "type": "Point"
      },
      "properties": {
        "ADM0_FR": "WOROBA",
        "ADM0_PCODE": "CI13",
        "ADM1_FR": "BAFING",
        "ADM1_PCODE": "CI104",
        "ADM2_FR": "TOUBA",
        "ADM2_PCODE": "CI0403",
        "ADM3_FR": "TOUBA",
        "ADM3_PCODE": "CI040301",
        "ADM4_FR": "TOUBA",
        "ADM4_PCODE": "C7832",
        "centerLat": 8.28504,
        "centerLng": -7.68063,
        "pop": 22361,
        "Ted_MOOV": 0.0,
        "Tcd_MOOV": 100.0,
        "Tddu_MOOV": 11.110000000000001,
        "Tddd_MOOV": 3.37,
        "Dmd_MOOV": 3150.18,
        "Dmu_MOOV": 2320.23,
        "Ted_MTN": 0.0,
        "Tcd_MTN": 100.0,
        "Tddu_MTN": 0.0,
        "Tddd_MTN": 2.97,
        "Dmd_MTN": 11427.82,
        "Dmu_MTN": 8387.15,
        "Ted_ORANGE": 4.72,
        "Tcd_ORANGE": 100.0,
        "Tddu_ORANGE": 0.0,
        "Tddd_ORANGE": 9.41,
        "Dmd_ORANGE": 2279.05,
        "Dmu_ORANGE": 3241.16,
        "rang_Ted_ORANGE": 3,
        "rang_Ted_MTN": 1,
        "rang_Ted_MOOV": 1,
        "rang_Tcd_ORANGE": 1,
        "rang_Tcd_MTN": 1,
        "rang_Tcd_MOOV": 1,
        "rang_Tddd_ORANGE": 3,
        "rang_Tddd_MTN": 1,
        "rang_Tddd_MOOV": 2,
        "rang_Tddu_ORANGE": 1,
        "rang_Tddu_MTN": 1,
        "rang_Tddu_MOOV": 3,
        "rang_Dmd_ORANGE": 1,
        "rang_Dmd_MTN": 3,
        "rang_Dmd_MOOV": 2,
        "rang_Dmu_ORANGE": 2,
        "rang_Dmu_MTN": 3,
        "rang_Dmu_MOOV": 1
      },
      "id": 70
    },
    {
      "type": "Feature",
      "geometry": {
        "coordinates": [
          -5.00819,
          6.5502400000000005
        ],
        "type": "Point"
      },
      "properties": {
        "ADM0_FR": "LACS",
        "ADM0_PCODE": "CI07",
        "ADM1_FR": "BELIER",
        "ADM1_PCODE": "CI106",
        "ADM2_FR": "TOUMODI",
        "ADM2_PCODE": "CI0604",
        "ADM3_FR": "TOUMODI",
        "ADM3_PCODE": "CI060401",
        "ADM4_FR": "TOUMODI",
        "ADM4_PCODE": "C7862",
        "centerLat": 6.56024,
        "centerLng": -5.01819,
        "pop": 43189,
        "Ted_MOOV": 0.0,
        "Tcd_MOOV": 100.0,
        "Tddu_MOOV": 0.0,
        "Tddd_MOOV": 1.5599999999999998,
        "Dmd_MOOV": 2498.02,
        "Dmu_MOOV": 6225.31,
        "Ted_MTN": 6.67,
        "Tcd_MTN": 100.0,
        "Tddu_MTN": 0.0,
        "Tddd_MTN": 3.45,
        "Dmd_MTN": 3998.53,
        "Dmu_MTN": 11867.87,
        "Ted_ORANGE": 1.1199999999999999,
        "Tcd_ORANGE": 98.86,
        "Tddu_ORANGE": 0.0,
        "Tddd_ORANGE": 7.8100000000000005,
        "Dmd_ORANGE": 2601.06,
        "Dmu_ORANGE": 3891.01,
        "rang_Ted_ORANGE": 2,
        "rang_Ted_MTN": 3,
        "rang_Ted_MOOV": 1,
        "rang_Tcd_ORANGE": 3,
        "rang_Tcd_MTN": 1,
        "rang_Tcd_MOOV": 1,
        "rang_Tddd_ORANGE": 3,
        "rang_Tddd_MTN": 2,
        "rang_Tddd_MOOV": 1,
        "rang_Tddu_ORANGE": 1,
        "rang_Tddu_MTN": 1,
        "rang_Tddu_MOOV": 1,
        "rang_Dmd_ORANGE": 2,
        "rang_Dmd_MTN": 3,
        "rang_Dmd_MOOV": 1,
        "rang_Dmu_ORANGE": 1,
        "rang_Dmu_MTN": 3,
        "rang_Dmu_MOOV": 2
      },
      "id": 71
    },
    {
      "type": "Feature",
      "geometry": {
        "coordinates": [
          -5.267860000000001,
          6.808190000000001
        ],
        "type": "Point"
      },
      "properties": {
        "ADM0_FR": "DISTRICT AUTONOME DE YAMOUSSOUKRO",
        "ADM0_PCODE": "CI05",
        "ADM1_FR": "DISTRICT AUTONOME DE YAMOUSSOUKRO",
        "ADM1_PCODE": "CI102",
        "ADM2_FR": "YAMOUSSOUKRO",
        "ADM2_PCODE": "CI0202",
        "ADM3_FR": "YAMOUSSOUKRO",
        "ADM3_PCODE": "CI020201",
        "ADM4_FR": "YAMOUSSOUKRO",
        "ADM4_PCODE": "C8092",
        "centerLat": 6.81819,
        "centerLng": -5.27786,
        "pop": 212670,
        "Ted_MOOV": 0.44999999999999996,
        "Tcd_MOOV": 83.56,
        "Tddu_MOOV": 0.0,
        "Tddd_MOOV": 12.67,
        "Dmd_MOOV": 4665.2,
        "Dmu_MOOV": 12682.57,
        "Ted_MTN": 0.8999999999999999,
        "Tcd_MTN": 95.45,
        "Tddu_MTN": 1.43,
        "Tddd_MTN": 4.0,
        "Dmd_MTN": 7159.02,
        "Dmu_MTN": 12136.27,
        "Ted_ORANGE": 15.28,
        "Tcd_ORANGE": 99.35000000000001,
        "Tddu_ORANGE": 0.0,
        "Tddd_ORANGE": 5.2299999999999995,
        "Dmd_ORANGE": 3259.31,
        "Dmu_ORANGE": 0.0,
        "rang_Ted_ORANGE": 3,
        "rang_Ted_MTN": 2,
        "rang_Ted_MOOV": 1,
        "rang_Tcd_ORANGE": 1,
        "rang_Tcd_MTN": 2,
        "rang_Tcd_MOOV": 3,
        "rang_Tddd_ORANGE": 2,
        "rang_Tddd_MTN": 1,
        "rang_Tddd_MOOV": 3,
        "rang_Tddu_ORANGE": 1,
        "rang_Tddu_MTN": 3,
        "rang_Tddu_MOOV": 1,
        "rang_Dmd_ORANGE": 1,
        "rang_Dmd_MTN": 3,
        "rang_Dmd_MOOV": 2,
        "rang_Dmu_ORANGE": 1,
        "rang_Dmu_MTN": 2,
        "rang_Dmu_MOOV": 3
      },
      "id": 72
    },
    {
      "type": "Feature",
      "geometry": {
        "coordinates": [
          -6.85531,
          6.75481
        ],
        "type": "Point"
      },
      "properties": {
        "ADM0_FR": "SASSANDRA-MARAHOUE",
        "ADM0_PCODE": "CI10",
        "ADM1_FR": "HAUT-SASSANDRA",
        "ADM1_PCODE": "CI118",
        "ADM2_FR": "ZOUKOUGBEU",
        "ADM2_PCODE": "CI1804",
        "ADM3_FR": "ZOUKOUGBEU",
        "ADM3_PCODE": "CI180401",
        "ADM4_FR": "ZOUKOUGBEU",
        "ADM4_PCODE": "C8499",
        "centerLat": 6.76481,
        "centerLng": -6.86531,
        "pop": 11861,
        "Ted_MOOV": 0.0,
        "Tcd_MOOV": 100.0,
        "Tddu_MOOV": 91.3,
        "Tddd_MOOV": 4.760000000000001,
        "Dmd_MOOV": 1105.75,
        "Dmu_MOOV": 284.21,
        "Ted_MTN": 26.97,
        "Tcd_MTN": 54.690000000000005,
        "Tddu_MTN": 0.0,
        "Tddd_MTN": 2.13,
        "Dmd_MTN": 2154.49,
        "Dmu_MTN": 1428.83,
        "Ted_ORANGE": 2.08,
        "Tcd_ORANGE": 100.0,
        "Tddu_ORANGE": 0.0,
        "Tddd_ORANGE": 2.94,
        "Dmd_ORANGE": 3028.94,
        "Dmu_ORANGE": 3052.85,
        "rang_Ted_ORANGE": 2,
        "rang_Ted_MTN": 3,
        "rang_Ted_MOOV": 1,
        "rang_Tcd_ORANGE": 1,
        "rang_Tcd_MTN": 3,
        "rang_Tcd_MOOV": 1,
        "rang_Tddd_ORANGE": 2,
        "rang_Tddd_MTN": 1,
        "rang_Tddd_MOOV": 3,
        "rang_Tddu_ORANGE": 1,
        "rang_Tddu_MTN": 1,
        "rang_Tddu_MOOV": 3,
        "rang_Dmd_ORANGE": 3,
        "rang_Dmd_MTN": 2,
        "rang_Dmd_MOOV": 1,
        "rang_Dmu_ORANGE": 3,
        "rang_Dmu_MTN": 2,
        "rang_Dmu_MOOV": 1
      },
      "id": 73
    },
    {
      "type": "Feature",
      "geometry": {
        "coordinates": [
          -6.03748,
          7.4208300000000005
        ],
        "type": "Point"
      },
      "properties": {
        "ADM0_FR": "SASSANDRA-MARAHOUE",
        "ADM0_PCODE": "CI10",
        "ADM1_FR": "MARAHOUE",
        "ADM1_PCODE": "CI123",
        "ADM2_FR": "ZUENOULA",
        "ADM2_PCODE": "CI2303",
        "ADM3_FR": "ZUENOULA",
        "ADM3_PCODE": "CI230301",
        "ADM4_FR": "ZUÉNOULA",
        "ADM4_PCODE": "C8516",
        "centerLat": 7.43083,
        "centerLng": -6.04748,
        "pop": 34018,
        "Ted_MOOV": 0.0,
        "Tcd_MOOV": 100.0,
        "Tddu_MOOV": 0.0,
        "Tddd_MOOV": 1.1900000000000002,
        "Dmd_MOOV": 12459.07,
        "Dmu_MOOV": 10538.31,
        "Ted_MTN": 0.66,
        "Tcd_MTN": 100.0,
        "Tddu_MTN": 0.0,
        "Tddd_MTN": 28.21,
        "Dmd_MTN": 3903.61,
        "Dmu_MTN": 17361.25,
        "Ted_ORANGE": 0.0,
        "Tcd_ORANGE": 99.03,
        "Tddu_ORANGE": 0.0,
        "Tddd_ORANGE": 8.110000000000001,
        "Dmd_ORANGE": 2780.92,
        "Dmu_ORANGE": 3140.13,
        "rang_Ted_ORANGE": 1,
        "rang_Ted_MTN": 3,
        "rang_Ted_MOOV": 1,
        "rang_Tcd_ORANGE": 3,
        "rang_Tcd_MTN": 1,
        "rang_Tcd_MOOV": 1,
        "rang_Tddd_ORANGE": 2,
        "rang_Tddd_MTN": 3,
        "rang_Tddd_MOOV": 1,
        "rang_Tddu_ORANGE": 1,
        "rang_Tddu_MTN": 1,
        "rang_Tddu_MOOV": 1,
        "rang_Dmd_ORANGE": 1,
        "rang_Dmd_MTN": 2,
        "rang_Dmd_MOOV": 3,
        "rang_Dmu_ORANGE": 1,
        "rang_Dmu_MTN": 3,
        "rang_Dmu_MOOV": 2
      },
      "id": 74
    }
  ]
}