{
  "type": "FeatureCollection",
  "features": [
    {
      "type": "Feature",
      "geometry": {
        "coordinates": [
          -4.005850000000001,
          5.42515
        ],
        "type": "Point"
      },
      "properties": {
        "ADM0_FR": "DISTRICT AUTONOME D'ABIDJAN",
        "ADM0_PCODE": "CI04",
        "ADM1_FR": "DISTRICT AUTONOME D'ABIDJAN",
        "ADM1_PCODE": "CI101",
        "ADM2_FR": "ABIDJAN",
        "ADM2_PCODE": "CI0101",
        "ADM3_FR": "ABIDJAN",
        "ADM3_PCODE": "CI010101",
        "ADM4_FR": "ABOBO",
        "ADM4_PCODE": "C0029",
        "centerLat": 5.43515,
        "centerLng": -4.01585,
        "pop": 1030658,
        "Ted_MOOV": 1.13,
        "Tcd_MOOV": 95.47,
        "Tddu_MOOV": 0.76,
        "Tddd_MOOV": 4.4799999999999995,
        "Dmd_MOOV": 5886.65,
        "Dmu_MOOV": 19503.93,
        "Ted_MTN": 0.69,
        "Tcd_MTN": 95.45,
        "Tddu_MTN": 1.43,
        "Tddd_MTN": 2.0500000000000003,
        "Dmd_MTN": 23482.58,
        "Dmu_MTN": 38082.21,
        "Ted_ORANGE": 0.98,
        "Tcd_ORANGE": 99.02,
        "Tddu_ORANGE": 0.0,
        "Tddd_ORANGE": 0.65,
        "Dmd_ORANGE": 47419.47,
        "Dmu_ORANGE": 11225.49,
        "rang_Ted_ORANGE": 2,
        "rang_Ted_MTN": 1,
        "rang_Ted_MOOV": 3,
        "rang_Tcd_ORANGE": 1,
        "rang_Tcd_MTN": 3,
        "rang_Tcd_MOOV": 2,
        "rang_Tddd_ORANGE": 1,
        "rang_Tddd_MTN": 2,
        "rang_Tddd_MOOV": 3,
        "rang_Tddu_ORANGE": 1,
        "rang_Tddu_MTN": 3,
        "rang_Tddu_MOOV": 2,
        "rang_Dmd_ORANGE": 3,
        "rang_Dmd_MTN": 2,
        "rang_Dmd_MOOV": 1,
        "rang_Dmu_ORANGE": 1,
        "rang_Dmu_MTN": 3,
        "rang_Dmu_MOOV": 2
      },
      "id": 1
    },
    {
      "type": "Feature",
      "geometry": {
        "coordinates": [
          -4.00988,
          5.361870000000001
        ],
        "type": "Point"
      },
      "properties": {
        "ADM0_FR": "DISTRICT AUTONOME D'ABIDJAN",
        "ADM0_PCODE": "CI04",
        "ADM1_FR": "DISTRICT AUTONOME D'ABIDJAN",
        "ADM1_PCODE": "CI101",
        "ADM2_FR": "ABIDJAN",
        "ADM2_PCODE": "CI0101",
        "ADM3_FR": "ABIDJAN",
        "ADM3_PCODE": "CI010101",
        "ADM4_FR": "ADJAME",
        "ADM4_PCODE": "C0133",
        "centerLat": 5.37187,
        "centerLng": -4.01988,
        "pop": 372978,
        "Ted_MOOV": 2.03,
        "Tcd_MOOV": 100.0,
        "Tddu_MOOV": 0.0,
        "Tddd_MOOV": 2.7,
        "Dmd_MOOV": 10111.28,
        "Dmu_MOOV": 19697.04,
        "Ted_MTN": 2.03,
        "Tcd_MTN": 98.65,
        "Tddu_MTN": 0.0,
        "Tddd_MTN": 0.0,
        "Dmd_MTN": 47134.93,
        "Dmu_MTN": 31724.33,
        "Ted_ORANGE": 2.0500000000000003,
        "Tcd_ORANGE": 93.84,
        "Tddu_ORANGE": 6.8500000000000005,
        "Tddd_ORANGE": 0.0,
        "Dmd_ORANGE": 78159.97,
        "Dmu_ORANGE": 32032.36,
        "rang_Ted_ORANGE": 3,
        "rang_Ted_MTN": 1,
        "rang_Ted_MOOV": 1,
        "rang_Tcd_ORANGE": 3,
        "rang_Tcd_MTN": 2,
        "rang_Tcd_MOOV": 1,
        "rang_Tddd_ORANGE": 1,
        "rang_Tddd_MTN": 1,
        "rang_Tddd_MOOV": 3,
        "rang_Tddu_ORANGE": 3,
        "rang_Tddu_MTN": 1,
        "rang_Tddu_MOOV": 1,
        "rang_Dmd_ORANGE": 3,
        "rang_Dmd_MTN": 2,
        "rang_Dmd_MOOV": 1,
        "rang_Dmu_ORANGE": 3,
        "rang_Dmu_MTN": 2,
        "rang_Dmu_MOOV": 1
      },
      "id": 2
    },
    {
      "type": "Feature",
      "geometry": {
        "coordinates": [
          -4.04488,
          5.48466
        ],
        "type": "Point"
      },
      "properties": {
        "ADM0_FR": "DISTRICT AUTONOME D'ABIDJAN",
        "ADM0_PCODE": "CI04",
        "ADM1_FR": "DISTRICT AUTONOME D'ABIDJAN",
        "ADM1_PCODE": "CI101",
        "ADM2_FR": "ABIDJAN",
        "ADM2_PCODE": "CI0101",
        "ADM3_FR": "ANYAMA",
        "ADM3_PCODE": "CI010102",
        "ADM4_FR": "ANYAMA",
        "ADM4_PCODE": "C0570",
        "centerLat": 5.49466,
        "centerLng": -4.05488,
        "pop": 103297,
        "Ted_MOOV": 2.13,
        "Tcd_MOOV": 96.45,
        "Tddu_MOOV": 2.9000000000000004,
        "Tddd_MOOV": 8.33,
        "Dmd_MOOV": 5545.65,
        "Dmu_MOOV": 16124.19,
        "Ted_MTN": 2.21,
        "Tcd_MTN": 100.0,
        "Tddu_MTN": 0.0,
        "Tddd_MTN": 0.0,
        "Dmd_MTN": 30113.01,
        "Dmu_MTN": 38110.43,
        "Ted_ORANGE": 2.0500000000000003,
        "Tcd_ORANGE": 100.0,
        "Tddu_ORANGE": 0.0,
        "Tddd_ORANGE": 0.0,
        "Dmd_ORANGE": 71386.47,
        "Dmu_ORANGE": 40329.06,
        "rang_Ted_ORANGE": 1,
        "rang_Ted_MTN": 3,
        "rang_Ted_MOOV": 2,
        "rang_Tcd_ORANGE": 1,
        "rang_Tcd_MTN": 1,
        "rang_Tcd_MOOV": 3,
        "rang_Tddd_ORANGE": 1,
        "rang_Tddd_MTN": 1,
        "rang_Tddd_MOOV": 3,
        "rang_Tddu_ORANGE": 1,
        "rang_Tddu_MTN": 1,
        "rang_Tddu_MOOV": 3,
        "rang_Dmd_ORANGE": 3,
        "rang_Dmd_MTN": 2,
        "rang_Dmd_MOOV": 1,
        "rang_Dmu_ORANGE": 3,
        "rang_Dmu_MTN": 2,
        "rang_Dmu_MOOV": 1
      },
      "id": 3
    },
    {
      "type": "Feature",
      "geometry": {
        "coordinates": [
          -4.041980000000001,
          5.37219
        ],
        "type": "Point"
      },
      "properties": {
        "ADM0_FR": "DISTRICT AUTONOME D'ABIDJAN",
        "ADM0_PCODE": "CI04",
        "ADM1_FR": "DISTRICT AUTONOME D'ABIDJAN",
        "ADM1_PCODE": "CI101",
        "ADM2_FR": "ABIDJAN",
        "ADM2_PCODE": "CI0101",
        "ADM3_FR": "ABIDJAN",
        "ADM3_PCODE": "CI010101",
        "ADM4_FR": "ATTECOUBE",
        "ADM4_PCODE": "C0734",
        "centerLat": 5.38219,
        "centerLng": -4.05198,
        "pop": 260911,
        "Ted_MOOV": 1.63,
        "Tcd_MOOV": 93.99,
        "Tddu_MOOV": 0.0,
        "Tddd_MOOV": 1.0999999999999999,
        "Dmd_MOOV": 11627.76,
        "Dmu_MOOV": 25973.36,
        "Ted_MTN": 1.6,
        "Tcd_MTN": 100.0,
        "Tddu_MTN": 0.0,
        "Tddd_MTN": 0.0,
        "Dmd_MTN": 47399.26,
        "Dmu_MTN": 26299.91,
        "Ted_ORANGE": 1.52,
        "Tcd_ORANGE": 95.96000000000001,
        "Tddu_ORANGE": 0.0,
        "Tddd_ORANGE": 0.0,
        "Dmd_ORANGE": 75987.38,
        "Dmu_ORANGE": 12199.05,
        "rang_Ted_ORANGE": 1,
        "rang_Ted_MTN": 2,
        "rang_Ted_MOOV": 3,
        "rang_Tcd_ORANGE": 2,
        "rang_Tcd_MTN": 1,
        "rang_Tcd_MOOV": 3,
        "rang_Tddd_ORANGE": 1,
        "rang_Tddd_MTN": 1,
        "rang_Tddd_MOOV": 3,
        "rang_Tddu_ORANGE": 1,
        "rang_Tddu_MTN": 1,
        "rang_Tddu_MOOV": 1,
        "rang_Dmd_ORANGE": 3,
        "rang_Dmd_MTN": 2,
        "rang_Dmd_MOOV": 1,
        "rang_Dmu_ORANGE": 1,
        "rang_Dmu_MTN": 3,
        "rang_Dmu_MOOV": 2
      },
      "id": 4
    },
    {
      "type": "Feature",
      "geometry": {
        "coordinates": [
          -3.8870400000000003,
          5.349
        ],
        "type": "Point"
      },
      "properties": {
        "ADM0_FR": "DISTRICT AUTONOME D'ABIDJAN",
        "ADM0_PCODE": "CI04",
        "ADM1_FR": "DISTRICT AUTONOME D'ABIDJAN",
        "ADM1_PCODE": "CI101",
        "ADM2_FR": "ABIDJAN",
        "ADM2_PCODE": "CI0101",
        "ADM3_FR": "BINGERVILLE",
        "ADM3_PCODE": "CI010103",
        "ADM4_FR": "BINGERVILLE",
        "ADM4_PCODE": "C1214",
        "centerLat": 5.359,
        "centerLng": -3.89704,
        "pop": 64015,
        "Ted_MOOV": 2.88,
        "Tcd_MOOV": 98.54,
        "Tddu_MOOV": 0.0,
        "Tddd_MOOV": 4.35,
        "Dmd_MOOV": 5443.23,
        "Dmu_MOOV": 24237.43,
        "Ted_MTN": 1.03,
        "Tcd_MTN": 98.97,
        "Tddu_MTN": 0.0,
        "Tddd_MTN": 0.0,
        "Dmd_MTN": 40279.4,
        "Dmu_MTN": 34079.38,
        "Ted_ORANGE": 1.94,
        "Tcd_ORANGE": 100.0,
        "Tddu_ORANGE": 1.9800000000000002,
        "Tddd_ORANGE": 0.98,
        "Dmd_ORANGE": 74068.25,
        "Dmu_ORANGE": 20752.82,
        "rang_Ted_ORANGE": 2,
        "rang_Ted_MTN": 1,
        "rang_Ted_MOOV": 3,
        "rang_Tcd_ORANGE": 1,
        "rang_Tcd_MTN": 2,
        "rang_Tcd_MOOV": 3,
        "rang_Tddd_ORANGE": 2,
        "rang_Tddd_MTN": 1,
        "rang_Tddd_MOOV": 3,
        "rang_Tddu_ORANGE": 3,
        "rang_Tddu_MTN": 1,
        "rang_Tddu_MOOV": 1,
        "rang_Dmd_ORANGE": 3,
        "rang_Dmd_MTN": 2,
        "rang_Dmd_MOOV": 1,
        "rang_Dmu_ORANGE": 1,
        "rang_Dmu_MTN": 3,
        "rang_Dmu_MOOV": 2
      },
      "id": 5
    },
    {
      "type": "Feature",
      "geometry": {
        "coordinates": [
          -3.9508900000000002,
          5.363
        ],
        "type": "Point"
      },
      "properties": {
        "ADM0_FR": "DISTRICT AUTONOME D'ABIDJAN",
        "ADM0_PCODE": "CI04",
        "ADM1_FR": "DISTRICT AUTONOME D'ABIDJAN",
        "ADM1_PCODE": "CI101",
        "ADM2_FR": "ABIDJAN",
        "ADM2_PCODE": "CI0101",
        "ADM3_FR": "ABIDJAN",
        "ADM3_PCODE": "CI010101",
        "ADM4_FR": "COCODY",
        "ADM4_PCODE": "C1672",
        "centerLat": 5.373,
        "centerLng": -3.96089,
        "pop": 447055,
        "Ted_MOOV": 1.25,
        "Tcd_MOOV": 94.14,
        "Tddu_MOOV": 0.83,
        "Tddd_MOOV": 1.68,
        "Dmd_MOOV": 36107.75,
        "Dmu_MOOV": 23161.48,
        "Ted_MTN": 0.77,
        "Tcd_MTN": 98.83999999999999,
        "Tddu_MTN": 0.0,
        "Tddd_MTN": 0.77,
        "Dmd_MTN": 50480.13,
        "Dmu_MTN": 30976.39,
        "Ted_ORANGE": 1.52,
        "Tcd_ORANGE": 100.0,
        "Tddu_ORANGE": 1.01,
        "Tddd_ORANGE": 0.0,
        "Dmd_ORANGE": 62276.63,
        "Dmu_ORANGE": 13136.49,
        "rang_Ted_ORANGE": 3,
        "rang_Ted_MTN": 1,
        "rang_Ted_MOOV": 2,
        "rang_Tcd_ORANGE": 1,
        "rang_Tcd_MTN": 2,
        "rang_Tcd_MOOV": 3,
        "rang_Tddd_ORANGE": 1,
        "rang_Tddd_MTN": 2,
        "rang_Tddd_MOOV": 3,
        "rang_Tddu_ORANGE": 3,
        "rang_Tddu_MTN": 1,
        "rang_Tddu_MOOV": 2,
        "rang_Dmd_ORANGE": 3,
        "rang_Dmd_MTN": 2,
        "rang_Dmd_MOOV": 1,
        "rang_Dmu_ORANGE": 1,
        "rang_Dmu_MTN": 3,
        "rang_Dmu_MOOV": 2
      },
      "id": 6
    },
    {
      "type": "Feature",
      "geometry": {
        "coordinates": [
          -3.7168900000000002,
          5.18266
        ],
        "type": "Point"
      },
      "properties": {
        "ADM0_FR": "COMOE",
        "ADM0_PCODE": "CI02",
        "ADM1_FR": "SUD-COMOE",
        "ADM1_PCODE": "CI130",
        "ADM2_FR": "GRAND-BASSAM",
        "ADM2_PCODE": "CI3003",
        "ADM3_FR": "GRAND-BASSAM",
        "ADM3_PCODE": "CI300303",
        "ADM4_FR": "GRAND-BASSAM",
        "ADM4_PCODE": "C3367",
        "centerLat": 5.19266,
        "centerLng": -3.72689,
        "pop": 74671,
        "Ted_MOOV": 1.8900000000000001,
        "Tcd_MOOV": 99.36,
        "Tddu_MOOV": 0.0,
        "Tddd_MOOV": 0.0,
        "Dmd_MOOV": 16001.65,
        "Dmu_MOOV": 22670.97,
        "Ted_MTN": 2.31,
        "Tcd_MTN": 100.0,
        "Tddu_MTN": 0.0,
        "Tddd_MTN": 0.0,
        "Dmd_MTN": 39000.74,
        "Dmu_MTN": 36883.98,
        "Ted_ORANGE": 2.31,
        "Tcd_ORANGE": 96.92,
        "Tddu_ORANGE": 1.54,
        "Tddd_ORANGE": 0.0,
        "Dmd_ORANGE": 60984.98,
        "Dmu_ORANGE": 17966.48,
        "rang_Ted_ORANGE": 2,
        "rang_Ted_MTN": 2,
        "rang_Ted_MOOV": 1,
        "rang_Tcd_ORANGE": 3,
        "rang_Tcd_MTN": 1,
        "rang_Tcd_MOOV": 2,
        "rang_Tddd_ORANGE": 1,
        "rang_Tddd_MTN": 1,
        "rang_Tddd_MOOV": 1,
        "rang_Tddu_ORANGE": 3,
        "rang_Tddu_MTN": 1,
        "rang_Tddu_MOOV": 1,
        "rang_Dmd_ORANGE": 3,
        "rang_Dmd_MTN": 2,
        "rang_Dmd_MOOV": 1,
        "rang_Dmu_ORANGE": 1,
        "rang_Dmu_MTN": 3,
        "rang_Dmu_MOOV": 2
      },
      "id": 7
    },
    {
      "type": "Feature",
      "geometry": {
        "coordinates": [
          -3.9383600000000003,
          5.29249
        ],
        "type": "Point"
      },
      "properties": {
        "ADM0_FR": "DISTRICT AUTONOME D'ABIDJAN",
        "ADM0_PCODE": "CI04",
        "ADM1_FR": "DISTRICT AUTONOME D'ABIDJAN",
        "ADM1_PCODE": "CI101",
        "ADM2_FR": "ABIDJAN",
        "ADM2_PCODE": "CI0101",
        "ADM3_FR": "ABIDJAN",
        "ADM3_PCODE": "CI010101",
        "ADM4_FR": "KOUMASSI",
        "ADM4_PCODE": "C4694",
        "centerLat": 5.30249,
        "centerLng": -3.94836,
        "pop": 433139,
        "Ted_MOOV": 1.21,
        "Tcd_MOOV": 98.77,
        "Tddu_MOOV": 0.0,
        "Tddd_MOOV": 0.0,
        "Dmd_MOOV": 12439.6,
        "Dmu_MOOV": 32791.81,
        "Ted_MTN": 1.7399999999999998,
        "Tcd_MTN": 99.42,
        "Tddu_MTN": 0.0,
        "Tddd_MTN": 0.0,
        "Dmd_MTN": 44269.42,
        "Dmu_MTN": 35211.03,
        "Ted_ORANGE": 1.3599999999999999,
        "Tcd_ORANGE": 99.55000000000001,
        "Tddu_ORANGE": 0.0,
        "Tddd_ORANGE": 0.0,
        "Dmd_ORANGE": 64971.76,
        "Dmu_ORANGE": 24389.39,
        "rang_Ted_ORANGE": 2,
        "rang_Ted_MTN": 3,
        "rang_Ted_MOOV": 1,
        "rang_Tcd_ORANGE": 1,
        "rang_Tcd_MTN": 2,
        "rang_Tcd_MOOV": 3,
        "rang_Tddd_ORANGE": 1,
        "rang_Tddd_MTN": 1,
        "rang_Tddd_MOOV": 1,
        "rang_Tddu_ORANGE": 1,
        "rang_Tddu_MTN": 1,
        "rang_Tddu_MOOV": 1,
        "rang_Dmd_ORANGE": 3,
        "rang_Dmd_MTN": 2,
        "rang_Dmd_MOOV": 1,
        "rang_Dmu_ORANGE": 1,
        "rang_Dmu_MTN": 3,
        "rang_Dmu_MOOV": 2
      },
      "id": 8
    },
    {
      "type": "Feature",
      "geometry": {
        "coordinates": [
          -3.97251,
          5.28932
        ],
        "type": "Point"
      },
      "properties": {
        "ADM0_FR": "DISTRICT AUTONOME D'ABIDJAN",
        "ADM0_PCODE": "CI04",
        "ADM1_FR": "DISTRICT AUTONOME D'ABIDJAN",
        "ADM1_PCODE": "CI101",
        "ADM2_FR": "ABIDJAN",
        "ADM2_PCODE": "CI0101",
        "ADM3_FR": "ABIDJAN",
        "ADM3_PCODE": "CI010101",
        "ADM4_FR": "MARCORY",
        "ADM4_PCODE": "C5375",
        "centerLat": 5.29932,
        "centerLng": -3.98251,
        "pop": 249858,
        "Ted_MOOV": 1.82,
        "Tcd_MOOV": 94.48,
        "Tddu_MOOV": 0.0,
        "Tddd_MOOV": 0.0,
        "Dmd_MOOV": 29608.99,
        "Dmu_MOOV": 20712.43,
        "Ted_MTN": 1.6500000000000001,
        "Tcd_MTN": 98.35000000000001,
        "Tddu_MTN": 0.0,
        "Tddd_MTN": 0.0,
        "Dmd_MTN": 50876.71,
        "Dmu_MTN": 34320.09,
        "Ted_ORANGE": 1.6400000000000001,
        "Tcd_ORANGE": 100.0,
        "Tddu_ORANGE": 2.1999999999999997,
        "Tddd_ORANGE": 0.0,
        "Dmd_ORANGE": 76885.21,
        "Dmu_ORANGE": 27386.68,
        "rang_Ted_ORANGE": 1,
        "rang_Ted_MTN": 2,
        "rang_Ted_MOOV": 3,
        "rang_Tcd_ORANGE": 1,
        "rang_Tcd_MTN": 2,
        "rang_Tcd_MOOV": 3,
        "rang_Tddd_ORANGE": 1,
        "rang_Tddd_MTN": 1,
        "rang_Tddd_MOOV": 1,
        "rang_Tddu_ORANGE": 3,
        "rang_Tddu_MTN": 1,
        "rang_Tddu_MOOV": 1,
        "rang_Dmd_ORANGE": 3,
        "rang_Dmd_MTN": 2,
        "rang_Dmd_MOOV": 1,
        "rang_Dmu_ORANGE": 2,
        "rang_Dmu_MTN": 3,
        "rang_Dmu_MOOV": 1
      },
      "id": 9
    },
    {
      "type": "Feature",
      "geometry": {
        "coordinates": [
          -4.01164,
          5.31517
        ],
        "type": "Point"
      },
      "properties": {
        "ADM0_FR": "DISTRICT AUTONOME D'ABIDJAN",
        "ADM0_PCODE": "CI04",
        "ADM1_FR": "DISTRICT AUTONOME D'ABIDJAN",
        "ADM1_PCODE": "CI101",
        "ADM2_FR": "ABIDJAN",
        "ADM2_PCODE": "CI0101",
        "ADM3_FR": "ABIDJAN",
        "ADM3_PCODE": "CI010101",
        "ADM4_FR": "PLATEAU",
        "ADM4_PCODE": "C6556",
        "centerLat": 5.32517,
        "centerLng": -4.02164,
        "pop": 7488,
        "Ted_MOOV": 2.0500000000000003,
        "Tcd_MOOV": 100.0,
        "Tddu_MOOV": 0.0,
        "Tddd_MOOV": 0.0,
        "Dmd_MOOV": 7110.09,
        "Dmu_MOOV": 25418.44,
        "Ted_MTN": 2.1399999999999997,
        "Tcd_MTN": 99.46000000000001,
        "Tddu_MTN": 0.0,
        "Tddd_MTN": 0.0,
        "Dmd_MTN": 39414.64,
        "Dmu_MTN": 39598.31,
        "Ted_ORANGE": 1.3299999999999998,
        "Tcd_ORANGE": 94.59,
        "Tddu_ORANGE": 1.35,
        "Tddd_ORANGE": 0.0,
        "Dmd_ORANGE": 79867.35,
        "Dmu_ORANGE": 36329.95,
        "rang_Ted_ORANGE": 1,
        "rang_Ted_MTN": 3,
        "rang_Ted_MOOV": 2,
        "rang_Tcd_ORANGE": 3,
        "rang_Tcd_MTN": 2,
        "rang_Tcd_MOOV": 1,
        "rang_Tddd_ORANGE": 1,
        "rang_Tddd_MTN": 1,
        "rang_Tddd_MOOV": 1,
        "rang_Tddu_ORANGE": 3,
        "rang_Tddu_MTN": 1,
        "rang_Tddu_MOOV": 1,
        "rang_Dmd_ORANGE": 3,
        "rang_Dmd_MTN": 2,
        "rang_Dmd_MOOV": 1,
        "rang_Dmu_ORANGE": 2,
        "rang_Dmu_MTN": 3,
        "rang_Dmu_MOOV": 1
      },
      "id": 10
    },
    {
      "type": "Feature",
      "geometry": {
        "coordinates": [
          -3.9486260000000004,
          5.246881
        ],
        "type": "Point"
      },
      "properties": {
        "ADM0_FR": "DISTRICT AUTONOME D'ABIDJAN",
        "ADM0_PCODE": "CI04",
        "ADM1_FR": "DISTRICT AUTONOME D'ABIDJAN",
        "ADM1_PCODE": "CI101",
        "ADM2_FR": "ABIDJAN",
        "ADM2_PCODE": "CI0101",
        "ADM3_FR": "ABIDJAN",
        "ADM3_PCODE": "CI010101",
        "ADM4_FR": "PORT-BOUET",
        "ADM4_PCODE": "C6619",
        "centerLat": 5.256881,
        "centerLng": -3.958626,
        "pop": 419033,
        "Ted_MOOV": 5.47,
        "Tcd_MOOV": 93.33,
        "Tddu_MOOV": 0.0,
        "Tddd_MOOV": 3.39,
        "Dmd_MOOV": 21075.2,
        "Dmu_MOOV": 26657.32,
        "Ted_MTN": 2.21,
        "Tcd_MTN": 100.0,
        "Tddu_MTN": 0.0,
        "Tddd_MTN": 0.0,
        "Dmd_MTN": 31919.59,
        "Dmu_MTN": 35508.33,
        "Ted_ORANGE": 2.2399999999999998,
        "Tcd_ORANGE": 100.0,
        "Tddu_ORANGE": 2.9899999999999998,
        "Tddd_ORANGE": 0.0,
        "Dmd_ORANGE": 57730.22,
        "Dmu_ORANGE": 6115.31,
        "rang_Ted_ORANGE": 2,
        "rang_Ted_MTN": 1,
        "rang_Ted_MOOV": 3,
        "rang_Tcd_ORANGE": 1,
        "rang_Tcd_MTN": 1,
        "rang_Tcd_MOOV": 3,
        "rang_Tddd_ORANGE": 1,
        "rang_Tddd_MTN": 1,
        "rang_Tddd_MOOV": 3,
        "rang_Tddu_ORANGE": 3,
        "rang_Tddu_MTN": 1,
        "rang_Tddu_MOOV": 1,
        "rang_Dmd_ORANGE": 3,
        "rang_Dmd_MTN": 2,
        "rang_Dmd_MOOV": 1,
        "rang_Dmu_ORANGE": 1,
        "rang_Dmu_MTN": 3,
        "rang_Dmu_MOOV": 2
      },
      "id": 11
    },
    {
      "type": "Feature",
      "geometry": {
        "coordinates": [
          -4.00044,
          5.2809800000000005
        ],
        "type": "Point"
      },
      "properties": {
        "ADM0_FR": "DISTRICT AUTONOME D'ABIDJAN",
        "ADM0_PCODE": "CI04",
        "ADM1_FR": "DISTRICT AUTONOME D'ABIDJAN",
        "ADM1_PCODE": "CI101",
        "ADM2_FR": "ABIDJAN",
        "ADM2_PCODE": "CI0101",
        "ADM3_FR": "ABIDJAN",
        "ADM3_PCODE": "CI010101",
        "ADM4_FR": "TREICHVILLE",
        "ADM4_PCODE": "C7913",
        "centerLat": 5.29098,
        "centerLng": -4.01044,
        "pop": 102580,
        "Ted_MOOV": 2.34,
        "Tcd_MOOV": 97.66,
        "Tddu_MOOV": 3.17,
        "Tddd_MOOV": 3.08,
        "Dmd_MOOV": 5826.34,
        "Dmu_MOOV": 26429.31,
        "Ted_MTN": 2.0500000000000003,
        "Tcd_MTN": 100.0,
        "Tddu_MTN": 0.0,
        "Tddd_MTN": 1.37,
        "Dmd_MTN": 60609.16,
        "Dmu_MTN": 42153.71,
        "Ted_ORANGE": 1.8399999999999999,
        "Tcd_ORANGE": 100.0,
        "Tddu_ORANGE": 1.23,
        "Tddd_ORANGE": 1.23,
        "Dmd_ORANGE": 88332.21,
        "Dmu_ORANGE": 20838.5,
        "rang_Ted_ORANGE": 1,
        "rang_Ted_MTN": 2,
        "rang_Ted_MOOV": 3,
        "rang_Tcd_ORANGE": 1,
        "rang_Tcd_MTN": 1,
        "rang_Tcd_MOOV": 3,
        "rang_Tddd_ORANGE": 1,
        "rang_Tddd_MTN": 2,
        "rang_Tddd_MOOV": 3,
        "rang_Tddu_ORANGE": 2,
        "rang_Tddu_MTN": 1,
        "rang_Tddu_MOOV": 3,
        "rang_Dmd_ORANGE": 3,
        "rang_Dmd_MTN": 2,
        "rang_Dmd_MOOV": 1,
        "rang_Dmu_ORANGE": 1,
        "rang_Dmu_MTN": 3,
        "rang_Dmu_MOOV": 2
      },
      "id": 12
    },
    {
      "type": "Feature",
      "geometry": {
        "coordinates": [
          -4.080150000000001,
          5.2984800000000005
        ],
        "type": "Point"
      },
      "properties": {
        "ADM0_FR": "DISTRICT AUTONOME D'ABIDJAN",
        "ADM0_PCODE": "CI04",
        "ADM1_FR": "DISTRICT AUTONOME D'ABIDJAN",
        "ADM1_PCODE": "CI101",
        "ADM2_FR": "ABIDJAN",
        "ADM2_PCODE": "CI0101",
        "ADM3_FR": "ABIDJAN",
        "ADM3_PCODE": "CI010101",
        "ADM4_FR": "YOPOUGON",
        "ADM4_PCODE": "C8230",
        "centerLat": 5.30848,
        "centerLng": -4.09015,
        "pop": 1071543,
        "Ted_MOOV": 1.26,
        "Tcd_MOOV": 100.0,
        "Tddu_MOOV": 0.0,
        "Tddd_MOOV": 2.5,
        "Dmd_MOOV": 5027.05,
        "Dmu_MOOV": 20568.12,
        "Ted_MTN": 0.52,
        "Tcd_MTN": 95.82000000000001,
        "Tddu_MTN": 0.52,
        "Tddd_MTN": 2.08,
        "Dmd_MTN": 34820.35,
        "Dmu_MTN": 30647.54,
        "Ted_ORANGE": 1.21,
        "Tcd_ORANGE": 99.09,
        "Tddu_ORANGE": 1.21,
        "Tddd_ORANGE": 0.0,
        "Dmd_ORANGE": 49365.24,
        "Dmu_ORANGE": 13702.46,
        "rang_Ted_ORANGE": 2,
        "rang_Ted_MTN": 1,
        "rang_Ted_MOOV": 3,
        "rang_Tcd_ORANGE": 2,
        "rang_Tcd_MTN": 3,
        "rang_Tcd_MOOV": 1,
        "rang_Tddd_ORANGE": 1,
        "rang_Tddd_MTN": 2,
        "rang_Tddd_MOOV": 3,
        "rang_Tddu_ORANGE": 3,
        "rang_Tddu_MTN": 2,
        "rang_Tddu_MOOV": 1,
        "rang_Dmd_ORANGE": 3,
        "rang_Dmd_MTN": 2,
        "rang_Dmd_MOOV": 1,
        "rang_Dmu_ORANGE": 1,
        "rang_Dmu_MTN": 3,
        "rang_Dmu_MOOV": 2
      },
      "id": 13
    },
    {
      "type": "Feature",
      "geometry": {
        "coordinates": [
          -3.1967700000000003,
          5.46457
        ],
        "type": "Point"
      },
      "properties": {
        "ADM0_FR": "COMOE",
        "ADM0_PCODE": "CI02",
        "ADM1_FR": "SUD-COMOE",
        "ADM1_PCODE": "CI130",
        "ADM2_FR": "ABOISSO",
        "ADM2_PCODE": "CI3001",
        "ADM3_FR": "ABOISSO",
        "ADM3_PCODE": "CI300101",
        "ADM4_FR": "ABOISSO",
        "ADM4_PCODE": "C0033",
        "centerLat": 5.47457,
        "centerLng": -3.20677,
        "pop": 45688,
        "Ted_MOOV": 3.3000000000000003,
        "Tcd_MOOV": 84.61999999999999,
        "Tddu_MOOV": 4.65,
        "Tddd_MOOV": 0.0,
        "Dmd_MOOV": 27086.23,
        "Dmu_MOOV": 15930.8,
        "Ted_MTN": 3.26,
        "Tcd_MTN": 100.0,
        "Tddu_MTN": 0.0,
        "Tddd_MTN": 0.0,
        "Dmd_MTN": 36223.77,
        "Dmu_MTN": 27829.83,
        "Ted_ORANGE": 4.35,
        "Tcd_ORANGE": 98.9,
        "Tddu_ORANGE": 0.0,
        "Tddd_ORANGE": 0.0,
        "Dmd_ORANGE": 26206.4,
        "Dmu_ORANGE": 26118.73,
        "rang_Ted_ORANGE": 3,
        "rang_Ted_MTN": 1,
        "rang_Ted_MOOV": 2,
        "rang_Tcd_ORANGE": 2,
        "rang_Tcd_MTN": 1,
        "rang_Tcd_MOOV": 3,
        "rang_Tddd_ORANGE": 1,
        "rang_Tddd_MTN": 1,
        "rang_Tddd_MOOV": 1,
        "rang_Tddu_ORANGE": 1,
        "rang_Tddu_MTN": 1,
        "rang_Tddu_MOOV": 3,
        "rang_Dmd_ORANGE": 1,
        "rang_Dmd_MTN": 3,
        "rang_Dmd_MOOV": 2,
        "rang_Dmu_ORANGE": 2,
        "rang_Dmu_MTN": 3,
        "rang_Dmu_MOOV": 1
      },
      "id": 14
    },
    {
      "type": "Feature",
      "geometry": {
        "coordinates": [
          -3.25414,
          5.418
        ],
        "type": "Point"
      },
      "properties": {
        "ADM0_FR": "COMOE",
        "ADM0_PCODE": "CI02",
        "ADM1_FR": "SUD-COMOE",
        "ADM1_PCODE": "CI130",
        "ADM2_FR": "ABOISSO",
        "ADM2_PCODE": "CI3001",
        "ADM3_FR": "ADAOU",
        "ADM3_PCODE": "CI300102",
        "ADM4_FR": "ADAOU",
        "ADM4_PCODE": "C0098",
        "centerLat": 5.428,
        "centerLng": -3.26414,
        "pop": 6093,
        "Ted_MOOV": 6.25,
        "Tcd_MOOV": 97.87,
        "Tddu_MOOV": 0.0,
        "Tddd_MOOV": 0.0,
        "Dmd_MOOV": 10724.87,
        "Dmu_MOOV": 14972.68,
        "Ted_MTN": 6.25,
        "Tcd_MTN": 83.72,
        "Tddu_MTN": 0.0,
        "Tddd_MTN": 0.0,
        "Dmd_MTN": 7610.36,
        "Dmu_MTN": 5543.93,
        "Ted_ORANGE": 6.25,
        "Tcd_ORANGE": 81.82000000000001,
        "Tddu_ORANGE": 0.0,
        "Tddd_ORANGE": 0.0,
        "Dmd_ORANGE": 40382.5,
        "Dmu_ORANGE": 12415.98,
        "rang_Ted_ORANGE": 1,
        "rang_Ted_MTN": 1,
        "rang_Ted_MOOV": 1,
        "rang_Tcd_ORANGE": 3,
        "rang_Tcd_MTN": 2,
        "rang_Tcd_MOOV": 1,
        "rang_Tddd_ORANGE": 1,
        "rang_Tddd_MTN": 1,
        "rang_Tddd_MOOV": 1,
        "rang_Tddu_ORANGE": 1,
        "rang_Tddu_MTN": 1,
        "rang_Tddu_MOOV": 1,
        "rang_Dmd_ORANGE": 3,
        "rang_Dmd_MTN": 1,
        "rang_Dmd_MOOV": 2,
        "rang_Dmu_ORANGE": 2,
        "rang_Dmu_MTN": 1,
        "rang_Dmu_MOOV": 3
      },
      "id": 15
    },
    {
      "type": "Feature",
      "geometry": {
        "coordinates": [
          -3.8562200000000004,
          6.099600000000001
        ],
        "type": "Point"
      },
      "properties": {
        "ADM0_FR": "LAGUNES",
        "ADM0_PCODE": "CI08",
        "ADM1_FR": "LA ME",
        "ADM1_PCODE": "CI124",
        "ADM2_FR": "ADZOPE",
        "ADM2_PCODE": "CI2401",
        "ADM3_FR": "ADZOPE",
        "ADM3_PCODE": "CI240101",
        "ADM4_FR": "ADZOPE",
        "ADM4_PCODE": "C0176",
        "centerLat": 6.1096,
        "centerLng": -3.86622,
        "pop": 58722,
        "Ted_MOOV": 2.6100000000000003,
        "Tcd_MOOV": 94.78,
        "Tddu_MOOV": 0.0,
        "Tddd_MOOV": 0.0,
        "Dmd_MOOV": 15690.46,
        "Dmu_MOOV": 13694.73,
        "Ted_MTN": 2.59,
        "Tcd_MTN": 98.26,
        "Tddu_MTN": 0.0,
        "Tddd_MTN": 0.0,
        "Dmd_MTN": 33399.12,
        "Dmu_MTN": 32555.86,
        "Ted_ORANGE": 2.68,
        "Tcd_ORANGE": 88.39,
        "Tddu_ORANGE": 0.0,
        "Tddd_ORANGE": 0.0,
        "Dmd_ORANGE": 22042.05,
        "Dmu_ORANGE": 12573.84,
        "rang_Ted_ORANGE": 3,
        "rang_Ted_MTN": 1,
        "rang_Ted_MOOV": 2,
        "rang_Tcd_ORANGE": 3,
        "rang_Tcd_MTN": 1,
        "rang_Tcd_MOOV": 2,
        "rang_Tddd_ORANGE": 1,
        "rang_Tddd_MTN": 1,
        "rang_Tddd_MOOV": 1,
        "rang_Tddu_ORANGE": 1,
        "rang_Tddu_MTN": 1,
        "rang_Tddu_MOOV": 1,
        "rang_Dmd_ORANGE": 2,
        "rang_Dmd_MTN": 3,
        "rang_Dmd_MOOV": 1,
        "rang_Dmu_ORANGE": 1,
        "rang_Dmu_MTN": 3,
        "rang_Dmu_MOOV": 2
      },
      "id": 16
    },
    {
      "type": "Feature",
      "geometry": {
        "coordinates": [
          -3.6506100000000004,
          5.4912600000000005
        ],
        "type": "Point"
      },
      "properties": {
        "ADM0_FR": "LAGUNES",
        "ADM0_PCODE": "CI08",
        "ADM1_FR": "LA ME",
        "ADM1_PCODE": "CI124",
        "ADM2_FR": "ALEPE",
        "ADM2_PCODE": "CI2403",
        "ADM3_FR": "ALEPE",
        "ADM3_PCODE": "CI240302",
        "ADM4_FR": "ALEPE",
        "ADM4_PCODE": "C0398",
        "centerLat": 5.50126,
        "centerLng": -3.66061,
        "pop": 9045,
        "Ted_MOOV": 4.4799999999999995,
        "Tcd_MOOV": 98.44000000000001,
        "Tddu_MOOV": 0.0,
        "Tddd_MOOV": 0.0,
        "Dmd_MOOV": 3615.59,
        "Dmu_MOOV": 13102.33,
        "Ted_MTN": 4.41,
        "Tcd_MTN": 100.0,
        "Tddu_MTN": 0.0,
        "Tddd_MTN": 0.0,
        "Dmd_MTN": 65660.93,
        "Dmu_MTN": 35591.58,
        "Ted_ORANGE": 3.75,
        "Tcd_ORANGE": 88.75,
        "Tddu_ORANGE": 0.0,
        "Tddd_ORANGE": 0.0,
        "Dmd_ORANGE": 44487.74,
        "Dmu_ORANGE": 11480.33,
        "rang_Ted_ORANGE": 1,
        "rang_Ted_MTN": 2,
        "rang_Ted_MOOV": 3,
        "rang_Tcd_ORANGE": 3,
        "rang_Tcd_MTN": 1,
        "rang_Tcd_MOOV": 2,
        "rang_Tddd_ORANGE": 1,
        "rang_Tddd_MTN": 1,
        "rang_Tddd_MOOV": 1,
        "rang_Tddu_ORANGE": 1,
        "rang_Tddu_MTN": 1,
        "rang_Tddu_MOOV": 1,
        "rang_Dmd_ORANGE": 2,
        "rang_Dmd_MTN": 3,
        "rang_Dmd_MOOV": 1,
        "rang_Dmu_ORANGE": 1,
        "rang_Dmu_MTN": 3,
        "rang_Dmu_MOOV": 2
      },
      "id": 17
    },
    {
      "type": "Feature",
      "geometry": {
        "coordinates": [
          -3.76405,
          6.21292
        ],
        "type": "Point"
      },
      "properties": {
        "ADM0_FR": "LAGUNES",
        "ADM0_PCODE": "CI08",
        "ADM1_FR": "LA ME",
        "ADM1_PCODE": "CI124",
        "ADM2_FR": "ADZOPE",
        "ADM2_PCODE": "CI2401",
        "ADM3_FR": "ADZOPE",
        "ADM3_PCODE": "CI240101",
        "ADM4_FR": "ANANGUIE",
        "ADM4_PCODE": "C0494",
        "centerLat": 6.22292,
        "centerLng": -3.77405,
        "pop": 10013,
        "Ted_MOOV": 6.25,
        "Tcd_MOOV": 97.78,
        "Tddu_MOOV": 0.0,
        "Tddd_MOOV": 0.0,
        "Dmd_MOOV": 13066.13,
        "Dmu_MOOV": 13145.82,
        "Ted_MTN": 6.25,
        "Tcd_MTN": 100.0,
        "Tddu_MTN": 0.0,
        "Tddd_MTN": 0.0,
        "Dmd_MTN": 38859.55,
        "Dmu_MTN": 20498.69,
        "Ted_ORANGE": 6.38,
        "Tcd_ORANGE": 70.21,
        "Tddu_ORANGE": 0.0,
        "Tddd_ORANGE": 0.0,
        "Dmd_ORANGE": 11870.93,
        "Dmu_ORANGE": 12483.82,
        "rang_Ted_ORANGE": 3,
        "rang_Ted_MTN": 1,
        "rang_Ted_MOOV": 1,
        "rang_Tcd_ORANGE": 3,
        "rang_Tcd_MTN": 1,
        "rang_Tcd_MOOV": 2,
        "rang_Tddd_ORANGE": 1,
        "rang_Tddd_MTN": 1,
        "rang_Tddd_MOOV": 1,
        "rang_Tddu_ORANGE": 1,
        "rang_Tddu_MTN": 1,
        "rang_Tddu_MOOV": 1,
        "rang_Dmd_ORANGE": 1,
        "rang_Dmd_MTN": 3,
        "rang_Dmd_MOOV": 2,
        "rang_Dmu_ORANGE": 1,
        "rang_Dmu_MTN": 3,
        "rang_Dmu_MOOV": 2
      },
      "id": 18
    },
    {
      "type": "Feature",
      "geometry": {
        "coordinates": [
          -4.24,
          7.2700000000000005
        ],
        "type": "Point"
      },
      "properties": {
        "ADM0_FR": "LACS",
        "ADM0_PCODE": "CI07",
        "ADM1_FR": "IFFOU",
        "ADM1_PCODE": "CI119",
        "ADM2_FR": "DAOUKRO",
        "ADM2_PCODE": "CI1901",
        "ADM3_FR": "ANANDA",
        "ADM3_PCODE": "CI190102",
        "ADM4_FR": "ANANDA",
        "ADM4_PCODE": "C0492",
        "centerLat": 7.28,
        "centerLng": -4.25,
        "pop": 2917,
        "Ted_MOOV": 6.25,
        "Tcd_MOOV": 100.0,
        "Tddu_MOOV": 0.0,
        "Tddd_MOOV": 0.0,
        "Dmd_MOOV": 26292.54,
        "Dmu_MOOV": 17096.77,
        "Ted_MTN": 6.25,
        "Tcd_MTN": 29.17,
        "Tddu_MTN": 0.0,
        "Tddd_MTN": 0.0,
        "Dmd_MTN": 6665.97,
        "Dmu_MTN": 3124.32,
        "Ted_ORANGE": 6.25,
        "Tcd_ORANGE": 100.0,
        "Tddu_ORANGE": 0.0,
        "Tddd_ORANGE": 0.0,
        "Dmd_ORANGE": 39664.67,
        "Dmu_ORANGE": 19734.67,
        "rang_Ted_ORANGE": 1,
        "rang_Ted_MTN": 1,
        "rang_Ted_MOOV": 1,
        "rang_Tcd_ORANGE": 1,
        "rang_Tcd_MTN": 3,
        "rang_Tcd_MOOV": 1,
        "rang_Tddd_ORANGE": 1,
        "rang_Tddd_MTN": 1,
        "rang_Tddd_MOOV": 1,
        "rang_Tddu_ORANGE": 1,
        "rang_Tddu_MTN": 1,
        "rang_Tddu_MOOV": 1,
        "rang_Dmd_ORANGE": 3,
        "rang_Dmd_MTN": 1,
        "rang_Dmd_MOOV": 2,
        "rang_Dmu_ORANGE": 3,
        "rang_Dmu_MTN": 1,
        "rang_Dmu_MOOV": 2
      },
      "id": 19
    },
    {
      "type": "Feature",
      "geometry": {
        "coordinates": [
          -3.95954,
          6.66259
        ],
        "type": "Point"
      },
      "properties": {
        "ADM0_FR": "LACS",
        "ADM0_PCODE": "CI07",
        "ADM1_FR": "MORONOU",
        "ADM1_PCODE": "CI125",
        "ADM2_FR": "ARRAH",
        "ADM2_PCODE": "CI2501",
        "ADM3_FR": "ARRAH",
        "ADM3_PCODE": "CI250101",
        "ADM4_FR": "ARRAH",
        "ADM4_PCODE": "C0600",
        "centerLat": 6.67259,
        "centerLng": -3.96954,
        "pop": 24122,
        "Ted_MOOV": 4.41,
        "Tcd_MOOV": 98.53,
        "Tddu_MOOV": 0.0,
        "Tddd_MOOV": 0.0,
        "Dmd_MOOV": 24876.37,
        "Dmu_MOOV": 16109.56,
        "Ted_MTN": 4.760000000000001,
        "Tcd_MTN": 76.19,
        "Tddu_MTN": 25.81,
        "Tddd_MTN": 9.379999999999999,
        "Dmd_MTN": 13693.56,
        "Dmu_MTN": 3670.55,
        "Ted_ORANGE": 4.41,
        "Tcd_ORANGE": 100.0,
        "Tddu_ORANGE": 0.0,
        "Tddd_ORANGE": 0.0,
        "Dmd_ORANGE": 58605.95,
        "Dmu_ORANGE": 5145.27,
        "rang_Ted_ORANGE": 1,
        "rang_Ted_MTN": 3,
        "rang_Ted_MOOV": 1,
        "rang_Tcd_ORANGE": 1,
        "rang_Tcd_MTN": 3,
        "rang_Tcd_MOOV": 2,
        "rang_Tddd_ORANGE": 1,
        "rang_Tddd_MTN": 3,
        "rang_Tddd_MOOV": 1,
        "rang_Tddu_ORANGE": 1,
        "rang_Tddu_MTN": 3,
        "rang_Tddu_MOOV": 1,
        "rang_Dmd_ORANGE": 3,
        "rang_Dmd_MTN": 1,
        "rang_Dmd_MOOV": 2,
        "rang_Dmu_ORANGE": 2,
        "rang_Dmu_MTN": 1,
        "rang_Dmu_MOOV": 3
      },
      "id": 20
    },
    {
      "type": "Feature",
      "geometry": {
        "coordinates": [
          -3.05216,
          9.22051
        ],
        "type": "Point"
      },
      "properties": {
        "ADM0_FR": "ZANZAN",
        "ADM0_PCODE": "CI14",
        "ADM1_FR": "BOUNKANI",
        "ADM1_PCODE": "CI108",
        "ADM2_FR": "BOUNA",
        "ADM2_PCODE": "CI0801",
        "ADM3_FR": "BOUNA",
        "ADM3_PCODE": "CI080102",
        "ADM4_FR": "ASSOUM 1",
        "ADM4_PCODE": "C0704",
        "centerLat": 9.23051,
        "centerLng": -3.06216,
        "pop": 1157,
        "Ted_MOOV": 11.110000000000001,
        "Tcd_MOOV": 76.32,
        "Tddu_MOOV": 19.05,
        "Tddd_MOOV": 0.0,
        "Dmd_MOOV": 15756.93,
        "Dmu_MOOV": 1824.02,
        "Ted_MTN": 17.07,
        "Tcd_MTN": 57.69,
        "Tddu_MTN": 33.33,
        "Tddd_MTN": 9.09,
        "Dmd_MTN": 5229.4,
        "Dmu_MTN": 1127.81,
        "Ted_ORANGE": 8.33,
        "Tcd_ORANGE": 89.36,
        "Tddu_ORANGE": 8.33,
        "Tddd_ORANGE": 0.0,
        "Dmd_ORANGE": 20832.75,
        "Dmu_ORANGE": 3319.69,
        "rang_Ted_ORANGE": 1,
        "rang_Ted_MTN": 3,
        "rang_Ted_MOOV": 2,
        "rang_Tcd_ORANGE": 1,
        "rang_Tcd_MTN": 3,
        "rang_Tcd_MOOV": 2,
        "rang_Tddd_ORANGE": 1,
        "rang_Tddd_MTN": 3,
        "rang_Tddd_MOOV": 1,
        "rang_Tddu_ORANGE": 1,
        "rang_Tddu_MTN": 3,
        "rang_Tddu_MOOV": 2,
        "rang_Dmd_ORANGE": 3,
        "rang_Dmd_MTN": 1,
        "rang_Dmd_MOOV": 2,
        "rang_Dmu_ORANGE": 3,
        "rang_Dmu_MTN": 1,
        "rang_Dmu_MOOV": 2
      },
      "id": 21
    },
    {
      "type": "Feature",
      "geometry": {
        "coordinates": [
          -4.07075,
          5.63569
        ],
        "type": "Point"
      },
      "properties": {
        "ADM0_FR": "LAGUNES",
        "ADM0_PCODE": "CI08",
        "ADM1_FR": "AGNEBY-TIASSA",
        "ADM1_PCODE": "CI103",
        "ADM2_FR": "AGBOVILLE",
        "ADM2_PCODE": "CI0301",
        "ADM3_FR": "AZAGUIE",
        "ADM3_PCODE": "CI030105",
        "ADM4_FR": "AZAGUIÉ",
        "ADM4_PCODE": "C0780",
        "centerLat": 5.64569,
        "centerLng": -4.08075,
        "pop": 13876,
        "Ted_MOOV": 8.33,
        "Tcd_MOOV": 100.0,
        "Tddu_MOOV": 0.0,
        "Tddd_MOOV": 0.0,
        "Dmd_MOOV": 38312.07,
        "Dmu_MOOV": 22532.39,
        "Ted_MTN": 6.52,
        "Tcd_MTN": 100.0,
        "Tddu_MTN": 0.0,
        "Tddd_MTN": 0.0,
        "Dmd_MTN": 28406.23,
        "Dmu_MTN": 20195.04,
        "Ted_ORANGE": 6.25,
        "Tcd_ORANGE": 100.0,
        "Tddu_ORANGE": 0.0,
        "Tddd_ORANGE": 0.0,
        "Dmd_ORANGE": 105420.23,
        "Dmu_ORANGE": 21553.81,
        "rang_Ted_ORANGE": 1,
        "rang_Ted_MTN": 2,
        "rang_Ted_MOOV": 3,
        "rang_Tcd_ORANGE": 1,
        "rang_Tcd_MTN": 1,
        "rang_Tcd_MOOV": 1,
        "rang_Tddd_ORANGE": 1,
        "rang_Tddd_MTN": 1,
        "rang_Tddd_MOOV": 1,
        "rang_Tddu_ORANGE": 1,
        "rang_Tddu_MTN": 1,
        "rang_Tddu_MOOV": 1,
        "rang_Dmd_ORANGE": 3,
        "rang_Dmd_MTN": 1,
        "rang_Dmd_MOOV": 2,
        "rang_Dmu_ORANGE": 2,
        "rang_Dmu_MTN": 1,
        "rang_Dmu_MOOV": 3
      },
      "id": 22
    },
    {
      "type": "Feature",
      "geometry": {
        "coordinates": [
          -7.48,
          7.0
        ],
        "type": "Point"
      },
      "properties": {
        "ADM0_FR": "VALLEE DU BANDAMA",
        "ADM0_PCODE": "CI12",
        "ADM1_FR": "HAMBOL",
        "ADM1_PCODE": "CI117",
        "ADM2_FR": "DABAKALA",
        "ADM2_PCODE": "CI1701",
        "ADM3_FR": "TENDENE-BAMBARASSO",
        "ADM3_PCODE": "CI170109",
        "ADM4_FR": "BANGOLO",
        "ADM4_PCODE": "C0934",
        "centerLat": 7.01,
        "centerLng": -7.49,
        "pop": 900,
        "Ted_MOOV": 7.32,
        "Tcd_MOOV": 95.0,
        "Tddu_MOOV": 0.0,
        "Tddd_MOOV": 4.760000000000001,
        "Dmd_MOOV": 10307.84,
        "Dmu_MOOV": 7457.28,
        "Ted_MTN": 6.819999999999999,
        "Tcd_MTN": 100.0,
        "Tddu_MTN": 0.0,
        "Tddd_MTN": 0.0,
        "Dmd_MTN": 7375.11,
        "Dmu_MTN": 6678.79,
        "Ted_ORANGE": 6.0,
        "Tcd_ORANGE": 100.0,
        "Tddu_ORANGE": 0.0,
        "Tddd_ORANGE": 0.0,
        "Dmd_ORANGE": 35341.25,
        "Dmu_ORANGE": 14845.53,
        "rang_Ted_ORANGE": 1,
        "rang_Ted_MTN": 2,
        "rang_Ted_MOOV": 3,
        "rang_Tcd_ORANGE": 1,
        "rang_Tcd_MTN": 1,
        "rang_Tcd_MOOV": 3,
        "rang_Tddd_ORANGE": 1,
        "rang_Tddd_MTN": 1,
        "rang_Tddd_MOOV": 3,
        "rang_Tddu_ORANGE": 1,
        "rang_Tddu_MTN": 1,
        "rang_Tddu_MOOV": 1,
        "rang_Dmd_ORANGE": 3,
        "rang_Dmd_MTN": 1,
        "rang_Dmd_MOOV": 2,
        "rang_Dmu_ORANGE": 3,
        "rang_Dmu_MTN": 1,
        "rang_Dmu_MOOV": 2
      },
      "id": 23
    },
    {
      "type": "Feature",
      "geometry": {
        "coordinates": [
          -4.9465,
          6.547470000000001
        ],
        "type": "Point"
      },
      "properties": {
        "ADM0_FR": "LACS",
        "ADM0_PCODE": "CI07",
        "ADM1_FR": "BELIER",
        "ADM1_PCODE": "CI106",
        "ADM2_FR": "TOUMODI",
        "ADM2_PCODE": "CI0604",
        "ADM3_FR": "TOUMODI",
        "ADM3_PCODE": "CI060401",
        "ADM4_FR": "BENDRESSOU",
        "ADM4_PCODE": "C1096",
        "centerLat": 6.55747,
        "centerLng": -4.9565,
        "pop": 1097,
        "Ted_MOOV": 4.55,
        "Tcd_MOOV": 69.57,
        "Tddu_MOOV": 10.0,
        "Tddd_MOOV": 15.379999999999999,
        "Dmd_MOOV": 3551.53,
        "Dmu_MOOV": 3128.11,
        "Ted_MTN": 7.89,
        "Tcd_MTN": 26.32,
        "Tddu_MTN": 88.89,
        "Tddd_MTN": 35.0,
        "Dmd_MTN": 1124.69,
        "Dmu_MTN": 324.92,
        "Ted_ORANGE": 6.52,
        "Tcd_ORANGE": 97.78,
        "Tddu_ORANGE": 30.43,
        "Tddd_ORANGE": 9.09,
        "Dmd_ORANGE": 3717.69,
        "Dmu_ORANGE": 948.23,
        "rang_Ted_ORANGE": 2,
        "rang_Ted_MTN": 3,
        "rang_Ted_MOOV": 1,
        "rang_Tcd_ORANGE": 1,
        "rang_Tcd_MTN": 3,
        "rang_Tcd_MOOV": 2,
        "rang_Tddd_ORANGE": 1,
        "rang_Tddd_MTN": 3,
        "rang_Tddd_MOOV": 2,
        "rang_Tddu_ORANGE": 2,
        "rang_Tddu_MTN": 3,
        "rang_Tddu_MOOV": 1,
        "rang_Dmd_ORANGE": 3,
        "rang_Dmd_MTN": 1,
        "rang_Dmd_MOOV": 2,
        "rang_Dmu_ORANGE": 2,
        "rang_Dmu_MTN": 1,
        "rang_Dmu_MOOV": 3
      },
      "id": 24
    },
    {
      "type": "Feature",
      "geometry": {
        "coordinates": [
          -5.56393,
          7.6608600000000004
        ],
        "type": "Point"
      },
      "properties": {
        "ADM0_FR": "VALLEE DU BANDAMA",
        "ADM0_PCODE": "CI12",
        "ADM1_FR": "GBEKE",
        "ADM1_PCODE": "CI111",
        "ADM2_FR": "BEOUMI",
        "ADM2_PCODE": "CI1101",
        "ADM3_FR": "BEOUMI",
        "ADM3_PCODE": "CI110102",
        "ADM4_FR": "BÉOUMI",
        "ADM4_PCODE": "C1124",
        "centerLat": 7.67086,
        "centerLng": -5.57393,
        "pop": 25526,
        "Ted_MOOV": 4.4799999999999995,
        "Tcd_MOOV": 77.27000000000001,
        "Tddu_MOOV": 0.0,
        "Tddd_MOOV": 0.0,
        "Dmd_MOOV": 39942.86,
        "Dmu_MOOV": 16805.78,
        "Ted_MTN": 4.4799999999999995,
        "Tcd_MTN": 91.03999999999999,
        "Tddu_MTN": 0.0,
        "Tddd_MTN": 0.0,
        "Dmd_MTN": 63296.39,
        "Dmu_MTN": 22014.07,
        "Ted_ORANGE": 4.41,
        "Tcd_ORANGE": 86.76,
        "Tddu_ORANGE": 0.0,
        "Tddd_ORANGE": 0.0,
        "Dmd_ORANGE": 63825.04,
        "Dmu_ORANGE": 15222.32,
        "rang_Ted_ORANGE": 1,
        "rang_Ted_MTN": 2,
        "rang_Ted_MOOV": 2,
        "rang_Tcd_ORANGE": 2,
        "rang_Tcd_MTN": 1,
        "rang_Tcd_MOOV": 3,
        "rang_Tddd_ORANGE": 1,
        "rang_Tddd_MTN": 1,
        "rang_Tddd_MOOV": 1,
        "rang_Tddu_ORANGE": 1,
        "rang_Tddu_MTN": 1,
        "rang_Tddu_MOOV": 1,
        "rang_Dmd_ORANGE": 3,
        "rang_Dmd_MTN": 2,
        "rang_Dmd_MOOV": 1,
        "rang_Dmu_ORANGE": 1,
        "rang_Dmu_MTN": 3,
        "rang_Dmu_MOOV": 2
      },
      "id": 25
    },
    {
      "type": "Feature",
      "geometry": {
        "coordinates": [
          -7.99319,
          6.56065
        ],
        "type": "Point"
      },
      "properties": {
        "ADM0_FR": "MONTAGNES",
        "ADM0_PCODE": "CI09",
        "ADM1_FR": "CAVALLY",
        "ADM1_PCODE": "CI109",
        "ADM2_FR": "BLOLEQUIN",
        "ADM2_PCODE": "CI0901",
        "ADM3_FR": "BLOLEQUIN",
        "ADM3_PCODE": "CI090101",
        "ADM4_FR": "BLOLÉQUIN",
        "ADM4_PCODE": "C1290",
        "centerLat": 6.57065,
        "centerLng": -8.00319,
        "pop": 32262,
        "Ted_MOOV": 3.0300000000000002,
        "Tcd_MOOV": 58.230000000000004,
        "Tddu_MOOV": 12.2,
        "Tddd_MOOV": 26.32,
        "Dmd_MOOV": 4354.34,
        "Dmu_MOOV": 3550.68,
        "Ted_MTN": 2.54,
        "Tcd_MTN": 96.61,
        "Tddu_MTN": 0.0,
        "Tddd_MTN": 1.67,
        "Dmd_MTN": 52663.03,
        "Dmu_MTN": 17275.14,
        "Ted_ORANGE": 2.56,
        "Tcd_ORANGE": 95.73,
        "Tddu_ORANGE": 0.0,
        "Tddd_ORANGE": 0.0,
        "Dmd_ORANGE": 19380.45,
        "Dmu_ORANGE": 14011.48,
        "rang_Ted_ORANGE": 2,
        "rang_Ted_MTN": 1,
        "rang_Ted_MOOV": 3,
        "rang_Tcd_ORANGE": 2,
        "rang_Tcd_MTN": 1,
        "rang_Tcd_MOOV": 3,
        "rang_Tddd_ORANGE": 1,
        "rang_Tddd_MTN": 2,
        "rang_Tddd_MOOV": 3,
        "rang_Tddu_ORANGE": 1,
        "rang_Tddu_MTN": 1,
        "rang_Tddu_MOOV": 3,
        "rang_Dmd_ORANGE": 2,
        "rang_Dmd_MTN": 3,
        "rang_Dmd_MOOV": 1,
        "rang_Dmu_ORANGE": 2,
        "rang_Dmu_MTN": 3,
        "rang_Dmu_MOOV": 1
      },
      "id": 26
    },
    {
      "type": "Feature",
      "geometry": {
        "coordinates": [
          -4.48751,
          7.05267
        ],
        "type": "Point"
      },
      "properties": {
        "ADM0_FR": "LACS",
        "ADM0_PCODE": "CI07",
        "ADM1_FR": "N'ZI",
        "ADM1_PCODE": "CI127",
        "ADM2_FR": "BOCANDA",
        "ADM2_PCODE": "CI2701",
        "ADM3_FR": "BOCANDA",
        "ADM3_PCODE": "CI270102",
        "ADM4_FR": "BOCANDA",
        "ADM4_PCODE": "C1317",
        "centerLat": 7.06267,
        "centerLng": -4.49751,
        "pop": 10684,
        "Ted_MOOV": 2.5,
        "Tcd_MOOV": 98.65,
        "Tddu_MOOV": 0.0,
        "Tddd_MOOV": 0.0,
        "Dmd_MOOV": 9106.47,
        "Dmu_MOOV": 16033.26,
        "Ted_MTN": 4.2299999999999995,
        "Tcd_MTN": 83.1,
        "Tddu_MTN": 0.0,
        "Tddd_MTN": 0.0,
        "Dmd_MTN": 16304.86,
        "Dmu_MTN": 16067.87,
        "Ted_ORANGE": 3.85,
        "Tcd_ORANGE": 100.0,
        "Tddu_ORANGE": 0.0,
        "Tddd_ORANGE": 0.0,
        "Dmd_ORANGE": 18575.55,
        "Dmu_ORANGE": 15548.37,
        "rang_Ted_ORANGE": 2,
        "rang_Ted_MTN": 3,
        "rang_Ted_MOOV": 1,
        "rang_Tcd_ORANGE": 1,
        "rang_Tcd_MTN": 3,
        "rang_Tcd_MOOV": 2,
        "rang_Tddd_ORANGE": 1,
        "rang_Tddd_MTN": 1,
        "rang_Tddd_MOOV": 1,
        "rang_Tddu_ORANGE": 1,
        "rang_Tddu_MTN": 1,
        "rang_Tddu_MOOV": 1,
        "rang_Dmd_ORANGE": 3,
        "rang_Dmd_MTN": 2,
        "rang_Dmd_MOOV": 1,
        "rang_Dmu_ORANGE": 1,
        "rang_Dmu_MTN": 3,
        "rang_Dmu_MOOV": 2
      },
      "id": 27
    },
    {
      "type": "Feature",
      "geometry": {
        "coordinates": [
          -3.75,
          6.55
        ],
        "type": "Point"
      },
      "properties": {
        "ADM0_FR": "LAGUNES",
        "ADM0_PCODE": "CI08",
        "ADM1_FR": "LA ME",
        "ADM1_PCODE": "CI124",
        "ADM2_FR": "AKOUPE",
        "ADM2_PCODE": "CI2402",
        "ADM3_FR": "BECOUEFIN",
        "ADM3_PCODE": "CI240203",
        "ADM4_FR": "BONAHOUIN",
        "ADM4_PCODE": "C1419",
        "centerLat": 6.56,
        "centerLng": -3.76,
        "pop": 8574,
        "Ted_MOOV": 6.38,
        "Tcd_MOOV": 88.37,
        "Tddu_MOOV": 0.0,
        "Tddd_MOOV": 10.0,
        "Dmd_MOOV": 15875.03,
        "Dmu_MOOV": 14022.99,
        "Ted_MTN": 6.25,
        "Tcd_MTN": 100.0,
        "Tddu_MTN": 0.0,
        "Tddd_MTN": 0.0,
        "Dmd_MTN": 42972.82,
        "Dmu_MTN": 17598.29,
        "Ted_ORANGE": 6.25,
        "Tcd_ORANGE": 100.0,
        "Tddu_ORANGE": 0.0,
        "Tddd_ORANGE": 0.0,
        "Dmd_ORANGE": 28939.1,
        "Dmu_ORANGE": 13765.81,
        "rang_Ted_ORANGE": 1,
        "rang_Ted_MTN": 1,
        "rang_Ted_MOOV": 3,
        "rang_Tcd_ORANGE": 1,
        "rang_Tcd_MTN": 1,
        "rang_Tcd_MOOV": 3,
        "rang_Tddd_ORANGE": 1,
        "rang_Tddd_MTN": 1,
        "rang_Tddd_MOOV": 3,
        "rang_Tddu_ORANGE": 1,
        "rang_Tddu_MTN": 1,
        "rang_Tddu_MOOV": 1,
        "rang_Dmd_ORANGE": 2,
        "rang_Dmd_MTN": 3,
        "rang_Dmd_MOOV": 1,
        "rang_Dmu_ORANGE": 1,
        "rang_Dmu_MTN": 3,
        "rang_Dmu_MOOV": 2
      },
      "id": 28
    },
    {
      "type": "Feature",
      "geometry": {
        "coordinates": [
          -2.79,
          8.03
        ],
        "type": "Point"
      },
      "properties": {
        "ADM0_FR": "COMOE",
        "ADM0_PCODE": "CI02",
        "ADM1_FR": "SUD-COMOE",
        "ADM1_PCODE": "CI130",
        "ADM2_FR": "ADIAKE",
        "ADM2_PCODE": "CI3002",
        "ADM3_FR": "ADIAKE",
        "ADM3_PCODE": "CI300201",
        "ADM4_FR": "BONDOUKOU",
        "ADM4_PCODE": "C1424",
        "centerLat": 8.04,
        "centerLng": -2.8,
        "pop": 1837,
        "Ted_MOOV": 3.26,
        "Tcd_MOOV": 100.0,
        "Tddu_MOOV": 0.0,
        "Tddd_MOOV": 0.0,
        "Dmd_MOOV": 25426.11,
        "Dmu_MOOV": 26247.94,
        "Ted_MTN": 2.17,
        "Tcd_MTN": 100.0,
        "Tddu_MTN": 0.0,
        "Tddd_MTN": 0.0,
        "Dmd_MTN": 42825.4,
        "Dmu_MTN": 28548.41,
        "Ted_ORANGE": 3.26,
        "Tcd_ORANGE": 88.03999999999999,
        "Tddu_ORANGE": 0.0,
        "Tddd_ORANGE": 0.0,
        "Dmd_ORANGE": 35598.19,
        "Dmu_ORANGE": 9717.06,
        "rang_Ted_ORANGE": 2,
        "rang_Ted_MTN": 1,
        "rang_Ted_MOOV": 2,
        "rang_Tcd_ORANGE": 3,
        "rang_Tcd_MTN": 1,
        "rang_Tcd_MOOV": 1,
        "rang_Tddd_ORANGE": 1,
        "rang_Tddd_MTN": 1,
        "rang_Tddd_MOOV": 1,
        "rang_Tddu_ORANGE": 1,
        "rang_Tddu_MTN": 1,
        "rang_Tddu_MOOV": 1,
        "rang_Dmd_ORANGE": 2,
        "rang_Dmd_MTN": 3,
        "rang_Dmd_MOOV": 1,
        "rang_Dmu_ORANGE": 1,
        "rang_Dmu_MTN": 3,
        "rang_Dmu_MOOV": 2
      },
      "id": 29
    },
    {
      "type": "Feature",
      "geometry": {
        "coordinates": [
          -4.195,
          6.63971
        ],
        "type": "Point"
      },
      "properties": {
        "ADM0_FR": "LACS",
        "ADM0_PCODE": "CI07",
        "ADM1_FR": "MORONOU",
        "ADM1_PCODE": "CI125",
        "ADM2_FR": "BONGOUANOU",
        "ADM2_PCODE": "CI2502",
        "ADM3_FR": "BONGOUANOU",
        "ADM3_PCODE": "CI250203",
        "ADM4_FR": "BONGOUANOU",
        "ADM4_PCODE": "C1436",
        "centerLat": 6.64971,
        "centerLng": -4.205,
        "pop": 28064,
        "Ted_MOOV": 4.41,
        "Tcd_MOOV": 100.0,
        "Tddu_MOOV": 0.0,
        "Tddd_MOOV": 0.0,
        "Dmd_MOOV": 16531.83,
        "Dmu_MOOV": 18355.5,
        "Ted_MTN": 7.140000000000001,
        "Tcd_MTN": 100.0,
        "Tddu_MTN": 0.0,
        "Tddd_MTN": 0.0,
        "Dmd_MTN": 55616.23,
        "Dmu_MTN": 36651.7,
        "Ted_ORANGE": 4.41,
        "Tcd_ORANGE": 91.18,
        "Tddu_ORANGE": 0.0,
        "Tddd_ORANGE": 2.94,
        "Dmd_ORANGE": 3860.42,
        "Dmu_ORANGE": 12822.84,
        "rang_Ted_ORANGE": 1,
        "rang_Ted_MTN": 3,
        "rang_Ted_MOOV": 1,
        "rang_Tcd_ORANGE": 3,
        "rang_Tcd_MTN": 1,
        "rang_Tcd_MOOV": 1,
        "rang_Tddd_ORANGE": 3,
        "rang_Tddd_MTN": 1,
        "rang_Tddd_MOOV": 1,
        "rang_Tddu_ORANGE": 1,
        "rang_Tddu_MTN": 1,
        "rang_Tddu_MOOV": 1,
        "rang_Dmd_ORANGE": 1,
        "rang_Dmd_MTN": 3,
        "rang_Dmd_MOOV": 2,
        "rang_Dmu_ORANGE": 1,
        "rang_Dmu_MTN": 3,
        "rang_Dmu_MOOV": 2
      },
      "id": 30
    },
    {
      "type": "Feature",
      "geometry": {
        "coordinates": [
          -3.58476,
          5.26193
        ],
        "type": "Point"
      },
      "properties": {
        "ADM0_FR": "COMOE",
        "ADM0_PCODE": "CI02",
        "ADM1_FR": "SUD-COMOE",
        "ADM1_PCODE": "CI130",
        "ADM2_FR": "GRAND-BASSAM",
        "ADM2_PCODE": "CI3003",
        "ADM3_FR": "BONOUA",
        "ADM3_PCODE": "CI300302",
        "ADM4_FR": "BONOUA",
        "ADM4_PCODE": "C1451",
        "centerLat": 5.27193,
        "centerLng": -3.59476,
        "pop": 38135,
        "Ted_MOOV": 4.44,
        "Tcd_MOOV": 60.61,
        "Tddu_MOOV": 0.0,
        "Tddd_MOOV": 7.6899999999999995,
        "Dmd_MOOV": 7870.7,
        "Dmu_MOOV": 16561.92,
        "Ted_MTN": 6.25,
        "Tcd_MTN": 100.0,
        "Tddu_MTN": 0.0,
        "Tddd_MTN": 0.0,
        "Dmd_MTN": 20298.75,
        "Dmu_MTN": 14465.22,
        "Ted_ORANGE": 6.25,
        "Tcd_ORANGE": 100.0,
        "Tddu_ORANGE": 0.0,
        "Tddd_ORANGE": 0.0,
        "Dmd_ORANGE": 53084.93,
        "Dmu_ORANGE": 25989.77,
        "rang_Ted_ORANGE": 2,
        "rang_Ted_MTN": 2,
        "rang_Ted_MOOV": 1,
        "rang_Tcd_ORANGE": 1,
        "rang_Tcd_MTN": 1,
        "rang_Tcd_MOOV": 3,
        "rang_Tddd_ORANGE": 1,
        "rang_Tddd_MTN": 1,
        "rang_Tddd_MOOV": 3,
        "rang_Tddu_ORANGE": 1,
        "rang_Tddu_MTN": 1,
        "rang_Tddu_MOOV": 1,
        "rang_Dmd_ORANGE": 3,
        "rang_Dmd_MTN": 2,
        "rang_Dmd_MOOV": 1,
        "rang_Dmu_ORANGE": 3,
        "rang_Dmu_MTN": 1,
        "rang_Dmu_MOOV": 2
      },
      "id": 31
    },
    {
      "type": "Feature",
      "geometry": {
        "coordinates": [
          -7.48492,
          8.72633
        ],
        "type": "Point"
      },
      "properties": {
        "ADM0_FR": "WOROBA",
        "ADM0_PCODE": "CI13",
        "ADM1_FR": "BAFING",
        "ADM1_PCODE": "CI104",
        "ADM2_FR": "KORO",
        "ADM2_PCODE": "CI0401",
        "ADM3_FR": "BOROTOU",
        "ADM3_PCODE": "CI040103",
        "ADM4_FR": "BOROTOU",
        "ADM4_PCODE": "C1481",
        "centerLat": 8.73633,
        "centerLng": -7.49492,
        "pop": 2203,
        "Ted_MOOV": 6.52,
        "Tcd_MOOV": 89.13,
        "Tddu_MOOV": 0.0,
        "Tddd_MOOV": 0.0,
        "Dmd_MOOV": 28311.15,
        "Dmu_MOOV": 20724.09,
        "Ted_MTN": 5.13,
        "Tcd_MTN": 86.49,
        "Tddu_MTN": 0.0,
        "Tddd_MTN": 0.0,
        "Dmd_MTN": 11024.12,
        "Dmu_MTN": 3285.21,
        "Ted_ORANGE": 6.25,
        "Tcd_ORANGE": 100.0,
        "Tddu_ORANGE": 0.0,
        "Tddd_ORANGE": 0.0,
        "Dmd_ORANGE": 29433.0,
        "Dmu_ORANGE": 12780.63,
        "rang_Ted_ORANGE": 2,
        "rang_Ted_MTN": 1,
        "rang_Ted_MOOV": 3,
        "rang_Tcd_ORANGE": 1,
        "rang_Tcd_MTN": 3,
        "rang_Tcd_MOOV": 2,
        "rang_Tddd_ORANGE": 1,
        "rang_Tddd_MTN": 1,
        "rang_Tddd_MOOV": 1,
        "rang_Tddu_ORANGE": 1,
        "rang_Tddu_MTN": 1,
        "rang_Tddu_MOOV": 1,
        "rang_Dmd_ORANGE": 3,
        "rang_Dmd_MTN": 1,
        "rang_Dmd_MOOV": 2,
        "rang_Dmu_ORANGE": 2,
        "rang_Dmu_MTN": 1,
        "rang_Dmu_MOOV": 3
      },
      "id": 32
    },
    {
      "type": "Feature",
      "geometry": {
        "coordinates": [
          -5.01961,
          7.67791
        ],
        "type": "Point"
      },
      "properties": {
        "ADM0_FR": "VALLEE DU BANDAMA",
        "ADM0_PCODE": "CI12",
        "ADM1_FR": "GBEKE",
        "ADM1_PCODE": "CI111",
        "ADM2_FR": "BOUAKE",
        "ADM2_PCODE": "CI1103",
        "ADM3_FR": "BOUAKE",
        "ADM3_PCODE": "CI110301",
        "ADM4_FR": "BOUAKÉ",
        "ADM4_PCODE": "C1507",
        "centerLat": 7.68791,
        "centerLng": -5.02961,
        "pop": 536719,
        "Ted_MOOV": 0.61,
        "Tcd_MOOV": 90.57,
        "Tddu_MOOV": 1.31,
        "Tddd_MOOV": 4.24,
        "Dmd_MOOV": 10101.45,
        "Dmu_MOOV": 21382.02,
        "Ted_MTN": 0.53,
        "Tcd_MTN": 95.97,
        "Tddu_MTN": 0.5499999999999999,
        "Tddd_MTN": 2.63,
        "Dmd_MTN": 30641.48,
        "Dmu_MTN": 26877.8,
        "Ted_ORANGE": 0.84,
        "Tcd_ORANGE": 99.44,
        "Tddu_ORANGE": 0.0,
        "Tddd_ORANGE": 1.1199999999999999,
        "Dmd_ORANGE": 40785.99,
        "Dmu_ORANGE": 18104.56,
        "rang_Ted_ORANGE": 3,
        "rang_Ted_MTN": 1,
        "rang_Ted_MOOV": 2,
        "rang_Tcd_ORANGE": 1,
        "rang_Tcd_MTN": 2,
        "rang_Tcd_MOOV": 3,
        "rang_Tddd_ORANGE": 1,
        "rang_Tddd_MTN": 2,
        "rang_Tddd_MOOV": 3,
        "rang_Tddu_ORANGE": 1,
        "rang_Tddu_MTN": 2,
        "rang_Tddu_MOOV": 3,
        "rang_Dmd_ORANGE": 3,
        "rang_Dmd_MTN": 2,
        "rang_Dmd_MOOV": 1,
        "rang_Dmu_ORANGE": 1,
        "rang_Dmu_MTN": 3,
        "rang_Dmu_MOOV": 2
      },
      "id": 33
    },
    {
      "type": "Feature",
      "geometry": {
        "coordinates": [
          -5.65911,
          8.20725
        ],
        "type": "Point"
      },
      "properties": {
        "ADM0_FR": "WOROBA",
        "ADM0_PCODE": "CI13",
        "ADM1_FR": "BERE",
        "ADM1_PCODE": "CI107",
        "ADM2_FR": "MANKONO",
        "ADM2_PCODE": "CI0703",
        "ADM3_FR": "BOUANDOUGOU",
        "ADM3_PCODE": "CI070302",
        "ADM4_FR": "BOUANDOUGOU",
        "ADM4_PCODE": "C1513",
        "centerLat": 8.21725,
        "centerLng": -5.66911,
        "pop": 10542,
        "Ted_MOOV": 3.19,
        "Tcd_MOOV": 98.94,
        "Tddu_MOOV": 0.0,
        "Tddd_MOOV": 0.0,
        "Dmd_MOOV": 16395.1,
        "Dmu_MOOV": 14413.58,
        "Ted_MTN": 3.3300000000000005,
        "Tcd_MTN": 100.0,
        "Tddu_MTN": 0.0,
        "Tddd_MTN": 2.22,
        "Dmd_MTN": 41638.62,
        "Dmu_MTN": 12743.05,
        "Ted_ORANGE": 3.66,
        "Tcd_ORANGE": 96.34,
        "Tddu_ORANGE": 4.88,
        "Tddd_ORANGE": 4.88,
        "Dmd_ORANGE": 38158.73,
        "Dmu_ORANGE": 11207.61,
        "rang_Ted_ORANGE": 3,
        "rang_Ted_MTN": 2,
        "rang_Ted_MOOV": 1,
        "rang_Tcd_ORANGE": 3,
        "rang_Tcd_MTN": 1,
        "rang_Tcd_MOOV": 2,
        "rang_Tddd_ORANGE": 3,
        "rang_Tddd_MTN": 2,
        "rang_Tddd_MOOV": 1,
        "rang_Tddu_ORANGE": 3,
        "rang_Tddu_MTN": 1,
        "rang_Tddu_MOOV": 1,
        "rang_Dmd_ORANGE": 2,
        "rang_Dmd_MTN": 3,
        "rang_Dmd_MOOV": 1,
        "rang_Dmu_ORANGE": 1,
        "rang_Dmu_MTN": 2,
        "rang_Dmu_MOOV": 3
      },
      "id": 34
    },
    {
      "type": "Feature",
      "geometry": {
        "coordinates": [
          -2.98909,
          9.25864
        ],
        "type": "Point"
      },
      "properties": {
        "ADM0_FR": "ZANZAN",
        "ADM0_PCODE": "CI14",
        "ADM1_FR": "BOUNKANI",
        "ADM1_PCODE": "CI108",
        "ADM2_FR": "BOUNA",
        "ADM2_PCODE": "CI0801",
        "ADM3_FR": "BOUNA",
        "ADM3_PCODE": "CI080102",
        "ADM4_FR": "BOUNA",
        "ADM4_PCODE": "C1550",
        "centerLat": 9.26864,
        "centerLng": -2.99909,
        "pop": 18755,
        "Ted_MOOV": 1.68,
        "Tcd_MOOV": 88.03,
        "Tddu_MOOV": 0.0,
        "Tddd_MOOV": 0.0,
        "Dmd_MOOV": 27068.91,
        "Dmu_MOOV": 12480.2,
        "Ted_MTN": 2.54,
        "Tcd_MTN": 89.29,
        "Tddu_MTN": 0.0,
        "Tddd_MTN": 5.36,
        "Dmd_MTN": 23330.67,
        "Dmu_MTN": 13836.63,
        "Ted_ORANGE": 2.5,
        "Tcd_ORANGE": 95.0,
        "Tddu_ORANGE": 0.0,
        "Tddd_ORANGE": 0.0,
        "Dmd_ORANGE": 23778.49,
        "Dmu_ORANGE": 8642.44,
        "rang_Ted_ORANGE": 2,
        "rang_Ted_MTN": 3,
        "rang_Ted_MOOV": 1,
        "rang_Tcd_ORANGE": 1,
        "rang_Tcd_MTN": 2,
        "rang_Tcd_MOOV": 3,
        "rang_Tddd_ORANGE": 1,
        "rang_Tddd_MTN": 3,
        "rang_Tddd_MOOV": 1,
        "rang_Tddu_ORANGE": 1,
        "rang_Tddu_MTN": 1,
        "rang_Tddu_MOOV": 1,
        "rang_Dmd_ORANGE": 2,
        "rang_Dmd_MTN": 1,
        "rang_Dmd_MOOV": 3,
        "rang_Dmu_ORANGE": 1,
        "rang_Dmu_MTN": 3,
        "rang_Dmu_MOOV": 2
      },
      "id": 35
    },
    {
      "type": "Feature",
      "geometry": {
        "coordinates": [
          -6.4741100000000005,
          9.51143
        ],
        "type": "Point"
      },
      "properties": {
        "ADM0_FR": "SAVANES",
        "ADM0_PCODE": "CI11",
        "ADM1_FR": "BAGOUE",
        "ADM1_PCODE": "CI105",
        "ADM2_FR": "BOUNDIALI",
        "ADM2_PCODE": "CI0501",
        "ADM3_FR": "BOUNDIALI",
        "ADM3_PCODE": "CI050102",
        "ADM4_FR": "BOUNDIALI",
        "ADM4_PCODE": "C1557",
        "centerLat": 9.52143,
        "centerLng": -6.48411,
        "pop": 39962,
        "Ted_MOOV": 1.9,
        "Tcd_MOOV": 64.36,
        "Tddu_MOOV": 19.15,
        "Tddd_MOOV": 9.26,
        "Dmd_MOOV": 9351.15,
        "Dmu_MOOV": 10016.65,
        "Ted_MTN": 2.13,
        "Tcd_MTN": 28.77,
        "Tddu_MTN": 66.67,
        "Tddd_MTN": 35.0,
        "Dmd_MTN": 1832.99,
        "Dmu_MTN": 3819.18,
        "Ted_ORANGE": 2.5,
        "Tcd_ORANGE": 95.83,
        "Tddu_ORANGE": 23.330000000000002,
        "Tddd_ORANGE": 5.0,
        "Dmd_ORANGE": 10520.82,
        "Dmu_ORANGE": 5236.71,
        "rang_Ted_ORANGE": 3,
        "rang_Ted_MTN": 2,
        "rang_Ted_MOOV": 1,
        "rang_Tcd_ORANGE": 1,
        "rang_Tcd_MTN": 3,
        "rang_Tcd_MOOV": 2,
        "rang_Tddd_ORANGE": 1,
        "rang_Tddd_MTN": 3,
        "rang_Tddd_MOOV": 2,
        "rang_Tddu_ORANGE": 2,
        "rang_Tddu_MTN": 3,
        "rang_Tddu_MOOV": 1,
        "rang_Dmd_ORANGE": 3,
        "rang_Dmd_MTN": 1,
        "rang_Dmd_MOOV": 2,
        "rang_Dmu_ORANGE": 2,
        "rang_Dmu_MTN": 1,
        "rang_Dmu_MOOV": 3
      },
      "id": 36
    },
    {
      "type": "Feature",
      "geometry": {
        "coordinates": [
          -6.3696600000000005,
          9.9446
        ],
        "type": "Point"
      },
      "properties": {
        "ADM0_FR": "SAVANES",
        "ADM0_PCODE": "CI11",
        "ADM1_FR": "BAGOUE",
        "ADM1_PCODE": "CI105",
        "ADM2_FR": "KOUTO",
        "ADM2_PCODE": "CI0502",
        "ADM3_FR": "KOUTO",
        "ADM3_PCODE": "CI050201",
        "ADM4_FR": "BOYO",
        "ADM4_PCODE": "C1581",
        "centerLat": 9.9546,
        "centerLng": -6.37966,
        "pop": 3791,
        "Ted_MOOV": 8.33,
        "Tcd_MOOV": 62.5,
        "Tddu_MOOV": 64.71000000000001,
        "Tddd_MOOV": 26.669999999999998,
        "Dmd_MOOV": 2635.13,
        "Dmu_MOOV": 1253.6,
        "Ted_MTN": 7.5,
        "Tcd_MTN": 100.0,
        "Tddu_MTN": 0.0,
        "Tddd_MTN": 0.0,
        "Dmd_MTN": 25835.5,
        "Dmu_MTN": 24184.27,
        "Ted_ORANGE": 7.5,
        "Tcd_ORANGE": 40.0,
        "Tddu_ORANGE": 0.0,
        "Tddd_ORANGE": 80.0,
        "Dmd_ORANGE": 445.25,
        "Dmu_ORANGE": 8874.52,
        "rang_Ted_ORANGE": 1,
        "rang_Ted_MTN": 1,
        "rang_Ted_MOOV": 3,
        "rang_Tcd_ORANGE": 3,
        "rang_Tcd_MTN": 1,
        "rang_Tcd_MOOV": 2,
        "rang_Tddd_ORANGE": 3,
        "rang_Tddd_MTN": 1,
        "rang_Tddd_MOOV": 2,
        "rang_Tddu_ORANGE": 1,
        "rang_Tddu_MTN": 1,
        "rang_Tddu_MOOV": 3,
        "rang_Dmd_ORANGE": 1,
        "rang_Dmd_MTN": 3,
        "rang_Dmd_MOOV": 2,
        "rang_Dmu_ORANGE": 2,
        "rang_Dmu_MTN": 3,
        "rang_Dmu_MOOV": 1
      },
      "id": 37
    },
    {
      "type": "Feature",
      "geometry": {
        "coordinates": [
          -4.37208,
          5.31271
        ],
        "type": "Point"
      },
      "properties": {
        "ADM0_FR": "LAGUNES",
        "ADM0_PCODE": "CI08",
        "ADM1_FR": "GRANDS-PONTS",
        "ADM1_PCODE": "CI115",
        "ADM2_FR": "DABOU",
        "ADM2_PCODE": "CI1501",
        "ADM3_FR": "DABOU",
        "ADM3_PCODE": "CI150101",
        "ADM4_FR": "DABOU",
        "ADM4_PCODE": "C1708",
        "centerLat": 5.32271,
        "centerLng": -4.38208,
        "pop": 61942,
        "Ted_MOOV": 3.0,
        "Tcd_MOOV": 99.0,
        "Tddu_MOOV": 0.0,
        "Tddd_MOOV": 8.0,
        "Dmd_MOOV": 14489.63,
        "Dmu_MOOV": 19624.18,
        "Ted_MTN": 3.1300000000000003,
        "Tcd_MTN": 85.42,
        "Tddu_MTN": 0.0,
        "Tddd_MTN": 0.0,
        "Dmd_MTN": 42103.42,
        "Dmu_MTN": 37547.63,
        "Ted_ORANGE": 3.1300000000000003,
        "Tcd_ORANGE": 98.96000000000001,
        "Tddu_ORANGE": 0.0,
        "Tddd_ORANGE": 0.0,
        "Dmd_ORANGE": 47867.51,
        "Dmu_ORANGE": 18961.42,
        "rang_Ted_ORANGE": 2,
        "rang_Ted_MTN": 2,
        "rang_Ted_MOOV": 1,
        "rang_Tcd_ORANGE": 2,
        "rang_Tcd_MTN": 3,
        "rang_Tcd_MOOV": 1,
        "rang_Tddd_ORANGE": 1,
        "rang_Tddd_MTN": 1,
        "rang_Tddd_MOOV": 3,
        "rang_Tddu_ORANGE": 1,
        "rang_Tddu_MTN": 1,
        "rang_Tddu_MOOV": 1,
        "rang_Dmd_ORANGE": 3,
        "rang_Dmd_MTN": 2,
        "rang_Dmd_MOOV": 1,
        "rang_Dmu_ORANGE": 1,
        "rang_Dmu_MTN": 3,
        "rang_Dmu_MOOV": 2
      },
      "id": 38
    },
    {
      "type": "Feature",
      "geometry": {
        "coordinates": [
          -6.4386,
          6.878150000000001
        ],
        "type": "Point"
      },
      "properties": {
        "ADM0_FR": "SASSANDRA-MARAHOUE",
        "ADM0_PCODE": "CI10",
        "ADM1_FR": "HAUT-SASSANDRA",
        "ADM1_PCODE": "CI118",
        "ADM2_FR": "DALOA",
        "ADM2_PCODE": "CI1801",
        "ADM3_FR": "DALOA",
        "ADM3_PCODE": "CI180102",
        "ADM4_FR": "DALOA",
        "ADM4_PCODE": "C1779",
        "centerLat": 6.88815,
        "centerLng": -6.4486,
        "pop": 245360,
        "Ted_MOOV": 2.17,
        "Tcd_MOOV": 85.48,
        "Tddu_MOOV": 1.69,
        "Tddd_MOOV": 6.15,
        "Dmd_MOOV": 26966.73,
        "Dmu_MOOV": 18613.04,
        "Ted_MTN": 1.8599999999999999,
        "Tcd_MTN": 100.0,
        "Tddu_MTN": 1.28,
        "Tddd_MTN": 0.0,
        "Dmd_MTN": 29385.33,
        "Dmu_MTN": 18135.8,
        "Ted_ORANGE": 1.9,
        "Tcd_ORANGE": 100.0,
        "Tddu_ORANGE": 0.0,
        "Tddd_ORANGE": 0.0,
        "Dmd_ORANGE": 30445.34,
        "Dmu_ORANGE": 15105.68,
        "rang_Ted_ORANGE": 2,
        "rang_Ted_MTN": 1,
        "rang_Ted_MOOV": 3,
        "rang_Tcd_ORANGE": 1,
        "rang_Tcd_MTN": 1,
        "rang_Tcd_MOOV": 3,
        "rang_Tddd_ORANGE": 1,
        "rang_Tddd_MTN": 1,
        "rang_Tddd_MOOV": 3,
        "rang_Tddu_ORANGE": 1,
        "rang_Tddu_MTN": 2,
        "rang_Tddu_MOOV": 3,
        "rang_Dmd_ORANGE": 3,
        "rang_Dmd_MTN": 2,
        "rang_Dmd_MOOV": 1,
        "rang_Dmu_ORANGE": 1,
        "rang_Dmu_MTN": 2,
        "rang_Dmu_MOOV": 3
      },
      "id": 39
    },
    {
      "type": "Feature",
      "geometry": {
        "coordinates": [
          -5.82692,
          5.10275
        ],
        "type": "Point"
      },
      "properties": {
        "ADM0_FR": "BAS-SASSANDRA",
        "ADM0_PCODE": "CI01",
        "ADM1_FR": "GBOKLE",
        "ADM1_PCODE": "CI112",
        "ADM2_FR": "FRESCO",
        "ADM2_PCODE": "CI1201",
        "ADM3_FR": "FRESCO",
        "ADM3_PCODE": "CI120102",
        "ADM4_FR": "DASSIOKO",
        "ADM4_PCODE": "C1838",
        "centerLat": 5.11275,
        "centerLng": -5.83692,
        "pop": 4653,
        "Ted_MOOV": 6.25,
        "Tcd_MOOV": 100.0,
        "Tddu_MOOV": 0.0,
        "Tddd_MOOV": 0.0,
        "Dmd_MOOV": 23385.32,
        "Dmu_MOOV": 22472.45,
        "Ted_MTN": 6.52,
        "Tcd_MTN": 80.43,
        "Tddu_MTN": 0.0,
        "Tddd_MTN": 0.0,
        "Dmd_MTN": 37839.67,
        "Dmu_MTN": 10379.16,
        "Ted_ORANGE": 6.25,
        "Tcd_ORANGE": 100.0,
        "Tddu_ORANGE": 0.0,
        "Tddd_ORANGE": 0.0,
        "Dmd_ORANGE": 51143.83,
        "Dmu_ORANGE": 21696.7,
        "rang_Ted_ORANGE": 1,
        "rang_Ted_MTN": 3,
        "rang_Ted_MOOV": 1,
        "rang_Tcd_ORANGE": 1,
        "rang_Tcd_MTN": 3,
        "rang_Tcd_MOOV": 1,
        "rang_Tddd_ORANGE": 1,
        "rang_Tddd_MTN": 1,
        "rang_Tddd_MOOV": 1,
        "rang_Tddu_ORANGE": 1,
        "rang_Tddu_MTN": 1,
        "rang_Tddu_MOOV": 1,
        "rang_Dmd_ORANGE": 3,
        "rang_Dmd_MTN": 2,
        "rang_Dmd_MOOV": 1,
        "rang_Dmu_ORANGE": 2,
        "rang_Dmu_MTN": 1,
        "rang_Dmu_MOOV": 3
      },
      "id": 40
    },
    {
      "type": "Feature",
      "geometry": {
        "coordinates": [
          -6.2443,
          8.93791
        ],
        "type": "Point"
      },
      "properties": {
        "ADM0_FR": "WOROBA",
        "ADM0_PCODE": "CI13",
        "ADM1_FR": "BERE",
        "ADM1_PCODE": "CI107",
        "ADM2_FR": "DIANRA",
        "ADM2_PCODE": "CI0701",
        "ADM3_FR": "DIANRA",
        "ADM3_PCODE": "CI070101",
        "ADM4_FR": "DIANRA",
        "ADM4_PCODE": "C1947",
        "centerLat": 8.94791,
        "centerLng": -6.2543,
        "pop": 25880,
        "Ted_MOOV": 7.6899999999999995,
        "Tcd_MOOV": 83.33,
        "Tddu_MOOV": 0.0,
        "Tddd_MOOV": 20.0,
        "Dmd_MOOV": 12901.7,
        "Dmu_MOOV": 5352.94,
        "Ted_MTN": 6.25,
        "Tcd_MTN": 95.83,
        "Tddu_MTN": 0.0,
        "Tddd_MTN": 0.0,
        "Dmd_MTN": 53609.09,
        "Dmu_MTN": 21556.48,
        "Ted_ORANGE": 6.819999999999999,
        "Tcd_ORANGE": 88.64,
        "Tddu_ORANGE": 0.0,
        "Tddd_ORANGE": 0.0,
        "Dmd_ORANGE": 35078.21,
        "Dmu_ORANGE": 4661.12,
        "rang_Ted_ORANGE": 2,
        "rang_Ted_MTN": 1,
        "rang_Ted_MOOV": 3,
        "rang_Tcd_ORANGE": 2,
        "rang_Tcd_MTN": 1,
        "rang_Tcd_MOOV": 3,
        "rang_Tddd_ORANGE": 1,
        "rang_Tddd_MTN": 1,
        "rang_Tddd_MOOV": 3,
        "rang_Tddu_ORANGE": 1,
        "rang_Tddu_MTN": 1,
        "rang_Tddu_MOOV": 1,
        "rang_Dmd_ORANGE": 2,
        "rang_Dmd_MTN": 3,
        "rang_Dmd_MOOV": 1,
        "rang_Dmu_ORANGE": 1,
        "rang_Dmu_MTN": 3,
        "rang_Dmu_MOOV": 2
      },
      "id": 41
    },
    {
      "type": "Feature",
      "geometry": {
        "coordinates": [
          -6.59905,
          8.17622
        ],
        "type": "Point"
      },
      "properties": {
        "ADM0_FR": "WOROBA",
        "ADM0_PCODE": "CI13",
        "ADM1_FR": "WORODOUGOU",
        "ADM1_PCODE": "CI133",
        "ADM2_FR": "SEGUELA",
        "ADM2_PCODE": "CI3302",
        "ADM3_FR": "BOBI",
        "ADM3_PCODE": "CI330202",
        "ADM4_FR": "DIARABANA",
        "ADM4_PCODE": "C1954",
        "centerLat": 8.18622,
        "centerLng": -6.60905,
        "pop": 8343,
        "Ted_MOOV": 8.82,
        "Tcd_MOOV": 82.35,
        "Tddu_MOOV": 5.88,
        "Tddd_MOOV": 0.0,
        "Dmd_MOOV": 24141.86,
        "Dmu_MOOV": 12615.21,
        "Ted_MTN": 8.57,
        "Tcd_MTN": 65.71000000000001,
        "Tddu_MTN": 11.76,
        "Tddd_MTN": 0.0,
        "Dmd_MTN": 20432.42,
        "Dmu_MTN": 11287.81,
        "Ted_ORANGE": 8.82,
        "Tcd_ORANGE": 100.0,
        "Tddu_ORANGE": 0.0,
        "Tddd_ORANGE": 0.0,
        "Dmd_ORANGE": 31089.5,
        "Dmu_ORANGE": 18042.89,
        "rang_Ted_ORANGE": 2,
        "rang_Ted_MTN": 1,
        "rang_Ted_MOOV": 2,
        "rang_Tcd_ORANGE": 1,
        "rang_Tcd_MTN": 3,
        "rang_Tcd_MOOV": 2,
        "rang_Tddd_ORANGE": 1,
        "rang_Tddd_MTN": 1,
        "rang_Tddd_MOOV": 1,
        "rang_Tddu_ORANGE": 1,
        "rang_Tddu_MTN": 3,
        "rang_Tddu_MOOV": 2,
        "rang_Dmd_ORANGE": 3,
        "rang_Dmd_MTN": 1,
        "rang_Dmd_MOOV": 2,
        "rang_Dmu_ORANGE": 3,
        "rang_Dmu_MTN": 1,
        "rang_Dmu_MOOV": 2
      },
      "id": 42
    },
    {
      "type": "Feature",
      "geometry": {
        "coordinates": [
          -5.30173,
          6.01042
        ],
        "type": "Point"
      },
      "properties": {
        "ADM0_FR": "GOH-DJIBOUA",
        "ADM0_PCODE": "CI06",
        "ADM1_FR": "LOH-DJIBOUA",
        "ADM1_PCODE": "CI122",
        "ADM2_FR": "DIVO",
        "ADM2_PCODE": "CI2201",
        "ADM3_FR": "DIDOKO",
        "ADM3_PCODE": "CI220102",
        "ADM4_FR": "DIDOKO",
        "ADM4_PCODE": "C1988",
        "centerLat": 6.02042,
        "centerLng": -5.31173,
        "pop": 7071,
        "Ted_MOOV": 6.0,
        "Tcd_MOOV": 100.0,
        "Tddu_MOOV": 0.0,
        "Tddd_MOOV": 15.379999999999999,
        "Dmd_MOOV": 3258.51,
        "Dmu_MOOV": 9227.97,
        "Ted_MTN": 6.25,
        "Tcd_MTN": 100.0,
        "Tddu_MTN": 0.0,
        "Tddd_MTN": 0.0,
        "Dmd_MTN": 20228.04,
        "Dmu_MTN": 10290.69,
        "Ted_ORANGE": 6.0,
        "Tcd_ORANGE": 98.0,
        "Tddu_ORANGE": 0.0,
        "Tddd_ORANGE": 0.0,
        "Dmd_ORANGE": 22760.51,
        "Dmu_ORANGE": 10777.98,
        "rang_Ted_ORANGE": 1,
        "rang_Ted_MTN": 3,
        "rang_Ted_MOOV": 1,
        "rang_Tcd_ORANGE": 3,
        "rang_Tcd_MTN": 1,
        "rang_Tcd_MOOV": 1,
        "rang_Tddd_ORANGE": 1,
        "rang_Tddd_MTN": 1,
        "rang_Tddd_MOOV": 3,
        "rang_Tddu_ORANGE": 1,
        "rang_Tddu_MTN": 1,
        "rang_Tddu_MOOV": 1,
        "rang_Dmd_ORANGE": 3,
        "rang_Dmd_MTN": 2,
        "rang_Dmd_MOOV": 1,
        "rang_Dmu_ORANGE": 3,
        "rang_Dmu_MTN": 2,
        "rang_Dmu_MOOV": 1
      },
      "id": 43
    },
    {
      "type": "Feature",
      "geometry": {
        "coordinates": [
          -4.69461,
          6.635400000000001
        ],
        "type": "Point"
      },
      "properties": {
        "ADM0_FR": "LACS",
        "ADM0_PCODE": "CI07",
        "ADM1_FR": "N'ZI",
        "ADM1_PCODE": "CI127",
        "ADM2_FR": "DIMBOKRO",
        "ADM2_PCODE": "CI2702",
        "ADM3_FR": "DIMBOKRO",
        "ADM3_PCODE": "CI270203",
        "ADM4_FR": "DIMBOKRO",
        "ADM4_PCODE": "C2073",
        "centerLat": 6.6454,
        "centerLng": -4.70461,
        "pop": 48860,
        "Ted_MOOV": 2.86,
        "Tcd_MOOV": 72.11999999999999,
        "Tddu_MOOV": 13.459999999999999,
        "Tddd_MOOV": 1.92,
        "Dmd_MOOV": 31153.42,
        "Dmu_MOOV": 16236.17,
        "Ted_MTN": 2.68,
        "Tcd_MTN": 99.11,
        "Tddu_MTN": 0.0,
        "Tddd_MTN": 0.0,
        "Dmd_MTN": 61546.67,
        "Dmu_MTN": 24153.3,
        "Ted_ORANGE": 2.68,
        "Tcd_ORANGE": 84.82,
        "Tddu_ORANGE": 0.0,
        "Tddd_ORANGE": 1.79,
        "Dmd_ORANGE": 41528.95,
        "Dmu_ORANGE": 11708.31,
        "rang_Ted_ORANGE": 1,
        "rang_Ted_MTN": 1,
        "rang_Ted_MOOV": 3,
        "rang_Tcd_ORANGE": 2,
        "rang_Tcd_MTN": 1,
        "rang_Tcd_MOOV": 3,
        "rang_Tddd_ORANGE": 2,
        "rang_Tddd_MTN": 1,
        "rang_Tddd_MOOV": 3,
        "rang_Tddu_ORANGE": 1,
        "rang_Tddu_MTN": 1,
        "rang_Tddu_MOOV": 3,
        "rang_Dmd_ORANGE": 2,
        "rang_Dmd_MTN": 3,
        "rang_Dmd_MOOV": 1,
        "rang_Dmu_ORANGE": 1,
        "rang_Dmu_MTN": 3,
        "rang_Dmu_MOOV": 2
      },
      "id": 44
    },
    {
      "type": "Feature",
      "geometry": {
        "coordinates": [
          -7.33262,
          6.73496
        ],
        "type": "Point"
      },
      "properties": {
        "ADM0_FR": "MONTAGNES",
        "ADM0_PCODE": "CI09",
        "ADM1_FR": "GUEMON",
        "ADM1_PCODE": "CI116",
        "ADM2_FR": "DUEKOUE",
        "ADM2_PCODE": "CI1602",
        "ADM3_FR": "DUEKOUE",
        "ADM3_PCODE": "CI160202",
        "ADM4_FR": "DUEKOUE",
        "ADM4_PCODE": "C2425",
        "centerLat": 6.74496,
        "centerLng": -7.34262,
        "pop": 90274,
        "Ted_MOOV": 4.4799999999999995,
        "Tcd_MOOV": 60.660000000000004,
        "Tddu_MOOV": 3.2300000000000004,
        "Tddd_MOOV": 0.0,
        "Dmd_MOOV": 7906.31,
        "Dmu_MOOV": 6852.59,
        "Ted_MTN": 3.75,
        "Tcd_MTN": 100.0,
        "Tddu_MTN": 0.0,
        "Tddd_MTN": 0.0,
        "Dmd_MTN": 30001.97,
        "Dmu_MTN": 16112.66,
        "Ted_ORANGE": 4.35,
        "Tcd_ORANGE": 92.75,
        "Tddu_ORANGE": 0.0,
        "Tddd_ORANGE": 0.0,
        "Dmd_ORANGE": 27529.73,
        "Dmu_ORANGE": 13552.22,
        "rang_Ted_ORANGE": 2,
        "rang_Ted_MTN": 1,
        "rang_Ted_MOOV": 3,
        "rang_Tcd_ORANGE": 2,
        "rang_Tcd_MTN": 1,
        "rang_Tcd_MOOV": 3,
        "rang_Tddd_ORANGE": 1,
        "rang_Tddd_MTN": 1,
        "rang_Tddd_MOOV": 1,
        "rang_Tddu_ORANGE": 1,
        "rang_Tddu_MTN": 1,
        "rang_Tddu_MOOV": 3,
        "rang_Dmd_ORANGE": 2,
        "rang_Dmd_MTN": 3,
        "rang_Dmd_MOOV": 1,
        "rang_Dmu_ORANGE": 2,
        "rang_Dmu_MTN": 3,
        "rang_Dmu_MOOV": 1
      },
      "id": 45
    },
    {
      "type": "Feature",
      "geometry": {
        "coordinates": [
          -5.18762,
          9.58226
        ],
        "type": "Point"
      },
      "properties": {
        "ADM0_FR": "SAVANES",
        "ADM0_PCODE": "CI11",
        "ADM1_FR": "TCHOLOGO",
        "ADM1_PCODE": "CI131",
        "ADM2_FR": "FERKESSEDOUGOU",
        "ADM2_PCODE": "CI3101",
        "ADM3_FR": "FERKESSEDOUGOU",
        "ADM3_PCODE": "CI310101",
        "ADM4_FR": "FERKESSÉDOUGOU",
        "ADM4_PCODE": "C2603",
        "centerLat": 9.59226,
        "centerLng": -5.19762,
        "pop": 55910,
        "Ted_MOOV": 2.17,
        "Tcd_MOOV": 97.7,
        "Tddu_MOOV": 0.0,
        "Tddd_MOOV": 4.55,
        "Dmd_MOOV": 54283.14,
        "Dmu_MOOV": 25809.79,
        "Ted_MTN": 3.3000000000000003,
        "Tcd_MTN": 98.9,
        "Tddu_MTN": 0.0,
        "Tddd_MTN": 2.17,
        "Dmd_MTN": 62241.83,
        "Dmu_MTN": 40835.27,
        "Ted_ORANGE": 3.26,
        "Tcd_ORANGE": 100.0,
        "Tddu_ORANGE": 0.0,
        "Tddd_ORANGE": 0.0,
        "Dmd_ORANGE": 22838.53,
        "Dmu_ORANGE": 9227.57,
        "rang_Ted_ORANGE": 2,
        "rang_Ted_MTN": 3,
        "rang_Ted_MOOV": 1,
        "rang_Tcd_ORANGE": 1,
        "rang_Tcd_MTN": 2,
        "rang_Tcd_MOOV": 3,
        "rang_Tddd_ORANGE": 1,
        "rang_Tddd_MTN": 2,
        "rang_Tddd_MOOV": 3,
        "rang_Tddu_ORANGE": 1,
        "rang_Tddu_MTN": 1,
        "rang_Tddu_MOOV": 1,
        "rang_Dmd_ORANGE": 1,
        "rang_Dmd_MTN": 3,
        "rang_Dmd_MOOV": 2,
        "rang_Dmu_ORANGE": 1,
        "rang_Dmu_MTN": 3,
        "rang_Dmu_MOOV": 2
      },
      "id": 46
    },
    {
      "type": "Feature",
      "geometry": {
        "coordinates": [
          -5.57651,
          5.0955900000000005
        ],
        "type": "Point"
      },
      "properties": {
        "ADM0_FR": "BAS-SASSANDRA",
        "ADM0_PCODE": "CI01",
        "ADM1_FR": "GBOKLE",
        "ADM1_PCODE": "CI112",
        "ADM2_FR": "FRESCO",
        "ADM2_PCODE": "CI1201",
        "ADM3_FR": "FRESCO",
        "ADM3_PCODE": "CI120102",
        "ADM4_FR": "FRESCO",
        "ADM4_PCODE": "C2691",
        "centerLat": 5.10559,
        "centerLng": -5.58651,
        "pop": 8533,
        "Ted_MOOV": 3.26,
        "Tcd_MOOV": 100.0,
        "Tddu_MOOV": 0.0,
        "Tddd_MOOV": 0.0,
        "Dmd_MOOV": 44194.6,
        "Dmu_MOOV": 11166.83,
        "Ted_MTN": 3.4099999999999997,
        "Tcd_MTN": 100.0,
        "Tddu_MTN": 0.0,
        "Tddd_MTN": 0.0,
        "Dmd_MTN": 47291.68,
        "Dmu_MTN": 32163.1,
        "Ted_ORANGE": 2.48,
        "Tcd_ORANGE": 88.42999999999999,
        "Tddu_ORANGE": 0.0,
        "Tddd_ORANGE": 0.0,
        "Dmd_ORANGE": 93186.24,
        "Dmu_ORANGE": 23385.92,
        "rang_Ted_ORANGE": 1,
        "rang_Ted_MTN": 3,
        "rang_Ted_MOOV": 2,
        "rang_Tcd_ORANGE": 3,
        "rang_Tcd_MTN": 1,
        "rang_Tcd_MOOV": 1,
        "rang_Tddd_ORANGE": 1,
        "rang_Tddd_MTN": 1,
        "rang_Tddd_MOOV": 1,
        "rang_Tddu_ORANGE": 1,
        "rang_Tddu_MTN": 1,
        "rang_Tddu_MOOV": 1,
        "rang_Dmd_ORANGE": 3,
        "rang_Dmd_MTN": 2,
        "rang_Dmd_MOOV": 1,
        "rang_Dmu_ORANGE": 2,
        "rang_Dmu_MTN": 3,
        "rang_Dmu_MOOV": 1
      },
      "id": 47
    },
    {
      "type": "Feature",
      "geometry": {
        "coordinates": [
          -5.93436,
          6.11836
        ],
        "type": "Point"
      },
      "properties": {
        "ADM0_FR": "GOH-DJIBOUA",
        "ADM0_PCODE": "CI06",
        "ADM1_FR": "GOH",
        "ADM1_PCODE": "CI113",
        "ADM2_FR": "GAGNOA",
        "ADM2_PCODE": "CI1301",
        "ADM3_FR": "GAGNOA",
        "ADM3_PCODE": "CI130106",
        "ADM4_FR": "GAGNOA",
        "ADM4_PCODE": "C2707",
        "centerLat": 6.12836,
        "centerLng": -5.94436,
        "pop": 160465,
        "Ted_MOOV": 6.41,
        "Tcd_MOOV": 79.17,
        "Tddu_MOOV": 5.88,
        "Tddd_MOOV": 2.63,
        "Dmd_MOOV": 14933.19,
        "Dmu_MOOV": 16018.06,
        "Ted_MTN": 3.4099999999999997,
        "Tcd_MTN": 98.8,
        "Tddu_MTN": 0.0,
        "Tddd_MTN": 2.3800000000000003,
        "Dmd_MTN": 18051.32,
        "Dmu_MTN": 13166.4,
        "Ted_ORANGE": 3.3300000000000005,
        "Tcd_ORANGE": 86.67,
        "Tddu_ORANGE": 0.0,
        "Tddd_ORANGE": 17.78,
        "Dmd_ORANGE": 12636.58,
        "Dmu_ORANGE": 6014.51,
        "rang_Ted_ORANGE": 1,
        "rang_Ted_MTN": 2,
        "rang_Ted_MOOV": 3,
        "rang_Tcd_ORANGE": 2,
        "rang_Tcd_MTN": 1,
        "rang_Tcd_MOOV": 3,
        "rang_Tddd_ORANGE": 3,
        "rang_Tddd_MTN": 1,
        "rang_Tddd_MOOV": 2,
        "rang_Tddu_ORANGE": 1,
        "rang_Tddu_MTN": 1,
        "rang_Tddu_MOOV": 3,
        "rang_Dmd_ORANGE": 1,
        "rang_Dmd_MTN": 3,
        "rang_Dmd_MOOV": 2,
        "rang_Dmu_ORANGE": 1,
        "rang_Dmu_MTN": 2,
        "rang_Dmu_MOOV": 3
      },
      "id": 48
    },
    {
      "type": "Feature",
      "geometry": {
        "coordinates": [
          -8.32,
          7.5600000000000005
        ],
        "type": "Point"
      },
      "properties": {
        "ADM0_FR": "MONTAGNES",
        "ADM0_PCODE": "CI09",
        "ADM1_FR": "TONKPI",
        "ADM1_PCODE": "CI132",
        "ADM2_FR": "DANANE",
        "ADM2_PCODE": "CI3202",
        "ADM3_FR": "KOUAN-HOULE",
        "ADM3_PCODE": "CI320204",
        "ADM4_FR": "GBAPLEU",
        "ADM4_PCODE": "C2878",
        "centerLat": 7.57,
        "centerLng": -8.33,
        "pop": 2358,
        "Ted_MOOV": 4.4799999999999995,
        "Tcd_MOOV": 88.06,
        "Tddu_MOOV": 6.0600000000000005,
        "Tddd_MOOV": 0.0,
        "Dmd_MOOV": 25902.29,
        "Dmu_MOOV": 7314.9,
        "Ted_MTN": 4.2299999999999995,
        "Tcd_MTN": 97.18,
        "Tddu_MTN": 0.0,
        "Tddd_MTN": 2.78,
        "Dmd_MTN": 5966.96,
        "Dmu_MTN": 5033.09,
        "Ted_ORANGE": 4.35,
        "Tcd_ORANGE": 53.620000000000005,
        "Tddu_ORANGE": 0.0,
        "Tddd_ORANGE": 37.14,
        "Dmd_ORANGE": 3337.05,
        "Dmu_ORANGE": 5138.83,
        "rang_Ted_ORANGE": 2,
        "rang_Ted_MTN": 1,
        "rang_Ted_MOOV": 3,
        "rang_Tcd_ORANGE": 3,
        "rang_Tcd_MTN": 1,
        "rang_Tcd_MOOV": 2,
        "rang_Tddd_ORANGE": 3,
        "rang_Tddd_MTN": 2,
        "rang_Tddd_MOOV": 1,
        "rang_Tddu_ORANGE": 1,
        "rang_Tddu_MTN": 1,
        "rang_Tddu_MOOV": 3,
        "rang_Dmd_ORANGE": 1,
        "rang_Dmd_MTN": 2,
        "rang_Dmd_MOOV": 3,
        "rang_Dmu_ORANGE": 2,
        "rang_Dmu_MTN": 1,
        "rang_Dmu_MOOV": 3
      },
      "id": 49
    },
    {
      "type": "Feature",
      "geometry": {
        "coordinates": [
          -5.69737,
          6.46414
        ],
        "type": "Point"
      },
      "properties": {
        "ADM0_FR": "GOH-DJIBOUA",
        "ADM0_PCODE": "CI06",
        "ADM1_FR": "GOH",
        "ADM1_PCODE": "CI113",
        "ADM2_FR": "OUME",
        "ADM2_PCODE": "CI1302",
        "ADM3_FR": "GUEPAHOUO",
        "ADM3_PCODE": "CI130203",
        "ADM4_FR": "GUÉPAHOUO",
        "ADM4_PCODE": "C3445",
        "centerLat": 6.47414,
        "centerLng": -5.70737,
        "pop": 20143,
        "Ted_MOOV": 5.17,
        "Tcd_MOOV": 41.38,
        "Tddu_MOOV": 10.71,
        "Tddd_MOOV": 10.0,
        "Dmd_MOOV": 4080.2,
        "Dmu_MOOV": 7189.49,
        "Ted_MTN": 4.17,
        "Tcd_MTN": 96.92,
        "Tddu_MTN": 0.0,
        "Tddd_MTN": 6.0600000000000005,
        "Dmd_MTN": 34668.0,
        "Dmu_MTN": 7905.34,
        "Ted_ORANGE": 4.05,
        "Tcd_ORANGE": 95.95,
        "Tddu_ORANGE": 0.0,
        "Tddd_ORANGE": 0.0,
        "Dmd_ORANGE": 16512.75,
        "Dmu_ORANGE": 8234.87,
        "rang_Ted_ORANGE": 1,
        "rang_Ted_MTN": 2,
        "rang_Ted_MOOV": 3,
        "rang_Tcd_ORANGE": 2,
        "rang_Tcd_MTN": 1,
        "rang_Tcd_MOOV": 3,
        "rang_Tddd_ORANGE": 1,
        "rang_Tddd_MTN": 2,
        "rang_Tddd_MOOV": 3,
        "rang_Tddu_ORANGE": 1,
        "rang_Tddu_MTN": 1,
        "rang_Tddu_MOOV": 3,
        "rang_Dmd_ORANGE": 2,
        "rang_Dmd_MTN": 3,
        "rang_Dmd_MOOV": 1,
        "rang_Dmu_ORANGE": 3,
        "rang_Dmu_MTN": 2,
        "rang_Dmu_MOOV": 1
      },
      "id": 50
    },
    {
      "type": "Feature",
      "geometry": {
        "coordinates": [
          -7.47625,
          6.53472
        ],
        "type": "Point"
      },
      "properties": {
        "ADM0_FR": "MONTAGNES",
        "ADM0_PCODE": "CI09",
        "ADM1_FR": "CAVALLY",
        "ADM1_PCODE": "CI109",
        "ADM2_FR": "GUIGLO",
        "ADM2_PCODE": "CI0902",
        "ADM3_FR": "GUIGLO",
        "ADM3_PCODE": "CI090201",
        "ADM4_FR": "GUIGLO",
        "ADM4_PCODE": "C3495",
        "centerLat": 6.54472,
        "centerLng": -7.48625,
        "pop": 52544,
        "Ted_MOOV": 3.6999999999999997,
        "Tcd_MOOV": 52.559999999999995,
        "Tddu_MOOV": 12.5,
        "Tddd_MOOV": 5.26,
        "Dmd_MOOV": 10365.55,
        "Dmu_MOOV": 6500.64,
        "Ted_MTN": 3.19,
        "Tcd_MTN": 96.77,
        "Tddu_MTN": 0.0,
        "Tddd_MTN": 0.0,
        "Dmd_MTN": 47447.65,
        "Dmu_MTN": 21800.24,
        "Ted_ORANGE": 3.1300000000000003,
        "Tcd_ORANGE": 98.96000000000001,
        "Tddu_ORANGE": 0.0,
        "Tddd_ORANGE": 0.0,
        "Dmd_ORANGE": 22942.32,
        "Dmu_ORANGE": 16329.62,
        "rang_Ted_ORANGE": 1,
        "rang_Ted_MTN": 2,
        "rang_Ted_MOOV": 3,
        "rang_Tcd_ORANGE": 1,
        "rang_Tcd_MTN": 2,
        "rang_Tcd_MOOV": 3,
        "rang_Tddd_ORANGE": 1,
        "rang_Tddd_MTN": 1,
        "rang_Tddd_MOOV": 3,
        "rang_Tddu_ORANGE": 1,
        "rang_Tddu_MTN": 1,
        "rang_Tddu_MOOV": 3,
        "rang_Dmd_ORANGE": 2,
        "rang_Dmd_MTN": 3,
        "rang_Dmd_MOOV": 1,
        "rang_Dmu_ORANGE": 2,
        "rang_Dmu_MTN": 3,
        "rang_Dmu_MOOV": 1
      },
      "id": 51
    },
    {
      "type": "Feature",
      "geometry": {
        "coordinates": [
          -4.40967,
          5.19547
        ],
        "type": "Point"
      },
      "properties": {
        "ADM0_FR": "LAGUNES",
        "ADM0_PCODE": "CI08",
        "ADM1_FR": "GRANDS-PONTS",
        "ADM1_PCODE": "CI115",
        "ADM2_FR": "JACQUEVILLE",
        "ADM2_PCODE": "CI1503",
        "ADM3_FR": "JACQUEVILLE",
        "ADM3_PCODE": "CI150301",
        "ADM4_FR": "JACQUEVILLE",
        "ADM4_PCODE": "C3604",
        "centerLat": 5.20547,
        "centerLng": -4.41967,
        "pop": 11096,
        "Ted_MOOV": 4.35,
        "Tcd_MOOV": 100.0,
        "Tddu_MOOV": 0.0,
        "Tddd_MOOV": 0.0,
        "Dmd_MOOV": 18589.85,
        "Dmu_MOOV": 8271.42,
        "Ted_MTN": 4.2299999999999995,
        "Tcd_MTN": 91.55,
        "Tddu_MTN": 0.0,
        "Tddd_MTN": 0.0,
        "Dmd_MTN": 33326.37,
        "Dmu_MTN": 12491.55,
        "Ted_ORANGE": 2.63,
        "Tcd_ORANGE": 98.50999999999999,
        "Tddu_ORANGE": 0.0,
        "Tddd_ORANGE": 0.0,
        "Dmd_ORANGE": 30685.48,
        "Dmu_ORANGE": 8506.22,
        "rang_Ted_ORANGE": 1,
        "rang_Ted_MTN": 2,
        "rang_Ted_MOOV": 3,
        "rang_Tcd_ORANGE": 2,
        "rang_Tcd_MTN": 3,
        "rang_Tcd_MOOV": 1,
        "rang_Tddd_ORANGE": 1,
        "rang_Tddd_MTN": 1,
        "rang_Tddd_MOOV": 1,
        "rang_Tddu_ORANGE": 1,
        "rang_Tddu_MTN": 1,
        "rang_Tddu_MOOV": 1,
        "rang_Dmd_ORANGE": 2,
        "rang_Dmd_MTN": 3,
        "rang_Dmd_MOOV": 1,
        "rang_Dmu_ORANGE": 2,
        "rang_Dmu_MTN": 3,
        "rang_Dmu_MOOV": 1
      },
      "id": 52
    },
    {
      "type": "Feature",
      "geometry": {
        "coordinates": [
          -7.70485,
          6.559270000000001
        ],
        "type": "Point"
      },
      "properties": {
        "ADM0_FR": "MONTAGNES",
        "ADM0_PCODE": "CI09",
        "ADM1_FR": "CAVALLY",
        "ADM1_PCODE": "CI109",
        "ADM2_FR": "GUIGLO",
        "ADM2_PCODE": "CI0902",
        "ADM3_FR": "KAADE",
        "ADM3_PCODE": "CI090203",
        "ADM4_FR": "KAADE",
        "ADM4_PCODE": "C3609",
        "centerLat": 6.56927,
        "centerLng": -7.71485,
        "pop": 6853,
        "Ted_MOOV": 4.760000000000001,
        "Tcd_MOOV": 54.05,
        "Tddu_MOOV": 0.0,
        "Tddd_MOOV": 5.26,
        "Dmd_MOOV": 16066.76,
        "Dmu_MOOV": 11037.6,
        "Ted_MTN": 6.25,
        "Tcd_MTN": 87.5,
        "Tddu_MTN": 0.0,
        "Tddd_MTN": 0.0,
        "Dmd_MTN": 13269.96,
        "Dmu_MTN": 2348.62,
        "Ted_ORANGE": 6.25,
        "Tcd_ORANGE": 83.33,
        "Tddu_ORANGE": 0.0,
        "Tddd_ORANGE": 25.0,
        "Dmd_ORANGE": 1374.32,
        "Dmu_ORANGE": 7056.71,
        "rang_Ted_ORANGE": 2,
        "rang_Ted_MTN": 2,
        "rang_Ted_MOOV": 1,
        "rang_Tcd_ORANGE": 2,
        "rang_Tcd_MTN": 1,
        "rang_Tcd_MOOV": 3,
        "rang_Tddd_ORANGE": 3,
        "rang_Tddd_MTN": 1,
        "rang_Tddd_MOOV": 2,
        "rang_Tddu_ORANGE": 1,
        "rang_Tddu_MTN": 1,
        "rang_Tddu_MOOV": 1,
        "rang_Dmd_ORANGE": 1,
        "rang_Dmd_MTN": 2,
        "rang_Dmd_MOOV": 3,
        "rang_Dmu_ORANGE": 2,
        "rang_Dmu_MTN": 1,
        "rang_Dmu_MOOV": 3
      },
      "id": 53
    },
    {
      "type": "Feature",
      "geometry": {
        "coordinates": [
          -6.59449,
          8.469520000000001
        ],
        "type": "Point"
      },
      "properties": {
        "ADM0_FR": "WOROBA",
        "ADM0_PCODE": "CI13",
        "ADM1_FR": "WORODOUGOU",
        "ADM1_PCODE": "CI133",
        "ADM2_FR": "KANI",
        "ADM2_PCODE": "CI3301",
        "ADM3_FR": "KANI",
        "ADM3_PCODE": "CI330101",
        "ADM4_FR": "KANI",
        "ADM4_PCODE": "C3786",
        "centerLat": 8.47952,
        "centerLng": -6.60449,
        "pop": 8908,
        "Ted_MOOV": 2.33,
        "Tcd_MOOV": 92.58999999999999,
        "Tddu_MOOV": 0.0,
        "Tddd_MOOV": 0.0,
        "Dmd_MOOV": 10594.97,
        "Dmu_MOOV": 13549.14,
        "Ted_MTN": 3.3300000000000005,
        "Tcd_MTN": 97.78,
        "Tddu_MTN": 0.0,
        "Tddd_MTN": 2.22,
        "Dmd_MTN": 11977.09,
        "Dmu_MTN": 12694.89,
        "Ted_ORANGE": 3.4099999999999997,
        "Tcd_ORANGE": 82.95,
        "Tddu_ORANGE": 0.0,
        "Tddd_ORANGE": 4.55,
        "Dmd_ORANGE": 23515.62,
        "Dmu_ORANGE": 14120.03,
        "rang_Ted_ORANGE": 3,
        "rang_Ted_MTN": 2,
        "rang_Ted_MOOV": 1,
        "rang_Tcd_ORANGE": 3,
        "rang_Tcd_MTN": 1,
        "rang_Tcd_MOOV": 2,
        "rang_Tddd_ORANGE": 3,
        "rang_Tddd_MTN": 2,
        "rang_Tddd_MOOV": 1,
        "rang_Tddu_ORANGE": 1,
        "rang_Tddu_MTN": 1,
        "rang_Tddu_MOOV": 1,
        "rang_Dmd_ORANGE": 3,
        "rang_Dmd_MTN": 2,
        "rang_Dmd_MOOV": 1,
        "rang_Dmu_ORANGE": 3,
        "rang_Dmu_MTN": 1,
        "rang_Dmu_MOOV": 2
      },
      "id": 54
    },
    {
      "type": "Feature",
      "geometry": {
        "coordinates": [
          -7.50257,
          9.80604
        ],
        "type": "Point"
      },
      "properties": {
        "ADM0_FR": "DENGUELE",
        "ADM0_PCODE": "CI03",
        "ADM1_FR": "FOLON",
        "ADM1_PCODE": "CI110",
        "ADM2_FR": "KANIASSO",
        "ADM2_PCODE": "CI1001",
        "ADM3_FR": "KANIASSO",
        "ADM3_PCODE": "CI100102",
        "ADM4_FR": "KANIASSO",
        "ADM4_PCODE": "C3788",
        "centerLat": 9.81604,
        "centerLng": -7.51257,
        "pop": 2545,
        "Ted_MOOV": 7.32,
        "Tcd_MOOV": 21.62,
        "Tddu_MOOV": 75.0,
        "Tddd_MOOV": 29.409999999999997,
        "Dmd_MOOV": 2075.93,
        "Dmu_MOOV": 833.34,
        "Ted_MTN": 6.25,
        "Tcd_MTN": 100.0,
        "Tddu_MTN": 0.0,
        "Tddd_MTN": 0.0,
        "Dmd_MTN": 16035.74,
        "Dmu_MTN": 14297.29,
        "Ted_ORANGE": 6.25,
        "Tcd_ORANGE": 100.0,
        "Tddu_ORANGE": 0.0,
        "Tddd_ORANGE": 0.0,
        "Dmd_ORANGE": 26419.6,
        "Dmu_ORANGE": 18926.21,
        "rang_Ted_ORANGE": 1,
        "rang_Ted_MTN": 1,
        "rang_Ted_MOOV": 3,
        "rang_Tcd_ORANGE": 1,
        "rang_Tcd_MTN": 1,
        "rang_Tcd_MOOV": 3,
        "rang_Tddd_ORANGE": 1,
        "rang_Tddd_MTN": 1,
        "rang_Tddd_MOOV": 3,
        "rang_Tddu_ORANGE": 1,
        "rang_Tddu_MTN": 1,
        "rang_Tddu_MOOV": 3,
        "rang_Dmd_ORANGE": 3,
        "rang_Dmd_MTN": 2,
        "rang_Dmd_MOOV": 1,
        "rang_Dmu_ORANGE": 3,
        "rang_Dmu_MTN": 2,
        "rang_Dmu_MOOV": 1
      },
      "id": 55
    },
    {
      "type": "Feature",
      "geometry": {
        "coordinates": [
          -6.207590000000001,
          9.8183
        ],
        "type": "Point"
      },
      "properties": {
        "ADM0_FR": "SAVANES",
        "ADM0_PCODE": "CI11",
        "ADM1_FR": "BAGOUE",
        "ADM1_PCODE": "CI105",
        "ADM2_FR": "BOUNDIALI",
        "ADM2_PCODE": "CI0501",
        "ADM3_FR": "KASSERE",
        "ADM3_PCODE": "CI050104",
        "ADM4_FR": "KASSERE",
        "ADM4_PCODE": "C3865",
        "centerLat": 9.8283,
        "centerLng": -6.21759,
        "pop": 7911,
        "Ted_MOOV": 6.25,
        "Tcd_MOOV": 91.67,
        "Tddu_MOOV": 0.0,
        "Tddd_MOOV": 0.0,
        "Dmd_MOOV": 7183.7,
        "Dmu_MOOV": 4503.97,
        "Ted_MTN": 6.25,
        "Tcd_MTN": 95.83,
        "Tddu_MTN": 0.0,
        "Tddd_MTN": 0.0,
        "Dmd_MTN": 26826.27,
        "Dmu_MTN": 16735.45,
        "Ted_ORANGE": 6.25,
        "Tcd_ORANGE": 70.21,
        "Tddu_ORANGE": 0.0,
        "Tddd_ORANGE": 34.78,
        "Dmd_ORANGE": 4853.16,
        "Dmu_ORANGE": 6563.48,
        "rang_Ted_ORANGE": 1,
        "rang_Ted_MTN": 1,
        "rang_Ted_MOOV": 1,
        "rang_Tcd_ORANGE": 3,
        "rang_Tcd_MTN": 1,
        "rang_Tcd_MOOV": 2,
        "rang_Tddd_ORANGE": 3,
        "rang_Tddd_MTN": 1,
        "rang_Tddd_MOOV": 1,
        "rang_Tddu_ORANGE": 1,
        "rang_Tddu_MTN": 1,
        "rang_Tddu_MOOV": 1,
        "rang_Dmd_ORANGE": 1,
        "rang_Dmd_MTN": 3,
        "rang_Dmd_MOOV": 2,
        "rang_Dmu_ORANGE": 2,
        "rang_Dmu_MTN": 3,
        "rang_Dmu_MOOV": 1
      },
      "id": 56
    },
    {
      "type": "Feature",
      "geometry": {
        "coordinates": [
          -5.09206,
          8.12861
        ],
        "type": "Point"
      },
      "properties": {
        "ADM0_FR": "VALLEE DU BANDAMA",
        "ADM0_PCODE": "CI12",
        "ADM1_FR": "HAMBOL",
        "ADM1_PCODE": "CI117",
        "ADM2_FR": "KATIOLA",
        "ADM2_PCODE": "CI1702",
        "ADM3_FR": "KATIOLA",
        "ADM3_PCODE": "CI170201",
        "ADM4_FR": "KATIOLA",
        "ADM4_PCODE": "C3915",
        "centerLat": 8.13861,
        "centerLng": -5.10206,
        "pop": 40319,
        "Ted_MOOV": 2.08,
        "Tcd_MOOV": 90.48,
        "Tddu_MOOV": 17.07,
        "Tddd_MOOV": 0.0,
        "Dmd_MOOV": 17514.37,
        "Dmu_MOOV": 1075.64,
        "Ted_MTN": 3.3000000000000003,
        "Tcd_MTN": 100.0,
        "Tddu_MTN": 0.0,
        "Tddd_MTN": 0.0,
        "Dmd_MTN": 57011.45,
        "Dmu_MTN": 22316.34,
        "Ted_ORANGE": 3.19,
        "Tcd_ORANGE": 97.87,
        "Tddu_ORANGE": 0.0,
        "Tddd_ORANGE": 0.0,
        "Dmd_ORANGE": 60841.77,
        "Dmu_ORANGE": 12337.46,
        "rang_Ted_ORANGE": 2,
        "rang_Ted_MTN": 3,
        "rang_Ted_MOOV": 1,
        "rang_Tcd_ORANGE": 2,
        "rang_Tcd_MTN": 1,
        "rang_Tcd_MOOV": 3,
        "rang_Tddd_ORANGE": 1,
        "rang_Tddd_MTN": 1,
        "rang_Tddd_MOOV": 1,
        "rang_Tddu_ORANGE": 1,
        "rang_Tddu_MTN": 1,
        "rang_Tddu_MOOV": 3,
        "rang_Dmd_ORANGE": 3,
        "rang_Dmd_MTN": 2,
        "rang_Dmd_MOOV": 1,
        "rang_Dmu_ORANGE": 2,
        "rang_Dmu_MTN": 3,
        "rang_Dmu_MOOV": 1
      },
      "id": 57
    },
    {
      "type": "Feature",
      "geometry": {
        "coordinates": [
          -4.6025100000000005,
          9.14113
        ],
        "type": "Point"
      },
      "properties": {
        "ADM0_FR": "SAVANES",
        "ADM0_PCODE": "CI11",
        "ADM1_FR": "TCHOLOGO",
        "ADM1_PCODE": "CI131",
        "ADM2_FR": "KONG",
        "ADM2_PCODE": "CI3102",
        "ADM3_FR": "KONG",
        "ADM3_PCODE": "CI310201",
        "ADM4_FR": "KONG",
        "ADM4_PCODE": "C4324",
        "centerLat": 9.15113,
        "centerLng": -4.61251,
        "pop": 11774,
        "Ted_MOOV": 3.1300000000000003,
        "Tcd_MOOV": 91.07,
        "Tddu_MOOV": 0.0,
        "Tddd_MOOV": 8.0,
        "Dmd_MOOV": 13886.88,
        "Dmu_MOOV": 8372.53,
        "Ted_MTN": 4.41,
        "Tcd_MTN": 100.0,
        "Tddu_MTN": 0.0,
        "Tddd_MTN": 0.0,
        "Dmd_MTN": 50118.14,
        "Dmu_MTN": 37907.27,
        "Ted_ORANGE": 4.41,
        "Tcd_ORANGE": 96.88,
        "Tddu_ORANGE": 0.0,
        "Tddd_ORANGE": 0.0,
        "Dmd_ORANGE": 40550.98,
        "Dmu_ORANGE": 13295.87,
        "rang_Ted_ORANGE": 2,
        "rang_Ted_MTN": 2,
        "rang_Ted_MOOV": 1,
        "rang_Tcd_ORANGE": 2,
        "rang_Tcd_MTN": 1,
        "rang_Tcd_MOOV": 3,
        "rang_Tddd_ORANGE": 1,
        "rang_Tddd_MTN": 1,
        "rang_Tddd_MOOV": 3,
        "rang_Tddu_ORANGE": 1,
        "rang_Tddu_MTN": 1,
        "rang_Tddu_MOOV": 1,
        "rang_Dmd_ORANGE": 2,
        "rang_Dmd_MTN": 3,
        "rang_Dmd_MOOV": 1,
        "rang_Dmu_ORANGE": 2,
        "rang_Dmu_MTN": 3,
        "rang_Dmu_MOOV": 1
      },
      "id": 58
    },
    {
      "type": "Feature",
      "geometry": {
        "coordinates": [
          -7.45,
          8.540000000000001
        ],
        "type": "Point"
      },
      "properties": {
        "ADM0_FR": "ZANZAN",
        "ADM0_PCODE": "CI14",
        "ADM1_FR": "BOUNKANI",
        "ADM1_PCODE": "CI108",
        "ADM2_FR": "DOROPO",
        "ADM2_PCODE": "CI0802",
        "ADM3_FR": "NIAMOUE",
        "ADM3_PCODE": "CI080204",
        "ADM4_FR": "KORO",
        "ADM4_PCODE": "C4420",
        "centerLat": 8.55,
        "centerLng": -7.46,
        "pop": 257,
        "Ted_MOOV": 5.7700000000000005,
        "Tcd_MOOV": 98.04,
        "Tddu_MOOV": 0.0,
        "Tddd_MOOV": 0.0,
        "Dmd_MOOV": 15845.15,
        "Dmu_MOOV": 17913.5,
        "Ted_MTN": 6.38,
        "Tcd_MTN": 87.22999999999999,
        "Tddu_MTN": 0.0,
        "Tddd_MTN": 0.0,
        "Dmd_MTN": 32076.75,
        "Dmu_MTN": 10193.18,
        "Ted_ORANGE": 6.25,
        "Tcd_ORANGE": 100.0,
        "Tddu_ORANGE": 0.0,
        "Tddd_ORANGE": 0.0,
        "Dmd_ORANGE": 67347.19,
        "Dmu_ORANGE": 7213.02,
        "rang_Ted_ORANGE": 2,
        "rang_Ted_MTN": 3,
        "rang_Ted_MOOV": 1,
        "rang_Tcd_ORANGE": 1,
        "rang_Tcd_MTN": 3,
        "rang_Tcd_MOOV": 2,
        "rang_Tddd_ORANGE": 1,
        "rang_Tddd_MTN": 1,
        "rang_Tddd_MOOV": 1,
        "rang_Tddu_ORANGE": 1,
        "rang_Tddu_MTN": 1,
        "rang_Tddu_MOOV": 1,
        "rang_Dmd_ORANGE": 3,
        "rang_Dmd_MTN": 2,
        "rang_Dmd_MOOV": 1,
        "rang_Dmu_ORANGE": 1,
        "rang_Dmu_MTN": 2,
        "rang_Dmu_MOOV": 3
      },
      "id": 59
    },
    {
      "type": "Feature",
      "geometry": {
        "coordinates": [
          -3.2431400000000004,
          7.47698
        ],
        "type": "Point"
      },
      "properties": {
        "ADM0_FR": "ZANZAN",
        "ADM0_PCODE": "CI14",
        "ADM1_FR": "GONTOUGO",
        "ADM1_PCODE": "CI114",
        "ADM2_FR": "KOUN-FAO",
        "ADM2_PCODE": "CI1402",
        "ADM3_FR": "KOUN-FAO",
        "ADM3_PCODE": "CI140201",
        "ADM4_FR": "KOUN-FAO",
        "ADM4_PCODE": "C4714",
        "centerLat": 7.48698,
        "centerLng": -3.25314,
        "pop": 5488,
        "Ted_MOOV": 6.25,
        "Tcd_MOOV": 100.0,
        "Tddu_MOOV": 0.0,
        "Tddd_MOOV": 0.0,
        "Dmd_MOOV": 26569.27,
        "Dmu_MOOV": 10380.2,
        "Ted_MTN": 6.67,
        "Tcd_MTN": 86.67,
        "Tddu_MTN": 4.55,
        "Tddd_MTN": 4.35,
        "Dmd_MTN": 17207.11,
        "Dmu_MTN": 8812.28,
        "Ted_ORANGE": 6.52,
        "Tcd_ORANGE": 80.43,
        "Tddu_ORANGE": 0.0,
        "Tddd_ORANGE": 0.0,
        "Dmd_ORANGE": 52153.12,
        "Dmu_ORANGE": 11841.98,
        "rang_Ted_ORANGE": 2,
        "rang_Ted_MTN": 3,
        "rang_Ted_MOOV": 1,
        "rang_Tcd_ORANGE": 3,
        "rang_Tcd_MTN": 2,
        "rang_Tcd_MOOV": 1,
        "rang_Tddd_ORANGE": 1,
        "rang_Tddd_MTN": 3,
        "rang_Tddd_MOOV": 1,
        "rang_Tddu_ORANGE": 1,
        "rang_Tddu_MTN": 3,
        "rang_Tddu_MOOV": 1,
        "rang_Dmd_ORANGE": 3,
        "rang_Dmd_MTN": 1,
        "rang_Dmd_MOOV": 2,
        "rang_Dmu_ORANGE": 3,
        "rang_Dmu_MTN": 1,
        "rang_Dmu_MOOV": 2
      },
      "id": 60
    },
    {
      "type": "Feature",
      "geometry": {
        "coordinates": [
          -6.403160000000001,
          9.88214
        ],
        "type": "Point"
      },
      "properties": {
        "ADM0_FR": "SAVANES",
        "ADM0_PCODE": "CI11",
        "ADM1_FR": "BAGOUE",
        "ADM1_PCODE": "CI105",
        "ADM2_FR": "KOUTO",
        "ADM2_PCODE": "CI0502",
        "ADM3_FR": "KOUTO",
        "ADM3_PCODE": "CI050201",
        "ADM4_FR": "KOUTO",
        "ADM4_PCODE": "C4751",
        "centerLat": 9.89214,
        "centerLng": -6.41316,
        "pop": 10989,
        "Ted_MOOV": 5.26,
        "Tcd_MOOV": 87.72,
        "Tddu_MOOV": 0.0,
        "Tddd_MOOV": 3.45,
        "Dmd_MOOV": 71235.76,
        "Dmu_MOOV": 27115.46,
        "Ted_MTN": 3.3300000000000005,
        "Tcd_MTN": 98.31,
        "Tddu_MTN": 0.0,
        "Tddd_MTN": 0.0,
        "Dmd_MTN": 25401.9,
        "Dmu_MTN": 3524.64,
        "Ted_ORANGE": 5.17,
        "Tcd_ORANGE": 35.19,
        "Tddu_ORANGE": 0.0,
        "Tddd_ORANGE": 48.0,
        "Dmd_ORANGE": 1925.05,
        "Dmu_ORANGE": 2751.06,
        "rang_Ted_ORANGE": 2,
        "rang_Ted_MTN": 1,
        "rang_Ted_MOOV": 3,
        "rang_Tcd_ORANGE": 3,
        "rang_Tcd_MTN": 1,
        "rang_Tcd_MOOV": 2,
        "rang_Tddd_ORANGE": 3,
        "rang_Tddd_MTN": 1,
        "rang_Tddd_MOOV": 2,
        "rang_Tddu_ORANGE": 1,
        "rang_Tddu_MTN": 1,
        "rang_Tddu_MOOV": 1,
        "rang_Dmd_ORANGE": 1,
        "rang_Dmd_MTN": 2,
        "rang_Dmd_MOOV": 3,
        "rang_Dmu_ORANGE": 1,
        "rang_Dmu_MTN": 2,
        "rang_Dmu_MOOV": 3
      },
      "id": 61
    },
    {
      "type": "Feature",
      "geometry": {
        "coordinates": [
          -2.95,
          8.28
        ],
        "type": "Point"
      },
      "properties": {
        "ADM0_FR": "ZANZAN",
        "ADM0_PCODE": "CI14",
        "ADM1_FR": "GONTOUGO",
        "ADM1_PCODE": "CI114",
        "ADM2_FR": "BONDOUKOU",
        "ADM2_PCODE": "CI1401",
        "ADM3_FR": "LAOUDI-BA",
        "ADM3_PCODE": "CI140105",
        "ADM4_FR": "LAOUDI-BA",
        "ADM4_PCODE": "C5014",
        "centerLat": 8.29,
        "centerLng": -2.96,
        "pop": 8625,
        "Ted_MOOV": 7.5,
        "Tcd_MOOV": 100.0,
        "Tddu_MOOV": 0.0,
        "Tddd_MOOV": 0.0,
        "Dmd_MOOV": 41166.0,
        "Dmu_MOOV": 14241.0,
        "Ted_MTN": 6.25,
        "Tcd_MTN": 100.0,
        "Tddu_MTN": 0.0,
        "Tddd_MTN": 0.0,
        "Dmd_MTN": 45610.27,
        "Dmu_MTN": 13012.23,
        "Ted_ORANGE": 6.25,
        "Tcd_ORANGE": 100.0,
        "Tddu_ORANGE": 0.0,
        "Tddd_ORANGE": 0.0,
        "Dmd_ORANGE": 48474.89,
        "Dmu_ORANGE": 16540.34,
        "rang_Ted_ORANGE": 1,
        "rang_Ted_MTN": 1,
        "rang_Ted_MOOV": 3,
        "rang_Tcd_ORANGE": 1,
        "rang_Tcd_MTN": 1,
        "rang_Tcd_MOOV": 1,
        "rang_Tddd_ORANGE": 1,
        "rang_Tddd_MTN": 1,
        "rang_Tddd_MOOV": 1,
        "rang_Tddu_ORANGE": 1,
        "rang_Tddu_MTN": 1,
        "rang_Tddu_MOOV": 1,
        "rang_Dmd_ORANGE": 3,
        "rang_Dmd_MTN": 2,
        "rang_Dmd_MOOV": 1,
        "rang_Dmu_ORANGE": 3,
        "rang_Dmu_MTN": 1,
        "rang_Dmu_MOOV": 2
      },
      "id": 62
    },
    {
      "type": "Feature",
      "geometry": {
        "coordinates": [
          -5.25549,
          6.949050000000001
        ],
        "type": "Point"
      },
      "properties": {
        "ADM0_FR": "DISTRICT AUTONOME DE YAMOUSSOUKRO",
        "ADM0_PCODE": "CI05",
        "ADM1_FR": "DISTRICT AUTONOME DE YAMOUSSOUKRO",
        "ADM1_PCODE": "CI102",
        "ADM2_FR": "ATTIEGOUAKRO",
        "ADM2_PCODE": "CI0201",
        "ADM3_FR": "LOLOBO",
        "ADM3_PCODE": "CI020102",
        "ADM4_FR": "LOLOBO",
        "ADM4_PCODE": "C5168",
        "centerLat": 6.95905,
        "centerLng": -5.26549,
        "pop": 4136,
        "Ted_MOOV": 6.25,
        "Tcd_MOOV": 100.0,
        "Tddu_MOOV": 0.0,
        "Tddd_MOOV": 0.0,
        "Dmd_MOOV": 19202.27,
        "Dmu_MOOV": 20364.54,
        "Ted_MTN": 9.09,
        "Tcd_MTN": 38.71,
        "Tddu_MTN": 0.0,
        "Tddd_MTN": 11.110000000000001,
        "Dmd_MTN": 1863.85,
        "Dmu_MTN": 1241.19,
        "Ted_ORANGE": 6.25,
        "Tcd_ORANGE": 100.0,
        "Tddu_ORANGE": 0.0,
        "Tddd_ORANGE": 0.0,
        "Dmd_ORANGE": 91424.08,
        "Dmu_ORANGE": 26763.22,
        "rang_Ted_ORANGE": 1,
        "rang_Ted_MTN": 3,
        "rang_Ted_MOOV": 1,
        "rang_Tcd_ORANGE": 1,
        "rang_Tcd_MTN": 3,
        "rang_Tcd_MOOV": 1,
        "rang_Tddd_ORANGE": 1,
        "rang_Tddd_MTN": 3,
        "rang_Tddd_MOOV": 1,
        "rang_Tddu_ORANGE": 1,
        "rang_Tddu_MTN": 1,
        "rang_Tddu_MOOV": 1,
        "rang_Dmd_ORANGE": 3,
        "rang_Dmd_MTN": 1,
        "rang_Dmd_MOOV": 2,
        "rang_Dmu_ORANGE": 3,
        "rang_Dmu_MTN": 1,
        "rang_Dmu_MOOV": 2
      },
      "id": 63
    },
    {
      "type": "Feature",
      "geometry": {
        "coordinates": [
          -6.40972,
          5.67286
        ],
        "type": "Point"
      },
      "properties": {
        "ADM0_FR": "BAS-SASSANDRA",
        "ADM0_PCODE": "CI01",
        "ADM1_FR": "NAWA",
        "ADM1_PCODE": "CI126",
        "ADM2_FR": "SOUBRE",
        "ADM2_PCODE": "CI2604",
        "ADM3_FR": "OKROUYO",
        "ADM3_PCODE": "CI260405",
        "ADM4_FR": "MABÉHIRI 1",
        "ADM4_PCODE": "C5236",
        "centerLat": 5.68286,
        "centerLng": -6.41972,
        "pop": 17909,
        "Ted_MOOV": 6.25,
        "Tcd_MOOV": 100.0,
        "Tddu_MOOV": 0.0,
        "Tddd_MOOV": 0.0,
        "Dmd_MOOV": 44578.57,
        "Dmu_MOOV": 18139.21,
        "Ted_MTN": 6.25,
        "Tcd_MTN": 91.67,
        "Tddu_MTN": 12.5,
        "Tddd_MTN": 0.0,
        "Dmd_MTN": 6109.98,
        "Dmu_MTN": 2444.41,
        "Ted_ORANGE": 6.25,
        "Tcd_ORANGE": 100.0,
        "Tddu_ORANGE": 0.0,
        "Tddd_ORANGE": 0.0,
        "Dmd_ORANGE": 32012.52,
        "Dmu_ORANGE": 13591.69,
        "rang_Ted_ORANGE": 1,
        "rang_Ted_MTN": 1,
        "rang_Ted_MOOV": 1,
        "rang_Tcd_ORANGE": 1,
        "rang_Tcd_MTN": 3,
        "rang_Tcd_MOOV": 1,
        "rang_Tddd_ORANGE": 1,
        "rang_Tddd_MTN": 1,
        "rang_Tddd_MOOV": 1,
        "rang_Tddu_ORANGE": 1,
        "rang_Tddu_MTN": 3,
        "rang_Tddu_MOOV": 1,
        "rang_Dmd_ORANGE": 2,
        "rang_Dmd_MTN": 1,
        "rang_Dmd_MOOV": 3,
        "rang_Dmu_ORANGE": 2,
        "rang_Dmu_MTN": 1,
        "rang_Dmu_MOOV": 3
      },
      "id": 64
    },
    {
      "type": "Feature",
      "geometry": {
        "coordinates": [
          -6.93096,
          9.6016
        ],
        "type": "Point"
      },
      "properties": {
        "ADM0_FR": "DENGUELE",
        "ADM0_PCODE": "CI03",
        "ADM1_FR": "KABADOUGOU",
        "ADM1_PCODE": "CI121",
        "ADM2_FR": "MADINANI",
        "ADM2_PCODE": "CI2102",
        "ADM3_FR": "MADINANI",
        "ADM3_PCODE": "CI210201",
        "ADM4_FR": "MADINANI",
        "ADM4_PCODE": "C5251",
        "centerLat": 9.6116,
        "centerLng": -6.94096,
        "pop": 6710,
        "Ted_MOOV": 3.26,
        "Tcd_MOOV": 97.75,
        "Tddu_MOOV": 0.0,
        "Tddd_MOOV": 0.0,
        "Dmd_MOOV": 17140.35,
        "Dmu_MOOV": 14812.64,
        "Ted_MTN": 3.26,
        "Tcd_MTN": 94.44,
        "Tddu_MTN": 4.44,
        "Tddd_MTN": 0.0,
        "Dmd_MTN": 30480.2,
        "Dmu_MTN": 16674.78,
        "Ted_ORANGE": 3.3000000000000003,
        "Tcd_ORANGE": 82.42,
        "Tddu_ORANGE": 4.44,
        "Tddd_ORANGE": 0.0,
        "Dmd_ORANGE": 31081.78,
        "Dmu_ORANGE": 5347.72,
        "rang_Ted_ORANGE": 3,
        "rang_Ted_MTN": 1,
        "rang_Ted_MOOV": 1,
        "rang_Tcd_ORANGE": 3,
        "rang_Tcd_MTN": 2,
        "rang_Tcd_MOOV": 1,
        "rang_Tddd_ORANGE": 1,
        "rang_Tddd_MTN": 1,
        "rang_Tddd_MOOV": 1,
        "rang_Tddu_ORANGE": 2,
        "rang_Tddu_MTN": 2,
        "rang_Tddu_MOOV": 1,
        "rang_Dmd_ORANGE": 3,
        "rang_Dmd_MTN": 2,
        "rang_Dmd_MOOV": 1,
        "rang_Dmu_ORANGE": 1,
        "rang_Dmu_MTN": 3,
        "rang_Dmu_MOOV": 2
      },
      "id": 65
    },
    {
      "type": "Feature",
      "geometry": {
        "coordinates": [
          -7.544420000000001,
          7.39545
        ],
        "type": "Point"
      },
      "properties": {
        "ADM0_FR": "MONTAGNES",
        "ADM0_PCODE": "CI09",
        "ADM1_FR": "TONKPI",
        "ADM1_PCODE": "CI132",
        "ADM2_FR": "MAN",
        "ADM2_PCODE": "CI3203",
        "ADM3_FR": "MAN",
        "ADM3_PCODE": "CI320301",
        "ADM4_FR": "MAN",
        "ADM4_PCODE": "C5323",
        "centerLat": 7.40545,
        "centerLng": -7.55442,
        "pop": 149041,
        "Ted_MOOV": 2.34,
        "Tcd_MOOV": 74.38,
        "Tddu_MOOV": 16.25,
        "Tddd_MOOV": 12.5,
        "Dmd_MOOV": 18410.34,
        "Dmu_MOOV": 5736.92,
        "Ted_MTN": 1.6500000000000001,
        "Tcd_MTN": 94.51,
        "Tddu_MTN": 0.0,
        "Tddd_MTN": 0.0,
        "Dmd_MTN": 33302.02,
        "Dmu_MTN": 18685.32,
        "Ted_ORANGE": 1.6099999999999999,
        "Tcd_ORANGE": 98.39,
        "Tddu_ORANGE": 0.0,
        "Tddd_ORANGE": 0.0,
        "Dmd_ORANGE": 19367.4,
        "Dmu_ORANGE": 9162.35,
        "rang_Ted_ORANGE": 1,
        "rang_Ted_MTN": 2,
        "rang_Ted_MOOV": 3,
        "rang_Tcd_ORANGE": 1,
        "rang_Tcd_MTN": 2,
        "rang_Tcd_MOOV": 3,
        "rang_Tddd_ORANGE": 1,
        "rang_Tddd_MTN": 1,
        "rang_Tddd_MOOV": 3,
        "rang_Tddu_ORANGE": 1,
        "rang_Tddu_MTN": 1,
        "rang_Tddu_MOOV": 3,
        "rang_Dmd_ORANGE": 2,
        "rang_Dmd_MTN": 3,
        "rang_Dmd_MOOV": 1,
        "rang_Dmu_ORANGE": 2,
        "rang_Dmu_MTN": 3,
        "rang_Dmu_MOOV": 1
      },
      "id": 66
    },
    {
      "type": "Feature",
      "geometry": {
        "coordinates": [
          -6.60661,
          8.656930000000001
        ],
        "type": "Point"
      },
      "properties": {
        "ADM0_FR": "WOROBA",
        "ADM0_PCODE": "CI13",
        "ADM1_FR": "WORODOUGOU",
        "ADM1_PCODE": "CI133",
        "ADM2_FR": "KANI",
        "ADM2_PCODE": "CI3301",
        "ADM3_FR": "KANI",
        "ADM3_PCODE": "CI330101",
        "ADM4_FR": "MANABRI",
        "ADM4_PCODE": "C5326",
        "centerLat": 8.66693,
        "centerLng": -6.61661,
        "pop": 2611,
        "Ted_MOOV": 4.08,
        "Tcd_MOOV": 52.27,
        "Tddu_MOOV": 19.05,
        "Tddd_MOOV": 26.090000000000003,
        "Dmd_MOOV": 2282.12,
        "Dmu_MOOV": 3644.03,
        "Ted_MTN": 6.98,
        "Tcd_MTN": 47.5,
        "Tddu_MTN": 31.819999999999997,
        "Tddd_MTN": 0.0,
        "Dmd_MTN": 11469.23,
        "Dmu_MTN": 1168.98,
        "Ted_ORANGE": 6.52,
        "Tcd_ORANGE": 86.67,
        "Tddu_ORANGE": 9.09,
        "Tddd_ORANGE": 0.0,
        "Dmd_ORANGE": 7931.94,
        "Dmu_ORANGE": 1879.82,
        "rang_Ted_ORANGE": 2,
        "rang_Ted_MTN": 3,
        "rang_Ted_MOOV": 1,
        "rang_Tcd_ORANGE": 1,
        "rang_Tcd_MTN": 3,
        "rang_Tcd_MOOV": 2,
        "rang_Tddd_ORANGE": 1,
        "rang_Tddd_MTN": 1,
        "rang_Tddd_MOOV": 3,
        "rang_Tddu_ORANGE": 1,
        "rang_Tddu_MTN": 3,
        "rang_Tddu_MOOV": 2,
        "rang_Dmd_ORANGE": 2,
        "rang_Dmd_MTN": 3,
        "rang_Dmd_MOOV": 1,
        "rang_Dmu_ORANGE": 2,
        "rang_Dmu_MTN": 1,
        "rang_Dmu_MOOV": 3
      },
      "id": 67
    },
    {
      "type": "Feature",
      "geometry": {
        "coordinates": [
          -6.639060000000001,
          6.92244
        ],
        "type": "Point"
      },
      "properties": {
        "ADM0_FR": "WOROBA",
        "ADM0_PCODE": "CI13",
        "ADM1_FR": "WORODOUGOU",
        "ADM1_PCODE": "CI133",
        "ADM2_FR": "SEGUELA",
        "ADM2_PCODE": "CI3302",
        "ADM3_FR": "WOROFLA",
        "ADM3_PCODE": "CI330207",
        "ADM4_FR": "MANKONO",
        "ADM4_PCODE": "C5355",
        "centerLat": 6.93244,
        "centerLng": -6.64906,
        "pop": 1576,
        "Ted_MOOV": 6.0,
        "Tcd_MOOV": 100.0,
        "Tddu_MOOV": 0.0,
        "Tddd_MOOV": 0.0,
        "Dmd_MOOV": 32665.43,
        "Dmu_MOOV": 20028.38,
        "Ted_MTN": 6.25,
        "Tcd_MTN": 82.98,
        "Tddu_MTN": 4.35,
        "Tddd_MTN": 0.0,
        "Dmd_MTN": 18204.38,
        "Dmu_MTN": 7165.13,
        "Ted_ORANGE": 5.36,
        "Tcd_ORANGE": 96.43,
        "Tddu_ORANGE": 0.0,
        "Tddd_ORANGE": 0.0,
        "Dmd_ORANGE": 35492.72,
        "Dmu_ORANGE": 7162.44,
        "rang_Ted_ORANGE": 1,
        "rang_Ted_MTN": 3,
        "rang_Ted_MOOV": 2,
        "rang_Tcd_ORANGE": 2,
        "rang_Tcd_MTN": 3,
        "rang_Tcd_MOOV": 1,
        "rang_Tddd_ORANGE": 1,
        "rang_Tddd_MTN": 1,
        "rang_Tddd_MOOV": 1,
        "rang_Tddu_ORANGE": 1,
        "rang_Tddu_MTN": 3,
        "rang_Tddu_MOOV": 1,
        "rang_Dmd_ORANGE": 3,
        "rang_Dmd_MTN": 1,
        "rang_Dmd_MOOV": 2,
        "rang_Dmu_ORANGE": 1,
        "rang_Dmu_MTN": 2,
        "rang_Dmu_MOOV": 3
      },
      "id": 68
    },
    {
      "type": "Feature",
      "geometry": {
        "coordinates": [
          -4.33,
          7.45
        ],
        "type": "Point"
      },
      "properties": {
        "ADM0_FR": "LACS",
        "ADM0_PCODE": "CI07",
        "ADM1_FR": "IFFOU",
        "ADM1_PCODE": "CI119",
        "ADM2_FR": "M'BAHIAKRO",
        "ADM2_PCODE": "CI1902",
        "ADM3_FR": "M'BAHIAKRO",
        "ADM3_PCODE": "CI190201",
        "ADM4_FR": "M'BAHIAKRO",
        "ADM4_PCODE": "C5412",
        "centerLat": 7.46,
        "centerLng": -4.34,
        "pop": 14894,
        "Ted_MOOV": 3.5700000000000003,
        "Tcd_MOOV": 79.75999999999999,
        "Tddu_MOOV": 0.0,
        "Tddd_MOOV": 0.0,
        "Dmd_MOOV": 16043.03,
        "Dmu_MOOV": 11921.76,
        "Ted_MTN": 4.05,
        "Tcd_MTN": 75.0,
        "Tddu_MTN": 2.78,
        "Tddd_MTN": 0.0,
        "Dmd_MTN": 16663.1,
        "Dmu_MTN": 11137.56,
        "Ted_ORANGE": 3.4099999999999997,
        "Tcd_ORANGE": 88.37,
        "Tddu_ORANGE": 0.0,
        "Tddd_ORANGE": 0.0,
        "Dmd_ORANGE": 41555.97,
        "Dmu_ORANGE": 10242.7,
        "rang_Ted_ORANGE": 1,
        "rang_Ted_MTN": 3,
        "rang_Ted_MOOV": 2,
        "rang_Tcd_ORANGE": 1,
        "rang_Tcd_MTN": 3,
        "rang_Tcd_MOOV": 2,
        "rang_Tddd_ORANGE": 1,
        "rang_Tddd_MTN": 1,
        "rang_Tddd_MOOV": 1,
        "rang_Tddu_ORANGE": 1,
        "rang_Tddu_MTN": 3,
        "rang_Tddu_MOOV": 1,
        "rang_Dmd_ORANGE": 3,
        "rang_Dmd_MTN": 2,
        "rang_Dmd_MOOV": 1,
        "rang_Dmu_ORANGE": 1,
        "rang_Dmu_MTN": 2,
        "rang_Dmu_MOOV": 3
      },
      "id": 69
    },
    {
      "type": "Feature",
      "geometry": {
        "coordinates": [
          -5.22186,
          8.7662
        ],
        "type": "Point"
      },
      "properties": {
        "ADM0_FR": "VALLEE DU BANDAMA",
        "ADM0_PCODE": "CI12",
        "ADM1_FR": "HAMBOL",
        "ADM1_PCODE": "CI117",
        "ADM2_FR": "NIAKARAMADOUGOU",
        "ADM2_PCODE": "CI1703",
        "ADM3_FR": "ARIKOKAHA",
        "ADM3_PCODE": "CI170302",
        "ADM4_FR": "NANGONIEKAHA",
        "ADM4_PCODE": "C5751",
        "centerLat": 8.7762,
        "centerLng": -5.23186,
        "pop": 3099,
        "Ted_MOOV": 6.52,
        "Tcd_MOOV": 73.91,
        "Tddu_MOOV": 0.0,
        "Tddd_MOOV": 0.0,
        "Dmd_MOOV": 13964.17,
        "Dmu_MOOV": 15435.02,
        "Ted_MTN": 5.7700000000000005,
        "Tcd_MTN": 100.0,
        "Tddu_MTN": 0.0,
        "Tddd_MTN": 0.0,
        "Dmd_MTN": 36486.48,
        "Dmu_MTN": 16310.61,
        "Ted_ORANGE": 6.25,
        "Tcd_ORANGE": 100.0,
        "Tddu_ORANGE": 0.0,
        "Tddd_ORANGE": 0.0,
        "Dmd_ORANGE": 38526.48,
        "Dmu_ORANGE": 16312.59,
        "rang_Ted_ORANGE": 2,
        "rang_Ted_MTN": 1,
        "rang_Ted_MOOV": 3,
        "rang_Tcd_ORANGE": 1,
        "rang_Tcd_MTN": 1,
        "rang_Tcd_MOOV": 3,
        "rang_Tddd_ORANGE": 1,
        "rang_Tddd_MTN": 1,
        "rang_Tddd_MOOV": 1,
        "rang_Tddu_ORANGE": 1,
        "rang_Tddu_MTN": 1,
        "rang_Tddu_MOOV": 1,
        "rang_Dmd_ORANGE": 3,
        "rang_Dmd_MTN": 2,
        "rang_Dmd_MOOV": 1,
        "rang_Dmu_ORANGE": 3,
        "rang_Dmu_MTN": 2,
        "rang_Dmu_MOOV": 1
      },
      "id": 70
    },
    {
      "type": "Feature",
      "geometry": {
        "coordinates": [
          -4.470000000000001,
          9.39
        ],
        "type": "Point"
      },
      "properties": {
        "ADM0_FR": "SAVANES",
        "ADM0_PCODE": "CI11",
        "ADM1_FR": "TCHOLOGO",
        "ADM1_PCODE": "CI131",
        "ADM2_FR": "KONG",
        "ADM2_PCODE": "CI3102",
        "ADM3_FR": "SIKOLO",
        "ADM3_PCODE": "CI310204",
        "ADM4_FR": "NASSIAN",
        "ADM4_PCODE": "C5771",
        "centerLat": 9.4,
        "centerLng": -4.48,
        "pop": 1161,
        "Ted_MOOV": 6.52,
        "Tcd_MOOV": 97.83,
        "Tddu_MOOV": 0.0,
        "Tddd_MOOV": 0.0,
        "Dmd_MOOV": 18525.56,
        "Dmu_MOOV": 11162.04,
        "Ted_MTN": 7.140000000000001,
        "Tcd_MTN": 11.76,
        "Tddu_MTN": 70.0,
        "Tddd_MTN": 0.0,
        "Dmd_MTN": 1780.82,
        "Dmu_MTN": 463.58,
        "Ted_ORANGE": 6.819999999999999,
        "Tcd_ORANGE": 77.27000000000001,
        "Tddu_ORANGE": 4.55,
        "Tddd_ORANGE": 0.0,
        "Dmd_ORANGE": 19574.69,
        "Dmu_ORANGE": 13531.02,
        "rang_Ted_ORANGE": 2,
        "rang_Ted_MTN": 3,
        "rang_Ted_MOOV": 1,
        "rang_Tcd_ORANGE": 2,
        "rang_Tcd_MTN": 3,
        "rang_Tcd_MOOV": 1,
        "rang_Tddd_ORANGE": 1,
        "rang_Tddd_MTN": 1,
        "rang_Tddd_MOOV": 1,
        "rang_Tddu_ORANGE": 2,
        "rang_Tddu_MTN": 3,
        "rang_Tddu_MOOV": 1,
        "rang_Dmd_ORANGE": 3,
        "rang_Dmd_MTN": 1,
        "rang_Dmd_MOOV": 2,
        "rang_Dmu_ORANGE": 3,
        "rang_Dmu_MTN": 1,
        "rang_Dmu_MOOV": 2
      },
      "id": 71
    },
    {
      "type": "Feature",
      "geometry": {
        "coordinates": [
          -5.28,
          8.65
        ],
        "type": "Point"
      },
      "properties": {
        "ADM0_FR": "VALLEE DU BANDAMA",
        "ADM0_PCODE": "CI12",
        "ADM1_FR": "HAMBOL",
        "ADM1_PCODE": "CI117",
        "ADM2_FR": "NIAKARAMADOUGOU",
        "ADM2_PCODE": "CI1703",
        "ADM3_FR": "NIAKARAMADOUGOU",
        "ADM3_PCODE": "CI170301",
        "ADM4_FR": "NIAKARAMADOUGOU",
        "ADM4_PCODE": "C5977",
        "centerLat": 8.66,
        "centerLng": -5.29,
        "pop": 16812,
        "Ted_MOOV": 4.41,
        "Tcd_MOOV": 100.0,
        "Tddu_MOOV": 0.0,
        "Tddd_MOOV": 0.0,
        "Dmd_MOOV": 39561.88,
        "Dmu_MOOV": 9439.64,
        "Ted_MTN": 4.41,
        "Tcd_MTN": 98.53,
        "Tddu_MTN": 0.0,
        "Tddd_MTN": 0.0,
        "Dmd_MTN": 56326.83,
        "Dmu_MTN": 10733.65,
        "Ted_ORANGE": 4.109999999999999,
        "Tcd_ORANGE": 89.03999999999999,
        "Tddu_ORANGE": 0.0,
        "Tddd_ORANGE": 2.7,
        "Dmd_ORANGE": 48919.01,
        "Dmu_ORANGE": 18905.85,
        "rang_Ted_ORANGE": 1,
        "rang_Ted_MTN": 2,
        "rang_Ted_MOOV": 2,
        "rang_Tcd_ORANGE": 3,
        "rang_Tcd_MTN": 2,
        "rang_Tcd_MOOV": 1,
        "rang_Tddd_ORANGE": 3,
        "rang_Tddd_MTN": 1,
        "rang_Tddd_MOOV": 1,
        "rang_Tddu_ORANGE": 1,
        "rang_Tddu_MTN": 1,
        "rang_Tddu_MOOV": 1,
        "rang_Dmd_ORANGE": 2,
        "rang_Dmd_MTN": 3,
        "rang_Dmd_MOOV": 1,
        "rang_Dmu_ORANGE": 3,
        "rang_Dmu_MTN": 2,
        "rang_Dmu_MOOV": 1
      },
      "id": 72
    },
    {
      "type": "Feature",
      "geometry": {
        "coordinates": [
          -5.670710000000001,
          5.343710000000001
        ],
        "type": "Point"
      },
      "properties": {
        "ADM0_FR": "BAS-SASSANDRA",
        "ADM0_PCODE": "CI01",
        "ADM1_FR": "GBOKLE",
        "ADM1_PCODE": "CI112",
        "ADM2_FR": "FRESCO",
        "ADM2_PCODE": "CI1201",
        "ADM3_FR": "DAHIRI",
        "ADM3_PCODE": "CI120101",
        "ADM4_FR": "OKROMODOU",
        "ADM4_PCODE": "C6234",
        "centerLat": 5.35371,
        "centerLng": -5.68071,
        "pop": 13054,
        "Ted_MOOV": 6.25,
        "Tcd_MOOV": 100.0,
        "Tddu_MOOV": 0.0,
        "Tddd_MOOV": 0.0,
        "Dmd_MOOV": 15366.41,
        "Dmu_MOOV": 16500.84,
        "Ted_MTN": 6.25,
        "Tcd_MTN": 100.0,
        "Tddu_MTN": 0.0,
        "Tddd_MTN": 0.0,
        "Dmd_MTN": 33470.13,
        "Dmu_MTN": 14456.77,
        "Ted_ORANGE": 6.25,
        "Tcd_ORANGE": 100.0,
        "Tddu_ORANGE": 0.0,
        "Tddd_ORANGE": 0.0,
        "Dmd_ORANGE": 17177.66,
        "Dmu_ORANGE": 20918.98,
        "rang_Ted_ORANGE": 1,
        "rang_Ted_MTN": 1,
        "rang_Ted_MOOV": 1,
        "rang_Tcd_ORANGE": 1,
        "rang_Tcd_MTN": 1,
        "rang_Tcd_MOOV": 1,
        "rang_Tddd_ORANGE": 1,
        "rang_Tddd_MTN": 1,
        "rang_Tddd_MOOV": 1,
        "rang_Tddu_ORANGE": 1,
        "rang_Tddu_MTN": 1,
        "rang_Tddu_MOOV": 1,
        "rang_Dmd_ORANGE": 2,
        "rang_Dmd_MTN": 3,
        "rang_Dmd_MOOV": 1,
        "rang_Dmu_ORANGE": 3,
        "rang_Dmu_MTN": 1,
        "rang_Dmu_MOOV": 2
      },
      "id": 73
    },
    {
      "type": "Feature",
      "geometry": {
        "coordinates": [
          -5.14419,
          9.95711
        ],
        "type": "Point"
      },
      "properties": {
        "ADM0_FR": "SAVANES",
        "ADM0_PCODE": "CI11",
        "ADM1_FR": "TCHOLOGO",
        "ADM1_PCODE": "CI131",
        "ADM2_FR": "OUANGOLODOUGOU",
        "ADM2_PCODE": "CI3103",
        "ADM3_FR": "OUANGOLODOUGOU",
        "ADM3_PCODE": "CI310301",
        "ADM4_FR": "OUANGOLODOUGOU",
        "ADM4_PCODE": "C6291",
        "centerLat": 9.96711,
        "centerLng": -5.15419,
        "pop": 37991,
        "Ted_MOOV": 3.08,
        "Tcd_MOOV": 62.79,
        "Tddu_MOOV": 0.0,
        "Tddd_MOOV": 28.57,
        "Dmd_MOOV": 11585.5,
        "Dmu_MOOV": 15995.49,
        "Ted_MTN": 4.4799999999999995,
        "Tcd_MTN": 83.58,
        "Tddu_MTN": 0.0,
        "Tddd_MTN": 0.0,
        "Dmd_MTN": 43168.73,
        "Dmu_MTN": 24442.53,
        "Ted_ORANGE": 4.41,
        "Tcd_ORANGE": 98.36,
        "Tddu_ORANGE": 0.0,
        "Tddd_ORANGE": 0.0,
        "Dmd_ORANGE": 17204.41,
        "Dmu_ORANGE": 6362.23,
        "rang_Ted_ORANGE": 2,
        "rang_Ted_MTN": 3,
        "rang_Ted_MOOV": 1,
        "rang_Tcd_ORANGE": 1,
        "rang_Tcd_MTN": 2,
        "rang_Tcd_MOOV": 3,
        "rang_Tddd_ORANGE": 1,
        "rang_Tddd_MTN": 1,
        "rang_Tddd_MOOV": 3,
        "rang_Tddu_ORANGE": 1,
        "rang_Tddu_MTN": 1,
        "rang_Tddu_MOOV": 1,
        "rang_Dmd_ORANGE": 2,
        "rang_Dmd_MTN": 3,
        "rang_Dmd_MOOV": 1,
        "rang_Dmu_ORANGE": 1,
        "rang_Dmu_MTN": 3,
        "rang_Dmu_MOOV": 2
      },
      "id": 74
    },
    {
      "type": "Feature",
      "geometry": {
        "coordinates": [
          -5.40528,
          6.3735
        ],
        "type": "Point"
      },
      "properties": {
        "ADM0_FR": "GOH-DJIBOUA",
        "ADM0_PCODE": "CI06",
        "ADM1_FR": "GOH",
        "ADM1_PCODE": "CI113",
        "ADM2_FR": "OUME",
        "ADM2_PCODE": "CI1302",
        "ADM3_FR": "OUME",
        "ADM3_PCODE": "CI130201",
        "ADM4_FR": "OUMÉ",
        "ADM4_PCODE": "C6363",
        "centerLat": 6.3835,
        "centerLng": -5.41528,
        "pop": 45210,
        "Ted_MOOV": 3.1300000000000003,
        "Tcd_MOOV": 100.0,
        "Tddu_MOOV": 0.0,
        "Tddd_MOOV": 0.0,
        "Dmd_MOOV": 21967.87,
        "Dmu_MOOV": 19692.01,
        "Ted_MTN": 3.0,
        "Tcd_MTN": 100.0,
        "Tddu_MTN": 0.0,
        "Tddd_MTN": 0.0,
        "Dmd_MTN": 48711.14,
        "Dmu_MTN": 32692.14,
        "Ted_ORANGE": 3.1300000000000003,
        "Tcd_ORANGE": 98.96000000000001,
        "Tddu_ORANGE": 0.0,
        "Tddd_ORANGE": 0.0,
        "Dmd_ORANGE": 27993.73,
        "Dmu_ORANGE": 9694.24,
        "rang_Ted_ORANGE": 2,
        "rang_Ted_MTN": 1,
        "rang_Ted_MOOV": 2,
        "rang_Tcd_ORANGE": 3,
        "rang_Tcd_MTN": 1,
        "rang_Tcd_MOOV": 1,
        "rang_Tddd_ORANGE": 1,
        "rang_Tddd_MTN": 1,
        "rang_Tddd_MOOV": 1,
        "rang_Tddu_ORANGE": 1,
        "rang_Tddu_MTN": 1,
        "rang_Tddu_MOOV": 1,
        "rang_Dmd_ORANGE": 2,
        "rang_Dmd_MTN": 3,
        "rang_Dmd_MOOV": 1,
        "rang_Dmu_ORANGE": 1,
        "rang_Dmu_MTN": 3,
        "rang_Dmu_MOOV": 2
      },
      "id": 75
    },
    {
      "type": "Feature",
      "geometry": {
        "coordinates": [
          -6.08211,
          4.94198
        ],
        "type": "Point"
      },
      "properties": {
        "ADM0_FR": "BAS-SASSANDRA",
        "ADM0_PCODE": "CI01",
        "ADM1_FR": "GBOKLE",
        "ADM1_PCODE": "CI112",
        "ADM2_FR": "SASSANDRA",
        "ADM2_PCODE": "CI1202",
        "ADM3_FR": "SASSANDRA",
        "ADM3_PCODE": "CI120201",
        "ADM4_FR": "SASSANDRA",
        "ADM4_PCODE": "C6835",
        "centerLat": 4.95198,
        "centerLng": -6.09211,
        "pop": 26608,
        "Ted_MOOV": 2.31,
        "Tcd_MOOV": 99.22999999999999,
        "Tddu_MOOV": 0.0,
        "Tddd_MOOV": 0.0,
        "Dmd_MOOV": 25805.18,
        "Dmu_MOOV": 22242.24,
        "Ted_MTN": 2.3800000000000003,
        "Tcd_MTN": 100.0,
        "Tddu_MTN": 0.0,
        "Tddd_MTN": 0.0,
        "Dmd_MTN": 41407.22,
        "Dmu_MTN": 20491.3,
        "Ted_ORANGE": 2.34,
        "Tcd_ORANGE": 91.41,
        "Tddu_ORANGE": 0.0,
        "Tddd_ORANGE": 0.0,
        "Dmd_ORANGE": 45346.08,
        "Dmu_ORANGE": 15731.59,
        "rang_Ted_ORANGE": 2,
        "rang_Ted_MTN": 3,
        "rang_Ted_MOOV": 1,
        "rang_Tcd_ORANGE": 3,
        "rang_Tcd_MTN": 1,
        "rang_Tcd_MOOV": 2,
        "rang_Tddd_ORANGE": 1,
        "rang_Tddd_MTN": 1,
        "rang_Tddd_MOOV": 1,
        "rang_Tddu_ORANGE": 1,
        "rang_Tddu_MTN": 1,
        "rang_Tddu_MOOV": 1,
        "rang_Dmd_ORANGE": 3,
        "rang_Dmd_MTN": 2,
        "rang_Dmd_MOOV": 1,
        "rang_Dmu_ORANGE": 1,
        "rang_Dmu_MTN": 2,
        "rang_Dmu_MOOV": 3
      },
      "id": 76
    },
    {
      "type": "Feature",
      "geometry": {
        "coordinates": [
          -6.66313,
          7.95253
        ],
        "type": "Point"
      },
      "properties": {
        "ADM0_FR": "WOROBA",
        "ADM0_PCODE": "CI13",
        "ADM1_FR": "WORODOUGOU",
        "ADM1_PCODE": "CI133",
        "ADM2_FR": "SEGUELA",
        "ADM2_PCODE": "CI3302",
        "ADM3_FR": "SEGUELA",
        "ADM3_PCODE": "CI330201",
        "ADM4_FR": "SÉGUÉLA",
        "ADM4_PCODE": "C6882",
        "centerLat": 7.96253,
        "centerLng": -6.67313,
        "pop": 46189,
        "Ted_MOOV": 4.35,
        "Tcd_MOOV": 83.82,
        "Tddu_MOOV": 6.0600000000000005,
        "Tddd_MOOV": 0.0,
        "Dmd_MOOV": 23371.96,
        "Dmu_MOOV": 6508.24,
        "Ted_MTN": 3.95,
        "Tcd_MTN": 90.79,
        "Tddu_MTN": 5.26,
        "Tddd_MTN": 5.26,
        "Dmd_MTN": 24685.97,
        "Dmu_MTN": 8374.91,
        "Ted_ORANGE": 5.36,
        "Tcd_ORANGE": 98.21,
        "Tddu_ORANGE": 7.140000000000001,
        "Tddd_ORANGE": 3.5700000000000003,
        "Dmd_ORANGE": 17014.81,
        "Dmu_ORANGE": 2915.56,
        "rang_Ted_ORANGE": 3,
        "rang_Ted_MTN": 1,
        "rang_Ted_MOOV": 2,
        "rang_Tcd_ORANGE": 1,
        "rang_Tcd_MTN": 2,
        "rang_Tcd_MOOV": 3,
        "rang_Tddd_ORANGE": 2,
        "rang_Tddd_MTN": 3,
        "rang_Tddd_MOOV": 1,
        "rang_Tddu_ORANGE": 3,
        "rang_Tddu_MTN": 1,
        "rang_Tddu_MOOV": 2,
        "rang_Dmd_ORANGE": 1,
        "rang_Dmd_MTN": 3,
        "rang_Dmd_MOOV": 2,
        "rang_Dmu_ORANGE": 1,
        "rang_Dmu_MTN": 3,
        "rang_Dmu_MOOV": 2
      },
      "id": 77
    },
    {
      "type": "Feature",
      "geometry": {
        "coordinates": [
          -5.37559,
          9.57325
        ],
        "type": "Point"
      },
      "properties": {
        "ADM0_FR": "SAVANES",
        "ADM0_PCODE": "CI11",
        "ADM1_FR": "PORO",
        "ADM1_PCODE": "CI128",
        "ADM2_FR": "SINEMATIALI",
        "ADM2_PCODE": "CI2804",
        "ADM3_FR": "SINEMATIALI",
        "ADM3_PCODE": "CI280401",
        "ADM4_FR": "SINEMATIALI",
        "ADM4_PCODE": "C7043",
        "centerLat": 9.58325,
        "centerLng": -5.38559,
        "pop": 10167,
        "Ted_MOOV": 3.7699999999999996,
        "Tcd_MOOV": 82.61,
        "Tddu_MOOV": 6.67,
        "Tddd_MOOV": 22.58,
        "Dmd_MOOV": 740.61,
        "Dmu_MOOV": 5504.36,
        "Ted_MTN": 5.17,
        "Tcd_MTN": 73.21,
        "Tddu_MTN": 0.0,
        "Tddd_MTN": 17.86,
        "Dmd_MTN": 5399.55,
        "Dmu_MTN": 17161.79,
        "Ted_ORANGE": 4.41,
        "Tcd_ORANGE": 77.94,
        "Tddu_ORANGE": 0.0,
        "Tddd_ORANGE": 0.0,
        "Dmd_ORANGE": 4944.15,
        "Dmu_ORANGE": 10363.39,
        "rang_Ted_ORANGE": 2,
        "rang_Ted_MTN": 3,
        "rang_Ted_MOOV": 1,
        "rang_Tcd_ORANGE": 2,
        "rang_Tcd_MTN": 3,
        "rang_Tcd_MOOV": 1,
        "rang_Tddd_ORANGE": 1,
        "rang_Tddd_MTN": 2,
        "rang_Tddd_MOOV": 3,
        "rang_Tddu_ORANGE": 1,
        "rang_Tddu_MTN": 1,
        "rang_Tddu_MOOV": 3,
        "rang_Dmd_ORANGE": 2,
        "rang_Dmd_MTN": 3,
        "rang_Dmd_MOOV": 1,
        "rang_Dmu_ORANGE": 2,
        "rang_Dmu_MTN": 3,
        "rang_Dmu_MOOV": 1
      },
      "id": 78
    },
    {
      "type": "Feature",
      "geometry": {
        "coordinates": [
          -5.15212,
          9.060220000000001
        ],
        "type": "Point"
      },
      "properties": {
        "ADM0_FR": "VALLEE DU BANDAMA",
        "ADM0_PCODE": "CI12",
        "ADM1_FR": "HAMBOL",
        "ADM1_PCODE": "CI117",
        "ADM2_FR": "NIAKARAMADOUGOU",
        "ADM2_PCODE": "CI1703",
        "ADM3_FR": "TAFIRE",
        "ADM3_PCODE": "CI170305",
        "ADM4_FR": "TAFIRE",
        "ADM4_PCODE": "C7314",
        "centerLat": 9.07022,
        "centerLng": -5.16212,
        "pop": 17191,
        "Ted_MOOV": 2.9899999999999998,
        "Tcd_MOOV": 78.43,
        "Tddu_MOOV": 0.0,
        "Tddd_MOOV": 17.39,
        "Dmd_MOOV": 17271.48,
        "Dmu_MOOV": 15466.3,
        "Ted_MTN": 4.41,
        "Tcd_MTN": 95.16,
        "Tddu_MTN": 0.0,
        "Tddd_MTN": 6.9,
        "Dmd_MTN": 15750.07,
        "Dmu_MTN": 15136.19,
        "Ted_ORANGE": 4.41,
        "Tcd_ORANGE": 62.69,
        "Tddu_ORANGE": 0.0,
        "Tddd_ORANGE": 0.0,
        "Dmd_ORANGE": 37304.56,
        "Dmu_ORANGE": 18188.95,
        "rang_Ted_ORANGE": 2,
        "rang_Ted_MTN": 2,
        "rang_Ted_MOOV": 1,
        "rang_Tcd_ORANGE": 3,
        "rang_Tcd_MTN": 1,
        "rang_Tcd_MOOV": 2,
        "rang_Tddd_ORANGE": 1,
        "rang_Tddd_MTN": 2,
        "rang_Tddd_MOOV": 3,
        "rang_Tddu_ORANGE": 1,
        "rang_Tddu_MTN": 1,
        "rang_Tddu_MOOV": 1,
        "rang_Dmd_ORANGE": 3,
        "rang_Dmd_MTN": 1,
        "rang_Dmd_MOOV": 2,
        "rang_Dmu_ORANGE": 3,
        "rang_Dmu_MTN": 1,
        "rang_Dmu_MOOV": 2
      },
      "id": 79
    },
    {
      "type": "Feature",
      "geometry": {
        "coordinates": [
          -3.15789,
          7.79253
        ],
        "type": "Point"
      },
      "properties": {
        "ADM0_FR": "ZANZAN",
        "ADM0_PCODE": "CI14",
        "ADM1_FR": "GONTOUGO",
        "ADM1_PCODE": "CI114",
        "ADM2_FR": "TANDA",
        "ADM2_PCODE": "CI1404",
        "ADM3_FR": "TANDA",
        "ADM3_PCODE": "CI140401",
        "ADM4_FR": "TANDA",
        "ADM4_PCODE": "C7386",
        "centerLat": 7.80253,
        "centerLng": -3.16789,
        "pop": 27659,
        "Ted_MOOV": 3.26,
        "Tcd_MOOV": 98.88,
        "Tddu_MOOV": 0.0,
        "Tddd_MOOV": 0.0,
        "Dmd_MOOV": 19887.33,
        "Dmu_MOOV": 12925.7,
        "Ted_MTN": 3.5700000000000003,
        "Tcd_MTN": 100.0,
        "Tddu_MTN": 0.0,
        "Tddd_MTN": 0.0,
        "Dmd_MTN": 37716.39,
        "Dmu_MTN": 10144.02,
        "Ted_ORANGE": 4.55,
        "Tcd_ORANGE": 98.41,
        "Tddu_ORANGE": 3.2300000000000004,
        "Tddd_ORANGE": 0.0,
        "Dmd_ORANGE": 25587.97,
        "Dmu_ORANGE": 6968.24,
        "rang_Ted_ORANGE": 3,
        "rang_Ted_MTN": 2,
        "rang_Ted_MOOV": 1,
        "rang_Tcd_ORANGE": 3,
        "rang_Tcd_MTN": 1,
        "rang_Tcd_MOOV": 2,
        "rang_Tddd_ORANGE": 1,
        "rang_Tddd_MTN": 1,
        "rang_Tddd_MOOV": 1,
        "rang_Tddu_ORANGE": 3,
        "rang_Tddu_MTN": 1,
        "rang_Tddu_MOOV": 1,
        "rang_Dmd_ORANGE": 2,
        "rang_Dmd_MTN": 3,
        "rang_Dmd_MOOV": 1,
        "rang_Dmu_ORANGE": 1,
        "rang_Dmu_MTN": 2,
        "rang_Dmu_MOOV": 3
      },
      "id": 80
    },
    {
      "type": "Feature",
      "geometry": {
        "coordinates": [
          -3.19415,
          7.33925
        ],
        "type": "Point"
      },
      "properties": {
        "ADM0_FR": "ZANZAN",
        "ADM0_PCODE": "CI14",
        "ADM1_FR": "GONTOUGO",
        "ADM1_PCODE": "CI114",
        "ADM2_FR": "KOUN-FAO",
        "ADM2_PCODE": "CI1402",
        "ADM3_FR": "TANKESSE",
        "ADM3_PCODE": "CI140205",
        "ADM4_FR": "TANKESSÉ",
        "ADM4_PCODE": "C7396",
        "centerLat": 7.34925,
        "centerLng": -3.20415,
        "pop": 5387,
        "Ted_MOOV": 4.41,
        "Tcd_MOOV": 100.0,
        "Tddu_MOOV": 0.0,
        "Tddd_MOOV": 0.0,
        "Dmd_MOOV": 30347.02,
        "Dmu_MOOV": 13116.76,
        "Ted_MTN": 4.41,
        "Tcd_MTN": 97.06,
        "Tddu_MTN": 2.94,
        "Tddd_MTN": 0.0,
        "Dmd_MTN": 41301.89,
        "Dmu_MTN": 15880.48,
        "Ted_ORANGE": 4.41,
        "Tcd_ORANGE": 100.0,
        "Tddu_ORANGE": 0.0,
        "Tddd_ORANGE": 0.0,
        "Dmd_ORANGE": 37998.23,
        "Dmu_ORANGE": 17513.44,
        "rang_Ted_ORANGE": 1,
        "rang_Ted_MTN": 1,
        "rang_Ted_MOOV": 1,
        "rang_Tcd_ORANGE": 1,
        "rang_Tcd_MTN": 3,
        "rang_Tcd_MOOV": 1,
        "rang_Tddd_ORANGE": 1,
        "rang_Tddd_MTN": 1,
        "rang_Tddd_MOOV": 1,
        "rang_Tddu_ORANGE": 1,
        "rang_Tddu_MTN": 3,
        "rang_Tddu_MOOV": 1,
        "rang_Dmd_ORANGE": 2,
        "rang_Dmd_MTN": 3,
        "rang_Dmd_MOOV": 1,
        "rang_Dmu_ORANGE": 3,
        "rang_Dmu_MTN": 2,
        "rang_Dmu_MOOV": 1
      },
      "id": 81
    },
    {
      "type": "Feature",
      "geometry": {
        "coordinates": [
          -6.50202,
          6.37542
        ],
        "type": "Point"
      },
      "properties": {
        "ADM0_FR": "SASSANDRA-MARAHOUE",
        "ADM0_PCODE": "CI10",
        "ADM1_FR": "HAUT-SASSANDRA",
        "ADM1_PCODE": "CI118",
        "ADM2_FR": "ISSIA",
        "ADM2_PCODE": "CI1802",
        "ADM3_FR": "TAPEGUIA",
        "ADM3_PCODE": "CI180207",
        "ADM4_FR": "TAPEGUIA",
        "ADM4_PCODE": "C7415",
        "centerLat": 6.38542,
        "centerLng": -6.51202,
        "pop": 2459,
        "Ted_MOOV": 6.25,
        "Tcd_MOOV": 100.0,
        "Tddu_MOOV": 0.0,
        "Tddd_MOOV": 0.0,
        "Dmd_MOOV": 9755.54,
        "Dmu_MOOV": 9711.07,
        "Ted_MTN": 6.25,
        "Tcd_MTN": 78.72,
        "Tddu_MTN": 30.43,
        "Tddd_MTN": 4.17,
        "Dmd_MTN": 14531.9,
        "Dmu_MTN": 2130.26,
        "Ted_ORANGE": 6.25,
        "Tcd_ORANGE": 100.0,
        "Tddu_ORANGE": 0.0,
        "Tddd_ORANGE": 0.0,
        "Dmd_ORANGE": 21254.77,
        "Dmu_ORANGE": 6222.18,
        "rang_Ted_ORANGE": 1,
        "rang_Ted_MTN": 1,
        "rang_Ted_MOOV": 1,
        "rang_Tcd_ORANGE": 1,
        "rang_Tcd_MTN": 3,
        "rang_Tcd_MOOV": 1,
        "rang_Tddd_ORANGE": 1,
        "rang_Tddd_MTN": 3,
        "rang_Tddd_MOOV": 1,
        "rang_Tddu_ORANGE": 1,
        "rang_Tddu_MTN": 3,
        "rang_Tddu_MOOV": 1,
        "rang_Dmd_ORANGE": 3,
        "rang_Dmd_MTN": 2,
        "rang_Dmd_MOOV": 1,
        "rang_Dmu_ORANGE": 2,
        "rang_Dmu_MTN": 1,
        "rang_Dmu_MOOV": 3
      },
      "id": 82
    },
    {
      "type": "Feature",
      "geometry": {
        "coordinates": [
          -4.81379,
          5.88299
        ],
        "type": "Point"
      },
      "properties": {
        "ADM0_FR": "LAGUNES",
        "ADM0_PCODE": "CI08",
        "ADM1_FR": "AGNEBY-TIASSA",
        "ADM1_PCODE": "CI103",
        "ADM2_FR": "TIASSALE",
        "ADM2_PCODE": "CI0304",
        "ADM3_FR": "TIASSALE",
        "ADM3_PCODE": "CI030401",
        "ADM4_FR": "TIASSALÉ",
        "ADM4_PCODE": "C7555",
        "centerLat": 5.89299,
        "centerLng": -4.82379,
        "pop": 20057,
        "Ted_MOOV": 4.26,
        "Tcd_MOOV": 75.0,
        "Tddu_MOOV": 4.35,
        "Tddd_MOOV": 2.17,
        "Dmd_MOOV": 12955.71,
        "Dmu_MOOV": 5844.81,
        "Ted_MTN": 3.1300000000000003,
        "Tcd_MTN": 100.0,
        "Tddu_MTN": 0.0,
        "Tddd_MTN": 0.0,
        "Dmd_MTN": 71976.67,
        "Dmu_MTN": 33019.22,
        "Ted_ORANGE": 2.04,
        "Tcd_ORANGE": 100.0,
        "Tddu_ORANGE": 0.0,
        "Tddd_ORANGE": 0.0,
        "Dmd_ORANGE": 28764.55,
        "Dmu_ORANGE": 8775.7,
        "rang_Ted_ORANGE": 1,
        "rang_Ted_MTN": 2,
        "rang_Ted_MOOV": 3,
        "rang_Tcd_ORANGE": 1,
        "rang_Tcd_MTN": 1,
        "rang_Tcd_MOOV": 3,
        "rang_Tddd_ORANGE": 1,
        "rang_Tddd_MTN": 1,
        "rang_Tddd_MOOV": 3,
        "rang_Tddu_ORANGE": 1,
        "rang_Tddu_MTN": 1,
        "rang_Tddu_MOOV": 3,
        "rang_Dmd_ORANGE": 2,
        "rang_Dmd_MTN": 3,
        "rang_Dmd_MOOV": 1,
        "rang_Dmu_ORANGE": 2,
        "rang_Dmu_MTN": 3,
        "rang_Dmu_MOOV": 1
      },
      "id": 83
    },
    {
      "type": "Feature",
      "geometry": {
        "coordinates": [
          -5.85217,
          6.07533
        ],
        "type": "Point"
      },
      "properties": {
        "ADM0_FR": "GOH-DJIBOUA",
        "ADM0_PCODE": "CI06",
        "ADM1_FR": "GOH",
        "ADM1_PCODE": "CI113",
        "ADM2_FR": "GAGNOA",
        "ADM2_PCODE": "CI1301",
        "ADM3_FR": "GAGNOA",
        "ADM3_PCODE": "CI130106",
        "ADM4_FR": "TIPADIPA",
        "ADM4_PCODE": "C7732",
        "centerLat": 6.08533,
        "centerLng": -5.86217,
        "pop": 2108,
        "Ted_MOOV": 4.35,
        "Tcd_MOOV": 97.78,
        "Tddu_MOOV": 8.7,
        "Tddd_MOOV": 0.0,
        "Dmd_MOOV": 11363.98,
        "Dmu_MOOV": 3605.49,
        "Ted_MTN": 8.89,
        "Tcd_MTN": 79.55,
        "Tddu_MTN": 4.55,
        "Tddd_MTN": 0.0,
        "Dmd_MTN": 12366.51,
        "Dmu_MTN": 2558.63,
        "Ted_ORANGE": 7.6899999999999995,
        "Tcd_ORANGE": 53.849999999999994,
        "Tddu_ORANGE": 15.790000000000001,
        "Tddd_ORANGE": 5.0,
        "Dmd_ORANGE": 2367.84,
        "Dmu_ORANGE": 1773.51,
        "rang_Ted_ORANGE": 2,
        "rang_Ted_MTN": 3,
        "rang_Ted_MOOV": 1,
        "rang_Tcd_ORANGE": 3,
        "rang_Tcd_MTN": 2,
        "rang_Tcd_MOOV": 1,
        "rang_Tddd_ORANGE": 3,
        "rang_Tddd_MTN": 1,
        "rang_Tddd_MOOV": 1,
        "rang_Tddu_ORANGE": 3,
        "rang_Tddu_MTN": 1,
        "rang_Tddu_MOOV": 2,
        "rang_Dmd_ORANGE": 1,
        "rang_Dmd_MTN": 3,
        "rang_Dmd_MOOV": 2,
        "rang_Dmu_ORANGE": 1,
        "rang_Dmu_MTN": 2,
        "rang_Dmu_MOOV": 3
      },
      "id": 84
    },
    {
      "type": "Feature",
      "geometry": {
        "coordinates": [
          -7.67063,
          8.27504
        ],
        "type": "Point"
      },
      "properties": {
        "ADM0_FR": "WOROBA",
        "ADM0_PCODE": "CI13",
        "ADM1_FR": "BAFING",
        "ADM1_PCODE": "CI104",
        "ADM2_FR": "TOUBA",
        "ADM2_PCODE": "CI0403",
        "ADM3_FR": "TOUBA",
        "ADM3_PCODE": "CI040301",
        "ADM4_FR": "TOUBA",
        "ADM4_PCODE": "C7832",
        "centerLat": 8.28504,
        "centerLng": -7.68063,
        "pop": 22361,
        "Ted_MOOV": 3.53,
        "Tcd_MOOV": 73.49,
        "Tddu_MOOV": 12.82,
        "Tddd_MOOV": 6.819999999999999,
        "Dmd_MOOV": 6897.21,
        "Dmu_MOOV": 5116.64,
        "Ted_MTN": 2.17,
        "Tcd_MTN": 91.01,
        "Tddu_MTN": 6.819999999999999,
        "Tddd_MTN": 0.0,
        "Dmd_MTN": 25732.47,
        "Dmu_MTN": 10567.22,
        "Ted_ORANGE": 3.26,
        "Tcd_ORANGE": 86.96000000000001,
        "Tddu_ORANGE": 0.0,
        "Tddd_ORANGE": 13.04,
        "Dmd_ORANGE": 35725.49,
        "Dmu_ORANGE": 9590.28,
        "rang_Ted_ORANGE": 2,
        "rang_Ted_MTN": 1,
        "rang_Ted_MOOV": 3,
        "rang_Tcd_ORANGE": 2,
        "rang_Tcd_MTN": 1,
        "rang_Tcd_MOOV": 3,
        "rang_Tddd_ORANGE": 3,
        "rang_Tddd_MTN": 1,
        "rang_Tddd_MOOV": 2,
        "rang_Tddu_ORANGE": 1,
        "rang_Tddu_MTN": 2,
        "rang_Tddu_MOOV": 3,
        "rang_Dmd_ORANGE": 3,
        "rang_Dmd_MTN": 2,
        "rang_Dmd_MOOV": 1,
        "rang_Dmu_ORANGE": 2,
        "rang_Dmu_MTN": 3,
        "rang_Dmu_MOOV": 1
      },
      "id": 85
    },
    {
      "type": "Feature",
      "geometry": {
        "coordinates": [
          -6.47051,
          7.3674800000000005
        ],
        "type": "Point"
      },
      "properties": {
        "ADM0_FR": "SASSANDRA-MARAHOUE",
        "ADM0_PCODE": "CI10",
        "ADM1_FR": "HAUT-SASSANDRA",
        "ADM1_PCODE": "CI118",
        "ADM2_FR": "VAVOUA",
        "ADM2_PCODE": "CI1803",
        "ADM3_FR": "VAVOUA",
        "ADM3_PCODE": "CI180301",
        "ADM4_FR": "VAVOUA",
        "ADM4_PCODE": "C7965",
        "centerLat": 7.37748,
        "centerLng": -6.48051,
        "pop": 67096,
        "Ted_MOOV": 2.67,
        "Tcd_MOOV": 71.61999999999999,
        "Tddu_MOOV": 0.0,
        "Tddd_MOOV": 2.7,
        "Dmd_MOOV": 40502.45,
        "Dmu_MOOV": 16758.92,
        "Ted_MTN": 2.41,
        "Tcd_MTN": 100.0,
        "Tddu_MTN": 0.0,
        "Tddd_MTN": 0.0,
        "Dmd_MTN": 21654.15,
        "Dmu_MTN": 27110.93,
        "Ted_ORANGE": 3.0,
        "Tcd_ORANGE": 100.0,
        "Tddu_ORANGE": 0.0,
        "Tddd_ORANGE": 0.0,
        "Dmd_ORANGE": 42450.99,
        "Dmu_ORANGE": 22240.02,
        "rang_Ted_ORANGE": 3,
        "rang_Ted_MTN": 1,
        "rang_Ted_MOOV": 2,
        "rang_Tcd_ORANGE": 1,
        "rang_Tcd_MTN": 1,
        "rang_Tcd_MOOV": 3,
        "rang_Tddd_ORANGE": 1,
        "rang_Tddd_MTN": 1,
        "rang_Tddd_MOOV": 3,
        "rang_Tddu_ORANGE": 1,
        "rang_Tddu_MTN": 1,
        "rang_Tddu_MOOV": 1,
        "rang_Dmd_ORANGE": 3,
        "rang_Dmd_MTN": 1,
        "rang_Dmd_MOOV": 2,
        "rang_Dmu_ORANGE": 2,
        "rang_Dmu_MTN": 3,
        "rang_Dmu_MOOV": 1
      },
      "id": 86
    },
    {
      "type": "Feature",
      "geometry": {
        "coordinates": [
          -6.59062,
          5.94007
        ],
        "type": "Point"
      },
      "properties": {
        "ADM0_FR": "BAS-SASSANDRA",
        "ADM0_PCODE": "CI01",
        "ADM1_FR": "NAWA",
        "ADM1_PCODE": "CI126",
        "ADM2_FR": "SOUBRE",
        "ADM2_PCODE": "CI2604",
        "ADM3_FR": "SOUBRE",
        "ADM3_PCODE": "CI260401",
        "ADM4_FR": "YABAYO",
        "ADM4_PCODE": "C8048",
        "centerLat": 5.95007,
        "centerLng": -6.60062,
        "pop": 20086,
        "Ted_MOOV": 2.74,
        "Tcd_MOOV": 100.0,
        "Tddu_MOOV": 0.0,
        "Tddd_MOOV": 0.0,
        "Dmd_MOOV": 15551.42,
        "Dmu_MOOV": 20775.04,
        "Ted_MTN": 4.17,
        "Tcd_MTN": 97.22,
        "Tddu_MTN": 0.0,
        "Tddd_MTN": 0.0,
        "Dmd_MTN": 32134.19,
        "Dmu_MTN": 16706.19,
        "Ted_ORANGE": 4.29,
        "Tcd_ORANGE": 90.0,
        "Tddu_ORANGE": 0.0,
        "Tddd_ORANGE": 0.0,
        "Dmd_ORANGE": 61149.91,
        "Dmu_ORANGE": 9081.88,
        "rang_Ted_ORANGE": 3,
        "rang_Ted_MTN": 2,
        "rang_Ted_MOOV": 1,
        "rang_Tcd_ORANGE": 3,
        "rang_Tcd_MTN": 2,
        "rang_Tcd_MOOV": 1,
        "rang_Tddd_ORANGE": 1,
        "rang_Tddd_MTN": 1,
        "rang_Tddd_MOOV": 1,
        "rang_Tddu_ORANGE": 1,
        "rang_Tddu_MTN": 1,
        "rang_Tddu_MOOV": 1,
        "rang_Dmd_ORANGE": 3,
        "rang_Dmd_MTN": 2,
        "rang_Dmd_MOOV": 1,
        "rang_Dmu_ORANGE": 1,
        "rang_Dmu_MTN": 2,
        "rang_Dmu_MOOV": 3
      },
      "id": 87
    },
    {
      "type": "Feature",
      "geometry": {
        "coordinates": [
          -5.267860000000001,
          6.808190000000001
        ],
        "type": "Point"
      },
      "properties": {
        "ADM0_FR": "DISTRICT AUTONOME DE YAMOUSSOUKRO",
        "ADM0_PCODE": "CI05",
        "ADM1_FR": "DISTRICT AUTONOME DE YAMOUSSOUKRO",
        "ADM1_PCODE": "CI102",
        "ADM2_FR": "YAMOUSSOUKRO",
        "ADM2_PCODE": "CI0202",
        "ADM3_FR": "YAMOUSSOUKRO",
        "ADM3_PCODE": "CI020201",
        "ADM4_FR": "YAMOUSSOUKRO",
        "ADM4_PCODE": "C8092",
        "centerLat": 6.81819,
        "centerLng": -5.27786,
        "pop": 212670,
        "Ted_MOOV": 1.1400000000000001,
        "Tcd_MOOV": 92.81,
        "Tddu_MOOV": 1.28,
        "Tddd_MOOV": 10.11,
        "Dmd_MOOV": 13289.09,
        "Dmu_MOOV": 19272.43,
        "Ted_MTN": 1.4200000000000002,
        "Tcd_MTN": 98.58,
        "Tddu_MTN": 0.0,
        "Tddd_MTN": 0.0,
        "Dmd_MTN": 47577.76,
        "Dmu_MTN": 22383.19,
        "Ted_ORANGE": 1.09,
        "Tcd_ORANGE": 99.41,
        "Tddu_ORANGE": 1.18,
        "Tddd_ORANGE": 4.760000000000001,
        "Dmd_ORANGE": 33032.62,
        "Dmu_ORANGE": 14225.54,
        "rang_Ted_ORANGE": 1,
        "rang_Ted_MTN": 3,
        "rang_Ted_MOOV": 2,
        "rang_Tcd_ORANGE": 1,
        "rang_Tcd_MTN": 2,
        "rang_Tcd_MOOV": 3,
        "rang_Tddd_ORANGE": 2,
        "rang_Tddd_MTN": 1,
        "rang_Tddd_MOOV": 3,
        "rang_Tddu_ORANGE": 2,
        "rang_Tddu_MTN": 1,
        "rang_Tddu_MOOV": 3,
        "rang_Dmd_ORANGE": 2,
        "rang_Dmd_MTN": 3,
        "rang_Dmd_MOOV": 1,
        "rang_Dmu_ORANGE": 1,
        "rang_Dmu_MTN": 3,
        "rang_Dmu_MOOV": 2
      },
      "id": 88
    },
    {
      "type": "Feature",
      "geometry": {
        "coordinates": [
          -5.39398,
          6.86876
        ],
        "type": "Point"
      },
      "properties": {
        "ADM0_FR": "DISTRICT AUTONOME DE YAMOUSSOUKRO",
        "ADM0_PCODE": "CI05",
        "ADM1_FR": "DISTRICT AUTONOME DE YAMOUSSOUKRO",
        "ADM1_PCODE": "CI102",
        "ADM2_FR": "YAMOUSSOUKRO",
        "ADM2_PCODE": "CI0202",
        "ADM3_FR": "YAMOUSSOUKRO",
        "ADM3_PCODE": "CI020201",
        "ADM4_FR": "ZATTA",
        "ADM4_PCODE": "C8337",
        "centerLat": 6.87876,
        "centerLng": -5.40398,
        "pop": 8391,
        "Ted_MOOV": 7.5,
        "Tcd_MOOV": 100.0,
        "Tddu_MOOV": 0.0,
        "Tddd_MOOV": 0.0,
        "Dmd_MOOV": 28159.34,
        "Dmu_MOOV": 14457.29,
        "Ted_MTN": 8.110000000000001,
        "Tcd_MTN": 89.19,
        "Tddu_MTN": 11.110000000000001,
        "Tddd_MTN": 5.26,
        "Dmd_MTN": 26288.29,
        "Dmu_MTN": 6064.35,
        "Ted_ORANGE": 8.33,
        "Tcd_ORANGE": 77.78,
        "Tddu_ORANGE": 0.0,
        "Tddd_ORANGE": 0.0,
        "Dmd_ORANGE": 27789.17,
        "Dmu_ORANGE": 9731.39,
        "rang_Ted_ORANGE": 3,
        "rang_Ted_MTN": 2,
        "rang_Ted_MOOV": 1,
        "rang_Tcd_ORANGE": 3,
        "rang_Tcd_MTN": 2,
        "rang_Tcd_MOOV": 1,
        "rang_Tddd_ORANGE": 1,
        "rang_Tddd_MTN": 3,
        "rang_Tddd_MOOV": 1,
        "rang_Tddu_ORANGE": 1,
        "rang_Tddu_MTN": 3,
        "rang_Tddu_MOOV": 1,
        "rang_Dmd_ORANGE": 2,
        "rang_Dmd_MTN": 1,
        "rang_Dmd_MOOV": 3,
        "rang_Dmu_ORANGE": 2,
        "rang_Dmu_MTN": 1,
        "rang_Dmu_MOOV": 3
      },
      "id": 89
    }
  ]
}