{
  "type": "FeatureCollection",
  "features": [
    {
      "type": "Feature",
      "geometry": {
        "coordinates": [
          -4.005850000000001,
          5.42515
        ],
        "type": "Point"
      },
      "properties": {
        "ADM0_FR": "DISTRICT AUTONOME D'ABIDJAN",
        "ADM0_PCODE": "CI04",
        "ADM1_FR": "DISTRICT AUTONOME D'ABIDJAN",
        "ADM1_PCODE": "CI101",
        "ADM2_FR": "ABIDJAN",
        "ADM2_PCODE": "CI0101",
        "ADM3_FR": "ABIDJAN",
        "ADM3_PCODE": "CI010101",
        "ADM4_FR": "ABOBO",
        "ADM4_PCODE": "C0029",
        "centerLat": 5.43515,
        "centerLng": -4.01585,
        "pop": 1030658,
        "Ted_MOOV": 1.4200000000000002,
        "Tcd_MOOV": 98.56,
        "Tddu_MOOV": 0.0,
        "Tddd_MOOV": 7.82,
        "Dmd_MOOV": 18487.91,
        "Dmu_MOOV": 16951.78,
        "Ted_MTN": 4.92,
        "Tcd_MTN": 97.0,
        "Tddu_MTN": 0.9400000000000001,
        "Tddd_MTN": 2.68,
        "Dmd_MTN": 27534.67,
        "Dmu_MTN": 26970.73,
        "Ted_ORANGE": 0.77,
        "Tcd_ORANGE": 99.48,
        "Tddu_ORANGE": 0.0,
        "Tddd_ORANGE": 0.0,
        "Dmd_ORANGE": 54619.7,
        "Dmu_ORANGE": 27797.02,
        "rang_Ted_ORANGE": 1,
        "rang_Ted_MTN": 3,
        "rang_Ted_MOOV": 2,
        "rang_Tcd_ORANGE": 1,
        "rang_Tcd_MTN": 3,
        "rang_Tcd_MOOV": 2,
        "rang_Tddd_ORANGE": 1,
        "rang_Tddd_MTN": 2,
        "rang_Tddd_MOOV": 3,
        "rang_Tddu_ORANGE": 1,
        "rang_Tddu_MTN": 3,
        "rang_Tddu_MOOV": 1,
        "rang_Dmd_ORANGE": 3,
        "rang_Dmd_MTN": 2,
        "rang_Dmd_MOOV": 1,
        "rang_Dmu_ORANGE": 3,
        "rang_Dmu_MTN": 2,
        "rang_Dmu_MOOV": 1
      },
      "id": 1
    },
    {
      "type": "Feature",
      "geometry": {
        "coordinates": [
          -4.00988,
          5.361870000000001
        ],
        "type": "Point"
      },
      "properties": {
        "ADM0_FR": "DISTRICT AUTONOME D'ABIDJAN",
        "ADM0_PCODE": "CI04",
        "ADM1_FR": "DISTRICT AUTONOME D'ABIDJAN",
        "ADM1_PCODE": "CI101",
        "ADM2_FR": "ABIDJAN",
        "ADM2_PCODE": "CI0101",
        "ADM3_FR": "ABIDJAN",
        "ADM3_PCODE": "CI010101",
        "ADM4_FR": "ADJAME",
        "ADM4_PCODE": "C0133",
        "centerLat": 5.37187,
        "centerLng": -4.01988,
        "pop": 372978,
        "Ted_MOOV": 0.0,
        "Tcd_MOOV": 98.68,
        "Tddu_MOOV": 0.0,
        "Tddd_MOOV": 0.62,
        "Dmd_MOOV": 59258.14,
        "Dmu_MOOV": 23520.19,
        "Ted_MTN": 3.39,
        "Tcd_MTN": 98.68,
        "Tddu_MTN": 0.0,
        "Tddd_MTN": 0.0,
        "Dmd_MTN": 45732.43,
        "Dmu_MTN": 26997.27,
        "Ted_ORANGE": 0.9900000000000001,
        "Tcd_ORANGE": 99.0,
        "Tddu_ORANGE": 1.1199999999999999,
        "Tddd_ORANGE": 0.0,
        "Dmd_ORANGE": 74340.54,
        "Dmu_ORANGE": 33951.38,
        "rang_Ted_ORANGE": 2,
        "rang_Ted_MTN": 3,
        "rang_Ted_MOOV": 1,
        "rang_Tcd_ORANGE": 1,
        "rang_Tcd_MTN": 2,
        "rang_Tcd_MOOV": 2,
        "rang_Tddd_ORANGE": 1,
        "rang_Tddd_MTN": 1,
        "rang_Tddd_MOOV": 3,
        "rang_Tddu_ORANGE": 3,
        "rang_Tddu_MTN": 1,
        "rang_Tddu_MOOV": 1,
        "rang_Dmd_ORANGE": 3,
        "rang_Dmd_MTN": 1,
        "rang_Dmd_MOOV": 2,
        "rang_Dmu_ORANGE": 3,
        "rang_Dmu_MTN": 2,
        "rang_Dmu_MOOV": 1
      },
      "id": 2
    },
    {
      "type": "Feature",
      "geometry": {
        "coordinates": [
          -4.04488,
          5.48466
        ],
        "type": "Point"
      },
      "properties": {
        "ADM0_FR": "DISTRICT AUTONOME D'ABIDJAN",
        "ADM0_PCODE": "CI04",
        "ADM1_FR": "DISTRICT AUTONOME D'ABIDJAN",
        "ADM1_PCODE": "CI101",
        "ADM2_FR": "ABIDJAN",
        "ADM2_PCODE": "CI0101",
        "ADM3_FR": "ANYAMA",
        "ADM3_PCODE": "CI010102",
        "ADM4_FR": "ANYAMA",
        "ADM4_PCODE": "C0570",
        "centerLat": 5.49466,
        "centerLng": -4.05488,
        "pop": 103297,
        "Ted_MOOV": 0.33,
        "Tcd_MOOV": 99.02,
        "Tddu_MOOV": 0.0,
        "Tddd_MOOV": 1.4000000000000001,
        "Dmd_MOOV": 34860.97,
        "Dmu_MOOV": 21536.7,
        "Ted_MTN": 3.81,
        "Tcd_MTN": 96.37,
        "Tddu_MTN": 0.0,
        "Tddd_MTN": 0.9400000000000001,
        "Dmd_MTN": 40725.58,
        "Dmu_MTN": 33582.5,
        "Ted_ORANGE": 0.29,
        "Tcd_ORANGE": 97.98,
        "Tddu_ORANGE": 0.0,
        "Tddd_ORANGE": 2.92,
        "Dmd_ORANGE": 56929.75,
        "Dmu_ORANGE": 35261.63,
        "rang_Ted_ORANGE": 1,
        "rang_Ted_MTN": 3,
        "rang_Ted_MOOV": 2,
        "rang_Tcd_ORANGE": 2,
        "rang_Tcd_MTN": 3,
        "rang_Tcd_MOOV": 1,
        "rang_Tddd_ORANGE": 3,
        "rang_Tddd_MTN": 1,
        "rang_Tddd_MOOV": 2,
        "rang_Tddu_ORANGE": 1,
        "rang_Tddu_MTN": 1,
        "rang_Tddu_MOOV": 1,
        "rang_Dmd_ORANGE": 3,
        "rang_Dmd_MTN": 2,
        "rang_Dmd_MOOV": 1,
        "rang_Dmu_ORANGE": 3,
        "rang_Dmu_MTN": 2,
        "rang_Dmu_MOOV": 1
      },
      "id": 3
    },
    {
      "type": "Feature",
      "geometry": {
        "coordinates": [
          -4.041980000000001,
          5.37219
        ],
        "type": "Point"
      },
      "properties": {
        "ADM0_FR": "DISTRICT AUTONOME D'ABIDJAN",
        "ADM0_PCODE": "CI04",
        "ADM1_FR": "DISTRICT AUTONOME D'ABIDJAN",
        "ADM1_PCODE": "CI101",
        "ADM2_FR": "ABIDJAN",
        "ADM2_PCODE": "CI0101",
        "ADM3_FR": "ABIDJAN",
        "ADM3_PCODE": "CI010101",
        "ADM4_FR": "ATTECOUBE",
        "ADM4_PCODE": "C0734",
        "centerLat": 5.38219,
        "centerLng": -4.05198,
        "pop": 260911,
        "Ted_MOOV": 0.0,
        "Tcd_MOOV": 100.0,
        "Tddu_MOOV": 0.0,
        "Tddd_MOOV": 2.98,
        "Dmd_MOOV": 41901.23,
        "Dmu_MOOV": 19330.28,
        "Ted_MTN": 1.7399999999999998,
        "Tcd_MTN": 99.11999999999999,
        "Tddu_MTN": 0.0,
        "Tddd_MTN": 0.0,
        "Dmd_MTN": 34907.63,
        "Dmu_MTN": 36158.67,
        "Ted_ORANGE": 1.59,
        "Tcd_ORANGE": 97.98,
        "Tddu_ORANGE": 2.63,
        "Tddd_ORANGE": 0.58,
        "Dmd_ORANGE": 64524.74,
        "Dmu_ORANGE": 31023.94,
        "rang_Ted_ORANGE": 2,
        "rang_Ted_MTN": 3,
        "rang_Ted_MOOV": 1,
        "rang_Tcd_ORANGE": 3,
        "rang_Tcd_MTN": 2,
        "rang_Tcd_MOOV": 1,
        "rang_Tddd_ORANGE": 2,
        "rang_Tddd_MTN": 1,
        "rang_Tddd_MOOV": 3,
        "rang_Tddu_ORANGE": 3,
        "rang_Tddu_MTN": 1,
        "rang_Tddu_MOOV": 1,
        "rang_Dmd_ORANGE": 3,
        "rang_Dmd_MTN": 1,
        "rang_Dmd_MOOV": 2,
        "rang_Dmu_ORANGE": 2,
        "rang_Dmu_MTN": 3,
        "rang_Dmu_MOOV": 1
      },
      "id": 4
    },
    {
      "type": "Feature",
      "geometry": {
        "coordinates": [
          -3.8870400000000003,
          5.349
        ],
        "type": "Point"
      },
      "properties": {
        "ADM0_FR": "DISTRICT AUTONOME D'ABIDJAN",
        "ADM0_PCODE": "CI04",
        "ADM1_FR": "DISTRICT AUTONOME D'ABIDJAN",
        "ADM1_PCODE": "CI101",
        "ADM2_FR": "ABIDJAN",
        "ADM2_PCODE": "CI0101",
        "ADM3_FR": "BINGERVILLE",
        "ADM3_PCODE": "CI010103",
        "ADM4_FR": "BINGERVILLE",
        "ADM4_PCODE": "C1214",
        "centerLat": 5.359,
        "centerLng": -3.89704,
        "pop": 64015,
        "Ted_MOOV": 7.21,
        "Tcd_MOOV": 95.85000000000001,
        "Tddu_MOOV": 11.86,
        "Tddd_MOOV": 17.91,
        "Dmd_MOOV": 17562.1,
        "Dmu_MOOV": 8059.63,
        "Ted_MTN": 6.069999999999999,
        "Tcd_MTN": 94.53,
        "Tddu_MTN": 3.45,
        "Tddd_MTN": 2.1,
        "Dmd_MTN": 22200.17,
        "Dmu_MTN": 19261.76,
        "Ted_ORANGE": 0.43,
        "Tcd_ORANGE": 98.71,
        "Tddu_ORANGE": 1.41,
        "Tddd_ORANGE": 0.0,
        "Dmd_ORANGE": 54927.06,
        "Dmu_ORANGE": 29405.33,
        "rang_Ted_ORANGE": 1,
        "rang_Ted_MTN": 2,
        "rang_Ted_MOOV": 3,
        "rang_Tcd_ORANGE": 1,
        "rang_Tcd_MTN": 3,
        "rang_Tcd_MOOV": 2,
        "rang_Tddd_ORANGE": 1,
        "rang_Tddd_MTN": 2,
        "rang_Tddd_MOOV": 3,
        "rang_Tddu_ORANGE": 1,
        "rang_Tddu_MTN": 2,
        "rang_Tddu_MOOV": 3,
        "rang_Dmd_ORANGE": 3,
        "rang_Dmd_MTN": 2,
        "rang_Dmd_MOOV": 1,
        "rang_Dmu_ORANGE": 3,
        "rang_Dmu_MTN": 2,
        "rang_Dmu_MOOV": 1
      },
      "id": 5
    },
    {
      "type": "Feature",
      "geometry": {
        "coordinates": [
          -3.9508900000000002,
          5.363
        ],
        "type": "Point"
      },
      "properties": {
        "ADM0_FR": "DISTRICT AUTONOME D'ABIDJAN",
        "ADM0_PCODE": "CI04",
        "ADM1_FR": "DISTRICT AUTONOME D'ABIDJAN",
        "ADM1_PCODE": "CI101",
        "ADM2_FR": "ABIDJAN",
        "ADM2_PCODE": "CI0101",
        "ADM3_FR": "ABIDJAN",
        "ADM3_PCODE": "CI010101",
        "ADM4_FR": "COCODY",
        "ADM4_PCODE": "C1672",
        "centerLat": 5.373,
        "centerLng": -3.96089,
        "pop": 447055,
        "Ted_MOOV": 1.17,
        "Tcd_MOOV": 97.16,
        "Tddu_MOOV": 3.91,
        "Tddd_MOOV": 5.42,
        "Dmd_MOOV": 35800.7,
        "Dmu_MOOV": 15023.17,
        "Ted_MTN": 3.16,
        "Tcd_MTN": 93.46,
        "Tddu_MTN": 0.0,
        "Tddd_MTN": 3.1300000000000003,
        "Dmd_MTN": 42389.34,
        "Dmu_MTN": 25651.83,
        "Ted_ORANGE": 0.42,
        "Tcd_ORANGE": 98.74000000000001,
        "Tddu_ORANGE": 2.07,
        "Tddd_ORANGE": 1.7999999999999998,
        "Dmd_ORANGE": 80114.3,
        "Dmu_ORANGE": 28647.63,
        "rang_Ted_ORANGE": 1,
        "rang_Ted_MTN": 3,
        "rang_Ted_MOOV": 2,
        "rang_Tcd_ORANGE": 1,
        "rang_Tcd_MTN": 3,
        "rang_Tcd_MOOV": 2,
        "rang_Tddd_ORANGE": 1,
        "rang_Tddd_MTN": 2,
        "rang_Tddd_MOOV": 3,
        "rang_Tddu_ORANGE": 2,
        "rang_Tddu_MTN": 1,
        "rang_Tddu_MOOV": 3,
        "rang_Dmd_ORANGE": 3,
        "rang_Dmd_MTN": 2,
        "rang_Dmd_MOOV": 1,
        "rang_Dmu_ORANGE": 3,
        "rang_Dmu_MTN": 2,
        "rang_Dmu_MOOV": 1
      },
      "id": 6
    },
    {
      "type": "Feature",
      "geometry": {
        "coordinates": [
          -3.7168900000000002,
          5.18266
        ],
        "type": "Point"
      },
      "properties": {
        "ADM0_FR": "COMOE",
        "ADM0_PCODE": "CI02",
        "ADM1_FR": "SUD-COMOE",
        "ADM1_PCODE": "CI130",
        "ADM2_FR": "GRAND-BASSAM",
        "ADM2_PCODE": "CI3003",
        "ADM3_FR": "GRAND-BASSAM",
        "ADM3_PCODE": "CI300303",
        "ADM4_FR": "GRAND-BASSAM",
        "ADM4_PCODE": "C3367",
        "centerLat": 5.19266,
        "centerLng": -3.72689,
        "pop": 74671,
        "Ted_MOOV": 5.56,
        "Tcd_MOOV": 97.06,
        "Tddu_MOOV": 0.0,
        "Tddd_MOOV": 0.69,
        "Dmd_MOOV": 60441.96,
        "Dmu_MOOV": 15032.6,
        "Ted_MTN": 13.79,
        "Tcd_MTN": 94.28999999999999,
        "Tddu_MTN": 3.85,
        "Tddd_MTN": 2.44,
        "Dmd_MTN": 31519.14,
        "Dmu_MTN": 17297.53,
        "Ted_ORANGE": 0.5,
        "Tcd_ORANGE": 97.47,
        "Tddu_ORANGE": 6.78,
        "Tddd_ORANGE": 0.0,
        "Dmd_ORANGE": 97540.78,
        "Dmu_ORANGE": 18193.56,
        "rang_Ted_ORANGE": 1,
        "rang_Ted_MTN": 3,
        "rang_Ted_MOOV": 2,
        "rang_Tcd_ORANGE": 1,
        "rang_Tcd_MTN": 3,
        "rang_Tcd_MOOV": 2,
        "rang_Tddd_ORANGE": 1,
        "rang_Tddd_MTN": 3,
        "rang_Tddd_MOOV": 2,
        "rang_Tddu_ORANGE": 3,
        "rang_Tddu_MTN": 2,
        "rang_Tddu_MOOV": 1,
        "rang_Dmd_ORANGE": 3,
        "rang_Dmd_MTN": 1,
        "rang_Dmd_MOOV": 2,
        "rang_Dmu_ORANGE": 3,
        "rang_Dmu_MTN": 2,
        "rang_Dmu_MOOV": 1
      },
      "id": 7
    },
    {
      "type": "Feature",
      "geometry": {
        "coordinates": [
          -3.9383600000000003,
          5.29249
        ],
        "type": "Point"
      },
      "properties": {
        "ADM0_FR": "DISTRICT AUTONOME D'ABIDJAN",
        "ADM0_PCODE": "CI04",
        "ADM1_FR": "DISTRICT AUTONOME D'ABIDJAN",
        "ADM1_PCODE": "CI101",
        "ADM2_FR": "ABIDJAN",
        "ADM2_PCODE": "CI0101",
        "ADM3_FR": "ABIDJAN",
        "ADM3_PCODE": "CI010101",
        "ADM4_FR": "KOUMASSI",
        "ADM4_PCODE": "C4694",
        "centerLat": 5.30249,
        "centerLng": -3.94836,
        "pop": 433139,
        "Ted_MOOV": 0.51,
        "Tcd_MOOV": 98.97,
        "Tddu_MOOV": 1.79,
        "Tddd_MOOV": 1.4500000000000002,
        "Dmd_MOOV": 41923.77,
        "Dmu_MOOV": 19758.71,
        "Ted_MTN": 3.35,
        "Tcd_MTN": 99.00999999999999,
        "Tddu_MTN": 0.0,
        "Tddd_MTN": 0.0,
        "Dmd_MTN": 56028.1,
        "Dmu_MTN": 24926.29,
        "Ted_ORANGE": 0.49,
        "Tcd_ORANGE": 99.51,
        "Tddu_ORANGE": 0.0,
        "Tddd_ORANGE": 0.0,
        "Dmd_ORANGE": 100639.16,
        "Dmu_ORANGE": 26278.72,
        "rang_Ted_ORANGE": 1,
        "rang_Ted_MTN": 3,
        "rang_Ted_MOOV": 2,
        "rang_Tcd_ORANGE": 1,
        "rang_Tcd_MTN": 2,
        "rang_Tcd_MOOV": 3,
        "rang_Tddd_ORANGE": 1,
        "rang_Tddd_MTN": 1,
        "rang_Tddd_MOOV": 3,
        "rang_Tddu_ORANGE": 1,
        "rang_Tddu_MTN": 1,
        "rang_Tddu_MOOV": 3,
        "rang_Dmd_ORANGE": 3,
        "rang_Dmd_MTN": 2,
        "rang_Dmd_MOOV": 1,
        "rang_Dmu_ORANGE": 3,
        "rang_Dmu_MTN": 2,
        "rang_Dmu_MOOV": 1
      },
      "id": 8
    },
    {
      "type": "Feature",
      "geometry": {
        "coordinates": [
          -3.97251,
          5.28932
        ],
        "type": "Point"
      },
      "properties": {
        "ADM0_FR": "DISTRICT AUTONOME D'ABIDJAN",
        "ADM0_PCODE": "CI04",
        "ADM1_FR": "DISTRICT AUTONOME D'ABIDJAN",
        "ADM1_PCODE": "CI101",
        "ADM2_FR": "ABIDJAN",
        "ADM2_PCODE": "CI0101",
        "ADM3_FR": "ABIDJAN",
        "ADM3_PCODE": "CI010101",
        "ADM4_FR": "MARCORY",
        "ADM4_PCODE": "C5375",
        "centerLat": 5.29932,
        "centerLng": -3.98251,
        "pop": 249858,
        "Ted_MOOV": 0.0,
        "Tcd_MOOV": 93.60000000000001,
        "Tddu_MOOV": 10.0,
        "Tddd_MOOV": 0.0,
        "Dmd_MOOV": 44079.07,
        "Dmu_MOOV": 14062.84,
        "Ted_MTN": 0.8500000000000001,
        "Tcd_MTN": 99.14,
        "Tddu_MTN": 0.0,
        "Tddd_MTN": 0.0,
        "Dmd_MTN": 57092.37,
        "Dmu_MTN": 28862.93,
        "Ted_ORANGE": 0.44,
        "Tcd_ORANGE": 99.56,
        "Tddu_ORANGE": 0.0,
        "Tddd_ORANGE": 0.0,
        "Dmd_ORANGE": 91923.32,
        "Dmu_ORANGE": 36773.76,
        "rang_Ted_ORANGE": 2,
        "rang_Ted_MTN": 3,
        "rang_Ted_MOOV": 1,
        "rang_Tcd_ORANGE": 1,
        "rang_Tcd_MTN": 2,
        "rang_Tcd_MOOV": 3,
        "rang_Tddd_ORANGE": 1,
        "rang_Tddd_MTN": 1,
        "rang_Tddd_MOOV": 1,
        "rang_Tddu_ORANGE": 1,
        "rang_Tddu_MTN": 1,
        "rang_Tddu_MOOV": 3,
        "rang_Dmd_ORANGE": 3,
        "rang_Dmd_MTN": 2,
        "rang_Dmd_MOOV": 1,
        "rang_Dmu_ORANGE": 3,
        "rang_Dmu_MTN": 2,
        "rang_Dmu_MOOV": 1
      },
      "id": 9
    },
    {
      "type": "Feature",
      "geometry": {
        "coordinates": [
          -4.01164,
          5.31517
        ],
        "type": "Point"
      },
      "properties": {
        "ADM0_FR": "DISTRICT AUTONOME D'ABIDJAN",
        "ADM0_PCODE": "CI04",
        "ADM1_FR": "DISTRICT AUTONOME D'ABIDJAN",
        "ADM1_PCODE": "CI101",
        "ADM2_FR": "ABIDJAN",
        "ADM2_PCODE": "CI0101",
        "ADM3_FR": "ABIDJAN",
        "ADM3_PCODE": "CI010101",
        "ADM4_FR": "PLATEAU",
        "ADM4_PCODE": "C6556",
        "centerLat": 5.32517,
        "centerLng": -4.02164,
        "pop": 7488,
        "Ted_MOOV": 0.0,
        "Tcd_MOOV": 99.51,
        "Tddu_MOOV": 0.0,
        "Tddd_MOOV": 0.69,
        "Dmd_MOOV": 55109.52,
        "Dmu_MOOV": 23355.96,
        "Ted_MTN": 1.96,
        "Tcd_MTN": 99.5,
        "Tddu_MTN": 0.0,
        "Tddd_MTN": 0.0,
        "Dmd_MTN": 44309.83,
        "Dmu_MTN": 26564.61,
        "Ted_ORANGE": 0.44,
        "Tcd_ORANGE": 98.67,
        "Tddu_ORANGE": 4.55,
        "Tddd_ORANGE": 0.0,
        "Dmd_ORANGE": 71212.37,
        "Dmu_ORANGE": 33617.97,
        "rang_Ted_ORANGE": 2,
        "rang_Ted_MTN": 3,
        "rang_Ted_MOOV": 1,
        "rang_Tcd_ORANGE": 3,
        "rang_Tcd_MTN": 2,
        "rang_Tcd_MOOV": 1,
        "rang_Tddd_ORANGE": 1,
        "rang_Tddd_MTN": 1,
        "rang_Tddd_MOOV": 3,
        "rang_Tddu_ORANGE": 3,
        "rang_Tddu_MTN": 1,
        "rang_Tddu_MOOV": 1,
        "rang_Dmd_ORANGE": 3,
        "rang_Dmd_MTN": 1,
        "rang_Dmd_MOOV": 2,
        "rang_Dmu_ORANGE": 3,
        "rang_Dmu_MTN": 2,
        "rang_Dmu_MOOV": 1
      },
      "id": 10
    },
    {
      "type": "Feature",
      "geometry": {
        "coordinates": [
          -3.9486260000000004,
          5.246881
        ],
        "type": "Point"
      },
      "properties": {
        "ADM0_FR": "DISTRICT AUTONOME D'ABIDJAN",
        "ADM0_PCODE": "CI04",
        "ADM1_FR": "DISTRICT AUTONOME D'ABIDJAN",
        "ADM1_PCODE": "CI101",
        "ADM2_FR": "ABIDJAN",
        "ADM2_PCODE": "CI0101",
        "ADM3_FR": "ABIDJAN",
        "ADM3_PCODE": "CI010101",
        "ADM4_FR": "PORT-BOUET",
        "ADM4_PCODE": "C6619",
        "centerLat": 5.256881,
        "centerLng": -3.958626,
        "pop": 419033,
        "Ted_MOOV": 6.569999999999999,
        "Tcd_MOOV": 95.56,
        "Tddu_MOOV": 8.540000000000001,
        "Tddd_MOOV": 2.13,
        "Dmd_MOOV": 56723.83,
        "Dmu_MOOV": 16179.58,
        "Ted_MTN": 0.37,
        "Tcd_MTN": 98.88,
        "Tddu_MTN": 0.0,
        "Tddd_MTN": 0.0,
        "Dmd_MTN": 48301.98,
        "Dmu_MTN": 21797.67,
        "Ted_ORANGE": 0.64,
        "Tcd_ORANGE": 99.68,
        "Tddu_ORANGE": 0.0,
        "Tddd_ORANGE": 0.45999999999999996,
        "Dmd_ORANGE": 74872.24,
        "Dmu_ORANGE": 33844.08,
        "rang_Ted_ORANGE": 2,
        "rang_Ted_MTN": 1,
        "rang_Ted_MOOV": 3,
        "rang_Tcd_ORANGE": 1,
        "rang_Tcd_MTN": 2,
        "rang_Tcd_MOOV": 3,
        "rang_Tddd_ORANGE": 2,
        "rang_Tddd_MTN": 1,
        "rang_Tddd_MOOV": 3,
        "rang_Tddu_ORANGE": 1,
        "rang_Tddu_MTN": 1,
        "rang_Tddu_MOOV": 3,
        "rang_Dmd_ORANGE": 3,
        "rang_Dmd_MTN": 1,
        "rang_Dmd_MOOV": 2,
        "rang_Dmu_ORANGE": 3,
        "rang_Dmu_MTN": 2,
        "rang_Dmu_MOOV": 1
      },
      "id": 11
    },
    {
      "type": "Feature",
      "geometry": {
        "coordinates": [
          -4.00044,
          5.2809800000000005
        ],
        "type": "Point"
      },
      "properties": {
        "ADM0_FR": "DISTRICT AUTONOME D'ABIDJAN",
        "ADM0_PCODE": "CI04",
        "ADM1_FR": "DISTRICT AUTONOME D'ABIDJAN",
        "ADM1_PCODE": "CI101",
        "ADM2_FR": "ABIDJAN",
        "ADM2_PCODE": "CI0101",
        "ADM3_FR": "ABIDJAN",
        "ADM3_PCODE": "CI010101",
        "ADM4_FR": "TREICHVILLE",
        "ADM4_PCODE": "C7913",
        "centerLat": 5.29098,
        "centerLng": -4.01044,
        "pop": 102580,
        "Ted_MOOV": 0.0,
        "Tcd_MOOV": 98.54,
        "Tddu_MOOV": 0.0,
        "Tddd_MOOV": 0.0,
        "Dmd_MOOV": 43676.3,
        "Dmu_MOOV": 23566.4,
        "Ted_MTN": 0.49,
        "Tcd_MTN": 99.00999999999999,
        "Tddu_MTN": 1.69,
        "Tddd_MTN": 0.0,
        "Dmd_MTN": 66782.13,
        "Dmu_MTN": 24747.89,
        "Ted_ORANGE": 2.23,
        "Tcd_ORANGE": 99.53999999999999,
        "Tddu_ORANGE": 0.0,
        "Tddd_ORANGE": 0.0,
        "Dmd_ORANGE": 103698.53,
        "Dmu_ORANGE": 28669.35,
        "rang_Ted_ORANGE": 3,
        "rang_Ted_MTN": 2,
        "rang_Ted_MOOV": 1,
        "rang_Tcd_ORANGE": 1,
        "rang_Tcd_MTN": 2,
        "rang_Tcd_MOOV": 3,
        "rang_Tddd_ORANGE": 1,
        "rang_Tddd_MTN": 1,
        "rang_Tddd_MOOV": 1,
        "rang_Tddu_ORANGE": 1,
        "rang_Tddu_MTN": 3,
        "rang_Tddu_MOOV": 1,
        "rang_Dmd_ORANGE": 3,
        "rang_Dmd_MTN": 2,
        "rang_Dmd_MOOV": 1,
        "rang_Dmu_ORANGE": 3,
        "rang_Dmu_MTN": 2,
        "rang_Dmu_MOOV": 1
      },
      "id": 12
    },
    {
      "type": "Feature",
      "geometry": {
        "coordinates": [
          -4.080150000000001,
          5.2984800000000005
        ],
        "type": "Point"
      },
      "properties": {
        "ADM0_FR": "DISTRICT AUTONOME D'ABIDJAN",
        "ADM0_PCODE": "CI04",
        "ADM1_FR": "DISTRICT AUTONOME D'ABIDJAN",
        "ADM1_PCODE": "CI101",
        "ADM2_FR": "ABIDJAN",
        "ADM2_PCODE": "CI0101",
        "ADM3_FR": "ABIDJAN",
        "ADM3_PCODE": "CI010101",
        "ADM4_FR": "YOPOUGON",
        "ADM4_PCODE": "C8230",
        "centerLat": 5.30848,
        "centerLng": -4.09015,
        "pop": 1071543,
        "Ted_MOOV": 0.0,
        "Tcd_MOOV": 98.87,
        "Tddu_MOOV": 0.96,
        "Tddd_MOOV": 1.2,
        "Dmd_MOOV": 29813.14,
        "Dmu_MOOV": 21935.0,
        "Ted_MTN": 5.65,
        "Tcd_MTN": 96.41,
        "Tddu_MTN": 0.0,
        "Tddd_MTN": 0.83,
        "Dmd_MTN": 30442.0,
        "Dmu_MTN": 19681.85,
        "Ted_ORANGE": 0.27999999999999997,
        "Tcd_ORANGE": 100.0,
        "Tddu_ORANGE": 0.0,
        "Tddd_ORANGE": 0.0,
        "Dmd_ORANGE": 54798.71,
        "Dmu_ORANGE": 26150.26,
        "rang_Ted_ORANGE": 2,
        "rang_Ted_MTN": 3,
        "rang_Ted_MOOV": 1,
        "rang_Tcd_ORANGE": 1,
        "rang_Tcd_MTN": 3,
        "rang_Tcd_MOOV": 2,
        "rang_Tddd_ORANGE": 1,
        "rang_Tddd_MTN": 2,
        "rang_Tddd_MOOV": 3,
        "rang_Tddu_ORANGE": 1,
        "rang_Tddu_MTN": 1,
        "rang_Tddu_MOOV": 3,
        "rang_Dmd_ORANGE": 3,
        "rang_Dmd_MTN": 2,
        "rang_Dmd_MOOV": 1,
        "rang_Dmu_ORANGE": 3,
        "rang_Dmu_MTN": 1,
        "rang_Dmu_MOOV": 2
      },
      "id": 13
    },
    {
      "type": "Feature",
      "geometry": {
        "coordinates": [
          -3.4867600000000003,
          6.7183600000000006
        ],
        "type": "Point"
      },
      "properties": {
        "ADM0_FR": "COMOE",
        "ADM0_PCODE": "CI02",
        "ADM1_FR": "INDENIE-DJUABLIN",
        "ADM1_PCODE": "CI120",
        "ADM2_FR": "ABENGOUROU",
        "ADM2_PCODE": "CI2001",
        "ADM3_FR": "ABENGOUROU",
        "ADM3_PCODE": "CI200101",
        "ADM4_FR": "ABENGOUROU",
        "ADM4_PCODE": "C0014",
        "centerLat": 6.72836,
        "centerLng": -3.49676,
        "pop": 100910,
        "Ted_MOOV": 0.0,
        "Tcd_MOOV": 96.7,
        "Tddu_MOOV": 3.2300000000000004,
        "Tddd_MOOV": 4.0,
        "Dmd_MOOV": 22884.27,
        "Dmu_MOOV": 13171.09,
        "Ted_MTN": 7.960000000000001,
        "Tcd_MTN": 92.78999999999999,
        "Tddu_MTN": 1.67,
        "Tddd_MTN": 2.03,
        "Dmd_MTN": 30555.82,
        "Dmu_MTN": 24351.54,
        "Ted_ORANGE": 0.0,
        "Tcd_ORANGE": 99.16,
        "Tddu_ORANGE": 0.0,
        "Tddd_ORANGE": 0.0,
        "Dmd_ORANGE": 61341.0,
        "Dmu_ORANGE": 21162.02,
        "rang_Ted_ORANGE": 1,
        "rang_Ted_MTN": 3,
        "rang_Ted_MOOV": 1,
        "rang_Tcd_ORANGE": 1,
        "rang_Tcd_MTN": 3,
        "rang_Tcd_MOOV": 2,
        "rang_Tddd_ORANGE": 1,
        "rang_Tddd_MTN": 2,
        "rang_Tddd_MOOV": 3,
        "rang_Tddu_ORANGE": 1,
        "rang_Tddu_MTN": 2,
        "rang_Tddu_MOOV": 3,
        "rang_Dmd_ORANGE": 3,
        "rang_Dmd_MTN": 2,
        "rang_Dmd_MOOV": 1,
        "rang_Dmu_ORANGE": 2,
        "rang_Dmu_MTN": 3,
        "rang_Dmu_MOOV": 1
      },
      "id": 14
    },
    {
      "type": "Feature",
      "geometry": {
        "coordinates": [
          -4.99,
          6.59
        ],
        "type": "Point"
      },
      "properties": {
        "ADM0_FR": "LACS",
        "ADM0_PCODE": "CI07",
        "ADM1_FR": "BELIER",
        "ADM1_PCODE": "CI106",
        "ADM2_FR": "TOUMODI",
        "ADM2_PCODE": "CI0604",
        "ADM3_FR": "TOUMODI",
        "ADM3_PCODE": "CI060401",
        "ADM4_FR": "ABLI-BONIKRO",
        "ADM4_PCODE": "C0027",
        "centerLat": 6.6,
        "centerLng": -5.0,
        "pop": 648,
        "Ted_MOOV": 12.0,
        "Tcd_MOOV": 61.82,
        "Tddu_MOOV": 23.53,
        "Tddd_MOOV": 3.95,
        "Dmd_MOOV": 10480.36,
        "Dmu_MOOV": 2219.04,
        "Ted_MTN": 22.12,
        "Tcd_MTN": 59.77,
        "Tddu_MTN": 26.919999999999998,
        "Tddd_MTN": 22.95,
        "Dmd_MTN": 3163.92,
        "Dmu_MTN": 1325.96,
        "Ted_ORANGE": 1.71,
        "Tcd_ORANGE": 89.57000000000001,
        "Tddu_ORANGE": 8.33,
        "Tddd_ORANGE": 18.990000000000002,
        "Dmd_ORANGE": 5244.86,
        "Dmu_ORANGE": 2333.96,
        "rang_Ted_ORANGE": 1,
        "rang_Ted_MTN": 3,
        "rang_Ted_MOOV": 2,
        "rang_Tcd_ORANGE": 1,
        "rang_Tcd_MTN": 3,
        "rang_Tcd_MOOV": 2,
        "rang_Tddd_ORANGE": 2,
        "rang_Tddd_MTN": 3,
        "rang_Tddd_MOOV": 1,
        "rang_Tddu_ORANGE": 1,
        "rang_Tddu_MTN": 3,
        "rang_Tddu_MOOV": 2,
        "rang_Dmd_ORANGE": 2,
        "rang_Dmd_MTN": 1,
        "rang_Dmd_MOOV": 3,
        "rang_Dmu_ORANGE": 3,
        "rang_Dmu_MTN": 1,
        "rang_Dmu_MOOV": 2
      },
      "id": 15
    },
    {
      "type": "Feature",
      "geometry": {
        "coordinates": [
          -3.1967700000000003,
          5.46457
        ],
        "type": "Point"
      },
      "properties": {
        "ADM0_FR": "COMOE",
        "ADM0_PCODE": "CI02",
        "ADM1_FR": "SUD-COMOE",
        "ADM1_PCODE": "CI130",
        "ADM2_FR": "ABOISSO",
        "ADM2_PCODE": "CI3001",
        "ADM3_FR": "ABOISSO",
        "ADM3_PCODE": "CI300101",
        "ADM4_FR": "ABOISSO",
        "ADM4_PCODE": "C0033",
        "centerLat": 5.47457,
        "centerLng": -3.20677,
        "pop": 45688,
        "Ted_MOOV": 0.0,
        "Tcd_MOOV": 99.03999999999999,
        "Tddu_MOOV": 0.0,
        "Tddd_MOOV": 3.4000000000000004,
        "Dmd_MOOV": 19072.4,
        "Dmu_MOOV": 11145.72,
        "Ted_MTN": 3.2099999999999995,
        "Tcd_MTN": 98.1,
        "Tddu_MTN": 0.0,
        "Tddd_MTN": 0.0,
        "Dmd_MTN": 36217.18,
        "Dmu_MTN": 28188.03,
        "Ted_ORANGE": 0.49,
        "Tcd_ORANGE": 99.00999999999999,
        "Tddu_ORANGE": 0.0,
        "Tddd_ORANGE": 0.0,
        "Dmd_ORANGE": 18230.69,
        "Dmu_ORANGE": 19711.61,
        "rang_Ted_ORANGE": 2,
        "rang_Ted_MTN": 3,
        "rang_Ted_MOOV": 1,
        "rang_Tcd_ORANGE": 2,
        "rang_Tcd_MTN": 3,
        "rang_Tcd_MOOV": 1,
        "rang_Tddd_ORANGE": 1,
        "rang_Tddd_MTN": 1,
        "rang_Tddd_MOOV": 3,
        "rang_Tddu_ORANGE": 1,
        "rang_Tddu_MTN": 1,
        "rang_Tddu_MOOV": 1,
        "rang_Dmd_ORANGE": 1,
        "rang_Dmd_MTN": 3,
        "rang_Dmd_MOOV": 2,
        "rang_Dmu_ORANGE": 2,
        "rang_Dmu_MTN": 3,
        "rang_Dmu_MOOV": 1
      },
      "id": 16
    },
    {
      "type": "Feature",
      "geometry": {
        "coordinates": [
          -3.14,
          5.3
        ],
        "type": "Point"
      },
      "properties": {
        "ADM0_FR": "COMOE",
        "ADM0_PCODE": "CI02",
        "ADM1_FR": "SUD-COMOE",
        "ADM1_PCODE": "CI130",
        "ADM2_FR": "ABOISSO",
        "ADM2_PCODE": "CI3001",
        "ADM3_FR": "ADJOUAN",
        "ADM3_PCODE": "CI300103",
        "ADM4_FR": "ADJOUAN",
        "ADM4_PCODE": "C0150",
        "centerLat": 5.31,
        "centerLng": -3.15,
        "pop": 3297,
        "Ted_MOOV": 1.3,
        "Tcd_MOOV": 92.11,
        "Tddu_MOOV": 12.770000000000001,
        "Tddd_MOOV": 79.05,
        "Dmd_MOOV": 470.83,
        "Dmu_MOOV": 2329.01,
        "Ted_MTN": 24.52,
        "Tcd_MTN": 77.78,
        "Tddu_MTN": 22.220000000000002,
        "Tddd_MTN": 0.0,
        "Dmd_MTN": 9318.27,
        "Dmu_MTN": 4862.75,
        "Ted_ORANGE": 5.88,
        "Tcd_ORANGE": 82.64,
        "Tddu_ORANGE": 15.909999999999998,
        "Tddd_ORANGE": 19.0,
        "Dmd_ORANGE": 4489.99,
        "Dmu_ORANGE": 3224.92,
        "rang_Ted_ORANGE": 2,
        "rang_Ted_MTN": 3,
        "rang_Ted_MOOV": 1,
        "rang_Tcd_ORANGE": 2,
        "rang_Tcd_MTN": 3,
        "rang_Tcd_MOOV": 1,
        "rang_Tddd_ORANGE": 2,
        "rang_Tddd_MTN": 1,
        "rang_Tddd_MOOV": 3,
        "rang_Tddu_ORANGE": 2,
        "rang_Tddu_MTN": 3,
        "rang_Tddu_MOOV": 1,
        "rang_Dmd_ORANGE": 2,
        "rang_Dmd_MTN": 3,
        "rang_Dmd_MOOV": 1,
        "rang_Dmu_ORANGE": 2,
        "rang_Dmu_MTN": 3,
        "rang_Dmu_MOOV": 1
      },
      "id": 17
    },
    {
      "type": "Feature",
      "geometry": {
        "coordinates": [
          -3.8442000000000003,
          6.331160000000001
        ],
        "type": "Point"
      },
      "properties": {
        "ADM0_FR": "LAGUNES",
        "ADM0_PCODE": "CI08",
        "ADM1_FR": "LA ME",
        "ADM1_PCODE": "CI124",
        "ADM2_FR": "AKOUPE",
        "ADM2_PCODE": "CI2402",
        "ADM3_FR": "AKOUPE",
        "ADM3_PCODE": "CI240202",
        "ADM4_FR": "AGBAOU",
        "ADM4_PCODE": "C0209",
        "centerLat": 6.34116,
        "centerLng": -3.8542,
        "pop": 8012,
        "Ted_MOOV": 20.61,
        "Tcd_MOOV": 76.92,
        "Tddu_MOOV": 52.629999999999995,
        "Tddd_MOOV": 61.96,
        "Dmd_MOOV": 864.33,
        "Dmu_MOOV": 1148.27,
        "Ted_MTN": 34.35,
        "Tcd_MTN": 40.0,
        "Tddu_MTN": 54.169999999999995,
        "Tddd_MTN": 34.43,
        "Dmd_MTN": 1446.95,
        "Dmu_MTN": 659.16,
        "Ted_ORANGE": 0.0,
        "Tcd_ORANGE": 99.33,
        "Tddu_ORANGE": 2.22,
        "Tddd_ORANGE": 0.0,
        "Dmd_ORANGE": 13956.3,
        "Dmu_ORANGE": 4636.24,
        "rang_Ted_ORANGE": 1,
        "rang_Ted_MTN": 3,
        "rang_Ted_MOOV": 2,
        "rang_Tcd_ORANGE": 1,
        "rang_Tcd_MTN": 3,
        "rang_Tcd_MOOV": 2,
        "rang_Tddd_ORANGE": 1,
        "rang_Tddd_MTN": 2,
        "rang_Tddd_MOOV": 3,
        "rang_Tddu_ORANGE": 1,
        "rang_Tddu_MTN": 3,
        "rang_Tddu_MOOV": 2,
        "rang_Dmd_ORANGE": 3,
        "rang_Dmd_MTN": 2,
        "rang_Dmd_MOOV": 1,
        "rang_Dmu_ORANGE": 3,
        "rang_Dmu_MTN": 1,
        "rang_Dmu_MOOV": 2
      },
      "id": 18
    },
    {
      "type": "Feature",
      "geometry": {
        "coordinates": [
          -4.20523,
          5.91964
        ],
        "type": "Point"
      },
      "properties": {
        "ADM0_FR": "LAGUNES",
        "ADM0_PCODE": "CI08",
        "ADM1_FR": "AGNEBY-TIASSA",
        "ADM1_PCODE": "CI103",
        "ADM2_FR": "AGBOVILLE",
        "ADM2_PCODE": "CI0301",
        "ADM3_FR": "AGBOVILLE",
        "ADM3_PCODE": "CI030102",
        "ADM4_FR": "AGBOVILLE",
        "ADM4_PCODE": "C0215",
        "centerLat": 5.92964,
        "centerLng": -4.21523,
        "pop": 50873,
        "Ted_MOOV": 0.0,
        "Tcd_MOOV": 98.64,
        "Tddu_MOOV": 0.0,
        "Tddd_MOOV": 9.68,
        "Dmd_MOOV": 19790.6,
        "Dmu_MOOV": 10793.4,
        "Ted_MTN": 14.11,
        "Tcd_MTN": 92.75,
        "Tddu_MTN": 0.0,
        "Tddd_MTN": 4.03,
        "Dmd_MTN": 12121.43,
        "Dmu_MTN": 18711.4,
        "Ted_ORANGE": 0.5499999999999999,
        "Tcd_ORANGE": 99.44,
        "Tddu_ORANGE": 0.0,
        "Tddd_ORANGE": 1.5599999999999998,
        "Dmd_ORANGE": 22922.84,
        "Dmu_ORANGE": 19058.54,
        "rang_Ted_ORANGE": 2,
        "rang_Ted_MTN": 3,
        "rang_Ted_MOOV": 1,
        "rang_Tcd_ORANGE": 1,
        "rang_Tcd_MTN": 3,
        "rang_Tcd_MOOV": 2,
        "rang_Tddd_ORANGE": 1,
        "rang_Tddd_MTN": 2,
        "rang_Tddd_MOOV": 3,
        "rang_Tddu_ORANGE": 1,
        "rang_Tddu_MTN": 1,
        "rang_Tddu_MOOV": 1,
        "rang_Dmd_ORANGE": 3,
        "rang_Dmd_MTN": 1,
        "rang_Dmd_MOOV": 2,
        "rang_Dmu_ORANGE": 3,
        "rang_Dmu_MTN": 2,
        "rang_Dmu_MOOV": 1
      },
      "id": 19
    },
    {
      "type": "Feature",
      "geometry": {
        "coordinates": [
          -3.1927800000000004,
          7.119870000000001
        ],
        "type": "Point"
      },
      "properties": {
        "ADM0_FR": "COMOE",
        "ADM0_PCODE": "CI02",
        "ADM1_FR": "INDENIE-DJUABLIN",
        "ADM1_PCODE": "CI120",
        "ADM2_FR": "AGNIBILEKROU",
        "ADM2_PCODE": "CI2002",
        "ADM3_FR": "AGNIBILEKROU",
        "ADM3_PCODE": "CI200201",
        "ADM4_FR": "AGNIBILEKROU",
        "ADM4_PCODE": "C0224",
        "centerLat": 7.12987,
        "centerLng": -3.20278,
        "pop": 48611,
        "Ted_MOOV": 0.0,
        "Tcd_MOOV": 97.47,
        "Tddu_MOOV": 1.69,
        "Tddd_MOOV": 2.88,
        "Dmd_MOOV": 12297.54,
        "Dmu_MOOV": 9300.48,
        "Ted_MTN": 5.6899999999999995,
        "Tcd_MTN": 94.47,
        "Tddu_MTN": 1.72,
        "Tddd_MTN": 0.0,
        "Dmd_MTN": 23360.37,
        "Dmu_MTN": 25202.45,
        "Ted_ORANGE": 0.0,
        "Tcd_ORANGE": 99.56,
        "Tddu_ORANGE": 0.0,
        "Tddd_ORANGE": 0.0,
        "Dmd_ORANGE": 39881.83,
        "Dmu_ORANGE": 24641.5,
        "rang_Ted_ORANGE": 1,
        "rang_Ted_MTN": 3,
        "rang_Ted_MOOV": 1,
        "rang_Tcd_ORANGE": 1,
        "rang_Tcd_MTN": 3,
        "rang_Tcd_MOOV": 2,
        "rang_Tddd_ORANGE": 1,
        "rang_Tddd_MTN": 1,
        "rang_Tddd_MOOV": 3,
        "rang_Tddu_ORANGE": 1,
        "rang_Tddu_MTN": 3,
        "rang_Tddu_MOOV": 2,
        "rang_Dmd_ORANGE": 3,
        "rang_Dmd_MTN": 2,
        "rang_Dmd_MOOV": 1,
        "rang_Dmu_ORANGE": 2,
        "rang_Dmu_MTN": 3,
        "rang_Dmu_MOOV": 1
      },
      "id": 20
    },
    {
      "type": "Feature",
      "geometry": {
        "coordinates": [
          -3.9437900000000004,
          7.08237
        ],
        "type": "Point"
      },
      "properties": {
        "ADM0_FR": "LACS",
        "ADM0_PCODE": "CI07",
        "ADM1_FR": "IFFOU",
        "ADM1_PCODE": "CI119",
        "ADM2_FR": "DAOUKRO",
        "ADM2_PCODE": "CI1901",
        "ADM3_FR": "DAOUKRO",
        "ADM3_PCODE": "CI190103",
        "ADM4_FR": "ANOUMABO",
        "ADM4_PCODE": "C0565",
        "centerLat": 7.09237,
        "centerLng": -3.95379,
        "pop": 2323,
        "Ted_MOOV": 32.940000000000005,
        "Tcd_MOOV": 89.47,
        "Tddu_MOOV": 25.0,
        "Tddd_MOOV": 9.76,
        "Dmd_MOOV": 23440.3,
        "Dmu_MOOV": 7207.03,
        "Ted_MTN": 57.49999999999999,
        "Tcd_MTN": 52.94,
        "Tddu_MTN": 50.0,
        "Tddd_MTN": 62.160000000000004,
        "Dmd_MTN": 644.37,
        "Dmu_MTN": 987.55,
        "Ted_ORANGE": 15.290000000000001,
        "Tcd_ORANGE": 80.56,
        "Tddu_ORANGE": 14.29,
        "Tddd_ORANGE": 19.61,
        "Dmd_ORANGE": 3876.84,
        "Dmu_ORANGE": 1053.04,
        "rang_Ted_ORANGE": 1,
        "rang_Ted_MTN": 3,
        "rang_Ted_MOOV": 2,
        "rang_Tcd_ORANGE": 2,
        "rang_Tcd_MTN": 3,
        "rang_Tcd_MOOV": 1,
        "rang_Tddd_ORANGE": 2,
        "rang_Tddd_MTN": 3,
        "rang_Tddd_MOOV": 1,
        "rang_Tddu_ORANGE": 1,
        "rang_Tddu_MTN": 3,
        "rang_Tddu_MOOV": 2,
        "rang_Dmd_ORANGE": 2,
        "rang_Dmd_MTN": 1,
        "rang_Dmd_MOOV": 3,
        "rang_Dmu_ORANGE": 2,
        "rang_Dmu_MTN": 1,
        "rang_Dmu_MOOV": 3
      },
      "id": 21
    },
    {
      "type": "Feature",
      "geometry": {
        "coordinates": [
          -3.95954,
          6.66259
        ],
        "type": "Point"
      },
      "properties": {
        "ADM0_FR": "LACS",
        "ADM0_PCODE": "CI07",
        "ADM1_FR": "MORONOU",
        "ADM1_PCODE": "CI125",
        "ADM2_FR": "ARRAH",
        "ADM2_PCODE": "CI2501",
        "ADM3_FR": "ARRAH",
        "ADM3_PCODE": "CI250101",
        "ADM4_FR": "ARRAH",
        "ADM4_PCODE": "C0600",
        "centerLat": 6.67259,
        "centerLng": -3.96954,
        "pop": 24122,
        "Ted_MOOV": 0.0,
        "Tcd_MOOV": 100.0,
        "Tddu_MOOV": 0.0,
        "Tddd_MOOV": 0.0,
        "Dmd_MOOV": 38849.64,
        "Dmu_MOOV": 14202.53,
        "Ted_MTN": 7.6499999999999995,
        "Tcd_MTN": 98.09,
        "Tddu_MTN": 0.0,
        "Tddd_MTN": 0.0,
        "Dmd_MTN": 46075.46,
        "Dmu_MTN": 19761.52,
        "Ted_ORANGE": 0.0,
        "Tcd_ORANGE": 100.0,
        "Tddu_ORANGE": 0.0,
        "Tddd_ORANGE": 0.0,
        "Dmd_ORANGE": 37345.82,
        "Dmu_ORANGE": 15013.0,
        "rang_Ted_ORANGE": 1,
        "rang_Ted_MTN": 3,
        "rang_Ted_MOOV": 1,
        "rang_Tcd_ORANGE": 1,
        "rang_Tcd_MTN": 3,
        "rang_Tcd_MOOV": 1,
        "rang_Tddd_ORANGE": 1,
        "rang_Tddd_MTN": 1,
        "rang_Tddd_MOOV": 1,
        "rang_Tddu_ORANGE": 1,
        "rang_Tddu_MTN": 1,
        "rang_Tddu_MOOV": 1,
        "rang_Dmd_ORANGE": 1,
        "rang_Dmd_MTN": 3,
        "rang_Dmd_MOOV": 2,
        "rang_Dmu_ORANGE": 2,
        "rang_Dmu_MTN": 3,
        "rang_Dmu_MOOV": 1
      },
      "id": 22
    },
    {
      "type": "Feature",
      "geometry": {
        "coordinates": [
          -5.44996,
          7.68429
        ],
        "type": "Point"
      },
      "properties": {
        "ADM0_FR": "VALLEE DU BANDAMA",
        "ADM0_PCODE": "CI12",
        "ADM1_FR": "GBEKE",
        "ADM1_PCODE": "CI111",
        "ADM2_FR": "BEOUMI",
        "ADM2_PCODE": "CI1101",
        "ADM3_FR": "BEOUMI",
        "ADM3_PCODE": "CI110102",
        "ADM4_FR": "ASSAKRA",
        "ADM4_PCODE": "C0615",
        "centerLat": 7.69429,
        "centerLng": -5.45996,
        "pop": 1281,
        "Ted_MOOV": 3.9600000000000004,
        "Tcd_MOOV": 75.26,
        "Tddu_MOOV": 13.33,
        "Tddd_MOOV": 1.49,
        "Dmd_MOOV": 10564.94,
        "Dmu_MOOV": 5651.29,
        "Ted_MTN": 4.62,
        "Tcd_MTN": 50.0,
        "Tddu_MTN": 5.26,
        "Tddd_MTN": 2.33,
        "Dmd_MTN": 3326.38,
        "Dmu_MTN": 1671.3,
        "Ted_ORANGE": 2.91,
        "Tcd_ORANGE": 94.95,
        "Tddu_ORANGE": 3.3300000000000005,
        "Tddd_ORANGE": 2.9000000000000004,
        "Dmd_ORANGE": 8769.53,
        "Dmu_ORANGE": 3171.95,
        "rang_Ted_ORANGE": 1,
        "rang_Ted_MTN": 3,
        "rang_Ted_MOOV": 2,
        "rang_Tcd_ORANGE": 1,
        "rang_Tcd_MTN": 3,
        "rang_Tcd_MOOV": 2,
        "rang_Tddd_ORANGE": 3,
        "rang_Tddd_MTN": 2,
        "rang_Tddd_MOOV": 1,
        "rang_Tddu_ORANGE": 1,
        "rang_Tddu_MTN": 2,
        "rang_Tddu_MOOV": 3,
        "rang_Dmd_ORANGE": 2,
        "rang_Dmd_MTN": 1,
        "rang_Dmd_MOOV": 3,
        "rang_Dmu_ORANGE": 2,
        "rang_Dmu_MTN": 1,
        "rang_Dmu_MOOV": 3
      },
      "id": 23
    },
    {
      "type": "Feature",
      "geometry": {
        "coordinates": [
          -2.96986,
          7.69073
        ],
        "type": "Point"
      },
      "properties": {
        "ADM0_FR": "ZANZAN",
        "ADM0_PCODE": "CI14",
        "ADM1_FR": "GONTOUGO",
        "ADM1_PCODE": "CI114",
        "ADM2_FR": "TRANSUA",
        "ADM2_PCODE": "CI1405",
        "ADM3_FR": "ASSUEFRY",
        "ADM3_PCODE": "CI140502",
        "ADM4_FR": "ASSUÉFRY",
        "ADM4_PCODE": "C0722",
        "centerLat": 7.70073,
        "centerLng": -2.97986,
        "pop": 9759,
        "Ted_MOOV": 1.8900000000000001,
        "Tcd_MOOV": 98.08,
        "Tddu_MOOV": 0.0,
        "Tddd_MOOV": 1.37,
        "Dmd_MOOV": 25476.13,
        "Dmu_MOOV": 17204.76,
        "Ted_MTN": 51.89,
        "Tcd_MTN": 23.53,
        "Tddu_MTN": 80.0,
        "Tddd_MTN": 16.669999999999998,
        "Dmd_MTN": 4136.68,
        "Dmu_MTN": 557.71,
        "Ted_ORANGE": 0.0,
        "Tcd_ORANGE": 100.0,
        "Tddu_ORANGE": 0.0,
        "Tddd_ORANGE": 0.0,
        "Dmd_ORANGE": 36296.83,
        "Dmu_ORANGE": 18466.19,
        "rang_Ted_ORANGE": 1,
        "rang_Ted_MTN": 3,
        "rang_Ted_MOOV": 2,
        "rang_Tcd_ORANGE": 1,
        "rang_Tcd_MTN": 3,
        "rang_Tcd_MOOV": 2,
        "rang_Tddd_ORANGE": 1,
        "rang_Tddd_MTN": 3,
        "rang_Tddd_MOOV": 2,
        "rang_Tddu_ORANGE": 1,
        "rang_Tddu_MTN": 3,
        "rang_Tddu_MOOV": 1,
        "rang_Dmd_ORANGE": 3,
        "rang_Dmd_MTN": 1,
        "rang_Dmd_MOOV": 2,
        "rang_Dmu_ORANGE": 3,
        "rang_Dmu_MTN": 1,
        "rang_Dmu_MOOV": 2
      },
      "id": 24
    },
    {
      "type": "Feature",
      "geometry": {
        "coordinates": [
          -5.95288,
          6.43555
        ],
        "type": "Point"
      },
      "properties": {
        "ADM0_FR": "GOH-DJIBOUA",
        "ADM0_PCODE": "CI06",
        "ADM1_FR": "GOH",
        "ADM1_PCODE": "CI113",
        "ADM2_FR": "GAGNOA",
        "ADM2_PCODE": "CI1301",
        "ADM3_FR": "BAYOTA",
        "ADM3_PCODE": "CI130101",
        "ADM4_FR": "BLOUZON",
        "ADM4_PCODE": "C1296",
        "centerLat": 6.44555,
        "centerLng": -5.96288,
        "pop": 391,
        "Ted_MOOV": 46.0,
        "Tcd_MOOV": 42.59,
        "Tddu_MOOV": 64.71000000000001,
        "Tddd_MOOV": 59.46,
        "Dmd_MOOV": 1991.61,
        "Dmu_MOOV": 965.07,
        "Ted_MTN": 21.85,
        "Tcd_MTN": 65.56,
        "Tddu_MTN": 50.0,
        "Tddd_MTN": 17.19,
        "Dmd_MTN": 6556.67,
        "Dmu_MTN": 1184.09,
        "Ted_ORANGE": 4.35,
        "Tcd_ORANGE": 82.73,
        "Tddu_ORANGE": 32.35,
        "Tddd_ORANGE": 6.58,
        "Dmd_ORANGE": 2621.97,
        "Dmu_ORANGE": 1868.82,
        "rang_Ted_ORANGE": 1,
        "rang_Ted_MTN": 2,
        "rang_Ted_MOOV": 3,
        "rang_Tcd_ORANGE": 1,
        "rang_Tcd_MTN": 2,
        "rang_Tcd_MOOV": 3,
        "rang_Tddd_ORANGE": 1,
        "rang_Tddd_MTN": 2,
        "rang_Tddd_MOOV": 3,
        "rang_Tddu_ORANGE": 1,
        "rang_Tddu_MTN": 2,
        "rang_Tddu_MOOV": 3,
        "rang_Dmd_ORANGE": 2,
        "rang_Dmd_MTN": 3,
        "rang_Dmd_MOOV": 1,
        "rang_Dmu_ORANGE": 3,
        "rang_Dmu_MTN": 2,
        "rang_Dmu_MOOV": 1
      },
      "id": 25
    },
    {
      "type": "Feature",
      "geometry": {
        "coordinates": [
          -4.48751,
          7.05267
        ],
        "type": "Point"
      },
      "properties": {
        "ADM0_FR": "LACS",
        "ADM0_PCODE": "CI07",
        "ADM1_FR": "N'ZI",
        "ADM1_PCODE": "CI127",
        "ADM2_FR": "BOCANDA",
        "ADM2_PCODE": "CI2701",
        "ADM3_FR": "BOCANDA",
        "ADM3_PCODE": "CI270102",
        "ADM4_FR": "BOCANDA",
        "ADM4_PCODE": "C1317",
        "centerLat": 7.06267,
        "centerLng": -4.49751,
        "pop": 10684,
        "Ted_MOOV": 0.0,
        "Tcd_MOOV": 99.52,
        "Tddu_MOOV": 0.0,
        "Tddd_MOOV": 0.0,
        "Dmd_MOOV": 73404.78,
        "Dmu_MOOV": 27271.75,
        "Ted_MTN": 27.779999999999998,
        "Tcd_MTN": 91.53999999999999,
        "Tddu_MTN": 0.0,
        "Tddd_MTN": 17.02,
        "Dmd_MTN": 3411.88,
        "Dmu_MTN": 15109.73,
        "Ted_ORANGE": 2.22,
        "Tcd_ORANGE": 59.660000000000004,
        "Tddu_ORANGE": 0.0,
        "Tddd_ORANGE": 36.89,
        "Dmd_ORANGE": 6048.09,
        "Dmu_ORANGE": 12598.27,
        "rang_Ted_ORANGE": 2,
        "rang_Ted_MTN": 3,
        "rang_Ted_MOOV": 1,
        "rang_Tcd_ORANGE": 3,
        "rang_Tcd_MTN": 2,
        "rang_Tcd_MOOV": 1,
        "rang_Tddd_ORANGE": 3,
        "rang_Tddd_MTN": 2,
        "rang_Tddd_MOOV": 1,
        "rang_Tddu_ORANGE": 1,
        "rang_Tddu_MTN": 1,
        "rang_Tddu_MOOV": 1,
        "rang_Dmd_ORANGE": 2,
        "rang_Dmd_MTN": 1,
        "rang_Dmd_MOOV": 3,
        "rang_Dmu_ORANGE": 1,
        "rang_Dmu_MTN": 2,
        "rang_Dmu_MOOV": 3
      },
      "id": 26
    },
    {
      "type": "Feature",
      "geometry": {
        "coordinates": [
          -2.79,
          8.03
        ],
        "type": "Point"
      },
      "properties": {
        "ADM0_FR": "COMOE",
        "ADM0_PCODE": "CI02",
        "ADM1_FR": "SUD-COMOE",
        "ADM1_PCODE": "CI130",
        "ADM2_FR": "ADIAKE",
        "ADM2_PCODE": "CI3002",
        "ADM3_FR": "ADIAKE",
        "ADM3_PCODE": "CI300201",
        "ADM4_FR": "BONDOUKOU",
        "ADM4_PCODE": "C1424",
        "centerLat": 8.04,
        "centerLng": -2.8,
        "pop": 1837,
        "Ted_MOOV": 0.0,
        "Tcd_MOOV": 96.77,
        "Tddu_MOOV": 9.26,
        "Tddd_MOOV": 0.0,
        "Dmd_MOOV": 19781.85,
        "Dmu_MOOV": 12807.66,
        "Ted_MTN": 3.4099999999999997,
        "Tcd_MTN": 98.99,
        "Tddu_MTN": 0.0,
        "Tddd_MTN": 0.0,
        "Dmd_MTN": 34804.52,
        "Dmu_MTN": 20318.92,
        "Ted_ORANGE": 0.0,
        "Tcd_ORANGE": 100.0,
        "Tddu_ORANGE": 0.0,
        "Tddd_ORANGE": 0.0,
        "Dmd_ORANGE": 62478.67,
        "Dmu_ORANGE": 21668.55,
        "rang_Ted_ORANGE": 1,
        "rang_Ted_MTN": 3,
        "rang_Ted_MOOV": 1,
        "rang_Tcd_ORANGE": 1,
        "rang_Tcd_MTN": 2,
        "rang_Tcd_MOOV": 3,
        "rang_Tddd_ORANGE": 1,
        "rang_Tddd_MTN": 1,
        "rang_Tddd_MOOV": 1,
        "rang_Tddu_ORANGE": 1,
        "rang_Tddu_MTN": 1,
        "rang_Tddu_MOOV": 3,
        "rang_Dmd_ORANGE": 3,
        "rang_Dmd_MTN": 2,
        "rang_Dmd_MOOV": 1,
        "rang_Dmu_ORANGE": 3,
        "rang_Dmu_MTN": 2,
        "rang_Dmu_MOOV": 1
      },
      "id": 27
    },
    {
      "type": "Feature",
      "geometry": {
        "coordinates": [
          -3.5100000000000002,
          5.5
        ],
        "type": "Point"
      },
      "properties": {
        "ADM0_FR": "COMOE",
        "ADM0_PCODE": "CI02",
        "ADM1_FR": "SUD-COMOE",
        "ADM1_PCODE": "CI130",
        "ADM2_FR": "GRAND-BASSAM",
        "ADM2_PCODE": "CI3003",
        "ADM3_FR": "BONGO",
        "ADM3_PCODE": "CI300301",
        "ADM4_FR": "BONGO",
        "ADM4_PCODE": "C1432",
        "centerLat": 5.51,
        "centerLng": -3.52,
        "pop": 4033,
        "Ted_MOOV": 0.0,
        "Tcd_MOOV": 100.0,
        "Tddu_MOOV": 0.0,
        "Tddd_MOOV": 23.66,
        "Dmd_MOOV": 1309.74,
        "Dmu_MOOV": 5226.68,
        "Ted_MTN": 33.1,
        "Tcd_MTN": 74.74,
        "Tddu_MTN": 8.7,
        "Tddd_MTN": 1.39,
        "Dmd_MTN": 2411.03,
        "Dmu_MTN": 3753.91,
        "Ted_ORANGE": 0.0,
        "Tcd_ORANGE": 99.25,
        "Tddu_ORANGE": 0.0,
        "Tddd_ORANGE": 0.0,
        "Dmd_ORANGE": 2215.91,
        "Dmu_ORANGE": 10728.92,
        "rang_Ted_ORANGE": 1,
        "rang_Ted_MTN": 3,
        "rang_Ted_MOOV": 1,
        "rang_Tcd_ORANGE": 2,
        "rang_Tcd_MTN": 3,
        "rang_Tcd_MOOV": 1,
        "rang_Tddd_ORANGE": 1,
        "rang_Tddd_MTN": 2,
        "rang_Tddd_MOOV": 3,
        "rang_Tddu_ORANGE": 1,
        "rang_Tddu_MTN": 3,
        "rang_Tddu_MOOV": 1,
        "rang_Dmd_ORANGE": 2,
        "rang_Dmd_MTN": 3,
        "rang_Dmd_MOOV": 1,
        "rang_Dmu_ORANGE": 3,
        "rang_Dmu_MTN": 1,
        "rang_Dmu_MOOV": 2
      },
      "id": 28
    },
    {
      "type": "Feature",
      "geometry": {
        "coordinates": [
          -5.74132,
          6.97414
        ],
        "type": "Point"
      },
      "properties": {
        "ADM0_FR": "SASSANDRA-MARAHOUE",
        "ADM0_PCODE": "CI10",
        "ADM1_FR": "MARAHOUE",
        "ADM1_PCODE": "CI123",
        "ADM2_FR": "BOUAFLE",
        "ADM2_PCODE": "CI2301",
        "ADM3_FR": "BOUAFLE",
        "ADM3_PCODE": "CI230103",
        "ADM4_FR": "BOUAFLÉ",
        "ADM4_PCODE": "C1503",
        "centerLat": 6.98414,
        "centerLng": -5.75132,
        "pop": 80389,
        "Ted_MOOV": 0.91,
        "Tcd_MOOV": 98.17,
        "Tddu_MOOV": 0.0,
        "Tddd_MOOV": 0.0,
        "Dmd_MOOV": 54724.36,
        "Dmu_MOOV": 25894.54,
        "Ted_MTN": 0.44999999999999996,
        "Tcd_MTN": 97.26,
        "Tddu_MTN": 0.0,
        "Tddd_MTN": 0.0,
        "Dmd_MTN": 24839.4,
        "Dmu_MTN": 20575.98,
        "Ted_ORANGE": 0.98,
        "Tcd_ORANGE": 100.0,
        "Tddu_ORANGE": 1.67,
        "Tddd_ORANGE": 0.0,
        "Dmd_ORANGE": 28346.21,
        "Dmu_ORANGE": 4992.82,
        "rang_Ted_ORANGE": 3,
        "rang_Ted_MTN": 1,
        "rang_Ted_MOOV": 2,
        "rang_Tcd_ORANGE": 1,
        "rang_Tcd_MTN": 3,
        "rang_Tcd_MOOV": 2,
        "rang_Tddd_ORANGE": 1,
        "rang_Tddd_MTN": 1,
        "rang_Tddd_MOOV": 1,
        "rang_Tddu_ORANGE": 3,
        "rang_Tddu_MTN": 1,
        "rang_Tddu_MOOV": 1,
        "rang_Dmd_ORANGE": 2,
        "rang_Dmd_MTN": 1,
        "rang_Dmd_MOOV": 3,
        "rang_Dmu_ORANGE": 1,
        "rang_Dmu_MTN": 2,
        "rang_Dmu_MOOV": 3
      },
      "id": 29
    },
    {
      "type": "Feature",
      "geometry": {
        "coordinates": [
          -5.01961,
          7.67791
        ],
        "type": "Point"
      },
      "properties": {
        "ADM0_FR": "VALLEE DU BANDAMA",
        "ADM0_PCODE": "CI12",
        "ADM1_FR": "GBEKE",
        "ADM1_PCODE": "CI111",
        "ADM2_FR": "BOUAKE",
        "ADM2_PCODE": "CI1103",
        "ADM3_FR": "BOUAKE",
        "ADM3_PCODE": "CI110301",
        "ADM4_FR": "BOUAKÉ",
        "ADM4_PCODE": "C1507",
        "centerLat": 7.68791,
        "centerLng": -5.02961,
        "pop": 536719,
        "Ted_MOOV": 5.26,
        "Tcd_MOOV": 97.00999999999999,
        "Tddu_MOOV": 0.0,
        "Tddd_MOOV": 3.61,
        "Dmd_MOOV": 21809.72,
        "Dmu_MOOV": 17779.76,
        "Ted_MTN": 12.21,
        "Tcd_MTN": 96.09,
        "Tddu_MTN": 0.0,
        "Tddd_MTN": 9.09,
        "Dmd_MTN": 20464.69,
        "Dmu_MTN": 25230.54,
        "Ted_ORANGE": 0.0,
        "Tcd_ORANGE": 98.46000000000001,
        "Tddu_ORANGE": 1.3,
        "Tddd_ORANGE": 0.0,
        "Dmd_ORANGE": 54011.01,
        "Dmu_ORANGE": 5050.91,
        "rang_Ted_ORANGE": 1,
        "rang_Ted_MTN": 3,
        "rang_Ted_MOOV": 2,
        "rang_Tcd_ORANGE": 1,
        "rang_Tcd_MTN": 3,
        "rang_Tcd_MOOV": 2,
        "rang_Tddd_ORANGE": 1,
        "rang_Tddd_MTN": 3,
        "rang_Tddd_MOOV": 2,
        "rang_Tddu_ORANGE": 3,
        "rang_Tddu_MTN": 1,
        "rang_Tddu_MOOV": 1,
        "rang_Dmd_ORANGE": 3,
        "rang_Dmd_MTN": 1,
        "rang_Dmd_MOOV": 2,
        "rang_Dmu_ORANGE": 1,
        "rang_Dmu_MTN": 3,
        "rang_Dmu_MOOV": 2
      },
      "id": 30
    },
    {
      "type": "Feature",
      "geometry": {
        "coordinates": [
          -2.98909,
          9.25864
        ],
        "type": "Point"
      },
      "properties": {
        "ADM0_FR": "ZANZAN",
        "ADM0_PCODE": "CI14",
        "ADM1_FR": "BOUNKANI",
        "ADM1_PCODE": "CI108",
        "ADM2_FR": "BOUNA",
        "ADM2_PCODE": "CI0801",
        "ADM3_FR": "BOUNA",
        "ADM3_PCODE": "CI080102",
        "ADM4_FR": "BOUNA",
        "ADM4_PCODE": "C1550",
        "centerLat": 9.26864,
        "centerLng": -2.99909,
        "pop": 18755,
        "Ted_MOOV": 0.0,
        "Tcd_MOOV": 100.0,
        "Tddu_MOOV": 0.0,
        "Tddd_MOOV": 0.0,
        "Dmd_MOOV": 38046.51,
        "Dmu_MOOV": 17663.82,
        "Ted_MTN": 9.19,
        "Tcd_MTN": 97.02,
        "Tddu_MTN": 0.0,
        "Tddd_MTN": 5.9799999999999995,
        "Dmd_MTN": 30000.62,
        "Dmu_MTN": 21178.21,
        "Ted_ORANGE": 0.66,
        "Tcd_ORANGE": 100.0,
        "Tddu_ORANGE": 2.22,
        "Tddd_ORANGE": 2.86,
        "Dmd_ORANGE": 9192.58,
        "Dmu_ORANGE": 6073.7,
        "rang_Ted_ORANGE": 2,
        "rang_Ted_MTN": 3,
        "rang_Ted_MOOV": 1,
        "rang_Tcd_ORANGE": 1,
        "rang_Tcd_MTN": 3,
        "rang_Tcd_MOOV": 1,
        "rang_Tddd_ORANGE": 2,
        "rang_Tddd_MTN": 3,
        "rang_Tddd_MOOV": 1,
        "rang_Tddu_ORANGE": 3,
        "rang_Tddu_MTN": 1,
        "rang_Tddu_MOOV": 1,
        "rang_Dmd_ORANGE": 1,
        "rang_Dmd_MTN": 2,
        "rang_Dmd_MOOV": 3,
        "rang_Dmu_ORANGE": 1,
        "rang_Dmu_MTN": 3,
        "rang_Dmu_MOOV": 2
      },
      "id": 31
    },
    {
      "type": "Feature",
      "geometry": {
        "coordinates": [
          -6.4741100000000005,
          9.51143
        ],
        "type": "Point"
      },
      "properties": {
        "ADM0_FR": "SAVANES",
        "ADM0_PCODE": "CI11",
        "ADM1_FR": "BAGOUE",
        "ADM1_PCODE": "CI105",
        "ADM2_FR": "BOUNDIALI",
        "ADM2_PCODE": "CI0501",
        "ADM3_FR": "BOUNDIALI",
        "ADM3_PCODE": "CI050102",
        "ADM4_FR": "BOUNDIALI",
        "ADM4_PCODE": "C1557",
        "centerLat": 9.52143,
        "centerLng": -6.48411,
        "pop": 39962,
        "Ted_MOOV": 6.279999999999999,
        "Tcd_MOOV": 91.75,
        "Tddu_MOOV": 1.72,
        "Tddd_MOOV": 0.74,
        "Dmd_MOOV": 36828.21,
        "Dmu_MOOV": 19222.62,
        "Ted_MTN": 11.5,
        "Tcd_MTN": 96.05,
        "Tddu_MTN": 0.0,
        "Tddd_MTN": 7.6899999999999995,
        "Dmd_MTN": 25918.68,
        "Dmu_MTN": 23324.12,
        "Ted_ORANGE": 0.0,
        "Tcd_ORANGE": 100.0,
        "Tddu_ORANGE": 0.0,
        "Tddd_ORANGE": 0.0,
        "Dmd_ORANGE": 50839.49,
        "Dmu_ORANGE": 18675.18,
        "rang_Ted_ORANGE": 1,
        "rang_Ted_MTN": 3,
        "rang_Ted_MOOV": 2,
        "rang_Tcd_ORANGE": 1,
        "rang_Tcd_MTN": 2,
        "rang_Tcd_MOOV": 3,
        "rang_Tddd_ORANGE": 1,
        "rang_Tddd_MTN": 3,
        "rang_Tddd_MOOV": 2,
        "rang_Tddu_ORANGE": 1,
        "rang_Tddu_MTN": 1,
        "rang_Tddu_MOOV": 3,
        "rang_Dmd_ORANGE": 3,
        "rang_Dmd_MTN": 1,
        "rang_Dmd_MOOV": 2,
        "rang_Dmu_ORANGE": 1,
        "rang_Dmu_MTN": 3,
        "rang_Dmu_MOOV": 2
      },
      "id": 32
    },
    {
      "type": "Feature",
      "geometry": {
        "coordinates": [
          -4.41938,
          8.35405
        ],
        "type": "Point"
      },
      "properties": {
        "ADM0_FR": "VALLEE DU BANDAMA",
        "ADM0_PCODE": "CI12",
        "ADM1_FR": "HAMBOL",
        "ADM1_PCODE": "CI117",
        "ADM2_FR": "DABAKALA",
        "ADM2_PCODE": "CI1701",
        "ADM3_FR": "DABAKALA",
        "ADM3_PCODE": "CI170103",
        "ADM4_FR": "DABAKALA",
        "ADM4_PCODE": "C1689",
        "centerLat": 8.36405,
        "centerLng": -4.42938,
        "pop": 14134,
        "Ted_MOOV": 35.0,
        "Tcd_MOOV": 78.46,
        "Tddu_MOOV": 22.220000000000002,
        "Tddd_MOOV": 61.7,
        "Dmd_MOOV": 1902.0,
        "Dmu_MOOV": 5506.37,
        "Ted_MTN": 24.67,
        "Tcd_MTN": 80.53,
        "Tddu_MTN": 14.71,
        "Tddd_MTN": 10.13,
        "Dmd_MTN": 5779.42,
        "Dmu_MTN": 11093.04,
        "Ted_ORANGE": 21.64,
        "Tcd_ORANGE": 94.03,
        "Tddu_ORANGE": 4.88,
        "Tddd_ORANGE": 2.15,
        "Dmd_ORANGE": 22374.5,
        "Dmu_ORANGE": 17168.15,
        "rang_Ted_ORANGE": 1,
        "rang_Ted_MTN": 2,
        "rang_Ted_MOOV": 3,
        "rang_Tcd_ORANGE": 1,
        "rang_Tcd_MTN": 2,
        "rang_Tcd_MOOV": 3,
        "rang_Tddd_ORANGE": 1,
        "rang_Tddd_MTN": 2,
        "rang_Tddd_MOOV": 3,
        "rang_Tddu_ORANGE": 1,
        "rang_Tddu_MTN": 2,
        "rang_Tddu_MOOV": 3,
        "rang_Dmd_ORANGE": 3,
        "rang_Dmd_MTN": 2,
        "rang_Dmd_MOOV": 1,
        "rang_Dmu_ORANGE": 3,
        "rang_Dmu_MTN": 2,
        "rang_Dmu_MOOV": 1
      },
      "id": 33
    },
    {
      "type": "Feature",
      "geometry": {
        "coordinates": [
          -4.37208,
          5.31271
        ],
        "type": "Point"
      },
      "properties": {
        "ADM0_FR": "LAGUNES",
        "ADM0_PCODE": "CI08",
        "ADM1_FR": "GRANDS-PONTS",
        "ADM1_PCODE": "CI115",
        "ADM2_FR": "DABOU",
        "ADM2_PCODE": "CI1501",
        "ADM3_FR": "DABOU",
        "ADM3_PCODE": "CI150101",
        "ADM4_FR": "DABOU",
        "ADM4_PCODE": "C1708",
        "centerLat": 5.32271,
        "centerLng": -4.38208,
        "pop": 61942,
        "Ted_MOOV": 0.0,
        "Tcd_MOOV": 99.51,
        "Tddu_MOOV": 0.0,
        "Tddd_MOOV": 1.37,
        "Dmd_MOOV": 23048.71,
        "Dmu_MOOV": 13135.12,
        "Ted_MTN": 3.35,
        "Tcd_MTN": 98.02,
        "Tddu_MTN": 0.0,
        "Tddd_MTN": 0.0,
        "Dmd_MTN": 52941.27,
        "Dmu_MTN": 30667.68,
        "Ted_ORANGE": 8.780000000000001,
        "Tcd_ORANGE": 100.0,
        "Tddu_ORANGE": 0.0,
        "Tddd_ORANGE": 0.0,
        "Dmd_ORANGE": 43937.72,
        "Dmu_ORANGE": 17589.06,
        "rang_Ted_ORANGE": 3,
        "rang_Ted_MTN": 2,
        "rang_Ted_MOOV": 1,
        "rang_Tcd_ORANGE": 1,
        "rang_Tcd_MTN": 3,
        "rang_Tcd_MOOV": 2,
        "rang_Tddd_ORANGE": 1,
        "rang_Tddd_MTN": 1,
        "rang_Tddd_MOOV": 3,
        "rang_Tddu_ORANGE": 1,
        "rang_Tddu_MTN": 1,
        "rang_Tddu_MOOV": 1,
        "rang_Dmd_ORANGE": 2,
        "rang_Dmd_MTN": 3,
        "rang_Dmd_MOOV": 1,
        "rang_Dmu_ORANGE": 2,
        "rang_Dmu_MTN": 3,
        "rang_Dmu_MOOV": 1
      },
      "id": 34
    },
    {
      "type": "Feature",
      "geometry": {
        "coordinates": [
          -6.4386,
          6.878150000000001
        ],
        "type": "Point"
      },
      "properties": {
        "ADM0_FR": "SASSANDRA-MARAHOUE",
        "ADM0_PCODE": "CI10",
        "ADM1_FR": "HAUT-SASSANDRA",
        "ADM1_PCODE": "CI118",
        "ADM2_FR": "DALOA",
        "ADM2_PCODE": "CI1801",
        "ADM3_FR": "DALOA",
        "ADM3_PCODE": "CI180102",
        "ADM4_FR": "DALOA",
        "ADM4_PCODE": "C1779",
        "centerLat": 6.88815,
        "centerLng": -6.4486,
        "pop": 245360,
        "Ted_MOOV": 0.91,
        "Tcd_MOOV": 96.78999999999999,
        "Tddu_MOOV": 0.0,
        "Tddd_MOOV": 0.0,
        "Dmd_MOOV": 48995.53,
        "Dmu_MOOV": 22216.68,
        "Ted_MTN": 0.0,
        "Tcd_MTN": 100.0,
        "Tddu_MTN": 0.0,
        "Tddd_MTN": 0.0,
        "Dmd_MTN": 56388.25,
        "Dmu_MTN": 30715.02,
        "Ted_ORANGE": 3.6999999999999997,
        "Tcd_ORANGE": 100.0,
        "Tddu_ORANGE": 0.0,
        "Tddd_ORANGE": 0.6799999999999999,
        "Dmd_ORANGE": 49452.35,
        "Dmu_ORANGE": 27255.11,
        "rang_Ted_ORANGE": 3,
        "rang_Ted_MTN": 1,
        "rang_Ted_MOOV": 2,
        "rang_Tcd_ORANGE": 1,
        "rang_Tcd_MTN": 1,
        "rang_Tcd_MOOV": 3,
        "rang_Tddd_ORANGE": 3,
        "rang_Tddd_MTN": 1,
        "rang_Tddd_MOOV": 1,
        "rang_Tddu_ORANGE": 1,
        "rang_Tddu_MTN": 1,
        "rang_Tddu_MOOV": 1,
        "rang_Dmd_ORANGE": 2,
        "rang_Dmd_MTN": 3,
        "rang_Dmd_MOOV": 1,
        "rang_Dmu_ORANGE": 2,
        "rang_Dmu_MTN": 3,
        "rang_Dmu_MOOV": 1
      },
      "id": 35
    },
    {
      "type": "Feature",
      "geometry": {
        "coordinates": [
          -6.3523000000000005,
          7.60088
        ],
        "type": "Point"
      },
      "properties": {
        "ADM0_FR": "SASSANDRA-MARAHOUE",
        "ADM0_PCODE": "CI10",
        "ADM1_FR": "HAUT-SASSANDRA",
        "ADM1_PCODE": "CI118",
        "ADM2_FR": "VAVOUA",
        "ADM2_PCODE": "CI1803",
        "ADM3_FR": "DANANON",
        "ADM3_PCODE": "CI180303",
        "ADM4_FR": "DANANON",
        "ADM4_PCODE": "C1794",
        "centerLat": 7.61088,
        "centerLng": -6.3623,
        "pop": 3911,
        "Ted_MOOV": 2.42,
        "Tcd_MOOV": 98.50999999999999,
        "Tddu_MOOV": 0.0,
        "Tddd_MOOV": 0.0,
        "Dmd_MOOV": 19967.86,
        "Dmu_MOOV": 22551.94,
        "Ted_MTN": 1.24,
        "Tcd_MTN": 92.45,
        "Tddu_MTN": 0.0,
        "Tddd_MTN": 7.140000000000001,
        "Dmd_MTN": 4756.77,
        "Dmu_MTN": 1895.42,
        "Ted_ORANGE": 0.0,
        "Tcd_ORANGE": 99.42999999999999,
        "Tddu_ORANGE": 0.0,
        "Tddd_ORANGE": 0.0,
        "Dmd_ORANGE": 7967.73,
        "Dmu_ORANGE": 5505.18,
        "rang_Ted_ORANGE": 1,
        "rang_Ted_MTN": 2,
        "rang_Ted_MOOV": 3,
        "rang_Tcd_ORANGE": 1,
        "rang_Tcd_MTN": 3,
        "rang_Tcd_MOOV": 2,
        "rang_Tddd_ORANGE": 1,
        "rang_Tddd_MTN": 3,
        "rang_Tddd_MOOV": 1,
        "rang_Tddu_ORANGE": 1,
        "rang_Tddu_MTN": 1,
        "rang_Tddu_MOOV": 1,
        "rang_Dmd_ORANGE": 2,
        "rang_Dmd_MTN": 1,
        "rang_Dmd_MOOV": 3,
        "rang_Dmu_ORANGE": 2,
        "rang_Dmu_MTN": 1,
        "rang_Dmu_MOOV": 3
      },
      "id": 36
    },
    {
      "type": "Feature",
      "geometry": {
        "coordinates": [
          -5.15657,
          9.91607
        ],
        "type": "Point"
      },
      "properties": {
        "ADM0_FR": "SAVANES",
        "ADM0_PCODE": "CI11",
        "ADM1_FR": "TCHOLOGO",
        "ADM1_PCODE": "CI131",
        "ADM2_FR": "FERKESSEDOUGOU",
        "ADM2_PCODE": "CI3101",
        "ADM3_FR": "FERKESSEDOUGOU",
        "ADM3_PCODE": "CI310101",
        "ADM4_FR": "DÉTIKAHA",
        "ADM4_PCODE": "C1902",
        "centerLat": 9.92607,
        "centerLng": -5.16657,
        "pop": 1447,
        "Ted_MOOV": 26.0,
        "Tcd_MOOV": 72.6,
        "Tddu_MOOV": 36.0,
        "Tddd_MOOV": 12.5,
        "Dmd_MOOV": 20305.25,
        "Dmu_MOOV": 5067.08,
        "Ted_MTN": 65.35,
        "Tcd_MTN": 62.86000000000001,
        "Tddu_MTN": 85.71,
        "Tddd_MTN": 14.29,
        "Dmd_MTN": 1499.26,
        "Dmu_MTN": 278.11,
        "Ted_ORANGE": 0.0,
        "Tcd_ORANGE": 92.52,
        "Tddu_ORANGE": 12.5,
        "Tddd_ORANGE": 0.0,
        "Dmd_ORANGE": 70921.54,
        "Dmu_ORANGE": 4675.42,
        "rang_Ted_ORANGE": 1,
        "rang_Ted_MTN": 3,
        "rang_Ted_MOOV": 2,
        "rang_Tcd_ORANGE": 1,
        "rang_Tcd_MTN": 3,
        "rang_Tcd_MOOV": 2,
        "rang_Tddd_ORANGE": 1,
        "rang_Tddd_MTN": 3,
        "rang_Tddd_MOOV": 2,
        "rang_Tddu_ORANGE": 1,
        "rang_Tddu_MTN": 3,
        "rang_Tddu_MOOV": 2,
        "rang_Dmd_ORANGE": 3,
        "rang_Dmd_MTN": 1,
        "rang_Dmd_MOOV": 2,
        "rang_Dmu_ORANGE": 2,
        "rang_Dmu_MTN": 1,
        "rang_Dmu_MOOV": 3
      },
      "id": 37
    },
    {
      "type": "Feature",
      "geometry": {
        "coordinates": [
          -5.3470200000000006,
          5.82833
        ],
        "type": "Point"
      },
      "properties": {
        "ADM0_FR": "GOH-DJIBOUA",
        "ADM0_PCODE": "CI06",
        "ADM1_FR": "LOH-DJIBOUA",
        "ADM1_PCODE": "CI122",
        "ADM2_FR": "DIVO",
        "ADM2_PCODE": "CI2201",
        "ADM3_FR": "DIVO",
        "ADM3_PCODE": "CI220103",
        "ADM4_FR": "DIVO",
        "ADM4_PCODE": "C2117",
        "centerLat": 5.83833,
        "centerLng": -5.35702,
        "pop": 105397,
        "Ted_MOOV": 5.26,
        "Tcd_MOOV": 97.78,
        "Tddu_MOOV": 3.7699999999999996,
        "Tddd_MOOV": 5.510000000000001,
        "Dmd_MOOV": 12045.79,
        "Dmu_MOOV": 8629.65,
        "Ted_MTN": 0.0,
        "Tcd_MTN": 99.57000000000001,
        "Tddu_MTN": 1.4500000000000002,
        "Tddd_MTN": 0.0,
        "Dmd_MTN": 61083.71,
        "Dmu_MTN": 22027.12,
        "Ted_ORANGE": 0.0,
        "Tcd_ORANGE": 99.02,
        "Tddu_ORANGE": 0.0,
        "Tddd_ORANGE": 0.69,
        "Dmd_ORANGE": 56993.93,
        "Dmu_ORANGE": 4994.82,
        "rang_Ted_ORANGE": 1,
        "rang_Ted_MTN": 1,
        "rang_Ted_MOOV": 3,
        "rang_Tcd_ORANGE": 2,
        "rang_Tcd_MTN": 1,
        "rang_Tcd_MOOV": 3,
        "rang_Tddd_ORANGE": 2,
        "rang_Tddd_MTN": 1,
        "rang_Tddd_MOOV": 3,
        "rang_Tddu_ORANGE": 1,
        "rang_Tddu_MTN": 2,
        "rang_Tddu_MOOV": 3,
        "rang_Dmd_ORANGE": 2,
        "rang_Dmd_MTN": 3,
        "rang_Dmd_MOOV": 1,
        "rang_Dmu_ORANGE": 1,
        "rang_Dmu_MTN": 3,
        "rang_Dmu_MOOV": 2
      },
      "id": 38
    },
    {
      "type": "Feature",
      "geometry": {
        "coordinates": [
          -3.3313200000000003,
          9.79814
        ],
        "type": "Point"
      },
      "properties": {
        "ADM0_FR": "ZANZAN",
        "ADM0_PCODE": "CI14",
        "ADM1_FR": "BOUNKANI",
        "ADM1_PCODE": "CI108",
        "ADM2_FR": "DOROPO",
        "ADM2_PCODE": "CI0802",
        "ADM3_FR": "DOROPO",
        "ADM3_PCODE": "CI080202",
        "ADM4_FR": "DOROPO",
        "ADM4_PCODE": "C2324",
        "centerLat": 9.80814,
        "centerLng": -3.34132,
        "pop": 14388,
        "Ted_MOOV": 1.47,
        "Tcd_MOOV": 96.27,
        "Tddu_MOOV": 5.0,
        "Tddd_MOOV": 0.0,
        "Dmd_MOOV": 10649.96,
        "Dmu_MOOV": 11568.81,
        "Ted_MTN": 7.35,
        "Tcd_MTN": 98.41,
        "Tddu_MTN": 0.0,
        "Tddd_MTN": 4.44,
        "Dmd_MTN": 55366.18,
        "Dmu_MTN": 27871.93,
        "Ted_ORANGE": 0.0,
        "Tcd_ORANGE": 100.0,
        "Tddu_ORANGE": 0.0,
        "Tddd_ORANGE": 3.49,
        "Dmd_ORANGE": 4678.28,
        "Dmu_ORANGE": 16747.9,
        "rang_Ted_ORANGE": 1,
        "rang_Ted_MTN": 3,
        "rang_Ted_MOOV": 2,
        "rang_Tcd_ORANGE": 1,
        "rang_Tcd_MTN": 2,
        "rang_Tcd_MOOV": 3,
        "rang_Tddd_ORANGE": 2,
        "rang_Tddd_MTN": 3,
        "rang_Tddd_MOOV": 1,
        "rang_Tddu_ORANGE": 1,
        "rang_Tddu_MTN": 1,
        "rang_Tddu_MOOV": 3,
        "rang_Dmd_ORANGE": 1,
        "rang_Dmd_MTN": 3,
        "rang_Dmd_MOOV": 2,
        "rang_Dmu_ORANGE": 2,
        "rang_Dmu_MTN": 3,
        "rang_Dmu_MOOV": 1
      },
      "id": 39
    },
    {
      "type": "Feature",
      "geometry": {
        "coordinates": [
          -7.390000000000001,
          7.44
        ],
        "type": "Point"
      },
      "properties": {
        "ADM0_FR": "MONTAGNES",
        "ADM0_PCODE": "CI09",
        "ADM1_FR": "TONKPI",
        "ADM1_PCODE": "CI132",
        "ADM2_FR": "MAN",
        "ADM2_PCODE": "CI3203",
        "ADM3_FR": "FAGNAMPLEU",
        "ADM3_PCODE": "CI320303",
        "ADM4_FR": "FAGNAMPLEU",
        "ADM4_PCODE": "C2530",
        "centerLat": 7.45,
        "centerLng": -7.4,
        "pop": 1701,
        "Ted_MOOV": 29.23,
        "Tcd_MOOV": 47.25,
        "Tddu_MOOV": 55.169999999999995,
        "Tddd_MOOV": 33.87,
        "Dmd_MOOV": 1792.87,
        "Dmu_MOOV": 511.35,
        "Ted_MTN": 66.96,
        "Tcd_MTN": 15.790000000000001,
        "Tddu_MTN": 100.0,
        "Tddd_MTN": 95.65,
        "Dmd_MTN": 136.61,
        "Dmu_MTN": 148.11,
        "Ted_ORANGE": 23.080000000000002,
        "Tcd_ORANGE": 44.0,
        "Tddu_ORANGE": 66.67,
        "Tddd_ORANGE": 54.290000000000006,
        "Dmd_ORANGE": 778.89,
        "Dmu_ORANGE": 408.99,
        "rang_Ted_ORANGE": 1,
        "rang_Ted_MTN": 3,
        "rang_Ted_MOOV": 2,
        "rang_Tcd_ORANGE": 2,
        "rang_Tcd_MTN": 3,
        "rang_Tcd_MOOV": 1,
        "rang_Tddd_ORANGE": 2,
        "rang_Tddd_MTN": 3,
        "rang_Tddd_MOOV": 1,
        "rang_Tddu_ORANGE": 2,
        "rang_Tddu_MTN": 3,
        "rang_Tddu_MOOV": 1,
        "rang_Dmd_ORANGE": 2,
        "rang_Dmd_MTN": 1,
        "rang_Dmd_MOOV": 3,
        "rang_Dmu_ORANGE": 2,
        "rang_Dmu_MTN": 1,
        "rang_Dmu_MOOV": 3
      },
      "id": 40
    },
    {
      "type": "Feature",
      "geometry": {
        "coordinates": [
          -5.93436,
          6.11836
        ],
        "type": "Point"
      },
      "properties": {
        "ADM0_FR": "GOH-DJIBOUA",
        "ADM0_PCODE": "CI06",
        "ADM1_FR": "GOH",
        "ADM1_PCODE": "CI113",
        "ADM2_FR": "GAGNOA",
        "ADM2_PCODE": "CI1301",
        "ADM3_FR": "GAGNOA",
        "ADM3_PCODE": "CI130106",
        "ADM4_FR": "GAGNOA",
        "ADM4_PCODE": "C2707",
        "centerLat": 6.12836,
        "centerLng": -5.94436,
        "pop": 160465,
        "Ted_MOOV": 10.61,
        "Tcd_MOOV": 94.35,
        "Tddu_MOOV": 0.0,
        "Tddd_MOOV": 1.5699999999999998,
        "Dmd_MOOV": 23959.18,
        "Dmu_MOOV": 19423.95,
        "Ted_MTN": 0.74,
        "Tcd_MTN": 98.5,
        "Tddu_MTN": 0.0,
        "Tddd_MTN": 0.0,
        "Dmd_MTN": 95393.79,
        "Dmu_MTN": 27456.36,
        "Ted_ORANGE": 0.38,
        "Tcd_ORANGE": 99.22999999999999,
        "Tddu_ORANGE": 0.0,
        "Tddd_ORANGE": 1.0999999999999999,
        "Dmd_ORANGE": 75169.28,
        "Dmu_ORANGE": 18628.56,
        "rang_Ted_ORANGE": 1,
        "rang_Ted_MTN": 2,
        "rang_Ted_MOOV": 3,
        "rang_Tcd_ORANGE": 1,
        "rang_Tcd_MTN": 2,
        "rang_Tcd_MOOV": 3,
        "rang_Tddd_ORANGE": 2,
        "rang_Tddd_MTN": 1,
        "rang_Tddd_MOOV": 3,
        "rang_Tddu_ORANGE": 1,
        "rang_Tddu_MTN": 1,
        "rang_Tddu_MOOV": 1,
        "rang_Dmd_ORANGE": 2,
        "rang_Dmd_MTN": 3,
        "rang_Dmd_MOOV": 1,
        "rang_Dmu_ORANGE": 1,
        "rang_Dmu_MTN": 3,
        "rang_Dmu_MOOV": 2
      },
      "id": 41
    },
    {
      "type": "Feature",
      "geometry": {
        "coordinates": [
          -4.9920800000000005,
          5.23919
        ],
        "type": "Point"
      },
      "properties": {
        "ADM0_FR": "LAGUNES",
        "ADM0_PCODE": "CI08",
        "ADM1_FR": "GRANDS-PONTS",
        "ADM1_PCODE": "CI115",
        "ADM2_FR": "GRAND-LAHOU",
        "ADM2_PCODE": "CI1502",
        "ADM3_FR": "GRAND-LAHOU",
        "ADM3_PCODE": "CI150204",
        "ADM4_FR": "GRAND-LAHOU",
        "ADM4_PCODE": "C3376",
        "centerLat": 5.24919,
        "centerLng": -5.00208,
        "pop": 28470,
        "Ted_MOOV": 0.0,
        "Tcd_MOOV": 100.0,
        "Tddu_MOOV": 1.92,
        "Tddd_MOOV": 15.83,
        "Dmd_MOOV": 19757.98,
        "Dmu_MOOV": 7390.9,
        "Ted_MTN": 5.91,
        "Tcd_MTN": 96.14,
        "Tddu_MTN": 0.0,
        "Tddd_MTN": 0.6799999999999999,
        "Dmd_MTN": 59262.99,
        "Dmu_MTN": 28919.77,
        "Ted_ORANGE": 0.0,
        "Tcd_ORANGE": 99.55000000000001,
        "Tddu_ORANGE": 0.0,
        "Tddd_ORANGE": 0.0,
        "Dmd_ORANGE": 50272.47,
        "Dmu_ORANGE": 4782.8,
        "rang_Ted_ORANGE": 1,
        "rang_Ted_MTN": 3,
        "rang_Ted_MOOV": 1,
        "rang_Tcd_ORANGE": 2,
        "rang_Tcd_MTN": 3,
        "rang_Tcd_MOOV": 1,
        "rang_Tddd_ORANGE": 1,
        "rang_Tddd_MTN": 2,
        "rang_Tddd_MOOV": 3,
        "rang_Tddu_ORANGE": 1,
        "rang_Tddu_MTN": 1,
        "rang_Tddu_MOOV": 3,
        "rang_Dmd_ORANGE": 2,
        "rang_Dmd_MTN": 3,
        "rang_Dmd_MOOV": 1,
        "rang_Dmu_ORANGE": 1,
        "rang_Dmu_MTN": 3,
        "rang_Dmu_MOOV": 2
      },
      "id": 42
    },
    {
      "type": "Feature",
      "geometry": {
        "coordinates": [
          -6.62382,
          5.8057300000000005
        ],
        "type": "Point"
      },
      "properties": {
        "ADM0_FR": "BAS-SASSANDRA",
        "ADM0_PCODE": "CI01",
        "ADM1_FR": "NAWA",
        "ADM1_PCODE": "CI126",
        "ADM2_FR": "SOUBRE",
        "ADM2_PCODE": "CI2604",
        "ADM3_FR": "SOUBRE",
        "ADM3_PCODE": "CI260401",
        "ADM4_FR": "GUÉYO",
        "ADM4_PCODE": "C3469",
        "centerLat": 5.81573,
        "centerLng": -6.63382,
        "pop": 242,
        "Ted_MOOV": 2.69,
        "Tcd_MOOV": 89.5,
        "Tddu_MOOV": 1.82,
        "Tddd_MOOV": 2.3800000000000003,
        "Dmd_MOOV": 34875.2,
        "Dmu_MOOV": 23567.5,
        "Ted_MTN": 0.0,
        "Tcd_MTN": 99.1,
        "Tddu_MTN": 0.0,
        "Tddd_MTN": 0.0,
        "Dmd_MTN": 48061.31,
        "Dmu_MTN": 17078.92,
        "Ted_ORANGE": 4.52,
        "Tcd_ORANGE": 61.22,
        "Tddu_ORANGE": 2.33,
        "Tddd_ORANGE": 59.62,
        "Dmd_ORANGE": 504.55,
        "Dmu_ORANGE": 7981.69,
        "rang_Ted_ORANGE": 3,
        "rang_Ted_MTN": 1,
        "rang_Ted_MOOV": 2,
        "rang_Tcd_ORANGE": 3,
        "rang_Tcd_MTN": 1,
        "rang_Tcd_MOOV": 2,
        "rang_Tddd_ORANGE": 3,
        "rang_Tddd_MTN": 1,
        "rang_Tddd_MOOV": 2,
        "rang_Tddu_ORANGE": 3,
        "rang_Tddu_MTN": 1,
        "rang_Tddu_MOOV": 2,
        "rang_Dmd_ORANGE": 1,
        "rang_Dmd_MTN": 3,
        "rang_Dmd_MOOV": 2,
        "rang_Dmu_ORANGE": 1,
        "rang_Dmu_MTN": 2,
        "rang_Dmu_MOOV": 3
      },
      "id": 43
    },
    {
      "type": "Feature",
      "geometry": {
        "coordinates": [
          -7.47625,
          6.53472
        ],
        "type": "Point"
      },
      "properties": {
        "ADM0_FR": "MONTAGNES",
        "ADM0_PCODE": "CI09",
        "ADM1_FR": "CAVALLY",
        "ADM1_PCODE": "CI109",
        "ADM2_FR": "GUIGLO",
        "ADM2_PCODE": "CI0902",
        "ADM3_FR": "GUIGLO",
        "ADM3_PCODE": "CI090201",
        "ADM4_FR": "GUIGLO",
        "ADM4_PCODE": "C3495",
        "centerLat": 6.54472,
        "centerLng": -7.48625,
        "pop": 52544,
        "Ted_MOOV": 0.0,
        "Tcd_MOOV": 88.2,
        "Tddu_MOOV": 0.0,
        "Tddd_MOOV": 9.45,
        "Dmd_MOOV": 26736.62,
        "Dmu_MOOV": 12636.16,
        "Ted_MTN": 0.0,
        "Tcd_MTN": 99.51,
        "Tddu_MTN": 1.69,
        "Tddd_MTN": 0.0,
        "Dmd_MTN": 53566.77,
        "Dmu_MTN": 25895.22,
        "Ted_ORANGE": 0.0,
        "Tcd_ORANGE": 98.94,
        "Tddu_ORANGE": 0.0,
        "Tddd_ORANGE": 0.0,
        "Dmd_ORANGE": 60099.7,
        "Dmu_ORANGE": 16574.8,
        "rang_Ted_ORANGE": 1,
        "rang_Ted_MTN": 1,
        "rang_Ted_MOOV": 1,
        "rang_Tcd_ORANGE": 2,
        "rang_Tcd_MTN": 1,
        "rang_Tcd_MOOV": 3,
        "rang_Tddd_ORANGE": 1,
        "rang_Tddd_MTN": 1,
        "rang_Tddd_MOOV": 3,
        "rang_Tddu_ORANGE": 1,
        "rang_Tddu_MTN": 3,
        "rang_Tddu_MOOV": 1,
        "rang_Dmd_ORANGE": 3,
        "rang_Dmd_MTN": 2,
        "rang_Dmd_MOOV": 1,
        "rang_Dmu_ORANGE": 2,
        "rang_Dmu_MTN": 3,
        "rang_Dmu_MOOV": 1
      },
      "id": 44
    },
    {
      "type": "Feature",
      "geometry": {
        "coordinates": [
          -5.231310000000001,
          5.50964
        ],
        "type": "Point"
      },
      "properties": {
        "ADM0_FR": "GOH-DJIBOUA",
        "ADM0_PCODE": "CI06",
        "ADM1_FR": "LOH-DJIBOUA",
        "ADM1_PCODE": "CI122",
        "ADM2_FR": "GUITRY",
        "ADM2_PCODE": "CI2202",
        "ADM3_FR": "GUITRY",
        "ADM3_PCODE": "CI220201",
        "ADM4_FR": "GUITRY",
        "ADM4_PCODE": "C3525",
        "centerLat": 5.51964,
        "centerLng": -5.24131,
        "pop": 11445,
        "Ted_MOOV": 0.0,
        "Tcd_MOOV": 100.0,
        "Tddu_MOOV": 0.0,
        "Tddd_MOOV": 47.949999999999996,
        "Dmd_MOOV": 7907.39,
        "Dmu_MOOV": 9726.78,
        "Ted_MTN": 0.0,
        "Tcd_MTN": 99.1,
        "Tddu_MTN": 0.0,
        "Tddd_MTN": 0.0,
        "Dmd_MTN": 73188.94,
        "Dmu_MTN": 23193.02,
        "Ted_ORANGE": 0.0,
        "Tcd_ORANGE": 90.29,
        "Tddu_ORANGE": 0.0,
        "Tddd_ORANGE": 13.889999999999999,
        "Dmd_ORANGE": 39048.34,
        "Dmu_ORANGE": 12614.96,
        "rang_Ted_ORANGE": 1,
        "rang_Ted_MTN": 1,
        "rang_Ted_MOOV": 1,
        "rang_Tcd_ORANGE": 3,
        "rang_Tcd_MTN": 2,
        "rang_Tcd_MOOV": 1,
        "rang_Tddd_ORANGE": 2,
        "rang_Tddd_MTN": 1,
        "rang_Tddd_MOOV": 3,
        "rang_Tddu_ORANGE": 1,
        "rang_Tddu_MTN": 1,
        "rang_Tddu_MOOV": 1,
        "rang_Dmd_ORANGE": 2,
        "rang_Dmd_MTN": 3,
        "rang_Dmd_MOOV": 1,
        "rang_Dmu_ORANGE": 2,
        "rang_Dmu_MTN": 3,
        "rang_Dmu_MOOV": 1
      },
      "id": 45
    },
    {
      "type": "Feature",
      "geometry": {
        "coordinates": [
          -7.70485,
          6.559270000000001
        ],
        "type": "Point"
      },
      "properties": {
        "ADM0_FR": "MONTAGNES",
        "ADM0_PCODE": "CI09",
        "ADM1_FR": "CAVALLY",
        "ADM1_PCODE": "CI109",
        "ADM2_FR": "GUIGLO",
        "ADM2_PCODE": "CI0902",
        "ADM3_FR": "KAADE",
        "ADM3_PCODE": "CI090203",
        "ADM4_FR": "KAADE",
        "ADM4_PCODE": "C3609",
        "centerLat": 6.56927,
        "centerLng": -7.71485,
        "pop": 6853,
        "Ted_MOOV": 5.1,
        "Tcd_MOOV": 79.57,
        "Tddu_MOOV": 3.3300000000000005,
        "Tddd_MOOV": 30.159999999999997,
        "Dmd_MOOV": 2481.31,
        "Dmu_MOOV": 12493.04,
        "Ted_MTN": 8.16,
        "Tcd_MTN": 64.44,
        "Tddu_MTN": 10.34,
        "Tddd_MTN": 0.0,
        "Dmd_MTN": 6208.19,
        "Dmu_MTN": 1237.55,
        "Ted_ORANGE": 0.0,
        "Tcd_ORANGE": 100.0,
        "Tddu_ORANGE": 0.0,
        "Tddd_ORANGE": 0.0,
        "Dmd_ORANGE": 77203.0,
        "Dmu_ORANGE": 9230.5,
        "rang_Ted_ORANGE": 1,
        "rang_Ted_MTN": 3,
        "rang_Ted_MOOV": 2,
        "rang_Tcd_ORANGE": 1,
        "rang_Tcd_MTN": 3,
        "rang_Tcd_MOOV": 2,
        "rang_Tddd_ORANGE": 1,
        "rang_Tddd_MTN": 1,
        "rang_Tddd_MOOV": 3,
        "rang_Tddu_ORANGE": 1,
        "rang_Tddu_MTN": 3,
        "rang_Tddu_MOOV": 2,
        "rang_Dmd_ORANGE": 3,
        "rang_Dmd_MTN": 2,
        "rang_Dmd_MOOV": 1,
        "rang_Dmu_ORANGE": 2,
        "rang_Dmu_MTN": 1,
        "rang_Dmu_MOOV": 3
      },
      "id": 46
    },
    {
      "type": "Feature",
      "geometry": {
        "coordinates": [
          -7.50257,
          9.80604
        ],
        "type": "Point"
      },
      "properties": {
        "ADM0_FR": "DENGUELE",
        "ADM0_PCODE": "CI03",
        "ADM1_FR": "FOLON",
        "ADM1_PCODE": "CI110",
        "ADM2_FR": "KANIASSO",
        "ADM2_PCODE": "CI1001",
        "ADM3_FR": "KANIASSO",
        "ADM3_PCODE": "CI100102",
        "ADM4_FR": "KANIASSO",
        "ADM4_PCODE": "C3788",
        "centerLat": 9.81604,
        "centerLng": -7.51257,
        "pop": 2545,
        "Ted_MOOV": 30.570000000000004,
        "Tcd_MOOV": 49.54,
        "Tddu_MOOV": 50.0,
        "Tddd_MOOV": 20.78,
        "Dmd_MOOV": 6525.17,
        "Dmu_MOOV": 911.66,
        "Ted_MTN": 0.0,
        "Tcd_MTN": 98.77,
        "Tddu_MTN": 0.0,
        "Tddd_MTN": 5.220000000000001,
        "Dmd_MTN": 17093.24,
        "Dmu_MTN": 10376.18,
        "Ted_ORANGE": 0.0,
        "Tcd_ORANGE": 60.0,
        "Tddu_ORANGE": 2.27,
        "Tddd_ORANGE": 10.38,
        "Dmd_ORANGE": 2318.4,
        "Dmu_ORANGE": 10728.38,
        "rang_Ted_ORANGE": 1,
        "rang_Ted_MTN": 1,
        "rang_Ted_MOOV": 3,
        "rang_Tcd_ORANGE": 2,
        "rang_Tcd_MTN": 1,
        "rang_Tcd_MOOV": 3,
        "rang_Tddd_ORANGE": 2,
        "rang_Tddd_MTN": 1,
        "rang_Tddd_MOOV": 3,
        "rang_Tddu_ORANGE": 2,
        "rang_Tddu_MTN": 1,
        "rang_Tddu_MOOV": 3,
        "rang_Dmd_ORANGE": 1,
        "rang_Dmd_MTN": 3,
        "rang_Dmd_MOOV": 2,
        "rang_Dmu_ORANGE": 3,
        "rang_Dmu_MTN": 2,
        "rang_Dmu_MOOV": 1
      },
      "id": 47
    },
    {
      "type": "Feature",
      "geometry": {
        "coordinates": [
          -5.09,
          8.17
        ],
        "type": "Point"
      },
      "properties": {
        "ADM0_FR": "VALLEE DU BANDAMA",
        "ADM0_PCODE": "CI12",
        "ADM1_FR": "HAMBOL",
        "ADM1_PCODE": "CI117",
        "ADM2_FR": "KATIOLA",
        "ADM2_PCODE": "CI1702",
        "ADM3_FR": "KATIOLA",
        "ADM3_PCODE": "CI170201",
        "ADM4_FR": "KATIONON2",
        "ADM4_PCODE": "C3917",
        "centerLat": 8.18,
        "centerLng": -5.1,
        "pop": 1124,
        "Ted_MOOV": 5.5,
        "Tcd_MOOV": 74.76,
        "Tddu_MOOV": 28.13,
        "Tddd_MOOV": 7.04,
        "Dmd_MOOV": 12144.06,
        "Dmu_MOOV": 5270.43,
        "Ted_MTN": 27.43,
        "Tcd_MTN": 64.63,
        "Tddu_MTN": 19.23,
        "Tddd_MTN": 10.71,
        "Dmd_MTN": 3295.32,
        "Dmu_MTN": 1819.53,
        "Ted_ORANGE": 3.4099999999999997,
        "Tcd_ORANGE": 76.47,
        "Tddu_ORANGE": 36.0,
        "Tddd_ORANGE": 21.67,
        "Dmd_ORANGE": 2953.4,
        "Dmu_ORANGE": 756.29,
        "rang_Ted_ORANGE": 1,
        "rang_Ted_MTN": 3,
        "rang_Ted_MOOV": 2,
        "rang_Tcd_ORANGE": 1,
        "rang_Tcd_MTN": 3,
        "rang_Tcd_MOOV": 2,
        "rang_Tddd_ORANGE": 3,
        "rang_Tddd_MTN": 2,
        "rang_Tddd_MOOV": 1,
        "rang_Tddu_ORANGE": 3,
        "rang_Tddu_MTN": 1,
        "rang_Tddu_MOOV": 2,
        "rang_Dmd_ORANGE": 1,
        "rang_Dmd_MTN": 2,
        "rang_Dmd_MOOV": 3,
        "rang_Dmu_ORANGE": 1,
        "rang_Dmu_MTN": 2,
        "rang_Dmu_MOOV": 3
      },
      "id": 48
    },
    {
      "type": "Feature",
      "geometry": {
        "coordinates": [
          -4.6025100000000005,
          9.14113
        ],
        "type": "Point"
      },
      "properties": {
        "ADM0_FR": "SAVANES",
        "ADM0_PCODE": "CI11",
        "ADM1_FR": "TCHOLOGO",
        "ADM1_PCODE": "CI131",
        "ADM2_FR": "KONG",
        "ADM2_PCODE": "CI3102",
        "ADM3_FR": "KONG",
        "ADM3_PCODE": "CI310201",
        "ADM4_FR": "KONG",
        "ADM4_PCODE": "C4324",
        "centerLat": 9.15113,
        "centerLng": -4.61251,
        "pop": 11774,
        "Ted_MOOV": 1.69,
        "Tcd_MOOV": 99.14,
        "Tddu_MOOV": 0.0,
        "Tddd_MOOV": 0.62,
        "Dmd_MOOV": 99215.81,
        "Dmu_MOOV": 32978.26,
        "Ted_MTN": 8.28,
        "Tcd_MTN": 97.92,
        "Tddu_MTN": 0.0,
        "Tddd_MTN": 0.95,
        "Dmd_MTN": 29067.55,
        "Dmu_MTN": 25190.64,
        "Ted_ORANGE": 0.0,
        "Tcd_ORANGE": 93.53,
        "Tddu_ORANGE": 0.0,
        "Tddd_ORANGE": 0.0,
        "Dmd_ORANGE": 9152.77,
        "Dmu_ORANGE": 19089.44,
        "rang_Ted_ORANGE": 1,
        "rang_Ted_MTN": 3,
        "rang_Ted_MOOV": 2,
        "rang_Tcd_ORANGE": 3,
        "rang_Tcd_MTN": 2,
        "rang_Tcd_MOOV": 1,
        "rang_Tddd_ORANGE": 1,
        "rang_Tddd_MTN": 3,
        "rang_Tddd_MOOV": 2,
        "rang_Tddu_ORANGE": 1,
        "rang_Tddu_MTN": 1,
        "rang_Tddu_MOOV": 1,
        "rang_Dmd_ORANGE": 1,
        "rang_Dmd_MTN": 2,
        "rang_Dmd_MOOV": 3,
        "rang_Dmu_ORANGE": 1,
        "rang_Dmu_MTN": 2,
        "rang_Dmu_MOOV": 3
      },
      "id": 49
    },
    {
      "type": "Feature",
      "geometry": {
        "coordinates": [
          -6.06949,
          7.80589
        ],
        "type": "Point"
      },
      "properties": {
        "ADM0_FR": "WOROBA",
        "ADM0_PCODE": "CI13",
        "ADM1_FR": "BERE",
        "ADM1_PCODE": "CI107",
        "ADM2_FR": "KOUNAHIRI",
        "ADM2_PCODE": "CI0702",
        "ADM3_FR": "KONGASSO",
        "ADM3_PCODE": "CI070202",
        "ADM4_FR": "KONGASSO",
        "ADM4_PCODE": "C4327",
        "centerLat": 7.81589,
        "centerLng": -6.07949,
        "pop": 4714,
        "Ted_MOOV": 4.04,
        "Tcd_MOOV": 87.89,
        "Tddu_MOOV": 0.0,
        "Tddd_MOOV": 0.0,
        "Dmd_MOOV": 33585.92,
        "Dmu_MOOV": 41729.89,
        "Ted_MTN": 24.2,
        "Tcd_MTN": 95.8,
        "Tddu_MTN": 0.0,
        "Tddd_MTN": 6.819999999999999,
        "Dmd_MTN": 10334.26,
        "Dmu_MTN": 10913.54,
        "Ted_ORANGE": 6.43,
        "Tcd_ORANGE": 45.800000000000004,
        "Tddu_ORANGE": 0.0,
        "Tddd_ORANGE": 31.580000000000002,
        "Dmd_ORANGE": 754.85,
        "Dmu_ORANGE": 5424.48,
        "rang_Ted_ORANGE": 2,
        "rang_Ted_MTN": 3,
        "rang_Ted_MOOV": 1,
        "rang_Tcd_ORANGE": 3,
        "rang_Tcd_MTN": 1,
        "rang_Tcd_MOOV": 2,
        "rang_Tddd_ORANGE": 3,
        "rang_Tddd_MTN": 2,
        "rang_Tddd_MOOV": 1,
        "rang_Tddu_ORANGE": 1,
        "rang_Tddu_MTN": 1,
        "rang_Tddu_MOOV": 1,
        "rang_Dmd_ORANGE": 1,
        "rang_Dmd_MTN": 2,
        "rang_Dmd_MOOV": 3,
        "rang_Dmu_ORANGE": 1,
        "rang_Dmu_MTN": 2,
        "rang_Dmu_MOOV": 3
      },
      "id": 50
    },
    {
      "type": "Feature",
      "geometry": {
        "coordinates": [
          -5.6275,
          9.44799
        ],
        "type": "Point"
      },
      "properties": {
        "ADM0_FR": "SAVANES",
        "ADM0_PCODE": "CI11",
        "ADM1_FR": "PORO",
        "ADM1_PCODE": "CI128",
        "ADM2_FR": "KORHOGO",
        "ADM2_PCODE": "CI2802",
        "ADM3_FR": "KORHOGO",
        "ADM3_PCODE": "CI280201",
        "ADM4_FR": "KORHOGO",
        "ADM4_PCODE": "C4410",
        "centerLat": 9.45799,
        "centerLng": -5.6375,
        "pop": 243048,
        "Ted_MOOV": 1.4000000000000001,
        "Tcd_MOOV": 99.05000000000001,
        "Tddu_MOOV": 0.0,
        "Tddd_MOOV": 0.6799999999999999,
        "Dmd_MOOV": 76854.15,
        "Dmu_MOOV": 24287.76,
        "Ted_MTN": 12.120000000000001,
        "Tcd_MTN": 97.13000000000001,
        "Tddu_MTN": 0.0,
        "Tddd_MTN": 2.34,
        "Dmd_MTN": 21461.15,
        "Dmu_MTN": 24339.55,
        "Ted_ORANGE": 2.9000000000000004,
        "Tcd_ORANGE": 100.0,
        "Tddu_ORANGE": 0.0,
        "Tddd_ORANGE": 1.4000000000000001,
        "Dmd_ORANGE": 44841.94,
        "Dmu_ORANGE": 21661.43,
        "rang_Ted_ORANGE": 2,
        "rang_Ted_MTN": 3,
        "rang_Ted_MOOV": 1,
        "rang_Tcd_ORANGE": 1,
        "rang_Tcd_MTN": 3,
        "rang_Tcd_MOOV": 2,
        "rang_Tddd_ORANGE": 2,
        "rang_Tddd_MTN": 3,
        "rang_Tddd_MOOV": 1,
        "rang_Tddu_ORANGE": 1,
        "rang_Tddu_MTN": 1,
        "rang_Tddu_MOOV": 1,
        "rang_Dmd_ORANGE": 2,
        "rang_Dmd_MTN": 1,
        "rang_Dmd_MOOV": 3,
        "rang_Dmu_ORANGE": 1,
        "rang_Dmu_MTN": 3,
        "rang_Dmu_MOOV": 2
      },
      "id": 51
    },
    {
      "type": "Feature",
      "geometry": {
        "coordinates": [
          -7.6000000000000005,
          9.61
        ],
        "type": "Point"
      },
      "properties": {
        "ADM0_FR": "DENGUELE",
        "ADM0_PCODE": "CI03",
        "ADM1_FR": "KABADOUGOU",
        "ADM1_PCODE": "CI121",
        "ADM2_FR": "SAMATIGUILA",
        "ADM2_PCODE": "CI2104",
        "ADM3_FR": "KIMBIRILA-SUD",
        "ADM3_PCODE": "CI210402",
        "ADM4_FR": "KOTOUBA",
        "ADM4_PCODE": "C4479",
        "centerLat": 9.62,
        "centerLng": -7.61,
        "pop": 554,
        "Ted_MOOV": 1.18,
        "Tcd_MOOV": 91.07,
        "Tddu_MOOV": 10.2,
        "Tddd_MOOV": 0.0,
        "Dmd_MOOV": 14809.65,
        "Dmu_MOOV": 6387.16,
        "Ted_MTN": 12.879999999999999,
        "Tcd_MTN": 53.52,
        "Tddu_MTN": 44.190000000000005,
        "Tddd_MTN": 4.04,
        "Dmd_MTN": 8260.91,
        "Dmu_MTN": 1110.3,
        "Ted_ORANGE": 1.2,
        "Tcd_ORANGE": 95.76,
        "Tddu_ORANGE": 6.25,
        "Tddd_ORANGE": 10.26,
        "Dmd_ORANGE": 3686.5,
        "Dmu_ORANGE": 3338.07,
        "rang_Ted_ORANGE": 2,
        "rang_Ted_MTN": 3,
        "rang_Ted_MOOV": 1,
        "rang_Tcd_ORANGE": 1,
        "rang_Tcd_MTN": 3,
        "rang_Tcd_MOOV": 2,
        "rang_Tddd_ORANGE": 3,
        "rang_Tddd_MTN": 2,
        "rang_Tddd_MOOV": 1,
        "rang_Tddu_ORANGE": 1,
        "rang_Tddu_MTN": 3,
        "rang_Tddu_MOOV": 2,
        "rang_Dmd_ORANGE": 1,
        "rang_Dmd_MTN": 2,
        "rang_Dmd_MOOV": 3,
        "rang_Dmu_ORANGE": 2,
        "rang_Dmu_MTN": 1,
        "rang_Dmu_MOOV": 3
      },
      "id": 52
    },
    {
      "type": "Feature",
      "geometry": {
        "coordinates": [
          -7.544420000000001,
          7.39545
        ],
        "type": "Point"
      },
      "properties": {
        "ADM0_FR": "MONTAGNES",
        "ADM0_PCODE": "CI09",
        "ADM1_FR": "TONKPI",
        "ADM1_PCODE": "CI132",
        "ADM2_FR": "MAN",
        "ADM2_PCODE": "CI3203",
        "ADM3_FR": "MAN",
        "ADM3_PCODE": "CI320301",
        "ADM4_FR": "MAN",
        "ADM4_PCODE": "C5323",
        "centerLat": 7.40545,
        "centerLng": -7.55442,
        "pop": 149041,
        "Ted_MOOV": 1.46,
        "Tcd_MOOV": 95.54,
        "Tddu_MOOV": 1.69,
        "Tddd_MOOV": 0.0,
        "Dmd_MOOV": 53145.53,
        "Dmu_MOOV": 19466.26,
        "Ted_MTN": 0.0,
        "Tcd_MTN": 100.0,
        "Tddu_MTN": 0.0,
        "Tddd_MTN": 0.0,
        "Dmd_MTN": 43758.17,
        "Dmu_MTN": 22215.11,
        "Ted_ORANGE": 0.0,
        "Tcd_ORANGE": 99.51,
        "Tddu_ORANGE": 0.0,
        "Tddd_ORANGE": 0.0,
        "Dmd_ORANGE": 46460.59,
        "Dmu_ORANGE": 21263.72,
        "rang_Ted_ORANGE": 1,
        "rang_Ted_MTN": 1,
        "rang_Ted_MOOV": 3,
        "rang_Tcd_ORANGE": 2,
        "rang_Tcd_MTN": 1,
        "rang_Tcd_MOOV": 3,
        "rang_Tddd_ORANGE": 1,
        "rang_Tddd_MTN": 1,
        "rang_Tddd_MOOV": 1,
        "rang_Tddu_ORANGE": 1,
        "rang_Tddu_MTN": 1,
        "rang_Tddu_MOOV": 3,
        "rang_Dmd_ORANGE": 2,
        "rang_Dmd_MTN": 1,
        "rang_Dmd_MOOV": 3,
        "rang_Dmu_ORANGE": 2,
        "rang_Dmu_MTN": 3,
        "rang_Dmu_MOOV": 1
      },
      "id": 53
    },
    {
      "type": "Feature",
      "geometry": {
        "coordinates": [
          -5.890000000000001,
          10.0
        ],
        "type": "Point"
      },
      "properties": {
        "ADM0_FR": "SAVANES",
        "ADM0_PCODE": "CI11",
        "ADM1_FR": "PORO",
        "ADM1_PCODE": "CI128",
        "ADM2_FR": "M'BENGUE",
        "ADM2_PCODE": "CI2803",
        "ADM3_FR": "M'BENGUE",
        "ADM3_PCODE": "CI280301",
        "ADM4_FR": "M'BENGUE",
        "ADM4_PCODE": "C5429",
        "centerLat": 10.01,
        "centerLng": -5.9,
        "pop": 22242,
        "Ted_MOOV": 7.489999999999999,
        "Tcd_MOOV": 95.38,
        "Tddu_MOOV": 0.0,
        "Tddd_MOOV": 2.44,
        "Dmd_MOOV": 15684.99,
        "Dmu_MOOV": 13904.83,
        "Ted_MTN": 11.41,
        "Tcd_MTN": 84.66,
        "Tddu_MTN": 12.770000000000001,
        "Tddd_MTN": 0.86,
        "Dmd_MTN": 16947.77,
        "Dmu_MTN": 5950.92,
        "Ted_ORANGE": 0.0,
        "Tcd_ORANGE": 100.0,
        "Tddu_ORANGE": 0.0,
        "Tddd_ORANGE": 0.0,
        "Dmd_ORANGE": 56035.09,
        "Dmu_ORANGE": 23529.47,
        "rang_Ted_ORANGE": 1,
        "rang_Ted_MTN": 3,
        "rang_Ted_MOOV": 2,
        "rang_Tcd_ORANGE": 1,
        "rang_Tcd_MTN": 3,
        "rang_Tcd_MOOV": 2,
        "rang_Tddd_ORANGE": 1,
        "rang_Tddd_MTN": 2,
        "rang_Tddd_MOOV": 3,
        "rang_Tddu_ORANGE": 1,
        "rang_Tddu_MTN": 3,
        "rang_Tddu_MOOV": 1,
        "rang_Dmd_ORANGE": 3,
        "rang_Dmd_MTN": 2,
        "rang_Dmd_MOOV": 1,
        "rang_Dmu_ORANGE": 3,
        "rang_Dmu_MTN": 1,
        "rang_Dmu_MOOV": 2
      },
      "id": 54
    },
    {
      "type": "Feature",
      "geometry": {
        "coordinates": [
          -6.54634,
          5.39618
        ],
        "type": "Point"
      },
      "properties": {
        "ADM0_FR": "BAS-SASSANDRA",
        "ADM0_PCODE": "CI01",
        "ADM1_FR": "NAWA",
        "ADM1_PCODE": "CI126",
        "ADM2_FR": "MEAGUI",
        "ADM2_PCODE": "CI2603",
        "ADM3_FR": "MEAGUI",
        "ADM3_PCODE": "CI260301",
        "ADM4_FR": "MÉAGUI",
        "ADM4_PCODE": "C5452",
        "centerLat": 5.40618,
        "centerLng": -6.55634,
        "pop": 57367,
        "Ted_MOOV": 7.5600000000000005,
        "Tcd_MOOV": 97.11999999999999,
        "Tddu_MOOV": 0.0,
        "Tddd_MOOV": 3.42,
        "Dmd_MOOV": 32978.06,
        "Dmu_MOOV": 19716.91,
        "Ted_MTN": 0.0,
        "Tcd_MTN": 99.56,
        "Tddu_MTN": 0.0,
        "Tddd_MTN": 0.0,
        "Dmd_MTN": 74842.51,
        "Dmu_MTN": 21555.82,
        "Ted_ORANGE": 0.0,
        "Tcd_ORANGE": 100.0,
        "Tddu_ORANGE": 0.0,
        "Tddd_ORANGE": 0.0,
        "Dmd_ORANGE": 88998.53,
        "Dmu_ORANGE": 22639.33,
        "rang_Ted_ORANGE": 1,
        "rang_Ted_MTN": 1,
        "rang_Ted_MOOV": 3,
        "rang_Tcd_ORANGE": 1,
        "rang_Tcd_MTN": 2,
        "rang_Tcd_MOOV": 3,
        "rang_Tddd_ORANGE": 1,
        "rang_Tddd_MTN": 1,
        "rang_Tddd_MOOV": 3,
        "rang_Tddu_ORANGE": 1,
        "rang_Tddu_MTN": 1,
        "rang_Tddu_MOOV": 1,
        "rang_Dmd_ORANGE": 3,
        "rang_Dmd_MTN": 2,
        "rang_Dmd_MOOV": 1,
        "rang_Dmu_ORANGE": 3,
        "rang_Dmu_MTN": 2,
        "rang_Dmu_MOOV": 1
      },
      "id": 55
    },
    {
      "type": "Feature",
      "geometry": {
        "coordinates": [
          -5.28,
          8.65
        ],
        "type": "Point"
      },
      "properties": {
        "ADM0_FR": "VALLEE DU BANDAMA",
        "ADM0_PCODE": "CI12",
        "ADM1_FR": "HAMBOL",
        "ADM1_PCODE": "CI117",
        "ADM2_FR": "NIAKARAMADOUGOU",
        "ADM2_PCODE": "CI1703",
        "ADM3_FR": "NIAKARAMADOUGOU",
        "ADM3_PCODE": "CI170301",
        "ADM4_FR": "NIAKARAMADOUGOU",
        "ADM4_PCODE": "C5977",
        "centerLat": 8.66,
        "centerLng": -5.29,
        "pop": 16812,
        "Ted_MOOV": 5.56,
        "Tcd_MOOV": 98.53,
        "Tddu_MOOV": 4.55,
        "Tddd_MOOV": 0.0,
        "Dmd_MOOV": 20462.64,
        "Dmu_MOOV": 16878.43,
        "Ted_MTN": 26.669999999999998,
        "Tcd_MTN": 81.82000000000001,
        "Tddu_MTN": 10.0,
        "Tddd_MTN": 5.71,
        "Dmd_MTN": 19605.85,
        "Dmu_MTN": 12198.43,
        "Ted_ORANGE": 0.0,
        "Tcd_ORANGE": 98.50999999999999,
        "Tddu_ORANGE": 0.0,
        "Tddd_ORANGE": 0.0,
        "Dmd_ORANGE": 19184.13,
        "Dmu_ORANGE": 3749.07,
        "rang_Ted_ORANGE": 1,
        "rang_Ted_MTN": 3,
        "rang_Ted_MOOV": 2,
        "rang_Tcd_ORANGE": 2,
        "rang_Tcd_MTN": 3,
        "rang_Tcd_MOOV": 1,
        "rang_Tddd_ORANGE": 1,
        "rang_Tddd_MTN": 3,
        "rang_Tddd_MOOV": 1,
        "rang_Tddu_ORANGE": 1,
        "rang_Tddu_MTN": 3,
        "rang_Tddu_MOOV": 2,
        "rang_Dmd_ORANGE": 1,
        "rang_Dmd_MTN": 2,
        "rang_Dmd_MOOV": 3,
        "rang_Dmu_ORANGE": 1,
        "rang_Dmu_MTN": 2,
        "rang_Dmu_MOOV": 3
      },
      "id": 56
    },
    {
      "type": "Feature",
      "geometry": {
        "coordinates": [
          -7.55213,
          9.49687
        ],
        "type": "Point"
      },
      "properties": {
        "ADM0_FR": "DENGUELE",
        "ADM0_PCODE": "CI03",
        "ADM1_FR": "KABADOUGOU",
        "ADM1_PCODE": "CI121",
        "ADM2_FR": "ODIENNE",
        "ADM2_PCODE": "CI2103",
        "ADM3_FR": "ODIENNE",
        "ADM3_PCODE": "CI210301",
        "ADM4_FR": "ODIENNE",
        "ADM4_PCODE": "C6210",
        "centerLat": 9.50687,
        "centerLng": -7.56213,
        "pop": 42173,
        "Ted_MOOV": 0.0,
        "Tcd_MOOV": 98.65,
        "Tddu_MOOV": 1.47,
        "Tddd_MOOV": 0.65,
        "Dmd_MOOV": 79570.53,
        "Dmu_MOOV": 22180.21,
        "Ted_MTN": 0.0,
        "Tcd_MTN": 99.52,
        "Tddu_MTN": 0.0,
        "Tddd_MTN": 0.0,
        "Dmd_MTN": 46802.68,
        "Dmu_MTN": 22890.75,
        "Ted_ORANGE": 0.0,
        "Tcd_ORANGE": 99.45,
        "Tddu_ORANGE": 0.0,
        "Tddd_ORANGE": 0.0,
        "Dmd_ORANGE": 30588.57,
        "Dmu_ORANGE": 23725.19,
        "rang_Ted_ORANGE": 1,
        "rang_Ted_MTN": 1,
        "rang_Ted_MOOV": 1,
        "rang_Tcd_ORANGE": 2,
        "rang_Tcd_MTN": 1,
        "rang_Tcd_MOOV": 3,
        "rang_Tddd_ORANGE": 1,
        "rang_Tddd_MTN": 1,
        "rang_Tddd_MOOV": 3,
        "rang_Tddu_ORANGE": 1,
        "rang_Tddu_MTN": 1,
        "rang_Tddu_MOOV": 3,
        "rang_Dmd_ORANGE": 1,
        "rang_Dmd_MTN": 2,
        "rang_Dmd_MOOV": 3,
        "rang_Dmu_ORANGE": 3,
        "rang_Dmu_MTN": 2,
        "rang_Dmu_MOOV": 1
      },
      "id": 57
    },
    {
      "type": "Feature",
      "geometry": {
        "coordinates": [
          -6.54,
          5.95
        ],
        "type": "Point"
      },
      "properties": {
        "ADM0_FR": "BAS-SASSANDRA",
        "ADM0_PCODE": "CI01",
        "ADM1_FR": "NAWA",
        "ADM1_PCODE": "CI126",
        "ADM2_FR": "SOUBRE",
        "ADM2_PCODE": "CI2604",
        "ADM3_FR": "LILIYO",
        "ADM3_PCODE": "CI260404",
        "ADM4_FR": "OUREGBABRE",
        "ADM4_PCODE": "C6382",
        "centerLat": 5.96,
        "centerLng": -6.55,
        "pop": 3008,
        "Ted_MOOV": 38.0,
        "Tcd_MOOV": 58.06,
        "Tddu_MOOV": 45.45,
        "Tddd_MOOV": 20.0,
        "Dmd_MOOV": 1189.65,
        "Dmu_MOOV": 762.81,
        "Ted_MTN": 11.959999999999999,
        "Tcd_MTN": 63.74999999999999,
        "Tddu_MTN": 61.9,
        "Tddd_MTN": 1.69,
        "Dmd_MTN": 6369.05,
        "Dmu_MTN": 580.98,
        "Ted_ORANGE": 12.629999999999999,
        "Tcd_ORANGE": 72.28999999999999,
        "Tddu_ORANGE": 51.849999999999994,
        "Tddd_ORANGE": 8.93,
        "Dmd_ORANGE": 4689.66,
        "Dmu_ORANGE": 831.04,
        "rang_Ted_ORANGE": 2,
        "rang_Ted_MTN": 1,
        "rang_Ted_MOOV": 3,
        "rang_Tcd_ORANGE": 1,
        "rang_Tcd_MTN": 2,
        "rang_Tcd_MOOV": 3,
        "rang_Tddd_ORANGE": 2,
        "rang_Tddd_MTN": 1,
        "rang_Tddd_MOOV": 3,
        "rang_Tddu_ORANGE": 2,
        "rang_Tddu_MTN": 3,
        "rang_Tddu_MOOV": 1,
        "rang_Dmd_ORANGE": 2,
        "rang_Dmd_MTN": 3,
        "rang_Dmd_MOOV": 1,
        "rang_Dmu_ORANGE": 3,
        "rang_Dmu_MTN": 1,
        "rang_Dmu_MOOV": 2
      },
      "id": 58
    },
    {
      "type": "Feature",
      "geometry": {
        "coordinates": [
          -4.78408,
          7.62566
        ],
        "type": "Point"
      },
      "properties": {
        "ADM0_FR": "VALLEE DU BANDAMA",
        "ADM0_PCODE": "CI12",
        "ADM1_FR": "GBEKE",
        "ADM1_PCODE": "CI111",
        "ADM2_FR": "BOUAKE",
        "ADM2_PCODE": "CI1103",
        "ADM3_FR": "BROBO",
        "ADM3_PCODE": "CI110303",
        "ADM4_FR": "PRIKRO",
        "ADM4_PCODE": "C6643",
        "centerLat": 7.63566,
        "centerLng": -4.79408,
        "pop": 257,
        "Ted_MOOV": 0.0,
        "Tcd_MOOV": 99.33,
        "Tddu_MOOV": 0.0,
        "Tddd_MOOV": 0.0,
        "Dmd_MOOV": 17068.72,
        "Dmu_MOOV": 17945.52,
        "Ted_MTN": 35.33,
        "Tcd_MTN": 92.78,
        "Tddu_MTN": 3.6999999999999997,
        "Tddd_MTN": 5.71,
        "Dmd_MTN": 2388.8,
        "Dmu_MTN": 7192.22,
        "Ted_ORANGE": 0.0,
        "Tcd_ORANGE": 92.67,
        "Tddu_ORANGE": 0.0,
        "Tddd_ORANGE": 0.0,
        "Dmd_ORANGE": 12944.21,
        "Dmu_ORANGE": 12796.05,
        "rang_Ted_ORANGE": 1,
        "rang_Ted_MTN": 3,
        "rang_Ted_MOOV": 1,
        "rang_Tcd_ORANGE": 3,
        "rang_Tcd_MTN": 2,
        "rang_Tcd_MOOV": 1,
        "rang_Tddd_ORANGE": 1,
        "rang_Tddd_MTN": 3,
        "rang_Tddd_MOOV": 1,
        "rang_Tddu_ORANGE": 1,
        "rang_Tddu_MTN": 3,
        "rang_Tddu_MOOV": 1,
        "rang_Dmd_ORANGE": 2,
        "rang_Dmd_MTN": 1,
        "rang_Dmd_MOOV": 3,
        "rang_Dmu_ORANGE": 2,
        "rang_Dmu_MTN": 1,
        "rang_Dmu_MOOV": 3
      },
      "id": 59
    },
    {
      "type": "Feature",
      "geometry": {
        "coordinates": [
          -6.60973,
          4.72809
        ],
        "type": "Point"
      },
      "properties": {
        "ADM0_FR": "BAS-SASSANDRA",
        "ADM0_PCODE": "CI01",
        "ADM1_FR": "SAN-PEDRO",
        "ADM1_PCODE": "CI129",
        "ADM2_FR": "SAN-PEDRO",
        "ADM2_PCODE": "CI2901",
        "ADM3_FR": "SAN-PEDRO",
        "ADM3_PCODE": "CI290101",
        "ADM4_FR": "SAN-PEDRO",
        "ADM4_PCODE": "C6807",
        "centerLat": 4.73809,
        "centerLng": -6.61973,
        "pop": 164944,
        "Ted_MOOV": 0.0,
        "Tcd_MOOV": 99.31,
        "Tddu_MOOV": 0.0,
        "Tddd_MOOV": 5.45,
        "Dmd_MOOV": 39226.94,
        "Dmu_MOOV": 18204.55,
        "Ted_MTN": 0.0,
        "Tcd_MTN": 100.0,
        "Tddu_MTN": 0.0,
        "Tddd_MTN": 0.0,
        "Dmd_MTN": 134777.68,
        "Dmu_MTN": 28087.02,
        "Ted_ORANGE": 0.0,
        "Tcd_ORANGE": 100.0,
        "Tddu_ORANGE": 0.0,
        "Tddd_ORANGE": 0.0,
        "Dmd_ORANGE": 69370.19,
        "Dmu_ORANGE": 17905.37,
        "rang_Ted_ORANGE": 1,
        "rang_Ted_MTN": 1,
        "rang_Ted_MOOV": 1,
        "rang_Tcd_ORANGE": 1,
        "rang_Tcd_MTN": 1,
        "rang_Tcd_MOOV": 3,
        "rang_Tddd_ORANGE": 1,
        "rang_Tddd_MTN": 1,
        "rang_Tddd_MOOV": 3,
        "rang_Tddu_ORANGE": 1,
        "rang_Tddu_MTN": 1,
        "rang_Tddu_MOOV": 1,
        "rang_Dmd_ORANGE": 2,
        "rang_Dmd_MTN": 3,
        "rang_Dmd_MOOV": 1,
        "rang_Dmu_ORANGE": 1,
        "rang_Dmu_MTN": 3,
        "rang_Dmu_MOOV": 2
      },
      "id": 60
    },
    {
      "type": "Feature",
      "geometry": {
        "coordinates": [
          -4.267250000000001,
          5.20533
        ],
        "type": "Point"
      },
      "properties": {
        "ADM0_FR": "LAGUNES",
        "ADM0_PCODE": "CI08",
        "ADM1_FR": "GRANDS-PONTS",
        "ADM1_PCODE": "CI115",
        "ADM2_FR": "JACQUEVILLE",
        "ADM2_PCODE": "CI1503",
        "ADM3_FR": "JACQUEVILLE",
        "ADM3_PCODE": "CI150301",
        "ADM4_FR": "SASSAKO-BÉGNINI",
        "ADM4_PCODE": "C6834",
        "centerLat": 5.21533,
        "centerLng": -4.27725,
        "pop": 1409,
        "Ted_MOOV": 0.0,
        "Tcd_MOOV": 98.7,
        "Tddu_MOOV": 0.0,
        "Tddd_MOOV": 0.0,
        "Dmd_MOOV": 90358.4,
        "Dmu_MOOV": 28869.21,
        "Ted_MTN": 0.0,
        "Tcd_MTN": 100.0,
        "Tddu_MTN": 0.0,
        "Tddd_MTN": 0.0,
        "Dmd_MTN": 36493.84,
        "Dmu_MTN": 20789.73,
        "Ted_ORANGE": 0.0,
        "Tcd_ORANGE": 100.0,
        "Tddu_ORANGE": 0.0,
        "Tddd_ORANGE": 0.0,
        "Dmd_ORANGE": 62848.59,
        "Dmu_ORANGE": 23910.08,
        "rang_Ted_ORANGE": 1,
        "rang_Ted_MTN": 1,
        "rang_Ted_MOOV": 1,
        "rang_Tcd_ORANGE": 1,
        "rang_Tcd_MTN": 1,
        "rang_Tcd_MOOV": 3,
        "rang_Tddd_ORANGE": 1,
        "rang_Tddd_MTN": 1,
        "rang_Tddd_MOOV": 1,
        "rang_Tddu_ORANGE": 1,
        "rang_Tddu_MTN": 1,
        "rang_Tddu_MOOV": 1,
        "rang_Dmd_ORANGE": 2,
        "rang_Dmd_MTN": 1,
        "rang_Dmd_MOOV": 3,
        "rang_Dmu_ORANGE": 2,
        "rang_Dmu_MTN": 1,
        "rang_Dmu_MOOV": 3
      },
      "id": 61
    },
    {
      "type": "Feature",
      "geometry": {
        "coordinates": [
          -6.66313,
          7.95253
        ],
        "type": "Point"
      },
      "properties": {
        "ADM0_FR": "WOROBA",
        "ADM0_PCODE": "CI13",
        "ADM1_FR": "WORODOUGOU",
        "ADM1_PCODE": "CI133",
        "ADM2_FR": "SEGUELA",
        "ADM2_PCODE": "CI3302",
        "ADM3_FR": "SEGUELA",
        "ADM3_PCODE": "CI330201",
        "ADM4_FR": "SÉGUÉLA",
        "ADM4_PCODE": "C6882",
        "centerLat": 7.96253,
        "centerLng": -6.67313,
        "pop": 46189,
        "Ted_MOOV": 5.43,
        "Tcd_MOOV": 89.02,
        "Tddu_MOOV": 5.66,
        "Tddd_MOOV": 7.5,
        "Dmd_MOOV": 28438.17,
        "Dmu_MOOV": 11661.9,
        "Ted_MTN": 0.0,
        "Tcd_MTN": 94.58,
        "Tddu_MTN": 0.0,
        "Tddd_MTN": 0.0,
        "Dmd_MTN": 41209.07,
        "Dmu_MTN": 20497.5,
        "Ted_ORANGE": 0.0,
        "Tcd_ORANGE": 98.92999999999999,
        "Tddu_ORANGE": 0.0,
        "Tddd_ORANGE": 1.52,
        "Dmd_ORANGE": 35860.14,
        "Dmu_ORANGE": 18873.89,
        "rang_Ted_ORANGE": 1,
        "rang_Ted_MTN": 1,
        "rang_Ted_MOOV": 3,
        "rang_Tcd_ORANGE": 1,
        "rang_Tcd_MTN": 2,
        "rang_Tcd_MOOV": 3,
        "rang_Tddd_ORANGE": 2,
        "rang_Tddd_MTN": 1,
        "rang_Tddd_MOOV": 3,
        "rang_Tddu_ORANGE": 1,
        "rang_Tddu_MTN": 1,
        "rang_Tddu_MOOV": 3,
        "rang_Dmd_ORANGE": 2,
        "rang_Dmd_MTN": 3,
        "rang_Dmd_MOOV": 1,
        "rang_Dmu_ORANGE": 2,
        "rang_Dmu_MTN": 3,
        "rang_Dmu_MOOV": 1
      },
      "id": 62
    },
    {
      "type": "Feature",
      "geometry": {
        "coordinates": [
          -6.56979,
          8.3508
        ],
        "type": "Point"
      },
      "properties": {
        "ADM0_FR": "WOROBA",
        "ADM0_PCODE": "CI13",
        "ADM1_FR": "WORODOUGOU",
        "ADM1_PCODE": "CI133",
        "ADM2_FR": "KANI",
        "ADM2_PCODE": "CI3301",
        "ADM3_FR": "KANI",
        "ADM3_PCODE": "CI330101",
        "ADM4_FR": "SILAKORO",
        "ADM4_PCODE": "C7026",
        "centerLat": 8.3608,
        "centerLng": -6.57979,
        "pop": 1708,
        "Ted_MOOV": 3.09,
        "Tcd_MOOV": 83.87,
        "Tddu_MOOV": 17.24,
        "Tddd_MOOV": 1.5599999999999998,
        "Dmd_MOOV": 18441.67,
        "Dmu_MOOV": 4962.02,
        "Ted_MTN": 58.87,
        "Tcd_MTN": 74.51,
        "Tddu_MTN": 64.71000000000001,
        "Tddd_MTN": 14.71,
        "Dmd_MTN": 3054.97,
        "Dmu_MTN": 1085.18,
        "Ted_ORANGE": 10.99,
        "Tcd_ORANGE": 67.9,
        "Tddu_ORANGE": 66.67,
        "Tddd_ORANGE": 5.26,
        "Dmd_ORANGE": 4021.47,
        "Dmu_ORANGE": 1207.2,
        "rang_Ted_ORANGE": 2,
        "rang_Ted_MTN": 3,
        "rang_Ted_MOOV": 1,
        "rang_Tcd_ORANGE": 3,
        "rang_Tcd_MTN": 2,
        "rang_Tcd_MOOV": 1,
        "rang_Tddd_ORANGE": 2,
        "rang_Tddd_MTN": 3,
        "rang_Tddd_MOOV": 1,
        "rang_Tddu_ORANGE": 3,
        "rang_Tddu_MTN": 2,
        "rang_Tddu_MOOV": 1,
        "rang_Dmd_ORANGE": 2,
        "rang_Dmd_MTN": 1,
        "rang_Dmd_MOOV": 3,
        "rang_Dmu_ORANGE": 2,
        "rang_Dmu_MTN": 1,
        "rang_Dmu_MOOV": 3
      },
      "id": 63
    },
    {
      "type": "Feature",
      "geometry": {
        "coordinates": [
          -8.09193,
          7.856660000000001
        ],
        "type": "Point"
      },
      "properties": {
        "ADM0_FR": "MONTAGNES",
        "ADM0_PCODE": "CI09",
        "ADM1_FR": "TONKPI",
        "ADM1_PCODE": "CI132",
        "ADM2_FR": "SIPILOU",
        "ADM2_PCODE": "CI3204",
        "ADM3_FR": "SIPILOU",
        "ADM3_PCODE": "CI320401",
        "ADM4_FR": "SIPILOU",
        "ADM4_PCODE": "C7073",
        "centerLat": 7.86666,
        "centerLng": -8.10193,
        "pop": 5705,
        "Ted_MOOV": 16.669999999999998,
        "Tcd_MOOV": 28.000000000000004,
        "Tddu_MOOV": 29.03,
        "Tddd_MOOV": 40.58,
        "Dmd_MOOV": 580.22,
        "Dmu_MOOV": 656.85,
        "Ted_MTN": 0.0,
        "Tcd_MTN": 98.89,
        "Tddu_MTN": 0.0,
        "Tddd_MTN": 0.0,
        "Dmd_MTN": 55885.6,
        "Dmu_MTN": 17057.33,
        "Ted_ORANGE": 0.74,
        "Tcd_ORANGE": 79.85,
        "Tddu_ORANGE": 0.0,
        "Tddd_ORANGE": 24.21,
        "Dmd_ORANGE": 4326.53,
        "Dmu_ORANGE": 14229.12,
        "rang_Ted_ORANGE": 2,
        "rang_Ted_MTN": 1,
        "rang_Ted_MOOV": 3,
        "rang_Tcd_ORANGE": 2,
        "rang_Tcd_MTN": 1,
        "rang_Tcd_MOOV": 3,
        "rang_Tddd_ORANGE": 2,
        "rang_Tddd_MTN": 1,
        "rang_Tddd_MOOV": 3,
        "rang_Tddu_ORANGE": 1,
        "rang_Tddu_MTN": 1,
        "rang_Tddu_MOOV": 3,
        "rang_Dmd_ORANGE": 2,
        "rang_Dmd_MTN": 3,
        "rang_Dmd_MOOV": 1,
        "rang_Dmu_ORANGE": 2,
        "rang_Dmu_MTN": 3,
        "rang_Dmu_MOOV": 1
      },
      "id": 64
    },
    {
      "type": "Feature",
      "geometry": {
        "coordinates": [
          -7.346150000000001,
          4.404520000000001
        ],
        "type": "Point"
      },
      "properties": {
        "ADM0_FR": "BAS-SASSANDRA",
        "ADM0_PCODE": "CI01",
        "ADM1_FR": "SAN-PEDRO",
        "ADM1_PCODE": "CI129",
        "ADM2_FR": "TABOU",
        "ADM2_PCODE": "CI2902",
        "ADM3_FR": "TABOU",
        "ADM3_PCODE": "CI290201",
        "ADM4_FR": "TABOU",
        "ADM4_PCODE": "C7308",
        "centerLat": 4.41452,
        "centerLng": -7.35615,
        "pop": 22733,
        "Ted_MOOV": 0.0,
        "Tcd_MOOV": 100.0,
        "Tddu_MOOV": 0.0,
        "Tddd_MOOV": 0.0,
        "Dmd_MOOV": 120303.31,
        "Dmu_MOOV": 20508.68,
        "Ted_MTN": 11.29,
        "Tcd_MTN": 96.86,
        "Tddu_MTN": 26.090000000000003,
        "Tddd_MTN": 20.349999999999998,
        "Dmd_MTN": 56279.04,
        "Dmu_MTN": 18336.78,
        "Ted_ORANGE": 0.0,
        "Tcd_ORANGE": 100.0,
        "Tddu_ORANGE": 0.0,
        "Tddd_ORANGE": 0.0,
        "Dmd_ORANGE": 66895.15,
        "Dmu_ORANGE": 17544.79,
        "rang_Ted_ORANGE": 1,
        "rang_Ted_MTN": 3,
        "rang_Ted_MOOV": 1,
        "rang_Tcd_ORANGE": 1,
        "rang_Tcd_MTN": 3,
        "rang_Tcd_MOOV": 1,
        "rang_Tddd_ORANGE": 1,
        "rang_Tddd_MTN": 3,
        "rang_Tddd_MOOV": 1,
        "rang_Tddu_ORANGE": 1,
        "rang_Tddu_MTN": 3,
        "rang_Tddu_MOOV": 1,
        "rang_Dmd_ORANGE": 2,
        "rang_Dmd_MTN": 1,
        "rang_Dmd_MOOV": 3,
        "rang_Dmu_ORANGE": 1,
        "rang_Dmu_MTN": 2,
        "rang_Dmu_MOOV": 3
      },
      "id": 65
    },
    {
      "type": "Feature",
      "geometry": {
        "coordinates": [
          -5.15212,
          9.060220000000001
        ],
        "type": "Point"
      },
      "properties": {
        "ADM0_FR": "VALLEE DU BANDAMA",
        "ADM0_PCODE": "CI12",
        "ADM1_FR": "HAMBOL",
        "ADM1_PCODE": "CI117",
        "ADM2_FR": "NIAKARAMADOUGOU",
        "ADM2_PCODE": "CI1703",
        "ADM3_FR": "TAFIRE",
        "ADM3_PCODE": "CI170305",
        "ADM4_FR": "TAFIRE",
        "ADM4_PCODE": "C7314",
        "centerLat": 9.07022,
        "centerLng": -5.16212,
        "pop": 17191,
        "Ted_MOOV": 32.17,
        "Tcd_MOOV": 86.6,
        "Tddu_MOOV": 0.0,
        "Tddd_MOOV": 60.0,
        "Dmd_MOOV": 2136.32,
        "Dmu_MOOV": 8707.53,
        "Ted_MTN": 19.3,
        "Tcd_MTN": 95.65,
        "Tddu_MTN": 0.0,
        "Tddd_MTN": 11.219999999999999,
        "Dmd_MTN": 41537.71,
        "Dmu_MTN": 20879.34,
        "Ted_ORANGE": 0.0,
        "Tcd_ORANGE": 100.0,
        "Tddu_ORANGE": 0.0,
        "Tddd_ORANGE": 0.0,
        "Dmd_ORANGE": 55760.43,
        "Dmu_ORANGE": 14981.44,
        "rang_Ted_ORANGE": 1,
        "rang_Ted_MTN": 2,
        "rang_Ted_MOOV": 3,
        "rang_Tcd_ORANGE": 1,
        "rang_Tcd_MTN": 2,
        "rang_Tcd_MOOV": 3,
        "rang_Tddd_ORANGE": 1,
        "rang_Tddd_MTN": 2,
        "rang_Tddd_MOOV": 3,
        "rang_Tddu_ORANGE": 1,
        "rang_Tddu_MTN": 1,
        "rang_Tddu_MOOV": 1,
        "rang_Dmd_ORANGE": 3,
        "rang_Dmd_MTN": 2,
        "rang_Dmd_MOOV": 1,
        "rang_Dmu_ORANGE": 2,
        "rang_Dmu_MTN": 3,
        "rang_Dmu_MOOV": 1
      },
      "id": 66
    },
    {
      "type": "Feature",
      "geometry": {
        "coordinates": [
          -7.445790000000001,
          5.86385
        ],
        "type": "Point"
      },
      "properties": {
        "ADM0_FR": "MONTAGNES",
        "ADM0_PCODE": "CI09",
        "ADM1_FR": "CAVALLY",
        "ADM1_PCODE": "CI109",
        "ADM2_FR": "TAÏ",
        "ADM2_PCODE": "CI0903",
        "ADM3_FR": "TAÏ",
        "ADM3_PCODE": "CI090301",
        "ADM4_FR": "TAI",
        "ADM4_PCODE": "C7345",
        "centerLat": 5.87385,
        "centerLng": -7.45579,
        "pop": 5917,
        "Ted_MOOV": 3.8899999999999997,
        "Tcd_MOOV": 93.64,
        "Tddu_MOOV": 1.8900000000000001,
        "Tddd_MOOV": 0.0,
        "Dmd_MOOV": 44965.84,
        "Dmu_MOOV": 20250.33,
        "Ted_MTN": 0.0,
        "Tcd_MTN": 99.48,
        "Tddu_MTN": 0.0,
        "Tddd_MTN": 0.0,
        "Dmd_MTN": 60646.81,
        "Dmu_MTN": 20403.3,
        "Ted_ORANGE": 2.0,
        "Tcd_ORANGE": 28.57,
        "Tddu_ORANGE": 0.0,
        "Tddd_ORANGE": 99.03,
        "Dmd_ORANGE": 163.47,
        "Dmu_ORANGE": 5956.7,
        "rang_Ted_ORANGE": 2,
        "rang_Ted_MTN": 1,
        "rang_Ted_MOOV": 3,
        "rang_Tcd_ORANGE": 3,
        "rang_Tcd_MTN": 1,
        "rang_Tcd_MOOV": 2,
        "rang_Tddd_ORANGE": 3,
        "rang_Tddd_MTN": 1,
        "rang_Tddd_MOOV": 1,
        "rang_Tddu_ORANGE": 1,
        "rang_Tddu_MTN": 1,
        "rang_Tddu_MOOV": 3,
        "rang_Dmd_ORANGE": 1,
        "rang_Dmd_MTN": 3,
        "rang_Dmd_MOOV": 2,
        "rang_Dmu_ORANGE": 1,
        "rang_Dmu_MTN": 3,
        "rang_Dmu_MOOV": 2
      },
      "id": 67
    },
    {
      "type": "Feature",
      "geometry": {
        "coordinates": [
          -6.40061,
          10.479000000000001
        ],
        "type": "Point"
      },
      "properties": {
        "ADM0_FR": "SAVANES",
        "ADM0_PCODE": "CI11",
        "ADM1_FR": "BAGOUE",
        "ADM1_PCODE": "CI105",
        "ADM2_FR": "TENGRELA",
        "ADM2_PCODE": "CI0503",
        "ADM3_FR": "TENGRELA",
        "ADM3_PCODE": "CI050301",
        "ADM4_FR": "TENGRELA",
        "ADM4_PCODE": "C7513",
        "centerLat": 10.489,
        "centerLng": -6.41061,
        "pop": 40323,
        "Ted_MOOV": 26.55,
        "Tcd_MOOV": 41.089999999999996,
        "Tddu_MOOV": 19.05,
        "Tddd_MOOV": 1.15,
        "Dmd_MOOV": 7053.46,
        "Dmu_MOOV": 16734.6,
        "Ted_MTN": 6.67,
        "Tcd_MTN": 94.05,
        "Tddu_MTN": 0.0,
        "Tddd_MTN": 1.69,
        "Dmd_MTN": 21701.22,
        "Dmu_MTN": 22523.34,
        "Ted_ORANGE": 1.11,
        "Tcd_ORANGE": 92.09,
        "Tddu_ORANGE": 0.0,
        "Tddd_ORANGE": 40.0,
        "Dmd_ORANGE": 564.65,
        "Dmu_ORANGE": 10722.94,
        "rang_Ted_ORANGE": 1,
        "rang_Ted_MTN": 2,
        "rang_Ted_MOOV": 3,
        "rang_Tcd_ORANGE": 2,
        "rang_Tcd_MTN": 1,
        "rang_Tcd_MOOV": 3,
        "rang_Tddd_ORANGE": 3,
        "rang_Tddd_MTN": 2,
        "rang_Tddd_MOOV": 1,
        "rang_Tddu_ORANGE": 1,
        "rang_Tddu_MTN": 1,
        "rang_Tddu_MOOV": 3,
        "rang_Dmd_ORANGE": 1,
        "rang_Dmd_MTN": 3,
        "rang_Dmd_MOOV": 2,
        "rang_Dmu_ORANGE": 1,
        "rang_Dmu_MTN": 3,
        "rang_Dmu_MOOV": 2
      },
      "id": 68
    },
    {
      "type": "Feature",
      "geometry": {
        "coordinates": [
          -4.65225,
          7.70436
        ],
        "type": "Point"
      },
      "properties": {
        "ADM0_FR": "LACS",
        "ADM0_PCODE": "CI07",
        "ADM1_FR": "BELIER",
        "ADM1_PCODE": "CI106",
        "ADM2_FR": "TIEBISSOU",
        "ADM2_PCODE": "CI0603",
        "ADM3_FR": "TIEBISSOU",
        "ADM3_PCODE": "CI060301",
        "ADM4_FR": "TIÉBISSOU",
        "ADM4_PCODE": "C7574",
        "centerLat": 7.71436,
        "centerLng": -4.66225,
        "pop": 18832,
        "Ted_MOOV": 1.44,
        "Tcd_MOOV": 94.66,
        "Tddu_MOOV": 0.0,
        "Tddd_MOOV": 0.0,
        "Dmd_MOOV": 38341.82,
        "Dmu_MOOV": 24407.06,
        "Ted_MTN": 1.44,
        "Tcd_MTN": 94.66,
        "Tddu_MTN": 0.0,
        "Tddd_MTN": 0.0,
        "Dmd_MTN": 38341.82,
        "Dmu_MTN": 24407.06,
        "Ted_ORANGE": 0.0,
        "Tcd_ORANGE": 96.7,
        "Tddu_ORANGE": 0.0,
        "Tddd_ORANGE": 1.35,
        "Dmd_ORANGE": 23296.4,
        "Dmu_ORANGE": 4967.63,
        "rang_Ted_ORANGE": 1,
        "rang_Ted_MTN": 2,
        "rang_Ted_MOOV": 2,
        "rang_Tcd_ORANGE": 1,
        "rang_Tcd_MTN": 2,
        "rang_Tcd_MOOV": 2,
        "rang_Tddd_ORANGE": 3,
        "rang_Tddd_MTN": 1,
        "rang_Tddd_MOOV": 1,
        "rang_Tddu_ORANGE": 1,
        "rang_Tddu_MTN": 1,
        "rang_Tddu_MOOV": 1,
        "rang_Dmd_ORANGE": 1,
        "rang_Dmd_MTN": 2,
        "rang_Dmd_MOOV": 2,
        "rang_Dmu_ORANGE": 1,
        "rang_Dmu_MTN": 2,
        "rang_Dmu_MOOV": 2
      },
      "id": 69
    },
    {
      "type": "Feature",
      "geometry": {
        "coordinates": [
          -7.30834,
          9.53501
        ],
        "type": "Point"
      },
      "properties": {
        "ADM0_FR": "DENGUELE",
        "ADM0_PCODE": "CI03",
        "ADM1_FR": "KABADOUGOU",
        "ADM1_PCODE": "CI121",
        "ADM2_FR": "ODIENNE",
        "ADM2_PCODE": "CI2103",
        "ADM3_FR": "TIEME",
        "ADM3_PCODE": "CI210305",
        "ADM4_FR": "TIEME",
        "ADM4_PCODE": "C7613",
        "centerLat": 9.54501,
        "centerLng": -7.31834,
        "pop": 6267,
        "Ted_MOOV": 35.88,
        "Tcd_MOOV": 88.07000000000001,
        "Tddu_MOOV": 0.0,
        "Tddd_MOOV": 39.24,
        "Dmd_MOOV": 1298.99,
        "Dmu_MOOV": 7696.05,
        "Ted_MTN": 0.0,
        "Tcd_MTN": 99.42,
        "Tddu_MTN": 1.92,
        "Tddd_MTN": 0.0,
        "Dmd_MTN": 22041.4,
        "Dmu_MTN": 10103.09,
        "Ted_ORANGE": 0.0,
        "Tcd_ORANGE": 99.42999999999999,
        "Tddu_ORANGE": 0.0,
        "Tddd_ORANGE": 50.41,
        "Dmd_ORANGE": 643.28,
        "Dmu_ORANGE": 4475.73,
        "rang_Ted_ORANGE": 1,
        "rang_Ted_MTN": 1,
        "rang_Ted_MOOV": 3,
        "rang_Tcd_ORANGE": 1,
        "rang_Tcd_MTN": 2,
        "rang_Tcd_MOOV": 3,
        "rang_Tddd_ORANGE": 3,
        "rang_Tddd_MTN": 1,
        "rang_Tddd_MOOV": 2,
        "rang_Tddu_ORANGE": 1,
        "rang_Tddu_MTN": 3,
        "rang_Tddu_MOOV": 1,
        "rang_Dmd_ORANGE": 1,
        "rang_Dmd_MTN": 3,
        "rang_Dmd_MOOV": 2,
        "rang_Dmu_ORANGE": 1,
        "rang_Dmu_MTN": 3,
        "rang_Dmu_MOOV": 2
      },
      "id": 70
    },
    {
      "type": "Feature",
      "geometry": {
        "coordinates": [
          -7.67063,
          8.27504
        ],
        "type": "Point"
      },
      "properties": {
        "ADM0_FR": "WOROBA",
        "ADM0_PCODE": "CI13",
        "ADM1_FR": "BAFING",
        "ADM1_PCODE": "CI104",
        "ADM2_FR": "TOUBA",
        "ADM2_PCODE": "CI0403",
        "ADM3_FR": "TOUBA",
        "ADM3_PCODE": "CI040301",
        "ADM4_FR": "TOUBA",
        "ADM4_PCODE": "C7832",
        "centerLat": 8.28504,
        "centerLng": -7.68063,
        "pop": 22361,
        "Ted_MOOV": 2.91,
        "Tcd_MOOV": 83.83,
        "Tddu_MOOV": 0.0,
        "Tddd_MOOV": 0.8500000000000001,
        "Dmd_MOOV": 6511.3,
        "Dmu_MOOV": 16331.65,
        "Ted_MTN": 1.46,
        "Tcd_MTN": 95.57,
        "Tddu_MTN": 0.0,
        "Tddd_MTN": 8.39,
        "Dmd_MTN": 30102.98,
        "Dmu_MTN": 18722.07,
        "Ted_ORANGE": 0.53,
        "Tcd_ORANGE": 93.01,
        "Tddu_ORANGE": 12.73,
        "Tddd_ORANGE": 19.85,
        "Dmd_ORANGE": 26540.15,
        "Dmu_ORANGE": 12037.48,
        "rang_Ted_ORANGE": 1,
        "rang_Ted_MTN": 2,
        "rang_Ted_MOOV": 3,
        "rang_Tcd_ORANGE": 2,
        "rang_Tcd_MTN": 1,
        "rang_Tcd_MOOV": 3,
        "rang_Tddd_ORANGE": 3,
        "rang_Tddd_MTN": 2,
        "rang_Tddd_MOOV": 1,
        "rang_Tddu_ORANGE": 3,
        "rang_Tddu_MTN": 1,
        "rang_Tddu_MOOV": 1,
        "rang_Dmd_ORANGE": 2,
        "rang_Dmd_MTN": 3,
        "rang_Dmd_MOOV": 1,
        "rang_Dmu_ORANGE": 1,
        "rang_Dmu_MTN": 3,
        "rang_Dmu_MOOV": 2
      },
      "id": 71
    },
    {
      "type": "Feature",
      "geometry": {
        "coordinates": [
          -8.405190000000001,
          6.572
        ],
        "type": "Point"
      },
      "properties": {
        "ADM0_FR": "MONTAGNES",
        "ADM0_PCODE": "CI09",
        "ADM1_FR": "CAVALLY",
        "ADM1_PCODE": "CI109",
        "ADM2_FR": "TOULEPLEU",
        "ADM2_PCODE": "CI0904",
        "ADM3_FR": "TOULEPLEU",
        "ADM3_PCODE": "CI090401",
        "ADM4_FR": "TOULEPLEU",
        "ADM4_PCODE": "C7852",
        "centerLat": 6.582,
        "centerLng": -8.41519,
        "pop": 6784,
        "Ted_MOOV": 13.66,
        "Tcd_MOOV": 87.77000000000001,
        "Tddu_MOOV": 4.88,
        "Tddd_MOOV": 37.76,
        "Dmd_MOOV": 1573.65,
        "Dmu_MOOV": 5637.8,
        "Ted_MTN": 8.9,
        "Tcd_MTN": 97.67,
        "Tddu_MTN": 3.0300000000000002,
        "Tddd_MTN": 3.36,
        "Dmd_MTN": 38968.97,
        "Dmu_MTN": 10443.54,
        "Ted_ORANGE": 0.61,
        "Tcd_ORANGE": 80.75,
        "Tddu_ORANGE": 0.0,
        "Tddd_ORANGE": 31.3,
        "Dmd_ORANGE": 1476.94,
        "Dmu_ORANGE": 9935.69,
        "rang_Ted_ORANGE": 1,
        "rang_Ted_MTN": 2,
        "rang_Ted_MOOV": 3,
        "rang_Tcd_ORANGE": 3,
        "rang_Tcd_MTN": 1,
        "rang_Tcd_MOOV": 2,
        "rang_Tddd_ORANGE": 2,
        "rang_Tddd_MTN": 1,
        "rang_Tddd_MOOV": 3,
        "rang_Tddu_ORANGE": 1,
        "rang_Tddu_MTN": 2,
        "rang_Tddu_MOOV": 3,
        "rang_Dmd_ORANGE": 1,
        "rang_Dmd_MTN": 3,
        "rang_Dmd_MOOV": 2,
        "rang_Dmu_ORANGE": 2,
        "rang_Dmu_MTN": 3,
        "rang_Dmu_MOOV": 1
      },
      "id": 72
    },
    {
      "type": "Feature",
      "geometry": {
        "coordinates": [
          -5.93938,
          7.61449
        ],
        "type": "Point"
      },
      "properties": {
        "ADM0_FR": "SASSANDRA-MARAHOUE",
        "ADM0_PCODE": "CI10",
        "ADM1_FR": "MARAHOUE",
        "ADM1_PCODE": "CI123",
        "ADM2_FR": "ZUENOULA",
        "ADM2_PCODE": "CI2303",
        "ADM3_FR": "VOUEBOUFLA",
        "ADM3_PCODE": "CI230306",
        "ADM4_FR": "VOUÉBOUFLA",
        "ADM4_PCODE": "C7990",
        "centerLat": 7.62449,
        "centerLng": -5.94938,
        "pop": 3208,
        "Ted_MOOV": 3.0300000000000002,
        "Tcd_MOOV": 87.5,
        "Tddu_MOOV": 0.0,
        "Tddd_MOOV": 0.0,
        "Dmd_MOOV": 21354.02,
        "Dmu_MOOV": 21424.31,
        "Ted_MTN": 25.330000000000002,
        "Tcd_MTN": 72.32,
        "Tddu_MTN": 6.9,
        "Tddd_MTN": 36.14,
        "Dmd_MTN": 1011.34,
        "Dmu_MTN": 1810.53,
        "Ted_ORANGE": 8.67,
        "Tcd_ORANGE": 39.42,
        "Tddu_ORANGE": 0.0,
        "Tddd_ORANGE": 25.77,
        "Dmd_ORANGE": 1586.89,
        "Dmu_ORANGE": 5167.84,
        "rang_Ted_ORANGE": 2,
        "rang_Ted_MTN": 3,
        "rang_Ted_MOOV": 1,
        "rang_Tcd_ORANGE": 3,
        "rang_Tcd_MTN": 2,
        "rang_Tcd_MOOV": 1,
        "rang_Tddd_ORANGE": 2,
        "rang_Tddd_MTN": 3,
        "rang_Tddd_MOOV": 1,
        "rang_Tddu_ORANGE": 1,
        "rang_Tddu_MTN": 3,
        "rang_Tddu_MOOV": 1,
        "rang_Dmd_ORANGE": 2,
        "rang_Dmd_MTN": 1,
        "rang_Dmd_MOOV": 3,
        "rang_Dmu_ORANGE": 2,
        "rang_Dmu_MTN": 1,
        "rang_Dmu_MOOV": 3
      },
      "id": 73
    },
    {
      "type": "Feature",
      "geometry": {
        "coordinates": [
          -3.64,
          6.180000000000001
        ],
        "type": "Point"
      },
      "properties": {
        "ADM0_FR": "LAGUNES",
        "ADM0_PCODE": "CI08",
        "ADM1_FR": "LA ME",
        "ADM1_PCODE": "CI124",
        "ADM2_FR": "YAKASSE-ATTOBROU",
        "ADM2_PCODE": "CI2404",
        "ADM3_FR": "YAKASSE-ATTOBROU",
        "ADM3_PCODE": "CI240401",
        "ADM4_FR": "YAKASSE-ATTOBROU",
        "ADM4_PCODE": "C8073",
        "centerLat": 6.19,
        "centerLng": -3.65,
        "pop": 11500,
        "Ted_MOOV": 0.0,
        "Tcd_MOOV": 94.78999999999999,
        "Tddu_MOOV": 7.41,
        "Tddd_MOOV": 18.84,
        "Dmd_MOOV": 20804.53,
        "Dmu_MOOV": 9110.26,
        "Ted_MTN": 16.950000000000003,
        "Tcd_MTN": 96.94,
        "Tddu_MTN": 0.0,
        "Tddd_MTN": 15.28,
        "Dmd_MTN": 9837.25,
        "Dmu_MTN": 11023.5,
        "Ted_ORANGE": 2.4699999999999998,
        "Tcd_ORANGE": 96.2,
        "Tddu_ORANGE": 0.0,
        "Tddd_ORANGE": 24.560000000000002,
        "Dmd_ORANGE": 15897.16,
        "Dmu_ORANGE": 9757.51,
        "rang_Ted_ORANGE": 2,
        "rang_Ted_MTN": 3,
        "rang_Ted_MOOV": 1,
        "rang_Tcd_ORANGE": 2,
        "rang_Tcd_MTN": 1,
        "rang_Tcd_MOOV": 3,
        "rang_Tddd_ORANGE": 3,
        "rang_Tddd_MTN": 1,
        "rang_Tddd_MOOV": 2,
        "rang_Tddu_ORANGE": 1,
        "rang_Tddu_MTN": 1,
        "rang_Tddu_MOOV": 3,
        "rang_Dmd_ORANGE": 2,
        "rang_Dmd_MTN": 1,
        "rang_Dmd_MOOV": 3,
        "rang_Dmu_ORANGE": 2,
        "rang_Dmu_MTN": 3,
        "rang_Dmu_MOOV": 1
      },
      "id": 74
    },
    {
      "type": "Feature",
      "geometry": {
        "coordinates": [
          -5.267860000000001,
          6.808190000000001
        ],
        "type": "Point"
      },
      "properties": {
        "ADM0_FR": "DISTRICT AUTONOME DE YAMOUSSOUKRO",
        "ADM0_PCODE": "CI05",
        "ADM1_FR": "DISTRICT AUTONOME DE YAMOUSSOUKRO",
        "ADM1_PCODE": "CI102",
        "ADM2_FR": "YAMOUSSOUKRO",
        "ADM2_PCODE": "CI0202",
        "ADM3_FR": "YAMOUSSOUKRO",
        "ADM3_PCODE": "CI020201",
        "ADM4_FR": "YAMOUSSOUKRO",
        "ADM4_PCODE": "C8092",
        "centerLat": 6.81819,
        "centerLng": -5.27786,
        "pop": 212670,
        "Ted_MOOV": 0.0,
        "Tcd_MOOV": 97.06,
        "Tddu_MOOV": 1.06,
        "Tddd_MOOV": 0.47000000000000003,
        "Dmd_MOOV": 60008.46,
        "Dmu_MOOV": 17334.4,
        "Ted_MTN": 3.1399999999999997,
        "Tcd_MTN": 97.1,
        "Tddu_MTN": 0.0,
        "Tddd_MTN": 1.03,
        "Dmd_MTN": 32875.48,
        "Dmu_MTN": 21754.16,
        "Ted_ORANGE": 0.0,
        "Tcd_ORANGE": 99.69,
        "Tddu_ORANGE": 0.0,
        "Tddd_ORANGE": 0.0,
        "Dmd_ORANGE": 72966.87,
        "Dmu_ORANGE": 17056.41,
        "rang_Ted_ORANGE": 1,
        "rang_Ted_MTN": 3,
        "rang_Ted_MOOV": 1,
        "rang_Tcd_ORANGE": 1,
        "rang_Tcd_MTN": 2,
        "rang_Tcd_MOOV": 3,
        "rang_Tddd_ORANGE": 1,
        "rang_Tddd_MTN": 3,
        "rang_Tddd_MOOV": 2,
        "rang_Tddu_ORANGE": 1,
        "rang_Tddu_MTN": 1,
        "rang_Tddu_MOOV": 3,
        "rang_Dmd_ORANGE": 3,
        "rang_Dmd_MTN": 1,
        "rang_Dmd_MOOV": 2,
        "rang_Dmu_ORANGE": 1,
        "rang_Dmu_MTN": 3,
        "rang_Dmu_MOOV": 2
      },
      "id": 75
    },
    {
      "type": "Feature",
      "geometry": {
        "coordinates": [
          -5.5757200000000005,
          5.15017
        ],
        "type": "Point"
      },
      "properties": {
        "ADM0_FR": "BAS-SASSANDRA",
        "ADM0_PCODE": "CI01",
        "ADM1_FR": "GBOKLE",
        "ADM1_PCODE": "CI112",
        "ADM2_FR": "FRESCO",
        "ADM2_PCODE": "CI1201",
        "ADM3_FR": "FRESCO",
        "ADM3_PCODE": "CI120102",
        "ADM4_FR": "ZÉGBAN 1",
        "ADM4_PCODE": "C8360",
        "centerLat": 5.16017,
        "centerLng": -5.58572,
        "pop": 6401,
        "Ted_MOOV": 18.790000000000003,
        "Tcd_MOOV": 94.78,
        "Tddu_MOOV": 9.520000000000001,
        "Tddd_MOOV": 0.0,
        "Dmd_MOOV": 4889.02,
        "Dmu_MOOV": 8956.31,
        "Ted_MTN": 1.82,
        "Tcd_MTN": 98.77,
        "Tddu_MTN": 2.04,
        "Tddd_MTN": 0.0,
        "Dmd_MTN": 49992.67,
        "Dmu_MTN": 22522.87,
        "Ted_ORANGE": 1.82,
        "Tcd_ORANGE": 98.77,
        "Tddu_ORANGE": 2.04,
        "Tddd_ORANGE": 0.0,
        "Dmd_ORANGE": 49992.67,
        "Dmu_ORANGE": 22522.87,
        "rang_Ted_ORANGE": 1,
        "rang_Ted_MTN": 1,
        "rang_Ted_MOOV": 3,
        "rang_Tcd_ORANGE": 1,
        "rang_Tcd_MTN": 1,
        "rang_Tcd_MOOV": 3,
        "rang_Tddd_ORANGE": 1,
        "rang_Tddd_MTN": 1,
        "rang_Tddd_MOOV": 1,
        "rang_Tddu_ORANGE": 1,
        "rang_Tddu_MTN": 1,
        "rang_Tddu_MOOV": 3,
        "rang_Dmd_ORANGE": 2,
        "rang_Dmd_MTN": 2,
        "rang_Dmd_MOOV": 1,
        "rang_Dmu_ORANGE": 2,
        "rang_Dmu_MTN": 2,
        "rang_Dmu_MOOV": 1
      },
      "id": 76
    },
    {
      "type": "Feature",
      "geometry": {
        "coordinates": [
          -8.109820000000001,
          7.10463
        ],
        "type": "Point"
      },
      "properties": {
        "ADM0_FR": "MONTAGNES",
        "ADM0_PCODE": "CI09",
        "ADM1_FR": "TONKPI",
        "ADM1_PCODE": "CI132",
        "ADM2_FR": "DANANE",
        "ADM2_PCODE": "CI3202",
        "ADM3_FR": "SEILEU",
        "ADM3_PCODE": "CI320206",
        "ADM4_FR": "ZAN-HOUNIEN",
        "ADM4_PCODE": "C8321",
        "centerLat": 7.11463,
        "centerLng": -8.11982,
        "pop": 1100,
        "Ted_MOOV": 30.819999999999997,
        "Tcd_MOOV": 50.91,
        "Tddu_MOOV": 0.0,
        "Tddd_MOOV": 0.0,
        "Dmd_MOOV": 7753.54,
        "Dmu_MOOV": 15696.21,
        "Ted_MTN": 1.4000000000000001,
        "Tcd_MTN": 99.06,
        "Tddu_MTN": 0.0,
        "Tddd_MTN": 0.0,
        "Dmd_MTN": 74138.67,
        "Dmu_MTN": 18239.09,
        "Ted_ORANGE": 0.0,
        "Tcd_ORANGE": 99.53,
        "Tddu_ORANGE": 0.0,
        "Tddd_ORANGE": 0.0,
        "Dmd_ORANGE": 42237.65,
        "Dmu_ORANGE": 21153.35,
        "rang_Ted_ORANGE": 1,
        "rang_Ted_MTN": 2,
        "rang_Ted_MOOV": 3,
        "rang_Tcd_ORANGE": 1,
        "rang_Tcd_MTN": 2,
        "rang_Tcd_MOOV": 3,
        "rang_Tddd_ORANGE": 1,
        "rang_Tddd_MTN": 1,
        "rang_Tddd_MOOV": 1,
        "rang_Tddu_ORANGE": 1,
        "rang_Tddu_MTN": 1,
        "rang_Tddu_MOOV": 1,
        "rang_Dmd_ORANGE": 2,
        "rang_Dmd_MTN": 3,
        "rang_Dmd_MOOV": 1,
        "rang_Dmu_ORANGE": 3,
        "rang_Dmu_MTN": 2,
        "rang_Dmu_MOOV": 1
      },
      "id": 77
    },
    {
      "type": "Feature",
      "geometry": {
        "coordinates": [
          -6.85531,
          6.75481
        ],
        "type": "Point"
      },
      "properties": {
        "ADM0_FR": "SASSANDRA-MARAHOUE",
        "ADM0_PCODE": "CI10",
        "ADM1_FR": "HAUT-SASSANDRA",
        "ADM1_PCODE": "CI118",
        "ADM2_FR": "ZOUKOUGBEU",
        "ADM2_PCODE": "CI1804",
        "ADM3_FR": "ZOUKOUGBEU",
        "ADM3_PCODE": "CI180401",
        "ADM4_FR": "ZOUKOUGBEU",
        "ADM4_PCODE": "C8499",
        "centerLat": 6.76481,
        "centerLng": -6.86531,
        "pop": 11861,
        "Ted_MOOV": 12.5,
        "Tcd_MOOV": 79.05,
        "Tddu_MOOV": 0.0,
        "Tddd_MOOV": 46.67,
        "Dmd_MOOV": 2566.86,
        "Dmu_MOOV": 15322.84,
        "Ted_MTN": 0.0,
        "Tcd_MTN": 100.0,
        "Tddu_MTN": 0.0,
        "Tddd_MTN": 0.0,
        "Dmd_MTN": 51722.11,
        "Dmu_MTN": 19415.33,
        "Ted_ORANGE": 0.0,
        "Tcd_ORANGE": 100.0,
        "Tddu_ORANGE": 0.0,
        "Tddd_ORANGE": 0.0,
        "Dmd_ORANGE": 31731.31,
        "Dmu_ORANGE": 16839.15,
        "rang_Ted_ORANGE": 1,
        "rang_Ted_MTN": 1,
        "rang_Ted_MOOV": 3,
        "rang_Tcd_ORANGE": 1,
        "rang_Tcd_MTN": 1,
        "rang_Tcd_MOOV": 3,
        "rang_Tddd_ORANGE": 1,
        "rang_Tddd_MTN": 1,
        "rang_Tddd_MOOV": 3,
        "rang_Tddu_ORANGE": 1,
        "rang_Tddu_MTN": 1,
        "rang_Tddu_MOOV": 1,
        "rang_Dmd_ORANGE": 2,
        "rang_Dmd_MTN": 3,
        "rang_Dmd_MOOV": 1,
        "rang_Dmu_ORANGE": 2,
        "rang_Dmu_MTN": 3,
        "rang_Dmu_MOOV": 1
      },
      "id": 78
    }
  ]
}