{
  "type": "FeatureCollection",
  "features": [
    {
      "type": "Feature",
      "geometry": {
        "coordinates": [
          -4.005850000000001,
          5.42515
        ],
        "type": "Point"
      },
      "properties": {
        "ADM0_FR": "DISTRICT AUTONOME D'ABIDJAN",
        "ADM0_PCODE": "CI04",
        "ADM1_FR": "DISTRICT AUTONOME D'ABIDJAN",
        "ADM1_PCODE": "CI101",
        "ADM2_FR": "ABIDJAN",
        "ADM2_PCODE": "CI0101",
        "ADM3_FR": "ABIDJAN",
        "ADM3_PCODE": "CI010101",
        "ADM4_FR": "ABOBO",
        "ADM4_PCODE": "C0029",
        "centerLat": 5.43515,
        "centerLng": -4.01585,
        "pop": 1030658,
        "Ted_MOOV": 0.0,
        "Tcd_MOOV": 99.19,
        "Tddu_MOOV": 0.0,
        "Tddd_MOOV": 0.58,
        "Dmd_MOOV": 25026.79,
        "Dmu_MOOV": 17765.88,
        "Ted_MTN": 3.01,
        "Tcd_MTN": 97.64,
        "Tddu_MTN": 0.0,
        "Tddd_MTN": 1.18,
        "Dmd_MTN": 31605.99,
        "Dmu_MTN": 28216.71,
        "Ted_ORANGE": 0.16999999999999998,
        "Tcd_ORANGE": 99.66000000000001,
        "Tddu_ORANGE": 0.0,
        "Tddd_ORANGE": 3.63,
        "Dmd_ORANGE": 40983.49,
        "Dmu_ORANGE": 27998.54,
        "rang_Ted_ORANGE": 2,
        "rang_Ted_MTN": 3,
        "rang_Ted_MOOV": 1,
        "rang_Tcd_ORANGE": 1,
        "rang_Tcd_MTN": 3,
        "rang_Tcd_MOOV": 2,
        "rang_Tddd_ORANGE": 3,
        "rang_Tddd_MTN": 2,
        "rang_Tddd_MOOV": 1,
        "rang_Tddu_ORANGE": 1,
        "rang_Tddu_MTN": 1,
        "rang_Tddu_MOOV": 1,
        "rang_Dmd_ORANGE": 3,
        "rang_Dmd_MTN": 2,
        "rang_Dmd_MOOV": 1,
        "rang_Dmu_ORANGE": 2,
        "rang_Dmu_MTN": 3,
        "rang_Dmu_MOOV": 1
      },
      "id": 1
    },
    {
      "type": "Feature",
      "geometry": {
        "coordinates": [
          -4.00988,
          5.361870000000001
        ],
        "type": "Point"
      },
      "properties": {
        "ADM0_FR": "DISTRICT AUTONOME D'ABIDJAN",
        "ADM0_PCODE": "CI04",
        "ADM1_FR": "DISTRICT AUTONOME D'ABIDJAN",
        "ADM1_PCODE": "CI101",
        "ADM2_FR": "ABIDJAN",
        "ADM2_PCODE": "CI0101",
        "ADM3_FR": "ABIDJAN",
        "ADM3_PCODE": "CI010101",
        "ADM4_FR": "ADJAME",
        "ADM4_PCODE": "C0133",
        "centerLat": 5.37187,
        "centerLng": -4.01988,
        "pop": 372978,
        "Ted_MOOV": 0.0,
        "Tcd_MOOV": 99.53,
        "Tddu_MOOV": 1.59,
        "Tddd_MOOV": 12.5,
        "Dmd_MOOV": 18879.18,
        "Dmu_MOOV": 15837.29,
        "Ted_MTN": 0.48,
        "Tcd_MTN": 99.52,
        "Tddu_MTN": 1.6400000000000001,
        "Tddd_MTN": 0.0,
        "Dmd_MTN": 43323.72,
        "Dmu_MTN": 29961.49,
        "Ted_ORANGE": 0.0,
        "Tcd_ORANGE": 99.53,
        "Tddu_ORANGE": 0.0,
        "Tddd_ORANGE": 0.0,
        "Dmd_ORANGE": 85604.31,
        "Dmu_ORANGE": 35151.1,
        "rang_Ted_ORANGE": 1,
        "rang_Ted_MTN": 3,
        "rang_Ted_MOOV": 1,
        "rang_Tcd_ORANGE": 1,
        "rang_Tcd_MTN": 3,
        "rang_Tcd_MOOV": 1,
        "rang_Tddd_ORANGE": 1,
        "rang_Tddd_MTN": 1,
        "rang_Tddd_MOOV": 3,
        "rang_Tddu_ORANGE": 1,
        "rang_Tddu_MTN": 3,
        "rang_Tddu_MOOV": 2,
        "rang_Dmd_ORANGE": 3,
        "rang_Dmd_MTN": 2,
        "rang_Dmd_MOOV": 1,
        "rang_Dmu_ORANGE": 3,
        "rang_Dmu_MTN": 2,
        "rang_Dmu_MOOV": 1
      },
      "id": 2
    },
    {
      "type": "Feature",
      "geometry": {
        "coordinates": [
          -4.04488,
          5.48466
        ],
        "type": "Point"
      },
      "properties": {
        "ADM0_FR": "DISTRICT AUTONOME D'ABIDJAN",
        "ADM0_PCODE": "CI04",
        "ADM1_FR": "DISTRICT AUTONOME D'ABIDJAN",
        "ADM1_PCODE": "CI101",
        "ADM2_FR": "ABIDJAN",
        "ADM2_PCODE": "CI0101",
        "ADM3_FR": "ANYAMA",
        "ADM3_PCODE": "CI010102",
        "ADM4_FR": "ANYAMA",
        "ADM4_PCODE": "C0570",
        "centerLat": 5.49466,
        "centerLng": -4.05488,
        "pop": 103297,
        "Ted_MOOV": 0.0,
        "Tcd_MOOV": 99.5,
        "Tddu_MOOV": 0.0,
        "Tddd_MOOV": 0.0,
        "Dmd_MOOV": 42120.92,
        "Dmu_MOOV": 11901.57,
        "Ted_MTN": 4.41,
        "Tcd_MTN": 98.4,
        "Tddu_MTN": 0.0,
        "Tddd_MTN": 1.44,
        "Dmd_MTN": 62340.9,
        "Dmu_MTN": 33378.21,
        "Ted_ORANGE": 0.0,
        "Tcd_ORANGE": 100.0,
        "Tddu_ORANGE": 0.0,
        "Tddd_ORANGE": 0.0,
        "Dmd_ORANGE": 67254.07,
        "Dmu_ORANGE": 22469.72,
        "rang_Ted_ORANGE": 1,
        "rang_Ted_MTN": 3,
        "rang_Ted_MOOV": 1,
        "rang_Tcd_ORANGE": 1,
        "rang_Tcd_MTN": 3,
        "rang_Tcd_MOOV": 2,
        "rang_Tddd_ORANGE": 1,
        "rang_Tddd_MTN": 3,
        "rang_Tddd_MOOV": 1,
        "rang_Tddu_ORANGE": 1,
        "rang_Tddu_MTN": 1,
        "rang_Tddu_MOOV": 1,
        "rang_Dmd_ORANGE": 3,
        "rang_Dmd_MTN": 2,
        "rang_Dmd_MOOV": 1,
        "rang_Dmu_ORANGE": 2,
        "rang_Dmu_MTN": 3,
        "rang_Dmu_MOOV": 1
      },
      "id": 3
    },
    {
      "type": "Feature",
      "geometry": {
        "coordinates": [
          -4.041980000000001,
          5.37219
        ],
        "type": "Point"
      },
      "properties": {
        "ADM0_FR": "DISTRICT AUTONOME D'ABIDJAN",
        "ADM0_PCODE": "CI04",
        "ADM1_FR": "DISTRICT AUTONOME D'ABIDJAN",
        "ADM1_PCODE": "CI101",
        "ADM2_FR": "ABIDJAN",
        "ADM2_PCODE": "CI0101",
        "ADM3_FR": "ABIDJAN",
        "ADM3_PCODE": "CI010101",
        "ADM4_FR": "ATTECOUBE",
        "ADM4_PCODE": "C0734",
        "centerLat": 5.38219,
        "centerLng": -4.05198,
        "pop": 260911,
        "Ted_MOOV": 0.0,
        "Tcd_MOOV": 99.52,
        "Tddu_MOOV": 0.0,
        "Tddd_MOOV": 0.0,
        "Dmd_MOOV": 48333.1,
        "Dmu_MOOV": 23192.97,
        "Ted_MTN": 1.01,
        "Tcd_MTN": 100.0,
        "Tddu_MTN": 0.0,
        "Tddd_MTN": 0.0,
        "Dmd_MTN": 44307.08,
        "Dmu_MTN": 30081.16,
        "Ted_ORANGE": 7.66,
        "Tcd_ORANGE": 100.0,
        "Tddu_ORANGE": 0.0,
        "Tddd_ORANGE": 21.9,
        "Dmd_ORANGE": 55008.34,
        "Dmu_ORANGE": 30580.91,
        "rang_Ted_ORANGE": 3,
        "rang_Ted_MTN": 2,
        "rang_Ted_MOOV": 1,
        "rang_Tcd_ORANGE": 1,
        "rang_Tcd_MTN": 1,
        "rang_Tcd_MOOV": 3,
        "rang_Tddd_ORANGE": 3,
        "rang_Tddd_MTN": 1,
        "rang_Tddd_MOOV": 1,
        "rang_Tddu_ORANGE": 1,
        "rang_Tddu_MTN": 1,
        "rang_Tddu_MOOV": 1,
        "rang_Dmd_ORANGE": 3,
        "rang_Dmd_MTN": 1,
        "rang_Dmd_MOOV": 2,
        "rang_Dmu_ORANGE": 3,
        "rang_Dmu_MTN": 2,
        "rang_Dmu_MOOV": 1
      },
      "id": 4
    },
    {
      "type": "Feature",
      "geometry": {
        "coordinates": [
          -3.8870400000000003,
          5.349
        ],
        "type": "Point"
      },
      "properties": {
        "ADM0_FR": "DISTRICT AUTONOME D'ABIDJAN",
        "ADM0_PCODE": "CI04",
        "ADM1_FR": "DISTRICT AUTONOME D'ABIDJAN",
        "ADM1_PCODE": "CI101",
        "ADM2_FR": "ABIDJAN",
        "ADM2_PCODE": "CI0101",
        "ADM3_FR": "BINGERVILLE",
        "ADM3_PCODE": "CI010103",
        "ADM4_FR": "BINGERVILLE",
        "ADM4_PCODE": "C1214",
        "centerLat": 5.359,
        "centerLng": -3.89704,
        "pop": 64015,
        "Ted_MOOV": 0.0,
        "Tcd_MOOV": 100.0,
        "Tddu_MOOV": 0.0,
        "Tddd_MOOV": 0.0,
        "Dmd_MOOV": 35388.45,
        "Dmu_MOOV": 14921.51,
        "Ted_MTN": 6.510000000000001,
        "Tcd_MTN": 95.83,
        "Tddu_MTN": 0.0,
        "Tddd_MTN": 0.7100000000000001,
        "Dmd_MTN": 35750.17,
        "Dmu_MTN": 22220.12,
        "Ted_ORANGE": 0.9299999999999999,
        "Tcd_ORANGE": 100.0,
        "Tddu_ORANGE": 0.0,
        "Tddd_ORANGE": 0.0,
        "Dmd_ORANGE": 58894.63,
        "Dmu_ORANGE": 20807.91,
        "rang_Ted_ORANGE": 2,
        "rang_Ted_MTN": 3,
        "rang_Ted_MOOV": 1,
        "rang_Tcd_ORANGE": 1,
        "rang_Tcd_MTN": 3,
        "rang_Tcd_MOOV": 1,
        "rang_Tddd_ORANGE": 1,
        "rang_Tddd_MTN": 3,
        "rang_Tddd_MOOV": 1,
        "rang_Tddu_ORANGE": 1,
        "rang_Tddu_MTN": 1,
        "rang_Tddu_MOOV": 1,
        "rang_Dmd_ORANGE": 3,
        "rang_Dmd_MTN": 2,
        "rang_Dmd_MOOV": 1,
        "rang_Dmu_ORANGE": 2,
        "rang_Dmu_MTN": 3,
        "rang_Dmu_MOOV": 1
      },
      "id": 5
    },
    {
      "type": "Feature",
      "geometry": {
        "coordinates": [
          -3.9508900000000002,
          5.363
        ],
        "type": "Point"
      },
      "properties": {
        "ADM0_FR": "DISTRICT AUTONOME D'ABIDJAN",
        "ADM0_PCODE": "CI04",
        "ADM1_FR": "DISTRICT AUTONOME D'ABIDJAN",
        "ADM1_PCODE": "CI101",
        "ADM2_FR": "ABIDJAN",
        "ADM2_PCODE": "CI0101",
        "ADM3_FR": "ABIDJAN",
        "ADM3_PCODE": "CI010101",
        "ADM4_FR": "COCODY",
        "ADM4_PCODE": "C1672",
        "centerLat": 5.373,
        "centerLng": -3.96089,
        "pop": 447055,
        "Ted_MOOV": 3.82,
        "Tcd_MOOV": 99.24,
        "Tddu_MOOV": 0.61,
        "Tddd_MOOV": 0.0,
        "Dmd_MOOV": 43301.51,
        "Dmu_MOOV": 17302.94,
        "Ted_MTN": 1.95,
        "Tcd_MTN": 99.46000000000001,
        "Tddu_MTN": 0.59,
        "Tddd_MTN": 2.87,
        "Dmd_MTN": 54686.37,
        "Dmu_MTN": 25873.97,
        "Ted_ORANGE": 0.18,
        "Tcd_ORANGE": 99.64,
        "Tddu_ORANGE": 0.58,
        "Tddd_ORANGE": 0.0,
        "Dmd_ORANGE": 89996.92,
        "Dmu_ORANGE": 21894.2,
        "rang_Ted_ORANGE": 1,
        "rang_Ted_MTN": 2,
        "rang_Ted_MOOV": 3,
        "rang_Tcd_ORANGE": 1,
        "rang_Tcd_MTN": 2,
        "rang_Tcd_MOOV": 3,
        "rang_Tddd_ORANGE": 1,
        "rang_Tddd_MTN": 3,
        "rang_Tddd_MOOV": 1,
        "rang_Tddu_ORANGE": 1,
        "rang_Tddu_MTN": 2,
        "rang_Tddu_MOOV": 3,
        "rang_Dmd_ORANGE": 3,
        "rang_Dmd_MTN": 2,
        "rang_Dmd_MOOV": 1,
        "rang_Dmu_ORANGE": 2,
        "rang_Dmu_MTN": 3,
        "rang_Dmu_MOOV": 1
      },
      "id": 6
    },
    {
      "type": "Feature",
      "geometry": {
        "coordinates": [
          -3.7168900000000002,
          5.18266
        ],
        "type": "Point"
      },
      "properties": {
        "ADM0_FR": "COMOE",
        "ADM0_PCODE": "CI02",
        "ADM1_FR": "SUD-COMOE",
        "ADM1_PCODE": "CI130",
        "ADM2_FR": "GRAND-BASSAM",
        "ADM2_PCODE": "CI3003",
        "ADM3_FR": "GRAND-BASSAM",
        "ADM3_PCODE": "CI300303",
        "ADM4_FR": "GRAND-BASSAM",
        "ADM4_PCODE": "C3367",
        "centerLat": 5.19266,
        "centerLng": -3.72689,
        "pop": 74671,
        "Ted_MOOV": 13.07,
        "Tcd_MOOV": 96.73,
        "Tddu_MOOV": 0.0,
        "Tddd_MOOV": 8.260000000000002,
        "Dmd_MOOV": 29222.51,
        "Dmu_MOOV": 20636.26,
        "Ted_MTN": 4.55,
        "Tcd_MTN": 98.21,
        "Tddu_MTN": 2.04,
        "Tddd_MTN": 1.68,
        "Dmd_MTN": 25848.95,
        "Dmu_MTN": 22863.51,
        "Ted_ORANGE": 5.11,
        "Tcd_ORANGE": 100.0,
        "Tddu_ORANGE": 4.08,
        "Tddd_ORANGE": 0.0,
        "Dmd_ORANGE": 64133.04,
        "Dmu_ORANGE": 19683.12,
        "rang_Ted_ORANGE": 2,
        "rang_Ted_MTN": 1,
        "rang_Ted_MOOV": 3,
        "rang_Tcd_ORANGE": 1,
        "rang_Tcd_MTN": 2,
        "rang_Tcd_MOOV": 3,
        "rang_Tddd_ORANGE": 1,
        "rang_Tddd_MTN": 2,
        "rang_Tddd_MOOV": 3,
        "rang_Tddu_ORANGE": 3,
        "rang_Tddu_MTN": 2,
        "rang_Tddu_MOOV": 1,
        "rang_Dmd_ORANGE": 3,
        "rang_Dmd_MTN": 1,
        "rang_Dmd_MOOV": 2,
        "rang_Dmu_ORANGE": 1,
        "rang_Dmu_MTN": 3,
        "rang_Dmu_MOOV": 2
      },
      "id": 7
    },
    {
      "type": "Feature",
      "geometry": {
        "coordinates": [
          -3.9383600000000003,
          5.29249
        ],
        "type": "Point"
      },
      "properties": {
        "ADM0_FR": "DISTRICT AUTONOME D'ABIDJAN",
        "ADM0_PCODE": "CI04",
        "ADM1_FR": "DISTRICT AUTONOME D'ABIDJAN",
        "ADM1_PCODE": "CI101",
        "ADM2_FR": "ABIDJAN",
        "ADM2_PCODE": "CI0101",
        "ADM3_FR": "ABIDJAN",
        "ADM3_PCODE": "CI010101",
        "ADM4_FR": "KOUMASSI",
        "ADM4_PCODE": "C4694",
        "centerLat": 5.30249,
        "centerLng": -3.94836,
        "pop": 433139,
        "Ted_MOOV": 0.8999999999999999,
        "Tcd_MOOV": 98.63,
        "Tddu_MOOV": 0.0,
        "Tddd_MOOV": 0.65,
        "Dmd_MOOV": 37880.99,
        "Dmu_MOOV": 17855.85,
        "Ted_MTN": 0.0,
        "Tcd_MTN": 100.0,
        "Tddu_MTN": 0.0,
        "Tddd_MTN": 0.0,
        "Dmd_MTN": 49792.79,
        "Dmu_MTN": 27239.34,
        "Ted_ORANGE": 2.07,
        "Tcd_ORANGE": 100.0,
        "Tddu_ORANGE": 7.04,
        "Tddd_ORANGE": 0.0,
        "Dmd_ORANGE": 57176.0,
        "Dmu_ORANGE": 21734.62,
        "rang_Ted_ORANGE": 3,
        "rang_Ted_MTN": 1,
        "rang_Ted_MOOV": 2,
        "rang_Tcd_ORANGE": 1,
        "rang_Tcd_MTN": 1,
        "rang_Tcd_MOOV": 3,
        "rang_Tddd_ORANGE": 1,
        "rang_Tddd_MTN": 1,
        "rang_Tddd_MOOV": 3,
        "rang_Tddu_ORANGE": 3,
        "rang_Tddu_MTN": 1,
        "rang_Tddu_MOOV": 1,
        "rang_Dmd_ORANGE": 3,
        "rang_Dmd_MTN": 2,
        "rang_Dmd_MOOV": 1,
        "rang_Dmu_ORANGE": 2,
        "rang_Dmu_MTN": 3,
        "rang_Dmu_MOOV": 1
      },
      "id": 8
    },
    {
      "type": "Feature",
      "geometry": {
        "coordinates": [
          -3.97251,
          5.28932
        ],
        "type": "Point"
      },
      "properties": {
        "ADM0_FR": "DISTRICT AUTONOME D'ABIDJAN",
        "ADM0_PCODE": "CI04",
        "ADM1_FR": "DISTRICT AUTONOME D'ABIDJAN",
        "ADM1_PCODE": "CI101",
        "ADM2_FR": "ABIDJAN",
        "ADM2_PCODE": "CI0101",
        "ADM3_FR": "ABIDJAN",
        "ADM3_PCODE": "CI010101",
        "ADM4_FR": "MARCORY",
        "ADM4_PCODE": "C5375",
        "centerLat": 5.29932,
        "centerLng": -3.98251,
        "pop": 249858,
        "Ted_MOOV": 0.0,
        "Tcd_MOOV": 99.5,
        "Tddu_MOOV": 0.0,
        "Tddd_MOOV": 0.7100000000000001,
        "Dmd_MOOV": 42466.95,
        "Dmu_MOOV": 18772.01,
        "Ted_MTN": 0.0,
        "Tcd_MTN": 99.08,
        "Tddu_MTN": 0.0,
        "Tddd_MTN": 0.0,
        "Dmd_MTN": 45618.0,
        "Dmu_MTN": 23865.32,
        "Ted_ORANGE": 7.89,
        "Tcd_ORANGE": 99.51,
        "Tddu_ORANGE": 0.0,
        "Tddd_ORANGE": 0.0,
        "Dmd_ORANGE": 60807.07,
        "Dmu_ORANGE": 34523.07,
        "rang_Ted_ORANGE": 3,
        "rang_Ted_MTN": 1,
        "rang_Ted_MOOV": 1,
        "rang_Tcd_ORANGE": 1,
        "rang_Tcd_MTN": 3,
        "rang_Tcd_MOOV": 2,
        "rang_Tddd_ORANGE": 1,
        "rang_Tddd_MTN": 1,
        "rang_Tddd_MOOV": 3,
        "rang_Tddu_ORANGE": 1,
        "rang_Tddu_MTN": 1,
        "rang_Tddu_MOOV": 1,
        "rang_Dmd_ORANGE": 3,
        "rang_Dmd_MTN": 2,
        "rang_Dmd_MOOV": 1,
        "rang_Dmu_ORANGE": 3,
        "rang_Dmu_MTN": 2,
        "rang_Dmu_MOOV": 1
      },
      "id": 9
    },
    {
      "type": "Feature",
      "geometry": {
        "coordinates": [
          -4.01164,
          5.31517
        ],
        "type": "Point"
      },
      "properties": {
        "ADM0_FR": "DISTRICT AUTONOME D'ABIDJAN",
        "ADM0_PCODE": "CI04",
        "ADM1_FR": "DISTRICT AUTONOME D'ABIDJAN",
        "ADM1_PCODE": "CI101",
        "ADM2_FR": "ABIDJAN",
        "ADM2_PCODE": "CI0101",
        "ADM3_FR": "ABIDJAN",
        "ADM3_PCODE": "CI010101",
        "ADM4_FR": "PLATEAU",
        "ADM4_PCODE": "C6556",
        "centerLat": 5.32517,
        "centerLng": -4.02164,
        "pop": 7488,
        "Ted_MOOV": 0.0,
        "Tcd_MOOV": 100.0,
        "Tddu_MOOV": 0.0,
        "Tddd_MOOV": 0.0,
        "Dmd_MOOV": 35855.94,
        "Dmu_MOOV": 27998.66,
        "Ted_MTN": 1.54,
        "Tcd_MTN": 97.92,
        "Tddu_MTN": 0.0,
        "Tddd_MTN": 0.0,
        "Dmd_MTN": 44189.66,
        "Dmu_MTN": 30055.38,
        "Ted_ORANGE": 3.1399999999999997,
        "Tcd_ORANGE": 97.81,
        "Tddu_ORANGE": 0.0,
        "Tddd_ORANGE": 1.54,
        "Dmd_ORANGE": 48352.32,
        "Dmu_ORANGE": 41688.69,
        "rang_Ted_ORANGE": 3,
        "rang_Ted_MTN": 2,
        "rang_Ted_MOOV": 1,
        "rang_Tcd_ORANGE": 3,
        "rang_Tcd_MTN": 2,
        "rang_Tcd_MOOV": 1,
        "rang_Tddd_ORANGE": 3,
        "rang_Tddd_MTN": 1,
        "rang_Tddd_MOOV": 1,
        "rang_Tddu_ORANGE": 1,
        "rang_Tddu_MTN": 1,
        "rang_Tddu_MOOV": 1,
        "rang_Dmd_ORANGE": 3,
        "rang_Dmd_MTN": 2,
        "rang_Dmd_MOOV": 1,
        "rang_Dmu_ORANGE": 3,
        "rang_Dmu_MTN": 2,
        "rang_Dmu_MOOV": 1
      },
      "id": 10
    },
    {
      "type": "Feature",
      "geometry": {
        "coordinates": [
          -3.9486260000000004,
          5.246881
        ],
        "type": "Point"
      },
      "properties": {
        "ADM0_FR": "DISTRICT AUTONOME D'ABIDJAN",
        "ADM0_PCODE": "CI04",
        "ADM1_FR": "DISTRICT AUTONOME D'ABIDJAN",
        "ADM1_PCODE": "CI101",
        "ADM2_FR": "ABIDJAN",
        "ADM2_PCODE": "CI0101",
        "ADM3_FR": "ABIDJAN",
        "ADM3_PCODE": "CI010101",
        "ADM4_FR": "PORT-BOUET",
        "ADM4_PCODE": "C6619",
        "centerLat": 5.256881,
        "centerLng": -3.958626,
        "pop": 419033,
        "Ted_MOOV": 3.02,
        "Tcd_MOOV": 95.34,
        "Tddu_MOOV": 12.73,
        "Tddd_MOOV": 8.7,
        "Dmd_MOOV": 46872.82,
        "Dmu_MOOV": 16276.51,
        "Ted_MTN": 0.0,
        "Tcd_MTN": 99.5,
        "Tddu_MTN": 3.39,
        "Tddd_MTN": 0.0,
        "Dmd_MTN": 39566.88,
        "Dmu_MTN": 17858.3,
        "Ted_ORANGE": 2.93,
        "Tcd_ORANGE": 100.0,
        "Tddu_ORANGE": 0.0,
        "Tddd_ORANGE": 0.0,
        "Dmd_ORANGE": 104071.29,
        "Dmu_ORANGE": 25917.2,
        "rang_Ted_ORANGE": 2,
        "rang_Ted_MTN": 1,
        "rang_Ted_MOOV": 3,
        "rang_Tcd_ORANGE": 1,
        "rang_Tcd_MTN": 2,
        "rang_Tcd_MOOV": 3,
        "rang_Tddd_ORANGE": 1,
        "rang_Tddd_MTN": 1,
        "rang_Tddd_MOOV": 3,
        "rang_Tddu_ORANGE": 1,
        "rang_Tddu_MTN": 2,
        "rang_Tddu_MOOV": 3,
        "rang_Dmd_ORANGE": 3,
        "rang_Dmd_MTN": 1,
        "rang_Dmd_MOOV": 2,
        "rang_Dmu_ORANGE": 3,
        "rang_Dmu_MTN": 2,
        "rang_Dmu_MOOV": 1
      },
      "id": 11
    },
    {
      "type": "Feature",
      "geometry": {
        "coordinates": [
          -4.00044,
          5.2809800000000005
        ],
        "type": "Point"
      },
      "properties": {
        "ADM0_FR": "DISTRICT AUTONOME D'ABIDJAN",
        "ADM0_PCODE": "CI04",
        "ADM1_FR": "DISTRICT AUTONOME D'ABIDJAN",
        "ADM1_PCODE": "CI101",
        "ADM2_FR": "ABIDJAN",
        "ADM2_PCODE": "CI0101",
        "ADM3_FR": "ABIDJAN",
        "ADM3_PCODE": "CI010101",
        "ADM4_FR": "TREICHVILLE",
        "ADM4_PCODE": "C7913",
        "centerLat": 5.29098,
        "centerLng": -4.01044,
        "pop": 102580,
        "Ted_MOOV": 1.22,
        "Tcd_MOOV": 100.0,
        "Tddu_MOOV": 0.0,
        "Tddd_MOOV": 0.0,
        "Dmd_MOOV": 25367.91,
        "Dmu_MOOV": 18812.27,
        "Ted_MTN": 3.05,
        "Tcd_MTN": 99.37,
        "Tddu_MTN": 6.25,
        "Tddd_MTN": 0.0,
        "Dmd_MTN": 28681.06,
        "Dmu_MTN": 14016.35,
        "Ted_ORANGE": 0.0,
        "Tcd_ORANGE": 100.0,
        "Tddu_ORANGE": 0.0,
        "Tddd_ORANGE": 0.0,
        "Dmd_ORANGE": 90539.37,
        "Dmu_ORANGE": 26193.26,
        "rang_Ted_ORANGE": 1,
        "rang_Ted_MTN": 3,
        "rang_Ted_MOOV": 2,
        "rang_Tcd_ORANGE": 1,
        "rang_Tcd_MTN": 3,
        "rang_Tcd_MOOV": 1,
        "rang_Tddd_ORANGE": 1,
        "rang_Tddd_MTN": 1,
        "rang_Tddd_MOOV": 1,
        "rang_Tddu_ORANGE": 1,
        "rang_Tddu_MTN": 3,
        "rang_Tddu_MOOV": 1,
        "rang_Dmd_ORANGE": 3,
        "rang_Dmd_MTN": 2,
        "rang_Dmd_MOOV": 1,
        "rang_Dmu_ORANGE": 3,
        "rang_Dmu_MTN": 1,
        "rang_Dmu_MOOV": 2
      },
      "id": 12
    },
    {
      "type": "Feature",
      "geometry": {
        "coordinates": [
          -4.080150000000001,
          5.2984800000000005
        ],
        "type": "Point"
      },
      "properties": {
        "ADM0_FR": "DISTRICT AUTONOME D'ABIDJAN",
        "ADM0_PCODE": "CI04",
        "ADM1_FR": "DISTRICT AUTONOME D'ABIDJAN",
        "ADM1_PCODE": "CI101",
        "ADM2_FR": "ABIDJAN",
        "ADM2_PCODE": "CI0101",
        "ADM3_FR": "ABIDJAN",
        "ADM3_PCODE": "CI010101",
        "ADM4_FR": "YOPOUGON",
        "ADM4_PCODE": "C8230",
        "centerLat": 5.30848,
        "centerLng": -4.09015,
        "pop": 1071543,
        "Ted_MOOV": 0.0,
        "Tcd_MOOV": 99.68,
        "Tddu_MOOV": 1.09,
        "Tddd_MOOV": 4.02,
        "Dmd_MOOV": 21155.41,
        "Dmu_MOOV": 15283.47,
        "Ted_MTN": 3.6700000000000004,
        "Tcd_MTN": 97.5,
        "Tddu_MTN": 1.23,
        "Tddd_MTN": 0.0,
        "Dmd_MTN": 36544.07,
        "Dmu_MTN": 20496.35,
        "Ted_ORANGE": 0.0,
        "Tcd_ORANGE": 100.0,
        "Tddu_ORANGE": 0.0,
        "Tddd_ORANGE": 39.09,
        "Dmd_ORANGE": 29326.03,
        "Dmu_ORANGE": 28252.5,
        "rang_Ted_ORANGE": 1,
        "rang_Ted_MTN": 3,
        "rang_Ted_MOOV": 1,
        "rang_Tcd_ORANGE": 1,
        "rang_Tcd_MTN": 3,
        "rang_Tcd_MOOV": 2,
        "rang_Tddd_ORANGE": 3,
        "rang_Tddd_MTN": 1,
        "rang_Tddd_MOOV": 2,
        "rang_Tddu_ORANGE": 1,
        "rang_Tddu_MTN": 3,
        "rang_Tddu_MOOV": 2,
        "rang_Dmd_ORANGE": 2,
        "rang_Dmd_MTN": 3,
        "rang_Dmd_MOOV": 1,
        "rang_Dmu_ORANGE": 3,
        "rang_Dmu_MTN": 2,
        "rang_Dmu_MOOV": 1
      },
      "id": 13
    },
    {
      "type": "Feature",
      "geometry": {
        "coordinates": [
          -3.4867600000000003,
          6.7183600000000006
        ],
        "type": "Point"
      },
      "properties": {
        "ADM0_FR": "COMOE",
        "ADM0_PCODE": "CI02",
        "ADM1_FR": "INDENIE-DJUABLIN",
        "ADM1_PCODE": "CI120",
        "ADM2_FR": "ABENGOUROU",
        "ADM2_PCODE": "CI2001",
        "ADM3_FR": "ABENGOUROU",
        "ADM3_PCODE": "CI200101",
        "ADM4_FR": "ABENGOUROU",
        "ADM4_PCODE": "C0014",
        "centerLat": 6.72836,
        "centerLng": -3.49676,
        "pop": 100910,
        "Ted_MOOV": 0.0,
        "Tcd_MOOV": 100.0,
        "Tddu_MOOV": 0.0,
        "Tddd_MOOV": 3.45,
        "Dmd_MOOV": 36439.47,
        "Dmu_MOOV": 13847.15,
        "Ted_MTN": 4.74,
        "Tcd_MTN": 99.45,
        "Tddu_MTN": 0.0,
        "Tddd_MTN": 0.7799999999999999,
        "Dmd_MTN": 54072.02,
        "Dmu_MTN": 16128.36,
        "Ted_ORANGE": 0.53,
        "Tcd_ORANGE": 98.94,
        "Tddu_ORANGE": 3.64,
        "Tddd_ORANGE": 0.75,
        "Dmd_ORANGE": 42616.25,
        "Dmu_ORANGE": 11533.37,
        "rang_Ted_ORANGE": 2,
        "rang_Ted_MTN": 3,
        "rang_Ted_MOOV": 1,
        "rang_Tcd_ORANGE": 3,
        "rang_Tcd_MTN": 2,
        "rang_Tcd_MOOV": 1,
        "rang_Tddd_ORANGE": 1,
        "rang_Tddd_MTN": 2,
        "rang_Tddd_MOOV": 3,
        "rang_Tddu_ORANGE": 3,
        "rang_Tddu_MTN": 1,
        "rang_Tddu_MOOV": 1,
        "rang_Dmd_ORANGE": 2,
        "rang_Dmd_MTN": 3,
        "rang_Dmd_MOOV": 1,
        "rang_Dmu_ORANGE": 1,
        "rang_Dmu_MTN": 3,
        "rang_Dmu_MOOV": 2
      },
      "id": 14
    },
    {
      "type": "Feature",
      "geometry": {
        "coordinates": [
          -3.1967700000000003,
          5.46457
        ],
        "type": "Point"
      },
      "properties": {
        "ADM0_FR": "COMOE",
        "ADM0_PCODE": "CI02",
        "ADM1_FR": "SUD-COMOE",
        "ADM1_PCODE": "CI130",
        "ADM2_FR": "ABOISSO",
        "ADM2_PCODE": "CI3001",
        "ADM3_FR": "ABOISSO",
        "ADM3_PCODE": "CI300101",
        "ADM4_FR": "ABOISSO",
        "ADM4_PCODE": "C0033",
        "centerLat": 5.47457,
        "centerLng": -3.20677,
        "pop": 45688,
        "Ted_MOOV": 0.0,
        "Tcd_MOOV": 100.0,
        "Tddu_MOOV": 0.0,
        "Tddd_MOOV": 0.0,
        "Dmd_MOOV": 31660.12,
        "Dmu_MOOV": 21473.17,
        "Ted_MTN": 0.0,
        "Tcd_MTN": 97.03,
        "Tddu_MTN": 1.69,
        "Tddd_MTN": 0.0,
        "Dmd_MTN": 4260.1,
        "Dmu_MTN": 13727.78,
        "Ted_ORANGE": 0.0,
        "Tcd_ORANGE": 99.5,
        "Tddu_ORANGE": 0.0,
        "Tddd_ORANGE": 2.1,
        "Dmd_ORANGE": 12766.74,
        "Dmu_ORANGE": 14521.46,
        "rang_Ted_ORANGE": 1,
        "rang_Ted_MTN": 1,
        "rang_Ted_MOOV": 1,
        "rang_Tcd_ORANGE": 2,
        "rang_Tcd_MTN": 3,
        "rang_Tcd_MOOV": 1,
        "rang_Tddd_ORANGE": 3,
        "rang_Tddd_MTN": 1,
        "rang_Tddd_MOOV": 1,
        "rang_Tddu_ORANGE": 1,
        "rang_Tddu_MTN": 3,
        "rang_Tddu_MOOV": 1,
        "rang_Dmd_ORANGE": 2,
        "rang_Dmd_MTN": 1,
        "rang_Dmd_MOOV": 3,
        "rang_Dmu_ORANGE": 2,
        "rang_Dmu_MTN": 1,
        "rang_Dmu_MOOV": 3
      },
      "id": 15
    },
    {
      "type": "Feature",
      "geometry": {
        "coordinates": [
          -3.8562200000000004,
          6.099600000000001
        ],
        "type": "Point"
      },
      "properties": {
        "ADM0_FR": "LAGUNES",
        "ADM0_PCODE": "CI08",
        "ADM1_FR": "LA ME",
        "ADM1_PCODE": "CI124",
        "ADM2_FR": "ADZOPE",
        "ADM2_PCODE": "CI2401",
        "ADM3_FR": "ADZOPE",
        "ADM3_PCODE": "CI240101",
        "ADM4_FR": "ADZOPE",
        "ADM4_PCODE": "C0176",
        "centerLat": 6.1096,
        "centerLng": -3.86622,
        "pop": 58722,
        "Ted_MOOV": 0.0,
        "Tcd_MOOV": 99.17,
        "Tddu_MOOV": 0.0,
        "Tddd_MOOV": 0.0,
        "Dmd_MOOV": 34018.38,
        "Dmu_MOOV": 9615.0,
        "Ted_MTN": 0.0,
        "Tcd_MTN": 100.0,
        "Tddu_MTN": 0.0,
        "Tddd_MTN": 0.0,
        "Dmd_MTN": 14952.41,
        "Dmu_MTN": 11115.99,
        "Ted_ORANGE": 0.0,
        "Tcd_ORANGE": 100.0,
        "Tddu_ORANGE": 0.0,
        "Tddd_ORANGE": 0.0,
        "Dmd_ORANGE": 13271.84,
        "Dmu_ORANGE": 8157.82,
        "rang_Ted_ORANGE": 1,
        "rang_Ted_MTN": 1,
        "rang_Ted_MOOV": 1,
        "rang_Tcd_ORANGE": 1,
        "rang_Tcd_MTN": 1,
        "rang_Tcd_MOOV": 3,
        "rang_Tddd_ORANGE": 1,
        "rang_Tddd_MTN": 1,
        "rang_Tddd_MOOV": 1,
        "rang_Tddu_ORANGE": 1,
        "rang_Tddu_MTN": 1,
        "rang_Tddu_MOOV": 1,
        "rang_Dmd_ORANGE": 1,
        "rang_Dmd_MTN": 2,
        "rang_Dmd_MOOV": 3,
        "rang_Dmu_ORANGE": 1,
        "rang_Dmu_MTN": 3,
        "rang_Dmu_MOOV": 2
      },
      "id": 16
    },
    {
      "type": "Feature",
      "geometry": {
        "coordinates": [
          -4.20523,
          5.91964
        ],
        "type": "Point"
      },
      "properties": {
        "ADM0_FR": "LAGUNES",
        "ADM0_PCODE": "CI08",
        "ADM1_FR": "AGNEBY-TIASSA",
        "ADM1_PCODE": "CI103",
        "ADM2_FR": "AGBOVILLE",
        "ADM2_PCODE": "CI0301",
        "ADM3_FR": "AGBOVILLE",
        "ADM3_PCODE": "CI030102",
        "ADM4_FR": "AGBOVILLE",
        "ADM4_PCODE": "C0215",
        "centerLat": 5.92964,
        "centerLng": -4.21523,
        "pop": 50873,
        "Ted_MOOV": 0.0,
        "Tcd_MOOV": 100.0,
        "Tddu_MOOV": 0.0,
        "Tddd_MOOV": 0.0,
        "Dmd_MOOV": 40731.1,
        "Dmu_MOOV": 13738.66,
        "Ted_MTN": 0.0,
        "Tcd_MTN": 100.0,
        "Tddu_MTN": 0.0,
        "Tddd_MTN": 0.0,
        "Dmd_MTN": 28952.95,
        "Dmu_MTN": 22820.05,
        "Ted_ORANGE": 0.0,
        "Tcd_ORANGE": 99.35000000000001,
        "Tddu_ORANGE": 0.0,
        "Tddd_ORANGE": 39.129999999999995,
        "Dmd_ORANGE": 24835.79,
        "Dmu_ORANGE": 12013.95,
        "rang_Ted_ORANGE": 1,
        "rang_Ted_MTN": 1,
        "rang_Ted_MOOV": 1,
        "rang_Tcd_ORANGE": 3,
        "rang_Tcd_MTN": 1,
        "rang_Tcd_MOOV": 1,
        "rang_Tddd_ORANGE": 3,
        "rang_Tddd_MTN": 1,
        "rang_Tddd_MOOV": 1,
        "rang_Tddu_ORANGE": 1,
        "rang_Tddu_MTN": 1,
        "rang_Tddu_MOOV": 1,
        "rang_Dmd_ORANGE": 1,
        "rang_Dmd_MTN": 2,
        "rang_Dmd_MOOV": 3,
        "rang_Dmu_ORANGE": 1,
        "rang_Dmu_MTN": 3,
        "rang_Dmu_MOOV": 2
      },
      "id": 17
    },
    {
      "type": "Feature",
      "geometry": {
        "coordinates": [
          -3.87779,
          6.37525
        ],
        "type": "Point"
      },
      "properties": {
        "ADM0_FR": "LAGUNES",
        "ADM0_PCODE": "CI08",
        "ADM1_FR": "LA ME",
        "ADM1_PCODE": "CI124",
        "ADM2_FR": "AKOUPE",
        "ADM2_PCODE": "CI2402",
        "ADM3_FR": "AKOUPE",
        "ADM3_PCODE": "CI240202",
        "ADM4_FR": "AKOUPE",
        "ADM4_PCODE": "C0363",
        "centerLat": 6.38525,
        "centerLng": -3.88779,
        "pop": 26668,
        "Ted_MOOV": 0.0,
        "Tcd_MOOV": 100.0,
        "Tddu_MOOV": 0.0,
        "Tddd_MOOV": 0.0,
        "Dmd_MOOV": 20109.8,
        "Dmu_MOOV": 7100.97,
        "Ted_MTN": 0.0,
        "Tcd_MTN": 100.0,
        "Tddu_MTN": 0.0,
        "Tddd_MTN": 0.0,
        "Dmd_MTN": 21525.84,
        "Dmu_MTN": 7944.67,
        "Ted_ORANGE": 0.0,
        "Tcd_ORANGE": 100.0,
        "Tddu_ORANGE": 0.0,
        "Tddd_ORANGE": 0.0,
        "Dmd_ORANGE": 22764.83,
        "Dmu_ORANGE": 11215.79,
        "rang_Ted_ORANGE": 1,
        "rang_Ted_MTN": 1,
        "rang_Ted_MOOV": 1,
        "rang_Tcd_ORANGE": 1,
        "rang_Tcd_MTN": 1,
        "rang_Tcd_MOOV": 1,
        "rang_Tddd_ORANGE": 1,
        "rang_Tddd_MTN": 1,
        "rang_Tddd_MOOV": 1,
        "rang_Tddu_ORANGE": 1,
        "rang_Tddu_MTN": 1,
        "rang_Tddu_MOOV": 1,
        "rang_Dmd_ORANGE": 3,
        "rang_Dmd_MTN": 2,
        "rang_Dmd_MOOV": 1,
        "rang_Dmu_ORANGE": 3,
        "rang_Dmu_MTN": 2,
        "rang_Dmu_MOOV": 1
      },
      "id": 18
    },
    {
      "type": "Feature",
      "geometry": {
        "coordinates": [
          -3.6506100000000004,
          5.4912600000000005
        ],
        "type": "Point"
      },
      "properties": {
        "ADM0_FR": "LAGUNES",
        "ADM0_PCODE": "CI08",
        "ADM1_FR": "LA ME",
        "ADM1_PCODE": "CI124",
        "ADM2_FR": "ALEPE",
        "ADM2_PCODE": "CI2403",
        "ADM3_FR": "ALEPE",
        "ADM3_PCODE": "CI240302",
        "ADM4_FR": "ALEPE",
        "ADM4_PCODE": "C0398",
        "centerLat": 5.50126,
        "centerLng": -3.66061,
        "pop": 9045,
        "Ted_MOOV": 0.0,
        "Tcd_MOOV": 99.18,
        "Tddu_MOOV": 0.0,
        "Tddd_MOOV": 6.819999999999999,
        "Dmd_MOOV": 3022.52,
        "Dmu_MOOV": 9835.69,
        "Ted_MTN": 0.0,
        "Tcd_MTN": 98.36,
        "Tddu_MTN": 0.0,
        "Tddd_MTN": 0.0,
        "Dmd_MTN": 40279.6,
        "Dmu_MTN": 13520.06,
        "Ted_ORANGE": 0.0,
        "Tcd_ORANGE": 100.0,
        "Tddu_ORANGE": 0.0,
        "Tddd_ORANGE": 0.0,
        "Dmd_ORANGE": 19602.18,
        "Dmu_ORANGE": 11572.72,
        "rang_Ted_ORANGE": 1,
        "rang_Ted_MTN": 1,
        "rang_Ted_MOOV": 1,
        "rang_Tcd_ORANGE": 1,
        "rang_Tcd_MTN": 3,
        "rang_Tcd_MOOV": 2,
        "rang_Tddd_ORANGE": 1,
        "rang_Tddd_MTN": 1,
        "rang_Tddd_MOOV": 3,
        "rang_Tddu_ORANGE": 1,
        "rang_Tddu_MTN": 1,
        "rang_Tddu_MOOV": 1,
        "rang_Dmd_ORANGE": 2,
        "rang_Dmd_MTN": 3,
        "rang_Dmd_MOOV": 1,
        "rang_Dmu_ORANGE": 2,
        "rang_Dmu_MTN": 3,
        "rang_Dmu_MOOV": 1
      },
      "id": 19
    },
    {
      "type": "Feature",
      "geometry": {
        "coordinates": [
          -3.2799600000000004,
          5.12392
        ],
        "type": "Point"
      },
      "properties": {
        "ADM0_FR": "COMOE",
        "ADM0_PCODE": "CI02",
        "ADM1_FR": "SUD-COMOE",
        "ADM1_PCODE": "CI130",
        "ADM2_FR": "ADIAKE",
        "ADM2_PCODE": "CI3002",
        "ADM3_FR": "ASSINIE-MAFIA",
        "ADM3_PCODE": "CI300202",
        "ADM4_FR": "ASSINIE-MAFIA",
        "ADM4_PCODE": "C0685",
        "centerLat": 5.13392,
        "centerLng": -3.28996,
        "pop": 5661,
        "Ted_MOOV": 1.11,
        "Tcd_MOOV": 100.0,
        "Tddu_MOOV": 4.0,
        "Tddd_MOOV": 0.0,
        "Dmd_MOOV": 6671.88,
        "Dmu_MOOV": 8729.71,
        "Ted_MTN": 2.22,
        "Tcd_MTN": 95.45,
        "Tddu_MTN": 16.0,
        "Tddd_MTN": 0.0,
        "Dmd_MTN": 16592.02,
        "Dmu_MTN": 5559.37,
        "Ted_ORANGE": 0.0,
        "Tcd_ORANGE": 98.89,
        "Tddu_ORANGE": 8.0,
        "Tddd_ORANGE": 0.0,
        "Dmd_ORANGE": 54798.53,
        "Dmu_ORANGE": 5589.89,
        "rang_Ted_ORANGE": 1,
        "rang_Ted_MTN": 3,
        "rang_Ted_MOOV": 2,
        "rang_Tcd_ORANGE": 2,
        "rang_Tcd_MTN": 3,
        "rang_Tcd_MOOV": 1,
        "rang_Tddd_ORANGE": 1,
        "rang_Tddd_MTN": 1,
        "rang_Tddd_MOOV": 1,
        "rang_Tddu_ORANGE": 2,
        "rang_Tddu_MTN": 3,
        "rang_Tddu_MOOV": 1,
        "rang_Dmd_ORANGE": 3,
        "rang_Dmd_MTN": 2,
        "rang_Dmd_MOOV": 1,
        "rang_Dmu_ORANGE": 2,
        "rang_Dmu_MTN": 1,
        "rang_Dmu_MOOV": 3
      },
      "id": 20
    },
    {
      "type": "Feature",
      "geometry": {
        "coordinates": [
          -7.60002,
          9.13095
        ],
        "type": "Point"
      },
      "properties": {
        "ADM0_FR": "DENGUELE",
        "ADM0_PCODE": "CI03",
        "ADM1_FR": "KABADOUGOU",
        "ADM1_PCODE": "CI121",
        "ADM2_FR": "ODIENNE",
        "ADM2_PCODE": "CI2103",
        "ADM3_FR": "BAKO",
        "ADM3_PCODE": "CI210302",
        "ADM4_FR": "BAKO",
        "ADM4_PCODE": "C0871",
        "centerLat": 9.14095,
        "centerLng": -7.61002,
        "pop": 1796,
        "Ted_MOOV": 0.0,
        "Tcd_MOOV": 100.0,
        "Tddu_MOOV": 0.0,
        "Tddd_MOOV": 0.0,
        "Dmd_MOOV": 18060.77,
        "Dmu_MOOV": 10356.15,
        "Ted_MTN": 0.9400000000000001,
        "Tcd_MTN": 100.0,
        "Tddu_MTN": 0.0,
        "Tddd_MTN": 0.0,
        "Dmd_MTN": 39245.48,
        "Dmu_MTN": 10514.85,
        "Ted_ORANGE": 0.0,
        "Tcd_ORANGE": 100.0,
        "Tddu_ORANGE": 0.0,
        "Tddd_ORANGE": 0.0,
        "Dmd_ORANGE": 22097.37,
        "Dmu_ORANGE": 17449.78,
        "rang_Ted_ORANGE": 1,
        "rang_Ted_MTN": 3,
        "rang_Ted_MOOV": 1,
        "rang_Tcd_ORANGE": 1,
        "rang_Tcd_MTN": 1,
        "rang_Tcd_MOOV": 1,
        "rang_Tddd_ORANGE": 1,
        "rang_Tddd_MTN": 1,
        "rang_Tddd_MOOV": 1,
        "rang_Tddu_ORANGE": 1,
        "rang_Tddu_MTN": 1,
        "rang_Tddu_MOOV": 1,
        "rang_Dmd_ORANGE": 2,
        "rang_Dmd_MTN": 3,
        "rang_Dmd_MOOV": 1,
        "rang_Dmu_ORANGE": 3,
        "rang_Dmu_MTN": 2,
        "rang_Dmu_MOOV": 1
      },
      "id": 21
    },
    {
      "type": "Feature",
      "geometry": {
        "coordinates": [
          -7.604830000000001,
          7.73078
        ],
        "type": "Point"
      },
      "properties": {
        "ADM0_FR": "MONTAGNES",
        "ADM0_PCODE": "CI09",
        "ADM1_FR": "TONKPI",
        "ADM1_PCODE": "CI132",
        "ADM2_FR": "BIANKOUMA",
        "ADM2_PCODE": "CI3201",
        "ADM3_FR": "BIANKOUMA",
        "ADM3_PCODE": "CI320101",
        "ADM4_FR": "BIANKOUMA",
        "ADM4_PCODE": "C1160",
        "centerLat": 7.74078,
        "centerLng": -7.61483,
        "pop": 17922,
        "Ted_MOOV": 16.48,
        "Tcd_MOOV": 85.07000000000001,
        "Tddu_MOOV": 16.669999999999998,
        "Tddd_MOOV": 20.69,
        "Dmd_MOOV": 2286.73,
        "Dmu_MOOV": 3793.77,
        "Ted_MTN": 11.700000000000001,
        "Tcd_MTN": 87.64999999999999,
        "Tddu_MTN": 20.830000000000002,
        "Tddd_MTN": 0.0,
        "Dmd_MTN": 6407.09,
        "Dmu_MTN": 6346.13,
        "Ted_ORANGE": 0.91,
        "Tcd_ORANGE": 99.07000000000001,
        "Tddu_ORANGE": 0.0,
        "Tddd_ORANGE": 0.0,
        "Dmd_ORANGE": 42774.94,
        "Dmu_ORANGE": 19107.69,
        "rang_Ted_ORANGE": 1,
        "rang_Ted_MTN": 2,
        "rang_Ted_MOOV": 3,
        "rang_Tcd_ORANGE": 1,
        "rang_Tcd_MTN": 2,
        "rang_Tcd_MOOV": 3,
        "rang_Tddd_ORANGE": 1,
        "rang_Tddd_MTN": 1,
        "rang_Tddd_MOOV": 3,
        "rang_Tddu_ORANGE": 1,
        "rang_Tddu_MTN": 3,
        "rang_Tddu_MOOV": 2,
        "rang_Dmd_ORANGE": 3,
        "rang_Dmd_MTN": 2,
        "rang_Dmd_MOOV": 1,
        "rang_Dmu_ORANGE": 3,
        "rang_Dmu_MTN": 2,
        "rang_Dmu_MOOV": 1
      },
      "id": 22
    },
    {
      "type": "Feature",
      "geometry": {
        "coordinates": [
          -3.58476,
          5.26193
        ],
        "type": "Point"
      },
      "properties": {
        "ADM0_FR": "COMOE",
        "ADM0_PCODE": "CI02",
        "ADM1_FR": "SUD-COMOE",
        "ADM1_PCODE": "CI130",
        "ADM2_FR": "GRAND-BASSAM",
        "ADM2_PCODE": "CI3003",
        "ADM3_FR": "BONOUA",
        "ADM3_PCODE": "CI300302",
        "ADM4_FR": "BONOUA",
        "ADM4_PCODE": "C1451",
        "centerLat": 5.27193,
        "centerLng": -3.59476,
        "pop": 38135,
        "Ted_MOOV": 4.9,
        "Tcd_MOOV": 100.0,
        "Tddu_MOOV": 0.0,
        "Tddd_MOOV": 2.86,
        "Dmd_MOOV": 39865.79,
        "Dmu_MOOV": 15818.1,
        "Ted_MTN": 0.98,
        "Tcd_MTN": 100.0,
        "Tddu_MTN": 0.0,
        "Tddd_MTN": 0.0,
        "Dmd_MTN": 25699.63,
        "Dmu_MTN": 12402.53,
        "Ted_ORANGE": 0.0,
        "Tcd_ORANGE": 100.0,
        "Tddu_ORANGE": 3.3300000000000005,
        "Tddd_ORANGE": 0.0,
        "Dmd_ORANGE": 52813.95,
        "Dmu_ORANGE": 10666.41,
        "rang_Ted_ORANGE": 1,
        "rang_Ted_MTN": 2,
        "rang_Ted_MOOV": 3,
        "rang_Tcd_ORANGE": 1,
        "rang_Tcd_MTN": 1,
        "rang_Tcd_MOOV": 1,
        "rang_Tddd_ORANGE": 1,
        "rang_Tddd_MTN": 1,
        "rang_Tddd_MOOV": 3,
        "rang_Tddu_ORANGE": 3,
        "rang_Tddu_MTN": 1,
        "rang_Tddu_MOOV": 1,
        "rang_Dmd_ORANGE": 3,
        "rang_Dmd_MTN": 1,
        "rang_Dmd_MOOV": 2,
        "rang_Dmu_ORANGE": 1,
        "rang_Dmu_MTN": 2,
        "rang_Dmu_MOOV": 3
      },
      "id": 23
    },
    {
      "type": "Feature",
      "geometry": {
        "coordinates": [
          -5.74132,
          6.97414
        ],
        "type": "Point"
      },
      "properties": {
        "ADM0_FR": "SASSANDRA-MARAHOUE",
        "ADM0_PCODE": "CI10",
        "ADM1_FR": "MARAHOUE",
        "ADM1_PCODE": "CI123",
        "ADM2_FR": "BOUAFLE",
        "ADM2_PCODE": "CI2301",
        "ADM3_FR": "BOUAFLE",
        "ADM3_PCODE": "CI230103",
        "ADM4_FR": "BOUAFLÉ",
        "ADM4_PCODE": "C1503",
        "centerLat": 6.98414,
        "centerLng": -5.75132,
        "pop": 80389,
        "Ted_MOOV": 9.09,
        "Tcd_MOOV": 91.58,
        "Tddu_MOOV": 0.0,
        "Tddd_MOOV": 11.110000000000001,
        "Dmd_MOOV": 6681.18,
        "Dmu_MOOV": 6726.36,
        "Ted_MTN": 0.91,
        "Tcd_MTN": 99.08,
        "Tddu_MTN": 0.0,
        "Tddd_MTN": 0.0,
        "Dmd_MTN": 18299.98,
        "Dmu_MTN": 11131.67,
        "Ted_ORANGE": 0.91,
        "Tcd_ORANGE": 100.0,
        "Tddu_ORANGE": 3.3300000000000005,
        "Tddd_ORANGE": 1.27,
        "Dmd_ORANGE": 13826.96,
        "Dmu_ORANGE": 7059.88,
        "rang_Ted_ORANGE": 1,
        "rang_Ted_MTN": 1,
        "rang_Ted_MOOV": 3,
        "rang_Tcd_ORANGE": 1,
        "rang_Tcd_MTN": 2,
        "rang_Tcd_MOOV": 3,
        "rang_Tddd_ORANGE": 2,
        "rang_Tddd_MTN": 1,
        "rang_Tddd_MOOV": 3,
        "rang_Tddu_ORANGE": 3,
        "rang_Tddu_MTN": 1,
        "rang_Tddu_MOOV": 1,
        "rang_Dmd_ORANGE": 2,
        "rang_Dmd_MTN": 3,
        "rang_Dmd_MOOV": 1,
        "rang_Dmu_ORANGE": 2,
        "rang_Dmu_MTN": 3,
        "rang_Dmu_MOOV": 1
      },
      "id": 24
    },
    {
      "type": "Feature",
      "geometry": {
        "coordinates": [
          -5.01961,
          7.67791
        ],
        "type": "Point"
      },
      "properties": {
        "ADM0_FR": "VALLEE DU BANDAMA",
        "ADM0_PCODE": "CI12",
        "ADM1_FR": "GBEKE",
        "ADM1_PCODE": "CI111",
        "ADM2_FR": "BOUAKE",
        "ADM2_PCODE": "CI1103",
        "ADM3_FR": "BOUAKE",
        "ADM3_PCODE": "CI110301",
        "ADM4_FR": "BOUAKÉ",
        "ADM4_PCODE": "C1507",
        "centerLat": 7.68791,
        "centerLng": -5.02961,
        "pop": 536719,
        "Ted_MOOV": 5.47,
        "Tcd_MOOV": 96.11,
        "Tddu_MOOV": 0.0,
        "Tddd_MOOV": 0.72,
        "Dmd_MOOV": 16971.08,
        "Dmu_MOOV": 11233.49,
        "Ted_MTN": 2.33,
        "Tcd_MTN": 100.0,
        "Tddu_MTN": 0.0,
        "Tddd_MTN": 0.67,
        "Dmd_MTN": 47820.24,
        "Dmu_MTN": 23364.32,
        "Ted_ORANGE": 0.0,
        "Tcd_ORANGE": 100.0,
        "Tddu_ORANGE": 0.0,
        "Tddd_ORANGE": 9.74,
        "Dmd_ORANGE": 37610.61,
        "Dmu_ORANGE": 21763.86,
        "rang_Ted_ORANGE": 1,
        "rang_Ted_MTN": 2,
        "rang_Ted_MOOV": 3,
        "rang_Tcd_ORANGE": 1,
        "rang_Tcd_MTN": 1,
        "rang_Tcd_MOOV": 3,
        "rang_Tddd_ORANGE": 3,
        "rang_Tddd_MTN": 1,
        "rang_Tddd_MOOV": 2,
        "rang_Tddu_ORANGE": 1,
        "rang_Tddu_MTN": 1,
        "rang_Tddu_MOOV": 1,
        "rang_Dmd_ORANGE": 2,
        "rang_Dmd_MTN": 3,
        "rang_Dmd_MOOV": 1,
        "rang_Dmu_ORANGE": 2,
        "rang_Dmu_MTN": 3,
        "rang_Dmu_MOOV": 1
      },
      "id": 25
    },
    {
      "type": "Feature",
      "geometry": {
        "coordinates": [
          -2.98909,
          9.25864
        ],
        "type": "Point"
      },
      "properties": {
        "ADM0_FR": "ZANZAN",
        "ADM0_PCODE": "CI14",
        "ADM1_FR": "BOUNKANI",
        "ADM1_PCODE": "CI108",
        "ADM2_FR": "BOUNA",
        "ADM2_PCODE": "CI0801",
        "ADM3_FR": "BOUNA",
        "ADM3_PCODE": "CI080102",
        "ADM4_FR": "BOUNA",
        "ADM4_PCODE": "C1550",
        "centerLat": 9.26864,
        "centerLng": -2.99909,
        "pop": 18755,
        "Ted_MOOV": 0.0,
        "Tcd_MOOV": 51.739999999999995,
        "Tddu_MOOV": 0.0,
        "Tddd_MOOV": 66.12,
        "Dmd_MOOV": 8593.39,
        "Dmu_MOOV": 10391.72,
        "Ted_MTN": 2.59,
        "Tcd_MTN": 100.0,
        "Tddu_MTN": 0.0,
        "Tddd_MTN": 0.0,
        "Dmd_MTN": 38129.11,
        "Dmu_MTN": 16098.97,
        "Ted_ORANGE": 0.0,
        "Tcd_ORANGE": 95.21,
        "Tddu_ORANGE": 0.0,
        "Tddd_ORANGE": 4.24,
        "Dmd_ORANGE": 35587.17,
        "Dmu_ORANGE": 10817.74,
        "rang_Ted_ORANGE": 1,
        "rang_Ted_MTN": 3,
        "rang_Ted_MOOV": 1,
        "rang_Tcd_ORANGE": 2,
        "rang_Tcd_MTN": 1,
        "rang_Tcd_MOOV": 3,
        "rang_Tddd_ORANGE": 2,
        "rang_Tddd_MTN": 1,
        "rang_Tddd_MOOV": 3,
        "rang_Tddu_ORANGE": 1,
        "rang_Tddu_MTN": 1,
        "rang_Tddu_MOOV": 1,
        "rang_Dmd_ORANGE": 2,
        "rang_Dmd_MTN": 3,
        "rang_Dmd_MOOV": 1,
        "rang_Dmu_ORANGE": 2,
        "rang_Dmu_MTN": 3,
        "rang_Dmu_MOOV": 1
      },
      "id": 26
    },
    {
      "type": "Feature",
      "geometry": {
        "coordinates": [
          -6.4741100000000005,
          9.51143
        ],
        "type": "Point"
      },
      "properties": {
        "ADM0_FR": "SAVANES",
        "ADM0_PCODE": "CI11",
        "ADM1_FR": "BAGOUE",
        "ADM1_PCODE": "CI105",
        "ADM2_FR": "BOUNDIALI",
        "ADM2_PCODE": "CI0501",
        "ADM3_FR": "BOUNDIALI",
        "ADM3_PCODE": "CI050102",
        "ADM4_FR": "BOUNDIALI",
        "ADM4_PCODE": "C1557",
        "centerLat": 9.52143,
        "centerLng": -6.48411,
        "pop": 39962,
        "Ted_MOOV": 13.29,
        "Tcd_MOOV": 93.75,
        "Tddu_MOOV": 11.899999999999999,
        "Tddd_MOOV": 9.47,
        "Dmd_MOOV": 22865.67,
        "Dmu_MOOV": 15101.82,
        "Ted_MTN": 5.7,
        "Tcd_MTN": 97.92,
        "Tddu_MTN": 4.44,
        "Tddd_MTN": 0.0,
        "Dmd_MTN": 31011.96,
        "Dmu_MTN": 16061.73,
        "Ted_ORANGE": 0.0,
        "Tcd_ORANGE": 100.0,
        "Tddu_ORANGE": 0.0,
        "Tddd_ORANGE": 0.0,
        "Dmd_ORANGE": 12889.94,
        "Dmu_ORANGE": 12806.56,
        "rang_Ted_ORANGE": 1,
        "rang_Ted_MTN": 2,
        "rang_Ted_MOOV": 3,
        "rang_Tcd_ORANGE": 1,
        "rang_Tcd_MTN": 2,
        "rang_Tcd_MOOV": 3,
        "rang_Tddd_ORANGE": 1,
        "rang_Tddd_MTN": 1,
        "rang_Tddd_MOOV": 3,
        "rang_Tddu_ORANGE": 1,
        "rang_Tddu_MTN": 2,
        "rang_Tddu_MOOV": 3,
        "rang_Dmd_ORANGE": 1,
        "rang_Dmd_MTN": 3,
        "rang_Dmd_MOOV": 2,
        "rang_Dmu_ORANGE": 1,
        "rang_Dmu_MTN": 3,
        "rang_Dmu_MOOV": 2
      },
      "id": 27
    },
    {
      "type": "Feature",
      "geometry": {
        "coordinates": [
          -4.37208,
          5.31271
        ],
        "type": "Point"
      },
      "properties": {
        "ADM0_FR": "LAGUNES",
        "ADM0_PCODE": "CI08",
        "ADM1_FR": "GRANDS-PONTS",
        "ADM1_PCODE": "CI115",
        "ADM2_FR": "DABOU",
        "ADM2_PCODE": "CI1501",
        "ADM3_FR": "DABOU",
        "ADM3_PCODE": "CI150101",
        "ADM4_FR": "DABOU",
        "ADM4_PCODE": "C1708",
        "centerLat": 5.32271,
        "centerLng": -4.38208,
        "pop": 61942,
        "Ted_MOOV": 0.8200000000000001,
        "Tcd_MOOV": 100.0,
        "Tddu_MOOV": 0.0,
        "Tddd_MOOV": 20.69,
        "Dmd_MOOV": 3862.02,
        "Dmu_MOOV": 6674.07,
        "Ted_MTN": 0.75,
        "Tcd_MTN": 100.0,
        "Tddu_MTN": 0.0,
        "Tddd_MTN": 0.0,
        "Dmd_MTN": 30920.67,
        "Dmu_MTN": 23665.95,
        "Ted_ORANGE": 0.0,
        "Tcd_ORANGE": 97.56,
        "Tddu_ORANGE": 0.0,
        "Tddd_ORANGE": 95.50999999999999,
        "Dmd_ORANGE": 163.07,
        "Dmu_ORANGE": 397.7,
        "rang_Ted_ORANGE": 1,
        "rang_Ted_MTN": 2,
        "rang_Ted_MOOV": 3,
        "rang_Tcd_ORANGE": 3,
        "rang_Tcd_MTN": 1,
        "rang_Tcd_MOOV": 1,
        "rang_Tddd_ORANGE": 3,
        "rang_Tddd_MTN": 1,
        "rang_Tddd_MOOV": 2,
        "rang_Tddu_ORANGE": 1,
        "rang_Tddu_MTN": 1,
        "rang_Tddu_MOOV": 1,
        "rang_Dmd_ORANGE": 1,
        "rang_Dmd_MTN": 3,
        "rang_Dmd_MOOV": 2,
        "rang_Dmu_ORANGE": 1,
        "rang_Dmu_MTN": 3,
        "rang_Dmu_MOOV": 2
      },
      "id": 28
    },
    {
      "type": "Feature",
      "geometry": {
        "coordinates": [
          -6.4386,
          6.878150000000001
        ],
        "type": "Point"
      },
      "properties": {
        "ADM0_FR": "SASSANDRA-MARAHOUE",
        "ADM0_PCODE": "CI10",
        "ADM1_FR": "HAUT-SASSANDRA",
        "ADM1_PCODE": "CI118",
        "ADM2_FR": "DALOA",
        "ADM2_PCODE": "CI1801",
        "ADM3_FR": "DALOA",
        "ADM3_PCODE": "CI180102",
        "ADM4_FR": "DALOA",
        "ADM4_PCODE": "C1779",
        "centerLat": 6.88815,
        "centerLng": -6.4486,
        "pop": 245360,
        "Ted_MOOV": 6.88,
        "Tcd_MOOV": 97.06,
        "Tddu_MOOV": 0.0,
        "Tddd_MOOV": 0.9199999999999999,
        "Dmd_MOOV": 15197.91,
        "Dmu_MOOV": 13285.7,
        "Ted_MTN": 0.0,
        "Tcd_MTN": 100.0,
        "Tddu_MTN": 0.0,
        "Tddd_MTN": 0.0,
        "Dmd_MTN": 15943.33,
        "Dmu_MTN": 9200.48,
        "Ted_ORANGE": 0.0,
        "Tcd_ORANGE": 100.0,
        "Tddu_ORANGE": 0.0,
        "Tddd_ORANGE": 0.0,
        "Dmd_ORANGE": 18012.19,
        "Dmu_ORANGE": 13494.49,
        "rang_Ted_ORANGE": 1,
        "rang_Ted_MTN": 1,
        "rang_Ted_MOOV": 3,
        "rang_Tcd_ORANGE": 1,
        "rang_Tcd_MTN": 1,
        "rang_Tcd_MOOV": 3,
        "rang_Tddd_ORANGE": 1,
        "rang_Tddd_MTN": 1,
        "rang_Tddd_MOOV": 3,
        "rang_Tddu_ORANGE": 1,
        "rang_Tddu_MTN": 1,
        "rang_Tddu_MOOV": 1,
        "rang_Dmd_ORANGE": 3,
        "rang_Dmd_MTN": 2,
        "rang_Dmd_MOOV": 1,
        "rang_Dmu_ORANGE": 3,
        "rang_Dmu_MTN": 1,
        "rang_Dmu_MOOV": 2
      },
      "id": 29
    },
    {
      "type": "Feature",
      "geometry": {
        "coordinates": [
          -8.15032,
          7.25075
        ],
        "type": "Point"
      },
      "properties": {
        "ADM0_FR": "MONTAGNES",
        "ADM0_PCODE": "CI09",
        "ADM1_FR": "TONKPI",
        "ADM1_PCODE": "CI132",
        "ADM2_FR": "DANANE",
        "ADM2_PCODE": "CI3202",
        "ADM3_FR": "DANANE",
        "ADM3_PCODE": "CI320202",
        "ADM4_FR": "DANANÉ",
        "ADM4_PCODE": "C1791",
        "centerLat": 7.26075,
        "centerLng": -8.16032,
        "pop": 60645,
        "Ted_MOOV": 2.27,
        "Tcd_MOOV": 89.60000000000001,
        "Tddu_MOOV": 2.78,
        "Tddd_MOOV": 0.0,
        "Dmd_MOOV": 31669.35,
        "Dmu_MOOV": 8567.31,
        "Ted_MTN": 0.0,
        "Tcd_MTN": 100.0,
        "Tddu_MTN": 0.0,
        "Tddd_MTN": 0.0,
        "Dmd_MTN": 38260.2,
        "Dmu_MTN": 16714.46,
        "Ted_ORANGE": 0.7799999999999999,
        "Tcd_ORANGE": 100.0,
        "Tddu_ORANGE": 0.0,
        "Tddd_ORANGE": 0.0,
        "Dmd_ORANGE": 14943.01,
        "Dmu_ORANGE": 15397.46,
        "rang_Ted_ORANGE": 2,
        "rang_Ted_MTN": 1,
        "rang_Ted_MOOV": 3,
        "rang_Tcd_ORANGE": 1,
        "rang_Tcd_MTN": 1,
        "rang_Tcd_MOOV": 3,
        "rang_Tddd_ORANGE": 1,
        "rang_Tddd_MTN": 1,
        "rang_Tddd_MOOV": 1,
        "rang_Tddu_ORANGE": 1,
        "rang_Tddu_MTN": 1,
        "rang_Tddu_MOOV": 3,
        "rang_Dmd_ORANGE": 1,
        "rang_Dmd_MTN": 3,
        "rang_Dmd_MOOV": 2,
        "rang_Dmu_ORANGE": 2,
        "rang_Dmu_MTN": 3,
        "rang_Dmu_MOOV": 1
      },
      "id": 30
    },
    {
      "type": "Feature",
      "geometry": {
        "coordinates": [
          -5.3470200000000006,
          5.82833
        ],
        "type": "Point"
      },
      "properties": {
        "ADM0_FR": "GOH-DJIBOUA",
        "ADM0_PCODE": "CI06",
        "ADM1_FR": "LOH-DJIBOUA",
        "ADM1_PCODE": "CI122",
        "ADM2_FR": "DIVO",
        "ADM2_PCODE": "CI2201",
        "ADM3_FR": "DIVO",
        "ADM3_PCODE": "CI220103",
        "ADM4_FR": "DIVO",
        "ADM4_PCODE": "C2117",
        "centerLat": 5.83833,
        "centerLng": -5.35702,
        "pop": 105397,
        "Ted_MOOV": 0.0,
        "Tcd_MOOV": 100.0,
        "Tddu_MOOV": 0.0,
        "Tddd_MOOV": 0.9299999999999999,
        "Dmd_MOOV": 40791.66,
        "Dmu_MOOV": 19905.14,
        "Ted_MTN": 1.32,
        "Tcd_MTN": 98.0,
        "Tddu_MTN": 2.27,
        "Tddd_MTN": 0.0,
        "Dmd_MTN": 45322.92,
        "Dmu_MTN": 15457.11,
        "Ted_ORANGE": 0.0,
        "Tcd_ORANGE": 100.0,
        "Tddu_ORANGE": 0.0,
        "Tddd_ORANGE": 0.0,
        "Dmd_ORANGE": 38308.88,
        "Dmu_ORANGE": 19787.54,
        "rang_Ted_ORANGE": 1,
        "rang_Ted_MTN": 3,
        "rang_Ted_MOOV": 1,
        "rang_Tcd_ORANGE": 1,
        "rang_Tcd_MTN": 3,
        "rang_Tcd_MOOV": 1,
        "rang_Tddd_ORANGE": 1,
        "rang_Tddd_MTN": 1,
        "rang_Tddd_MOOV": 3,
        "rang_Tddu_ORANGE": 1,
        "rang_Tddu_MTN": 3,
        "rang_Tddu_MOOV": 1,
        "rang_Dmd_ORANGE": 1,
        "rang_Dmd_MTN": 3,
        "rang_Dmd_MOOV": 2,
        "rang_Dmu_ORANGE": 2,
        "rang_Dmu_MTN": 1,
        "rang_Dmu_MOOV": 3
      },
      "id": 31
    },
    {
      "type": "Feature",
      "geometry": {
        "coordinates": [
          -7.57178,
          4.8695900000000005
        ],
        "type": "Point"
      },
      "properties": {
        "ADM0_FR": "BAS-SASSANDRA",
        "ADM0_PCODE": "CI01",
        "ADM1_FR": "SAN-PEDRO",
        "ADM1_PCODE": "CI129",
        "ADM2_FR": "TABOU",
        "ADM2_PCODE": "CI2902",
        "ADM3_FR": "GRABO",
        "ADM3_PCODE": "CI290205",
        "ADM4_FR": "DJIMANÉ",
        "ADM4_PCODE": "C2210",
        "centerLat": 4.87959,
        "centerLng": -7.58178,
        "pop": 103,
        "Ted_MOOV": 2.86,
        "Tcd_MOOV": 95.0,
        "Tddu_MOOV": 20.0,
        "Tddd_MOOV": 0.0,
        "Dmd_MOOV": 4129.01,
        "Dmu_MOOV": 1742.2,
        "Ted_MTN": 0.0,
        "Tcd_MTN": 97.14,
        "Tddu_MTN": 3.3300000000000005,
        "Tddd_MTN": 0.0,
        "Dmd_MTN": 93519.06,
        "Dmu_MTN": 23128.13,
        "Ted_ORANGE": 0.0,
        "Tcd_ORANGE": 100.0,
        "Tddu_ORANGE": 0.0,
        "Tddd_ORANGE": 0.0,
        "Dmd_ORANGE": 74745.11,
        "Dmu_ORANGE": 16792.01,
        "rang_Ted_ORANGE": 1,
        "rang_Ted_MTN": 1,
        "rang_Ted_MOOV": 3,
        "rang_Tcd_ORANGE": 1,
        "rang_Tcd_MTN": 2,
        "rang_Tcd_MOOV": 3,
        "rang_Tddd_ORANGE": 1,
        "rang_Tddd_MTN": 1,
        "rang_Tddd_MOOV": 1,
        "rang_Tddu_ORANGE": 1,
        "rang_Tddu_MTN": 2,
        "rang_Tddu_MOOV": 3,
        "rang_Dmd_ORANGE": 2,
        "rang_Dmd_MTN": 3,
        "rang_Dmd_MOOV": 1,
        "rang_Dmu_ORANGE": 2,
        "rang_Dmu_MTN": 3,
        "rang_Dmu_MOOV": 1
      },
      "id": 32
    },
    {
      "type": "Feature",
      "geometry": {
        "coordinates": [
          -7.3669400000000005,
          7.37819
        ],
        "type": "Point"
      },
      "properties": {
        "ADM0_FR": "MONTAGNES",
        "ADM0_PCODE": "CI09",
        "ADM1_FR": "GUEMON",
        "ADM1_PCODE": "CI116",
        "ADM2_FR": "FACOBLY",
        "ADM2_PCODE": "CI1603",
        "ADM3_FR": "FACOBLY",
        "ADM3_PCODE": "CI160301",
        "ADM4_FR": "FACOBLY",
        "ADM4_PCODE": "C2527",
        "centerLat": 7.38819,
        "centerLng": -7.37694,
        "pop": 4536,
        "Ted_MOOV": 0.0,
        "Tcd_MOOV": 96.19,
        "Tddu_MOOV": 0.0,
        "Tddd_MOOV": 0.0,
        "Dmd_MOOV": 29976.73,
        "Dmu_MOOV": 7071.45,
        "Ted_MTN": 0.95,
        "Tcd_MTN": 100.0,
        "Tddu_MTN": 0.0,
        "Tddd_MTN": 0.0,
        "Dmd_MTN": 22864.95,
        "Dmu_MTN": 7623.18,
        "Ted_ORANGE": 0.0,
        "Tcd_ORANGE": 94.28999999999999,
        "Tddu_ORANGE": 0.0,
        "Tddd_ORANGE": 0.0,
        "Dmd_ORANGE": 3898.68,
        "Dmu_ORANGE": 15565.29,
        "rang_Ted_ORANGE": 1,
        "rang_Ted_MTN": 3,
        "rang_Ted_MOOV": 1,
        "rang_Tcd_ORANGE": 3,
        "rang_Tcd_MTN": 1,
        "rang_Tcd_MOOV": 2,
        "rang_Tddd_ORANGE": 1,
        "rang_Tddd_MTN": 1,
        "rang_Tddd_MOOV": 1,
        "rang_Tddu_ORANGE": 1,
        "rang_Tddu_MTN": 1,
        "rang_Tddu_MOOV": 1,
        "rang_Dmd_ORANGE": 1,
        "rang_Dmd_MTN": 2,
        "rang_Dmd_MOOV": 3,
        "rang_Dmu_ORANGE": 3,
        "rang_Dmu_MTN": 2,
        "rang_Dmu_MOOV": 1
      },
      "id": 33
    },
    {
      "type": "Feature",
      "geometry": {
        "coordinates": [
          -5.18762,
          9.58226
        ],
        "type": "Point"
      },
      "properties": {
        "ADM0_FR": "SAVANES",
        "ADM0_PCODE": "CI11",
        "ADM1_FR": "TCHOLOGO",
        "ADM1_PCODE": "CI131",
        "ADM2_FR": "FERKESSEDOUGOU",
        "ADM2_PCODE": "CI3101",
        "ADM3_FR": "FERKESSEDOUGOU",
        "ADM3_PCODE": "CI310101",
        "ADM4_FR": "FERKESSÉDOUGOU",
        "ADM4_PCODE": "C2603",
        "centerLat": 9.59226,
        "centerLng": -5.19762,
        "pop": 55910,
        "Ted_MOOV": 5.92,
        "Tcd_MOOV": 92.65,
        "Tddu_MOOV": 7.140000000000001,
        "Tddd_MOOV": 10.89,
        "Dmd_MOOV": 37178.21,
        "Dmu_MOOV": 16248.92,
        "Ted_MTN": 1.32,
        "Tcd_MTN": 95.86,
        "Tddu_MTN": 0.0,
        "Tddd_MTN": 4.67,
        "Dmd_MTN": 31958.95,
        "Dmu_MTN": 19012.64,
        "Ted_ORANGE": 0.0,
        "Tcd_ORANGE": 99.33999999999999,
        "Tddu_ORANGE": 0.0,
        "Tddd_ORANGE": 0.0,
        "Dmd_ORANGE": 12724.78,
        "Dmu_ORANGE": 13578.2,
        "rang_Ted_ORANGE": 1,
        "rang_Ted_MTN": 2,
        "rang_Ted_MOOV": 3,
        "rang_Tcd_ORANGE": 1,
        "rang_Tcd_MTN": 2,
        "rang_Tcd_MOOV": 3,
        "rang_Tddd_ORANGE": 1,
        "rang_Tddd_MTN": 2,
        "rang_Tddd_MOOV": 3,
        "rang_Tddu_ORANGE": 1,
        "rang_Tddu_MTN": 1,
        "rang_Tddu_MOOV": 3,
        "rang_Dmd_ORANGE": 1,
        "rang_Dmd_MTN": 2,
        "rang_Dmd_MOOV": 3,
        "rang_Dmu_ORANGE": 1,
        "rang_Dmu_MTN": 3,
        "rang_Dmu_MOOV": 2
      },
      "id": 34
    },
    {
      "type": "Feature",
      "geometry": {
        "coordinates": [
          -5.05354,
          7.97253
        ],
        "type": "Point"
      },
      "properties": {
        "ADM0_FR": "VALLEE DU BANDAMA",
        "ADM0_PCODE": "CI12",
        "ADM1_FR": "HAMBOL",
        "ADM1_PCODE": "CI117",
        "ADM2_FR": "KATIOLA",
        "ADM2_PCODE": "CI1702",
        "ADM3_FR": "KATIOLA",
        "ADM3_PCODE": "CI170201",
        "ADM4_FR": "FORO-FORO",
        "ADM4_PCODE": "C2667",
        "centerLat": 7.98253,
        "centerLng": -5.06354,
        "pop": 1091,
        "Ted_MOOV": 0.0,
        "Tcd_MOOV": 100.0,
        "Tddu_MOOV": 0.0,
        "Tddd_MOOV": 0.0,
        "Dmd_MOOV": 27951.3,
        "Dmu_MOOV": 13430.43,
        "Ted_MTN": 0.0,
        "Tcd_MTN": 100.0,
        "Tddu_MTN": 0.0,
        "Tddd_MTN": 0.0,
        "Dmd_MTN": 47607.09,
        "Dmu_MTN": 16799.73,
        "Ted_ORANGE": 0.0,
        "Tcd_ORANGE": 96.25,
        "Tddu_ORANGE": 0.0,
        "Tddd_ORANGE": 100.0,
        "Dmd_ORANGE": 163.52,
        "Dmu_ORANGE": 471.97,
        "rang_Ted_ORANGE": 1,
        "rang_Ted_MTN": 1,
        "rang_Ted_MOOV": 1,
        "rang_Tcd_ORANGE": 3,
        "rang_Tcd_MTN": 1,
        "rang_Tcd_MOOV": 1,
        "rang_Tddd_ORANGE": 3,
        "rang_Tddd_MTN": 1,
        "rang_Tddd_MOOV": 1,
        "rang_Tddu_ORANGE": 1,
        "rang_Tddu_MTN": 1,
        "rang_Tddu_MOOV": 1,
        "rang_Dmd_ORANGE": 1,
        "rang_Dmd_MTN": 3,
        "rang_Dmd_MOOV": 2,
        "rang_Dmu_ORANGE": 1,
        "rang_Dmu_MTN": 3,
        "rang_Dmu_MOOV": 2
      },
      "id": 35
    },
    {
      "type": "Feature",
      "geometry": {
        "coordinates": [
          -5.57651,
          5.0955900000000005
        ],
        "type": "Point"
      },
      "properties": {
        "ADM0_FR": "BAS-SASSANDRA",
        "ADM0_PCODE": "CI01",
        "ADM1_FR": "GBOKLE",
        "ADM1_PCODE": "CI112",
        "ADM2_FR": "FRESCO",
        "ADM2_PCODE": "CI1201",
        "ADM3_FR": "FRESCO",
        "ADM3_PCODE": "CI120102",
        "ADM4_FR": "FRESCO",
        "ADM4_PCODE": "C2691",
        "centerLat": 5.10559,
        "centerLng": -5.58651,
        "pop": 8533,
        "Ted_MOOV": 0.0,
        "Tcd_MOOV": 99.02,
        "Tddu_MOOV": 0.0,
        "Tddd_MOOV": 0.0,
        "Dmd_MOOV": 39989.83,
        "Dmu_MOOV": 13683.87,
        "Ted_MTN": 0.0,
        "Tcd_MTN": 100.0,
        "Tddu_MTN": 0.0,
        "Tddd_MTN": 0.0,
        "Dmd_MTN": 32210.35,
        "Dmu_MTN": 15693.91,
        "Ted_ORANGE": 0.0,
        "Tcd_ORANGE": 95.83,
        "Tddu_ORANGE": 3.45,
        "Tddd_ORANGE": 47.949999999999996,
        "Dmd_ORANGE": 22813.9,
        "Dmu_ORANGE": 532.76,
        "rang_Ted_ORANGE": 1,
        "rang_Ted_MTN": 1,
        "rang_Ted_MOOV": 1,
        "rang_Tcd_ORANGE": 3,
        "rang_Tcd_MTN": 1,
        "rang_Tcd_MOOV": 2,
        "rang_Tddd_ORANGE": 3,
        "rang_Tddd_MTN": 1,
        "rang_Tddd_MOOV": 1,
        "rang_Tddu_ORANGE": 3,
        "rang_Tddu_MTN": 1,
        "rang_Tddu_MOOV": 1,
        "rang_Dmd_ORANGE": 1,
        "rang_Dmd_MTN": 2,
        "rang_Dmd_MOOV": 3,
        "rang_Dmu_ORANGE": 1,
        "rang_Dmu_MTN": 3,
        "rang_Dmu_MOOV": 2
      },
      "id": 36
    },
    {
      "type": "Feature",
      "geometry": {
        "coordinates": [
          -5.93436,
          6.11836
        ],
        "type": "Point"
      },
      "properties": {
        "ADM0_FR": "GOH-DJIBOUA",
        "ADM0_PCODE": "CI06",
        "ADM1_FR": "GOH",
        "ADM1_PCODE": "CI113",
        "ADM2_FR": "GAGNOA",
        "ADM2_PCODE": "CI1301",
        "ADM3_FR": "GAGNOA",
        "ADM3_PCODE": "CI130106",
        "ADM4_FR": "GAGNOA",
        "ADM4_PCODE": "C2707",
        "centerLat": 6.12836,
        "centerLng": -5.94436,
        "pop": 160465,
        "Ted_MOOV": 19.5,
        "Tcd_MOOV": 93.10000000000001,
        "Tddu_MOOV": 5.26,
        "Tddd_MOOV": 10.0,
        "Dmd_MOOV": 18450.64,
        "Dmu_MOOV": 11022.16,
        "Ted_MTN": 8.67,
        "Tcd_MTN": 96.69,
        "Tddu_MTN": 23.68,
        "Tddd_MTN": 16.669999999999998,
        "Dmd_MTN": 24304.75,
        "Dmu_MTN": 5758.32,
        "Ted_ORANGE": 0.0,
        "Tcd_ORANGE": 98.08,
        "Tddu_ORANGE": 2.13,
        "Tddd_ORANGE": 0.0,
        "Dmd_ORANGE": 43667.94,
        "Dmu_ORANGE": 15167.29,
        "rang_Ted_ORANGE": 1,
        "rang_Ted_MTN": 2,
        "rang_Ted_MOOV": 3,
        "rang_Tcd_ORANGE": 1,
        "rang_Tcd_MTN": 2,
        "rang_Tcd_MOOV": 3,
        "rang_Tddd_ORANGE": 1,
        "rang_Tddd_MTN": 3,
        "rang_Tddd_MOOV": 2,
        "rang_Tddu_ORANGE": 1,
        "rang_Tddu_MTN": 3,
        "rang_Tddu_MOOV": 2,
        "rang_Dmd_ORANGE": 3,
        "rang_Dmd_MTN": 2,
        "rang_Dmd_MOOV": 1,
        "rang_Dmu_ORANGE": 3,
        "rang_Dmu_MTN": 1,
        "rang_Dmu_MOOV": 2
      },
      "id": 37
    },
    {
      "type": "Feature",
      "geometry": {
        "coordinates": [
          -4.432165,
          5.7148710000000005
        ],
        "type": "Point"
      },
      "properties": {
        "ADM0_FR": "LAGUNES",
        "ADM0_PCODE": "CI08",
        "ADM1_FR": "AGNEBY-TIASSA",
        "ADM1_PCODE": "CI103",
        "ADM2_FR": "SIKENSI",
        "ADM2_PCODE": "CI0302",
        "ADM3_FR": "GOMON",
        "ADM3_PCODE": "CI030202",
        "ADM4_FR": "GOMON I",
        "ADM4_PCODE": "C3231",
        "centerLat": 5.724871,
        "centerLng": -4.442165,
        "pop": 9843,
        "Ted_MOOV": 0.0,
        "Tcd_MOOV": 98.86,
        "Tddu_MOOV": 0.0,
        "Tddd_MOOV": 0.0,
        "Dmd_MOOV": 40262.8,
        "Dmu_MOOV": 7601.82,
        "Ted_MTN": 0.0,
        "Tcd_MTN": 100.0,
        "Tddu_MTN": 0.0,
        "Tddd_MTN": 0.0,
        "Dmd_MTN": 30701.58,
        "Dmu_MTN": 12652.23,
        "Ted_ORANGE": 0.0,
        "Tcd_ORANGE": 100.0,
        "Tddu_ORANGE": 0.0,
        "Tddd_ORANGE": 23.44,
        "Dmd_ORANGE": 33816.29,
        "Dmu_ORANGE": 20623.07,
        "rang_Ted_ORANGE": 1,
        "rang_Ted_MTN": 1,
        "rang_Ted_MOOV": 1,
        "rang_Tcd_ORANGE": 1,
        "rang_Tcd_MTN": 1,
        "rang_Tcd_MOOV": 3,
        "rang_Tddd_ORANGE": 3,
        "rang_Tddd_MTN": 1,
        "rang_Tddd_MOOV": 1,
        "rang_Tddu_ORANGE": 1,
        "rang_Tddu_MTN": 1,
        "rang_Tddu_MOOV": 1,
        "rang_Dmd_ORANGE": 2,
        "rang_Dmd_MTN": 1,
        "rang_Dmd_MOOV": 3,
        "rang_Dmu_ORANGE": 3,
        "rang_Dmu_MTN": 2,
        "rang_Dmu_MOOV": 1
      },
      "id": 38
    },
    {
      "type": "Feature",
      "geometry": {
        "coordinates": [
          -4.9920800000000005,
          5.23919
        ],
        "type": "Point"
      },
      "properties": {
        "ADM0_FR": "LAGUNES",
        "ADM0_PCODE": "CI08",
        "ADM1_FR": "GRANDS-PONTS",
        "ADM1_PCODE": "CI115",
        "ADM2_FR": "GRAND-LAHOU",
        "ADM2_PCODE": "CI1502",
        "ADM3_FR": "GRAND-LAHOU",
        "ADM3_PCODE": "CI150204",
        "ADM4_FR": "GRAND-LAHOU",
        "ADM4_PCODE": "C3376",
        "centerLat": 5.24919,
        "centerLng": -5.00208,
        "pop": 28470,
        "Ted_MOOV": 0.0,
        "Tcd_MOOV": 98.11,
        "Tddu_MOOV": 0.0,
        "Tddd_MOOV": 4.42,
        "Dmd_MOOV": 41733.05,
        "Dmu_MOOV": 4960.22,
        "Ted_MTN": 0.0,
        "Tcd_MTN": 100.0,
        "Tddu_MTN": 0.0,
        "Tddd_MTN": 0.0,
        "Dmd_MTN": 66419.36,
        "Dmu_MTN": 16799.26,
        "Ted_ORANGE": 0.0,
        "Tcd_ORANGE": 95.91,
        "Tddu_ORANGE": 3.64,
        "Tddd_ORANGE": 36.919999999999995,
        "Dmd_ORANGE": 28397.85,
        "Dmu_ORANGE": 2669.74,
        "rang_Ted_ORANGE": 1,
        "rang_Ted_MTN": 1,
        "rang_Ted_MOOV": 1,
        "rang_Tcd_ORANGE": 3,
        "rang_Tcd_MTN": 1,
        "rang_Tcd_MOOV": 2,
        "rang_Tddd_ORANGE": 3,
        "rang_Tddd_MTN": 1,
        "rang_Tddd_MOOV": 2,
        "rang_Tddu_ORANGE": 3,
        "rang_Tddu_MTN": 1,
        "rang_Tddu_MOOV": 1,
        "rang_Dmd_ORANGE": 1,
        "rang_Dmd_MTN": 3,
        "rang_Dmd_MOOV": 2,
        "rang_Dmu_ORANGE": 1,
        "rang_Dmu_MTN": 3,
        "rang_Dmu_MOOV": 2
      },
      "id": 39
    },
    {
      "type": "Feature",
      "geometry": {
        "coordinates": [
          -7.47625,
          6.53472
        ],
        "type": "Point"
      },
      "properties": {
        "ADM0_FR": "MONTAGNES",
        "ADM0_PCODE": "CI09",
        "ADM1_FR": "CAVALLY",
        "ADM1_PCODE": "CI109",
        "ADM2_FR": "GUIGLO",
        "ADM2_PCODE": "CI0902",
        "ADM3_FR": "GUIGLO",
        "ADM3_PCODE": "CI090201",
        "ADM4_FR": "GUIGLO",
        "ADM4_PCODE": "C3495",
        "centerLat": 6.54472,
        "centerLng": -7.48625,
        "pop": 52544,
        "Ted_MOOV": 19.05,
        "Tcd_MOOV": 74.11,
        "Tddu_MOOV": 0.0,
        "Tddd_MOOV": 2.22,
        "Dmd_MOOV": 6184.8,
        "Dmu_MOOV": 648.51,
        "Ted_MTN": 0.0,
        "Tcd_MTN": 100.0,
        "Tddu_MTN": 0.0,
        "Tddd_MTN": 0.0,
        "Dmd_MTN": 33444.28,
        "Dmu_MTN": 12316.83,
        "Ted_ORANGE": 0.0,
        "Tcd_ORANGE": 99.32,
        "Tddu_ORANGE": 0.0,
        "Tddd_ORANGE": 0.0,
        "Dmd_ORANGE": 33529.07,
        "Dmu_ORANGE": 18307.19,
        "rang_Ted_ORANGE": 1,
        "rang_Ted_MTN": 1,
        "rang_Ted_MOOV": 3,
        "rang_Tcd_ORANGE": 2,
        "rang_Tcd_MTN": 1,
        "rang_Tcd_MOOV": 3,
        "rang_Tddd_ORANGE": 1,
        "rang_Tddd_MTN": 1,
        "rang_Tddd_MOOV": 3,
        "rang_Tddu_ORANGE": 1,
        "rang_Tddu_MTN": 1,
        "rang_Tddu_MOOV": 1,
        "rang_Dmd_ORANGE": 3,
        "rang_Dmd_MTN": 2,
        "rang_Dmd_MOOV": 1,
        "rang_Dmu_ORANGE": 3,
        "rang_Dmu_MTN": 2,
        "rang_Dmu_MOOV": 1
      },
      "id": 40
    },
    {
      "type": "Feature",
      "geometry": {
        "coordinates": [
          -5.231310000000001,
          5.50964
        ],
        "type": "Point"
      },
      "properties": {
        "ADM0_FR": "GOH-DJIBOUA",
        "ADM0_PCODE": "CI06",
        "ADM1_FR": "LOH-DJIBOUA",
        "ADM1_PCODE": "CI122",
        "ADM2_FR": "GUITRY",
        "ADM2_PCODE": "CI2202",
        "ADM3_FR": "GUITRY",
        "ADM3_PCODE": "CI220201",
        "ADM4_FR": "GUITRY",
        "ADM4_PCODE": "C3525",
        "centerLat": 5.51964,
        "centerLng": -5.24131,
        "pop": 11445,
        "Ted_MOOV": 1.83,
        "Tcd_MOOV": 96.19,
        "Tddu_MOOV": 0.0,
        "Tddd_MOOV": 14.469999999999999,
        "Dmd_MOOV": 6465.12,
        "Dmu_MOOV": 6593.84,
        "Ted_MTN": 1.7500000000000002,
        "Tcd_MTN": 100.0,
        "Tddu_MTN": 0.0,
        "Tddd_MTN": 1.23,
        "Dmd_MTN": 39376.74,
        "Dmu_MTN": 12474.57,
        "Ted_ORANGE": 0.0,
        "Tcd_ORANGE": 88.46000000000001,
        "Tddu_ORANGE": 0.0,
        "Tddd_ORANGE": 28.000000000000004,
        "Dmd_ORANGE": 5419.1,
        "Dmu_ORANGE": 8974.9,
        "rang_Ted_ORANGE": 1,
        "rang_Ted_MTN": 2,
        "rang_Ted_MOOV": 3,
        "rang_Tcd_ORANGE": 3,
        "rang_Tcd_MTN": 1,
        "rang_Tcd_MOOV": 2,
        "rang_Tddd_ORANGE": 3,
        "rang_Tddd_MTN": 1,
        "rang_Tddd_MOOV": 2,
        "rang_Tddu_ORANGE": 1,
        "rang_Tddu_MTN": 1,
        "rang_Tddu_MOOV": 1,
        "rang_Dmd_ORANGE": 1,
        "rang_Dmd_MTN": 3,
        "rang_Dmd_MOOV": 2,
        "rang_Dmu_ORANGE": 2,
        "rang_Dmu_MTN": 3,
        "rang_Dmu_MOOV": 1
      },
      "id": 41
    },
    {
      "type": "Feature",
      "geometry": {
        "coordinates": [
          -4.40967,
          5.19547
        ],
        "type": "Point"
      },
      "properties": {
        "ADM0_FR": "LAGUNES",
        "ADM0_PCODE": "CI08",
        "ADM1_FR": "GRANDS-PONTS",
        "ADM1_PCODE": "CI115",
        "ADM2_FR": "JACQUEVILLE",
        "ADM2_PCODE": "CI1503",
        "ADM3_FR": "JACQUEVILLE",
        "ADM3_PCODE": "CI150301",
        "ADM4_FR": "JACQUEVILLE",
        "ADM4_PCODE": "C3604",
        "centerLat": 5.20547,
        "centerLng": -4.41967,
        "pop": 11096,
        "Ted_MOOV": 0.0,
        "Tcd_MOOV": 99.35000000000001,
        "Tddu_MOOV": 0.0,
        "Tddd_MOOV": 8.04,
        "Dmd_MOOV": 20423.45,
        "Dmu_MOOV": 12103.28,
        "Ted_MTN": 1.8599999999999999,
        "Tcd_MTN": 100.0,
        "Tddu_MTN": 2.17,
        "Tddd_MTN": 0.0,
        "Dmd_MTN": 55119.27,
        "Dmu_MTN": 20977.72,
        "Ted_ORANGE": 0.0,
        "Tcd_ORANGE": 100.0,
        "Tddu_ORANGE": 0.0,
        "Tddd_ORANGE": 0.0,
        "Dmd_ORANGE": 17057.81,
        "Dmu_ORANGE": 12187.96,
        "rang_Ted_ORANGE": 1,
        "rang_Ted_MTN": 3,
        "rang_Ted_MOOV": 1,
        "rang_Tcd_ORANGE": 1,
        "rang_Tcd_MTN": 1,
        "rang_Tcd_MOOV": 3,
        "rang_Tddd_ORANGE": 1,
        "rang_Tddd_MTN": 1,
        "rang_Tddd_MOOV": 3,
        "rang_Tddu_ORANGE": 1,
        "rang_Tddu_MTN": 3,
        "rang_Tddu_MOOV": 1,
        "rang_Dmd_ORANGE": 1,
        "rang_Dmd_MTN": 3,
        "rang_Dmd_MOOV": 2,
        "rang_Dmu_ORANGE": 2,
        "rang_Dmu_MTN": 3,
        "rang_Dmu_MOOV": 1
      },
      "id": 42
    },
    {
      "type": "Feature",
      "geometry": {
        "coordinates": [
          -7.50257,
          9.80604
        ],
        "type": "Point"
      },
      "properties": {
        "ADM0_FR": "DENGUELE",
        "ADM0_PCODE": "CI03",
        "ADM1_FR": "FOLON",
        "ADM1_PCODE": "CI110",
        "ADM2_FR": "KANIASSO",
        "ADM2_PCODE": "CI1001",
        "ADM3_FR": "KANIASSO",
        "ADM3_PCODE": "CI100102",
        "ADM4_FR": "KANIASSO",
        "ADM4_PCODE": "C3788",
        "centerLat": 9.81604,
        "centerLng": -7.51257,
        "pop": 2545,
        "Ted_MOOV": 47.97,
        "Tcd_MOOV": 41.07,
        "Tddu_MOOV": 73.68,
        "Tddd_MOOV": 28.89,
        "Dmd_MOOV": 1302.19,
        "Dmu_MOOV": 301.33,
        "Ted_MTN": 0.0,
        "Tcd_MTN": 100.0,
        "Tddu_MTN": 0.0,
        "Tddd_MTN": 0.0,
        "Dmd_MTN": 8726.8,
        "Dmu_MTN": 2866.62,
        "Ted_ORANGE": 0.0,
        "Tcd_ORANGE": 100.0,
        "Tddu_ORANGE": 0.0,
        "Tddd_ORANGE": 0.0,
        "Dmd_ORANGE": 18573.96,
        "Dmu_ORANGE": 12401.89,
        "rang_Ted_ORANGE": 1,
        "rang_Ted_MTN": 1,
        "rang_Ted_MOOV": 3,
        "rang_Tcd_ORANGE": 1,
        "rang_Tcd_MTN": 1,
        "rang_Tcd_MOOV": 3,
        "rang_Tddd_ORANGE": 1,
        "rang_Tddd_MTN": 1,
        "rang_Tddd_MOOV": 3,
        "rang_Tddu_ORANGE": 1,
        "rang_Tddu_MTN": 1,
        "rang_Tddu_MOOV": 3,
        "rang_Dmd_ORANGE": 3,
        "rang_Dmd_MTN": 2,
        "rang_Dmd_MOOV": 1,
        "rang_Dmu_ORANGE": 3,
        "rang_Dmu_MTN": 2,
        "rang_Dmu_MOOV": 1
      },
      "id": 43
    },
    {
      "type": "Feature",
      "geometry": {
        "coordinates": [
          -6.59449,
          8.469520000000001
        ],
        "type": "Point"
      },
      "properties": {
        "ADM0_FR": "WOROBA",
        "ADM0_PCODE": "CI13",
        "ADM1_FR": "WORODOUGOU",
        "ADM1_PCODE": "CI133",
        "ADM2_FR": "KANI",
        "ADM2_PCODE": "CI3301",
        "ADM3_FR": "KANI",
        "ADM3_PCODE": "CI330101",
        "ADM4_FR": "KANI",
        "ADM4_PCODE": "C3786",
        "centerLat": 8.47952,
        "centerLng": -6.60449,
        "pop": 8908,
        "Ted_MOOV": 23.36,
        "Tcd_MOOV": 91.3,
        "Tddu_MOOV": 0.0,
        "Tddd_MOOV": 24.59,
        "Dmd_MOOV": 6925.6,
        "Dmu_MOOV": 7069.04,
        "Ted_MTN": 0.0,
        "Tcd_MTN": 100.0,
        "Tddu_MTN": 0.0,
        "Tddd_MTN": 2.63,
        "Dmd_MTN": 5989.35,
        "Dmu_MTN": 6226.97,
        "Ted_ORANGE": 0.0,
        "Tcd_ORANGE": 68.69,
        "Tddu_ORANGE": 0.0,
        "Tddd_ORANGE": 44.74,
        "Dmd_ORANGE": 343.46,
        "Dmu_ORANGE": 9486.79,
        "rang_Ted_ORANGE": 1,
        "rang_Ted_MTN": 1,
        "rang_Ted_MOOV": 3,
        "rang_Tcd_ORANGE": 3,
        "rang_Tcd_MTN": 1,
        "rang_Tcd_MOOV": 2,
        "rang_Tddd_ORANGE": 3,
        "rang_Tddd_MTN": 1,
        "rang_Tddd_MOOV": 2,
        "rang_Tddu_ORANGE": 1,
        "rang_Tddu_MTN": 1,
        "rang_Tddu_MOOV": 1,
        "rang_Dmd_ORANGE": 1,
        "rang_Dmd_MTN": 2,
        "rang_Dmd_MOOV": 3,
        "rang_Dmu_ORANGE": 3,
        "rang_Dmu_MTN": 1,
        "rang_Dmu_MOOV": 2
      },
      "id": 44
    },
    {
      "type": "Feature",
      "geometry": {
        "coordinates": [
          -5.09206,
          8.12861
        ],
        "type": "Point"
      },
      "properties": {
        "ADM0_FR": "VALLEE DU BANDAMA",
        "ADM0_PCODE": "CI12",
        "ADM1_FR": "HAMBOL",
        "ADM1_PCODE": "CI117",
        "ADM2_FR": "KATIOLA",
        "ADM2_PCODE": "CI1702",
        "ADM3_FR": "KATIOLA",
        "ADM3_PCODE": "CI170201",
        "ADM4_FR": "KATIOLA",
        "ADM4_PCODE": "C3915",
        "centerLat": 8.13861,
        "centerLng": -5.10206,
        "pop": 40319,
        "Ted_MOOV": 4.92,
        "Tcd_MOOV": 92.66,
        "Tddu_MOOV": 3.0300000000000002,
        "Tddd_MOOV": 3.61,
        "Dmd_MOOV": 12170.26,
        "Dmu_MOOV": 6537.95,
        "Ted_MTN": 0.8,
        "Tcd_MTN": 97.56,
        "Tddu_MTN": 0.0,
        "Tddd_MTN": 0.0,
        "Dmd_MTN": 40420.95,
        "Dmu_MTN": 14635.94,
        "Ted_ORANGE": 0.0,
        "Tcd_ORANGE": 94.26,
        "Tddu_ORANGE": 0.0,
        "Tddd_ORANGE": 26.369999999999997,
        "Dmd_ORANGE": 16377.86,
        "Dmu_ORANGE": 11422.46,
        "rang_Ted_ORANGE": 1,
        "rang_Ted_MTN": 2,
        "rang_Ted_MOOV": 3,
        "rang_Tcd_ORANGE": 2,
        "rang_Tcd_MTN": 1,
        "rang_Tcd_MOOV": 3,
        "rang_Tddd_ORANGE": 3,
        "rang_Tddd_MTN": 1,
        "rang_Tddd_MOOV": 2,
        "rang_Tddu_ORANGE": 1,
        "rang_Tddu_MTN": 1,
        "rang_Tddu_MOOV": 3,
        "rang_Dmd_ORANGE": 2,
        "rang_Dmd_MTN": 3,
        "rang_Dmd_MOOV": 1,
        "rang_Dmu_ORANGE": 2,
        "rang_Dmu_MTN": 3,
        "rang_Dmu_MOOV": 1
      },
      "id": 45
    },
    {
      "type": "Feature",
      "geometry": {
        "coordinates": [
          -6.06949,
          7.80589
        ],
        "type": "Point"
      },
      "properties": {
        "ADM0_FR": "WOROBA",
        "ADM0_PCODE": "CI13",
        "ADM1_FR": "BERE",
        "ADM1_PCODE": "CI107",
        "ADM2_FR": "KOUNAHIRI",
        "ADM2_PCODE": "CI0702",
        "ADM3_FR": "KONGASSO",
        "ADM3_PCODE": "CI070202",
        "ADM4_FR": "KONGASSO",
        "ADM4_PCODE": "C4327",
        "centerLat": 7.81589,
        "centerLng": -6.07949,
        "pop": 4714,
        "Ted_MOOV": 6.67,
        "Tcd_MOOV": 89.25,
        "Tddu_MOOV": 0.0,
        "Tddd_MOOV": 0.0,
        "Dmd_MOOV": 4024.55,
        "Dmu_MOOV": 8022.25,
        "Ted_MTN": 0.9299999999999999,
        "Tcd_MTN": 100.0,
        "Tddu_MTN": 0.0,
        "Tddd_MTN": 0.0,
        "Dmd_MTN": 28987.45,
        "Dmu_MTN": 11207.77,
        "Ted_ORANGE": 0.0,
        "Tcd_ORANGE": 90.11,
        "Tddu_ORANGE": 0.0,
        "Tddd_ORANGE": 0.0,
        "Dmd_ORANGE": 701.49,
        "Dmu_ORANGE": 12730.52,
        "rang_Ted_ORANGE": 1,
        "rang_Ted_MTN": 2,
        "rang_Ted_MOOV": 3,
        "rang_Tcd_ORANGE": 2,
        "rang_Tcd_MTN": 1,
        "rang_Tcd_MOOV": 3,
        "rang_Tddd_ORANGE": 1,
        "rang_Tddd_MTN": 1,
        "rang_Tddd_MOOV": 1,
        "rang_Tddu_ORANGE": 1,
        "rang_Tddu_MTN": 1,
        "rang_Tddu_MOOV": 1,
        "rang_Dmd_ORANGE": 1,
        "rang_Dmd_MTN": 3,
        "rang_Dmd_MOOV": 2,
        "rang_Dmu_ORANGE": 3,
        "rang_Dmu_MTN": 2,
        "rang_Dmu_MOOV": 1
      },
      "id": 46
    },
    {
      "type": "Feature",
      "geometry": {
        "coordinates": [
          -5.6275,
          9.44799
        ],
        "type": "Point"
      },
      "properties": {
        "ADM0_FR": "SAVANES",
        "ADM0_PCODE": "CI11",
        "ADM1_FR": "PORO",
        "ADM1_PCODE": "CI128",
        "ADM2_FR": "KORHOGO",
        "ADM2_PCODE": "CI2802",
        "ADM3_FR": "KORHOGO",
        "ADM3_PCODE": "CI280201",
        "ADM4_FR": "KORHOGO",
        "ADM4_PCODE": "C4410",
        "centerLat": 9.45799,
        "centerLng": -5.6375,
        "pop": 243048,
        "Ted_MOOV": 5.489999999999999,
        "Tcd_MOOV": 97.6,
        "Tddu_MOOV": 0.0,
        "Tddd_MOOV": 2.46,
        "Dmd_MOOV": 32758.42,
        "Dmu_MOOV": 12123.68,
        "Ted_MTN": 0.0,
        "Tcd_MTN": 99.45,
        "Tddu_MTN": 0.0,
        "Tddd_MTN": 0.0,
        "Dmd_MTN": 37447.23,
        "Dmu_MTN": 17133.25,
        "Ted_ORANGE": 0.0,
        "Tcd_ORANGE": 100.0,
        "Tddu_ORANGE": 0.0,
        "Tddd_ORANGE": 0.0,
        "Dmd_ORANGE": 21234.04,
        "Dmu_ORANGE": 14864.81,
        "rang_Ted_ORANGE": 1,
        "rang_Ted_MTN": 1,
        "rang_Ted_MOOV": 3,
        "rang_Tcd_ORANGE": 1,
        "rang_Tcd_MTN": 2,
        "rang_Tcd_MOOV": 3,
        "rang_Tddd_ORANGE": 1,
        "rang_Tddd_MTN": 1,
        "rang_Tddd_MOOV": 3,
        "rang_Tddu_ORANGE": 1,
        "rang_Tddu_MTN": 1,
        "rang_Tddu_MOOV": 1,
        "rang_Dmd_ORANGE": 1,
        "rang_Dmd_MTN": 3,
        "rang_Dmd_MOOV": 2,
        "rang_Dmu_ORANGE": 2,
        "rang_Dmu_MTN": 3,
        "rang_Dmu_MOOV": 1
      },
      "id": 47
    },
    {
      "type": "Feature",
      "geometry": {
        "coordinates": [
          -7.6000000000000005,
          9.61
        ],
        "type": "Point"
      },
      "properties": {
        "ADM0_FR": "DENGUELE",
        "ADM0_PCODE": "CI03",
        "ADM1_FR": "KABADOUGOU",
        "ADM1_PCODE": "CI121",
        "ADM2_FR": "SAMATIGUILA",
        "ADM2_PCODE": "CI2104",
        "ADM3_FR": "KIMBIRILA-SUD",
        "ADM3_PCODE": "CI210402",
        "ADM4_FR": "KOTOUBA",
        "ADM4_PCODE": "C4479",
        "centerLat": 9.62,
        "centerLng": -7.61,
        "pop": 554,
        "Ted_MOOV": 100.0,
        "Tcd_MOOV": 0.0,
        "Tddu_MOOV": 0.0,
        "Tddd_MOOV": 0.0,
        "Dmd_MOOV": 0.0,
        "Dmu_MOOV": 0.0,
        "Ted_MTN": 3.45,
        "Tcd_MTN": 61.260000000000005,
        "Tddu_MTN": 9.68,
        "Tddd_MTN": 0.0,
        "Dmd_MTN": 8313.67,
        "Dmu_MTN": 1668.41,
        "Ted_ORANGE": 0.0,
        "Tcd_ORANGE": 100.0,
        "Tddu_ORANGE": 0.0,
        "Tddd_ORANGE": 0.0,
        "Dmd_ORANGE": 14792.03,
        "Dmu_ORANGE": 3584.5,
        "rang_Ted_ORANGE": 1,
        "rang_Ted_MTN": 2,
        "rang_Ted_MOOV": 3,
        "rang_Tcd_ORANGE": 1,
        "rang_Tcd_MTN": 2,
        "rang_Tcd_MOOV": 3,
        "rang_Tddd_ORANGE": 1,
        "rang_Tddd_MTN": 1,
        "rang_Tddd_MOOV": 1,
        "rang_Tddu_ORANGE": 1,
        "rang_Tddu_MTN": 3,
        "rang_Tddu_MOOV": 1,
        "rang_Dmd_ORANGE": 3,
        "rang_Dmd_MTN": 2,
        "rang_Dmd_MOOV": 1,
        "rang_Dmu_ORANGE": 3,
        "rang_Dmu_MTN": 2,
        "rang_Dmu_MOOV": 1
      },
      "id": 48
    },
    {
      "type": "Feature",
      "geometry": {
        "coordinates": [
          -5.69343,
          6.19895
        ],
        "type": "Point"
      },
      "properties": {
        "ADM0_FR": "GOH-DJIBOUA",
        "ADM0_PCODE": "CI06",
        "ADM1_FR": "GOH",
        "ADM1_PCODE": "CI113",
        "ADM2_FR": "OUME",
        "ADM2_PCODE": "CI1302",
        "ADM3_FR": "DIEGONEFLA",
        "ADM3_PCODE": "CI130202",
        "ADM4_FR": "LAHOUDA",
        "ADM4_PCODE": "C4967",
        "centerLat": 6.20895,
        "centerLng": -5.70343,
        "pop": 5454,
        "Ted_MOOV": 0.0,
        "Tcd_MOOV": 100.0,
        "Tddu_MOOV": 0.0,
        "Tddd_MOOV": 0.0,
        "Dmd_MOOV": 67887.98,
        "Dmu_MOOV": 16455.37,
        "Ted_MTN": 0.0,
        "Tcd_MTN": 100.0,
        "Tddu_MTN": 0.0,
        "Tddd_MTN": 0.0,
        "Dmd_MTN": 35384.72,
        "Dmu_MTN": 10242.21,
        "Ted_ORANGE": 7.22,
        "Tcd_ORANGE": 100.0,
        "Tddu_ORANGE": 0.0,
        "Tddd_ORANGE": 0.0,
        "Dmd_ORANGE": 19328.56,
        "Dmu_ORANGE": 6788.19,
        "rang_Ted_ORANGE": 3,
        "rang_Ted_MTN": 1,
        "rang_Ted_MOOV": 1,
        "rang_Tcd_ORANGE": 1,
        "rang_Tcd_MTN": 1,
        "rang_Tcd_MOOV": 1,
        "rang_Tddd_ORANGE": 1,
        "rang_Tddd_MTN": 1,
        "rang_Tddd_MOOV": 1,
        "rang_Tddu_ORANGE": 1,
        "rang_Tddu_MTN": 1,
        "rang_Tddu_MOOV": 1,
        "rang_Dmd_ORANGE": 1,
        "rang_Dmd_MTN": 2,
        "rang_Dmd_MOOV": 3,
        "rang_Dmu_ORANGE": 1,
        "rang_Dmu_MTN": 2,
        "rang_Dmu_MOOV": 3
      },
      "id": 49
    },
    {
      "type": "Feature",
      "geometry": {
        "coordinates": [
          -5.673830000000001,
          5.83907
        ],
        "type": "Point"
      },
      "properties": {
        "ADM0_FR": "GOH-DJIBOUA",
        "ADM0_PCODE": "CI06",
        "ADM1_FR": "LOH-DJIBOUA",
        "ADM1_PCODE": "CI122",
        "ADM2_FR": "LAKOTA",
        "ADM2_PCODE": "CI2203",
        "ADM3_FR": "LAKOTA",
        "ADM3_PCODE": "CI220301",
        "ADM4_FR": "LAKOTA",
        "ADM4_PCODE": "C4974",
        "centerLat": 5.84907,
        "centerLng": -5.68383,
        "pop": 24976,
        "Ted_MOOV": 0.0,
        "Tcd_MOOV": 97.99,
        "Tddu_MOOV": 2.27,
        "Tddd_MOOV": 2.78,
        "Dmd_MOOV": 24736.84,
        "Dmu_MOOV": 12735.49,
        "Ted_MTN": 0.0,
        "Tcd_MTN": 100.0,
        "Tddu_MTN": 2.27,
        "Tddd_MTN": 0.0,
        "Dmd_MTN": 29116.76,
        "Dmu_MTN": 15321.34,
        "Ted_ORANGE": 0.0,
        "Tcd_ORANGE": 99.33999999999999,
        "Tddu_ORANGE": 0.0,
        "Tddd_ORANGE": 0.0,
        "Dmd_ORANGE": 23098.37,
        "Dmu_ORANGE": 17266.87,
        "rang_Ted_ORANGE": 1,
        "rang_Ted_MTN": 1,
        "rang_Ted_MOOV": 1,
        "rang_Tcd_ORANGE": 2,
        "rang_Tcd_MTN": 1,
        "rang_Tcd_MOOV": 3,
        "rang_Tddd_ORANGE": 1,
        "rang_Tddd_MTN": 1,
        "rang_Tddd_MOOV": 3,
        "rang_Tddu_ORANGE": 1,
        "rang_Tddu_MTN": 2,
        "rang_Tddu_MOOV": 2,
        "rang_Dmd_ORANGE": 1,
        "rang_Dmd_MTN": 3,
        "rang_Dmd_MOOV": 2,
        "rang_Dmu_ORANGE": 3,
        "rang_Dmu_MTN": 2,
        "rang_Dmu_MOOV": 1
      },
      "id": 50
    },
    {
      "type": "Feature",
      "geometry": {
        "coordinates": [
          -3.02,
          5.41
        ],
        "type": "Point"
      },
      "properties": {
        "ADM0_FR": "COMOE",
        "ADM0_PCODE": "CI02",
        "ADM1_FR": "SUD-COMOE",
        "ADM1_PCODE": "CI130",
        "ADM2_FR": "ABOISSO",
        "ADM2_PCODE": "CI3001",
        "ADM3_FR": "MAFERE",
        "ADM3_PCODE": "CI300107",
        "ADM4_FR": "MAFÉRÉ",
        "ADM4_PCODE": "C5260",
        "centerLat": 5.42,
        "centerLng": -3.03,
        "pop": 13121,
        "Ted_MOOV": 0.0,
        "Tcd_MOOV": 100.0,
        "Tddu_MOOV": 0.0,
        "Tddd_MOOV": 84.61999999999999,
        "Dmd_MOOV": 244.12,
        "Dmu_MOOV": 2592.71,
        "Ted_MTN": 7.779999999999999,
        "Tcd_MTN": 82.61,
        "Tddu_MTN": 13.04,
        "Tddd_MTN": 0.0,
        "Dmd_MTN": 1650.25,
        "Dmu_MTN": 1909.63,
        "Ted_ORANGE": 2.22,
        "Tcd_ORANGE": 98.86,
        "Tddu_ORANGE": 0.0,
        "Tddd_ORANGE": 0.0,
        "Dmd_ORANGE": 7396.78,
        "Dmu_ORANGE": 6374.65,
        "rang_Ted_ORANGE": 2,
        "rang_Ted_MTN": 3,
        "rang_Ted_MOOV": 1,
        "rang_Tcd_ORANGE": 2,
        "rang_Tcd_MTN": 3,
        "rang_Tcd_MOOV": 1,
        "rang_Tddd_ORANGE": 1,
        "rang_Tddd_MTN": 1,
        "rang_Tddd_MOOV": 3,
        "rang_Tddu_ORANGE": 1,
        "rang_Tddu_MTN": 3,
        "rang_Tddu_MOOV": 1,
        "rang_Dmd_ORANGE": 3,
        "rang_Dmd_MTN": 2,
        "rang_Dmd_MOOV": 1,
        "rang_Dmu_ORANGE": 3,
        "rang_Dmu_MTN": 1,
        "rang_Dmu_MOOV": 2
      },
      "id": 51
    },
    {
      "type": "Feature",
      "geometry": {
        "coordinates": [
          -7.544420000000001,
          7.39545
        ],
        "type": "Point"
      },
      "properties": {
        "ADM0_FR": "MONTAGNES",
        "ADM0_PCODE": "CI09",
        "ADM1_FR": "TONKPI",
        "ADM1_PCODE": "CI132",
        "ADM2_FR": "MAN",
        "ADM2_PCODE": "CI3203",
        "ADM3_FR": "MAN",
        "ADM3_PCODE": "CI320301",
        "ADM4_FR": "MAN",
        "ADM4_PCODE": "C5323",
        "centerLat": 7.40545,
        "centerLng": -7.55442,
        "pop": 149041,
        "Ted_MOOV": 3.8699999999999997,
        "Tcd_MOOV": 95.44,
        "Tddu_MOOV": 0.0,
        "Tddd_MOOV": 0.52,
        "Dmd_MOOV": 51137.86,
        "Dmu_MOOV": 10802.28,
        "Ted_MTN": 0.35000000000000003,
        "Tcd_MTN": 100.0,
        "Tddu_MTN": 0.0,
        "Tddd_MTN": 1.09,
        "Dmd_MTN": 37678.27,
        "Dmu_MTN": 14521.97,
        "Ted_ORANGE": 0.0,
        "Tcd_ORANGE": 100.0,
        "Tddu_ORANGE": 0.0,
        "Tddd_ORANGE": 7.539999999999999,
        "Dmd_ORANGE": 27734.82,
        "Dmu_ORANGE": 14403.71,
        "rang_Ted_ORANGE": 1,
        "rang_Ted_MTN": 2,
        "rang_Ted_MOOV": 3,
        "rang_Tcd_ORANGE": 1,
        "rang_Tcd_MTN": 1,
        "rang_Tcd_MOOV": 3,
        "rang_Tddd_ORANGE": 3,
        "rang_Tddd_MTN": 2,
        "rang_Tddd_MOOV": 1,
        "rang_Tddu_ORANGE": 1,
        "rang_Tddu_MTN": 1,
        "rang_Tddu_MOOV": 1,
        "rang_Dmd_ORANGE": 1,
        "rang_Dmd_MTN": 2,
        "rang_Dmd_MOOV": 3,
        "rang_Dmu_ORANGE": 2,
        "rang_Dmu_MTN": 3,
        "rang_Dmu_MOOV": 1
      },
      "id": 52
    },
    {
      "type": "Feature",
      "geometry": {
        "coordinates": [
          -4.33,
          7.45
        ],
        "type": "Point"
      },
      "properties": {
        "ADM0_FR": "LACS",
        "ADM0_PCODE": "CI07",
        "ADM1_FR": "IFFOU",
        "ADM1_PCODE": "CI119",
        "ADM2_FR": "M'BAHIAKRO",
        "ADM2_PCODE": "CI1902",
        "ADM3_FR": "M'BAHIAKRO",
        "ADM3_PCODE": "CI190201",
        "ADM4_FR": "M'BAHIAKRO",
        "ADM4_PCODE": "C5412",
        "centerLat": 7.46,
        "centerLng": -4.34,
        "pop": 14894,
        "Ted_MOOV": 11.39,
        "Tcd_MOOV": 97.72999999999999,
        "Tddu_MOOV": 0.0,
        "Tddd_MOOV": 10.0,
        "Dmd_MOOV": 13840.91,
        "Dmu_MOOV": 7685.57,
        "Ted_MTN": 12.26,
        "Tcd_MTN": 92.25,
        "Tddu_MTN": 5.26,
        "Tddd_MTN": 1.02,
        "Dmd_MTN": 7610.43,
        "Dmu_MTN": 6919.75,
        "Ted_ORANGE": 0.0,
        "Tcd_ORANGE": 97.2,
        "Tddu_ORANGE": 0.0,
        "Tddd_ORANGE": 48.18,
        "Dmd_ORANGE": 12930.12,
        "Dmu_ORANGE": 5640.65,
        "rang_Ted_ORANGE": 1,
        "rang_Ted_MTN": 3,
        "rang_Ted_MOOV": 2,
        "rang_Tcd_ORANGE": 2,
        "rang_Tcd_MTN": 3,
        "rang_Tcd_MOOV": 1,
        "rang_Tddd_ORANGE": 3,
        "rang_Tddd_MTN": 1,
        "rang_Tddd_MOOV": 2,
        "rang_Tddu_ORANGE": 1,
        "rang_Tddu_MTN": 3,
        "rang_Tddu_MOOV": 1,
        "rang_Dmd_ORANGE": 2,
        "rang_Dmd_MTN": 1,
        "rang_Dmd_MOOV": 3,
        "rang_Dmu_ORANGE": 1,
        "rang_Dmu_MTN": 2,
        "rang_Dmu_MOOV": 3
      },
      "id": 53
    },
    {
      "type": "Feature",
      "geometry": {
        "coordinates": [
          -4.9618,
          6.31154
        ],
        "type": "Point"
      },
      "properties": {
        "ADM0_FR": "LACS",
        "ADM0_PCODE": "CI07",
        "ADM1_FR": "BELIER",
        "ADM1_PCODE": "CI106",
        "ADM2_FR": "TOUMODI",
        "ADM2_PCODE": "CI0604",
        "ADM3_FR": "KPOUEBO",
        "ADM3_PCODE": "CI060404",
        "ADM4_FR": "MORONOU",
        "ADM4_PCODE": "C5589",
        "centerLat": 6.32154,
        "centerLng": -4.9718,
        "pop": 4642,
        "Ted_MOOV": 0.0,
        "Tcd_MOOV": 100.0,
        "Tddu_MOOV": 0.0,
        "Tddd_MOOV": 0.0,
        "Dmd_MOOV": 19873.34,
        "Dmu_MOOV": 9377.89,
        "Ted_MTN": 0.0,
        "Tcd_MTN": 97.78,
        "Tddu_MTN": 0.0,
        "Tddd_MTN": 0.0,
        "Dmd_MTN": 20518.64,
        "Dmu_MTN": 6705.47,
        "Ted_ORANGE": 0.0,
        "Tcd_ORANGE": 97.65,
        "Tddu_ORANGE": 0.0,
        "Tddd_ORANGE": 46.150000000000006,
        "Dmd_ORANGE": 9385.4,
        "Dmu_ORANGE": 1148.15,
        "rang_Ted_ORANGE": 1,
        "rang_Ted_MTN": 1,
        "rang_Ted_MOOV": 1,
        "rang_Tcd_ORANGE": 3,
        "rang_Tcd_MTN": 2,
        "rang_Tcd_MOOV": 1,
        "rang_Tddd_ORANGE": 3,
        "rang_Tddd_MTN": 1,
        "rang_Tddd_MOOV": 1,
        "rang_Tddu_ORANGE": 1,
        "rang_Tddu_MTN": 1,
        "rang_Tddu_MOOV": 1,
        "rang_Dmd_ORANGE": 1,
        "rang_Dmd_MTN": 3,
        "rang_Dmd_MOOV": 2,
        "rang_Dmu_ORANGE": 1,
        "rang_Dmu_MTN": 2,
        "rang_Dmu_MOOV": 3
      },
      "id": 54
    },
    {
      "type": "Feature",
      "geometry": {
        "coordinates": [
          -4.75,
          5.86
        ],
        "type": "Point"
      },
      "properties": {
        "ADM0_FR": "LAGUNES",
        "ADM0_PCODE": "CI08",
        "ADM1_FR": "AGNEBY-TIASSA",
        "ADM1_PCODE": "CI103",
        "ADM2_FR": "TIASSALE",
        "ADM2_PCODE": "CI0304",
        "ADM3_FR": "N'DOUCI",
        "ADM3_PCODE": "CI030404",
        "ADM4_FR": "N'DOUCI",
        "ADM4_PCODE": "C5846",
        "centerLat": 5.87,
        "centerLng": -4.76,
        "pop": 27112,
        "Ted_MOOV": 3.2300000000000004,
        "Tcd_MOOV": 0.0,
        "Tddu_MOOV": 0.0,
        "Tddd_MOOV": 100.0,
        "Dmd_MOOV": 27.51,
        "Dmu_MOOV": 2817.4,
        "Ted_MTN": 6.6000000000000005,
        "Tcd_MTN": 96.74000000000001,
        "Tddu_MTN": 3.45,
        "Tddd_MTN": 0.0,
        "Dmd_MTN": 10744.44,
        "Dmu_MTN": 7538.98,
        "Ted_ORANGE": 0.0,
        "Tcd_ORANGE": 100.0,
        "Tddu_ORANGE": 3.3300000000000005,
        "Tddd_ORANGE": 42.67,
        "Dmd_ORANGE": 6316.19,
        "Dmu_ORANGE": 799.37,
        "rang_Ted_ORANGE": 1,
        "rang_Ted_MTN": 3,
        "rang_Ted_MOOV": 2,
        "rang_Tcd_ORANGE": 1,
        "rang_Tcd_MTN": 2,
        "rang_Tcd_MOOV": 3,
        "rang_Tddd_ORANGE": 2,
        "rang_Tddd_MTN": 1,
        "rang_Tddd_MOOV": 3,
        "rang_Tddu_ORANGE": 2,
        "rang_Tddu_MTN": 3,
        "rang_Tddu_MOOV": 1,
        "rang_Dmd_ORANGE": 2,
        "rang_Dmd_MTN": 3,
        "rang_Dmd_MOOV": 1,
        "rang_Dmu_ORANGE": 1,
        "rang_Dmu_MTN": 3,
        "rang_Dmu_MOOV": 2
      },
      "id": 55
    },
    {
      "type": "Feature",
      "geometry": {
        "coordinates": [
          -7.55213,
          9.49687
        ],
        "type": "Point"
      },
      "properties": {
        "ADM0_FR": "DENGUELE",
        "ADM0_PCODE": "CI03",
        "ADM1_FR": "KABADOUGOU",
        "ADM1_PCODE": "CI121",
        "ADM2_FR": "ODIENNE",
        "ADM2_PCODE": "CI2103",
        "ADM3_FR": "ODIENNE",
        "ADM3_PCODE": "CI210301",
        "ADM4_FR": "ODIENNE",
        "ADM4_PCODE": "C6210",
        "centerLat": 9.50687,
        "centerLng": -7.56213,
        "pop": 42173,
        "Ted_MOOV": 0.8,
        "Tcd_MOOV": 97.56,
        "Tddu_MOOV": 0.0,
        "Tddd_MOOV": 0.0,
        "Dmd_MOOV": 41085.02,
        "Dmu_MOOV": 15669.94,
        "Ted_MTN": 0.0,
        "Tcd_MTN": 100.0,
        "Tddu_MTN": 0.0,
        "Tddd_MTN": 0.0,
        "Dmd_MTN": 21468.4,
        "Dmu_MTN": 12731.52,
        "Ted_ORANGE": 0.0,
        "Tcd_ORANGE": 100.0,
        "Tddu_ORANGE": 0.0,
        "Tddd_ORANGE": 0.0,
        "Dmd_ORANGE": 54039.02,
        "Dmu_ORANGE": 14683.32,
        "rang_Ted_ORANGE": 1,
        "rang_Ted_MTN": 1,
        "rang_Ted_MOOV": 3,
        "rang_Tcd_ORANGE": 1,
        "rang_Tcd_MTN": 1,
        "rang_Tcd_MOOV": 3,
        "rang_Tddd_ORANGE": 1,
        "rang_Tddd_MTN": 1,
        "rang_Tddd_MOOV": 1,
        "rang_Tddu_ORANGE": 1,
        "rang_Tddu_MTN": 1,
        "rang_Tddu_MOOV": 1,
        "rang_Dmd_ORANGE": 3,
        "rang_Dmd_MTN": 1,
        "rang_Dmd_MOOV": 2,
        "rang_Dmu_ORANGE": 2,
        "rang_Dmu_MTN": 1,
        "rang_Dmu_MOOV": 3
      },
      "id": 56
    },
    {
      "type": "Feature",
      "geometry": {
        "coordinates": [
          -5.40528,
          6.3735
        ],
        "type": "Point"
      },
      "properties": {
        "ADM0_FR": "GOH-DJIBOUA",
        "ADM0_PCODE": "CI06",
        "ADM1_FR": "GOH",
        "ADM1_PCODE": "CI113",
        "ADM2_FR": "OUME",
        "ADM2_PCODE": "CI1302",
        "ADM3_FR": "OUME",
        "ADM3_PCODE": "CI130201",
        "ADM4_FR": "OUMÉ",
        "ADM4_PCODE": "C6363",
        "centerLat": 6.3835,
        "centerLng": -5.41528,
        "pop": 45210,
        "Ted_MOOV": 1.29,
        "Tcd_MOOV": 93.96,
        "Tddu_MOOV": 0.0,
        "Tddd_MOOV": 0.9299999999999999,
        "Dmd_MOOV": 30693.04,
        "Dmu_MOOV": 11300.12,
        "Ted_MTN": 2.31,
        "Tcd_MTN": 99.21,
        "Tddu_MTN": 0.0,
        "Tddd_MTN": 0.0,
        "Dmd_MTN": 41683.59,
        "Dmu_MTN": 20147.8,
        "Ted_ORANGE": 2.63,
        "Tcd_ORANGE": 99.31,
        "Tddu_ORANGE": 4.760000000000001,
        "Tddd_ORANGE": 14.149999999999999,
        "Dmd_ORANGE": 17329.46,
        "Dmu_ORANGE": 9132.69,
        "rang_Ted_ORANGE": 3,
        "rang_Ted_MTN": 2,
        "rang_Ted_MOOV": 1,
        "rang_Tcd_ORANGE": 1,
        "rang_Tcd_MTN": 2,
        "rang_Tcd_MOOV": 3,
        "rang_Tddd_ORANGE": 3,
        "rang_Tddd_MTN": 1,
        "rang_Tddd_MOOV": 2,
        "rang_Tddu_ORANGE": 3,
        "rang_Tddu_MTN": 1,
        "rang_Tddu_MOOV": 1,
        "rang_Dmd_ORANGE": 1,
        "rang_Dmd_MTN": 3,
        "rang_Dmd_MOOV": 2,
        "rang_Dmu_ORANGE": 1,
        "rang_Dmu_MTN": 3,
        "rang_Dmu_MOOV": 2
      },
      "id": 57
    },
    {
      "type": "Feature",
      "geometry": {
        "coordinates": [
          -6.58,
          5.5600000000000005
        ],
        "type": "Point"
      },
      "properties": {
        "ADM0_FR": "BAS-SASSANDRA",
        "ADM0_PCODE": "CI01",
        "ADM1_FR": "NAWA",
        "ADM1_PCODE": "CI126",
        "ADM2_FR": "MEAGUI",
        "ADM2_PCODE": "CI2603",
        "ADM3_FR": "OUPOYO",
        "ADM3_PCODE": "CI260302",
        "ADM4_FR": "OUPOYO",
        "ADM4_PCODE": "C6379",
        "centerLat": 5.57,
        "centerLng": -6.59,
        "pop": 18386,
        "Ted_MOOV": 21.21,
        "Tcd_MOOV": 74.65,
        "Tddu_MOOV": 24.0,
        "Tddd_MOOV": 20.75,
        "Dmd_MOOV": 10053.41,
        "Dmu_MOOV": 2468.11,
        "Ted_MTN": 0.0,
        "Tcd_MTN": 100.0,
        "Tddu_MTN": 0.0,
        "Tddd_MTN": 31.430000000000003,
        "Dmd_MTN": 1122.87,
        "Dmu_MTN": 1703.82,
        "Ted_ORANGE": 0.0,
        "Tcd_ORANGE": 92.47,
        "Tddu_ORANGE": 0.0,
        "Tddd_ORANGE": 0.0,
        "Dmd_ORANGE": 1346.1,
        "Dmu_ORANGE": 9968.18,
        "rang_Ted_ORANGE": 1,
        "rang_Ted_MTN": 1,
        "rang_Ted_MOOV": 3,
        "rang_Tcd_ORANGE": 2,
        "rang_Tcd_MTN": 1,
        "rang_Tcd_MOOV": 3,
        "rang_Tddd_ORANGE": 1,
        "rang_Tddd_MTN": 3,
        "rang_Tddd_MOOV": 2,
        "rang_Tddu_ORANGE": 1,
        "rang_Tddu_MTN": 1,
        "rang_Tddu_MOOV": 3,
        "rang_Dmd_ORANGE": 2,
        "rang_Dmd_MTN": 1,
        "rang_Dmd_MOOV": 3,
        "rang_Dmu_ORANGE": 3,
        "rang_Dmu_MTN": 1,
        "rang_Dmu_MOOV": 2
      },
      "id": 58
    },
    {
      "type": "Feature",
      "geometry": {
        "coordinates": [
          -4.78408,
          7.62566
        ],
        "type": "Point"
      },
      "properties": {
        "ADM0_FR": "VALLEE DU BANDAMA",
        "ADM0_PCODE": "CI12",
        "ADM1_FR": "GBEKE",
        "ADM1_PCODE": "CI111",
        "ADM2_FR": "BOUAKE",
        "ADM2_PCODE": "CI1103",
        "ADM3_FR": "BROBO",
        "ADM3_PCODE": "CI110303",
        "ADM4_FR": "PRIKRO",
        "ADM4_PCODE": "C6643",
        "centerLat": 7.63566,
        "centerLng": -4.79408,
        "pop": 257,
        "Ted_MOOV": 0.76,
        "Tcd_MOOV": 96.92,
        "Tddu_MOOV": 0.0,
        "Tddd_MOOV": 0.0,
        "Dmd_MOOV": 14735.37,
        "Dmu_MOOV": 9288.57,
        "Ted_MTN": 0.0,
        "Tcd_MTN": 99.24,
        "Tddu_MTN": 0.0,
        "Tddd_MTN": 0.0,
        "Dmd_MTN": 19490.63,
        "Dmu_MTN": 9795.2,
        "Ted_ORANGE": 0.0,
        "Tcd_ORANGE": 96.12,
        "Tddu_ORANGE": 0.0,
        "Tddd_ORANGE": 67.74,
        "Dmd_ORANGE": 7080.27,
        "Dmu_ORANGE": 1276.3,
        "rang_Ted_ORANGE": 1,
        "rang_Ted_MTN": 1,
        "rang_Ted_MOOV": 3,
        "rang_Tcd_ORANGE": 3,
        "rang_Tcd_MTN": 1,
        "rang_Tcd_MOOV": 2,
        "rang_Tddd_ORANGE": 3,
        "rang_Tddd_MTN": 1,
        "rang_Tddd_MOOV": 1,
        "rang_Tddu_ORANGE": 1,
        "rang_Tddu_MTN": 1,
        "rang_Tddu_MOOV": 1,
        "rang_Dmd_ORANGE": 1,
        "rang_Dmd_MTN": 3,
        "rang_Dmd_MOOV": 2,
        "rang_Dmu_ORANGE": 1,
        "rang_Dmu_MTN": 3,
        "rang_Dmu_MOOV": 2
      },
      "id": 59
    },
    {
      "type": "Feature",
      "geometry": {
        "coordinates": [
          -5.2819400000000005,
          7.4458
        ],
        "type": "Point"
      },
      "properties": {
        "ADM0_FR": "VALLEE DU BANDAMA",
        "ADM0_PCODE": "CI12",
        "ADM1_FR": "GBEKE",
        "ADM1_PCODE": "CI111",
        "ADM2_FR": "SAKASSOU",
        "ADM2_PCODE": "CI1104",
        "ADM3_FR": "SAKASSOU",
        "ADM3_PCODE": "CI110401",
        "ADM4_FR": "SAKASSOU",
        "ADM4_PCODE": "C6712",
        "centerLat": 7.4558,
        "centerLng": -5.29194,
        "pop": 13186,
        "Ted_MOOV": 32.73,
        "Tcd_MOOV": 94.12,
        "Tddu_MOOV": 6.0600000000000005,
        "Tddd_MOOV": 48.72,
        "Dmd_MOOV": 3749.29,
        "Dmu_MOOV": 7425.05,
        "Ted_MTN": 24.68,
        "Tcd_MTN": 88.6,
        "Tddu_MTN": 11.110000000000001,
        "Tddd_MTN": 4.82,
        "Dmd_MTN": 10500.07,
        "Dmu_MTN": 3969.72,
        "Ted_ORANGE": 6.21,
        "Tcd_ORANGE": 97.92,
        "Tddu_ORANGE": 0.0,
        "Tddd_ORANGE": 19.27,
        "Dmd_ORANGE": 15235.12,
        "Dmu_ORANGE": 9463.03,
        "rang_Ted_ORANGE": 1,
        "rang_Ted_MTN": 2,
        "rang_Ted_MOOV": 3,
        "rang_Tcd_ORANGE": 1,
        "rang_Tcd_MTN": 3,
        "rang_Tcd_MOOV": 2,
        "rang_Tddd_ORANGE": 2,
        "rang_Tddd_MTN": 1,
        "rang_Tddd_MOOV": 3,
        "rang_Tddu_ORANGE": 1,
        "rang_Tddu_MTN": 3,
        "rang_Tddu_MOOV": 2,
        "rang_Dmd_ORANGE": 3,
        "rang_Dmd_MTN": 2,
        "rang_Dmd_MOOV": 1,
        "rang_Dmu_ORANGE": 3,
        "rang_Dmu_MTN": 1,
        "rang_Dmu_MOOV": 2
      },
      "id": 60
    },
    {
      "type": "Feature",
      "geometry": {
        "coordinates": [
          -6.60973,
          4.72809
        ],
        "type": "Point"
      },
      "properties": {
        "ADM0_FR": "BAS-SASSANDRA",
        "ADM0_PCODE": "CI01",
        "ADM1_FR": "SAN-PEDRO",
        "ADM1_PCODE": "CI129",
        "ADM2_FR": "SAN-PEDRO",
        "ADM2_PCODE": "CI2901",
        "ADM3_FR": "SAN-PEDRO",
        "ADM3_PCODE": "CI290101",
        "ADM4_FR": "SAN-PEDRO",
        "ADM4_PCODE": "C6807",
        "centerLat": 4.73809,
        "centerLng": -6.61973,
        "pop": 164944,
        "Ted_MOOV": 5.800000000000001,
        "Tcd_MOOV": 94.58,
        "Tddu_MOOV": 3.2300000000000004,
        "Tddd_MOOV": 2.01,
        "Dmd_MOOV": 49259.32,
        "Dmu_MOOV": 19094.11,
        "Ted_MTN": 8.52,
        "Tcd_MTN": 98.0,
        "Tddu_MTN": 3.3300000000000005,
        "Tddd_MTN": 2.08,
        "Dmd_MTN": 42123.95,
        "Dmu_MTN": 22049.57,
        "Ted_ORANGE": 0.0,
        "Tcd_ORANGE": 100.0,
        "Tddu_ORANGE": 0.0,
        "Tddd_ORANGE": 5.13,
        "Dmd_ORANGE": 48952.12,
        "Dmu_ORANGE": 25064.86,
        "rang_Ted_ORANGE": 1,
        "rang_Ted_MTN": 3,
        "rang_Ted_MOOV": 2,
        "rang_Tcd_ORANGE": 1,
        "rang_Tcd_MTN": 2,
        "rang_Tcd_MOOV": 3,
        "rang_Tddd_ORANGE": 3,
        "rang_Tddd_MTN": 2,
        "rang_Tddd_MOOV": 1,
        "rang_Tddu_ORANGE": 1,
        "rang_Tddu_MTN": 3,
        "rang_Tddu_MOOV": 2,
        "rang_Dmd_ORANGE": 2,
        "rang_Dmd_MTN": 1,
        "rang_Dmd_MOOV": 3,
        "rang_Dmu_ORANGE": 3,
        "rang_Dmu_MTN": 2,
        "rang_Dmu_MOOV": 1
      },
      "id": 61
    },
    {
      "type": "Feature",
      "geometry": {
        "coordinates": [
          -6.66313,
          7.95253
        ],
        "type": "Point"
      },
      "properties": {
        "ADM0_FR": "WOROBA",
        "ADM0_PCODE": "CI13",
        "ADM1_FR": "WORODOUGOU",
        "ADM1_PCODE": "CI133",
        "ADM2_FR": "SEGUELA",
        "ADM2_PCODE": "CI3302",
        "ADM3_FR": "SEGUELA",
        "ADM3_PCODE": "CI330201",
        "ADM4_FR": "SÉGUÉLA",
        "ADM4_PCODE": "C6882",
        "centerLat": 7.96253,
        "centerLng": -6.67313,
        "pop": 46189,
        "Ted_MOOV": 4.14,
        "Tcd_MOOV": 90.98,
        "Tddu_MOOV": 0.0,
        "Tddd_MOOV": 4.04,
        "Dmd_MOOV": 19104.83,
        "Dmu_MOOV": 9710.48,
        "Ted_MTN": 0.0,
        "Tcd_MTN": 100.0,
        "Tddu_MTN": 2.33,
        "Tddd_MTN": 0.0,
        "Dmd_MTN": 29378.01,
        "Dmu_MTN": 10268.54,
        "Ted_ORANGE": 0.0,
        "Tcd_ORANGE": 100.0,
        "Tddu_ORANGE": 0.0,
        "Tddd_ORANGE": 0.0,
        "Dmd_ORANGE": 25305.43,
        "Dmu_ORANGE": 12444.47,
        "rang_Ted_ORANGE": 1,
        "rang_Ted_MTN": 1,
        "rang_Ted_MOOV": 3,
        "rang_Tcd_ORANGE": 1,
        "rang_Tcd_MTN": 1,
        "rang_Tcd_MOOV": 3,
        "rang_Tddd_ORANGE": 1,
        "rang_Tddd_MTN": 1,
        "rang_Tddd_MOOV": 3,
        "rang_Tddu_ORANGE": 1,
        "rang_Tddu_MTN": 3,
        "rang_Tddu_MOOV": 1,
        "rang_Dmd_ORANGE": 2,
        "rang_Dmd_MTN": 3,
        "rang_Dmd_MOOV": 1,
        "rang_Dmu_ORANGE": 3,
        "rang_Dmu_MTN": 2,
        "rang_Dmu_MOOV": 1
      },
      "id": 62
    },
    {
      "type": "Feature",
      "geometry": {
        "coordinates": [
          -6.91876,
          7.9742500000000005
        ],
        "type": "Point"
      },
      "properties": {
        "ADM0_FR": "WOROBA",
        "ADM0_PCODE": "CI13",
        "ADM1_FR": "WORODOUGOU",
        "ADM1_PCODE": "CI133",
        "ADM2_FR": "SEGUELA",
        "ADM2_PCODE": "CI3302",
        "ADM3_FR": "SIFIE",
        "ADM3_PCODE": "CI330206",
        "ADM4_FR": "SIFIÉ",
        "ADM4_PCODE": "C7012",
        "centerLat": 7.98425,
        "centerLng": -6.92876,
        "pop": 3142,
        "Ted_MOOV": 0.95,
        "Tcd_MOOV": 97.06,
        "Tddu_MOOV": 0.0,
        "Tddd_MOOV": 0.0,
        "Dmd_MOOV": 11583.65,
        "Dmu_MOOV": 10253.5,
        "Ted_MTN": 0.0,
        "Tcd_MTN": 100.0,
        "Tddu_MTN": 0.0,
        "Tddd_MTN": 0.0,
        "Dmd_MTN": 20819.02,
        "Dmu_MTN": 8856.27,
        "Ted_ORANGE": 0.0,
        "Tcd_ORANGE": 100.0,
        "Tddu_ORANGE": 0.0,
        "Tddd_ORANGE": 0.0,
        "Dmd_ORANGE": 5968.78,
        "Dmu_ORANGE": 10495.05,
        "rang_Ted_ORANGE": 1,
        "rang_Ted_MTN": 1,
        "rang_Ted_MOOV": 3,
        "rang_Tcd_ORANGE": 1,
        "rang_Tcd_MTN": 1,
        "rang_Tcd_MOOV": 3,
        "rang_Tddd_ORANGE": 1,
        "rang_Tddd_MTN": 1,
        "rang_Tddd_MOOV": 1,
        "rang_Tddu_ORANGE": 1,
        "rang_Tddu_MTN": 1,
        "rang_Tddu_MOOV": 1,
        "rang_Dmd_ORANGE": 1,
        "rang_Dmd_MTN": 3,
        "rang_Dmd_MOOV": 2,
        "rang_Dmu_ORANGE": 3,
        "rang_Dmu_MTN": 1,
        "rang_Dmu_MOOV": 2
      },
      "id": 63
    },
    {
      "type": "Feature",
      "geometry": {
        "coordinates": [
          -6.58,
          5.7700000000000005
        ],
        "type": "Point"
      },
      "properties": {
        "ADM0_FR": "COMOE",
        "ADM0_PCODE": "CI02",
        "ADM1_FR": "SUD-COMOE",
        "ADM1_PCODE": "CI130",
        "ADM2_FR": "ABOISSO",
        "ADM2_PCODE": "CI3001",
        "ADM3_FR": "BIANOUAN",
        "ADM3_PCODE": "CI300105",
        "ADM4_FR": "SOUBRÉ",
        "ADM4_PCODE": "C7241",
        "centerLat": 5.78,
        "centerLng": -6.59,
        "pop": 1421,
        "Ted_MOOV": 2.4,
        "Tcd_MOOV": 99.0,
        "Tddu_MOOV": 0.0,
        "Tddd_MOOV": 0.0,
        "Dmd_MOOV": 45330.26,
        "Dmu_MOOV": 19992.76,
        "Ted_MTN": 3.4099999999999997,
        "Tcd_MTN": 99.49,
        "Tddu_MTN": 0.0,
        "Tddd_MTN": 0.72,
        "Dmd_MTN": 32643.58,
        "Dmu_MTN": 14852.28,
        "Ted_ORANGE": 0.0,
        "Tcd_ORANGE": 98.49,
        "Tddu_ORANGE": 0.0,
        "Tddd_ORANGE": 0.0,
        "Dmd_ORANGE": 10897.01,
        "Dmu_ORANGE": 13375.81,
        "rang_Ted_ORANGE": 1,
        "rang_Ted_MTN": 3,
        "rang_Ted_MOOV": 2,
        "rang_Tcd_ORANGE": 3,
        "rang_Tcd_MTN": 1,
        "rang_Tcd_MOOV": 2,
        "rang_Tddd_ORANGE": 1,
        "rang_Tddd_MTN": 3,
        "rang_Tddd_MOOV": 1,
        "rang_Tddu_ORANGE": 1,
        "rang_Tddu_MTN": 1,
        "rang_Tddu_MOOV": 1,
        "rang_Dmd_ORANGE": 1,
        "rang_Dmd_MTN": 2,
        "rang_Dmd_MOOV": 3,
        "rang_Dmu_ORANGE": 1,
        "rang_Dmu_MTN": 2,
        "rang_Dmu_MOOV": 3
      },
      "id": 64
    },
    {
      "type": "Feature",
      "geometry": {
        "coordinates": [
          -5.15212,
          9.060220000000001
        ],
        "type": "Point"
      },
      "properties": {
        "ADM0_FR": "VALLEE DU BANDAMA",
        "ADM0_PCODE": "CI12",
        "ADM1_FR": "HAMBOL",
        "ADM1_PCODE": "CI117",
        "ADM2_FR": "NIAKARAMADOUGOU",
        "ADM2_PCODE": "CI1703",
        "ADM3_FR": "TAFIRE",
        "ADM3_PCODE": "CI170305",
        "ADM4_FR": "TAFIRE",
        "ADM4_PCODE": "C7314",
        "centerLat": 9.07022,
        "centerLng": -5.16212,
        "pop": 17191,
        "Ted_MOOV": 31.11,
        "Tcd_MOOV": 95.83,
        "Tddu_MOOV": 0.0,
        "Tddd_MOOV": 50.0,
        "Dmd_MOOV": 2051.35,
        "Dmu_MOOV": 6169.13,
        "Ted_MTN": 22.220000000000002,
        "Tcd_MTN": 93.75,
        "Tddu_MTN": 10.530000000000001,
        "Tddd_MTN": 5.88,
        "Dmd_MTN": 9659.54,
        "Dmu_MTN": 6766.8,
        "Ted_ORANGE": 0.0,
        "Tcd_ORANGE": 98.89,
        "Tddu_ORANGE": 0.0,
        "Tddd_ORANGE": 0.0,
        "Dmd_ORANGE": 5692.04,
        "Dmu_ORANGE": 11893.36,
        "rang_Ted_ORANGE": 1,
        "rang_Ted_MTN": 2,
        "rang_Ted_MOOV": 3,
        "rang_Tcd_ORANGE": 1,
        "rang_Tcd_MTN": 3,
        "rang_Tcd_MOOV": 2,
        "rang_Tddd_ORANGE": 1,
        "rang_Tddd_MTN": 2,
        "rang_Tddd_MOOV": 3,
        "rang_Tddu_ORANGE": 1,
        "rang_Tddu_MTN": 3,
        "rang_Tddu_MOOV": 1,
        "rang_Dmd_ORANGE": 2,
        "rang_Dmd_MTN": 3,
        "rang_Dmd_MOOV": 1,
        "rang_Dmu_ORANGE": 3,
        "rang_Dmu_MTN": 2,
        "rang_Dmu_MOOV": 1
      },
      "id": 65
    },
    {
      "type": "Feature",
      "geometry": {
        "coordinates": [
          -4.65225,
          7.70436
        ],
        "type": "Point"
      },
      "properties": {
        "ADM0_FR": "LACS",
        "ADM0_PCODE": "CI07",
        "ADM1_FR": "BELIER",
        "ADM1_PCODE": "CI106",
        "ADM2_FR": "TIEBISSOU",
        "ADM2_PCODE": "CI0603",
        "ADM3_FR": "TIEBISSOU",
        "ADM3_PCODE": "CI060301",
        "ADM4_FR": "TIÉBISSOU",
        "ADM4_PCODE": "C7574",
        "centerLat": 7.71436,
        "centerLng": -4.66225,
        "pop": 18832,
        "Ted_MOOV": 1.97,
        "Tcd_MOOV": 97.18,
        "Tddu_MOOV": 2.33,
        "Tddd_MOOV": 2.83,
        "Dmd_MOOV": 22652.35,
        "Dmu_MOOV": 14692.81,
        "Ted_MTN": 0.66,
        "Tcd_MTN": 99.32,
        "Tddu_MTN": 0.0,
        "Tddd_MTN": 0.9299999999999999,
        "Dmd_MTN": 35820.01,
        "Dmu_MTN": 16672.0,
        "Ted_ORANGE": 0.0,
        "Tcd_ORANGE": 100.0,
        "Tddu_ORANGE": 0.0,
        "Tddd_ORANGE": 0.0,
        "Dmd_ORANGE": 50438.26,
        "Dmu_ORANGE": 24778.75,
        "rang_Ted_ORANGE": 1,
        "rang_Ted_MTN": 2,
        "rang_Ted_MOOV": 3,
        "rang_Tcd_ORANGE": 1,
        "rang_Tcd_MTN": 2,
        "rang_Tcd_MOOV": 3,
        "rang_Tddd_ORANGE": 1,
        "rang_Tddd_MTN": 2,
        "rang_Tddd_MOOV": 3,
        "rang_Tddu_ORANGE": 1,
        "rang_Tddu_MTN": 1,
        "rang_Tddu_MOOV": 3,
        "rang_Dmd_ORANGE": 3,
        "rang_Dmd_MTN": 2,
        "rang_Dmd_MOOV": 1,
        "rang_Dmu_ORANGE": 3,
        "rang_Dmu_MTN": 2,
        "rang_Dmu_MOOV": 1
      },
      "id": 66
    },
    {
      "type": "Feature",
      "geometry": {
        "coordinates": [
          -7.30834,
          9.53501
        ],
        "type": "Point"
      },
      "properties": {
        "ADM0_FR": "DENGUELE",
        "ADM0_PCODE": "CI03",
        "ADM1_FR": "KABADOUGOU",
        "ADM1_PCODE": "CI121",
        "ADM2_FR": "ODIENNE",
        "ADM2_PCODE": "CI2103",
        "ADM3_FR": "TIEME",
        "ADM3_PCODE": "CI210305",
        "ADM4_FR": "TIEME",
        "ADM4_PCODE": "C7613",
        "centerLat": 9.54501,
        "centerLng": -7.31834,
        "pop": 6267,
        "Ted_MOOV": 28.57,
        "Tcd_MOOV": 88.89,
        "Tddu_MOOV": 0.0,
        "Tddd_MOOV": 16.07,
        "Dmd_MOOV": 1769.59,
        "Dmu_MOOV": 4259.49,
        "Ted_MTN": 3.81,
        "Tcd_MTN": 94.0,
        "Tddu_MTN": 6.67,
        "Tddd_MTN": 1.41,
        "Dmd_MTN": 5203.04,
        "Dmu_MTN": 1079.73,
        "Ted_ORANGE": 0.0,
        "Tcd_ORANGE": 100.0,
        "Tddu_ORANGE": 0.0,
        "Tddd_ORANGE": 0.0,
        "Dmd_ORANGE": 4780.33,
        "Dmu_ORANGE": 5314.13,
        "rang_Ted_ORANGE": 1,
        "rang_Ted_MTN": 2,
        "rang_Ted_MOOV": 3,
        "rang_Tcd_ORANGE": 1,
        "rang_Tcd_MTN": 2,
        "rang_Tcd_MOOV": 3,
        "rang_Tddd_ORANGE": 1,
        "rang_Tddd_MTN": 2,
        "rang_Tddd_MOOV": 3,
        "rang_Tddu_ORANGE": 1,
        "rang_Tddu_MTN": 3,
        "rang_Tddu_MOOV": 1,
        "rang_Dmd_ORANGE": 2,
        "rang_Dmd_MTN": 3,
        "rang_Dmd_MOOV": 1,
        "rang_Dmu_ORANGE": 3,
        "rang_Dmu_MTN": 1,
        "rang_Dmu_MOOV": 2
      },
      "id": 67
    },
    {
      "type": "Feature",
      "geometry": {
        "coordinates": [
          -7.67063,
          8.27504
        ],
        "type": "Point"
      },
      "properties": {
        "ADM0_FR": "WOROBA",
        "ADM0_PCODE": "CI13",
        "ADM1_FR": "BAFING",
        "ADM1_PCODE": "CI104",
        "ADM2_FR": "TOUBA",
        "ADM2_PCODE": "CI0403",
        "ADM3_FR": "TOUBA",
        "ADM3_PCODE": "CI040301",
        "ADM4_FR": "TOUBA",
        "ADM4_PCODE": "C7832",
        "centerLat": 8.28504,
        "centerLng": -7.68063,
        "pop": 22361,
        "Ted_MOOV": 28.57,
        "Tcd_MOOV": 89.33,
        "Tddu_MOOV": 4.17,
        "Tddd_MOOV": 25.759999999999998,
        "Dmd_MOOV": 2513.81,
        "Dmu_MOOV": 5328.05,
        "Ted_MTN": 0.0,
        "Tcd_MTN": 100.0,
        "Tddu_MTN": 0.0,
        "Tddd_MTN": 0.0,
        "Dmd_MTN": 23467.71,
        "Dmu_MTN": 8785.3,
        "Ted_ORANGE": 0.0,
        "Tcd_ORANGE": 100.0,
        "Tddu_ORANGE": 0.0,
        "Tddd_ORANGE": 0.0,
        "Dmd_ORANGE": 18804.84,
        "Dmu_ORANGE": 9442.36,
        "rang_Ted_ORANGE": 1,
        "rang_Ted_MTN": 1,
        "rang_Ted_MOOV": 3,
        "rang_Tcd_ORANGE": 1,
        "rang_Tcd_MTN": 1,
        "rang_Tcd_MOOV": 3,
        "rang_Tddd_ORANGE": 1,
        "rang_Tddd_MTN": 1,
        "rang_Tddd_MOOV": 3,
        "rang_Tddu_ORANGE": 1,
        "rang_Tddu_MTN": 1,
        "rang_Tddu_MOOV": 3,
        "rang_Dmd_ORANGE": 2,
        "rang_Dmd_MTN": 3,
        "rang_Dmd_MOOV": 1,
        "rang_Dmu_ORANGE": 3,
        "rang_Dmu_MTN": 2,
        "rang_Dmu_MOOV": 1
      },
      "id": 68
    },
    {
      "type": "Feature",
      "geometry": {
        "coordinates": [
          -5.00819,
          6.5502400000000005
        ],
        "type": "Point"
      },
      "properties": {
        "ADM0_FR": "LACS",
        "ADM0_PCODE": "CI07",
        "ADM1_FR": "BELIER",
        "ADM1_PCODE": "CI106",
        "ADM2_FR": "TOUMODI",
        "ADM2_PCODE": "CI0604",
        "ADM3_FR": "TOUMODI",
        "ADM3_PCODE": "CI060401",
        "ADM4_FR": "TOUMODI",
        "ADM4_PCODE": "C7862",
        "centerLat": 6.56024,
        "centerLng": -5.01819,
        "pop": 43189,
        "Ted_MOOV": 5.970000000000001,
        "Tcd_MOOV": 96.64,
        "Tddu_MOOV": 0.0,
        "Tddd_MOOV": 4.55,
        "Dmd_MOOV": 29755.35,
        "Dmu_MOOV": 14383.14,
        "Ted_MTN": 0.0,
        "Tcd_MTN": 100.0,
        "Tddu_MTN": 0.0,
        "Tddd_MTN": 0.0,
        "Dmd_MTN": 44310.19,
        "Dmu_MTN": 21531.5,
        "Ted_ORANGE": 0.0,
        "Tcd_ORANGE": 98.4,
        "Tddu_ORANGE": 0.0,
        "Tddd_ORANGE": 39.36,
        "Dmd_ORANGE": 27905.36,
        "Dmu_ORANGE": 8926.02,
        "rang_Ted_ORANGE": 1,
        "rang_Ted_MTN": 1,
        "rang_Ted_MOOV": 3,
        "rang_Tcd_ORANGE": 2,
        "rang_Tcd_MTN": 1,
        "rang_Tcd_MOOV": 3,
        "rang_Tddd_ORANGE": 3,
        "rang_Tddd_MTN": 1,
        "rang_Tddd_MOOV": 2,
        "rang_Tddu_ORANGE": 1,
        "rang_Tddu_MTN": 1,
        "rang_Tddu_MOOV": 1,
        "rang_Dmd_ORANGE": 1,
        "rang_Dmd_MTN": 3,
        "rang_Dmd_MOOV": 2,
        "rang_Dmu_ORANGE": 1,
        "rang_Dmu_MTN": 3,
        "rang_Dmu_MOOV": 2
      },
      "id": 69
    },
    {
      "type": "Feature",
      "geometry": {
        "coordinates": [
          -3.00429,
          7.539540000000001
        ],
        "type": "Point"
      },
      "properties": {
        "ADM0_FR": "ZANZAN",
        "ADM0_PCODE": "CI14",
        "ADM1_FR": "GONTOUGO",
        "ADM1_PCODE": "CI114",
        "ADM2_FR": "TRANSUA",
        "ADM2_PCODE": "CI1405",
        "ADM3_FR": "TRANSUA",
        "ADM3_PCODE": "CI140501",
        "ADM4_FR": "TRANSUA",
        "ADM4_PCODE": "C7911",
        "centerLat": 7.54954,
        "centerLng": -3.01429,
        "pop": 4114,
        "Ted_MOOV": 0.0,
        "Tcd_MOOV": 100.0,
        "Tddu_MOOV": 0.0,
        "Tddd_MOOV": 3.6999999999999997,
        "Dmd_MOOV": 18685.14,
        "Dmu_MOOV": 11741.96,
        "Ted_MTN": 0.66,
        "Tcd_MTN": 99.33,
        "Tddu_MTN": 2.27,
        "Tddd_MTN": 0.0,
        "Dmd_MTN": 32980.85,
        "Dmu_MTN": 10249.89,
        "Ted_ORANGE": 1.32,
        "Tcd_ORANGE": 100.0,
        "Tddu_ORANGE": 0.0,
        "Tddd_ORANGE": 0.0,
        "Dmd_ORANGE": 69500.2,
        "Dmu_ORANGE": 22131.9,
        "rang_Ted_ORANGE": 3,
        "rang_Ted_MTN": 2,
        "rang_Ted_MOOV": 1,
        "rang_Tcd_ORANGE": 1,
        "rang_Tcd_MTN": 3,
        "rang_Tcd_MOOV": 1,
        "rang_Tddd_ORANGE": 1,
        "rang_Tddd_MTN": 1,
        "rang_Tddd_MOOV": 3,
        "rang_Tddu_ORANGE": 1,
        "rang_Tddu_MTN": 3,
        "rang_Tddu_MOOV": 1,
        "rang_Dmd_ORANGE": 3,
        "rang_Dmd_MTN": 2,
        "rang_Dmd_MOOV": 1,
        "rang_Dmu_ORANGE": 3,
        "rang_Dmu_MTN": 1,
        "rang_Dmu_MOOV": 2
      },
      "id": 70
    },
    {
      "type": "Feature",
      "geometry": {
        "coordinates": [
          -5.267860000000001,
          6.808190000000001
        ],
        "type": "Point"
      },
      "properties": {
        "ADM0_FR": "DISTRICT AUTONOME DE YAMOUSSOUKRO",
        "ADM0_PCODE": "CI05",
        "ADM1_FR": "DISTRICT AUTONOME DE YAMOUSSOUKRO",
        "ADM1_PCODE": "CI102",
        "ADM2_FR": "YAMOUSSOUKRO",
        "ADM2_PCODE": "CI0202",
        "ADM3_FR": "YAMOUSSOUKRO",
        "ADM3_PCODE": "CI020201",
        "ADM4_FR": "YAMOUSSOUKRO",
        "ADM4_PCODE": "C8092",
        "centerLat": 6.81819,
        "centerLng": -5.27786,
        "pop": 212670,
        "Ted_MOOV": 0.98,
        "Tcd_MOOV": 97.50999999999999,
        "Tddu_MOOV": 1.67,
        "Tddd_MOOV": 0.7000000000000001,
        "Dmd_MOOV": 35786.31,
        "Dmu_MOOV": 16979.12,
        "Ted_MTN": 3.56,
        "Tcd_MTN": 96.69,
        "Tddu_MTN": 5.33,
        "Tddd_MTN": 0.59,
        "Dmd_MTN": 61608.67,
        "Dmu_MTN": 31034.37,
        "Ted_ORANGE": 0.47000000000000003,
        "Tcd_ORANGE": 98.47,
        "Tddu_ORANGE": 0.0,
        "Tddd_ORANGE": 39.33,
        "Dmd_ORANGE": 26470.19,
        "Dmu_ORANGE": 15220.68,
        "rang_Ted_ORANGE": 1,
        "rang_Ted_MTN": 3,
        "rang_Ted_MOOV": 2,
        "rang_Tcd_ORANGE": 1,
        "rang_Tcd_MTN": 3,
        "rang_Tcd_MOOV": 2,
        "rang_Tddd_ORANGE": 3,
        "rang_Tddd_MTN": 1,
        "rang_Tddd_MOOV": 2,
        "rang_Tddu_ORANGE": 1,
        "rang_Tddu_MTN": 3,
        "rang_Tddu_MOOV": 2,
        "rang_Dmd_ORANGE": 1,
        "rang_Dmd_MTN": 3,
        "rang_Dmd_MOOV": 2,
        "rang_Dmu_ORANGE": 1,
        "rang_Dmu_MTN": 3,
        "rang_Dmu_MOOV": 2
      },
      "id": 71
    }
  ]
}