{
  "type": "FeatureCollection",
  "features": [
    {
      "type": "Feature",
      "geometry": {
        "coordinates": [
          -4.005850000000001,
          5.42515
        ],
        "type": "Point"
      },
      "properties": {
        "ADM0_FR": "DISTRICT AUTONOME D'ABIDJAN",
        "ADM0_PCODE": "CI04",
        "ADM1_FR": "DISTRICT AUTONOME D'ABIDJAN",
        "ADM1_PCODE": "CI101",
        "ADM2_FR": "ABIDJAN",
        "ADM2_PCODE": "CI0101",
        "ADM3_FR": "ABIDJAN",
        "ADM3_PCODE": "CI010101",
        "ADM4_FR": "ABOBO",
        "ADM4_PCODE": "C0029",
        "centerLat": 5.43515,
        "centerLng": -4.01585,
        "pop": 1030658,
        "Ted_MOOV": 0.0,
        "Tcd_MOOV": 99.75,
        "Tddu_MOOV": 0.0,
        "Tddd_MOOV": 1.78,
        "Dmd_MOOV": 12745.67,
        "Dmu_MOOV": 18649.92,
        "Ted_MTN": 4.24,
        "Tcd_MTN": 99.56,
        "Tddu_MTN": 0.74,
        "Tddd_MTN": 0.63,
        "Dmd_MTN": 52423.95,
        "Dmu_MTN": 30542.28,
        "Ted_ORANGE": 0.98,
        "Tcd_ORANGE": 99.75,
        "Tddu_ORANGE": 0.0,
        "Tddd_ORANGE": 0.0,
        "Dmd_ORANGE": 60227.68,
        "Dmu_ORANGE": 27044.35,
        "rang_Ted_ORANGE": 2,
        "rang_Ted_MTN": 3,
        "rang_Ted_MOOV": 1,
        "rang_Tcd_ORANGE": 1,
        "rang_Tcd_MTN": 3,
        "rang_Tcd_MOOV": 1,
        "rang_Tddd_ORANGE": 1,
        "rang_Tddd_MTN": 2,
        "rang_Tddd_MOOV": 3,
        "rang_Tddu_ORANGE": 1,
        "rang_Tddu_MTN": 3,
        "rang_Tddu_MOOV": 1,
        "rang_Dmd_ORANGE": 3,
        "rang_Dmd_MTN": 2,
        "rang_Dmd_MOOV": 1,
        "rang_Dmu_ORANGE": 2,
        "rang_Dmu_MTN": 3,
        "rang_Dmu_MOOV": 1
      },
      "id": 1
    },
    {
      "type": "Feature",
      "geometry": {
        "coordinates": [
          -4.00988,
          5.361870000000001
        ],
        "type": "Point"
      },
      "properties": {
        "ADM0_FR": "DISTRICT AUTONOME D'ABIDJAN",
        "ADM0_PCODE": "CI04",
        "ADM1_FR": "DISTRICT AUTONOME D'ABIDJAN",
        "ADM1_PCODE": "CI101",
        "ADM2_FR": "ABIDJAN",
        "ADM2_PCODE": "CI0101",
        "ADM3_FR": "ABIDJAN",
        "ADM3_PCODE": "CI010101",
        "ADM4_FR": "ADJAME",
        "ADM4_PCODE": "C0133",
        "centerLat": 5.37187,
        "centerLng": -4.01988,
        "pop": 372978,
        "Ted_MOOV": 0.0,
        "Tcd_MOOV": 100.0,
        "Tddu_MOOV": 0.0,
        "Tddd_MOOV": 2.81,
        "Dmd_MOOV": 18375.39,
        "Dmu_MOOV": 29063.25,
        "Ted_MTN": 3.47,
        "Tcd_MTN": 98.0,
        "Tddu_MTN": 0.0,
        "Tddd_MTN": 0.0,
        "Dmd_MTN": 29710.77,
        "Dmu_MTN": 34691.5,
        "Ted_ORANGE": 0.0,
        "Tcd_ORANGE": 100.0,
        "Tddu_ORANGE": 0.0,
        "Tddd_ORANGE": 0.0,
        "Dmd_ORANGE": 58718.75,
        "Dmu_ORANGE": 33042.16,
        "rang_Ted_ORANGE": 1,
        "rang_Ted_MTN": 3,
        "rang_Ted_MOOV": 1,
        "rang_Tcd_ORANGE": 1,
        "rang_Tcd_MTN": 3,
        "rang_Tcd_MOOV": 1,
        "rang_Tddd_ORANGE": 1,
        "rang_Tddd_MTN": 1,
        "rang_Tddd_MOOV": 3,
        "rang_Tddu_ORANGE": 1,
        "rang_Tddu_MTN": 1,
        "rang_Tddu_MOOV": 1,
        "rang_Dmd_ORANGE": 3,
        "rang_Dmd_MTN": 2,
        "rang_Dmd_MOOV": 1,
        "rang_Dmu_ORANGE": 2,
        "rang_Dmu_MTN": 3,
        "rang_Dmu_MOOV": 1
      },
      "id": 2
    },
    {
      "type": "Feature",
      "geometry": {
        "coordinates": [
          -4.04488,
          5.48466
        ],
        "type": "Point"
      },
      "properties": {
        "ADM0_FR": "DISTRICT AUTONOME D'ABIDJAN",
        "ADM0_PCODE": "CI04",
        "ADM1_FR": "DISTRICT AUTONOME D'ABIDJAN",
        "ADM1_PCODE": "CI101",
        "ADM2_FR": "ABIDJAN",
        "ADM2_PCODE": "CI0101",
        "ADM3_FR": "ANYAMA",
        "ADM3_PCODE": "CI010102",
        "ADM4_FR": "ANYAMA",
        "ADM4_PCODE": "C0570",
        "centerLat": 5.49466,
        "centerLng": -4.05488,
        "pop": 103297,
        "Ted_MOOV": 0.0,
        "Tcd_MOOV": 100.0,
        "Tddu_MOOV": 0.0,
        "Tddd_MOOV": 2.1,
        "Dmd_MOOV": 13669.25,
        "Dmu_MOOV": 10240.53,
        "Ted_MTN": 4.9799999999999995,
        "Tcd_MTN": 97.91,
        "Tddu_MTN": 0.0,
        "Tddd_MTN": 0.74,
        "Dmd_MTN": 54045.67,
        "Dmu_MTN": 23174.98,
        "Ted_ORANGE": 0.0,
        "Tcd_ORANGE": 100.0,
        "Tddu_ORANGE": 0.0,
        "Tddd_ORANGE": 0.0,
        "Dmd_ORANGE": 98549.63,
        "Dmu_ORANGE": 27280.48,
        "rang_Ted_ORANGE": 1,
        "rang_Ted_MTN": 3,
        "rang_Ted_MOOV": 1,
        "rang_Tcd_ORANGE": 1,
        "rang_Tcd_MTN": 3,
        "rang_Tcd_MOOV": 1,
        "rang_Tddd_ORANGE": 1,
        "rang_Tddd_MTN": 2,
        "rang_Tddd_MOOV": 3,
        "rang_Tddu_ORANGE": 1,
        "rang_Tddu_MTN": 1,
        "rang_Tddu_MOOV": 1,
        "rang_Dmd_ORANGE": 3,
        "rang_Dmd_MTN": 2,
        "rang_Dmd_MOOV": 1,
        "rang_Dmu_ORANGE": 3,
        "rang_Dmu_MTN": 2,
        "rang_Dmu_MOOV": 1
      },
      "id": 3
    },
    {
      "type": "Feature",
      "geometry": {
        "coordinates": [
          -4.041980000000001,
          5.37219
        ],
        "type": "Point"
      },
      "properties": {
        "ADM0_FR": "DISTRICT AUTONOME D'ABIDJAN",
        "ADM0_PCODE": "CI04",
        "ADM1_FR": "DISTRICT AUTONOME D'ABIDJAN",
        "ADM1_PCODE": "CI101",
        "ADM2_FR": "ABIDJAN",
        "ADM2_PCODE": "CI0101",
        "ADM3_FR": "ABIDJAN",
        "ADM3_PCODE": "CI010101",
        "ADM4_FR": "ATTECOUBE",
        "ADM4_PCODE": "C0734",
        "centerLat": 5.38219,
        "centerLng": -4.05198,
        "pop": 260911,
        "Ted_MOOV": 0.0,
        "Tcd_MOOV": 99.6,
        "Tddu_MOOV": 0.0,
        "Tddd_MOOV": 0.0,
        "Dmd_MOOV": 24026.86,
        "Dmu_MOOV": 29425.58,
        "Ted_MTN": 1.1900000000000002,
        "Tcd_MTN": 98.8,
        "Tddu_MTN": 0.0,
        "Tddd_MTN": 0.0,
        "Dmd_MTN": 43826.32,
        "Dmu_MTN": 46067.2,
        "Ted_ORANGE": 0.0,
        "Tcd_ORANGE": 100.0,
        "Tddu_ORANGE": 0.0,
        "Tddd_ORANGE": 0.0,
        "Dmd_ORANGE": 60814.15,
        "Dmu_ORANGE": 33642.31,
        "rang_Ted_ORANGE": 1,
        "rang_Ted_MTN": 3,
        "rang_Ted_MOOV": 1,
        "rang_Tcd_ORANGE": 1,
        "rang_Tcd_MTN": 3,
        "rang_Tcd_MOOV": 2,
        "rang_Tddd_ORANGE": 1,
        "rang_Tddd_MTN": 1,
        "rang_Tddd_MOOV": 1,
        "rang_Tddu_ORANGE": 1,
        "rang_Tddu_MTN": 1,
        "rang_Tddu_MOOV": 1,
        "rang_Dmd_ORANGE": 3,
        "rang_Dmd_MTN": 2,
        "rang_Dmd_MOOV": 1,
        "rang_Dmu_ORANGE": 2,
        "rang_Dmu_MTN": 3,
        "rang_Dmu_MOOV": 1
      },
      "id": 4
    },
    {
      "type": "Feature",
      "geometry": {
        "coordinates": [
          -3.8870400000000003,
          5.349
        ],
        "type": "Point"
      },
      "properties": {
        "ADM0_FR": "DISTRICT AUTONOME D'ABIDJAN",
        "ADM0_PCODE": "CI04",
        "ADM1_FR": "DISTRICT AUTONOME D'ABIDJAN",
        "ADM1_PCODE": "CI101",
        "ADM2_FR": "ABIDJAN",
        "ADM2_PCODE": "CI0101",
        "ADM3_FR": "BINGERVILLE",
        "ADM3_PCODE": "CI010103",
        "ADM4_FR": "BINGERVILLE",
        "ADM4_PCODE": "C1214",
        "centerLat": 5.359,
        "centerLng": -3.89704,
        "pop": 64015,
        "Ted_MOOV": 0.47000000000000003,
        "Tcd_MOOV": 95.77,
        "Tddu_MOOV": 6.35,
        "Tddd_MOOV": 13.33,
        "Dmd_MOOV": 9365.23,
        "Dmu_MOOV": 10575.97,
        "Ted_MTN": 7.2700000000000005,
        "Tcd_MTN": 93.14,
        "Tddu_MTN": 6.5600000000000005,
        "Tddd_MTN": 0.0,
        "Dmd_MTN": 37535.69,
        "Dmu_MTN": 25224.48,
        "Ted_ORANGE": 2.27,
        "Tcd_ORANGE": 99.53,
        "Tddu_ORANGE": 0.0,
        "Tddd_ORANGE": 0.0,
        "Dmd_ORANGE": 83275.86,
        "Dmu_ORANGE": 26690.8,
        "rang_Ted_ORANGE": 2,
        "rang_Ted_MTN": 3,
        "rang_Ted_MOOV": 1,
        "rang_Tcd_ORANGE": 1,
        "rang_Tcd_MTN": 3,
        "rang_Tcd_MOOV": 2,
        "rang_Tddd_ORANGE": 1,
        "rang_Tddd_MTN": 1,
        "rang_Tddd_MOOV": 3,
        "rang_Tddu_ORANGE": 1,
        "rang_Tddu_MTN": 3,
        "rang_Tddu_MOOV": 2,
        "rang_Dmd_ORANGE": 3,
        "rang_Dmd_MTN": 2,
        "rang_Dmd_MOOV": 1,
        "rang_Dmu_ORANGE": 3,
        "rang_Dmu_MTN": 2,
        "rang_Dmu_MOOV": 1
      },
      "id": 5
    },
    {
      "type": "Feature",
      "geometry": {
        "coordinates": [
          -3.9508900000000002,
          5.363
        ],
        "type": "Point"
      },
      "properties": {
        "ADM0_FR": "DISTRICT AUTONOME D'ABIDJAN",
        "ADM0_PCODE": "CI04",
        "ADM1_FR": "DISTRICT AUTONOME D'ABIDJAN",
        "ADM1_PCODE": "CI101",
        "ADM2_FR": "ABIDJAN",
        "ADM2_PCODE": "CI0101",
        "ADM3_FR": "ABIDJAN",
        "ADM3_PCODE": "CI010101",
        "ADM4_FR": "COCODY",
        "ADM4_PCODE": "C1672",
        "centerLat": 5.373,
        "centerLng": -3.96089,
        "pop": 447055,
        "Ted_MOOV": 1.0,
        "Tcd_MOOV": 99.24,
        "Tddu_MOOV": 3.36,
        "Tddd_MOOV": 2.8899999999999997,
        "Dmd_MOOV": 15772.3,
        "Dmu_MOOV": 14588.21,
        "Ted_MTN": 1.5,
        "Tcd_MTN": 99.49,
        "Tddu_MTN": 1.68,
        "Tddd_MTN": 0.0,
        "Dmd_MTN": 63634.45,
        "Dmu_MTN": 27848.24,
        "Ted_ORANGE": 1.0,
        "Tcd_ORANGE": 99.75,
        "Tddu_ORANGE": 0.0,
        "Tddd_ORANGE": 0.0,
        "Dmd_ORANGE": 92449.2,
        "Dmu_ORANGE": 30660.8,
        "rang_Ted_ORANGE": 1,
        "rang_Ted_MTN": 3,
        "rang_Ted_MOOV": 1,
        "rang_Tcd_ORANGE": 1,
        "rang_Tcd_MTN": 2,
        "rang_Tcd_MOOV": 3,
        "rang_Tddd_ORANGE": 1,
        "rang_Tddd_MTN": 1,
        "rang_Tddd_MOOV": 3,
        "rang_Tddu_ORANGE": 1,
        "rang_Tddu_MTN": 2,
        "rang_Tddu_MOOV": 3,
        "rang_Dmd_ORANGE": 3,
        "rang_Dmd_MTN": 2,
        "rang_Dmd_MOOV": 1,
        "rang_Dmu_ORANGE": 3,
        "rang_Dmu_MTN": 2,
        "rang_Dmu_MOOV": 1
      },
      "id": 6
    },
    {
      "type": "Feature",
      "geometry": {
        "coordinates": [
          -3.7168900000000002,
          5.18266
        ],
        "type": "Point"
      },
      "properties": {
        "ADM0_FR": "COMOE",
        "ADM0_PCODE": "CI02",
        "ADM1_FR": "SUD-COMOE",
        "ADM1_PCODE": "CI130",
        "ADM2_FR": "GRAND-BASSAM",
        "ADM2_PCODE": "CI3003",
        "ADM3_FR": "GRAND-BASSAM",
        "ADM3_PCODE": "CI300303",
        "ADM4_FR": "GRAND-BASSAM",
        "ADM4_PCODE": "C3367",
        "centerLat": 5.19266,
        "centerLng": -3.72689,
        "pop": 74671,
        "Ted_MOOV": 0.0,
        "Tcd_MOOV": 99.51,
        "Tddu_MOOV": 0.0,
        "Tddd_MOOV": 0.69,
        "Dmd_MOOV": 20774.12,
        "Dmu_MOOV": 27651.64,
        "Ted_MTN": 5.37,
        "Tcd_MTN": 99.48,
        "Tddu_MTN": 0.0,
        "Tddd_MTN": 2.88,
        "Dmd_MTN": 52340.62,
        "Dmu_MTN": 33324.31,
        "Ted_ORANGE": 0.0,
        "Tcd_ORANGE": 100.0,
        "Tddu_ORANGE": 0.0,
        "Tddd_ORANGE": 0.0,
        "Dmd_ORANGE": 95773.68,
        "Dmu_ORANGE": 25476.81,
        "rang_Ted_ORANGE": 1,
        "rang_Ted_MTN": 3,
        "rang_Ted_MOOV": 1,
        "rang_Tcd_ORANGE": 1,
        "rang_Tcd_MTN": 3,
        "rang_Tcd_MOOV": 2,
        "rang_Tddd_ORANGE": 1,
        "rang_Tddd_MTN": 3,
        "rang_Tddd_MOOV": 2,
        "rang_Tddu_ORANGE": 1,
        "rang_Tddu_MTN": 1,
        "rang_Tddu_MOOV": 1,
        "rang_Dmd_ORANGE": 3,
        "rang_Dmd_MTN": 2,
        "rang_Dmd_MOOV": 1,
        "rang_Dmu_ORANGE": 1,
        "rang_Dmu_MTN": 3,
        "rang_Dmu_MOOV": 2
      },
      "id": 7
    },
    {
      "type": "Feature",
      "geometry": {
        "coordinates": [
          -3.9383600000000003,
          5.29249
        ],
        "type": "Point"
      },
      "properties": {
        "ADM0_FR": "DISTRICT AUTONOME D'ABIDJAN",
        "ADM0_PCODE": "CI04",
        "ADM1_FR": "DISTRICT AUTONOME D'ABIDJAN",
        "ADM1_PCODE": "CI101",
        "ADM2_FR": "ABIDJAN",
        "ADM2_PCODE": "CI0101",
        "ADM3_FR": "ABIDJAN",
        "ADM3_PCODE": "CI010101",
        "ADM4_FR": "KOUMASSI",
        "ADM4_PCODE": "C4694",
        "centerLat": 5.30249,
        "centerLng": -3.94836,
        "pop": 433139,
        "Ted_MOOV": 0.0,
        "Tcd_MOOV": 99.21,
        "Tddu_MOOV": 1.32,
        "Tddd_MOOV": 0.0,
        "Dmd_MOOV": 19698.0,
        "Dmu_MOOV": 18185.57,
        "Ted_MTN": 4.3999999999999995,
        "Tcd_MTN": 100.0,
        "Tddu_MTN": 0.0,
        "Tddd_MTN": 1.78,
        "Dmd_MTN": 48522.15,
        "Dmu_MTN": 43139.36,
        "Ted_ORANGE": 0.0,
        "Tcd_ORANGE": 99.2,
        "Tddu_ORANGE": 0.0,
        "Tddd_ORANGE": 0.5700000000000001,
        "Dmd_ORANGE": 48784.3,
        "Dmu_ORANGE": 28795.56,
        "rang_Ted_ORANGE": 1,
        "rang_Ted_MTN": 3,
        "rang_Ted_MOOV": 1,
        "rang_Tcd_ORANGE": 3,
        "rang_Tcd_MTN": 1,
        "rang_Tcd_MOOV": 2,
        "rang_Tddd_ORANGE": 2,
        "rang_Tddd_MTN": 3,
        "rang_Tddd_MOOV": 1,
        "rang_Tddu_ORANGE": 1,
        "rang_Tddu_MTN": 1,
        "rang_Tddu_MOOV": 3,
        "rang_Dmd_ORANGE": 3,
        "rang_Dmd_MTN": 2,
        "rang_Dmd_MOOV": 1,
        "rang_Dmu_ORANGE": 2,
        "rang_Dmu_MTN": 3,
        "rang_Dmu_MOOV": 1
      },
      "id": 8
    },
    {
      "type": "Feature",
      "geometry": {
        "coordinates": [
          -3.97251,
          5.28932
        ],
        "type": "Point"
      },
      "properties": {
        "ADM0_FR": "DISTRICT AUTONOME D'ABIDJAN",
        "ADM0_PCODE": "CI04",
        "ADM1_FR": "DISTRICT AUTONOME D'ABIDJAN",
        "ADM1_PCODE": "CI101",
        "ADM2_FR": "ABIDJAN",
        "ADM2_PCODE": "CI0101",
        "ADM3_FR": "ABIDJAN",
        "ADM3_PCODE": "CI010101",
        "ADM4_FR": "MARCORY",
        "ADM4_PCODE": "C5375",
        "centerLat": 5.29932,
        "centerLng": -3.98251,
        "pop": 249858,
        "Ted_MOOV": 0.0,
        "Tcd_MOOV": 99.48,
        "Tddu_MOOV": 0.0,
        "Tddd_MOOV": 0.0,
        "Dmd_MOOV": 18928.26,
        "Dmu_MOOV": 20129.24,
        "Ted_MTN": 1.16,
        "Tcd_MTN": 99.61,
        "Tddu_MTN": 0.0,
        "Tddd_MTN": 0.0,
        "Dmd_MTN": 61702.81,
        "Dmu_MTN": 35658.61,
        "Ted_ORANGE": 0.0,
        "Tcd_ORANGE": 99.2,
        "Tddu_ORANGE": 0.0,
        "Tddd_ORANGE": 0.0,
        "Dmd_ORANGE": 93908.29,
        "Dmu_ORANGE": 41212.09,
        "rang_Ted_ORANGE": 1,
        "rang_Ted_MTN": 3,
        "rang_Ted_MOOV": 1,
        "rang_Tcd_ORANGE": 3,
        "rang_Tcd_MTN": 1,
        "rang_Tcd_MOOV": 2,
        "rang_Tddd_ORANGE": 1,
        "rang_Tddd_MTN": 1,
        "rang_Tddd_MOOV": 1,
        "rang_Tddu_ORANGE": 1,
        "rang_Tddu_MTN": 1,
        "rang_Tddu_MOOV": 1,
        "rang_Dmd_ORANGE": 3,
        "rang_Dmd_MTN": 2,
        "rang_Dmd_MOOV": 1,
        "rang_Dmu_ORANGE": 3,
        "rang_Dmu_MTN": 2,
        "rang_Dmu_MOOV": 1
      },
      "id": 9
    },
    {
      "type": "Feature",
      "geometry": {
        "coordinates": [
          -4.01164,
          5.31517
        ],
        "type": "Point"
      },
      "properties": {
        "ADM0_FR": "DISTRICT AUTONOME D'ABIDJAN",
        "ADM0_PCODE": "CI04",
        "ADM1_FR": "DISTRICT AUTONOME D'ABIDJAN",
        "ADM1_PCODE": "CI101",
        "ADM2_FR": "ABIDJAN",
        "ADM2_PCODE": "CI0101",
        "ADM3_FR": "ABIDJAN",
        "ADM3_PCODE": "CI010101",
        "ADM4_FR": "PLATEAU",
        "ADM4_PCODE": "C6556",
        "centerLat": 5.32517,
        "centerLng": -4.02164,
        "pop": 7488,
        "Ted_MOOV": 0.77,
        "Tcd_MOOV": 99.22,
        "Tddu_MOOV": 0.0,
        "Tddd_MOOV": 0.5499999999999999,
        "Dmd_MOOV": 19652.54,
        "Dmu_MOOV": 22805.14,
        "Ted_MTN": 7.489999999999999,
        "Tcd_MTN": 97.17,
        "Tddu_MTN": 0.0,
        "Tddd_MTN": 0.0,
        "Dmd_MTN": 40489.67,
        "Dmu_MTN": 31200.73,
        "Ted_ORANGE": 2.26,
        "Tcd_ORANGE": 99.61,
        "Tddu_ORANGE": 0.0,
        "Tddd_ORANGE": 0.0,
        "Dmd_ORANGE": 80037.88,
        "Dmu_ORANGE": 38526.03,
        "rang_Ted_ORANGE": 2,
        "rang_Ted_MTN": 3,
        "rang_Ted_MOOV": 1,
        "rang_Tcd_ORANGE": 1,
        "rang_Tcd_MTN": 3,
        "rang_Tcd_MOOV": 2,
        "rang_Tddd_ORANGE": 1,
        "rang_Tddd_MTN": 1,
        "rang_Tddd_MOOV": 3,
        "rang_Tddu_ORANGE": 1,
        "rang_Tddu_MTN": 1,
        "rang_Tddu_MOOV": 1,
        "rang_Dmd_ORANGE": 3,
        "rang_Dmd_MTN": 2,
        "rang_Dmd_MOOV": 1,
        "rang_Dmu_ORANGE": 3,
        "rang_Dmu_MTN": 2,
        "rang_Dmu_MOOV": 1
      },
      "id": 10
    },
    {
      "type": "Feature",
      "geometry": {
        "coordinates": [
          -3.9486260000000004,
          5.246881
        ],
        "type": "Point"
      },
      "properties": {
        "ADM0_FR": "DISTRICT AUTONOME D'ABIDJAN",
        "ADM0_PCODE": "CI04",
        "ADM1_FR": "DISTRICT AUTONOME D'ABIDJAN",
        "ADM1_PCODE": "CI101",
        "ADM2_FR": "ABIDJAN",
        "ADM2_PCODE": "CI0101",
        "ADM3_FR": "ABIDJAN",
        "ADM3_PCODE": "CI010101",
        "ADM4_FR": "PORT-BOUET",
        "ADM4_PCODE": "C6619",
        "centerLat": 5.256881,
        "centerLng": -3.958626,
        "pop": 419033,
        "Ted_MOOV": 0.0,
        "Tcd_MOOV": 99.44,
        "Tddu_MOOV": 1.92,
        "Tddd_MOOV": 0.0,
        "Dmd_MOOV": 13328.47,
        "Dmu_MOOV": 13458.9,
        "Ted_MTN": 6.32,
        "Tcd_MTN": 99.16,
        "Tddu_MTN": 0.0,
        "Tddd_MTN": 1.82,
        "Dmd_MTN": 55350.12,
        "Dmu_MTN": 27256.89,
        "Ted_ORANGE": 0.76,
        "Tcd_ORANGE": 99.62,
        "Tddu_ORANGE": 0.0,
        "Tddd_ORANGE": 3.3099999999999996,
        "Dmd_ORANGE": 89627.44,
        "Dmu_ORANGE": 30960.45,
        "rang_Ted_ORANGE": 2,
        "rang_Ted_MTN": 3,
        "rang_Ted_MOOV": 1,
        "rang_Tcd_ORANGE": 1,
        "rang_Tcd_MTN": 3,
        "rang_Tcd_MOOV": 2,
        "rang_Tddd_ORANGE": 3,
        "rang_Tddd_MTN": 2,
        "rang_Tddd_MOOV": 1,
        "rang_Tddu_ORANGE": 1,
        "rang_Tddu_MTN": 1,
        "rang_Tddu_MOOV": 3,
        "rang_Dmd_ORANGE": 3,
        "rang_Dmd_MTN": 2,
        "rang_Dmd_MOOV": 1,
        "rang_Dmu_ORANGE": 3,
        "rang_Dmu_MTN": 2,
        "rang_Dmu_MOOV": 1
      },
      "id": 11
    },
    {
      "type": "Feature",
      "geometry": {
        "coordinates": [
          -4.00044,
          5.2809800000000005
        ],
        "type": "Point"
      },
      "properties": {
        "ADM0_FR": "DISTRICT AUTONOME D'ABIDJAN",
        "ADM0_PCODE": "CI04",
        "ADM1_FR": "DISTRICT AUTONOME D'ABIDJAN",
        "ADM1_PCODE": "CI101",
        "ADM2_FR": "ABIDJAN",
        "ADM2_PCODE": "CI0101",
        "ADM3_FR": "ABIDJAN",
        "ADM3_PCODE": "CI010101",
        "ADM4_FR": "TREICHVILLE",
        "ADM4_PCODE": "C7913",
        "centerLat": 5.29098,
        "centerLng": -4.01044,
        "pop": 102580,
        "Ted_MOOV": 0.88,
        "Tcd_MOOV": 99.56,
        "Tddu_MOOV": 1.4500000000000002,
        "Tddd_MOOV": 1.28,
        "Dmd_MOOV": 18989.29,
        "Dmu_MOOV": 22002.5,
        "Ted_MTN": 0.0,
        "Tcd_MTN": 98.82,
        "Tddu_MTN": 0.0,
        "Tddd_MTN": 0.0,
        "Dmd_MTN": 41910.25,
        "Dmu_MTN": 26283.55,
        "Ted_ORANGE": 0.0,
        "Tcd_ORANGE": 99.25,
        "Tddu_ORANGE": 2.5,
        "Tddd_ORANGE": 0.0,
        "Dmd_ORANGE": 55320.31,
        "Dmu_ORANGE": 31961.86,
        "rang_Ted_ORANGE": 1,
        "rang_Ted_MTN": 1,
        "rang_Ted_MOOV": 3,
        "rang_Tcd_ORANGE": 2,
        "rang_Tcd_MTN": 3,
        "rang_Tcd_MOOV": 1,
        "rang_Tddd_ORANGE": 1,
        "rang_Tddd_MTN": 1,
        "rang_Tddd_MOOV": 3,
        "rang_Tddu_ORANGE": 3,
        "rang_Tddu_MTN": 1,
        "rang_Tddu_MOOV": 2,
        "rang_Dmd_ORANGE": 3,
        "rang_Dmd_MTN": 2,
        "rang_Dmd_MOOV": 1,
        "rang_Dmu_ORANGE": 3,
        "rang_Dmu_MTN": 2,
        "rang_Dmu_MOOV": 1
      },
      "id": 12
    },
    {
      "type": "Feature",
      "geometry": {
        "coordinates": [
          -4.080150000000001,
          5.2984800000000005
        ],
        "type": "Point"
      },
      "properties": {
        "ADM0_FR": "DISTRICT AUTONOME D'ABIDJAN",
        "ADM0_PCODE": "CI04",
        "ADM1_FR": "DISTRICT AUTONOME D'ABIDJAN",
        "ADM1_PCODE": "CI101",
        "ADM2_FR": "ABIDJAN",
        "ADM2_PCODE": "CI0101",
        "ADM3_FR": "ABIDJAN",
        "ADM3_PCODE": "CI010101",
        "ADM4_FR": "YOPOUGON",
        "ADM4_PCODE": "C8230",
        "centerLat": 5.30848,
        "centerLng": -4.09015,
        "pop": 1071543,
        "Ted_MOOV": 0.0,
        "Tcd_MOOV": 100.0,
        "Tddu_MOOV": 0.8099999999999999,
        "Tddd_MOOV": 2.06,
        "Dmd_MOOV": 18362.11,
        "Dmu_MOOV": 17311.79,
        "Ted_MTN": 2.65,
        "Tcd_MTN": 99.26,
        "Tddu_MTN": 0.0,
        "Tddd_MTN": 2.48,
        "Dmd_MTN": 31749.05,
        "Dmu_MTN": 29065.99,
        "Ted_ORANGE": 0.0,
        "Tcd_ORANGE": 100.0,
        "Tddu_ORANGE": 0.0,
        "Tddd_ORANGE": 0.0,
        "Dmd_ORANGE": 64892.4,
        "Dmu_ORANGE": 36900.75,
        "rang_Ted_ORANGE": 1,
        "rang_Ted_MTN": 3,
        "rang_Ted_MOOV": 1,
        "rang_Tcd_ORANGE": 1,
        "rang_Tcd_MTN": 3,
        "rang_Tcd_MOOV": 1,
        "rang_Tddd_ORANGE": 1,
        "rang_Tddd_MTN": 3,
        "rang_Tddd_MOOV": 2,
        "rang_Tddu_ORANGE": 1,
        "rang_Tddu_MTN": 1,
        "rang_Tddu_MOOV": 3,
        "rang_Dmd_ORANGE": 3,
        "rang_Dmd_MTN": 2,
        "rang_Dmd_MOOV": 1,
        "rang_Dmu_ORANGE": 3,
        "rang_Dmu_MTN": 2,
        "rang_Dmu_MOOV": 1
      },
      "id": 13
    },
    {
      "type": "Feature",
      "geometry": {
        "coordinates": [
          -3.4867600000000003,
          6.7183600000000006
        ],
        "type": "Point"
      },
      "properties": {
        "ADM0_FR": "COMOE",
        "ADM0_PCODE": "CI02",
        "ADM1_FR": "INDENIE-DJUABLIN",
        "ADM1_PCODE": "CI120",
        "ADM2_FR": "ABENGOUROU",
        "ADM2_PCODE": "CI2001",
        "ADM3_FR": "ABENGOUROU",
        "ADM3_PCODE": "CI200101",
        "ADM4_FR": "ABENGOUROU",
        "ADM4_PCODE": "C0014",
        "centerLat": 6.72836,
        "centerLng": -3.49676,
        "pop": 100910,
        "Ted_MOOV": 0.0,
        "Tcd_MOOV": 98.83999999999999,
        "Tddu_MOOV": 1.28,
        "Tddd_MOOV": 12.709999999999999,
        "Dmd_MOOV": 26226.39,
        "Dmu_MOOV": 11172.63,
        "Ted_MTN": 7.55,
        "Tcd_MTN": 96.73,
        "Tddu_MTN": 4.05,
        "Tddd_MTN": 5.26,
        "Dmd_MTN": 35375.49,
        "Dmu_MTN": 23912.06,
        "Ted_ORANGE": 0.0,
        "Tcd_ORANGE": 99.25,
        "Tddu_ORANGE": 0.0,
        "Tddd_ORANGE": 0.0,
        "Dmd_ORANGE": 42812.11,
        "Dmu_ORANGE": 9051.26,
        "rang_Ted_ORANGE": 1,
        "rang_Ted_MTN": 3,
        "rang_Ted_MOOV": 1,
        "rang_Tcd_ORANGE": 1,
        "rang_Tcd_MTN": 3,
        "rang_Tcd_MOOV": 2,
        "rang_Tddd_ORANGE": 1,
        "rang_Tddd_MTN": 2,
        "rang_Tddd_MOOV": 3,
        "rang_Tddu_ORANGE": 1,
        "rang_Tddu_MTN": 3,
        "rang_Tddu_MOOV": 2,
        "rang_Dmd_ORANGE": 3,
        "rang_Dmd_MTN": 2,
        "rang_Dmd_MOOV": 1,
        "rang_Dmu_ORANGE": 1,
        "rang_Dmu_MTN": 3,
        "rang_Dmu_MOOV": 2
      },
      "id": 14
    },
    {
      "type": "Feature",
      "geometry": {
        "coordinates": [
          -3.8562200000000004,
          6.099600000000001
        ],
        "type": "Point"
      },
      "properties": {
        "ADM0_FR": "LAGUNES",
        "ADM0_PCODE": "CI08",
        "ADM1_FR": "LA ME",
        "ADM1_PCODE": "CI124",
        "ADM2_FR": "ADZOPE",
        "ADM2_PCODE": "CI2401",
        "ADM3_FR": "ADZOPE",
        "ADM3_PCODE": "CI240101",
        "ADM4_FR": "ADZOPE",
        "ADM4_PCODE": "C0176",
        "centerLat": 6.1096,
        "centerLng": -3.86622,
        "pop": 58722,
        "Ted_MOOV": 0.0,
        "Tcd_MOOV": 99.48,
        "Tddu_MOOV": 0.0,
        "Tddd_MOOV": 0.0,
        "Dmd_MOOV": 29030.86,
        "Dmu_MOOV": 18172.36,
        "Ted_MTN": 2.11,
        "Tcd_MTN": 96.12,
        "Tddu_MTN": 2.82,
        "Tddd_MTN": 0.62,
        "Dmd_MTN": 47921.93,
        "Dmu_MTN": 19314.08,
        "Ted_ORANGE": 0.0,
        "Tcd_ORANGE": 100.0,
        "Tddu_ORANGE": 0.0,
        "Tddd_ORANGE": 0.0,
        "Dmd_ORANGE": 55590.27,
        "Dmu_ORANGE": 18360.32,
        "rang_Ted_ORANGE": 1,
        "rang_Ted_MTN": 3,
        "rang_Ted_MOOV": 1,
        "rang_Tcd_ORANGE": 1,
        "rang_Tcd_MTN": 3,
        "rang_Tcd_MOOV": 2,
        "rang_Tddd_ORANGE": 1,
        "rang_Tddd_MTN": 3,
        "rang_Tddd_MOOV": 1,
        "rang_Tddu_ORANGE": 1,
        "rang_Tddu_MTN": 3,
        "rang_Tddu_MOOV": 1,
        "rang_Dmd_ORANGE": 3,
        "rang_Dmd_MTN": 2,
        "rang_Dmd_MOOV": 1,
        "rang_Dmu_ORANGE": 2,
        "rang_Dmu_MTN": 3,
        "rang_Dmu_MOOV": 1
      },
      "id": 15
    },
    {
      "type": "Feature",
      "geometry": {
        "coordinates": [
          -3.2799600000000004,
          5.12392
        ],
        "type": "Point"
      },
      "properties": {
        "ADM0_FR": "COMOE",
        "ADM0_PCODE": "CI02",
        "ADM1_FR": "SUD-COMOE",
        "ADM1_PCODE": "CI130",
        "ADM2_FR": "ADIAKE",
        "ADM2_PCODE": "CI3002",
        "ADM3_FR": "ASSINIE-MAFIA",
        "ADM3_PCODE": "CI300202",
        "ADM4_FR": "ASSINIE-MAFIA",
        "ADM4_PCODE": "C0685",
        "centerLat": 5.13392,
        "centerLng": -3.28996,
        "pop": 5661,
        "Ted_MOOV": 1.1400000000000001,
        "Tcd_MOOV": 96.55,
        "Tddu_MOOV": 0.0,
        "Tddd_MOOV": 0.0,
        "Dmd_MOOV": 38346.11,
        "Dmu_MOOV": 22156.6,
        "Ted_MTN": 0.0,
        "Tcd_MTN": 98.06,
        "Tddu_MTN": 0.0,
        "Tddd_MTN": 0.0,
        "Dmd_MTN": 63813.55,
        "Dmu_MTN": 22759.23,
        "Ted_ORANGE": 0.0,
        "Tcd_ORANGE": 98.13,
        "Tddu_ORANGE": 0.0,
        "Tddd_ORANGE": 0.0,
        "Dmd_ORANGE": 82474.33,
        "Dmu_ORANGE": 20805.44,
        "rang_Ted_ORANGE": 1,
        "rang_Ted_MTN": 1,
        "rang_Ted_MOOV": 3,
        "rang_Tcd_ORANGE": 1,
        "rang_Tcd_MTN": 2,
        "rang_Tcd_MOOV": 3,
        "rang_Tddd_ORANGE": 1,
        "rang_Tddd_MTN": 1,
        "rang_Tddd_MOOV": 1,
        "rang_Tddu_ORANGE": 1,
        "rang_Tddu_MTN": 1,
        "rang_Tddu_MOOV": 1,
        "rang_Dmd_ORANGE": 3,
        "rang_Dmd_MTN": 2,
        "rang_Dmd_MOOV": 1,
        "rang_Dmu_ORANGE": 1,
        "rang_Dmu_MTN": 3,
        "rang_Dmu_MOOV": 2
      },
      "id": 16
    },
    {
      "type": "Feature",
      "geometry": {
        "coordinates": [
          -4.07075,
          5.63569
        ],
        "type": "Point"
      },
      "properties": {
        "ADM0_FR": "LAGUNES",
        "ADM0_PCODE": "CI08",
        "ADM1_FR": "AGNEBY-TIASSA",
        "ADM1_PCODE": "CI103",
        "ADM2_FR": "AGBOVILLE",
        "ADM2_PCODE": "CI0301",
        "ADM3_FR": "AZAGUIE",
        "ADM3_PCODE": "CI030105",
        "ADM4_FR": "AZAGUIÉ",
        "ADM4_PCODE": "C0780",
        "centerLat": 5.64569,
        "centerLng": -4.08075,
        "pop": 13876,
        "Ted_MOOV": 0.0,
        "Tcd_MOOV": 98.9,
        "Tddu_MOOV": 0.0,
        "Tddd_MOOV": 0.0,
        "Dmd_MOOV": 96244.8,
        "Dmu_MOOV": 23226.6,
        "Ted_MTN": 10.99,
        "Tcd_MTN": 86.42,
        "Tddu_MTN": 4.0,
        "Tddd_MTN": 3.5700000000000003,
        "Dmd_MTN": 25076.85,
        "Dmu_MTN": 12540.31,
        "Ted_ORANGE": 0.0,
        "Tcd_ORANGE": 101.39,
        "Tddu_ORANGE": 0.0,
        "Tddd_ORANGE": 0.0,
        "Dmd_ORANGE": 103304.73,
        "Dmu_ORANGE": 29997.35,
        "rang_Ted_ORANGE": 1,
        "rang_Ted_MTN": 3,
        "rang_Ted_MOOV": 1,
        "rang_Tcd_ORANGE": 1,
        "rang_Tcd_MTN": 3,
        "rang_Tcd_MOOV": 2,
        "rang_Tddd_ORANGE": 1,
        "rang_Tddd_MTN": 3,
        "rang_Tddd_MOOV": 1,
        "rang_Tddu_ORANGE": 1,
        "rang_Tddu_MTN": 3,
        "rang_Tddu_MOOV": 1,
        "rang_Dmd_ORANGE": 3,
        "rang_Dmd_MTN": 1,
        "rang_Dmd_MOOV": 2,
        "rang_Dmu_ORANGE": 3,
        "rang_Dmu_MTN": 1,
        "rang_Dmu_MOOV": 2
      },
      "id": 17
    },
    {
      "type": "Feature",
      "geometry": {
        "coordinates": [
          -3.40103,
          6.06518
        ],
        "type": "Point"
      },
      "properties": {
        "ADM0_FR": "COMOE",
        "ADM0_PCODE": "CI02",
        "ADM1_FR": "INDENIE-DJUABLIN",
        "ADM1_PCODE": "CI120",
        "ADM2_FR": "BETTIE",
        "ADM2_PCODE": "CI2003",
        "ADM3_FR": "BETTIE",
        "ADM3_PCODE": "CI200301",
        "ADM4_FR": "BETTIE",
        "ADM4_PCODE": "C1143",
        "centerLat": 6.07518,
        "centerLng": -3.41103,
        "pop": 8455,
        "Ted_MOOV": 0.0,
        "Tcd_MOOV": 87.03999999999999,
        "Tddu_MOOV": 0.0,
        "Tddd_MOOV": 1.7399999999999998,
        "Dmd_MOOV": 10285.15,
        "Dmu_MOOV": 17874.68,
        "Ted_MTN": 21.08,
        "Tcd_MTN": 94.66,
        "Tddu_MTN": 0.0,
        "Tddd_MTN": 26.0,
        "Dmd_MTN": 6821.79,
        "Dmu_MTN": 12401.3,
        "Ted_ORANGE": 8.540000000000001,
        "Tcd_ORANGE": 40.67,
        "Tddu_ORANGE": 2.27,
        "Tddd_ORANGE": 50.0,
        "Dmd_ORANGE": 445.83,
        "Dmu_ORANGE": 10691.49,
        "rang_Ted_ORANGE": 2,
        "rang_Ted_MTN": 3,
        "rang_Ted_MOOV": 1,
        "rang_Tcd_ORANGE": 3,
        "rang_Tcd_MTN": 1,
        "rang_Tcd_MOOV": 2,
        "rang_Tddd_ORANGE": 3,
        "rang_Tddd_MTN": 2,
        "rang_Tddd_MOOV": 1,
        "rang_Tddu_ORANGE": 3,
        "rang_Tddu_MTN": 1,
        "rang_Tddu_MOOV": 1,
        "rang_Dmd_ORANGE": 1,
        "rang_Dmd_MTN": 2,
        "rang_Dmd_MOOV": 3,
        "rang_Dmu_ORANGE": 1,
        "rang_Dmu_MTN": 2,
        "rang_Dmu_MOOV": 3
      },
      "id": 18
    },
    {
      "type": "Feature",
      "geometry": {
        "coordinates": [
          -7.99319,
          6.56065
        ],
        "type": "Point"
      },
      "properties": {
        "ADM0_FR": "MONTAGNES",
        "ADM0_PCODE": "CI09",
        "ADM1_FR": "CAVALLY",
        "ADM1_PCODE": "CI109",
        "ADM2_FR": "BLOLEQUIN",
        "ADM2_PCODE": "CI0901",
        "ADM3_FR": "BLOLEQUIN",
        "ADM3_PCODE": "CI090101",
        "ADM4_FR": "BLOLÉQUIN",
        "ADM4_PCODE": "C1290",
        "centerLat": 6.57065,
        "centerLng": -8.00319,
        "pop": 32262,
        "Ted_MOOV": 12.9,
        "Tcd_MOOV": 60.74,
        "Tddu_MOOV": 2.63,
        "Tddd_MOOV": 0.0,
        "Dmd_MOOV": 7060.85,
        "Dmu_MOOV": 6120.56,
        "Ted_MTN": 0.65,
        "Tcd_MTN": 99.35000000000001,
        "Tddu_MTN": 0.0,
        "Tddd_MTN": 2.75,
        "Dmd_MTN": 47749.97,
        "Dmu_MTN": 22570.33,
        "Ted_ORANGE": 1.94,
        "Tcd_ORANGE": 96.71,
        "Tddu_ORANGE": 0.0,
        "Tddd_ORANGE": 0.0,
        "Dmd_ORANGE": 3168.33,
        "Dmu_ORANGE": 19448.32,
        "rang_Ted_ORANGE": 2,
        "rang_Ted_MTN": 1,
        "rang_Ted_MOOV": 3,
        "rang_Tcd_ORANGE": 2,
        "rang_Tcd_MTN": 1,
        "rang_Tcd_MOOV": 3,
        "rang_Tddd_ORANGE": 1,
        "rang_Tddd_MTN": 3,
        "rang_Tddd_MOOV": 1,
        "rang_Tddu_ORANGE": 1,
        "rang_Tddu_MTN": 1,
        "rang_Tddu_MOOV": 3,
        "rang_Dmd_ORANGE": 1,
        "rang_Dmd_MTN": 3,
        "rang_Dmd_MOOV": 2,
        "rang_Dmu_ORANGE": 2,
        "rang_Dmu_MTN": 3,
        "rang_Dmu_MOOV": 1
      },
      "id": 19
    },
    {
      "type": "Feature",
      "geometry": {
        "coordinates": [
          -2.79,
          8.03
        ],
        "type": "Point"
      },
      "properties": {
        "ADM0_FR": "COMOE",
        "ADM0_PCODE": "CI02",
        "ADM1_FR": "SUD-COMOE",
        "ADM1_PCODE": "CI130",
        "ADM2_FR": "ADIAKE",
        "ADM2_PCODE": "CI3002",
        "ADM3_FR": "ADIAKE",
        "ADM3_PCODE": "CI300201",
        "ADM4_FR": "BONDOUKOU",
        "ADM4_PCODE": "C1424",
        "centerLat": 8.04,
        "centerLng": -2.8,
        "pop": 1837,
        "Ted_MOOV": 0.48,
        "Tcd_MOOV": 97.6,
        "Tddu_MOOV": 0.0,
        "Tddd_MOOV": 4.83,
        "Dmd_MOOV": 23574.6,
        "Dmu_MOOV": 10347.76,
        "Ted_MTN": 1.8599999999999999,
        "Tcd_MTN": 93.84,
        "Tddu_MTN": 3.1300000000000003,
        "Tddd_MTN": 0.6799999999999999,
        "Dmd_MTN": 24833.39,
        "Dmu_MTN": 15798.4,
        "Ted_ORANGE": 0.49,
        "Tcd_ORANGE": 99.51,
        "Tddu_ORANGE": 0.0,
        "Tddd_ORANGE": 0.0,
        "Dmd_ORANGE": 60729.81,
        "Dmu_ORANGE": 11813.77,
        "rang_Ted_ORANGE": 2,
        "rang_Ted_MTN": 3,
        "rang_Ted_MOOV": 1,
        "rang_Tcd_ORANGE": 1,
        "rang_Tcd_MTN": 3,
        "rang_Tcd_MOOV": 2,
        "rang_Tddd_ORANGE": 1,
        "rang_Tddd_MTN": 2,
        "rang_Tddd_MOOV": 3,
        "rang_Tddu_ORANGE": 1,
        "rang_Tddu_MTN": 3,
        "rang_Tddu_MOOV": 1,
        "rang_Dmd_ORANGE": 3,
        "rang_Dmd_MTN": 2,
        "rang_Dmd_MOOV": 1,
        "rang_Dmu_ORANGE": 2,
        "rang_Dmu_MTN": 3,
        "rang_Dmu_MOOV": 1
      },
      "id": 20
    },
    {
      "type": "Feature",
      "geometry": {
        "coordinates": [
          -5.01961,
          7.67791
        ],
        "type": "Point"
      },
      "properties": {
        "ADM0_FR": "VALLEE DU BANDAMA",
        "ADM0_PCODE": "CI12",
        "ADM1_FR": "GBEKE",
        "ADM1_PCODE": "CI111",
        "ADM2_FR": "BOUAKE",
        "ADM2_PCODE": "CI1103",
        "ADM3_FR": "BOUAKE",
        "ADM3_PCODE": "CI110301",
        "ADM4_FR": "BOUAKÉ",
        "ADM4_PCODE": "C1507",
        "centerLat": 7.68791,
        "centerLng": -5.02961,
        "pop": 536719,
        "Ted_MOOV": 10.0,
        "Tcd_MOOV": 91.85,
        "Tddu_MOOV": 1.27,
        "Tddd_MOOV": 5.76,
        "Dmd_MOOV": 20814.65,
        "Dmu_MOOV": 15360.13,
        "Ted_MTN": 1.94,
        "Tcd_MTN": 95.38,
        "Tddu_MTN": 2.22,
        "Tddd_MTN": 1.8800000000000001,
        "Dmd_MTN": 39792.74,
        "Dmu_MTN": 24883.88,
        "Ted_ORANGE": 3.17,
        "Tcd_ORANGE": 98.03,
        "Tddu_ORANGE": 3.3300000000000005,
        "Tddd_ORANGE": 1.4000000000000001,
        "Dmd_ORANGE": 44461.89,
        "Dmu_ORANGE": 12550.6,
        "rang_Ted_ORANGE": 2,
        "rang_Ted_MTN": 1,
        "rang_Ted_MOOV": 3,
        "rang_Tcd_ORANGE": 1,
        "rang_Tcd_MTN": 2,
        "rang_Tcd_MOOV": 3,
        "rang_Tddd_ORANGE": 1,
        "rang_Tddd_MTN": 2,
        "rang_Tddd_MOOV": 3,
        "rang_Tddu_ORANGE": 3,
        "rang_Tddu_MTN": 2,
        "rang_Tddu_MOOV": 1,
        "rang_Dmd_ORANGE": 3,
        "rang_Dmd_MTN": 2,
        "rang_Dmd_MOOV": 1,
        "rang_Dmu_ORANGE": 1,
        "rang_Dmu_MTN": 3,
        "rang_Dmu_MOOV": 2
      },
      "id": 21
    },
    {
      "type": "Feature",
      "geometry": {
        "coordinates": [
          -4.195,
          6.63971
        ],
        "type": "Point"
      },
      "properties": {
        "ADM0_FR": "LACS",
        "ADM0_PCODE": "CI07",
        "ADM1_FR": "MORONOU",
        "ADM1_PCODE": "CI125",
        "ADM2_FR": "BONGOUANOU",
        "ADM2_PCODE": "CI2502",
        "ADM3_FR": "BONGOUANOU",
        "ADM3_PCODE": "CI250203",
        "ADM4_FR": "BONGOUANOU",
        "ADM4_PCODE": "C1436",
        "centerLat": 6.64971,
        "centerLng": -4.205,
        "pop": 28064,
        "Ted_MOOV": 13.11,
        "Tcd_MOOV": 78.77,
        "Tddu_MOOV": 28.299999999999997,
        "Tddd_MOOV": 11.899999999999999,
        "Dmd_MOOV": 39440.5,
        "Dmu_MOOV": 10694.42,
        "Ted_MTN": 4.78,
        "Tcd_MTN": 97.49,
        "Tddu_MTN": 3.39,
        "Tddd_MTN": 0.0,
        "Dmd_MTN": 56529.48,
        "Dmu_MTN": 18921.09,
        "Ted_ORANGE": 0.0,
        "Tcd_ORANGE": 99.52,
        "Tddu_ORANGE": 0.0,
        "Tddd_ORANGE": 0.0,
        "Dmd_ORANGE": 52464.4,
        "Dmu_ORANGE": 11986.16,
        "rang_Ted_ORANGE": 1,
        "rang_Ted_MTN": 2,
        "rang_Ted_MOOV": 3,
        "rang_Tcd_ORANGE": 1,
        "rang_Tcd_MTN": 2,
        "rang_Tcd_MOOV": 3,
        "rang_Tddd_ORANGE": 1,
        "rang_Tddd_MTN": 1,
        "rang_Tddd_MOOV": 3,
        "rang_Tddu_ORANGE": 1,
        "rang_Tddu_MTN": 2,
        "rang_Tddu_MOOV": 3,
        "rang_Dmd_ORANGE": 2,
        "rang_Dmd_MTN": 3,
        "rang_Dmd_MOOV": 1,
        "rang_Dmu_ORANGE": 2,
        "rang_Dmu_MTN": 3,
        "rang_Dmu_MOOV": 1
      },
      "id": 22
    },
    {
      "type": "Feature",
      "geometry": {
        "coordinates": [
          -2.98909,
          9.25864
        ],
        "type": "Point"
      },
      "properties": {
        "ADM0_FR": "ZANZAN",
        "ADM0_PCODE": "CI14",
        "ADM1_FR": "BOUNKANI",
        "ADM1_PCODE": "CI108",
        "ADM2_FR": "BOUNA",
        "ADM2_PCODE": "CI0801",
        "ADM3_FR": "BOUNA",
        "ADM3_PCODE": "CI080102",
        "ADM4_FR": "BOUNA",
        "ADM4_PCODE": "C1550",
        "centerLat": 9.26864,
        "centerLng": -2.99909,
        "pop": 18755,
        "Ted_MOOV": 0.0,
        "Tcd_MOOV": 97.07000000000001,
        "Tddu_MOOV": 1.6099999999999999,
        "Tddd_MOOV": 0.7000000000000001,
        "Dmd_MOOV": 8607.11,
        "Dmu_MOOV": 7481.64,
        "Ted_MTN": 6.370000000000001,
        "Tcd_MTN": 93.19,
        "Tddu_MTN": 5.08,
        "Tddd_MTN": 4.55,
        "Dmd_MTN": 16413.63,
        "Dmu_MTN": 12683.37,
        "Ted_ORANGE": 0.97,
        "Tcd_ORANGE": 97.56,
        "Tddu_ORANGE": 4.84,
        "Tddd_ORANGE": 0.7000000000000001,
        "Dmd_ORANGE": 27377.18,
        "Dmu_ORANGE": 10007.12,
        "rang_Ted_ORANGE": 2,
        "rang_Ted_MTN": 3,
        "rang_Ted_MOOV": 1,
        "rang_Tcd_ORANGE": 1,
        "rang_Tcd_MTN": 3,
        "rang_Tcd_MOOV": 2,
        "rang_Tddd_ORANGE": 1,
        "rang_Tddd_MTN": 3,
        "rang_Tddd_MOOV": 1,
        "rang_Tddu_ORANGE": 2,
        "rang_Tddu_MTN": 3,
        "rang_Tddu_MOOV": 1,
        "rang_Dmd_ORANGE": 3,
        "rang_Dmd_MTN": 2,
        "rang_Dmd_MOOV": 1,
        "rang_Dmu_ORANGE": 2,
        "rang_Dmu_MTN": 3,
        "rang_Dmu_MOOV": 1
      },
      "id": 23
    },
    {
      "type": "Feature",
      "geometry": {
        "coordinates": [
          -4.41938,
          8.35405
        ],
        "type": "Point"
      },
      "properties": {
        "ADM0_FR": "VALLEE DU BANDAMA",
        "ADM0_PCODE": "CI12",
        "ADM1_FR": "HAMBOL",
        "ADM1_PCODE": "CI117",
        "ADM2_FR": "DABAKALA",
        "ADM2_PCODE": "CI1701",
        "ADM3_FR": "DABAKALA",
        "ADM3_PCODE": "CI170103",
        "ADM4_FR": "DABAKALA",
        "ADM4_PCODE": "C1689",
        "centerLat": 8.36405,
        "centerLng": -4.42938,
        "pop": 14134,
        "Ted_MOOV": 25.900000000000002,
        "Tcd_MOOV": 90.24,
        "Tddu_MOOV": 3.0300000000000002,
        "Tddd_MOOV": 43.33,
        "Dmd_MOOV": 5086.21,
        "Dmu_MOOV": 10237.83,
        "Ted_MTN": 14.46,
        "Tcd_MTN": 83.1,
        "Tddu_MTN": 17.95,
        "Tddd_MTN": 15.53,
        "Dmd_MTN": 35318.95,
        "Dmu_MTN": 18774.65,
        "Ted_ORANGE": 3.09,
        "Tcd_ORANGE": 86.61999999999999,
        "Tddu_ORANGE": 6.52,
        "Tddd_ORANGE": 9.01,
        "Dmd_ORANGE": 20106.47,
        "Dmu_ORANGE": 6212.79,
        "rang_Ted_ORANGE": 1,
        "rang_Ted_MTN": 2,
        "rang_Ted_MOOV": 3,
        "rang_Tcd_ORANGE": 2,
        "rang_Tcd_MTN": 3,
        "rang_Tcd_MOOV": 1,
        "rang_Tddd_ORANGE": 1,
        "rang_Tddd_MTN": 2,
        "rang_Tddd_MOOV": 3,
        "rang_Tddu_ORANGE": 2,
        "rang_Tddu_MTN": 3,
        "rang_Tddu_MOOV": 1,
        "rang_Dmd_ORANGE": 2,
        "rang_Dmd_MTN": 3,
        "rang_Dmd_MOOV": 1,
        "rang_Dmu_ORANGE": 1,
        "rang_Dmu_MTN": 3,
        "rang_Dmu_MOOV": 2
      },
      "id": 24
    },
    {
      "type": "Feature",
      "geometry": {
        "coordinates": [
          -6.4386,
          6.878150000000001
        ],
        "type": "Point"
      },
      "properties": {
        "ADM0_FR": "SASSANDRA-MARAHOUE",
        "ADM0_PCODE": "CI10",
        "ADM1_FR": "HAUT-SASSANDRA",
        "ADM1_PCODE": "CI118",
        "ADM2_FR": "DALOA",
        "ADM2_PCODE": "CI1801",
        "ADM3_FR": "DALOA",
        "ADM3_PCODE": "CI180102",
        "ADM4_FR": "DALOA",
        "ADM4_PCODE": "C1779",
        "centerLat": 6.88815,
        "centerLng": -6.4486,
        "pop": 245360,
        "Ted_MOOV": 8.72,
        "Tcd_MOOV": 94.97,
        "Tddu_MOOV": 1.79,
        "Tddd_MOOV": 0.7000000000000001,
        "Dmd_MOOV": 23707.32,
        "Dmu_MOOV": 21293.35,
        "Ted_MTN": 0.0,
        "Tcd_MTN": 100.0,
        "Tddu_MTN": 0.0,
        "Tddd_MTN": 0.0,
        "Dmd_MTN": 54224.03,
        "Dmu_MTN": 30933.49,
        "Ted_ORANGE": 0.0,
        "Tcd_ORANGE": 99.08,
        "Tddu_ORANGE": 0.0,
        "Tddd_ORANGE": 4.61,
        "Dmd_ORANGE": 43871.6,
        "Dmu_ORANGE": 24167.64,
        "rang_Ted_ORANGE": 1,
        "rang_Ted_MTN": 1,
        "rang_Ted_MOOV": 3,
        "rang_Tcd_ORANGE": 2,
        "rang_Tcd_MTN": 1,
        "rang_Tcd_MOOV": 3,
        "rang_Tddd_ORANGE": 3,
        "rang_Tddd_MTN": 1,
        "rang_Tddd_MOOV": 2,
        "rang_Tddu_ORANGE": 1,
        "rang_Tddu_MTN": 1,
        "rang_Tddu_MOOV": 3,
        "rang_Dmd_ORANGE": 2,
        "rang_Dmd_MTN": 3,
        "rang_Dmd_MOOV": 1,
        "rang_Dmu_ORANGE": 2,
        "rang_Dmu_MTN": 3,
        "rang_Dmu_MOOV": 1
      },
      "id": 25
    },
    {
      "type": "Feature",
      "geometry": {
        "coordinates": [
          -3.9524700000000004,
          7.04411
        ],
        "type": "Point"
      },
      "properties": {
        "ADM0_FR": "LACS",
        "ADM0_PCODE": "CI07",
        "ADM1_FR": "IFFOU",
        "ADM1_PCODE": "CI119",
        "ADM2_FR": "DAOUKRO",
        "ADM2_PCODE": "CI1901",
        "ADM3_FR": "DAOUKRO",
        "ADM3_PCODE": "CI190103",
        "ADM4_FR": "DAOUKRO",
        "ADM4_PCODE": "C1821",
        "centerLat": 7.05411,
        "centerLng": -3.96247,
        "pop": 44342,
        "Ted_MOOV": 12.2,
        "Tcd_MOOV": 88.33,
        "Tddu_MOOV": 0.0,
        "Tddd_MOOV": 9.6,
        "Dmd_MOOV": 11831.95,
        "Dmu_MOOV": 11018.05,
        "Ted_MTN": 7.000000000000001,
        "Tcd_MTN": 90.86,
        "Tddu_MTN": 9.26,
        "Tddd_MTN": 0.76,
        "Dmd_MTN": 25040.06,
        "Dmu_MTN": 14869.62,
        "Ted_ORANGE": 0.0,
        "Tcd_ORANGE": 96.5,
        "Tddu_ORANGE": 1.67,
        "Tddd_ORANGE": 3.5700000000000003,
        "Dmd_ORANGE": 32949.39,
        "Dmu_ORANGE": 16319.83,
        "rang_Ted_ORANGE": 1,
        "rang_Ted_MTN": 2,
        "rang_Ted_MOOV": 3,
        "rang_Tcd_ORANGE": 1,
        "rang_Tcd_MTN": 2,
        "rang_Tcd_MOOV": 3,
        "rang_Tddd_ORANGE": 2,
        "rang_Tddd_MTN": 1,
        "rang_Tddd_MOOV": 3,
        "rang_Tddu_ORANGE": 2,
        "rang_Tddu_MTN": 3,
        "rang_Tddu_MOOV": 1,
        "rang_Dmd_ORANGE": 3,
        "rang_Dmd_MTN": 2,
        "rang_Dmd_MOOV": 1,
        "rang_Dmu_ORANGE": 3,
        "rang_Dmu_MTN": 2,
        "rang_Dmu_MOOV": 1
      },
      "id": 26
    },
    {
      "type": "Feature",
      "geometry": {
        "coordinates": [
          -5.82692,
          5.10275
        ],
        "type": "Point"
      },
      "properties": {
        "ADM0_FR": "BAS-SASSANDRA",
        "ADM0_PCODE": "CI01",
        "ADM1_FR": "GBOKLE",
        "ADM1_PCODE": "CI112",
        "ADM2_FR": "FRESCO",
        "ADM2_PCODE": "CI1201",
        "ADM3_FR": "FRESCO",
        "ADM3_PCODE": "CI120102",
        "ADM4_FR": "DASSIOKO",
        "ADM4_PCODE": "C1838",
        "centerLat": 5.11275,
        "centerLng": -5.83692,
        "pop": 4653,
        "Ted_MOOV": 0.0,
        "Tcd_MOOV": 99.05000000000001,
        "Tddu_MOOV": 0.0,
        "Tddd_MOOV": 0.0,
        "Dmd_MOOV": 12401.32,
        "Dmu_MOOV": 9893.55,
        "Ted_MTN": 0.0,
        "Tcd_MTN": 99.05000000000001,
        "Tddu_MTN": 0.0,
        "Tddd_MTN": 0.0,
        "Dmd_MTN": 30017.95,
        "Dmu_MTN": 9751.21,
        "Ted_ORANGE": 0.0,
        "Tcd_ORANGE": 100.0,
        "Tddu_ORANGE": 0.0,
        "Tddd_ORANGE": 0.0,
        "Dmd_ORANGE": 9998.06,
        "Dmu_ORANGE": 8097.45,
        "rang_Ted_ORANGE": 1,
        "rang_Ted_MTN": 1,
        "rang_Ted_MOOV": 1,
        "rang_Tcd_ORANGE": 1,
        "rang_Tcd_MTN": 2,
        "rang_Tcd_MOOV": 2,
        "rang_Tddd_ORANGE": 1,
        "rang_Tddd_MTN": 1,
        "rang_Tddd_MOOV": 1,
        "rang_Tddu_ORANGE": 1,
        "rang_Tddu_MTN": 1,
        "rang_Tddu_MOOV": 1,
        "rang_Dmd_ORANGE": 1,
        "rang_Dmd_MTN": 3,
        "rang_Dmd_MOOV": 2,
        "rang_Dmu_ORANGE": 1,
        "rang_Dmu_MTN": 2,
        "rang_Dmu_MOOV": 3
      },
      "id": 27
    },
    {
      "type": "Feature",
      "geometry": {
        "coordinates": [
          -6.2443,
          8.93791
        ],
        "type": "Point"
      },
      "properties": {
        "ADM0_FR": "WOROBA",
        "ADM0_PCODE": "CI13",
        "ADM1_FR": "BERE",
        "ADM1_PCODE": "CI107",
        "ADM2_FR": "DIANRA",
        "ADM2_PCODE": "CI0701",
        "ADM3_FR": "DIANRA",
        "ADM3_PCODE": "CI070101",
        "ADM4_FR": "DIANRA",
        "ADM4_PCODE": "C1947",
        "centerLat": 8.94791,
        "centerLng": -6.2543,
        "pop": 25880,
        "Ted_MOOV": 3.29,
        "Tcd_MOOV": 87.76,
        "Tddu_MOOV": 0.0,
        "Tddd_MOOV": 19.81,
        "Dmd_MOOV": 7802.78,
        "Dmu_MOOV": 9942.29,
        "Ted_MTN": 13.16,
        "Tcd_MTN": 90.91,
        "Tddu_MTN": 5.0,
        "Tddd_MTN": 3.26,
        "Dmd_MTN": 20034.56,
        "Dmu_MTN": 20087.3,
        "Ted_ORANGE": 0.0,
        "Tcd_ORANGE": 100.0,
        "Tddu_ORANGE": 2.22,
        "Tddd_ORANGE": 0.0,
        "Dmd_ORANGE": 39537.2,
        "Dmu_ORANGE": 6901.76,
        "rang_Ted_ORANGE": 1,
        "rang_Ted_MTN": 3,
        "rang_Ted_MOOV": 2,
        "rang_Tcd_ORANGE": 1,
        "rang_Tcd_MTN": 2,
        "rang_Tcd_MOOV": 3,
        "rang_Tddd_ORANGE": 1,
        "rang_Tddd_MTN": 2,
        "rang_Tddd_MOOV": 3,
        "rang_Tddu_ORANGE": 2,
        "rang_Tddu_MTN": 3,
        "rang_Tddu_MOOV": 1,
        "rang_Dmd_ORANGE": 3,
        "rang_Dmd_MTN": 2,
        "rang_Dmd_MOOV": 1,
        "rang_Dmu_ORANGE": 1,
        "rang_Dmu_MTN": 3,
        "rang_Dmu_MOOV": 2
      },
      "id": 28
    },
    {
      "type": "Feature",
      "geometry": {
        "coordinates": [
          -4.88835,
          7.1192
        ],
        "type": "Point"
      },
      "properties": {
        "ADM0_FR": "LACS",
        "ADM0_PCODE": "CI07",
        "ADM1_FR": "BELIER",
        "ADM1_PCODE": "CI106",
        "ADM2_FR": "DIDIEVI",
        "ADM2_PCODE": "CI0601",
        "ADM3_FR": "DIDIEVI",
        "ADM3_PCODE": "CI060102",
        "ADM4_FR": "DIDIÉVI",
        "ADM4_PCODE": "C1986",
        "centerLat": 7.1292,
        "centerLng": -4.89835,
        "pop": 7917,
        "Ted_MOOV": 0.0,
        "Tcd_MOOV": 95.56,
        "Tddu_MOOV": 2.5,
        "Tddd_MOOV": 0.0,
        "Dmd_MOOV": 11263.78,
        "Dmu_MOOV": 11052.54,
        "Ted_MTN": 0.0,
        "Tcd_MTN": 97.04,
        "Tddu_MTN": 5.0,
        "Tddd_MTN": 0.0,
        "Dmd_MTN": 15845.27,
        "Dmu_MTN": 13715.2,
        "Ted_ORANGE": 0.0,
        "Tcd_ORANGE": 100.0,
        "Tddu_ORANGE": 0.0,
        "Tddd_ORANGE": 0.0,
        "Dmd_ORANGE": 70317.11,
        "Dmu_ORANGE": 19387.65,
        "rang_Ted_ORANGE": 1,
        "rang_Ted_MTN": 1,
        "rang_Ted_MOOV": 1,
        "rang_Tcd_ORANGE": 1,
        "rang_Tcd_MTN": 2,
        "rang_Tcd_MOOV": 3,
        "rang_Tddd_ORANGE": 1,
        "rang_Tddd_MTN": 1,
        "rang_Tddd_MOOV": 1,
        "rang_Tddu_ORANGE": 1,
        "rang_Tddu_MTN": 3,
        "rang_Tddu_MOOV": 2,
        "rang_Dmd_ORANGE": 3,
        "rang_Dmd_MTN": 2,
        "rang_Dmd_MOOV": 1,
        "rang_Dmu_ORANGE": 3,
        "rang_Dmu_MTN": 2,
        "rang_Dmu_MOOV": 1
      },
      "id": 29
    },
    {
      "type": "Feature",
      "geometry": {
        "coordinates": [
          -5.7666200000000005,
          9.05715
        ],
        "type": "Point"
      },
      "properties": {
        "ADM0_FR": "SAVANES",
        "ADM0_PCODE": "CI11",
        "ADM1_FR": "PORO",
        "ADM1_PCODE": "CI128",
        "ADM2_FR": "DIKODOUGOU",
        "ADM2_PCODE": "CI2801",
        "ADM3_FR": "DIKODOUGOU",
        "ADM3_PCODE": "CI280102",
        "ADM4_FR": "DIKODOUGOU",
        "ADM4_PCODE": "C2061",
        "centerLat": 9.06715,
        "centerLng": -5.77662,
        "pop": 13953,
        "Ted_MOOV": 6.49,
        "Tcd_MOOV": 70.83,
        "Tddu_MOOV": 4.760000000000001,
        "Tddd_MOOV": 25.490000000000002,
        "Dmd_MOOV": 7082.47,
        "Dmu_MOOV": 7599.06,
        "Ted_MTN": 16.18,
        "Tcd_MTN": 85.09,
        "Tddu_MTN": 0.0,
        "Tddd_MTN": 11.899999999999999,
        "Dmd_MTN": 4422.83,
        "Dmu_MTN": 14349.99,
        "Ted_ORANGE": 0.72,
        "Tcd_ORANGE": 97.08,
        "Tddu_ORANGE": 0.0,
        "Tddd_ORANGE": 0.0,
        "Dmd_ORANGE": 21850.58,
        "Dmu_ORANGE": 24051.46,
        "rang_Ted_ORANGE": 1,
        "rang_Ted_MTN": 3,
        "rang_Ted_MOOV": 2,
        "rang_Tcd_ORANGE": 1,
        "rang_Tcd_MTN": 2,
        "rang_Tcd_MOOV": 3,
        "rang_Tddd_ORANGE": 1,
        "rang_Tddd_MTN": 2,
        "rang_Tddd_MOOV": 3,
        "rang_Tddu_ORANGE": 1,
        "rang_Tddu_MTN": 1,
        "rang_Tddu_MOOV": 3,
        "rang_Dmd_ORANGE": 3,
        "rang_Dmd_MTN": 1,
        "rang_Dmd_MOOV": 2,
        "rang_Dmu_ORANGE": 3,
        "rang_Dmu_MTN": 2,
        "rang_Dmu_MOOV": 1
      },
      "id": 30
    },
    {
      "type": "Feature",
      "geometry": {
        "coordinates": [
          -4.69461,
          6.635400000000001
        ],
        "type": "Point"
      },
      "properties": {
        "ADM0_FR": "LACS",
        "ADM0_PCODE": "CI07",
        "ADM1_FR": "N'ZI",
        "ADM1_PCODE": "CI127",
        "ADM2_FR": "DIMBOKRO",
        "ADM2_PCODE": "CI2702",
        "ADM3_FR": "DIMBOKRO",
        "ADM3_PCODE": "CI270203",
        "ADM4_FR": "DIMBOKRO",
        "ADM4_PCODE": "C2073",
        "centerLat": 6.6454,
        "centerLng": -4.70461,
        "pop": 48860,
        "Ted_MOOV": 1.0,
        "Tcd_MOOV": 97.98,
        "Tddu_MOOV": 0.0,
        "Tddd_MOOV": 0.0,
        "Dmd_MOOV": 16213.33,
        "Dmu_MOOV": 16103.25,
        "Ted_MTN": 0.0,
        "Tcd_MTN": 99.5,
        "Tddu_MTN": 0.0,
        "Tddd_MTN": 0.0,
        "Dmd_MTN": 53588.92,
        "Dmu_MTN": 27808.43,
        "Ted_ORANGE": 0.0,
        "Tcd_ORANGE": 100.0,
        "Tddu_ORANGE": 0.0,
        "Tddd_ORANGE": 0.0,
        "Dmd_ORANGE": 74328.43,
        "Dmu_ORANGE": 20751.19,
        "rang_Ted_ORANGE": 1,
        "rang_Ted_MTN": 1,
        "rang_Ted_MOOV": 3,
        "rang_Tcd_ORANGE": 1,
        "rang_Tcd_MTN": 2,
        "rang_Tcd_MOOV": 3,
        "rang_Tddd_ORANGE": 1,
        "rang_Tddd_MTN": 1,
        "rang_Tddd_MOOV": 1,
        "rang_Tddu_ORANGE": 1,
        "rang_Tddu_MTN": 1,
        "rang_Tddu_MOOV": 1,
        "rang_Dmd_ORANGE": 3,
        "rang_Dmd_MTN": 2,
        "rang_Dmd_MOOV": 1,
        "rang_Dmu_ORANGE": 2,
        "rang_Dmu_MTN": 3,
        "rang_Dmu_MOOV": 1
      },
      "id": 31
    },
    {
      "type": "Feature",
      "geometry": {
        "coordinates": [
          -3.3313200000000003,
          9.79814
        ],
        "type": "Point"
      },
      "properties": {
        "ADM0_FR": "ZANZAN",
        "ADM0_PCODE": "CI14",
        "ADM1_FR": "BOUNKANI",
        "ADM1_PCODE": "CI108",
        "ADM2_FR": "DOROPO",
        "ADM2_PCODE": "CI0802",
        "ADM3_FR": "DOROPO",
        "ADM3_PCODE": "CI080202",
        "ADM4_FR": "DOROPO",
        "ADM4_PCODE": "C2324",
        "centerLat": 9.80814,
        "centerLng": -3.34132,
        "pop": 14388,
        "Ted_MOOV": 2.1399999999999997,
        "Tcd_MOOV": 98.54,
        "Tddu_MOOV": 0.0,
        "Tddd_MOOV": 0.0,
        "Dmd_MOOV": 11021.58,
        "Dmu_MOOV": 7162.15,
        "Ted_MTN": 22.14,
        "Tcd_MTN": 76.14999999999999,
        "Tddu_MTN": 14.71,
        "Tddd_MTN": 2.67,
        "Dmd_MTN": 10475.25,
        "Dmu_MTN": 7712.53,
        "Ted_ORANGE": 2.16,
        "Tcd_ORANGE": 82.35,
        "Tddu_ORANGE": 0.0,
        "Tddd_ORANGE": 4.17,
        "Dmd_ORANGE": 5008.75,
        "Dmu_ORANGE": 18026.5,
        "rang_Ted_ORANGE": 2,
        "rang_Ted_MTN": 3,
        "rang_Ted_MOOV": 1,
        "rang_Tcd_ORANGE": 2,
        "rang_Tcd_MTN": 3,
        "rang_Tcd_MOOV": 1,
        "rang_Tddd_ORANGE": 3,
        "rang_Tddd_MTN": 2,
        "rang_Tddd_MOOV": 1,
        "rang_Tddu_ORANGE": 1,
        "rang_Tddu_MTN": 3,
        "rang_Tddu_MOOV": 1,
        "rang_Dmd_ORANGE": 1,
        "rang_Dmd_MTN": 2,
        "rang_Dmd_MOOV": 3,
        "rang_Dmu_ORANGE": 3,
        "rang_Dmu_MTN": 2,
        "rang_Dmu_MOOV": 1
      },
      "id": 32
    },
    {
      "type": "Feature",
      "geometry": {
        "coordinates": [
          -7.33262,
          6.73496
        ],
        "type": "Point"
      },
      "properties": {
        "ADM0_FR": "MONTAGNES",
        "ADM0_PCODE": "CI09",
        "ADM1_FR": "GUEMON",
        "ADM1_PCODE": "CI116",
        "ADM2_FR": "DUEKOUE",
        "ADM2_PCODE": "CI1602",
        "ADM3_FR": "DUEKOUE",
        "ADM3_PCODE": "CI160202",
        "ADM4_FR": "DUEKOUE",
        "ADM4_PCODE": "C2425",
        "centerLat": 6.74496,
        "centerLng": -7.34262,
        "pop": 90274,
        "Ted_MOOV": 17.48,
        "Tcd_MOOV": 72.94,
        "Tddu_MOOV": 16.98,
        "Tddd_MOOV": 8.55,
        "Dmd_MOOV": 9007.87,
        "Dmu_MOOV": 10582.17,
        "Ted_MTN": 0.0,
        "Tcd_MTN": 99.51,
        "Tddu_MTN": 0.0,
        "Tddd_MTN": 0.7000000000000001,
        "Dmd_MTN": 43805.0,
        "Dmu_MTN": 20335.3,
        "Ted_ORANGE": 0.49,
        "Tcd_ORANGE": 96.08,
        "Tddu_ORANGE": 0.0,
        "Tddd_ORANGE": 7.75,
        "Dmd_ORANGE": 19799.98,
        "Dmu_ORANGE": 20056.36,
        "rang_Ted_ORANGE": 2,
        "rang_Ted_MTN": 1,
        "rang_Ted_MOOV": 3,
        "rang_Tcd_ORANGE": 2,
        "rang_Tcd_MTN": 1,
        "rang_Tcd_MOOV": 3,
        "rang_Tddd_ORANGE": 2,
        "rang_Tddd_MTN": 1,
        "rang_Tddd_MOOV": 3,
        "rang_Tddu_ORANGE": 1,
        "rang_Tddu_MTN": 1,
        "rang_Tddu_MOOV": 3,
        "rang_Dmd_ORANGE": 2,
        "rang_Dmd_MTN": 3,
        "rang_Dmd_MOOV": 1,
        "rang_Dmu_ORANGE": 2,
        "rang_Dmu_MTN": 3,
        "rang_Dmu_MOOV": 1
      },
      "id": 33
    },
    {
      "type": "Feature",
      "geometry": {
        "coordinates": [
          -3.7499100000000003,
          7.24845
        ],
        "type": "Point"
      },
      "properties": {
        "ADM0_FR": "LACS",
        "ADM0_PCODE": "CI07",
        "ADM1_FR": "IFFOU",
        "ADM1_PCODE": "CI119",
        "ADM2_FR": "DAOUKRO",
        "ADM2_PCODE": "CI1901",
        "ADM3_FR": "ETTROKRO",
        "ADM3_PCODE": "CI190104",
        "ADM4_FR": "ETTROKRO",
        "ADM4_PCODE": "C2520",
        "centerLat": 7.25845,
        "centerLng": -3.75991,
        "pop": 3173,
        "Ted_MOOV": 0.0,
        "Tcd_MOOV": 100.0,
        "Tddu_MOOV": 0.0,
        "Tddd_MOOV": 0.0,
        "Dmd_MOOV": 33526.56,
        "Dmu_MOOV": 16305.05,
        "Ted_MTN": 14.81,
        "Tcd_MTN": 76.09,
        "Tddu_MTN": 0.0,
        "Tddd_MTN": 1.52,
        "Dmd_MTN": 21662.88,
        "Dmu_MTN": 9728.79,
        "Ted_ORANGE": 0.0,
        "Tcd_ORANGE": 99.07000000000001,
        "Tddu_ORANGE": 0.0,
        "Tddd_ORANGE": 0.0,
        "Dmd_ORANGE": 45422.38,
        "Dmu_ORANGE": 18486.5,
        "rang_Ted_ORANGE": 1,
        "rang_Ted_MTN": 3,
        "rang_Ted_MOOV": 1,
        "rang_Tcd_ORANGE": 2,
        "rang_Tcd_MTN": 3,
        "rang_Tcd_MOOV": 1,
        "rang_Tddd_ORANGE": 1,
        "rang_Tddd_MTN": 3,
        "rang_Tddd_MOOV": 1,
        "rang_Tddu_ORANGE": 1,
        "rang_Tddu_MTN": 1,
        "rang_Tddu_MOOV": 1,
        "rang_Dmd_ORANGE": 3,
        "rang_Dmd_MTN": 1,
        "rang_Dmd_MOOV": 2,
        "rang_Dmu_ORANGE": 3,
        "rang_Dmu_MTN": 1,
        "rang_Dmu_MOOV": 2
      },
      "id": 34
    },
    {
      "type": "Feature",
      "geometry": {
        "coordinates": [
          -6.61211,
          8.68802
        ],
        "type": "Point"
      },
      "properties": {
        "ADM0_FR": "WOROBA",
        "ADM0_PCODE": "CI13",
        "ADM1_FR": "WORODOUGOU",
        "ADM1_PCODE": "CI133",
        "ADM2_FR": "KANI",
        "ADM2_PCODE": "CI3301",
        "ADM3_FR": "FADJADOUGOU",
        "ADM3_PCODE": "CI330103",
        "ADM4_FR": "FADJADOUGOU",
        "ADM4_PCODE": "C2528",
        "centerLat": 8.69802,
        "centerLng": -6.62211,
        "pop": 4485,
        "Ted_MOOV": 27.62,
        "Tcd_MOOV": 88.16000000000001,
        "Tddu_MOOV": 0.0,
        "Tddd_MOOV": 74.55000000000001,
        "Dmd_MOOV": 1234.57,
        "Dmu_MOOV": 12887.77,
        "Ted_MTN": 12.379999999999999,
        "Tcd_MTN": 91.3,
        "Tddu_MTN": 7.140000000000001,
        "Tddd_MTN": 9.379999999999999,
        "Dmd_MTN": 7599.84,
        "Dmu_MTN": 3427.47,
        "Ted_ORANGE": 1.9,
        "Tcd_ORANGE": 46.6,
        "Tddu_ORANGE": 6.67,
        "Tddd_ORANGE": 75.33999999999999,
        "Dmd_ORANGE": 401.04,
        "Dmu_ORANGE": 8209.75,
        "rang_Ted_ORANGE": 1,
        "rang_Ted_MTN": 2,
        "rang_Ted_MOOV": 3,
        "rang_Tcd_ORANGE": 3,
        "rang_Tcd_MTN": 1,
        "rang_Tcd_MOOV": 2,
        "rang_Tddd_ORANGE": 3,
        "rang_Tddd_MTN": 1,
        "rang_Tddd_MOOV": 2,
        "rang_Tddu_ORANGE": 2,
        "rang_Tddu_MTN": 3,
        "rang_Tddu_MOOV": 1,
        "rang_Dmd_ORANGE": 1,
        "rang_Dmd_MTN": 3,
        "rang_Dmd_MOOV": 2,
        "rang_Dmu_ORANGE": 2,
        "rang_Dmu_MTN": 1,
        "rang_Dmu_MOOV": 3
      },
      "id": 35
    },
    {
      "type": "Feature",
      "geometry": {
        "coordinates": [
          -5.18762,
          9.58226
        ],
        "type": "Point"
      },
      "properties": {
        "ADM0_FR": "SAVANES",
        "ADM0_PCODE": "CI11",
        "ADM1_FR": "TCHOLOGO",
        "ADM1_PCODE": "CI131",
        "ADM2_FR": "FERKESSEDOUGOU",
        "ADM2_PCODE": "CI3101",
        "ADM3_FR": "FERKESSEDOUGOU",
        "ADM3_PCODE": "CI310101",
        "ADM4_FR": "FERKESSÉDOUGOU",
        "ADM4_PCODE": "C2603",
        "centerLat": 9.59226,
        "centerLng": -5.19762,
        "pop": 55910,
        "Ted_MOOV": 14.11,
        "Tcd_MOOV": 58.57,
        "Tddu_MOOV": 33.33,
        "Tddd_MOOV": 21.05,
        "Dmd_MOOV": 3457.13,
        "Dmu_MOOV": 4156.3,
        "Ted_MTN": 14.08,
        "Tcd_MTN": 84.17999999999999,
        "Tddu_MTN": 11.540000000000001,
        "Tddd_MTN": 0.8,
        "Dmd_MTN": 34809.77,
        "Dmu_MTN": 13718.45,
        "Ted_ORANGE": 0.0,
        "Tcd_ORANGE": 99.52,
        "Tddu_ORANGE": 0.0,
        "Tddd_ORANGE": 0.0,
        "Dmd_ORANGE": 44354.91,
        "Dmu_ORANGE": 16622.45,
        "rang_Ted_ORANGE": 1,
        "rang_Ted_MTN": 2,
        "rang_Ted_MOOV": 3,
        "rang_Tcd_ORANGE": 1,
        "rang_Tcd_MTN": 2,
        "rang_Tcd_MOOV": 3,
        "rang_Tddd_ORANGE": 1,
        "rang_Tddd_MTN": 2,
        "rang_Tddd_MOOV": 3,
        "rang_Tddu_ORANGE": 1,
        "rang_Tddu_MTN": 2,
        "rang_Tddu_MOOV": 3,
        "rang_Dmd_ORANGE": 3,
        "rang_Dmd_MTN": 2,
        "rang_Dmd_MOOV": 1,
        "rang_Dmu_ORANGE": 3,
        "rang_Dmu_MTN": 2,
        "rang_Dmu_MOOV": 1
      },
      "id": 36
    },
    {
      "type": "Feature",
      "geometry": {
        "coordinates": [
          -4.12432,
          5.97035
        ],
        "type": "Point"
      },
      "properties": {
        "ADM0_FR": "LAGUNES",
        "ADM0_PCODE": "CI08",
        "ADM1_FR": "AGNEBY-TIASSA",
        "ADM1_PCODE": "CI103",
        "ADM2_FR": "AGBOVILLE",
        "ADM2_PCODE": "CI0301",
        "ADM3_FR": "GRAND MORIE",
        "ADM3_PCODE": "CI030107",
        "ADM4_FR": "GRAND-MORIÉ",
        "ADM4_PCODE": "C3377",
        "centerLat": 5.98035,
        "centerLng": -4.13432,
        "pop": 5991,
        "Ted_MOOV": 4.63,
        "Tcd_MOOV": 87.38,
        "Tddu_MOOV": 6.9,
        "Tddd_MOOV": 4.05,
        "Dmd_MOOV": 22716.06,
        "Dmu_MOOV": 6694.49,
        "Ted_MTN": 4.72,
        "Tcd_MTN": 89.11,
        "Tddu_MTN": 7.140000000000001,
        "Tddd_MTN": 0.0,
        "Dmd_MTN": 12078.85,
        "Dmu_MTN": 4110.63,
        "Ted_ORANGE": 0.0,
        "Tcd_ORANGE": 100.0,
        "Tddu_ORANGE": 0.0,
        "Tddd_ORANGE": 0.0,
        "Dmd_ORANGE": 108926.47,
        "Dmu_ORANGE": 20168.18,
        "rang_Ted_ORANGE": 1,
        "rang_Ted_MTN": 3,
        "rang_Ted_MOOV": 2,
        "rang_Tcd_ORANGE": 1,
        "rang_Tcd_MTN": 2,
        "rang_Tcd_MOOV": 3,
        "rang_Tddd_ORANGE": 1,
        "rang_Tddd_MTN": 1,
        "rang_Tddd_MOOV": 3,
        "rang_Tddu_ORANGE": 1,
        "rang_Tddu_MTN": 3,
        "rang_Tddu_MOOV": 2,
        "rang_Dmd_ORANGE": 3,
        "rang_Dmd_MTN": 1,
        "rang_Dmd_MOOV": 2,
        "rang_Dmu_ORANGE": 3,
        "rang_Dmu_MTN": 1,
        "rang_Dmu_MOOV": 2
      },
      "id": 37
    },
    {
      "type": "Feature",
      "geometry": {
        "coordinates": [
          -6.160620000000001,
          6.2263
        ],
        "type": "Point"
      },
      "properties": {
        "ADM0_FR": "GOH-DJIBOUA",
        "ADM0_PCODE": "CI06",
        "ADM1_FR": "GOH",
        "ADM1_PCODE": "CI113",
        "ADM2_FR": "GAGNOA",
        "ADM2_PCODE": "CI1301",
        "ADM3_FR": "GUIBEROUA",
        "ADM3_PCODE": "CI130109",
        "ADM4_FR": "GUIBÉROUA",
        "ADM4_PCODE": "C3487",
        "centerLat": 6.2363,
        "centerLng": -6.17062,
        "pop": 18029,
        "Ted_MOOV": 0.0,
        "Tcd_MOOV": 100.0,
        "Tddu_MOOV": 0.0,
        "Tddd_MOOV": 0.0,
        "Dmd_MOOV": 13600.58,
        "Dmu_MOOV": 22184.79,
        "Ted_MTN": 8.33,
        "Tcd_MTN": 93.94,
        "Tddu_MTN": 3.6999999999999997,
        "Tddd_MTN": 52.78,
        "Dmd_MTN": 1130.81,
        "Dmu_MTN": 6382.55,
        "Ted_ORANGE": 0.0,
        "Tcd_ORANGE": 100.0,
        "Tddu_ORANGE": 0.0,
        "Tddd_ORANGE": 0.0,
        "Dmd_ORANGE": 45971.62,
        "Dmu_ORANGE": 19906.23,
        "rang_Ted_ORANGE": 1,
        "rang_Ted_MTN": 3,
        "rang_Ted_MOOV": 1,
        "rang_Tcd_ORANGE": 1,
        "rang_Tcd_MTN": 3,
        "rang_Tcd_MOOV": 1,
        "rang_Tddd_ORANGE": 1,
        "rang_Tddd_MTN": 3,
        "rang_Tddd_MOOV": 1,
        "rang_Tddu_ORANGE": 1,
        "rang_Tddu_MTN": 3,
        "rang_Tddu_MOOV": 1,
        "rang_Dmd_ORANGE": 3,
        "rang_Dmd_MTN": 1,
        "rang_Dmd_MOOV": 2,
        "rang_Dmu_ORANGE": 2,
        "rang_Dmu_MTN": 1,
        "rang_Dmu_MOOV": 3
      },
      "id": 38
    },
    {
      "type": "Feature",
      "geometry": {
        "coordinates": [
          -5.231310000000001,
          5.50964
        ],
        "type": "Point"
      },
      "properties": {
        "ADM0_FR": "GOH-DJIBOUA",
        "ADM0_PCODE": "CI06",
        "ADM1_FR": "LOH-DJIBOUA",
        "ADM1_PCODE": "CI122",
        "ADM2_FR": "GUITRY",
        "ADM2_PCODE": "CI2202",
        "ADM3_FR": "GUITRY",
        "ADM3_PCODE": "CI220201",
        "ADM4_FR": "GUITRY",
        "ADM4_PCODE": "C3525",
        "centerLat": 5.51964,
        "centerLng": -5.24131,
        "pop": 11445,
        "Ted_MOOV": 0.0,
        "Tcd_MOOV": 99.35000000000001,
        "Tddu_MOOV": 2.22,
        "Tddd_MOOV": 19.09,
        "Dmd_MOOV": 17974.83,
        "Dmu_MOOV": 14441.81,
        "Ted_MTN": 0.0,
        "Tcd_MTN": 99.35000000000001,
        "Tddu_MTN": 2.22,
        "Tddd_MTN": 0.0,
        "Dmd_MTN": 28134.59,
        "Dmu_MTN": 17762.99,
        "Ted_ORANGE": 0.65,
        "Tcd_ORANGE": 97.39999999999999,
        "Tddu_ORANGE": 0.0,
        "Tddd_ORANGE": 0.0,
        "Dmd_ORANGE": 32589.32,
        "Dmu_ORANGE": 19271.22,
        "rang_Ted_ORANGE": 3,
        "rang_Ted_MTN": 1,
        "rang_Ted_MOOV": 1,
        "rang_Tcd_ORANGE": 3,
        "rang_Tcd_MTN": 1,
        "rang_Tcd_MOOV": 1,
        "rang_Tddd_ORANGE": 1,
        "rang_Tddd_MTN": 1,
        "rang_Tddd_MOOV": 3,
        "rang_Tddu_ORANGE": 1,
        "rang_Tddu_MTN": 2,
        "rang_Tddu_MOOV": 2,
        "rang_Dmd_ORANGE": 3,
        "rang_Dmd_MTN": 2,
        "rang_Dmd_MOOV": 1,
        "rang_Dmu_ORANGE": 3,
        "rang_Dmu_MTN": 2,
        "rang_Dmu_MOOV": 1
      },
      "id": 39
    },
    {
      "type": "Feature",
      "geometry": {
        "coordinates": [
          -5.28589,
          6.17948
        ],
        "type": "Point"
      },
      "properties": {
        "ADM0_FR": "GOH-DJIBOUA",
        "ADM0_PCODE": "CI06",
        "ADM1_FR": "LOH-DJIBOUA",
        "ADM1_PCODE": "CI122",
        "ADM2_FR": "DIVO",
        "ADM2_PCODE": "CI2201",
        "ADM3_FR": "HIRE",
        "ADM3_PCODE": "CI220104",
        "ADM4_FR": "HIRÉ",
        "ADM4_PCODE": "C3555",
        "centerLat": 6.18948,
        "centerLng": -5.29589,
        "pop": 31960,
        "Ted_MOOV": 3.06,
        "Tcd_MOOV": 93.67999999999999,
        "Tddu_MOOV": 3.6999999999999997,
        "Tddd_MOOV": 13.239999999999998,
        "Dmd_MOOV": 11763.5,
        "Dmu_MOOV": 17288.15,
        "Ted_MTN": 4.35,
        "Tcd_MTN": 98.18,
        "Tddu_MTN": 0.0,
        "Tddd_MTN": 0.0,
        "Dmd_MTN": 51356.06,
        "Dmu_MTN": 17698.02,
        "Ted_ORANGE": 0.0,
        "Tcd_ORANGE": 100.0,
        "Tddu_ORANGE": 0.0,
        "Tddd_ORANGE": 8.97,
        "Dmd_ORANGE": 22902.81,
        "Dmu_ORANGE": 15081.21,
        "rang_Ted_ORANGE": 1,
        "rang_Ted_MTN": 3,
        "rang_Ted_MOOV": 2,
        "rang_Tcd_ORANGE": 1,
        "rang_Tcd_MTN": 2,
        "rang_Tcd_MOOV": 3,
        "rang_Tddd_ORANGE": 2,
        "rang_Tddd_MTN": 1,
        "rang_Tddd_MOOV": 3,
        "rang_Tddu_ORANGE": 1,
        "rang_Tddu_MTN": 1,
        "rang_Tddu_MOOV": 3,
        "rang_Dmd_ORANGE": 2,
        "rang_Dmd_MTN": 3,
        "rang_Dmd_MOOV": 1,
        "rang_Dmu_ORANGE": 1,
        "rang_Dmu_MTN": 3,
        "rang_Dmu_MOOV": 2
      },
      "id": 40
    },
    {
      "type": "Feature",
      "geometry": {
        "coordinates": [
          -6.57904,
          6.47762
        ],
        "type": "Point"
      },
      "properties": {
        "ADM0_FR": "SASSANDRA-MARAHOUE",
        "ADM0_PCODE": "CI10",
        "ADM1_FR": "HAUT-SASSANDRA",
        "ADM1_PCODE": "CI118",
        "ADM2_FR": "ISSIA",
        "ADM2_PCODE": "CI1802",
        "ADM3_FR": "ISSIA",
        "ADM3_PCODE": "CI180201",
        "ADM4_FR": "ISSIA",
        "ADM4_PCODE": "C3598",
        "centerLat": 6.48762,
        "centerLng": -6.58904,
        "pop": 52660,
        "Ted_MOOV": 11.61,
        "Tcd_MOOV": 83.21,
        "Tddu_MOOV": 12.82,
        "Tddd_MOOV": 14.29,
        "Dmd_MOOV": 16293.72,
        "Dmu_MOOV": 14955.13,
        "Ted_MTN": 0.0,
        "Tcd_MTN": 99.35000000000001,
        "Tddu_MTN": 11.110000000000001,
        "Tddd_MTN": 21.099999999999998,
        "Dmd_MTN": 14280.95,
        "Dmu_MTN": 6768.18,
        "Ted_ORANGE": 0.0,
        "Tcd_ORANGE": 94.84,
        "Tddu_ORANGE": 0.0,
        "Tddd_ORANGE": 4.55,
        "Dmd_ORANGE": 46526.56,
        "Dmu_ORANGE": 25080.26,
        "rang_Ted_ORANGE": 1,
        "rang_Ted_MTN": 1,
        "rang_Ted_MOOV": 3,
        "rang_Tcd_ORANGE": 2,
        "rang_Tcd_MTN": 1,
        "rang_Tcd_MOOV": 3,
        "rang_Tddd_ORANGE": 1,
        "rang_Tddd_MTN": 3,
        "rang_Tddd_MOOV": 2,
        "rang_Tddu_ORANGE": 1,
        "rang_Tddu_MTN": 2,
        "rang_Tddu_MOOV": 3,
        "rang_Dmd_ORANGE": 3,
        "rang_Dmd_MTN": 1,
        "rang_Dmd_MOOV": 2,
        "rang_Dmu_ORANGE": 3,
        "rang_Dmu_MTN": 1,
        "rang_Dmu_MOOV": 2
      },
      "id": 41
    },
    {
      "type": "Feature",
      "geometry": {
        "coordinates": [
          -4.40967,
          5.19547
        ],
        "type": "Point"
      },
      "properties": {
        "ADM0_FR": "LAGUNES",
        "ADM0_PCODE": "CI08",
        "ADM1_FR": "GRANDS-PONTS",
        "ADM1_PCODE": "CI115",
        "ADM2_FR": "JACQUEVILLE",
        "ADM2_PCODE": "CI1503",
        "ADM3_FR": "JACQUEVILLE",
        "ADM3_PCODE": "CI150301",
        "ADM4_FR": "JACQUEVILLE",
        "ADM4_PCODE": "C3604",
        "centerLat": 5.20547,
        "centerLng": -4.41967,
        "pop": 11096,
        "Ted_MOOV": 0.0,
        "Tcd_MOOV": 100.0,
        "Tddu_MOOV": 0.0,
        "Tddd_MOOV": 21.67,
        "Dmd_MOOV": 39189.59,
        "Dmu_MOOV": 22499.33,
        "Ted_MTN": 1.18,
        "Tcd_MTN": 98.21,
        "Tddu_MTN": 0.0,
        "Tddd_MTN": 0.0,
        "Dmd_MTN": 65384.29,
        "Dmu_MTN": 26860.56,
        "Ted_ORANGE": 0.0,
        "Tcd_ORANGE": 98.82,
        "Tddu_ORANGE": 0.0,
        "Tddd_ORANGE": 0.0,
        "Dmd_ORANGE": 46276.52,
        "Dmu_ORANGE": 22639.0,
        "rang_Ted_ORANGE": 1,
        "rang_Ted_MTN": 3,
        "rang_Ted_MOOV": 1,
        "rang_Tcd_ORANGE": 2,
        "rang_Tcd_MTN": 3,
        "rang_Tcd_MOOV": 1,
        "rang_Tddd_ORANGE": 1,
        "rang_Tddd_MTN": 1,
        "rang_Tddd_MOOV": 3,
        "rang_Tddu_ORANGE": 1,
        "rang_Tddu_MTN": 1,
        "rang_Tddu_MOOV": 1,
        "rang_Dmd_ORANGE": 2,
        "rang_Dmd_MTN": 3,
        "rang_Dmd_MOOV": 1,
        "rang_Dmu_ORANGE": 2,
        "rang_Dmu_MTN": 3,
        "rang_Dmu_MOOV": 1
      },
      "id": 42
    },
    {
      "type": "Feature",
      "geometry": {
        "coordinates": [
          -5.09206,
          8.12861
        ],
        "type": "Point"
      },
      "properties": {
        "ADM0_FR": "VALLEE DU BANDAMA",
        "ADM0_PCODE": "CI12",
        "ADM1_FR": "HAMBOL",
        "ADM1_PCODE": "CI117",
        "ADM2_FR": "KATIOLA",
        "ADM2_PCODE": "CI1702",
        "ADM3_FR": "KATIOLA",
        "ADM3_PCODE": "CI170201",
        "ADM4_FR": "KATIOLA",
        "ADM4_PCODE": "C3915",
        "centerLat": 8.13861,
        "centerLng": -5.10206,
        "pop": 40319,
        "Ted_MOOV": 17.919999999999998,
        "Tcd_MOOV": 91.38,
        "Tddu_MOOV": 3.7699999999999996,
        "Tddd_MOOV": 17.36,
        "Dmd_MOOV": 17128.3,
        "Dmu_MOOV": 16731.0,
        "Ted_MTN": 8.64,
        "Tcd_MTN": 94.03,
        "Tddu_MTN": 1.69,
        "Tddd_MTN": 1.41,
        "Dmd_MTN": 53707.14,
        "Dmu_MTN": 18748.57,
        "Ted_ORANGE": 0.0,
        "Tcd_ORANGE": 100.0,
        "Tddu_ORANGE": 0.0,
        "Tddd_ORANGE": 0.0,
        "Dmd_ORANGE": 65552.76,
        "Dmu_ORANGE": 14383.84,
        "rang_Ted_ORANGE": 1,
        "rang_Ted_MTN": 2,
        "rang_Ted_MOOV": 3,
        "rang_Tcd_ORANGE": 1,
        "rang_Tcd_MTN": 2,
        "rang_Tcd_MOOV": 3,
        "rang_Tddd_ORANGE": 1,
        "rang_Tddd_MTN": 2,
        "rang_Tddd_MOOV": 3,
        "rang_Tddu_ORANGE": 1,
        "rang_Tddu_MTN": 2,
        "rang_Tddu_MOOV": 3,
        "rang_Dmd_ORANGE": 3,
        "rang_Dmd_MTN": 2,
        "rang_Dmd_MOOV": 1,
        "rang_Dmu_ORANGE": 1,
        "rang_Dmu_MTN": 3,
        "rang_Dmu_MOOV": 2
      },
      "id": 43
    },
    {
      "type": "Feature",
      "geometry": {
        "coordinates": [
          -5.6275,
          9.44799
        ],
        "type": "Point"
      },
      "properties": {
        "ADM0_FR": "SAVANES",
        "ADM0_PCODE": "CI11",
        "ADM1_FR": "PORO",
        "ADM1_PCODE": "CI128",
        "ADM2_FR": "KORHOGO",
        "ADM2_PCODE": "CI2802",
        "ADM3_FR": "KORHOGO",
        "ADM3_PCODE": "CI280201",
        "ADM4_FR": "KORHOGO",
        "ADM4_PCODE": "C4410",
        "centerLat": 9.45799,
        "centerLng": -5.6375,
        "pop": 243048,
        "Ted_MOOV": 7.31,
        "Tcd_MOOV": 91.4,
        "Tddu_MOOV": 6.67,
        "Tddd_MOOV": 5.29,
        "Dmd_MOOV": 36166.16,
        "Dmu_MOOV": 20227.3,
        "Ted_MTN": 15.1,
        "Tcd_MTN": 92.09,
        "Tddu_MTN": 2.78,
        "Tddd_MTN": 4.42,
        "Dmd_MTN": 31568.9,
        "Dmu_MTN": 20683.95,
        "Ted_ORANGE": 0.0,
        "Tcd_ORANGE": 100.0,
        "Tddu_ORANGE": 1.08,
        "Tddd_ORANGE": 0.98,
        "Dmd_ORANGE": 38506.92,
        "Dmu_ORANGE": 15627.89,
        "rang_Ted_ORANGE": 1,
        "rang_Ted_MTN": 3,
        "rang_Ted_MOOV": 2,
        "rang_Tcd_ORANGE": 1,
        "rang_Tcd_MTN": 2,
        "rang_Tcd_MOOV": 3,
        "rang_Tddd_ORANGE": 1,
        "rang_Tddd_MTN": 2,
        "rang_Tddd_MOOV": 3,
        "rang_Tddu_ORANGE": 1,
        "rang_Tddu_MTN": 2,
        "rang_Tddu_MOOV": 3,
        "rang_Dmd_ORANGE": 3,
        "rang_Dmd_MTN": 1,
        "rang_Dmd_MOOV": 2,
        "rang_Dmu_ORANGE": 1,
        "rang_Dmu_MTN": 3,
        "rang_Dmu_MOOV": 2
      },
      "id": 44
    },
    {
      "type": "Feature",
      "geometry": {
        "coordinates": [
          -6.75621,
          8.05117
        ],
        "type": "Point"
      },
      "properties": {
        "ADM0_FR": "WOROBA",
        "ADM0_PCODE": "CI13",
        "ADM1_FR": "WORODOUGOU",
        "ADM1_PCODE": "CI133",
        "ADM2_FR": "SEGUELA",
        "ADM2_PCODE": "CI3302",
        "ADM3_FR": "WOROFLA",
        "ADM3_PCODE": "CI330207",
        "ADM4_FR": "KOUÉGO",
        "ADM4_PCODE": "C4642",
        "centerLat": 8.06117,
        "centerLng": -6.76621,
        "pop": 3045,
        "Ted_MOOV": 13.33,
        "Tcd_MOOV": 96.7,
        "Tddu_MOOV": 0.0,
        "Tddd_MOOV": 41.79,
        "Dmd_MOOV": 1082.69,
        "Dmu_MOOV": 2813.87,
        "Ted_MTN": 20.0,
        "Tcd_MTN": 67.86,
        "Tddu_MTN": 81.82000000000001,
        "Tddd_MTN": 100.0,
        "Dmd_MTN": 92.49,
        "Dmu_MTN": 316.04,
        "Ted_ORANGE": 32.690000000000005,
        "Tcd_ORANGE": 55.71,
        "Tddu_ORANGE": 66.67,
        "Tddd_ORANGE": 98.08,
        "Dmd_ORANGE": 108.7,
        "Dmu_ORANGE": 511.43,
        "rang_Ted_ORANGE": 3,
        "rang_Ted_MTN": 2,
        "rang_Ted_MOOV": 1,
        "rang_Tcd_ORANGE": 3,
        "rang_Tcd_MTN": 2,
        "rang_Tcd_MOOV": 1,
        "rang_Tddd_ORANGE": 2,
        "rang_Tddd_MTN": 3,
        "rang_Tddd_MOOV": 1,
        "rang_Tddu_ORANGE": 2,
        "rang_Tddu_MTN": 3,
        "rang_Tddu_MOOV": 1,
        "rang_Dmd_ORANGE": 2,
        "rang_Dmd_MTN": 1,
        "rang_Dmd_MOOV": 3,
        "rang_Dmu_ORANGE": 2,
        "rang_Dmu_MTN": 1,
        "rang_Dmu_MOOV": 3
      },
      "id": 45
    },
    {
      "type": "Feature",
      "geometry": {
        "coordinates": [
          -3.2431400000000004,
          7.47698
        ],
        "type": "Point"
      },
      "properties": {
        "ADM0_FR": "ZANZAN",
        "ADM0_PCODE": "CI14",
        "ADM1_FR": "GONTOUGO",
        "ADM1_PCODE": "CI114",
        "ADM2_FR": "KOUN-FAO",
        "ADM2_PCODE": "CI1402",
        "ADM3_FR": "KOUN-FAO",
        "ADM3_PCODE": "CI140201",
        "ADM4_FR": "KOUN-FAO",
        "ADM4_PCODE": "C4714",
        "centerLat": 7.48698,
        "centerLng": -3.25314,
        "pop": 5488,
        "Ted_MOOV": 0.0,
        "Tcd_MOOV": 96.13000000000001,
        "Tddu_MOOV": 6.67,
        "Tddd_MOOV": 1.82,
        "Dmd_MOOV": 10187.96,
        "Dmu_MOOV": 9011.2,
        "Ted_MTN": 13.55,
        "Tcd_MTN": 90.3,
        "Tddu_MTN": 2.56,
        "Tddd_MTN": 10.530000000000001,
        "Dmd_MTN": 31751.65,
        "Dmu_MTN": 16337.26,
        "Ted_ORANGE": 0.63,
        "Tcd_ORANGE": 98.1,
        "Tddu_ORANGE": 0.0,
        "Tddd_ORANGE": 0.0,
        "Dmd_ORANGE": 62765.35,
        "Dmu_ORANGE": 19697.98,
        "rang_Ted_ORANGE": 2,
        "rang_Ted_MTN": 3,
        "rang_Ted_MOOV": 1,
        "rang_Tcd_ORANGE": 1,
        "rang_Tcd_MTN": 3,
        "rang_Tcd_MOOV": 2,
        "rang_Tddd_ORANGE": 1,
        "rang_Tddd_MTN": 3,
        "rang_Tddd_MOOV": 2,
        "rang_Tddu_ORANGE": 1,
        "rang_Tddu_MTN": 2,
        "rang_Tddu_MOOV": 3,
        "rang_Dmd_ORANGE": 3,
        "rang_Dmd_MTN": 2,
        "rang_Dmd_MOOV": 1,
        "rang_Dmu_ORANGE": 3,
        "rang_Dmu_MTN": 2,
        "rang_Dmu_MOOV": 1
      },
      "id": 46
    },
    {
      "type": "Feature",
      "geometry": {
        "coordinates": [
          -6.403160000000001,
          9.88214
        ],
        "type": "Point"
      },
      "properties": {
        "ADM0_FR": "SAVANES",
        "ADM0_PCODE": "CI11",
        "ADM1_FR": "BAGOUE",
        "ADM1_PCODE": "CI105",
        "ADM2_FR": "KOUTO",
        "ADM2_PCODE": "CI0502",
        "ADM3_FR": "KOUTO",
        "ADM3_PCODE": "CI050201",
        "ADM4_FR": "KOUTO",
        "ADM4_PCODE": "C4751",
        "centerLat": 9.89214,
        "centerLng": -6.41316,
        "pop": 10989,
        "Ted_MOOV": 7.89,
        "Tcd_MOOV": 90.0,
        "Tddu_MOOV": 11.899999999999999,
        "Tddd_MOOV": 4.08,
        "Dmd_MOOV": 28562.18,
        "Dmu_MOOV": 11775.02,
        "Ted_MTN": 21.43,
        "Tcd_MTN": 86.78,
        "Tddu_MTN": 3.2300000000000004,
        "Tddd_MTN": 20.0,
        "Dmd_MTN": 41213.95,
        "Dmu_MTN": 2749.94,
        "Ted_ORANGE": 0.0,
        "Tcd_ORANGE": 98.59,
        "Tddu_ORANGE": 0.0,
        "Tddd_ORANGE": 9.8,
        "Dmd_ORANGE": 25132.47,
        "Dmu_ORANGE": 6705.66,
        "rang_Ted_ORANGE": 1,
        "rang_Ted_MTN": 3,
        "rang_Ted_MOOV": 2,
        "rang_Tcd_ORANGE": 1,
        "rang_Tcd_MTN": 3,
        "rang_Tcd_MOOV": 2,
        "rang_Tddd_ORANGE": 2,
        "rang_Tddd_MTN": 3,
        "rang_Tddd_MOOV": 1,
        "rang_Tddu_ORANGE": 1,
        "rang_Tddu_MTN": 2,
        "rang_Tddu_MOOV": 3,
        "rang_Dmd_ORANGE": 1,
        "rang_Dmd_MTN": 3,
        "rang_Dmd_MOOV": 2,
        "rang_Dmu_ORANGE": 2,
        "rang_Dmu_MTN": 1,
        "rang_Dmu_MOOV": 3
      },
      "id": 47
    },
    {
      "type": "Feature",
      "geometry": {
        "coordinates": [
          -6.93096,
          9.6016
        ],
        "type": "Point"
      },
      "properties": {
        "ADM0_FR": "DENGUELE",
        "ADM0_PCODE": "CI03",
        "ADM1_FR": "KABADOUGOU",
        "ADM1_PCODE": "CI121",
        "ADM2_FR": "MADINANI",
        "ADM2_PCODE": "CI2102",
        "ADM3_FR": "MADINANI",
        "ADM3_PCODE": "CI210201",
        "ADM4_FR": "MADINANI",
        "ADM4_PCODE": "C5251",
        "centerLat": 9.6116,
        "centerLng": -6.94096,
        "pop": 6710,
        "Ted_MOOV": 25.790000000000003,
        "Tcd_MOOV": 95.76,
        "Tddu_MOOV": 0.0,
        "Tddd_MOOV": 28.410000000000004,
        "Dmd_MOOV": 9380.65,
        "Dmu_MOOV": 12783.96,
        "Ted_MTN": 30.86,
        "Tcd_MTN": 69.64,
        "Tddu_MTN": 25.0,
        "Tddd_MTN": 25.0,
        "Dmd_MTN": 18331.31,
        "Dmu_MTN": 12906.06,
        "Ted_ORANGE": 0.0,
        "Tcd_ORANGE": 98.83999999999999,
        "Tddu_ORANGE": 0.0,
        "Tddd_ORANGE": 0.0,
        "Dmd_ORANGE": 49847.14,
        "Dmu_ORANGE": 15234.87,
        "rang_Ted_ORANGE": 1,
        "rang_Ted_MTN": 3,
        "rang_Ted_MOOV": 2,
        "rang_Tcd_ORANGE": 1,
        "rang_Tcd_MTN": 3,
        "rang_Tcd_MOOV": 2,
        "rang_Tddd_ORANGE": 1,
        "rang_Tddd_MTN": 2,
        "rang_Tddd_MOOV": 3,
        "rang_Tddu_ORANGE": 1,
        "rang_Tddu_MTN": 3,
        "rang_Tddu_MOOV": 1,
        "rang_Dmd_ORANGE": 3,
        "rang_Dmd_MTN": 2,
        "rang_Dmd_MOOV": 1,
        "rang_Dmu_ORANGE": 3,
        "rang_Dmu_MTN": 2,
        "rang_Dmu_MOOV": 1
      },
      "id": 48
    },
    {
      "type": "Feature",
      "geometry": {
        "coordinates": [
          -7.544420000000001,
          7.39545
        ],
        "type": "Point"
      },
      "properties": {
        "ADM0_FR": "MONTAGNES",
        "ADM0_PCODE": "CI09",
        "ADM1_FR": "TONKPI",
        "ADM1_PCODE": "CI132",
        "ADM2_FR": "MAN",
        "ADM2_PCODE": "CI3203",
        "ADM3_FR": "MAN",
        "ADM3_PCODE": "CI320301",
        "ADM4_FR": "MAN",
        "ADM4_PCODE": "C5323",
        "centerLat": 7.40545,
        "centerLng": -7.55442,
        "pop": 149041,
        "Ted_MOOV": 8.780000000000001,
        "Tcd_MOOV": 93.31,
        "Tddu_MOOV": 7.04,
        "Tddd_MOOV": 2.98,
        "Dmd_MOOV": 42262.67,
        "Dmu_MOOV": 20626.24,
        "Ted_MTN": 1.8399999999999999,
        "Tcd_MTN": 98.13,
        "Tddu_MTN": 5.0,
        "Tddd_MTN": 1.0699999999999998,
        "Dmd_MTN": 33357.43,
        "Dmu_MTN": 20658.43,
        "Ted_ORANGE": 0.0,
        "Tcd_ORANGE": 98.92999999999999,
        "Tddu_ORANGE": 1.18,
        "Tddd_ORANGE": 0.0,
        "Dmd_ORANGE": 39168.05,
        "Dmu_ORANGE": 21134.52,
        "rang_Ted_ORANGE": 1,
        "rang_Ted_MTN": 2,
        "rang_Ted_MOOV": 3,
        "rang_Tcd_ORANGE": 1,
        "rang_Tcd_MTN": 2,
        "rang_Tcd_MOOV": 3,
        "rang_Tddd_ORANGE": 1,
        "rang_Tddd_MTN": 2,
        "rang_Tddd_MOOV": 3,
        "rang_Tddu_ORANGE": 1,
        "rang_Tddu_MTN": 2,
        "rang_Tddu_MOOV": 3,
        "rang_Dmd_ORANGE": 2,
        "rang_Dmd_MTN": 1,
        "rang_Dmd_MOOV": 3,
        "rang_Dmu_ORANGE": 3,
        "rang_Dmu_MTN": 2,
        "rang_Dmu_MOOV": 1
      },
      "id": 49
    },
    {
      "type": "Feature",
      "geometry": {
        "coordinates": [
          -6.639060000000001,
          6.92244
        ],
        "type": "Point"
      },
      "properties": {
        "ADM0_FR": "WOROBA",
        "ADM0_PCODE": "CI13",
        "ADM1_FR": "WORODOUGOU",
        "ADM1_PCODE": "CI133",
        "ADM2_FR": "SEGUELA",
        "ADM2_PCODE": "CI3302",
        "ADM3_FR": "WOROFLA",
        "ADM3_PCODE": "CI330207",
        "ADM4_FR": "MANKONO",
        "ADM4_PCODE": "C5355",
        "centerLat": 6.93244,
        "centerLng": -6.64906,
        "pop": 1576,
        "Ted_MOOV": 5.050000000000001,
        "Tcd_MOOV": 98.07000000000001,
        "Tddu_MOOV": 0.0,
        "Tddd_MOOV": 0.0,
        "Dmd_MOOV": 8951.4,
        "Dmu_MOOV": 27393.46,
        "Ted_MTN": 20.87,
        "Tcd_MTN": 96.15,
        "Tddu_MTN": 0.0,
        "Tddd_MTN": 8.06,
        "Dmd_MTN": 13413.0,
        "Dmu_MTN": 13184.18,
        "Ted_ORANGE": 0.0,
        "Tcd_ORANGE": 100.0,
        "Tddu_ORANGE": 0.0,
        "Tddd_ORANGE": 0.0,
        "Dmd_ORANGE": 50222.5,
        "Dmu_ORANGE": 24251.68,
        "rang_Ted_ORANGE": 1,
        "rang_Ted_MTN": 3,
        "rang_Ted_MOOV": 2,
        "rang_Tcd_ORANGE": 1,
        "rang_Tcd_MTN": 3,
        "rang_Tcd_MOOV": 2,
        "rang_Tddd_ORANGE": 1,
        "rang_Tddd_MTN": 3,
        "rang_Tddd_MOOV": 1,
        "rang_Tddu_ORANGE": 1,
        "rang_Tddu_MTN": 1,
        "rang_Tddu_MOOV": 1,
        "rang_Dmd_ORANGE": 3,
        "rang_Dmd_MTN": 2,
        "rang_Dmd_MOOV": 1,
        "rang_Dmu_ORANGE": 2,
        "rang_Dmu_MTN": 1,
        "rang_Dmu_MOOV": 3
      },
      "id": 50
    },
    {
      "type": "Feature",
      "geometry": {
        "coordinates": [
          -4.33,
          7.45
        ],
        "type": "Point"
      },
      "properties": {
        "ADM0_FR": "LACS",
        "ADM0_PCODE": "CI07",
        "ADM1_FR": "IFFOU",
        "ADM1_PCODE": "CI119",
        "ADM2_FR": "M'BAHIAKRO",
        "ADM2_PCODE": "CI1902",
        "ADM3_FR": "M'BAHIAKRO",
        "ADM3_PCODE": "CI190201",
        "ADM4_FR": "M'BAHIAKRO",
        "ADM4_PCODE": "C5412",
        "centerLat": 7.46,
        "centerLng": -4.34,
        "pop": 14894,
        "Ted_MOOV": 0.63,
        "Tcd_MOOV": 96.17999999999999,
        "Tddu_MOOV": 0.0,
        "Tddd_MOOV": 0.0,
        "Dmd_MOOV": 14679.77,
        "Dmu_MOOV": 13430.78,
        "Ted_MTN": 6.329999999999999,
        "Tcd_MTN": 93.24,
        "Tddu_MTN": 0.0,
        "Tddd_MTN": 1.8900000000000001,
        "Dmd_MTN": 14485.64,
        "Dmu_MTN": 12931.41,
        "Ted_ORANGE": 0.0,
        "Tcd_ORANGE": 99.37,
        "Tddu_ORANGE": 0.0,
        "Tddd_ORANGE": 0.0,
        "Dmd_ORANGE": 17933.53,
        "Dmu_ORANGE": 13023.28,
        "rang_Ted_ORANGE": 1,
        "rang_Ted_MTN": 3,
        "rang_Ted_MOOV": 2,
        "rang_Tcd_ORANGE": 1,
        "rang_Tcd_MTN": 3,
        "rang_Tcd_MOOV": 2,
        "rang_Tddd_ORANGE": 1,
        "rang_Tddd_MTN": 3,
        "rang_Tddd_MOOV": 1,
        "rang_Tddu_ORANGE": 1,
        "rang_Tddu_MTN": 1,
        "rang_Tddu_MOOV": 1,
        "rang_Dmd_ORANGE": 3,
        "rang_Dmd_MTN": 1,
        "rang_Dmd_MOOV": 2,
        "rang_Dmu_ORANGE": 2,
        "rang_Dmu_MTN": 1,
        "rang_Dmu_MOOV": 3
      },
      "id": 51
    },
    {
      "type": "Feature",
      "geometry": {
        "coordinates": [
          -6.54634,
          5.39618
        ],
        "type": "Point"
      },
      "properties": {
        "ADM0_FR": "BAS-SASSANDRA",
        "ADM0_PCODE": "CI01",
        "ADM1_FR": "NAWA",
        "ADM1_PCODE": "CI126",
        "ADM2_FR": "MEAGUI",
        "ADM2_PCODE": "CI2603",
        "ADM3_FR": "MEAGUI",
        "ADM3_PCODE": "CI260301",
        "ADM4_FR": "MÉAGUI",
        "ADM4_PCODE": "C5452",
        "centerLat": 5.40618,
        "centerLng": -6.55634,
        "pop": 57367,
        "Ted_MOOV": 23.23,
        "Tcd_MOOV": 91.60000000000001,
        "Tddu_MOOV": 0.0,
        "Tddd_MOOV": 27.589999999999996,
        "Dmd_MOOV": 10332.98,
        "Dmu_MOOV": 22723.2,
        "Ted_MTN": 1.29,
        "Tcd_MTN": 96.73,
        "Tddu_MTN": 2.27,
        "Tddd_MTN": 1.83,
        "Dmd_MTN": 20755.45,
        "Dmu_MTN": 14075.11,
        "Ted_ORANGE": 0.0,
        "Tcd_ORANGE": 100.66999999999999,
        "Tddu_ORANGE": 0.0,
        "Tddd_ORANGE": 0.0,
        "Dmd_ORANGE": 38903.02,
        "Dmu_ORANGE": 18471.33,
        "rang_Ted_ORANGE": 1,
        "rang_Ted_MTN": 2,
        "rang_Ted_MOOV": 3,
        "rang_Tcd_ORANGE": 1,
        "rang_Tcd_MTN": 2,
        "rang_Tcd_MOOV": 3,
        "rang_Tddd_ORANGE": 1,
        "rang_Tddd_MTN": 2,
        "rang_Tddd_MOOV": 3,
        "rang_Tddu_ORANGE": 1,
        "rang_Tddu_MTN": 3,
        "rang_Tddu_MOOV": 1,
        "rang_Dmd_ORANGE": 3,
        "rang_Dmd_MTN": 2,
        "rang_Dmd_MOOV": 1,
        "rang_Dmu_ORANGE": 2,
        "rang_Dmu_MTN": 1,
        "rang_Dmu_MOOV": 3
      },
      "id": 52
    },
    {
      "type": "Feature",
      "geometry": {
        "coordinates": [
          -4.470000000000001,
          9.39
        ],
        "type": "Point"
      },
      "properties": {
        "ADM0_FR": "SAVANES",
        "ADM0_PCODE": "CI11",
        "ADM1_FR": "TCHOLOGO",
        "ADM1_PCODE": "CI131",
        "ADM2_FR": "KONG",
        "ADM2_PCODE": "CI3102",
        "ADM3_FR": "SIKOLO",
        "ADM3_PCODE": "CI310204",
        "ADM4_FR": "NASSIAN",
        "ADM4_PCODE": "C5771",
        "centerLat": 9.4,
        "centerLng": -4.48,
        "pop": 1161,
        "Ted_MOOV": 0.0,
        "Tcd_MOOV": 70.27,
        "Tddu_MOOV": 0.0,
        "Tddd_MOOV": 0.0,
        "Dmd_MOOV": 14313.32,
        "Dmu_MOOV": 11002.24,
        "Ted_MTN": 4.65,
        "Tcd_MTN": 89.42999999999999,
        "Tddu_MTN": 2.94,
        "Tddd_MTN": 1.1199999999999999,
        "Dmd_MTN": 24653.32,
        "Dmu_MTN": 9400.62,
        "Ted_ORANGE": 0.0,
        "Tcd_ORANGE": 90.7,
        "Tddu_ORANGE": 5.56,
        "Tddd_ORANGE": 0.0,
        "Dmd_ORANGE": 34711.4,
        "Dmu_ORANGE": 5540.12,
        "rang_Ted_ORANGE": 1,
        "rang_Ted_MTN": 3,
        "rang_Ted_MOOV": 1,
        "rang_Tcd_ORANGE": 1,
        "rang_Tcd_MTN": 2,
        "rang_Tcd_MOOV": 3,
        "rang_Tddd_ORANGE": 1,
        "rang_Tddd_MTN": 3,
        "rang_Tddd_MOOV": 1,
        "rang_Tddu_ORANGE": 3,
        "rang_Tddu_MTN": 2,
        "rang_Tddu_MOOV": 1,
        "rang_Dmd_ORANGE": 3,
        "rang_Dmd_MTN": 2,
        "rang_Dmd_MOOV": 1,
        "rang_Dmu_ORANGE": 1,
        "rang_Dmu_MTN": 2,
        "rang_Dmu_MOOV": 3
      },
      "id": 53
    },
    {
      "type": "Feature",
      "geometry": {
        "coordinates": [
          -5.28,
          8.65
        ],
        "type": "Point"
      },
      "properties": {
        "ADM0_FR": "VALLEE DU BANDAMA",
        "ADM0_PCODE": "CI12",
        "ADM1_FR": "HAMBOL",
        "ADM1_PCODE": "CI117",
        "ADM2_FR": "NIAKARAMADOUGOU",
        "ADM2_PCODE": "CI1703",
        "ADM3_FR": "NIAKARAMADOUGOU",
        "ADM3_PCODE": "CI170301",
        "ADM4_FR": "NIAKARAMADOUGOU",
        "ADM4_PCODE": "C5977",
        "centerLat": 8.66,
        "centerLng": -5.29,
        "pop": 16812,
        "Ted_MOOV": 6.93,
        "Tcd_MOOV": 94.67999999999999,
        "Tddu_MOOV": 0.0,
        "Tddd_MOOV": 0.0,
        "Dmd_MOOV": 64626.35,
        "Dmu_MOOV": 21825.46,
        "Ted_MTN": 18.47,
        "Tcd_MTN": 93.75,
        "Tddu_MTN": 5.56,
        "Tddd_MTN": 4.35,
        "Dmd_MTN": 45957.45,
        "Dmu_MTN": 9434.74,
        "Ted_ORANGE": 0.0,
        "Tcd_ORANGE": 98.81,
        "Tddu_ORANGE": 0.0,
        "Tddd_ORANGE": 0.0,
        "Dmd_ORANGE": 42102.06,
        "Dmu_ORANGE": 8890.41,
        "rang_Ted_ORANGE": 1,
        "rang_Ted_MTN": 3,
        "rang_Ted_MOOV": 2,
        "rang_Tcd_ORANGE": 1,
        "rang_Tcd_MTN": 3,
        "rang_Tcd_MOOV": 2,
        "rang_Tddd_ORANGE": 1,
        "rang_Tddd_MTN": 3,
        "rang_Tddd_MOOV": 1,
        "rang_Tddu_ORANGE": 1,
        "rang_Tddu_MTN": 3,
        "rang_Tddu_MOOV": 1,
        "rang_Dmd_ORANGE": 1,
        "rang_Dmd_MTN": 2,
        "rang_Dmd_MOOV": 3,
        "rang_Dmu_ORANGE": 1,
        "rang_Dmu_MTN": 2,
        "rang_Dmu_MOOV": 3
      },
      "id": 54
    },
    {
      "type": "Feature",
      "geometry": {
        "coordinates": [
          -2.7755500000000004,
          5.28329
        ],
        "type": "Point"
      },
      "properties": {
        "ADM0_FR": "COMOE",
        "ADM0_PCODE": "CI02",
        "ADM1_FR": "SUD-COMOE",
        "ADM1_PCODE": "CI130",
        "ADM2_FR": "TIAPOUM",
        "ADM2_PCODE": "CI3004",
        "ADM3_FR": "NOE",
        "ADM3_PCODE": "CI300402",
        "ADM4_FR": "NOÉ",
        "ADM4_PCODE": "C6109",
        "centerLat": 5.29329,
        "centerLng": -2.78555,
        "pop": 9411,
        "Ted_MOOV": 0.0,
        "Tcd_MOOV": 100.0,
        "Tddu_MOOV": 0.0,
        "Tddd_MOOV": 0.0,
        "Dmd_MOOV": 18186.57,
        "Dmu_MOOV": 15382.45,
        "Ted_MTN": 0.0,
        "Tcd_MTN": 96.55,
        "Tddu_MTN": 0.0,
        "Tddd_MTN": 0.0,
        "Dmd_MTN": 33957.69,
        "Dmu_MTN": 18255.56,
        "Ted_ORANGE": 0.0,
        "Tcd_ORANGE": 100.0,
        "Tddu_ORANGE": 0.0,
        "Tddd_ORANGE": 0.0,
        "Dmd_ORANGE": 64151.62,
        "Dmu_ORANGE": 13754.68,
        "rang_Ted_ORANGE": 1,
        "rang_Ted_MTN": 1,
        "rang_Ted_MOOV": 1,
        "rang_Tcd_ORANGE": 1,
        "rang_Tcd_MTN": 3,
        "rang_Tcd_MOOV": 1,
        "rang_Tddd_ORANGE": 1,
        "rang_Tddd_MTN": 1,
        "rang_Tddd_MOOV": 1,
        "rang_Tddu_ORANGE": 1,
        "rang_Tddu_MTN": 1,
        "rang_Tddu_MOOV": 1,
        "rang_Dmd_ORANGE": 3,
        "rang_Dmd_MTN": 2,
        "rang_Dmd_MOOV": 1,
        "rang_Dmu_ORANGE": 1,
        "rang_Dmu_MTN": 3,
        "rang_Dmu_MOOV": 2
      },
      "id": 55
    },
    {
      "type": "Feature",
      "geometry": {
        "coordinates": [
          -7.55213,
          9.49687
        ],
        "type": "Point"
      },
      "properties": {
        "ADM0_FR": "DENGUELE",
        "ADM0_PCODE": "CI03",
        "ADM1_FR": "KABADOUGOU",
        "ADM1_PCODE": "CI121",
        "ADM2_FR": "ODIENNE",
        "ADM2_PCODE": "CI2103",
        "ADM3_FR": "ODIENNE",
        "ADM3_PCODE": "CI210301",
        "ADM4_FR": "ODIENNE",
        "ADM4_PCODE": "C6210",
        "centerLat": 9.50687,
        "centerLng": -7.56213,
        "pop": 42173,
        "Ted_MOOV": 1.5699999999999998,
        "Tcd_MOOV": 96.81,
        "Tddu_MOOV": 1.3299999999999998,
        "Tddd_MOOV": 1.1400000000000001,
        "Dmd_MOOV": 51620.25,
        "Dmu_MOOV": 16269.86,
        "Ted_MTN": 7.249999999999999,
        "Tcd_MTN": 93.83,
        "Tddu_MTN": 5.33,
        "Tddd_MTN": 2.3800000000000003,
        "Dmd_MTN": 43100.65,
        "Dmu_MTN": 15971.94,
        "Ted_ORANGE": 0.0,
        "Tcd_ORANGE": 98.47,
        "Tddu_ORANGE": 1.27,
        "Tddd_ORANGE": 1.0999999999999999,
        "Dmd_ORANGE": 43558.88,
        "Dmu_ORANGE": 12248.34,
        "rang_Ted_ORANGE": 1,
        "rang_Ted_MTN": 3,
        "rang_Ted_MOOV": 2,
        "rang_Tcd_ORANGE": 1,
        "rang_Tcd_MTN": 3,
        "rang_Tcd_MOOV": 2,
        "rang_Tddd_ORANGE": 1,
        "rang_Tddd_MTN": 3,
        "rang_Tddd_MOOV": 2,
        "rang_Tddu_ORANGE": 1,
        "rang_Tddu_MTN": 3,
        "rang_Tddu_MOOV": 2,
        "rang_Dmd_ORANGE": 2,
        "rang_Dmd_MTN": 1,
        "rang_Dmd_MOOV": 3,
        "rang_Dmu_ORANGE": 1,
        "rang_Dmu_MTN": 2,
        "rang_Dmu_MOOV": 3
      },
      "id": 56
    },
    {
      "type": "Feature",
      "geometry": {
        "coordinates": [
          -5.14419,
          9.95711
        ],
        "type": "Point"
      },
      "properties": {
        "ADM0_FR": "SAVANES",
        "ADM0_PCODE": "CI11",
        "ADM1_FR": "TCHOLOGO",
        "ADM1_PCODE": "CI131",
        "ADM2_FR": "OUANGOLODOUGOU",
        "ADM2_PCODE": "CI3103",
        "ADM3_FR": "OUANGOLODOUGOU",
        "ADM3_PCODE": "CI310301",
        "ADM4_FR": "OUANGOLODOUGOU",
        "ADM4_PCODE": "C6291",
        "centerLat": 9.96711,
        "centerLng": -5.15419,
        "pop": 37991,
        "Ted_MOOV": 14.63,
        "Tcd_MOOV": 60.0,
        "Tddu_MOOV": 0.0,
        "Tddd_MOOV": 8.33,
        "Dmd_MOOV": 6222.93,
        "Dmu_MOOV": 13697.4,
        "Ted_MTN": 14.84,
        "Tcd_MTN": 96.97,
        "Tddu_MTN": 2.63,
        "Tddd_MTN": 5.319999999999999,
        "Dmd_MTN": 24625.13,
        "Dmu_MTN": 19089.79,
        "Ted_ORANGE": 0.0,
        "Tcd_ORANGE": 98.71,
        "Tddu_ORANGE": 2.22,
        "Tddd_ORANGE": 2.73,
        "Dmd_ORANGE": 12390.12,
        "Dmu_ORANGE": 9202.8,
        "rang_Ted_ORANGE": 1,
        "rang_Ted_MTN": 3,
        "rang_Ted_MOOV": 2,
        "rang_Tcd_ORANGE": 1,
        "rang_Tcd_MTN": 2,
        "rang_Tcd_MOOV": 3,
        "rang_Tddd_ORANGE": 1,
        "rang_Tddd_MTN": 2,
        "rang_Tddd_MOOV": 3,
        "rang_Tddu_ORANGE": 2,
        "rang_Tddu_MTN": 3,
        "rang_Tddu_MOOV": 1,
        "rang_Dmd_ORANGE": 2,
        "rang_Dmd_MTN": 3,
        "rang_Dmd_MOOV": 1,
        "rang_Dmu_ORANGE": 1,
        "rang_Dmu_MTN": 3,
        "rang_Dmu_MOOV": 2
      },
      "id": 57
    },
    {
      "type": "Feature",
      "geometry": {
        "coordinates": [
          -7.07341,
          4.65649
        ],
        "type": "Point"
      },
      "properties": {
        "ADM0_FR": "BAS-SASSANDRA",
        "ADM0_PCODE": "CI01",
        "ADM1_FR": "SAN-PEDRO",
        "ADM1_PCODE": "CI129",
        "ADM2_FR": "SAN-PEDRO",
        "ADM2_PCODE": "CI2901",
        "ADM3_FR": "GRAND-BEREBY",
        "ADM3_PCODE": "CI290105",
        "ADM4_FR": "OUÉOULO",
        "ADM4_PCODE": "C6339",
        "centerLat": 4.66649,
        "centerLng": -7.08341,
        "pop": 1741,
        "Ted_MOOV": 0.96,
        "Tcd_MOOV": 74.76,
        "Tddu_MOOV": 0.0,
        "Tddd_MOOV": 0.0,
        "Dmd_MOOV": 25582.19,
        "Dmu_MOOV": 25853.95,
        "Ted_MTN": 9.520000000000001,
        "Tcd_MTN": 86.32,
        "Tddu_MTN": 11.110000000000001,
        "Tddd_MTN": 2.94,
        "Dmd_MTN": 9788.39,
        "Dmu_MTN": 4449.47,
        "Ted_ORANGE": 0.95,
        "Tcd_ORANGE": 85.58,
        "Tddu_ORANGE": 0.0,
        "Tddd_ORANGE": 33.33,
        "Dmd_ORANGE": 16609.55,
        "Dmu_ORANGE": 22432.66,
        "rang_Ted_ORANGE": 1,
        "rang_Ted_MTN": 3,
        "rang_Ted_MOOV": 2,
        "rang_Tcd_ORANGE": 2,
        "rang_Tcd_MTN": 1,
        "rang_Tcd_MOOV": 3,
        "rang_Tddd_ORANGE": 3,
        "rang_Tddd_MTN": 2,
        "rang_Tddd_MOOV": 1,
        "rang_Tddu_ORANGE": 1,
        "rang_Tddu_MTN": 3,
        "rang_Tddu_MOOV": 1,
        "rang_Dmd_ORANGE": 2,
        "rang_Dmd_MTN": 1,
        "rang_Dmd_MOOV": 3,
        "rang_Dmu_ORANGE": 2,
        "rang_Dmu_MTN": 1,
        "rang_Dmu_MOOV": 3
      },
      "id": 58
    },
    {
      "type": "Feature",
      "geometry": {
        "coordinates": [
          -5.87775,
          8.80244
        ],
        "type": "Point"
      },
      "properties": {
        "ADM0_FR": "SAVANES",
        "ADM0_PCODE": "CI11",
        "ADM1_FR": "PORO",
        "ADM1_PCODE": "CI128",
        "ADM2_FR": "DIKODOUGOU",
        "ADM2_PCODE": "CI2801",
        "ADM3_FR": "DIKODOUGOU",
        "ADM3_PCODE": "CI280102",
        "ADM4_FR": "SAMATIGUILA",
        "ADM4_PCODE": "C6741",
        "centerLat": 8.81244,
        "centerLng": -5.88775,
        "pop": 652,
        "Ted_MOOV": 0.0,
        "Tcd_MOOV": 99.37,
        "Tddu_MOOV": 0.0,
        "Tddd_MOOV": 0.0,
        "Dmd_MOOV": 69779.66,
        "Dmu_MOOV": 11384.43,
        "Ted_MTN": 0.0,
        "Tcd_MTN": 96.47,
        "Tddu_MTN": 6.0,
        "Tddd_MTN": 0.0,
        "Dmd_MTN": 13883.73,
        "Dmu_MTN": 6701.26,
        "Ted_ORANGE": 0.0,
        "Tcd_ORANGE": 100.0,
        "Tddu_ORANGE": 0.0,
        "Tddd_ORANGE": 0.0,
        "Dmd_ORANGE": 33735.59,
        "Dmu_ORANGE": 17899.05,
        "rang_Ted_ORANGE": 1,
        "rang_Ted_MTN": 1,
        "rang_Ted_MOOV": 1,
        "rang_Tcd_ORANGE": 1,
        "rang_Tcd_MTN": 3,
        "rang_Tcd_MOOV": 2,
        "rang_Tddd_ORANGE": 1,
        "rang_Tddd_MTN": 1,
        "rang_Tddd_MOOV": 1,
        "rang_Tddu_ORANGE": 1,
        "rang_Tddu_MTN": 3,
        "rang_Tddu_MOOV": 1,
        "rang_Dmd_ORANGE": 2,
        "rang_Dmd_MTN": 1,
        "rang_Dmd_MOOV": 3,
        "rang_Dmu_ORANGE": 3,
        "rang_Dmu_MTN": 1,
        "rang_Dmu_MOOV": 2
      },
      "id": 59
    },
    {
      "type": "Feature",
      "geometry": {
        "coordinates": [
          -3.5083300000000004,
          5.27453
        ],
        "type": "Point"
      },
      "properties": {
        "ADM0_FR": "COMOE",
        "ADM0_PCODE": "CI02",
        "ADM1_FR": "SUD-COMOE",
        "ADM1_PCODE": "CI130",
        "ADM2_FR": "GRAND-BASSAM",
        "ADM2_PCODE": "CI3003",
        "ADM3_FR": "BONOUA",
        "ADM3_PCODE": "CI300302",
        "ADM4_FR": "SAMO",
        "ADM4_PCODE": "C6751",
        "centerLat": 5.28453,
        "centerLng": -3.51833,
        "pop": 6424,
        "Ted_MOOV": 42.05,
        "Tcd_MOOV": 92.16,
        "Tddu_MOOV": 7.140000000000001,
        "Tddd_MOOV": 67.57,
        "Dmd_MOOV": 2342.47,
        "Dmu_MOOV": 12312.87,
        "Ted_MTN": 46.589999999999996,
        "Tcd_MTN": 57.45,
        "Tddu_MTN": 56.25,
        "Tddd_MTN": 16.13,
        "Dmd_MTN": 21438.27,
        "Dmu_MTN": 10669.44,
        "Ted_ORANGE": 14.940000000000001,
        "Tcd_ORANGE": 87.83999999999999,
        "Tddu_ORANGE": 41.67,
        "Tddd_ORANGE": 6.0,
        "Dmd_ORANGE": 58044.62,
        "Dmu_ORANGE": 2394.03,
        "rang_Ted_ORANGE": 1,
        "rang_Ted_MTN": 3,
        "rang_Ted_MOOV": 2,
        "rang_Tcd_ORANGE": 2,
        "rang_Tcd_MTN": 3,
        "rang_Tcd_MOOV": 1,
        "rang_Tddd_ORANGE": 1,
        "rang_Tddd_MTN": 2,
        "rang_Tddd_MOOV": 3,
        "rang_Tddu_ORANGE": 2,
        "rang_Tddu_MTN": 3,
        "rang_Tddu_MOOV": 1,
        "rang_Dmd_ORANGE": 3,
        "rang_Dmd_MTN": 2,
        "rang_Dmd_MOOV": 1,
        "rang_Dmu_ORANGE": 1,
        "rang_Dmu_MTN": 2,
        "rang_Dmu_MOOV": 3
      },
      "id": 60
    },
    {
      "type": "Feature",
      "geometry": {
        "coordinates": [
          -6.60973,
          4.72809
        ],
        "type": "Point"
      },
      "properties": {
        "ADM0_FR": "BAS-SASSANDRA",
        "ADM0_PCODE": "CI01",
        "ADM1_FR": "SAN-PEDRO",
        "ADM1_PCODE": "CI129",
        "ADM2_FR": "SAN-PEDRO",
        "ADM2_PCODE": "CI2901",
        "ADM3_FR": "SAN-PEDRO",
        "ADM3_PCODE": "CI290101",
        "ADM4_FR": "SAN-PEDRO",
        "ADM4_PCODE": "C6807",
        "centerLat": 4.73809,
        "centerLng": -6.61973,
        "pop": 164944,
        "Ted_MOOV": 0.36,
        "Tcd_MOOV": 100.0,
        "Tddu_MOOV": 0.0,
        "Tddd_MOOV": 8.290000000000001,
        "Dmd_MOOV": 40001.53,
        "Dmu_MOOV": 23610.57,
        "Ted_MTN": 0.0,
        "Tcd_MTN": 100.0,
        "Tddu_MTN": 0.0,
        "Tddd_MTN": 0.0,
        "Dmd_MTN": 73870.83,
        "Dmu_MTN": 36619.49,
        "Ted_ORANGE": 0.0,
        "Tcd_ORANGE": 100.0,
        "Tddu_ORANGE": 0.0,
        "Tddd_ORANGE": 0.0,
        "Dmd_ORANGE": 43243.2,
        "Dmu_ORANGE": 23903.53,
        "rang_Ted_ORANGE": 1,
        "rang_Ted_MTN": 1,
        "rang_Ted_MOOV": 3,
        "rang_Tcd_ORANGE": 1,
        "rang_Tcd_MTN": 1,
        "rang_Tcd_MOOV": 1,
        "rang_Tddd_ORANGE": 1,
        "rang_Tddd_MTN": 1,
        "rang_Tddd_MOOV": 3,
        "rang_Tddu_ORANGE": 1,
        "rang_Tddu_MTN": 1,
        "rang_Tddu_MOOV": 1,
        "rang_Dmd_ORANGE": 2,
        "rang_Dmd_MTN": 3,
        "rang_Dmd_MOOV": 1,
        "rang_Dmu_ORANGE": 2,
        "rang_Dmu_MTN": 3,
        "rang_Dmu_MOOV": 1
      },
      "id": 61
    },
    {
      "type": "Feature",
      "geometry": {
        "coordinates": [
          -3.5711700000000004,
          7.944640000000001
        ],
        "type": "Point"
      },
      "properties": {
        "ADM0_FR": "ZANZAN",
        "ADM0_PCODE": "CI14",
        "ADM1_FR": "GONTOUGO",
        "ADM1_PCODE": "CI114",
        "ADM2_FR": "SANDEGUE",
        "ADM2_PCODE": "CI1403",
        "ADM3_FR": "SANDEGUE",
        "ADM3_PCODE": "CI140301",
        "ADM4_FR": "SANDÉGUÉ",
        "ADM4_PCODE": "C6770",
        "centerLat": 7.95464,
        "centerLng": -3.58117,
        "pop": 2972,
        "Ted_MOOV": 0.0,
        "Tcd_MOOV": 0.0,
        "Tddu_MOOV": 0.0,
        "Tddd_MOOV": 0.0,
        "Dmd_MOOV": 0.0,
        "Dmu_MOOV": 0.0,
        "Ted_MTN": 0.0,
        "Tcd_MTN": 99.11999999999999,
        "Tddu_MTN": 0.0,
        "Tddd_MTN": 0.0,
        "Dmd_MTN": 24648.56,
        "Dmu_MTN": 12280.55,
        "Ted_ORANGE": 0.0,
        "Tcd_ORANGE": 99.11999999999999,
        "Tddu_ORANGE": 0.0,
        "Tddd_ORANGE": 0.0,
        "Dmd_ORANGE": 50694.32,
        "Dmu_ORANGE": 18058.4,
        "rang_Ted_ORANGE": 1,
        "rang_Ted_MTN": 1,
        "rang_Ted_MOOV": 1,
        "rang_Tcd_ORANGE": 1,
        "rang_Tcd_MTN": 1,
        "rang_Tcd_MOOV": 3,
        "rang_Tddd_ORANGE": 1,
        "rang_Tddd_MTN": 1,
        "rang_Tddd_MOOV": 1,
        "rang_Tddu_ORANGE": 1,
        "rang_Tddu_MTN": 1,
        "rang_Tddu_MOOV": 1,
        "rang_Dmd_ORANGE": 3,
        "rang_Dmd_MTN": 2,
        "rang_Dmd_MOOV": 1,
        "rang_Dmu_ORANGE": 3,
        "rang_Dmu_MTN": 2,
        "rang_Dmu_MOOV": 1
      },
      "id": 62
    },
    {
      "type": "Feature",
      "geometry": {
        "coordinates": [
          -6.66313,
          7.95253
        ],
        "type": "Point"
      },
      "properties": {
        "ADM0_FR": "WOROBA",
        "ADM0_PCODE": "CI13",
        "ADM1_FR": "WORODOUGOU",
        "ADM1_PCODE": "CI133",
        "ADM2_FR": "SEGUELA",
        "ADM2_PCODE": "CI3302",
        "ADM3_FR": "SEGUELA",
        "ADM3_PCODE": "CI330201",
        "ADM4_FR": "SÉGUÉLA",
        "ADM4_PCODE": "C6882",
        "centerLat": 7.96253,
        "centerLng": -6.67313,
        "pop": 46189,
        "Ted_MOOV": 16.74,
        "Tcd_MOOV": 89.94,
        "Tddu_MOOV": 5.56,
        "Tddd_MOOV": 5.6000000000000005,
        "Dmd_MOOV": 3290.4,
        "Dmu_MOOV": 4417.99,
        "Ted_MTN": 0.0,
        "Tcd_MTN": 99.07000000000001,
        "Tddu_MTN": 3.08,
        "Tddd_MTN": 0.67,
        "Dmd_MTN": 43088.76,
        "Dmu_MTN": 14607.75,
        "Ted_ORANGE": 0.0,
        "Tcd_ORANGE": 99.07000000000001,
        "Tddu_ORANGE": 0.0,
        "Tddd_ORANGE": 0.67,
        "Dmd_ORANGE": 58833.92,
        "Dmu_ORANGE": 17098.12,
        "rang_Ted_ORANGE": 1,
        "rang_Ted_MTN": 1,
        "rang_Ted_MOOV": 3,
        "rang_Tcd_ORANGE": 1,
        "rang_Tcd_MTN": 1,
        "rang_Tcd_MOOV": 3,
        "rang_Tddd_ORANGE": 1,
        "rang_Tddd_MTN": 1,
        "rang_Tddd_MOOV": 3,
        "rang_Tddu_ORANGE": 1,
        "rang_Tddu_MTN": 2,
        "rang_Tddu_MOOV": 3,
        "rang_Dmd_ORANGE": 3,
        "rang_Dmd_MTN": 2,
        "rang_Dmd_MOOV": 1,
        "rang_Dmu_ORANGE": 3,
        "rang_Dmu_MTN": 2,
        "rang_Dmu_MOOV": 1
      },
      "id": 63
    },
    {
      "type": "Feature",
      "geometry": {
        "coordinates": [
          -4.56207,
          5.66065
        ],
        "type": "Point"
      },
      "properties": {
        "ADM0_FR": "LAGUNES",
        "ADM0_PCODE": "CI08",
        "ADM1_FR": "AGNEBY-TIASSA",
        "ADM1_PCODE": "CI103",
        "ADM2_FR": "SIKENSI",
        "ADM2_PCODE": "CI0302",
        "ADM3_FR": "SIKENSI",
        "ADM3_PCODE": "CI030201",
        "ADM4_FR": "SIKENSI",
        "ADM4_PCODE": "C7019",
        "centerLat": 5.67065,
        "centerLng": -4.57207,
        "pop": 7308,
        "Ted_MOOV": 1.94,
        "Tcd_MOOV": 96.05,
        "Tddu_MOOV": 2.22,
        "Tddd_MOOV": 35.510000000000005,
        "Dmd_MOOV": 7534.92,
        "Dmu_MOOV": 6445.28,
        "Ted_MTN": 19.35,
        "Tcd_MTN": 93.60000000000001,
        "Tddu_MTN": 2.94,
        "Tddd_MTN": 9.89,
        "Dmd_MTN": 19503.04,
        "Dmu_MTN": 14614.89,
        "Ted_ORANGE": 0.0,
        "Tcd_ORANGE": 98.06,
        "Tddu_ORANGE": 0.0,
        "Tddd_ORANGE": 0.0,
        "Dmd_ORANGE": 42896.1,
        "Dmu_ORANGE": 6244.12,
        "rang_Ted_ORANGE": 1,
        "rang_Ted_MTN": 3,
        "rang_Ted_MOOV": 2,
        "rang_Tcd_ORANGE": 1,
        "rang_Tcd_MTN": 3,
        "rang_Tcd_MOOV": 2,
        "rang_Tddd_ORANGE": 1,
        "rang_Tddd_MTN": 2,
        "rang_Tddd_MOOV": 3,
        "rang_Tddu_ORANGE": 1,
        "rang_Tddu_MTN": 3,
        "rang_Tddu_MOOV": 2,
        "rang_Dmd_ORANGE": 3,
        "rang_Dmd_MTN": 2,
        "rang_Dmd_MOOV": 1,
        "rang_Dmu_ORANGE": 1,
        "rang_Dmu_MTN": 3,
        "rang_Dmu_MOOV": 2
      },
      "id": 64
    },
    {
      "type": "Feature",
      "geometry": {
        "coordinates": [
          -5.90517,
          6.61035
        ],
        "type": "Point"
      },
      "properties": {
        "ADM0_FR": "SASSANDRA-MARAHOUE",
        "ADM0_PCODE": "CI10",
        "ADM1_FR": "MARAHOUE",
        "ADM1_PCODE": "CI123",
        "ADM2_FR": "SINFRA",
        "ADM2_PCODE": "CI2302",
        "ADM3_FR": "SINFRA",
        "ADM3_PCODE": "CI230201",
        "ADM4_FR": "SINFRA",
        "ADM4_PCODE": "C7045",
        "centerLat": 6.62035,
        "centerLng": -5.91517,
        "pop": 80658,
        "Ted_MOOV": 0.0,
        "Tcd_MOOV": 89.68,
        "Tddu_MOOV": 0.0,
        "Tddd_MOOV": 0.0,
        "Dmd_MOOV": 8685.38,
        "Dmu_MOOV": 19320.83,
        "Ted_MTN": 5.81,
        "Tcd_MTN": 98.63,
        "Tddu_MTN": 0.0,
        "Tddd_MTN": 0.96,
        "Dmd_MTN": 39133.34,
        "Dmu_MTN": 31842.74,
        "Ted_ORANGE": 0.65,
        "Tcd_ORANGE": 100.0,
        "Tddu_ORANGE": 0.0,
        "Tddd_ORANGE": 0.0,
        "Dmd_ORANGE": 65401.48,
        "Dmu_ORANGE": 26441.54,
        "rang_Ted_ORANGE": 2,
        "rang_Ted_MTN": 3,
        "rang_Ted_MOOV": 1,
        "rang_Tcd_ORANGE": 1,
        "rang_Tcd_MTN": 2,
        "rang_Tcd_MOOV": 3,
        "rang_Tddd_ORANGE": 1,
        "rang_Tddd_MTN": 3,
        "rang_Tddd_MOOV": 1,
        "rang_Tddu_ORANGE": 1,
        "rang_Tddu_MTN": 1,
        "rang_Tddu_MOOV": 1,
        "rang_Dmd_ORANGE": 3,
        "rang_Dmd_MTN": 2,
        "rang_Dmd_MOOV": 1,
        "rang_Dmu_ORANGE": 2,
        "rang_Dmu_MTN": 3,
        "rang_Dmu_MOOV": 1
      },
      "id": 65
    },
    {
      "type": "Feature",
      "geometry": {
        "coordinates": [
          -6.08965,
          9.2685
        ],
        "type": "Point"
      },
      "properties": {
        "ADM0_FR": "SAVANES",
        "ADM0_PCODE": "CI11",
        "ADM1_FR": "PORO",
        "ADM1_PCODE": "CI128",
        "ADM2_FR": "KORHOGO",
        "ADM2_PCODE": "CI2802",
        "ADM3_FR": "SIRASSO",
        "ADM3_PCODE": "CI280214",
        "ADM4_FR": "SIRASSO",
        "ADM4_PCODE": "C7081",
        "centerLat": 9.2785,
        "centerLng": -6.09965,
        "pop": 8869,
        "Ted_MOOV": 9.3,
        "Tcd_MOOV": 97.44,
        "Tddu_MOOV": 0.0,
        "Tddd_MOOV": 3.64,
        "Dmd_MOOV": 17990.56,
        "Dmu_MOOV": 16938.74,
        "Ted_MTN": 11.459999999999999,
        "Tcd_MTN": 97.65,
        "Tddu_MTN": 3.6999999999999997,
        "Tddd_MTN": 0.0,
        "Dmd_MTN": 28773.16,
        "Dmu_MTN": 10264.65,
        "Ted_ORANGE": 0.0,
        "Tcd_ORANGE": 100.0,
        "Tddu_ORANGE": 0.0,
        "Tddd_ORANGE": 0.0,
        "Dmd_ORANGE": 80465.13,
        "Dmu_ORANGE": 15629.65,
        "rang_Ted_ORANGE": 1,
        "rang_Ted_MTN": 3,
        "rang_Ted_MOOV": 2,
        "rang_Tcd_ORANGE": 1,
        "rang_Tcd_MTN": 2,
        "rang_Tcd_MOOV": 3,
        "rang_Tddd_ORANGE": 1,
        "rang_Tddd_MTN": 1,
        "rang_Tddd_MOOV": 3,
        "rang_Tddu_ORANGE": 1,
        "rang_Tddu_MTN": 3,
        "rang_Tddu_MOOV": 1,
        "rang_Dmd_ORANGE": 3,
        "rang_Dmd_MTN": 2,
        "rang_Dmd_MOOV": 1,
        "rang_Dmu_ORANGE": 2,
        "rang_Dmu_MTN": 1,
        "rang_Dmu_MOOV": 3
      },
      "id": 66
    },
    {
      "type": "Feature",
      "geometry": {
        "coordinates": [
          -7.346150000000001,
          4.404520000000001
        ],
        "type": "Point"
      },
      "properties": {
        "ADM0_FR": "BAS-SASSANDRA",
        "ADM0_PCODE": "CI01",
        "ADM1_FR": "SAN-PEDRO",
        "ADM1_PCODE": "CI129",
        "ADM2_FR": "TABOU",
        "ADM2_PCODE": "CI2902",
        "ADM3_FR": "TABOU",
        "ADM3_PCODE": "CI290201",
        "ADM4_FR": "TABOU",
        "ADM4_PCODE": "C7308",
        "centerLat": 4.41452,
        "centerLng": -7.35615,
        "pop": 22733,
        "Ted_MOOV": 0.0,
        "Tcd_MOOV": 31.819999999999997,
        "Tddu_MOOV": 0.0,
        "Tddd_MOOV": 0.0,
        "Dmd_MOOV": 8072.96,
        "Dmu_MOOV": 7777.28,
        "Ted_MTN": 18.709999999999997,
        "Tcd_MTN": 100.0,
        "Tddu_MTN": 0.0,
        "Tddd_MTN": 0.0,
        "Dmd_MTN": 46476.1,
        "Dmu_MTN": 15640.79,
        "Ted_ORANGE": 0.0,
        "Tcd_ORANGE": 92.25999999999999,
        "Tddu_ORANGE": 0.0,
        "Tddd_ORANGE": 0.91,
        "Dmd_ORANGE": 21193.36,
        "Dmu_ORANGE": 20030.12,
        "rang_Ted_ORANGE": 1,
        "rang_Ted_MTN": 3,
        "rang_Ted_MOOV": 1,
        "rang_Tcd_ORANGE": 2,
        "rang_Tcd_MTN": 1,
        "rang_Tcd_MOOV": 3,
        "rang_Tddd_ORANGE": 3,
        "rang_Tddd_MTN": 1,
        "rang_Tddd_MOOV": 1,
        "rang_Tddu_ORANGE": 1,
        "rang_Tddu_MTN": 1,
        "rang_Tddu_MOOV": 1,
        "rang_Dmd_ORANGE": 2,
        "rang_Dmd_MTN": 3,
        "rang_Dmd_MOOV": 1,
        "rang_Dmu_ORANGE": 3,
        "rang_Dmu_MTN": 2,
        "rang_Dmu_MOOV": 1
      },
      "id": 67
    },
    {
      "type": "Feature",
      "geometry": {
        "coordinates": [
          -6.40061,
          10.479000000000001
        ],
        "type": "Point"
      },
      "properties": {
        "ADM0_FR": "SAVANES",
        "ADM0_PCODE": "CI11",
        "ADM1_FR": "BAGOUE",
        "ADM1_PCODE": "CI105",
        "ADM2_FR": "TENGRELA",
        "ADM2_PCODE": "CI0503",
        "ADM3_FR": "TENGRELA",
        "ADM3_PCODE": "CI050301",
        "ADM4_FR": "TENGRELA",
        "ADM4_PCODE": "C7513",
        "centerLat": 10.489,
        "centerLng": -6.41061,
        "pop": 40323,
        "Ted_MOOV": 5.4399999999999995,
        "Tcd_MOOV": 76.25999999999999,
        "Tddu_MOOV": 4.760000000000001,
        "Tddd_MOOV": 3.09,
        "Dmd_MOOV": 34773.25,
        "Dmu_MOOV": 21108.54,
        "Ted_MTN": 15.28,
        "Tcd_MTN": 92.62,
        "Tddu_MTN": 5.56,
        "Tddd_MTN": 15.120000000000001,
        "Dmd_MTN": 20269.84,
        "Dmu_MTN": 12119.32,
        "Ted_ORANGE": 0.73,
        "Tcd_ORANGE": 94.12,
        "Tddu_ORANGE": 0.0,
        "Tddd_ORANGE": 29.17,
        "Dmd_ORANGE": 1007.89,
        "Dmu_ORANGE": 9689.86,
        "rang_Ted_ORANGE": 1,
        "rang_Ted_MTN": 3,
        "rang_Ted_MOOV": 2,
        "rang_Tcd_ORANGE": 1,
        "rang_Tcd_MTN": 2,
        "rang_Tcd_MOOV": 3,
        "rang_Tddd_ORANGE": 3,
        "rang_Tddd_MTN": 2,
        "rang_Tddd_MOOV": 1,
        "rang_Tddu_ORANGE": 1,
        "rang_Tddu_MTN": 3,
        "rang_Tddu_MOOV": 2,
        "rang_Dmd_ORANGE": 1,
        "rang_Dmd_MTN": 2,
        "rang_Dmd_MOOV": 3,
        "rang_Dmu_ORANGE": 1,
        "rang_Dmu_MTN": 2,
        "rang_Dmu_MOOV": 3
      },
      "id": 68
    },
    {
      "type": "Feature",
      "geometry": {
        "coordinates": [
          -7.67063,
          8.27504
        ],
        "type": "Point"
      },
      "properties": {
        "ADM0_FR": "WOROBA",
        "ADM0_PCODE": "CI13",
        "ADM1_FR": "BAFING",
        "ADM1_PCODE": "CI104",
        "ADM2_FR": "TOUBA",
        "ADM2_PCODE": "CI0403",
        "ADM3_FR": "TOUBA",
        "ADM3_PCODE": "CI040301",
        "ADM4_FR": "TOUBA",
        "ADM4_PCODE": "C7832",
        "centerLat": 8.28504,
        "centerLng": -7.68063,
        "pop": 22361,
        "Ted_MOOV": 6.9,
        "Tcd_MOOV": 85.71,
        "Tddu_MOOV": 3.64,
        "Tddd_MOOV": 3.73,
        "Dmd_MOOV": 13866.03,
        "Dmu_MOOV": 16583.59,
        "Ted_MTN": 0.0,
        "Tcd_MTN": 98.6,
        "Tddu_MTN": 0.0,
        "Tddd_MTN": 0.0,
        "Dmd_MTN": 28925.13,
        "Dmu_MTN": 10587.84,
        "Ted_ORANGE": 0.47000000000000003,
        "Tcd_ORANGE": 99.53,
        "Tddu_ORANGE": 0.0,
        "Tddd_ORANGE": 0.67,
        "Dmd_ORANGE": 51754.05,
        "Dmu_ORANGE": 22078.56,
        "rang_Ted_ORANGE": 2,
        "rang_Ted_MTN": 1,
        "rang_Ted_MOOV": 3,
        "rang_Tcd_ORANGE": 1,
        "rang_Tcd_MTN": 2,
        "rang_Tcd_MOOV": 3,
        "rang_Tddd_ORANGE": 2,
        "rang_Tddd_MTN": 1,
        "rang_Tddd_MOOV": 3,
        "rang_Tddu_ORANGE": 1,
        "rang_Tddu_MTN": 1,
        "rang_Tddu_MOOV": 3,
        "rang_Dmd_ORANGE": 3,
        "rang_Dmd_MTN": 2,
        "rang_Dmd_MOOV": 1,
        "rang_Dmu_ORANGE": 3,
        "rang_Dmu_MTN": 1,
        "rang_Dmu_MOOV": 2
      },
      "id": 69
    },
    {
      "type": "Feature",
      "geometry": {
        "coordinates": [
          -6.47051,
          7.3674800000000005
        ],
        "type": "Point"
      },
      "properties": {
        "ADM0_FR": "SASSANDRA-MARAHOUE",
        "ADM0_PCODE": "CI10",
        "ADM1_FR": "HAUT-SASSANDRA",
        "ADM1_PCODE": "CI118",
        "ADM2_FR": "VAVOUA",
        "ADM2_PCODE": "CI1803",
        "ADM3_FR": "VAVOUA",
        "ADM3_PCODE": "CI180301",
        "ADM4_FR": "VAVOUA",
        "ADM4_PCODE": "C7965",
        "centerLat": 7.37748,
        "centerLng": -6.48051,
        "pop": 67096,
        "Ted_MOOV": 1.96,
        "Tcd_MOOV": 98.0,
        "Tddu_MOOV": 0.0,
        "Tddd_MOOV": 0.0,
        "Dmd_MOOV": 58636.33,
        "Dmu_MOOV": 3453.07,
        "Ted_MTN": 0.0,
        "Tcd_MTN": 99.36,
        "Tddu_MTN": 0.0,
        "Tddd_MTN": 0.0,
        "Dmd_MTN": 52157.02,
        "Dmu_MTN": 21375.89,
        "Ted_ORANGE": 0.0,
        "Tcd_ORANGE": 100.0,
        "Tddu_ORANGE": 0.0,
        "Tddd_ORANGE": 0.0,
        "Dmd_ORANGE": 58654.25,
        "Dmu_ORANGE": 30436.54,
        "rang_Ted_ORANGE": 1,
        "rang_Ted_MTN": 1,
        "rang_Ted_MOOV": 3,
        "rang_Tcd_ORANGE": 1,
        "rang_Tcd_MTN": 2,
        "rang_Tcd_MOOV": 3,
        "rang_Tddd_ORANGE": 1,
        "rang_Tddd_MTN": 1,
        "rang_Tddd_MOOV": 1,
        "rang_Tddu_ORANGE": 1,
        "rang_Tddu_MTN": 1,
        "rang_Tddu_MOOV": 1,
        "rang_Dmd_ORANGE": 3,
        "rang_Dmd_MTN": 1,
        "rang_Dmd_MOOV": 2,
        "rang_Dmu_ORANGE": 3,
        "rang_Dmu_MTN": 2,
        "rang_Dmu_MOOV": 1
      },
      "id": 70
    },
    {
      "type": "Feature",
      "geometry": {
        "coordinates": [
          -6.59062,
          5.94007
        ],
        "type": "Point"
      },
      "properties": {
        "ADM0_FR": "BAS-SASSANDRA",
        "ADM0_PCODE": "CI01",
        "ADM1_FR": "NAWA",
        "ADM1_PCODE": "CI126",
        "ADM2_FR": "SOUBRE",
        "ADM2_PCODE": "CI2604",
        "ADM3_FR": "SOUBRE",
        "ADM3_PCODE": "CI260401",
        "ADM4_FR": "YABAYO",
        "ADM4_PCODE": "C8048",
        "centerLat": 5.95007,
        "centerLng": -6.60062,
        "pop": 20086,
        "Ted_MOOV": 1.9,
        "Tcd_MOOV": 99.03,
        "Tddu_MOOV": 0.0,
        "Tddd_MOOV": 0.0,
        "Dmd_MOOV": 55103.68,
        "Dmu_MOOV": 25236.48,
        "Ted_MTN": 1.8499999999999999,
        "Tcd_MTN": 96.23,
        "Tddu_MTN": 9.68,
        "Tddd_MTN": 0.0,
        "Dmd_MTN": 31997.54,
        "Dmu_MTN": 10221.5,
        "Ted_ORANGE": 0.0,
        "Tcd_ORANGE": 99.07000000000001,
        "Tddu_ORANGE": 0.0,
        "Tddd_ORANGE": 0.0,
        "Dmd_ORANGE": 33965.81,
        "Dmu_ORANGE": 20685.13,
        "rang_Ted_ORANGE": 1,
        "rang_Ted_MTN": 2,
        "rang_Ted_MOOV": 3,
        "rang_Tcd_ORANGE": 1,
        "rang_Tcd_MTN": 3,
        "rang_Tcd_MOOV": 2,
        "rang_Tddd_ORANGE": 1,
        "rang_Tddd_MTN": 1,
        "rang_Tddd_MOOV": 1,
        "rang_Tddu_ORANGE": 1,
        "rang_Tddu_MTN": 3,
        "rang_Tddu_MOOV": 1,
        "rang_Dmd_ORANGE": 2,
        "rang_Dmd_MTN": 1,
        "rang_Dmd_MOOV": 3,
        "rang_Dmu_ORANGE": 2,
        "rang_Dmu_MTN": 1,
        "rang_Dmu_MOOV": 3
      },
      "id": 71
    },
    {
      "type": "Feature",
      "geometry": {
        "coordinates": [
          -5.267860000000001,
          6.808190000000001
        ],
        "type": "Point"
      },
      "properties": {
        "ADM0_FR": "DISTRICT AUTONOME DE YAMOUSSOUKRO",
        "ADM0_PCODE": "CI05",
        "ADM1_FR": "DISTRICT AUTONOME DE YAMOUSSOUKRO",
        "ADM1_PCODE": "CI102",
        "ADM2_FR": "YAMOUSSOUKRO",
        "ADM2_PCODE": "CI0202",
        "ADM3_FR": "YAMOUSSOUKRO",
        "ADM3_PCODE": "CI020201",
        "ADM4_FR": "YAMOUSSOUKRO",
        "ADM4_PCODE": "C8092",
        "centerLat": 6.81819,
        "centerLng": -5.27786,
        "pop": 212670,
        "Ted_MOOV": 5.33,
        "Tcd_MOOV": 91.77,
        "Tddu_MOOV": 9.59,
        "Tddd_MOOV": 3.8,
        "Dmd_MOOV": 11020.57,
        "Dmu_MOOV": 15978.61,
        "Ted_MTN": 7.090000000000001,
        "Tcd_MTN": 97.88,
        "Tddu_MTN": 1.43,
        "Tddd_MTN": 0.6,
        "Dmd_MTN": 63166.92,
        "Dmu_MTN": 25247.74,
        "Ted_ORANGE": 0.0,
        "Tcd_ORANGE": 97.69,
        "Tddu_ORANGE": 5.0,
        "Tddd_ORANGE": 0.0,
        "Dmd_ORANGE": 55842.82,
        "Dmu_ORANGE": 18056.06,
        "rang_Ted_ORANGE": 1,
        "rang_Ted_MTN": 3,
        "rang_Ted_MOOV": 2,
        "rang_Tcd_ORANGE": 2,
        "rang_Tcd_MTN": 1,
        "rang_Tcd_MOOV": 3,
        "rang_Tddd_ORANGE": 1,
        "rang_Tddd_MTN": 2,
        "rang_Tddd_MOOV": 3,
        "rang_Tddu_ORANGE": 2,
        "rang_Tddu_MTN": 1,
        "rang_Tddu_MOOV": 3,
        "rang_Dmd_ORANGE": 2,
        "rang_Dmd_MTN": 3,
        "rang_Dmd_MOOV": 1,
        "rang_Dmu_ORANGE": 2,
        "rang_Dmu_MTN": 3,
        "rang_Dmu_MOOV": 1
      },
      "id": 72
    },
    {
      "type": "Feature",
      "geometry": {
        "coordinates": [
          -5.0959200000000004,
          5.257140000000001
        ],
        "type": "Point"
      },
      "properties": {
        "ADM0_FR": "GOH-DJIBOUA",
        "ADM0_PCODE": "CI06",
        "ADM1_FR": "LOH-DJIBOUA",
        "ADM1_PCODE": "CI122",
        "ADM2_FR": "GUITRY",
        "ADM2_PCODE": "CI2202",
        "ADM3_FR": "YOCOBOUE",
        "ADM3_PCODE": "CI220204",
        "ADM4_FR": "YOCOBOUÉ",
        "ADM4_PCODE": "C8206",
        "centerLat": 5.26714,
        "centerLng": -5.10592,
        "pop": 5030,
        "Ted_MOOV": 0.0,
        "Tcd_MOOV": 100.0,
        "Tddu_MOOV": 0.0,
        "Tddd_MOOV": 17.330000000000002,
        "Dmd_MOOV": 5534.65,
        "Dmu_MOOV": 12913.32,
        "Ted_MTN": 0.0,
        "Tcd_MTN": 88.57000000000001,
        "Tddu_MTN": 0.0,
        "Tddd_MTN": 0.0,
        "Dmd_MTN": 39057.82,
        "Dmu_MTN": 14998.19,
        "Ted_ORANGE": 0.0,
        "Tcd_ORANGE": 100.0,
        "Tddu_ORANGE": 0.0,
        "Tddd_ORANGE": 0.0,
        "Dmd_ORANGE": 20453.51,
        "Dmu_ORANGE": 18392.41,
        "rang_Ted_ORANGE": 1,
        "rang_Ted_MTN": 1,
        "rang_Ted_MOOV": 1,
        "rang_Tcd_ORANGE": 1,
        "rang_Tcd_MTN": 3,
        "rang_Tcd_MOOV": 1,
        "rang_Tddd_ORANGE": 1,
        "rang_Tddd_MTN": 1,
        "rang_Tddd_MOOV": 3,
        "rang_Tddu_ORANGE": 1,
        "rang_Tddu_MTN": 1,
        "rang_Tddu_MOOV": 1,
        "rang_Dmd_ORANGE": 2,
        "rang_Dmd_MTN": 3,
        "rang_Dmd_MOOV": 1,
        "rang_Dmu_ORANGE": 3,
        "rang_Dmu_MTN": 2,
        "rang_Dmu_MOOV": 1
      },
      "id": 73
    },
    {
      "type": "Feature",
      "geometry": {
        "coordinates": [
          -7.47543,
          6.20155
        ],
        "type": "Point"
      },
      "properties": {
        "ADM0_FR": "MONTAGNES",
        "ADM0_PCODE": "CI09",
        "ADM1_FR": "CAVALLY",
        "ADM1_PCODE": "CI109",
        "ADM2_FR": "TAÏ",
        "ADM2_PCODE": "CI0903",
        "ADM3_FR": "ZAGNE",
        "ADM3_PCODE": "CI090302",
        "ADM4_FR": "ZAGNE",
        "ADM4_PCODE": "C8263",
        "centerLat": 6.21155,
        "centerLng": -7.48543,
        "pop": 48863,
        "Ted_MOOV": 41.9,
        "Tcd_MOOV": 85.25,
        "Tddu_MOOV": 0.0,
        "Tddd_MOOV": 89.58,
        "Dmd_MOOV": 344.96,
        "Dmu_MOOV": 4025.9,
        "Ted_MTN": 0.0,
        "Tcd_MTN": 100.0,
        "Tddu_MTN": 0.0,
        "Tddd_MTN": 17.330000000000002,
        "Dmd_MTN": 1858.76,
        "Dmu_MTN": 2018.3,
        "Ted_ORANGE": 0.0,
        "Tcd_ORANGE": 32.379999999999995,
        "Tddu_ORANGE": 0.0,
        "Tddd_ORANGE": 98.67,
        "Dmd_ORANGE": 239.21,
        "Dmu_ORANGE": 5991.08,
        "rang_Ted_ORANGE": 1,
        "rang_Ted_MTN": 1,
        "rang_Ted_MOOV": 3,
        "rang_Tcd_ORANGE": 3,
        "rang_Tcd_MTN": 1,
        "rang_Tcd_MOOV": 2,
        "rang_Tddd_ORANGE": 3,
        "rang_Tddd_MTN": 1,
        "rang_Tddd_MOOV": 2,
        "rang_Tddu_ORANGE": 1,
        "rang_Tddu_MTN": 1,
        "rang_Tddu_MOOV": 1,
        "rang_Dmd_ORANGE": 1,
        "rang_Dmd_MTN": 3,
        "rang_Dmd_MOOV": 2,
        "rang_Dmu_ORANGE": 3,
        "rang_Dmu_MTN": 1,
        "rang_Dmu_MOOV": 2
      },
      "id": 74
    },
    {
      "type": "Feature",
      "geometry": {
        "coordinates": [
          -6.03748,
          7.4208300000000005
        ],
        "type": "Point"
      },
      "properties": {
        "ADM0_FR": "SASSANDRA-MARAHOUE",
        "ADM0_PCODE": "CI10",
        "ADM1_FR": "MARAHOUE",
        "ADM1_PCODE": "CI123",
        "ADM2_FR": "ZUENOULA",
        "ADM2_PCODE": "CI2303",
        "ADM3_FR": "ZUENOULA",
        "ADM3_PCODE": "CI230301",
        "ADM4_FR": "ZUÉNOULA",
        "ADM4_PCODE": "C8516",
        "centerLat": 7.43083,
        "centerLng": -6.04748,
        "pop": 34018,
        "Ted_MOOV": 1.8800000000000001,
        "Tcd_MOOV": 94.27,
        "Tddu_MOOV": 0.0,
        "Tddd_MOOV": 1.7999999999999998,
        "Dmd_MOOV": 6159.31,
        "Dmu_MOOV": 13901.91,
        "Ted_MTN": 1.27,
        "Tcd_MTN": 96.78999999999999,
        "Tddu_MTN": 0.0,
        "Tddd_MTN": 12.61,
        "Dmd_MTN": 2059.16,
        "Dmu_MTN": 6229.56,
        "Ted_ORANGE": 1.29,
        "Tcd_ORANGE": 48.370000000000005,
        "Tddu_ORANGE": 6.98,
        "Tddd_ORANGE": 31.819999999999997,
        "Dmd_ORANGE": 1012.55,
        "Dmu_ORANGE": 6302.36,
        "rang_Ted_ORANGE": 2,
        "rang_Ted_MTN": 1,
        "rang_Ted_MOOV": 3,
        "rang_Tcd_ORANGE": 3,
        "rang_Tcd_MTN": 1,
        "rang_Tcd_MOOV": 2,
        "rang_Tddd_ORANGE": 3,
        "rang_Tddd_MTN": 2,
        "rang_Tddd_MOOV": 1,
        "rang_Tddu_ORANGE": 3,
        "rang_Tddu_MTN": 1,
        "rang_Tddu_MOOV": 1,
        "rang_Dmd_ORANGE": 1,
        "rang_Dmd_MTN": 2,
        "rang_Dmd_MOOV": 3,
        "rang_Dmu_ORANGE": 2,
        "rang_Dmu_MTN": 1,
        "rang_Dmu_MOOV": 3
      },
      "id": 75
    }
  ]
}