{
  "type": "FeatureCollection",
  "features": [
    {
      "type": "Feature",
      "geometry": {
        "coordinates": [
          -4.02585,
          5.42515
        ],
        "type": "Point"
      },
      "properties": {
        "ADM0_FR": "DISTRICT AUTONOME D'ABIDJAN",
        "ADM0_PCODE": "CI04",
        "ADM1_FR": "DISTRICT AUTONOME D'ABIDJAN",
        "ADM1_PCODE": "CI101",
        "ADM2_FR": "ABIDJAN",
        "ADM2_PCODE": "CI0101",
        "ADM3_FR": "ABIDJAN",
        "ADM3_PCODE": "CI010101",
        "ADM4_FR": "ABOBO",
        "ADM4_PCODE": "C0029",
        "centerLat": 5.43515,
        "centerLng": -4.01585,
        "pop": 1030658,
        "TeS_MOOV": 0.5,
        "TedS_MOOV": 72.85000000000001,
        "TR3_MOOV": 0.16999999999999998,
        "TeRd_MOOV": 62.39,
        "TS_MOOV": 100.0,
        "TeS_MTN": 0.0,
        "TedS_MTN": 95.0,
        "TR3_MTN": 0.0,
        "TeRd_MTN": 98.44000000000001,
        "TS_MTN": 100.0,
        "TeS_ORANGE": 1.22,
        "TedS_ORANGE": 72.35000000000001,
        "TR3_ORANGE": 2.22,
        "TeRd_ORANGE": 24.2,
        "TS_ORANGE": 98.77,
        "rang_TeS_ORANGE": 3,
        "rang_TeS_MTN": 1,
        "rang_TeS_MOOV": 2,
        "rang_TedS_ORANGE": 3,
        "rang_TedS_MTN": 1,
        "rang_TedS_MOOV": 2,
        "rang_TR3_ORANGE": 3,
        "rang_TR3_MTN": 1,
        "rang_TR3_MOOV": 2,
        "rang_TS_ORANGE": 3,
        "rang_TS_MTN": 1,
        "rang_TS_MOOV": 1,
        "rang_TeRd_ORANGE": 3,
        "rang_TeRd_MTN": 1,
        "rang_TeRd_MOOV": 2
      },
      "id": 1
    },
    {
      "type": "Feature",
      "geometry": {
        "coordinates": [
          -4.0298799999999995,
          5.361870000000001
        ],
        "type": "Point"
      },
      "properties": {
        "ADM0_FR": "DISTRICT AUTONOME D'ABIDJAN",
        "ADM0_PCODE": "CI04",
        "ADM1_FR": "DISTRICT AUTONOME D'ABIDJAN",
        "ADM1_PCODE": "CI101",
        "ADM2_FR": "ABIDJAN",
        "ADM2_PCODE": "CI0101",
        "ADM3_FR": "ABIDJAN",
        "ADM3_PCODE": "CI010101",
        "ADM4_FR": "ADJAME",
        "ADM4_PCODE": "C0133",
        "centerLat": 5.37187,
        "centerLng": -4.01988,
        "pop": 372978,
        "TeS_MOOV": 2.4299999999999997,
        "TedS_MOOV": 77.84,
        "TR3_MOOV": 0.0,
        "TeRd_MOOV": 59.0,
        "TS_MOOV": 97.84,
        "TeS_MTN": 0.0,
        "TedS_MTN": 89.61,
        "TR3_MTN": 0.0,
        "TeRd_MTN": 99.22,
        "TS_MTN": 100.0,
        "TeS_ORANGE": 0.0,
        "TedS_ORANGE": 99.45,
        "TR3_ORANGE": 1.6400000000000001,
        "TeRd_ORANGE": 24.32,
        "TS_ORANGE": 99.72999999999999,
        "rang_TeS_ORANGE": 1,
        "rang_TeS_MTN": 1,
        "rang_TeS_MOOV": 3,
        "rang_TedS_ORANGE": 1,
        "rang_TedS_MTN": 2,
        "rang_TedS_MOOV": 3,
        "rang_TR3_ORANGE": 3,
        "rang_TR3_MTN": 1,
        "rang_TR3_MOOV": 1,
        "rang_TS_ORANGE": 2,
        "rang_TS_MTN": 1,
        "rang_TS_MOOV": 3,
        "rang_TeRd_ORANGE": 3,
        "rang_TeRd_MTN": 1,
        "rang_TeRd_MOOV": 2
      },
      "id": 2
    },
    {
      "type": "Feature",
      "geometry": {
        "coordinates": [
          -4.06488,
          5.48466
        ],
        "type": "Point"
      },
      "properties": {
        "ADM0_FR": "DISTRICT AUTONOME D'ABIDJAN",
        "ADM0_PCODE": "CI04",
        "ADM1_FR": "DISTRICT AUTONOME D'ABIDJAN",
        "ADM1_PCODE": "CI101",
        "ADM2_FR": "ABIDJAN",
        "ADM2_PCODE": "CI0101",
        "ADM3_FR": "ANYAMA",
        "ADM3_PCODE": "CI010102",
        "ADM4_FR": "ANYAMA",
        "ADM4_PCODE": "C0570",
        "centerLat": 5.49466,
        "centerLng": -4.05488,
        "pop": 103297,
        "TeS_MOOV": 0.49,
        "TedS_MOOV": 72.68,
        "TR3_MOOV": 0.98,
        "TeRd_MOOV": 63.9,
        "TS_MOOV": 99.03,
        "TeS_MTN": 0.0,
        "TedS_MTN": 96.7,
        "TR3_MTN": 0.47000000000000003,
        "TeRd_MTN": 99.06,
        "TS_MTN": 99.53,
        "TeS_ORANGE": 0.0,
        "TedS_ORANGE": 94.92,
        "TR3_ORANGE": 3.05,
        "TeRd_ORANGE": 24.37,
        "TS_ORANGE": 100.0,
        "rang_TeS_ORANGE": 1,
        "rang_TeS_MTN": 1,
        "rang_TeS_MOOV": 3,
        "rang_TedS_ORANGE": 2,
        "rang_TedS_MTN": 1,
        "rang_TedS_MOOV": 3,
        "rang_TR3_ORANGE": 3,
        "rang_TR3_MTN": 1,
        "rang_TR3_MOOV": 2,
        "rang_TS_ORANGE": 1,
        "rang_TS_MTN": 2,
        "rang_TS_MOOV": 3,
        "rang_TeRd_ORANGE": 3,
        "rang_TeRd_MTN": 1,
        "rang_TeRd_MOOV": 2
      },
      "id": 3
    },
    {
      "type": "Feature",
      "geometry": {
        "coordinates": [
          -4.06198,
          5.37219
        ],
        "type": "Point"
      },
      "properties": {
        "ADM0_FR": "DISTRICT AUTONOME D'ABIDJAN",
        "ADM0_PCODE": "CI04",
        "ADM1_FR": "DISTRICT AUTONOME D'ABIDJAN",
        "ADM1_PCODE": "CI101",
        "ADM2_FR": "ABIDJAN",
        "ADM2_PCODE": "CI0101",
        "ADM3_FR": "ABIDJAN",
        "ADM3_PCODE": "CI010101",
        "ADM4_FR": "ATTECOUBE",
        "ADM4_PCODE": "C0734",
        "centerLat": 5.38219,
        "centerLng": -4.05198,
        "pop": 260911,
        "TeS_MOOV": 4.73,
        "TedS_MOOV": 55.32,
        "TR3_MOOV": 12.770000000000001,
        "TeRd_MOOV": 40.43,
        "TS_MOOV": 100.0,
        "TeS_MTN": 0.9299999999999999,
        "TedS_MTN": 97.65,
        "TR3_MTN": 0.0,
        "TeRd_MTN": 100.0,
        "TS_MTN": 100.0,
        "TeS_ORANGE": 0.35000000000000003,
        "TedS_ORANGE": 96.1,
        "TR3_ORANGE": 4.26,
        "TeRd_ORANGE": 26.6,
        "TS_ORANGE": 97.16,
        "rang_TeS_ORANGE": 1,
        "rang_TeS_MTN": 2,
        "rang_TeS_MOOV": 3,
        "rang_TedS_ORANGE": 2,
        "rang_TedS_MTN": 1,
        "rang_TedS_MOOV": 3,
        "rang_TR3_ORANGE": 2,
        "rang_TR3_MTN": 1,
        "rang_TR3_MOOV": 3,
        "rang_TS_ORANGE": 3,
        "rang_TS_MTN": 1,
        "rang_TS_MOOV": 1,
        "rang_TeRd_ORANGE": 3,
        "rang_TeRd_MTN": 1,
        "rang_TeRd_MOOV": 2
      },
      "id": 4
    },
    {
      "type": "Feature",
      "geometry": {
        "coordinates": [
          -3.90704,
          5.349
        ],
        "type": "Point"
      },
      "properties": {
        "ADM0_FR": "DISTRICT AUTONOME D'ABIDJAN",
        "ADM0_PCODE": "CI04",
        "ADM1_FR": "DISTRICT AUTONOME D'ABIDJAN",
        "ADM1_PCODE": "CI101",
        "ADM2_FR": "ABIDJAN",
        "ADM2_PCODE": "CI0101",
        "ADM3_FR": "BINGERVILLE",
        "ADM3_PCODE": "CI010103",
        "ADM4_FR": "BINGERVILLE",
        "ADM4_PCODE": "C1214",
        "centerLat": 5.359,
        "centerLng": -3.89704,
        "pop": 64015,
        "TeS_MOOV": 0.0,
        "TedS_MOOV": 89.69,
        "TR3_MOOV": 0.0,
        "TeRd_MOOV": 71.67999999999999,
        "TS_MOOV": 100.0,
        "TeS_MTN": 0.18,
        "TedS_MTN": 88.89,
        "TR3_MTN": 0.0,
        "TeRd_MTN": 98.92,
        "TS_MTN": 100.0,
        "TeS_ORANGE": 0.18,
        "TedS_ORANGE": 97.24000000000001,
        "TR3_ORANGE": 53.68000000000001,
        "TeRd_ORANGE": 6.800000000000001,
        "TS_ORANGE": 47.43,
        "rang_TeS_ORANGE": 2,
        "rang_TeS_MTN": 2,
        "rang_TeS_MOOV": 1,
        "rang_TedS_ORANGE": 1,
        "rang_TedS_MTN": 3,
        "rang_TedS_MOOV": 2,
        "rang_TR3_ORANGE": 3,
        "rang_TR3_MTN": 1,
        "rang_TR3_MOOV": 1,
        "rang_TS_ORANGE": 3,
        "rang_TS_MTN": 1,
        "rang_TS_MOOV": 1,
        "rang_TeRd_ORANGE": 3,
        "rang_TeRd_MTN": 1,
        "rang_TeRd_MOOV": 2
      },
      "id": 5
    },
    {
      "type": "Feature",
      "geometry": {
        "coordinates": [
          -3.97089,
          5.363
        ],
        "type": "Point"
      },
      "properties": {
        "ADM0_FR": "DISTRICT AUTONOME D'ABIDJAN",
        "ADM0_PCODE": "CI04",
        "ADM1_FR": "DISTRICT AUTONOME D'ABIDJAN",
        "ADM1_PCODE": "CI101",
        "ADM2_FR": "ABIDJAN",
        "ADM2_PCODE": "CI0101",
        "ADM3_FR": "ABIDJAN",
        "ADM3_PCODE": "CI010101",
        "ADM4_FR": "COCODY",
        "ADM4_PCODE": "C1672",
        "centerLat": 5.373,
        "centerLng": -3.96089,
        "pop": 447055,
        "TeS_MOOV": 0.33999999999999997,
        "TedS_MOOV": 87.47,
        "TR3_MOOV": 0.0,
        "TeRd_MOOV": 86.33999999999999,
        "TS_MOOV": 99.66000000000001,
        "TeS_MTN": 0.11,
        "TedS_MTN": 93.57,
        "TR3_MTN": 0.0,
        "TeRd_MTN": 99.22,
        "TS_MTN": 99.89,
        "TeS_ORANGE": 0.0,
        "TedS_ORANGE": 99.07000000000001,
        "TR3_ORANGE": 1.96,
        "TeRd_ORANGE": 16.07,
        "TS_ORANGE": 99.69,
        "rang_TeS_ORANGE": 1,
        "rang_TeS_MTN": 2,
        "rang_TeS_MOOV": 3,
        "rang_TedS_ORANGE": 1,
        "rang_TedS_MTN": 2,
        "rang_TedS_MOOV": 3,
        "rang_TR3_ORANGE": 3,
        "rang_TR3_MTN": 1,
        "rang_TR3_MOOV": 1,
        "rang_TS_ORANGE": 2,
        "rang_TS_MTN": 1,
        "rang_TS_MOOV": 3,
        "rang_TeRd_ORANGE": 3,
        "rang_TeRd_MTN": 1,
        "rang_TeRd_MOOV": 2
      },
      "id": 6
    },
    {
      "type": "Feature",
      "geometry": {
        "coordinates": [
          -3.73689,
          5.18266
        ],
        "type": "Point"
      },
      "properties": {
        "ADM0_FR": "COMOE",
        "ADM0_PCODE": "CI02",
        "ADM1_FR": "SUD-COMOE",
        "ADM1_PCODE": "CI130",
        "ADM2_FR": "GRAND-BASSAM",
        "ADM2_PCODE": "CI3003",
        "ADM3_FR": "GRAND-BASSAM",
        "ADM3_PCODE": "CI300303",
        "ADM4_FR": "GRAND-BASSAM",
        "ADM4_PCODE": "C3367",
        "centerLat": 5.19266,
        "centerLng": -3.72689,
        "pop": 74671,
        "TeS_MOOV": 0.0,
        "TedS_MOOV": 76.23,
        "TR3_MOOV": 4.04,
        "TeRd_MOOV": 51.12,
        "TS_MOOV": 99.55000000000001,
        "TeS_MTN": 0.0,
        "TedS_MTN": 96.33,
        "TR3_MTN": 0.0,
        "TeRd_MTN": 97.71,
        "TS_MTN": 100.0,
        "TeS_ORANGE": 0.9199999999999999,
        "TedS_ORANGE": 95.83,
        "TR3_ORANGE": 2.31,
        "TeRd_ORANGE": 21.3,
        "TS_ORANGE": 98.15,
        "rang_TeS_ORANGE": 3,
        "rang_TeS_MTN": 1,
        "rang_TeS_MOOV": 1,
        "rang_TedS_ORANGE": 2,
        "rang_TedS_MTN": 1,
        "rang_TedS_MOOV": 3,
        "rang_TR3_ORANGE": 2,
        "rang_TR3_MTN": 1,
        "rang_TR3_MOOV": 3,
        "rang_TS_ORANGE": 3,
        "rang_TS_MTN": 1,
        "rang_TS_MOOV": 2,
        "rang_TeRd_ORANGE": 3,
        "rang_TeRd_MTN": 1,
        "rang_TeRd_MOOV": 2
      },
      "id": 7
    },
    {
      "type": "Feature",
      "geometry": {
        "coordinates": [
          -3.95836,
          5.29249
        ],
        "type": "Point"
      },
      "properties": {
        "ADM0_FR": "DISTRICT AUTONOME D'ABIDJAN",
        "ADM0_PCODE": "CI04",
        "ADM1_FR": "DISTRICT AUTONOME D'ABIDJAN",
        "ADM1_PCODE": "CI101",
        "ADM2_FR": "ABIDJAN",
        "ADM2_PCODE": "CI0101",
        "ADM3_FR": "ABIDJAN",
        "ADM3_PCODE": "CI010101",
        "ADM4_FR": "KOUMASSI",
        "ADM4_PCODE": "C4694",
        "centerLat": 5.30249,
        "centerLng": -3.94836,
        "pop": 433139,
        "TeS_MOOV": 2.94,
        "TedS_MOOV": 60.61,
        "TR3_MOOV": 14.549999999999999,
        "TeRd_MOOV": 29.7,
        "TS_MOOV": 100.0,
        "TeS_MTN": 0.33,
        "TedS_MTN": 81.97,
        "TR3_MTN": 0.0,
        "TeRd_MTN": 95.74000000000001,
        "TS_MTN": 99.67,
        "TeS_ORANGE": 0.33999999999999997,
        "TedS_ORANGE": 97.64,
        "TR3_ORANGE": 2.36,
        "TeRd_ORANGE": 28.28,
        "TS_ORANGE": 99.66000000000001,
        "rang_TeS_ORANGE": 2,
        "rang_TeS_MTN": 1,
        "rang_TeS_MOOV": 3,
        "rang_TedS_ORANGE": 1,
        "rang_TedS_MTN": 2,
        "rang_TedS_MOOV": 3,
        "rang_TR3_ORANGE": 2,
        "rang_TR3_MTN": 1,
        "rang_TR3_MOOV": 3,
        "rang_TS_ORANGE": 3,
        "rang_TS_MTN": 2,
        "rang_TS_MOOV": 1,
        "rang_TeRd_ORANGE": 3,
        "rang_TeRd_MTN": 1,
        "rang_TeRd_MOOV": 2
      },
      "id": 8
    },
    {
      "type": "Feature",
      "geometry": {
        "coordinates": [
          -3.99251,
          5.28932
        ],
        "type": "Point"
      },
      "properties": {
        "ADM0_FR": "DISTRICT AUTONOME D'ABIDJAN",
        "ADM0_PCODE": "CI04",
        "ADM1_FR": "DISTRICT AUTONOME D'ABIDJAN",
        "ADM1_PCODE": "CI101",
        "ADM2_FR": "ABIDJAN",
        "ADM2_PCODE": "CI0101",
        "ADM3_FR": "ABIDJAN",
        "ADM3_PCODE": "CI010101",
        "ADM4_FR": "MARCORY",
        "ADM4_PCODE": "C5375",
        "centerLat": 5.29932,
        "centerLng": -3.98251,
        "pop": 249858,
        "TeS_MOOV": 2.19,
        "TedS_MOOV": 61.94,
        "TR3_MOOV": 11.19,
        "TeRd_MOOV": 36.57,
        "TS_MOOV": 98.54,
        "TeS_MTN": 0.43,
        "TedS_MTN": 78.11,
        "TR3_MTN": 0.0,
        "TeRd_MTN": 100.0,
        "TS_MTN": 99.57000000000001,
        "TeS_ORANGE": 0.0,
        "TedS_ORANGE": 97.81,
        "TR3_ORANGE": 1.7500000000000002,
        "TeRd_ORANGE": 18.86,
        "TS_ORANGE": 99.11999999999999,
        "rang_TeS_ORANGE": 1,
        "rang_TeS_MTN": 2,
        "rang_TeS_MOOV": 3,
        "rang_TedS_ORANGE": 1,
        "rang_TedS_MTN": 2,
        "rang_TedS_MOOV": 3,
        "rang_TR3_ORANGE": 2,
        "rang_TR3_MTN": 1,
        "rang_TR3_MOOV": 3,
        "rang_TS_ORANGE": 2,
        "rang_TS_MTN": 1,
        "rang_TS_MOOV": 3,
        "rang_TeRd_ORANGE": 3,
        "rang_TeRd_MTN": 1,
        "rang_TeRd_MOOV": 2
      },
      "id": 9
    },
    {
      "type": "Feature",
      "geometry": {
        "coordinates": [
          -4.0316399999999994,
          5.31517
        ],
        "type": "Point"
      },
      "properties": {
        "ADM0_FR": "DISTRICT AUTONOME D'ABIDJAN",
        "ADM0_PCODE": "CI04",
        "ADM1_FR": "DISTRICT AUTONOME D'ABIDJAN",
        "ADM1_PCODE": "CI101",
        "ADM2_FR": "ABIDJAN",
        "ADM2_PCODE": "CI0101",
        "ADM3_FR": "ABIDJAN",
        "ADM3_PCODE": "CI010101",
        "ADM4_FR": "PLATEAU",
        "ADM4_PCODE": "C6556",
        "centerLat": 5.32517,
        "centerLng": -4.02164,
        "pop": 7488,
        "TeS_MOOV": 1.9,
        "TedS_MOOV": 85.16,
        "TR3_MOOV": 2.58,
        "TeRd_MOOV": 89.03,
        "TS_MOOV": 100.0,
        "TeS_MTN": 0.0,
        "TedS_MTN": 98.3,
        "TR3_MTN": 0.0,
        "TeRd_MTN": 99.42999999999999,
        "TS_MTN": 100.0,
        "TeS_ORANGE": 1.25,
        "TedS_ORANGE": 84.81,
        "TR3_ORANGE": 43.04,
        "TeRd_ORANGE": 39.24,
        "TS_ORANGE": 56.96,
        "rang_TeS_ORANGE": 2,
        "rang_TeS_MTN": 1,
        "rang_TeS_MOOV": 3,
        "rang_TedS_ORANGE": 3,
        "rang_TedS_MTN": 1,
        "rang_TedS_MOOV": 2,
        "rang_TR3_ORANGE": 3,
        "rang_TR3_MTN": 1,
        "rang_TR3_MOOV": 2,
        "rang_TS_ORANGE": 3,
        "rang_TS_MTN": 1,
        "rang_TS_MOOV": 1,
        "rang_TeRd_ORANGE": 3,
        "rang_TeRd_MTN": 1,
        "rang_TeRd_MOOV": 2
      },
      "id": 10
    },
    {
      "type": "Feature",
      "geometry": {
        "coordinates": [
          -3.968626,
          5.246881
        ],
        "type": "Point"
      },
      "properties": {
        "ADM0_FR": "DISTRICT AUTONOME D'ABIDJAN",
        "ADM0_PCODE": "CI04",
        "ADM1_FR": "DISTRICT AUTONOME D'ABIDJAN",
        "ADM1_PCODE": "CI101",
        "ADM2_FR": "ABIDJAN",
        "ADM2_PCODE": "CI0101",
        "ADM3_FR": "ABIDJAN",
        "ADM3_PCODE": "CI010101",
        "ADM4_FR": "PORT-BOUET",
        "ADM4_PCODE": "C6619",
        "centerLat": 5.256881,
        "centerLng": -3.958626,
        "pop": 419033,
        "TeS_MOOV": 18.75,
        "TedS_MOOV": 20.51,
        "TR3_MOOV": 83.97,
        "TeRd_MOOV": 10.9,
        "TS_MOOV": 22.400000000000002,
        "TeS_MTN": 0.7000000000000001,
        "TedS_MTN": 35.92,
        "TR3_MTN": 0.0,
        "TeRd_MTN": 88.73,
        "TS_MTN": 99.3,
        "TeS_ORANGE": 2.45,
        "TedS_ORANGE": 98.99,
        "TR3_ORANGE": 3.02,
        "TeRd_ORANGE": 17.59,
        "TS_ORANGE": 99.5,
        "rang_TeS_ORANGE": 2,
        "rang_TeS_MTN": 1,
        "rang_TeS_MOOV": 3,
        "rang_TedS_ORANGE": 1,
        "rang_TedS_MTN": 2,
        "rang_TedS_MOOV": 3,
        "rang_TR3_ORANGE": 2,
        "rang_TR3_MTN": 1,
        "rang_TR3_MOOV": 3,
        "rang_TS_ORANGE": 1,
        "rang_TS_MTN": 2,
        "rang_TS_MOOV": 3,
        "rang_TeRd_ORANGE": 2,
        "rang_TeRd_MTN": 1,
        "rang_TeRd_MOOV": 3
      },
      "id": 11
    },
    {
      "type": "Feature",
      "geometry": {
        "coordinates": [
          -4.02044,
          5.2809800000000005
        ],
        "type": "Point"
      },
      "properties": {
        "ADM0_FR": "DISTRICT AUTONOME D'ABIDJAN",
        "ADM0_PCODE": "CI04",
        "ADM1_FR": "DISTRICT AUTONOME D'ABIDJAN",
        "ADM1_PCODE": "CI101",
        "ADM2_FR": "ABIDJAN",
        "ADM2_PCODE": "CI0101",
        "ADM3_FR": "ABIDJAN",
        "ADM3_PCODE": "CI010101",
        "ADM4_FR": "TREICHVILLE",
        "ADM4_PCODE": "C7913",
        "centerLat": 5.29098,
        "centerLng": -4.01044,
        "pop": 102580,
        "TeS_MOOV": 2.65,
        "TedS_MOOV": 58.5,
        "TR3_MOOV": 14.97,
        "TeRd_MOOV": 35.370000000000005,
        "TS_MOOV": 100.0,
        "TeS_MTN": 0.0,
        "TedS_MTN": 81.39999999999999,
        "TR3_MTN": 4.65,
        "TeRd_MTN": 95.02000000000001,
        "TS_MTN": 96.00999999999999,
        "TeS_ORANGE": 0.0,
        "TedS_ORANGE": 98.68,
        "TR3_ORANGE": 2.63,
        "TeRd_ORANGE": 25.330000000000002,
        "TS_ORANGE": 98.68,
        "rang_TeS_ORANGE": 1,
        "rang_TeS_MTN": 1,
        "rang_TeS_MOOV": 3,
        "rang_TedS_ORANGE": 1,
        "rang_TedS_MTN": 2,
        "rang_TedS_MOOV": 3,
        "rang_TR3_ORANGE": 1,
        "rang_TR3_MTN": 2,
        "rang_TR3_MOOV": 3,
        "rang_TS_ORANGE": 2,
        "rang_TS_MTN": 3,
        "rang_TS_MOOV": 1,
        "rang_TeRd_ORANGE": 3,
        "rang_TeRd_MTN": 1,
        "rang_TeRd_MOOV": 2
      },
      "id": 12
    },
    {
      "type": "Feature",
      "geometry": {
        "coordinates": [
          -4.10015,
          5.2984800000000005
        ],
        "type": "Point"
      },
      "properties": {
        "ADM0_FR": "DISTRICT AUTONOME D'ABIDJAN",
        "ADM0_PCODE": "CI04",
        "ADM1_FR": "DISTRICT AUTONOME D'ABIDJAN",
        "ADM1_PCODE": "CI101",
        "ADM2_FR": "ABIDJAN",
        "ADM2_PCODE": "CI0101",
        "ADM3_FR": "ABIDJAN",
        "ADM3_PCODE": "CI010101",
        "ADM4_FR": "YOPOUGON",
        "ADM4_PCODE": "C8230",
        "centerLat": 5.30848,
        "centerLng": -4.09015,
        "pop": 1071543,
        "TeS_MOOV": 2.56,
        "TedS_MOOV": 54.39000000000001,
        "TR3_MOOV": 7.31,
        "TeRd_MOOV": 50.29,
        "TS_MOOV": 100.0,
        "TeS_MTN": 0.54,
        "TedS_MTN": 93.31,
        "TR3_MTN": 0.0,
        "TeRd_MTN": 99.82,
        "TS_MTN": 99.82,
        "TeS_ORANGE": 0.54,
        "TedS_ORANGE": 98.2,
        "TR3_ORANGE": 1.44,
        "TeRd_ORANGE": 23.16,
        "TS_ORANGE": 99.46000000000001,
        "rang_TeS_ORANGE": 1,
        "rang_TeS_MTN": 1,
        "rang_TeS_MOOV": 3,
        "rang_TedS_ORANGE": 1,
        "rang_TedS_MTN": 2,
        "rang_TedS_MOOV": 3,
        "rang_TR3_ORANGE": 2,
        "rang_TR3_MTN": 1,
        "rang_TR3_MOOV": 3,
        "rang_TS_ORANGE": 3,
        "rang_TS_MTN": 2,
        "rang_TS_MOOV": 1,
        "rang_TeRd_ORANGE": 3,
        "rang_TeRd_MTN": 1,
        "rang_TeRd_MOOV": 2
      },
      "id": 13
    },
    {
      "type": "Feature",
      "geometry": {
        "coordinates": [
          -3.50676,
          6.7183600000000006
        ],
        "type": "Point"
      },
      "properties": {
        "ADM0_FR": "COMOE",
        "ADM0_PCODE": "CI02",
        "ADM1_FR": "INDENIE-DJUABLIN",
        "ADM1_PCODE": "CI120",
        "ADM2_FR": "ABENGOUROU",
        "ADM2_PCODE": "CI2001",
        "ADM3_FR": "ABENGOUROU",
        "ADM3_PCODE": "CI200101",
        "ADM4_FR": "ABENGOUROU",
        "ADM4_PCODE": "C0014",
        "centerLat": 6.72836,
        "centerLng": -3.49676,
        "pop": 100910,
        "TeS_MOOV": 0.0,
        "TedS_MOOV": 89.68,
        "TR3_MOOV": 0.0,
        "TeRd_MOOV": 72.22,
        "TS_MOOV": 100.0,
        "TeS_MTN": 0.7100000000000001,
        "TedS_MTN": 98.56,
        "TR3_MTN": 0.0,
        "TeRd_MTN": 98.56,
        "TS_MTN": 99.28,
        "TeS_ORANGE": 0.72,
        "TedS_ORANGE": 96.35000000000001,
        "TR3_ORANGE": 12.41,
        "TeRd_ORANGE": 75.18,
        "TS_ORANGE": 89.78,
        "rang_TeS_ORANGE": 3,
        "rang_TeS_MTN": 2,
        "rang_TeS_MOOV": 1,
        "rang_TedS_ORANGE": 2,
        "rang_TedS_MTN": 1,
        "rang_TedS_MOOV": 3,
        "rang_TR3_ORANGE": 3,
        "rang_TR3_MTN": 1,
        "rang_TR3_MOOV": 1,
        "rang_TS_ORANGE": 3,
        "rang_TS_MTN": 2,
        "rang_TS_MOOV": 1,
        "rang_TeRd_ORANGE": 2,
        "rang_TeRd_MTN": 1,
        "rang_TeRd_MOOV": 3
      },
      "id": 14
    },
    {
      "type": "Feature",
      "geometry": {
        "coordinates": [
          -3.21677,
          5.46457
        ],
        "type": "Point"
      },
      "properties": {
        "ADM0_FR": "COMOE",
        "ADM0_PCODE": "CI02",
        "ADM1_FR": "SUD-COMOE",
        "ADM1_PCODE": "CI130",
        "ADM2_FR": "ABOISSO",
        "ADM2_PCODE": "CI3001",
        "ADM3_FR": "ABOISSO",
        "ADM3_PCODE": "CI300101",
        "ADM4_FR": "ABOISSO",
        "ADM4_PCODE": "C0033",
        "centerLat": 5.47457,
        "centerLng": -3.20677,
        "pop": 45688,
        "TeS_MOOV": 0.0,
        "TedS_MOOV": 100.0,
        "TR3_MOOV": 0.0,
        "TeRd_MOOV": 72.26,
        "TS_MOOV": 100.0,
        "TeS_MTN": 0.7100000000000001,
        "TedS_MTN": 98.56,
        "TR3_MTN": 0.0,
        "TeRd_MTN": 98.56,
        "TS_MTN": 99.28,
        "TeS_ORANGE": 0.72,
        "TedS_ORANGE": 96.35000000000001,
        "TR3_ORANGE": 12.41,
        "TeRd_ORANGE": 75.18,
        "TS_ORANGE": 89.78,
        "rang_TeS_ORANGE": 3,
        "rang_TeS_MTN": 2,
        "rang_TeS_MOOV": 1,
        "rang_TedS_ORANGE": 3,
        "rang_TedS_MTN": 2,
        "rang_TedS_MOOV": 1,
        "rang_TR3_ORANGE": 3,
        "rang_TR3_MTN": 1,
        "rang_TR3_MOOV": 1,
        "rang_TS_ORANGE": 3,
        "rang_TS_MTN": 2,
        "rang_TS_MOOV": 1,
        "rang_TeRd_ORANGE": 2,
        "rang_TeRd_MTN": 1,
        "rang_TeRd_MOOV": 3
      },
      "id": 15
    },
    {
      "type": "Feature",
      "geometry": {
        "coordinates": [
          -3.2741399999999996,
          5.418
        ],
        "type": "Point"
      },
      "properties": {
        "ADM0_FR": "COMOE",
        "ADM0_PCODE": "CI02",
        "ADM1_FR": "SUD-COMOE",
        "ADM1_PCODE": "CI130",
        "ADM2_FR": "ABOISSO",
        "ADM2_PCODE": "CI3001",
        "ADM3_FR": "ADAOU",
        "ADM3_PCODE": "CI300102",
        "ADM4_FR": "ADAOU",
        "ADM4_PCODE": "C0098",
        "centerLat": 5.428,
        "centerLng": -3.26414,
        "pop": 6093,
        "TeS_MOOV": 5.0,
        "TedS_MOOV": 0.0,
        "TR3_MOOV": 0.0,
        "TeRd_MOOV": 50.0,
        "TS_MOOV": 97.5,
        "TeS_MTN": 5.36,
        "TedS_MTN": 3.7699999999999996,
        "TR3_MTN": 0.0,
        "TeRd_MTN": 100.0,
        "TS_MTN": 100.0,
        "TeS_ORANGE": 0.0,
        "TedS_ORANGE": 94.92,
        "TR3_ORANGE": 0.0,
        "TeRd_ORANGE": 33.900000000000006,
        "TS_ORANGE": 100.0,
        "rang_TeS_ORANGE": 1,
        "rang_TeS_MTN": 3,
        "rang_TeS_MOOV": 2,
        "rang_TedS_ORANGE": 1,
        "rang_TedS_MTN": 2,
        "rang_TedS_MOOV": 3,
        "rang_TR3_ORANGE": 1,
        "rang_TR3_MTN": 1,
        "rang_TR3_MOOV": 1,
        "rang_TS_ORANGE": 1,
        "rang_TS_MTN": 1,
        "rang_TS_MOOV": 3,
        "rang_TeRd_ORANGE": 3,
        "rang_TeRd_MTN": 1,
        "rang_TeRd_MOOV": 2
      },
      "id": 16
    },
    {
      "type": "Feature",
      "geometry": {
        "coordinates": [
          -3.31166,
          5.276730000000001
        ],
        "type": "Point"
      },
      "properties": {
        "ADM0_FR": "COMOE",
        "ADM0_PCODE": "CI02",
        "ADM1_FR": "SUD-COMOE",
        "ADM1_PCODE": "CI130",
        "ADM2_FR": "ADIAKE",
        "ADM2_PCODE": "CI3002",
        "ADM3_FR": "ADIAKE",
        "ADM3_PCODE": "CI300201",
        "ADM4_FR": "ADIAKÉ",
        "ADM4_PCODE": "C0106",
        "centerLat": 5.28673,
        "centerLng": -3.30166,
        "pop": 19055,
        "TeS_MOOV": 0.73,
        "TedS_MOOV": 93.38,
        "TR3_MOOV": 86.03,
        "TeRd_MOOV": 8.09,
        "TS_MOOV": 100.0,
        "TeS_MTN": 4.03,
        "TedS_MTN": 0.0,
        "TR3_MTN": 0.0,
        "TeRd_MTN": 81.51,
        "TS_MTN": 95.8,
        "TeS_ORANGE": 0.0,
        "TedS_ORANGE": 100.0,
        "TR3_ORANGE": 7.6899999999999995,
        "TeRd_ORANGE": 43.85,
        "TS_ORANGE": 94.62,
        "rang_TeS_ORANGE": 1,
        "rang_TeS_MTN": 3,
        "rang_TeS_MOOV": 2,
        "rang_TedS_ORANGE": 1,
        "rang_TedS_MTN": 3,
        "rang_TedS_MOOV": 2,
        "rang_TR3_ORANGE": 2,
        "rang_TR3_MTN": 1,
        "rang_TR3_MOOV": 3,
        "rang_TS_ORANGE": 3,
        "rang_TS_MTN": 2,
        "rang_TS_MOOV": 1,
        "rang_TeRd_ORANGE": 2,
        "rang_TeRd_MTN": 1,
        "rang_TeRd_MOOV": 3
      },
      "id": 17
    },
    {
      "type": "Feature",
      "geometry": {
        "coordinates": [
          -4.22523,
          5.91964
        ],
        "type": "Point"
      },
      "properties": {
        "ADM0_FR": "LAGUNES",
        "ADM0_PCODE": "CI08",
        "ADM1_FR": "AGNEBY-TIASSA",
        "ADM1_PCODE": "CI103",
        "ADM2_FR": "AGBOVILLE",
        "ADM2_PCODE": "CI0301",
        "ADM3_FR": "AGBOVILLE",
        "ADM3_PCODE": "CI030102",
        "ADM4_FR": "AGBOVILLE",
        "ADM4_PCODE": "C0215",
        "centerLat": 5.92964,
        "centerLng": -4.21523,
        "pop": 50873,
        "TeS_MOOV": 1.16,
        "TedS_MOOV": 65.88000000000001,
        "TR3_MOOV": 0.0,
        "TeRd_MOOV": 62.35000000000001,
        "TS_MOOV": 100.0,
        "TeS_MTN": 1.2,
        "TedS_MTN": 0.0,
        "TR3_MTN": 0.0,
        "TeRd_MTN": 96.34,
        "TS_MTN": 98.78,
        "TeS_ORANGE": 0.0,
        "TedS_ORANGE": 96.55,
        "TR3_ORANGE": 1.15,
        "TeRd_ORANGE": 34.48,
        "TS_ORANGE": 98.85000000000001,
        "rang_TeS_ORANGE": 1,
        "rang_TeS_MTN": 3,
        "rang_TeS_MOOV": 2,
        "rang_TedS_ORANGE": 1,
        "rang_TedS_MTN": 3,
        "rang_TedS_MOOV": 2,
        "rang_TR3_ORANGE": 3,
        "rang_TR3_MTN": 1,
        "rang_TR3_MOOV": 1,
        "rang_TS_ORANGE": 2,
        "rang_TS_MTN": 3,
        "rang_TS_MOOV": 1,
        "rang_TeRd_ORANGE": 3,
        "rang_TeRd_MTN": 1,
        "rang_TeRd_MOOV": 2
      },
      "id": 18
    },
    {
      "type": "Feature",
      "geometry": {
        "coordinates": [
          -3.21278,
          7.119870000000001
        ],
        "type": "Point"
      },
      "properties": {
        "ADM0_FR": "COMOE",
        "ADM0_PCODE": "CI02",
        "ADM1_FR": "INDENIE-DJUABLIN",
        "ADM1_PCODE": "CI120",
        "ADM2_FR": "AGNIBILEKROU",
        "ADM2_PCODE": "CI2002",
        "ADM3_FR": "AGNIBILEKROU",
        "ADM3_PCODE": "CI200201",
        "ADM4_FR": "AGNIBILEKROU",
        "ADM4_PCODE": "C0224",
        "centerLat": 7.12987,
        "centerLng": -3.20278,
        "pop": 48611,
        "TeS_MOOV": 1.6400000000000001,
        "TedS_MOOV": 58.330000000000005,
        "TR3_MOOV": 0.0,
        "TeRd_MOOV": 55.83,
        "TS_MOOV": 99.18,
        "TeS_MTN": 4.2,
        "TedS_MTN": 0.0,
        "TR3_MTN": 0.88,
        "TeRd_MTN": 94.74000000000001,
        "TS_MTN": 94.74000000000001,
        "TeS_ORANGE": 1.68,
        "TedS_ORANGE": 92.31,
        "TR3_ORANGE": 0.8500000000000001,
        "TeRd_ORANGE": 41.03,
        "TS_ORANGE": 98.29,
        "rang_TeS_ORANGE": 2,
        "rang_TeS_MTN": 3,
        "rang_TeS_MOOV": 1,
        "rang_TedS_ORANGE": 1,
        "rang_TedS_MTN": 3,
        "rang_TedS_MOOV": 2,
        "rang_TR3_ORANGE": 2,
        "rang_TR3_MTN": 3,
        "rang_TR3_MOOV": 1,
        "rang_TS_ORANGE": 2,
        "rang_TS_MTN": 3,
        "rang_TS_MOOV": 1,
        "rang_TeRd_ORANGE": 3,
        "rang_TeRd_MTN": 1,
        "rang_TeRd_MOOV": 2
      },
      "id": 19
    },
    {
      "type": "Feature",
      "geometry": {
        "coordinates": [
          -3.95343,
          5.97254
        ],
        "type": "Point"
      },
      "properties": {
        "ADM0_FR": "LAGUNES",
        "ADM0_PCODE": "CI08",
        "ADM1_FR": "LA ME",
        "ADM1_PCODE": "CI124",
        "ADM2_FR": "ADZOPE",
        "ADM2_PCODE": "CI2401",
        "ADM3_FR": "AGOU",
        "ADM3_PCODE": "CI240102",
        "ADM4_FR": "AGOU",
        "ADM4_PCODE": "C0230",
        "centerLat": 5.98254,
        "centerLng": -3.94343,
        "pop": 6035,
        "TeS_MOOV": 1.18,
        "TedS_MOOV": 82.14,
        "TR3_MOOV": 0.0,
        "TeRd_MOOV": 70.24000000000001,
        "TS_MOOV": 100.0,
        "TeS_MTN": 0.0,
        "TedS_MTN": 84.44,
        "TR3_MTN": 0.0,
        "TeRd_MTN": 98.89,
        "TS_MTN": 100.0,
        "TeS_ORANGE": 0.0,
        "TedS_ORANGE": 98.91,
        "TR3_ORANGE": 2.17,
        "TeRd_ORANGE": 69.57,
        "TS_ORANGE": 100.0,
        "rang_TeS_ORANGE": 1,
        "rang_TeS_MTN": 1,
        "rang_TeS_MOOV": 3,
        "rang_TedS_ORANGE": 1,
        "rang_TedS_MTN": 2,
        "rang_TedS_MOOV": 3,
        "rang_TR3_ORANGE": 3,
        "rang_TR3_MTN": 1,
        "rang_TR3_MOOV": 1,
        "rang_TS_ORANGE": 1,
        "rang_TS_MTN": 1,
        "rang_TS_MOOV": 1,
        "rang_TeRd_ORANGE": 3,
        "rang_TeRd_MTN": 1,
        "rang_TeRd_MOOV": 2
      },
      "id": 20
    },
    {
      "type": "Feature",
      "geometry": {
        "coordinates": [
          -3.9795399999999996,
          6.66259
        ],
        "type": "Point"
      },
      "properties": {
        "ADM0_FR": "LACS",
        "ADM0_PCODE": "CI07",
        "ADM1_FR": "MORONOU",
        "ADM1_PCODE": "CI125",
        "ADM2_FR": "ARRAH",
        "ADM2_PCODE": "CI2501",
        "ADM3_FR": "ARRAH",
        "ADM3_PCODE": "CI250101",
        "ADM4_FR": "ARRAH",
        "ADM4_PCODE": "C0600",
        "centerLat": 6.67259,
        "centerLng": -3.96954,
        "pop": 24122,
        "TeS_MOOV": 0.0,
        "TedS_MOOV": 65.93,
        "TR3_MOOV": 0.0,
        "TeRd_MOOV": 60.440000000000005,
        "TS_MOOV": 100.0,
        "TeS_MTN": 0.0,
        "TedS_MTN": 3.51,
        "TR3_MTN": 0.0,
        "TeRd_MTN": 98.25,
        "TS_MTN": 100.0,
        "TeS_ORANGE": 0.0,
        "TedS_ORANGE": 97.92,
        "TR3_ORANGE": 9.379999999999999,
        "TeRd_ORANGE": 58.330000000000005,
        "TS_ORANGE": 95.83,
        "rang_TeS_ORANGE": 1,
        "rang_TeS_MTN": 1,
        "rang_TeS_MOOV": 1,
        "rang_TedS_ORANGE": 1,
        "rang_TedS_MTN": 3,
        "rang_TedS_MOOV": 2,
        "rang_TR3_ORANGE": 3,
        "rang_TR3_MTN": 1,
        "rang_TR3_MOOV": 1,
        "rang_TS_ORANGE": 3,
        "rang_TS_MTN": 1,
        "rang_TS_MOOV": 1,
        "rang_TeRd_ORANGE": 3,
        "rang_TeRd_MTN": 1,
        "rang_TeRd_MOOV": 2
      },
      "id": 21
    },
    {
      "type": "Feature",
      "geometry": {
        "coordinates": [
          -3.1738099999999996,
          5.59087
        ],
        "type": "Point"
      },
      "properties": {
        "ADM0_FR": "COMOE",
        "ADM0_PCODE": "CI02",
        "ADM1_FR": "SUD-COMOE",
        "ADM1_PCODE": "CI130",
        "ADM2_FR": "ABOISSO",
        "ADM2_PCODE": "CI3001",
        "ADM3_FR": "AYAME",
        "ADM3_PCODE": "CI300104",
        "ADM4_FR": "AYAMÉ",
        "ADM4_PCODE": "C0772",
        "centerLat": 5.60087,
        "centerLng": -3.16381,
        "pop": 8601,
        "TeS_MOOV": 1.69,
        "TedS_MOOV": 76.72,
        "TR3_MOOV": 0.0,
        "TeRd_MOOV": 64.66,
        "TS_MOOV": 99.15,
        "TeS_MTN": 1.69,
        "TedS_MTN": 76.72,
        "TR3_MTN": 0.0,
        "TeRd_MTN": 64.66,
        "TS_MTN": 99.14,
        "TeS_ORANGE": 0.0,
        "TedS_ORANGE": 100.0,
        "TR3_ORANGE": 6.0600000000000005,
        "TeRd_ORANGE": 31.819999999999997,
        "TS_ORANGE": 97.72999999999999,
        "rang_TeS_ORANGE": 1,
        "rang_TeS_MTN": 2,
        "rang_TeS_MOOV": 2,
        "rang_TedS_ORANGE": 1,
        "rang_TedS_MTN": 2,
        "rang_TedS_MOOV": 2,
        "rang_TR3_ORANGE": 3,
        "rang_TR3_MTN": 1,
        "rang_TR3_MOOV": 1,
        "rang_TS_ORANGE": 3,
        "rang_TS_MTN": 2,
        "rang_TS_MOOV": 1,
        "rang_TeRd_ORANGE": 3,
        "rang_TeRd_MTN": 1,
        "rang_TeRd_MOOV": 1
      },
      "id": 22
    },
    {
      "type": "Feature",
      "geometry": {
        "coordinates": [
          -4.09075,
          5.63569
        ],
        "type": "Point"
      },
      "properties": {
        "ADM0_FR": "LAGUNES",
        "ADM0_PCODE": "CI08",
        "ADM1_FR": "AGNEBY-TIASSA",
        "ADM1_PCODE": "CI103",
        "ADM2_FR": "AGBOVILLE",
        "ADM2_PCODE": "CI0301",
        "ADM3_FR": "AZAGUIE",
        "ADM3_PCODE": "CI030105",
        "ADM4_FR": "AZAGUIÉ",
        "ADM4_PCODE": "C0780",
        "centerLat": 5.64569,
        "centerLng": -4.08075,
        "pop": 13876,
        "TeS_MOOV": 0.0,
        "TedS_MOOV": 78.16,
        "TR3_MOOV": 0.0,
        "TeRd_MOOV": 62.07,
        "TS_MOOV": 100.0,
        "TeS_MTN": 1.6400000000000001,
        "TedS_MTN": 0.0,
        "TR3_MTN": 0.0,
        "TeRd_MTN": 98.33,
        "TS_MTN": 98.33,
        "TeS_ORANGE": 0.0,
        "TedS_ORANGE": 98.94,
        "TR3_ORANGE": 0.0,
        "TeRd_ORANGE": 44.68,
        "TS_ORANGE": 100.0,
        "rang_TeS_ORANGE": 1,
        "rang_TeS_MTN": 3,
        "rang_TeS_MOOV": 1,
        "rang_TedS_ORANGE": 1,
        "rang_TedS_MTN": 3,
        "rang_TedS_MOOV": 2,
        "rang_TR3_ORANGE": 1,
        "rang_TR3_MTN": 1,
        "rang_TR3_MOOV": 1,
        "rang_TS_ORANGE": 1,
        "rang_TS_MTN": 3,
        "rang_TS_MOOV": 1,
        "rang_TeRd_ORANGE": 3,
        "rang_TeRd_MTN": 1,
        "rang_TeRd_MOOV": 2
      },
      "id": 23
    },
    {
      "type": "Feature",
      "geometry": {
        "coordinates": [
          -5.58393,
          7.6608600000000004
        ],
        "type": "Point"
      },
      "properties": {
        "ADM0_FR": "VALLEE DU BANDAMA",
        "ADM0_PCODE": "CI12",
        "ADM1_FR": "GBEKE",
        "ADM1_PCODE": "CI111",
        "ADM2_FR": "BEOUMI",
        "ADM2_PCODE": "CI1101",
        "ADM3_FR": "BEOUMI",
        "ADM3_PCODE": "CI110102",
        "ADM4_FR": "BÉOUMI",
        "ADM4_PCODE": "C1124",
        "centerLat": 7.67086,
        "centerLng": -5.57393,
        "pop": 25526,
        "TeS_MOOV": 0.0,
        "TedS_MOOV": 93.89,
        "TR3_MOOV": 0.0,
        "TeRd_MOOV": 64.89,
        "TS_MOOV": 100.0,
        "TeS_MTN": 1.67,
        "TedS_MTN": 87.29,
        "TR3_MTN": 0.0,
        "TeRd_MTN": 95.76,
        "TS_MTN": 98.31,
        "TeS_ORANGE": 0.0,
        "TedS_ORANGE": 98.44000000000001,
        "TR3_ORANGE": 59.38,
        "TeRd_ORANGE": 33.589999999999996,
        "TS_ORANGE": 60.940000000000005,
        "rang_TeS_ORANGE": 1,
        "rang_TeS_MTN": 3,
        "rang_TeS_MOOV": 1,
        "rang_TedS_ORANGE": 1,
        "rang_TedS_MTN": 3,
        "rang_TedS_MOOV": 2,
        "rang_TR3_ORANGE": 3,
        "rang_TR3_MTN": 1,
        "rang_TR3_MOOV": 1,
        "rang_TS_ORANGE": 3,
        "rang_TS_MTN": 2,
        "rang_TS_MOOV": 1,
        "rang_TeRd_ORANGE": 3,
        "rang_TeRd_MTN": 1,
        "rang_TeRd_MOOV": 2
      },
      "id": 24
    },
    {
      "type": "Feature",
      "geometry": {
        "coordinates": [
          -7.62483,
          7.73078
        ],
        "type": "Point"
      },
      "properties": {
        "ADM0_FR": "MONTAGNES",
        "ADM0_PCODE": "CI09",
        "ADM1_FR": "TONKPI",
        "ADM1_PCODE": "CI132",
        "ADM2_FR": "BIANKOUMA",
        "ADM2_PCODE": "CI3201",
        "ADM3_FR": "BIANKOUMA",
        "ADM3_PCODE": "CI320101",
        "ADM4_FR": "BIANKOUMA",
        "ADM4_PCODE": "C1160",
        "centerLat": 7.74078,
        "centerLng": -7.61483,
        "pop": 17922,
        "TeS_MOOV": 0.0,
        "TedS_MOOV": 49.54,
        "TR3_MOOV": 59.63,
        "TeRd_MOOV": 17.43,
        "TS_MOOV": 40.37,
        "TeS_MTN": 0.0,
        "TedS_MTN": 96.33,
        "TR3_MTN": 0.0,
        "TeRd_MTN": 100.0,
        "TS_MTN": 100.0,
        "TeS_ORANGE": 0.0,
        "TedS_ORANGE": 96.36,
        "TR3_ORANGE": 17.27,
        "TeRd_ORANGE": 81.82000000000001,
        "TS_ORANGE": 83.64,
        "rang_TeS_ORANGE": 1,
        "rang_TeS_MTN": 1,
        "rang_TeS_MOOV": 1,
        "rang_TedS_ORANGE": 1,
        "rang_TedS_MTN": 2,
        "rang_TedS_MOOV": 3,
        "rang_TR3_ORANGE": 2,
        "rang_TR3_MTN": 1,
        "rang_TR3_MOOV": 3,
        "rang_TS_ORANGE": 2,
        "rang_TS_MTN": 1,
        "rang_TS_MOOV": 3,
        "rang_TeRd_ORANGE": 2,
        "rang_TeRd_MTN": 1,
        "rang_TeRd_MOOV": 3
      },
      "id": 25
    },
    {
      "type": "Feature",
      "geometry": {
        "coordinates": [
          -2.8099999999999996,
          8.03
        ],
        "type": "Point"
      },
      "properties": {
        "ADM0_FR": "COMOE",
        "ADM0_PCODE": "CI02",
        "ADM1_FR": "SUD-COMOE",
        "ADM1_PCODE": "CI130",
        "ADM2_FR": "ADIAKE",
        "ADM2_PCODE": "CI3002",
        "ADM3_FR": "ADIAKE",
        "ADM3_PCODE": "CI300201",
        "ADM4_FR": "BONDOUKOU",
        "ADM4_PCODE": "C1424",
        "centerLat": 8.04,
        "centerLng": -2.8,
        "pop": 1837,
        "TeS_MOOV": 0.0,
        "TedS_MOOV": 81.05,
        "TR3_MOOV": 0.0,
        "TeRd_MOOV": 62.11,
        "TS_MOOV": 100.0,
        "TeS_MTN": 1.0999999999999999,
        "TedS_MTN": 0.0,
        "TR3_MTN": 0.0,
        "TeRd_MTN": 98.89,
        "TS_MTN": 98.89,
        "TeS_ORANGE": 0.0,
        "TedS_ORANGE": 97.0,
        "TR3_ORANGE": 2.0,
        "TeRd_ORANGE": 52.0,
        "TS_ORANGE": 98.0,
        "rang_TeS_ORANGE": 1,
        "rang_TeS_MTN": 3,
        "rang_TeS_MOOV": 1,
        "rang_TedS_ORANGE": 1,
        "rang_TedS_MTN": 3,
        "rang_TedS_MOOV": 2,
        "rang_TR3_ORANGE": 3,
        "rang_TR3_MTN": 1,
        "rang_TR3_MOOV": 1,
        "rang_TS_ORANGE": 3,
        "rang_TS_MTN": 2,
        "rang_TS_MOOV": 1,
        "rang_TeRd_ORANGE": 3,
        "rang_TeRd_MTN": 1,
        "rang_TeRd_MOOV": 2
      },
      "id": 26
    },
    {
      "type": "Feature",
      "geometry": {
        "coordinates": [
          -6.0547699999999995,
          6.917190000000001
        ],
        "type": "Point"
      },
      "properties": {
        "ADM0_FR": "SASSANDRA-MARAHOUE",
        "ADM0_PCODE": "CI10",
        "ADM1_FR": "MARAHOUE",
        "ADM1_PCODE": "CI123",
        "ADM2_FR": "BOUAFLE",
        "ADM2_PCODE": "CI2301",
        "ADM3_FR": "BONON",
        "ADM3_PCODE": "CI230102",
        "ADM4_FR": "BONON",
        "ADM4_PCODE": "C1450",
        "centerLat": 6.92719,
        "centerLng": -6.04477,
        "pop": 92523,
        "TeS_MOOV": 0.0,
        "TedS_MOOV": 44.59,
        "TR3_MOOV": 0.0,
        "TeRd_MOOV": 55.410000000000004,
        "TS_MOOV": 79.73,
        "TeS_MTN": 0.0,
        "TedS_MTN": 98.65,
        "TR3_MTN": 0.0,
        "TeRd_MTN": 78.38000000000001,
        "TS_MTN": 79.73,
        "TeS_ORANGE": 0.0,
        "TedS_ORANGE": 100.0,
        "TR3_ORANGE": 3.8,
        "TeRd_ORANGE": 36.71,
        "TS_ORANGE": 81.01,
        "rang_TeS_ORANGE": 1,
        "rang_TeS_MTN": 1,
        "rang_TeS_MOOV": 1,
        "rang_TedS_ORANGE": 1,
        "rang_TedS_MTN": 2,
        "rang_TedS_MOOV": 3,
        "rang_TR3_ORANGE": 3,
        "rang_TR3_MTN": 1,
        "rang_TR3_MOOV": 1,
        "rang_TS_ORANGE": 1,
        "rang_TS_MTN": 2,
        "rang_TS_MOOV": 2,
        "rang_TeRd_ORANGE": 3,
        "rang_TeRd_MTN": 1,
        "rang_TeRd_MOOV": 2
      },
      "id": 27
    },
    {
      "type": "Feature",
      "geometry": {
        "coordinates": [
          -5.32106,
          7.84095
        ],
        "type": "Point"
      },
      "properties": {
        "ADM0_FR": "VALLEE DU BANDAMA",
        "ADM0_PCODE": "CI12",
        "ADM1_FR": "GBEKE",
        "ADM1_PCODE": "CI111",
        "ADM2_FR": "BOTRO",
        "ADM2_PCODE": "CI1102",
        "ADM3_FR": "BOTRO",
        "ADM3_PCODE": "CI110201",
        "ADM4_FR": "BOTRO",
        "ADM4_PCODE": "C1497",
        "centerLat": 7.85095,
        "centerLng": -5.31106,
        "pop": 10006,
        "TeS_MOOV": 0.0,
        "TedS_MOOV": 4.05,
        "TR3_MOOV": 0.0,
        "TeRd_MOOV": 66.22,
        "TS_MOOV": 100.0,
        "TeS_MTN": 1.22,
        "TedS_MTN": 92.58999999999999,
        "TR3_MTN": 0.0,
        "TeRd_MTN": 98.77,
        "TS_MTN": 98.77,
        "TeS_ORANGE": 0.0,
        "TedS_ORANGE": 96.47,
        "TR3_ORANGE": 65.88000000000001,
        "TeRd_ORANGE": 21.18,
        "TS_ORANGE": 34.12,
        "rang_TeS_ORANGE": 1,
        "rang_TeS_MTN": 3,
        "rang_TeS_MOOV": 1,
        "rang_TedS_ORANGE": 1,
        "rang_TedS_MTN": 2,
        "rang_TedS_MOOV": 3,
        "rang_TR3_ORANGE": 3,
        "rang_TR3_MTN": 1,
        "rang_TR3_MOOV": 1,
        "rang_TS_ORANGE": 3,
        "rang_TS_MTN": 2,
        "rang_TS_MOOV": 1,
        "rang_TeRd_ORANGE": 3,
        "rang_TeRd_MTN": 1,
        "rang_TeRd_MOOV": 2
      },
      "id": 28
    },
    {
      "type": "Feature",
      "geometry": {
        "coordinates": [
          -5.7613199999999996,
          6.97414
        ],
        "type": "Point"
      },
      "properties": {
        "ADM0_FR": "SASSANDRA-MARAHOUE",
        "ADM0_PCODE": "CI10",
        "ADM1_FR": "MARAHOUE",
        "ADM1_PCODE": "CI123",
        "ADM2_FR": "BOUAFLE",
        "ADM2_PCODE": "CI2301",
        "ADM3_FR": "BOUAFLE",
        "ADM3_PCODE": "CI230103",
        "ADM4_FR": "BOUAFLÉ",
        "ADM4_PCODE": "C1503",
        "centerLat": 6.98414,
        "centerLng": -5.75132,
        "pop": 80389,
        "TeS_MOOV": 0.0,
        "TedS_MOOV": 17.169999999999998,
        "TR3_MOOV": 0.0,
        "TeRd_MOOV": 58.589999999999996,
        "TS_MOOV": 100.0,
        "TeS_MTN": 2.02,
        "TedS_MTN": 2.06,
        "TR3_MTN": 0.0,
        "TeRd_MTN": 97.94,
        "TS_MTN": 97.94,
        "TeS_ORANGE": 0.0,
        "TedS_ORANGE": 96.12,
        "TR3_ORANGE": 2.91,
        "TeRd_ORANGE": 78.64,
        "TS_ORANGE": 97.09,
        "rang_TeS_ORANGE": 1,
        "rang_TeS_MTN": 3,
        "rang_TeS_MOOV": 1,
        "rang_TedS_ORANGE": 1,
        "rang_TedS_MTN": 3,
        "rang_TedS_MOOV": 2,
        "rang_TR3_ORANGE": 3,
        "rang_TR3_MTN": 1,
        "rang_TR3_MOOV": 1,
        "rang_TS_ORANGE": 3,
        "rang_TS_MTN": 2,
        "rang_TS_MOOV": 1,
        "rang_TeRd_ORANGE": 2,
        "rang_TeRd_MTN": 1,
        "rang_TeRd_MOOV": 3
      },
      "id": 29
    },
    {
      "type": "Feature",
      "geometry": {
        "coordinates": [
          -5.03961,
          7.67791
        ],
        "type": "Point"
      },
      "properties": {
        "ADM0_FR": "VALLEE DU BANDAMA",
        "ADM0_PCODE": "CI12",
        "ADM1_FR": "GBEKE",
        "ADM1_PCODE": "CI111",
        "ADM2_FR": "BOUAKE",
        "ADM2_PCODE": "CI1103",
        "ADM3_FR": "BOUAKE",
        "ADM3_PCODE": "CI110301",
        "ADM4_FR": "BOUAKÉ",
        "ADM4_PCODE": "C1507",
        "centerLat": 7.68791,
        "centerLng": -5.02961,
        "pop": 536719,
        "TeS_MOOV": 0.0,
        "TedS_MOOV": 96.88,
        "TR3_MOOV": 2.23,
        "TeRd_MOOV": 91.52,
        "TS_MOOV": 98.21,
        "TeS_MTN": 0.0,
        "TedS_MTN": 98.64,
        "TR3_MTN": 0.0,
        "TeRd_MTN": 99.55000000000001,
        "TS_MTN": 100.0,
        "TeS_ORANGE": 0.0,
        "TedS_ORANGE": 98.68,
        "TR3_ORANGE": 40.79,
        "TeRd_ORANGE": 55.7,
        "TS_ORANGE": 85.09,
        "rang_TeS_ORANGE": 1,
        "rang_TeS_MTN": 1,
        "rang_TeS_MOOV": 1,
        "rang_TedS_ORANGE": 1,
        "rang_TedS_MTN": 2,
        "rang_TedS_MOOV": 3,
        "rang_TR3_ORANGE": 3,
        "rang_TR3_MTN": 1,
        "rang_TR3_MOOV": 2,
        "rang_TS_ORANGE": 3,
        "rang_TS_MTN": 1,
        "rang_TS_MOOV": 2,
        "rang_TeRd_ORANGE": 3,
        "rang_TeRd_MTN": 1,
        "rang_TeRd_MOOV": 2
      },
      "id": 30
    },
    {
      "type": "Feature",
      "geometry": {
        "coordinates": [
          -6.49411,
          9.51143
        ],
        "type": "Point"
      },
      "properties": {
        "ADM0_FR": "SAVANES",
        "ADM0_PCODE": "CI11",
        "ADM1_FR": "BAGOUE",
        "ADM1_PCODE": "CI105",
        "ADM2_FR": "BOUNDIALI",
        "ADM2_PCODE": "CI0501",
        "ADM3_FR": "BOUNDIALI",
        "ADM3_PCODE": "CI050102",
        "ADM4_FR": "BOUNDIALI",
        "ADM4_PCODE": "C1557",
        "centerLat": 9.52143,
        "centerLng": -6.48411,
        "pop": 39962,
        "TeS_MOOV": 0.0,
        "TedS_MOOV": 99.42,
        "TR3_MOOV": 0.0,
        "TeRd_MOOV": 65.12,
        "TS_MOOV": 100.0,
        "TeS_MTN": 1.2,
        "TedS_MTN": 94.55,
        "TR3_MTN": 2.42,
        "TeRd_MTN": 97.58,
        "TS_MTN": 98.79,
        "TeS_ORANGE": 0.59,
        "TedS_ORANGE": 98.22,
        "TR3_ORANGE": 52.07000000000001,
        "TeRd_ORANGE": 38.46,
        "TS_ORANGE": 82.25,
        "rang_TeS_ORANGE": 2,
        "rang_TeS_MTN": 3,
        "rang_TeS_MOOV": 1,
        "rang_TedS_ORANGE": 2,
        "rang_TedS_MTN": 3,
        "rang_TedS_MOOV": 1,
        "rang_TR3_ORANGE": 3,
        "rang_TR3_MTN": 2,
        "rang_TR3_MOOV": 1,
        "rang_TS_ORANGE": 3,
        "rang_TS_MTN": 2,
        "rang_TS_MOOV": 1,
        "rang_TeRd_ORANGE": 3,
        "rang_TeRd_MTN": 1,
        "rang_TeRd_MOOV": 2
      },
      "id": 31
    },
    {
      "type": "Feature",
      "geometry": {
        "coordinates": [
          -4.39208,
          5.31271
        ],
        "type": "Point"
      },
      "properties": {
        "ADM0_FR": "LAGUNES",
        "ADM0_PCODE": "CI08",
        "ADM1_FR": "GRANDS-PONTS",
        "ADM1_PCODE": "CI115",
        "ADM2_FR": "DABOU",
        "ADM2_PCODE": "CI1501",
        "ADM3_FR": "DABOU",
        "ADM3_PCODE": "CI150101",
        "ADM4_FR": "DABOU",
        "ADM4_PCODE": "C1708",
        "centerLat": 5.32271,
        "centerLng": -4.38208,
        "pop": 61942,
        "TeS_MOOV": 0.0,
        "TedS_MOOV": 86.09,
        "TR3_MOOV": 0.0,
        "TeRd_MOOV": 76.52,
        "TS_MOOV": 100.0,
        "TeS_MTN": 0.0,
        "TedS_MTN": 99.15,
        "TR3_MTN": 0.0,
        "TeRd_MTN": 99.15,
        "TS_MTN": 100.0,
        "TeS_ORANGE": 0.0,
        "TedS_ORANGE": 98.26,
        "TR3_ORANGE": 3.4799999999999995,
        "TeRd_ORANGE": 78.25999999999999,
        "TS_ORANGE": 98.26,
        "rang_TeS_ORANGE": 1,
        "rang_TeS_MTN": 1,
        "rang_TeS_MOOV": 1,
        "rang_TedS_ORANGE": 2,
        "rang_TedS_MTN": 1,
        "rang_TedS_MOOV": 3,
        "rang_TR3_ORANGE": 3,
        "rang_TR3_MTN": 1,
        "rang_TR3_MOOV": 1,
        "rang_TS_ORANGE": 3,
        "rang_TS_MTN": 1,
        "rang_TS_MOOV": 1,
        "rang_TeRd_ORANGE": 2,
        "rang_TeRd_MTN": 1,
        "rang_TeRd_MOOV": 3
      },
      "id": 32
    },
    {
      "type": "Feature",
      "geometry": {
        "coordinates": [
          -6.4586,
          6.878150000000001
        ],
        "type": "Point"
      },
      "properties": {
        "ADM0_FR": "SASSANDRA-MARAHOUE",
        "ADM0_PCODE": "CI10",
        "ADM1_FR": "HAUT-SASSANDRA",
        "ADM1_PCODE": "CI118",
        "ADM2_FR": "DALOA",
        "ADM2_PCODE": "CI1801",
        "ADM3_FR": "DALOA",
        "ADM3_PCODE": "CI180102",
        "ADM4_FR": "DALOA",
        "ADM4_PCODE": "C1779",
        "centerLat": 6.88815,
        "centerLng": -6.4486,
        "pop": 245360,
        "TeS_MOOV": 0.8,
        "TedS_MOOV": 23.39,
        "TR3_MOOV": 0.0,
        "TeRd_MOOV": 62.1,
        "TS_MOOV": 100.0,
        "TeS_MTN": 0.79,
        "TedS_MTN": 90.48,
        "TR3_MTN": 0.0,
        "TeRd_MTN": 99.21,
        "TS_MTN": 99.21,
        "TeS_ORANGE": 0.76,
        "TedS_ORANGE": 92.36999999999999,
        "TR3_ORANGE": 3.05,
        "TeRd_ORANGE": 74.81,
        "TS_ORANGE": 99.24,
        "rang_TeS_ORANGE": 1,
        "rang_TeS_MTN": 2,
        "rang_TeS_MOOV": 3,
        "rang_TedS_ORANGE": 1,
        "rang_TedS_MTN": 2,
        "rang_TedS_MOOV": 3,
        "rang_TR3_ORANGE": 3,
        "rang_TR3_MTN": 1,
        "rang_TR3_MOOV": 1,
        "rang_TS_ORANGE": 2,
        "rang_TS_MTN": 3,
        "rang_TS_MOOV": 1,
        "rang_TeRd_ORANGE": 2,
        "rang_TeRd_MTN": 1,
        "rang_TeRd_MOOV": 3
      },
      "id": 33
    },
    {
      "type": "Feature",
      "geometry": {
        "coordinates": [
          -3.97247,
          7.04411
        ],
        "type": "Point"
      },
      "properties": {
        "ADM0_FR": "LACS",
        "ADM0_PCODE": "CI07",
        "ADM1_FR": "IFFOU",
        "ADM1_PCODE": "CI119",
        "ADM2_FR": "DAOUKRO",
        "ADM2_PCODE": "CI1901",
        "ADM3_FR": "DAOUKRO",
        "ADM3_PCODE": "CI190103",
        "ADM4_FR": "DAOUKRO",
        "ADM4_PCODE": "C1821",
        "centerLat": 7.05411,
        "centerLng": -3.96247,
        "pop": 44342,
        "TeS_MOOV": 1.21,
        "TedS_MOOV": 3.6799999999999997,
        "TR3_MOOV": 0.0,
        "TeRd_MOOV": 47.24,
        "TS_MOOV": 98.79,
        "TeS_MTN": 2.44,
        "TedS_MTN": 16.88,
        "TR3_MTN": 0.0,
        "TeRd_MTN": 100.0,
        "TS_MTN": 100.0,
        "TeS_ORANGE": 0.0,
        "TedS_ORANGE": 97.71,
        "TR3_ORANGE": 12.57,
        "TeRd_ORANGE": 25.14,
        "TS_ORANGE": 98.86,
        "rang_TeS_ORANGE": 1,
        "rang_TeS_MTN": 3,
        "rang_TeS_MOOV": 2,
        "rang_TedS_ORANGE": 1,
        "rang_TedS_MTN": 2,
        "rang_TedS_MOOV": 3,
        "rang_TR3_ORANGE": 3,
        "rang_TR3_MTN": 1,
        "rang_TR3_MOOV": 1,
        "rang_TS_ORANGE": 2,
        "rang_TS_MTN": 1,
        "rang_TS_MOOV": 3,
        "rang_TeRd_ORANGE": 3,
        "rang_TeRd_MTN": 1,
        "rang_TeRd_MOOV": 2
      },
      "id": 34
    },
    {
      "type": "Feature",
      "geometry": {
        "coordinates": [
          -4.7146099999999995,
          6.635400000000001
        ],
        "type": "Point"
      },
      "properties": {
        "ADM0_FR": "LACS",
        "ADM0_PCODE": "CI07",
        "ADM1_FR": "N'ZI",
        "ADM1_PCODE": "CI127",
        "ADM2_FR": "DIMBOKRO",
        "ADM2_PCODE": "CI2702",
        "ADM3_FR": "DIMBOKRO",
        "ADM3_PCODE": "CI270203",
        "ADM4_FR": "DIMBOKRO",
        "ADM4_PCODE": "C2073",
        "centerLat": 6.6454,
        "centerLng": -4.70461,
        "pop": 48860,
        "TeS_MOOV": 0.84,
        "TedS_MOOV": 10.17,
        "TR3_MOOV": 1.69,
        "TeRd_MOOV": 55.93,
        "TS_MOOV": 98.32,
        "TeS_MTN": 0.0,
        "TedS_MTN": 3.2300000000000004,
        "TR3_MTN": 0.0,
        "TeRd_MTN": 100.0,
        "TS_MTN": 100.0,
        "TeS_ORANGE": 0.0,
        "TedS_ORANGE": 99.24,
        "TR3_ORANGE": 0.0,
        "TeRd_ORANGE": 58.02,
        "TS_ORANGE": 100.0,
        "rang_TeS_ORANGE": 1,
        "rang_TeS_MTN": 1,
        "rang_TeS_MOOV": 3,
        "rang_TedS_ORANGE": 1,
        "rang_TedS_MTN": 3,
        "rang_TedS_MOOV": 2,
        "rang_TR3_ORANGE": 1,
        "rang_TR3_MTN": 1,
        "rang_TR3_MOOV": 3,
        "rang_TS_ORANGE": 1,
        "rang_TS_MTN": 1,
        "rang_TS_MOOV": 3,
        "rang_TeRd_ORANGE": 2,
        "rang_TeRd_MTN": 1,
        "rang_TeRd_MOOV": 3
      },
      "id": 35
    },
    {
      "type": "Feature",
      "geometry": {
        "coordinates": [
          -5.36702,
          5.82833
        ],
        "type": "Point"
      },
      "properties": {
        "ADM0_FR": "GOH-DJIBOUA",
        "ADM0_PCODE": "CI06",
        "ADM1_FR": "LOH-DJIBOUA",
        "ADM1_PCODE": "CI122",
        "ADM2_FR": "DIVO",
        "ADM2_PCODE": "CI2201",
        "ADM3_FR": "DIVO",
        "ADM3_PCODE": "CI220103",
        "ADM4_FR": "DIVO",
        "ADM4_PCODE": "C2117",
        "centerLat": 5.83833,
        "centerLng": -5.35702,
        "pop": 105397,
        "TeS_MOOV": 0.0,
        "TedS_MOOV": 91.59,
        "TR3_MOOV": 0.0,
        "TeRd_MOOV": 82.24000000000001,
        "TS_MOOV": 100.0,
        "TeS_MTN": 0.9299999999999999,
        "TedS_MTN": 98.13,
        "TR3_MTN": 0.9299999999999999,
        "TeRd_MTN": 99.07000000000001,
        "TS_MTN": 99.07000000000001,
        "TeS_ORANGE": 1.87,
        "TedS_ORANGE": 95.24000000000001,
        "TR3_ORANGE": 2.86,
        "TeRd_ORANGE": 80.0,
        "TS_ORANGE": 100.0,
        "rang_TeS_ORANGE": 3,
        "rang_TeS_MTN": 2,
        "rang_TeS_MOOV": 1,
        "rang_TedS_ORANGE": 2,
        "rang_TedS_MTN": 1,
        "rang_TedS_MOOV": 3,
        "rang_TR3_ORANGE": 3,
        "rang_TR3_MTN": 2,
        "rang_TR3_MOOV": 1,
        "rang_TS_ORANGE": 1,
        "rang_TS_MTN": 3,
        "rang_TS_MOOV": 1,
        "rang_TeRd_ORANGE": 3,
        "rang_TeRd_MTN": 1,
        "rang_TeRd_MOOV": 2
      },
      "id": 36
    },
    {
      "type": "Feature",
      "geometry": {
        "coordinates": [
          -3.3573899999999997,
          6.36817
        ],
        "type": "Point"
      },
      "properties": {
        "ADM0_FR": "COMOE",
        "ADM0_PCODE": "CI02",
        "ADM1_FR": "INDENIE-DJUABLIN",
        "ADM1_PCODE": "CI120",
        "ADM2_FR": "ABENGOUROU",
        "ADM2_PCODE": "CI2001",
        "ADM3_FR": "EBILASSOKRO",
        "ADM3_PCODE": "CI200104",
        "ADM4_FR": "EBILASSOKRO",
        "ADM4_PCODE": "C2440",
        "centerLat": 6.37817,
        "centerLng": -3.34739,
        "pop": 14295,
        "TeS_MOOV": 0.0,
        "TedS_MOOV": 82.28,
        "TR3_MOOV": 0.0,
        "TeRd_MOOV": 62.99,
        "TS_MOOV": 100.0,
        "TeS_MTN": 0.43,
        "TedS_MTN": 0.0,
        "TR3_MTN": 0.0,
        "TeRd_MTN": 98.69,
        "TS_MTN": 99.56,
        "TeS_ORANGE": 0.0,
        "TedS_ORANGE": 96.84,
        "TR3_ORANGE": 6.32,
        "TeRd_ORANGE": 56.13,
        "TS_ORANGE": 98.02,
        "rang_TeS_ORANGE": 1,
        "rang_TeS_MTN": 3,
        "rang_TeS_MOOV": 1,
        "rang_TedS_ORANGE": 1,
        "rang_TedS_MTN": 3,
        "rang_TedS_MOOV": 2,
        "rang_TR3_ORANGE": 3,
        "rang_TR3_MTN": 1,
        "rang_TR3_MOOV": 1,
        "rang_TS_ORANGE": 3,
        "rang_TS_MTN": 2,
        "rang_TS_MOOV": 1,
        "rang_TeRd_ORANGE": 3,
        "rang_TeRd_MTN": 1,
        "rang_TeRd_MOOV": 2
      },
      "id": 37
    },
    {
      "type": "Feature",
      "geometry": {
        "coordinates": [
          -7.38694,
          7.37819
        ],
        "type": "Point"
      },
      "properties": {
        "ADM0_FR": "MONTAGNES",
        "ADM0_PCODE": "CI09",
        "ADM1_FR": "GUEMON",
        "ADM1_PCODE": "CI116",
        "ADM2_FR": "FACOBLY",
        "ADM2_PCODE": "CI1603",
        "ADM3_FR": "FACOBLY",
        "ADM3_PCODE": "CI160301",
        "ADM4_FR": "FACOBLY",
        "ADM4_PCODE": "C2527",
        "centerLat": 7.38819,
        "centerLng": -7.37694,
        "pop": 4536,
        "TeS_MOOV": 0.0,
        "TedS_MOOV": 100.0,
        "TR3_MOOV": 0.0,
        "TeRd_MOOV": 65.85,
        "TS_MOOV": 100.0,
        "TeS_MTN": 3.1300000000000003,
        "TedS_MTN": 96.77,
        "TR3_MTN": 0.0,
        "TeRd_MTN": 100.0,
        "TS_MTN": 100.0,
        "TeS_ORANGE": 0.0,
        "TedS_ORANGE": 99.00999999999999,
        "TR3_ORANGE": 28.71,
        "TeRd_ORANGE": 33.660000000000004,
        "TS_ORANGE": 71.28999999999999,
        "rang_TeS_ORANGE": 1,
        "rang_TeS_MTN": 3,
        "rang_TeS_MOOV": 1,
        "rang_TedS_ORANGE": 2,
        "rang_TedS_MTN": 3,
        "rang_TedS_MOOV": 1,
        "rang_TR3_ORANGE": 3,
        "rang_TR3_MTN": 1,
        "rang_TR3_MOOV": 1,
        "rang_TS_ORANGE": 3,
        "rang_TS_MTN": 1,
        "rang_TS_MOOV": 1,
        "rang_TeRd_ORANGE": 3,
        "rang_TeRd_MTN": 1,
        "rang_TeRd_MOOV": 2
      },
      "id": 38
    },
    {
      "type": "Feature",
      "geometry": {
        "coordinates": [
          -5.2076199999999995,
          9.58226
        ],
        "type": "Point"
      },
      "properties": {
        "ADM0_FR": "SAVANES",
        "ADM0_PCODE": "CI11",
        "ADM1_FR": "TCHOLOGO",
        "ADM1_PCODE": "CI131",
        "ADM2_FR": "FERKESSEDOUGOU",
        "ADM2_PCODE": "CI3101",
        "ADM3_FR": "FERKESSEDOUGOU",
        "ADM3_PCODE": "CI310101",
        "ADM4_FR": "FERKESSÉDOUGOU",
        "ADM4_PCODE": "C2603",
        "centerLat": 9.59226,
        "centerLng": -5.19762,
        "pop": 55910,
        "TeS_MOOV": 0.0,
        "TedS_MOOV": 94.53,
        "TR3_MOOV": 3.91,
        "TeRd_MOOV": 71.09,
        "TS_MOOV": 96.09,
        "TeS_MTN": 0.0,
        "TedS_MTN": 99.19,
        "TR3_MTN": 0.0,
        "TeRd_MTN": 100.0,
        "TS_MTN": 100.0,
        "TeS_ORANGE": 0.0,
        "TedS_ORANGE": 97.54,
        "TR3_ORANGE": 29.509999999999998,
        "TeRd_ORANGE": 63.93,
        "TS_ORANGE": 97.54,
        "rang_TeS_ORANGE": 1,
        "rang_TeS_MTN": 1,
        "rang_TeS_MOOV": 1,
        "rang_TedS_ORANGE": 2,
        "rang_TedS_MTN": 1,
        "rang_TedS_MOOV": 3,
        "rang_TR3_ORANGE": 3,
        "rang_TR3_MTN": 1,
        "rang_TR3_MOOV": 2,
        "rang_TS_ORANGE": 2,
        "rang_TS_MTN": 1,
        "rang_TS_MOOV": 3,
        "rang_TeRd_ORANGE": 3,
        "rang_TeRd_MTN": 1,
        "rang_TeRd_MOOV": 2
      },
      "id": 39
    },
    {
      "type": "Feature",
      "geometry": {
        "coordinates": [
          -5.596509999999999,
          5.0955900000000005
        ],
        "type": "Point"
      },
      "properties": {
        "ADM0_FR": "BAS-SASSANDRA",
        "ADM0_PCODE": "CI01",
        "ADM1_FR": "GBOKLE",
        "ADM1_PCODE": "CI112",
        "ADM2_FR": "FRESCO",
        "ADM2_PCODE": "CI1201",
        "ADM3_FR": "FRESCO",
        "ADM3_PCODE": "CI120102",
        "ADM4_FR": "FRESCO",
        "ADM4_PCODE": "C2691",
        "centerLat": 5.10559,
        "centerLng": -5.58651,
        "pop": 8533,
        "TeS_MOOV": 0.0,
        "TedS_MOOV": 84.76,
        "TR3_MOOV": 0.0,
        "TeRd_MOOV": 71.43,
        "TS_MOOV": 100.0,
        "TeS_MTN": 0.0,
        "TedS_MTN": 84.76,
        "TR3_MTN": 0.0,
        "TeRd_MTN": 100.0,
        "TS_MTN": 100.0,
        "TeS_ORANGE": 0.96,
        "TedS_ORANGE": 98.06,
        "TR3_ORANGE": 0.0,
        "TeRd_ORANGE": 81.55,
        "TS_ORANGE": 99.03,
        "rang_TeS_ORANGE": 3,
        "rang_TeS_MTN": 1,
        "rang_TeS_MOOV": 1,
        "rang_TedS_ORANGE": 1,
        "rang_TedS_MTN": 2,
        "rang_TedS_MOOV": 2,
        "rang_TR3_ORANGE": 1,
        "rang_TR3_MTN": 1,
        "rang_TR3_MOOV": 1,
        "rang_TS_ORANGE": 3,
        "rang_TS_MTN": 1,
        "rang_TS_MOOV": 1,
        "rang_TeRd_ORANGE": 2,
        "rang_TeRd_MTN": 1,
        "rang_TeRd_MOOV": 3
      },
      "id": 40
    },
    {
      "type": "Feature",
      "geometry": {
        "coordinates": [
          -6.569249999999999,
          5.01035
        ],
        "type": "Point"
      },
      "properties": {
        "ADM0_FR": "BAS-SASSANDRA",
        "ADM0_PCODE": "CI01",
        "ADM1_FR": "SAN-PEDRO",
        "ADM1_PCODE": "CI129",
        "ADM2_FR": "SAN-PEDRO",
        "ADM2_PCODE": "CI2901",
        "ADM3_FR": "GABIADJI",
        "ADM3_PCODE": "CI290104",
        "ADM4_FR": "GABIADJI",
        "ADM4_PCODE": "C2701",
        "centerLat": 5.02035,
        "centerLng": -6.55925,
        "pop": 17449,
        "TeS_MOOV": 0.0,
        "TedS_MOOV": 8.33,
        "TR3_MOOV": 0.0,
        "TeRd_MOOV": 29.17,
        "TS_MOOV": 100.0,
        "TeS_MTN": 0.0,
        "TedS_MTN": 95.92,
        "TR3_MTN": 0.0,
        "TeRd_MTN": 100.0,
        "TS_MTN": 100.0,
        "TeS_ORANGE": 0.0,
        "TedS_ORANGE": 100.0,
        "TR3_ORANGE": 7.84,
        "TeRd_ORANGE": 68.63,
        "TS_ORANGE": 96.08,
        "rang_TeS_ORANGE": 1,
        "rang_TeS_MTN": 1,
        "rang_TeS_MOOV": 1,
        "rang_TedS_ORANGE": 1,
        "rang_TedS_MTN": 2,
        "rang_TedS_MOOV": 3,
        "rang_TR3_ORANGE": 3,
        "rang_TR3_MTN": 1,
        "rang_TR3_MOOV": 1,
        "rang_TS_ORANGE": 3,
        "rang_TS_MTN": 1,
        "rang_TS_MOOV": 1,
        "rang_TeRd_ORANGE": 2,
        "rang_TeRd_MTN": 1,
        "rang_TeRd_MOOV": 3
      },
      "id": 41
    },
    {
      "type": "Feature",
      "geometry": {
        "coordinates": [
          -5.954359999999999,
          6.11836
        ],
        "type": "Point"
      },
      "properties": {
        "ADM0_FR": "GOH-DJIBOUA",
        "ADM0_PCODE": "CI06",
        "ADM1_FR": "GOH",
        "ADM1_PCODE": "CI113",
        "ADM2_FR": "GAGNOA",
        "ADM2_PCODE": "CI1301",
        "ADM3_FR": "GAGNOA",
        "ADM3_PCODE": "CI130106",
        "ADM4_FR": "GAGNOA",
        "ADM4_PCODE": "C2707",
        "centerLat": 6.12836,
        "centerLng": -5.94436,
        "pop": 160465,
        "TeS_MOOV": 0.0,
        "TedS_MOOV": 97.78,
        "TR3_MOOV": 0.0,
        "TeRd_MOOV": 94.44,
        "TS_MOOV": 100.0,
        "TeS_MTN": 0.0,
        "TedS_MTN": 98.89,
        "TR3_MTN": 0.0,
        "TeRd_MTN": 97.78,
        "TS_MTN": 100.0,
        "TeS_ORANGE": 1.1199999999999999,
        "TedS_ORANGE": 95.45,
        "TR3_ORANGE": 1.1400000000000001,
        "TeRd_ORANGE": 78.41,
        "TS_ORANGE": 100.0,
        "rang_TeS_ORANGE": 3,
        "rang_TeS_MTN": 1,
        "rang_TeS_MOOV": 1,
        "rang_TedS_ORANGE": 3,
        "rang_TedS_MTN": 1,
        "rang_TedS_MOOV": 2,
        "rang_TR3_ORANGE": 3,
        "rang_TR3_MTN": 1,
        "rang_TR3_MOOV": 1,
        "rang_TS_ORANGE": 1,
        "rang_TS_MTN": 1,
        "rang_TS_MOOV": 1,
        "rang_TeRd_ORANGE": 3,
        "rang_TeRd_MTN": 1,
        "rang_TeRd_MOOV": 2
      },
      "id": 42
    },
    {
      "type": "Feature",
      "geometry": {
        "coordinates": [
          -5.01208,
          5.23919
        ],
        "type": "Point"
      },
      "properties": {
        "ADM0_FR": "LAGUNES",
        "ADM0_PCODE": "CI08",
        "ADM1_FR": "GRANDS-PONTS",
        "ADM1_PCODE": "CI115",
        "ADM2_FR": "GRAND-LAHOU",
        "ADM2_PCODE": "CI1502",
        "ADM3_FR": "GRAND-LAHOU",
        "ADM3_PCODE": "CI150204",
        "ADM4_FR": "GRAND-LAHOU",
        "ADM4_PCODE": "C3376",
        "centerLat": 5.24919,
        "centerLng": -5.00208,
        "pop": 28470,
        "TeS_MOOV": 0.0,
        "TedS_MOOV": 77.32,
        "TR3_MOOV": 0.0,
        "TeRd_MOOV": 64.95,
        "TS_MOOV": 100.0,
        "TeS_MTN": 0.0,
        "TedS_MTN": 40.21,
        "TR3_MTN": 0.0,
        "TeRd_MTN": 95.88,
        "TS_MTN": 100.0,
        "TeS_ORANGE": 0.0,
        "TedS_ORANGE": 93.58999999999999,
        "TR3_ORANGE": 3.85,
        "TeRd_ORANGE": 66.67,
        "TS_ORANGE": 96.15,
        "rang_TeS_ORANGE": 1,
        "rang_TeS_MTN": 1,
        "rang_TeS_MOOV": 1,
        "rang_TedS_ORANGE": 1,
        "rang_TedS_MTN": 3,
        "rang_TedS_MOOV": 2,
        "rang_TR3_ORANGE": 3,
        "rang_TR3_MTN": 1,
        "rang_TR3_MOOV": 1,
        "rang_TS_ORANGE": 3,
        "rang_TS_MTN": 1,
        "rang_TS_MOOV": 1,
        "rang_TeRd_ORANGE": 2,
        "rang_TeRd_MTN": 1,
        "rang_TeRd_MOOV": 3
      },
      "id": 43
    },
    {
      "type": "Feature",
      "geometry": {
        "coordinates": [
          -6.54831,
          6.107810000000001
        ],
        "type": "Point"
      },
      "properties": {
        "ADM0_FR": "BAS-SASSANDRA",
        "ADM0_PCODE": "CI01",
        "ADM1_FR": "NAWA",
        "ADM1_PCODE": "CI126",
        "ADM2_FR": "SOUBRE",
        "ADM2_PCODE": "CI2604",
        "ADM3_FR": "GRAND-ZATTRY",
        "ADM3_PCODE": "CI260403",
        "ADM4_FR": "GRAND-ZATTRY",
        "ADM4_PCODE": "C3380",
        "centerLat": 6.11781,
        "centerLng": -6.53831,
        "pop": 24166,
        "TeS_MOOV": 0.0,
        "TedS_MOOV": 11.82,
        "TR3_MOOV": 0.0,
        "TeRd_MOOV": 56.36,
        "TS_MOOV": 100.0,
        "TeS_MTN": 40.400000000000006,
        "TedS_MTN": 89.83,
        "TR3_MTN": 0.0,
        "TeRd_MTN": 93.22,
        "TS_MTN": 100.0,
        "TeS_ORANGE": 21.84,
        "TedS_ORANGE": 79.41,
        "TR3_ORANGE": 2.94,
        "TeRd_ORANGE": 64.71000000000001,
        "TS_ORANGE": 100.0,
        "rang_TeS_ORANGE": 2,
        "rang_TeS_MTN": 3,
        "rang_TeS_MOOV": 1,
        "rang_TedS_ORANGE": 2,
        "rang_TedS_MTN": 1,
        "rang_TedS_MOOV": 3,
        "rang_TR3_ORANGE": 3,
        "rang_TR3_MTN": 1,
        "rang_TR3_MOOV": 1,
        "rang_TS_ORANGE": 1,
        "rang_TS_MTN": 1,
        "rang_TS_MOOV": 1,
        "rang_TeRd_ORANGE": 2,
        "rang_TeRd_MTN": 1,
        "rang_TeRd_MOOV": 3
      },
      "id": 44
    },
    {
      "type": "Feature",
      "geometry": {
        "coordinates": [
          -6.64382,
          5.8057300000000005
        ],
        "type": "Point"
      },
      "properties": {
        "ADM0_FR": "BAS-SASSANDRA",
        "ADM0_PCODE": "CI01",
        "ADM1_FR": "NAWA",
        "ADM1_PCODE": "CI126",
        "ADM2_FR": "SOUBRE",
        "ADM2_PCODE": "CI2604",
        "ADM3_FR": "SOUBRE",
        "ADM3_PCODE": "CI260401",
        "ADM4_FR": "GUÉYO",
        "ADM4_PCODE": "C3469",
        "centerLat": 5.81573,
        "centerLng": -6.63382,
        "pop": 242,
        "TeS_MOOV": 0.0,
        "TedS_MOOV": 26.979999999999997,
        "TR3_MOOV": 11.110000000000001,
        "TeRd_MOOV": 42.86,
        "TS_MOOV": 88.89,
        "TeS_MTN": 0.0,
        "TedS_MTN": 98.48,
        "TR3_MTN": 0.0,
        "TeRd_MTN": 95.45,
        "TS_MTN": 100.0,
        "TeS_ORANGE": 0.0,
        "TedS_ORANGE": 100.0,
        "TR3_ORANGE": 10.45,
        "TeRd_ORANGE": 58.209999999999994,
        "TS_ORANGE": 91.03999999999999,
        "rang_TeS_ORANGE": 1,
        "rang_TeS_MTN": 1,
        "rang_TeS_MOOV": 1,
        "rang_TedS_ORANGE": 1,
        "rang_TedS_MTN": 2,
        "rang_TedS_MOOV": 3,
        "rang_TR3_ORANGE": 2,
        "rang_TR3_MTN": 1,
        "rang_TR3_MOOV": 3,
        "rang_TS_ORANGE": 2,
        "rang_TS_MTN": 1,
        "rang_TS_MOOV": 3,
        "rang_TeRd_ORANGE": 2,
        "rang_TeRd_MTN": 1,
        "rang_TeRd_MOOV": 3
      },
      "id": 45
    },
    {
      "type": "Feature",
      "geometry": {
        "coordinates": [
          -6.59904,
          6.47762
        ],
        "type": "Point"
      },
      "properties": {
        "ADM0_FR": "SASSANDRA-MARAHOUE",
        "ADM0_PCODE": "CI10",
        "ADM1_FR": "HAUT-SASSANDRA",
        "ADM1_PCODE": "CI118",
        "ADM2_FR": "ISSIA",
        "ADM2_PCODE": "CI1802",
        "ADM3_FR": "ISSIA",
        "ADM3_PCODE": "CI180201",
        "ADM4_FR": "ISSIA",
        "ADM4_PCODE": "C3598",
        "centerLat": 6.48762,
        "centerLng": -6.58904,
        "pop": 52660,
        "TeS_MOOV": 0.0,
        "TedS_MOOV": 44.0,
        "TR3_MOOV": 0.0,
        "TeRd_MOOV": 64.0,
        "TS_MOOV": 100.0,
        "TeS_MTN": 0.0,
        "TedS_MTN": 73.14,
        "TR3_MTN": 0.0,
        "TeRd_MTN": 99.42999999999999,
        "TS_MTN": 100.0,
        "TeS_ORANGE": 0.53,
        "TedS_ORANGE": 96.26,
        "TR3_ORANGE": 0.53,
        "TeRd_ORANGE": 75.4,
        "TS_ORANGE": 100.0,
        "rang_TeS_ORANGE": 3,
        "rang_TeS_MTN": 1,
        "rang_TeS_MOOV": 1,
        "rang_TedS_ORANGE": 1,
        "rang_TedS_MTN": 2,
        "rang_TedS_MOOV": 3,
        "rang_TR3_ORANGE": 3,
        "rang_TR3_MTN": 1,
        "rang_TR3_MOOV": 1,
        "rang_TS_ORANGE": 1,
        "rang_TS_MTN": 1,
        "rang_TS_MOOV": 1,
        "rang_TeRd_ORANGE": 2,
        "rang_TeRd_MTN": 1,
        "rang_TeRd_MOOV": 3
      },
      "id": 46
    },
    {
      "type": "Feature",
      "geometry": {
        "coordinates": [
          -4.42967,
          5.19547
        ],
        "type": "Point"
      },
      "properties": {
        "ADM0_FR": "LAGUNES",
        "ADM0_PCODE": "CI08",
        "ADM1_FR": "GRANDS-PONTS",
        "ADM1_PCODE": "CI115",
        "ADM2_FR": "JACQUEVILLE",
        "ADM2_PCODE": "CI1503",
        "ADM3_FR": "JACQUEVILLE",
        "ADM3_PCODE": "CI150301",
        "ADM4_FR": "JACQUEVILLE",
        "ADM4_PCODE": "C3604",
        "centerLat": 5.20547,
        "centerLng": -4.41967,
        "pop": 11096,
        "TeS_MOOV": 1.68,
        "TedS_MOOV": 40.17,
        "TR3_MOOV": 0.0,
        "TeRd_MOOV": 63.24999999999999,
        "TS_MOOV": 100.0,
        "TeS_MTN": 0.0,
        "TedS_MTN": 90.77,
        "TR3_MTN": 0.0,
        "TeRd_MTN": 97.69,
        "TS_MTN": 100.0,
        "TeS_ORANGE": 1.49,
        "TedS_ORANGE": 96.21,
        "TR3_ORANGE": 5.3,
        "TeRd_ORANGE": 72.72999999999999,
        "TS_ORANGE": 96.97,
        "rang_TeS_ORANGE": 2,
        "rang_TeS_MTN": 1,
        "rang_TeS_MOOV": 3,
        "rang_TedS_ORANGE": 1,
        "rang_TedS_MTN": 2,
        "rang_TedS_MOOV": 3,
        "rang_TR3_ORANGE": 3,
        "rang_TR3_MTN": 1,
        "rang_TR3_MOOV": 1,
        "rang_TS_ORANGE": 3,
        "rang_TS_MTN": 1,
        "rang_TS_MOOV": 1,
        "rang_TeRd_ORANGE": 2,
        "rang_TeRd_MTN": 1,
        "rang_TeRd_MOOV": 3
      },
      "id": 47
    },
    {
      "type": "Feature",
      "geometry": {
        "coordinates": [
          -5.6475,
          9.44799
        ],
        "type": "Point"
      },
      "properties": {
        "ADM0_FR": "SAVANES",
        "ADM0_PCODE": "CI11",
        "ADM1_FR": "PORO",
        "ADM1_PCODE": "CI128",
        "ADM2_FR": "KORHOGO",
        "ADM2_PCODE": "CI2802",
        "ADM3_FR": "KORHOGO",
        "ADM3_PCODE": "CI280201",
        "ADM4_FR": "KORHOGO",
        "ADM4_PCODE": "C4410",
        "centerLat": 9.45799,
        "centerLng": -5.6375,
        "pop": 243048,
        "TeS_MOOV": 0.0,
        "TedS_MOOV": 94.48,
        "TR3_MOOV": 0.0,
        "TeRd_MOOV": 91.41,
        "TS_MOOV": 100.0,
        "TeS_MTN": 0.64,
        "TedS_MTN": 92.31,
        "TR3_MTN": 0.0,
        "TeRd_MTN": 97.44,
        "TS_MTN": 99.36,
        "TeS_ORANGE": 0.0,
        "TedS_ORANGE": 98.15,
        "TR3_ORANGE": 41.36,
        "TeRd_ORANGE": 41.36,
        "TS_ORANGE": 79.63,
        "rang_TeS_ORANGE": 1,
        "rang_TeS_MTN": 3,
        "rang_TeS_MOOV": 1,
        "rang_TedS_ORANGE": 1,
        "rang_TedS_MTN": 3,
        "rang_TedS_MOOV": 2,
        "rang_TR3_ORANGE": 3,
        "rang_TR3_MTN": 1,
        "rang_TR3_MOOV": 1,
        "rang_TS_ORANGE": 3,
        "rang_TS_MTN": 2,
        "rang_TS_MOOV": 1,
        "rang_TeRd_ORANGE": 3,
        "rang_TeRd_MTN": 1,
        "rang_TeRd_MOOV": 2
      },
      "id": 48
    },
    {
      "type": "Feature",
      "geometry": {
        "coordinates": [
          -5.8462,
          7.78041
        ],
        "type": "Point"
      },
      "properties": {
        "ADM0_FR": "WOROBA",
        "ADM0_PCODE": "CI13",
        "ADM1_FR": "BERE",
        "ADM1_PCODE": "CI107",
        "ADM2_FR": "KOUNAHIRI",
        "ADM2_PCODE": "CI0702",
        "ADM3_FR": "KOUNAHIRI",
        "ADM3_PCODE": "CI070201",
        "ADM4_FR": "KOUNAHIRI",
        "ADM4_PCODE": "C4707",
        "centerLat": 7.79041,
        "centerLng": -5.8362,
        "pop": 5483,
        "TeS_MOOV": 1.05,
        "TedS_MOOV": 42.55,
        "TR3_MOOV": 0.0,
        "TeRd_MOOV": 35.11,
        "TS_MOOV": 100.0,
        "TeS_MTN": 0.0,
        "TedS_MTN": 74.74,
        "TR3_MTN": 1.05,
        "TeRd_MTN": 98.95,
        "TS_MTN": 98.95,
        "TeS_ORANGE": 0.0,
        "TedS_ORANGE": 99.02,
        "TR3_ORANGE": 58.81999999999999,
        "TeRd_ORANGE": 41.18,
        "TS_ORANGE": 41.18,
        "rang_TeS_ORANGE": 1,
        "rang_TeS_MTN": 1,
        "rang_TeS_MOOV": 3,
        "rang_TedS_ORANGE": 1,
        "rang_TedS_MTN": 2,
        "rang_TedS_MOOV": 3,
        "rang_TR3_ORANGE": 3,
        "rang_TR3_MTN": 2,
        "rang_TR3_MOOV": 1,
        "rang_TS_ORANGE": 3,
        "rang_TS_MTN": 2,
        "rang_TS_MOOV": 1,
        "rang_TeRd_ORANGE": 2,
        "rang_TeRd_MTN": 1,
        "rang_TeRd_MOOV": 3
      },
      "id": 49
    },
    {
      "type": "Feature",
      "geometry": {
        "coordinates": [
          -7.56442,
          7.39545
        ],
        "type": "Point"
      },
      "properties": {
        "ADM0_FR": "MONTAGNES",
        "ADM0_PCODE": "CI09",
        "ADM1_FR": "TONKPI",
        "ADM1_PCODE": "CI132",
        "ADM2_FR": "MAN",
        "ADM2_PCODE": "CI3203",
        "ADM3_FR": "MAN",
        "ADM3_PCODE": "CI320301",
        "ADM4_FR": "MAN",
        "ADM4_PCODE": "C5323",
        "centerLat": 7.40545,
        "centerLng": -7.55442,
        "pop": 149041,
        "TeS_MOOV": 0.0,
        "TedS_MOOV": 93.60000000000001,
        "TR3_MOOV": 0.58,
        "TeRd_MOOV": 76.16000000000001,
        "TS_MOOV": 99.42,
        "TeS_MTN": 0.58,
        "TedS_MTN": 97.09,
        "TR3_MTN": 0.0,
        "TeRd_MTN": 99.42,
        "TS_MTN": 99.42,
        "TeS_ORANGE": 0.0,
        "TedS_ORANGE": 98.3,
        "TR3_ORANGE": 25.569999999999997,
        "TeRd_ORANGE": 69.89,
        "TS_ORANGE": 96.02000000000001,
        "rang_TeS_ORANGE": 1,
        "rang_TeS_MTN": 3,
        "rang_TeS_MOOV": 1,
        "rang_TedS_ORANGE": 1,
        "rang_TedS_MTN": 2,
        "rang_TedS_MOOV": 3,
        "rang_TR3_ORANGE": 3,
        "rang_TR3_MTN": 1,
        "rang_TR3_MOOV": 2,
        "rang_TS_ORANGE": 3,
        "rang_TS_MTN": 1,
        "rang_TS_MOOV": 1,
        "rang_TeRd_ORANGE": 3,
        "rang_TeRd_MTN": 1,
        "rang_TeRd_MOOV": 2
      },
      "id": 50
    },
    {
      "type": "Feature",
      "geometry": {
        "coordinates": [
          -6.65906,
          6.92244
        ],
        "type": "Point"
      },
      "properties": {
        "ADM0_FR": "WOROBA",
        "ADM0_PCODE": "CI13",
        "ADM1_FR": "WORODOUGOU",
        "ADM1_PCODE": "CI133",
        "ADM2_FR": "SEGUELA",
        "ADM2_PCODE": "CI3302",
        "ADM3_FR": "WOROFLA",
        "ADM3_PCODE": "CI330207",
        "ADM4_FR": "MANKONO",
        "ADM4_PCODE": "C5355",
        "centerLat": 6.93244,
        "centerLng": -6.64906,
        "pop": 1576,
        "TeS_MOOV": 0.0,
        "TedS_MOOV": 98.32,
        "TR3_MOOV": 0.0,
        "TeRd_MOOV": 70.59,
        "TS_MOOV": 100.0,
        "TeS_MTN": 0.88,
        "TedS_MTN": 53.1,
        "TR3_MTN": 0.0,
        "TeRd_MTN": 98.22999999999999,
        "TS_MTN": 99.11999999999999,
        "TeS_ORANGE": 0.0,
        "TedS_ORANGE": 98.37,
        "TR3_ORANGE": 34.150000000000006,
        "TeRd_ORANGE": 62.6,
        "TS_ORANGE": 65.85,
        "rang_TeS_ORANGE": 1,
        "rang_TeS_MTN": 3,
        "rang_TeS_MOOV": 1,
        "rang_TedS_ORANGE": 1,
        "rang_TedS_MTN": 3,
        "rang_TedS_MOOV": 2,
        "rang_TR3_ORANGE": 3,
        "rang_TR3_MTN": 1,
        "rang_TR3_MOOV": 1,
        "rang_TS_ORANGE": 3,
        "rang_TS_MTN": 2,
        "rang_TS_MOOV": 1,
        "rang_TeRd_ORANGE": 3,
        "rang_TeRd_MTN": 1,
        "rang_TeRd_MOOV": 2
      },
      "id": 51
    },
    {
      "type": "Feature",
      "geometry": {
        "coordinates": [
          -4.37,
          6.46
        ],
        "type": "Point"
      },
      "properties": {
        "ADM0_FR": "LACS",
        "ADM0_PCODE": "CI07",
        "ADM1_FR": "MORONOU",
        "ADM1_PCODE": "CI125",
        "ADM2_FR": "M'BATTO",
        "ADM2_PCODE": "CI2503",
        "ADM3_FR": "M'BATTO",
        "ADM3_PCODE": "CI250301",
        "ADM4_FR": "M'BATTO",
        "ADM4_PCODE": "C5421",
        "centerLat": 6.47,
        "centerLng": -4.36,
        "pop": 18300,
        "TeS_MOOV": 0.0,
        "TedS_MOOV": 16.900000000000002,
        "TR3_MOOV": 0.0,
        "TeRd_MOOV": 64.79,
        "TS_MOOV": 100.0,
        "TeS_MTN": 1.41,
        "TedS_MTN": 10.0,
        "TR3_MTN": 0.0,
        "TeRd_MTN": 97.14,
        "TS_MTN": 98.57000000000001,
        "TeS_ORANGE": 0.0,
        "TedS_ORANGE": 100.0,
        "TR3_ORANGE": 7.79,
        "TeRd_ORANGE": 37.66,
        "TS_ORANGE": 97.39999999999999,
        "rang_TeS_ORANGE": 1,
        "rang_TeS_MTN": 3,
        "rang_TeS_MOOV": 1,
        "rang_TedS_ORANGE": 1,
        "rang_TedS_MTN": 3,
        "rang_TedS_MOOV": 2,
        "rang_TR3_ORANGE": 3,
        "rang_TR3_MTN": 1,
        "rang_TR3_MOOV": 1,
        "rang_TS_ORANGE": 3,
        "rang_TS_MTN": 2,
        "rang_TS_MOOV": 1,
        "rang_TeRd_ORANGE": 3,
        "rang_TeRd_MTN": 1,
        "rang_TeRd_MOOV": 2
      },
      "id": 52
    },
    {
      "type": "Feature",
      "geometry": {
        "coordinates": [
          -6.566339999999999,
          5.39618
        ],
        "type": "Point"
      },
      "properties": {
        "ADM0_FR": "BAS-SASSANDRA",
        "ADM0_PCODE": "CI01",
        "ADM1_FR": "NAWA",
        "ADM1_PCODE": "CI126",
        "ADM2_FR": "MEAGUI",
        "ADM2_PCODE": "CI2603",
        "ADM3_FR": "MEAGUI",
        "ADM3_PCODE": "CI260301",
        "ADM4_FR": "MÉAGUI",
        "ADM4_PCODE": "C5452",
        "centerLat": 5.40618,
        "centerLng": -6.55634,
        "pop": 57367,
        "TeS_MOOV": 0.0,
        "TedS_MOOV": 8.33,
        "TR3_MOOV": 0.0,
        "TeRd_MOOV": 53.13,
        "TS_MOOV": 100.0,
        "TeS_MTN": 1.06,
        "TedS_MTN": 96.77,
        "TR3_MTN": 0.0,
        "TeRd_MTN": 96.77,
        "TS_MTN": 98.92,
        "TeS_ORANGE": 1.04,
        "TedS_ORANGE": 97.89,
        "TR3_ORANGE": 2.11,
        "TeRd_ORANGE": 72.63,
        "TS_ORANGE": 100.0,
        "rang_TeS_ORANGE": 2,
        "rang_TeS_MTN": 3,
        "rang_TeS_MOOV": 1,
        "rang_TedS_ORANGE": 1,
        "rang_TedS_MTN": 2,
        "rang_TedS_MOOV": 3,
        "rang_TR3_ORANGE": 3,
        "rang_TR3_MTN": 1,
        "rang_TR3_MOOV": 1,
        "rang_TS_ORANGE": 1,
        "rang_TS_MTN": 3,
        "rang_TS_MOOV": 1,
        "rang_TeRd_ORANGE": 2,
        "rang_TeRd_MTN": 1,
        "rang_TeRd_MOOV": 3
      },
      "id": 53
    },
    {
      "type": "Feature",
      "geometry": {
        "coordinates": [
          -4.77,
          5.86
        ],
        "type": "Point"
      },
      "properties": {
        "ADM0_FR": "LAGUNES",
        "ADM0_PCODE": "CI08",
        "ADM1_FR": "AGNEBY-TIASSA",
        "ADM1_PCODE": "CI103",
        "ADM2_FR": "TIASSALE",
        "ADM2_PCODE": "CI0304",
        "ADM3_FR": "N'DOUCI",
        "ADM3_PCODE": "CI030404",
        "ADM4_FR": "N'DOUCI",
        "ADM4_PCODE": "C5846",
        "centerLat": 5.87,
        "centerLng": -4.76,
        "pop": 27112,
        "TeS_MOOV": 0.0,
        "TedS_MOOV": 25.0,
        "TR3_MOOV": 0.0,
        "TeRd_MOOV": 51.790000000000006,
        "TS_MOOV": 100.0,
        "TeS_MTN": 0.0,
        "TedS_MTN": 0.0,
        "TR3_MTN": 0.0,
        "TeRd_MTN": 83.93,
        "TS_MTN": 100.0,
        "TeS_ORANGE": 0.0,
        "TedS_ORANGE": 98.41,
        "TR3_ORANGE": 3.17,
        "TeRd_ORANGE": 68.25,
        "TS_ORANGE": 98.41,
        "rang_TeS_ORANGE": 1,
        "rang_TeS_MTN": 1,
        "rang_TeS_MOOV": 1,
        "rang_TedS_ORANGE": 1,
        "rang_TedS_MTN": 3,
        "rang_TedS_MOOV": 2,
        "rang_TR3_ORANGE": 3,
        "rang_TR3_MTN": 1,
        "rang_TR3_MOOV": 1,
        "rang_TS_ORANGE": 3,
        "rang_TS_MTN": 1,
        "rang_TS_MOOV": 1,
        "rang_TeRd_ORANGE": 2,
        "rang_TeRd_MTN": 1,
        "rang_TeRd_MOOV": 3
      },
      "id": 54
    },
    {
      "type": "Feature",
      "geometry": {
        "coordinates": [
          -5.3,
          8.65
        ],
        "type": "Point"
      },
      "properties": {
        "ADM0_FR": "VALLEE DU BANDAMA",
        "ADM0_PCODE": "CI12",
        "ADM1_FR": "HAMBOL",
        "ADM1_PCODE": "CI117",
        "ADM2_FR": "NIAKARAMADOUGOU",
        "ADM2_PCODE": "CI1703",
        "ADM3_FR": "NIAKARAMADOUGOU",
        "ADM3_PCODE": "CI170301",
        "ADM4_FR": "NIAKARAMADOUGOU",
        "ADM4_PCODE": "C5977",
        "centerLat": 8.66,
        "centerLng": -5.29,
        "pop": 16812,
        "TeS_MOOV": 0.0,
        "TedS_MOOV": 23.23,
        "TR3_MOOV": 0.0,
        "TeRd_MOOV": 31.31,
        "TS_MOOV": 100.0,
        "TeS_MTN": 1.0999999999999999,
        "TedS_MTN": 22.220000000000002,
        "TR3_MTN": 0.0,
        "TeRd_MTN": 77.78,
        "TS_MTN": 98.89,
        "TeS_ORANGE": 0.0,
        "TedS_ORANGE": 99.06,
        "TR3_ORANGE": 63.21,
        "TeRd_ORANGE": 36.79,
        "TS_ORANGE": 36.79,
        "rang_TeS_ORANGE": 1,
        "rang_TeS_MTN": 3,
        "rang_TeS_MOOV": 1,
        "rang_TedS_ORANGE": 1,
        "rang_TedS_MTN": 3,
        "rang_TedS_MOOV": 2,
        "rang_TR3_ORANGE": 3,
        "rang_TR3_MTN": 1,
        "rang_TR3_MOOV": 1,
        "rang_TS_ORANGE": 3,
        "rang_TS_MTN": 2,
        "rang_TS_MOOV": 1,
        "rang_TeRd_ORANGE": 2,
        "rang_TeRd_MTN": 1,
        "rang_TeRd_MOOV": 3
      },
      "id": 55
    },
    {
      "type": "Feature",
      "geometry": {
        "coordinates": [
          -7.57213,
          9.49687
        ],
        "type": "Point"
      },
      "properties": {
        "ADM0_FR": "DENGUELE",
        "ADM0_PCODE": "CI03",
        "ADM1_FR": "KABADOUGOU",
        "ADM1_PCODE": "CI121",
        "ADM2_FR": "ODIENNE",
        "ADM2_PCODE": "CI2103",
        "ADM3_FR": "ODIENNE",
        "ADM3_PCODE": "CI210301",
        "ADM4_FR": "ODIENNE",
        "ADM4_PCODE": "C6210",
        "centerLat": 9.50687,
        "centerLng": -7.56213,
        "pop": 42173,
        "TeS_MOOV": 0.0,
        "TedS_MOOV": 97.39,
        "TR3_MOOV": 0.0,
        "TeRd_MOOV": 62.61,
        "TS_MOOV": 100.0,
        "TeS_MTN": 2.63,
        "TedS_MTN": 98.2,
        "TR3_MTN": 0.0,
        "TeRd_MTN": 96.39999999999999,
        "TS_MTN": 97.3,
        "TeS_ORANGE": 0.0,
        "TedS_ORANGE": 97.35000000000001,
        "TR3_ORANGE": 41.589999999999996,
        "TeRd_ORANGE": 58.41,
        "TS_ORANGE": 58.41,
        "rang_TeS_ORANGE": 1,
        "rang_TeS_MTN": 3,
        "rang_TeS_MOOV": 1,
        "rang_TedS_ORANGE": 3,
        "rang_TedS_MTN": 1,
        "rang_TedS_MOOV": 2,
        "rang_TR3_ORANGE": 3,
        "rang_TR3_MTN": 1,
        "rang_TR3_MOOV": 1,
        "rang_TS_ORANGE": 3,
        "rang_TS_MTN": 2,
        "rang_TS_MOOV": 1,
        "rang_TeRd_ORANGE": 3,
        "rang_TeRd_MTN": 1,
        "rang_TeRd_MOOV": 2
      },
      "id": 56
    },
    {
      "type": "Feature",
      "geometry": {
        "coordinates": [
          -5.42528,
          6.3735
        ],
        "type": "Point"
      },
      "properties": {
        "ADM0_FR": "GOH-DJIBOUA",
        "ADM0_PCODE": "CI06",
        "ADM1_FR": "GOH",
        "ADM1_PCODE": "CI113",
        "ADM2_FR": "OUME",
        "ADM2_PCODE": "CI1302",
        "ADM3_FR": "OUME",
        "ADM3_PCODE": "CI130201",
        "ADM4_FR": "OUMÉ",
        "ADM4_PCODE": "C6363",
        "centerLat": 6.3835,
        "centerLng": -5.41528,
        "pop": 45210,
        "TeS_MOOV": 0.0,
        "TedS_MOOV": 18.18,
        "TR3_MOOV": 0.0,
        "TeRd_MOOV": 61.62,
        "TS_MOOV": 100.0,
        "TeS_MTN": 2.13,
        "TedS_MTN": 1.09,
        "TR3_MTN": 0.0,
        "TeRd_MTN": 97.83,
        "TS_MTN": 97.83,
        "TeS_ORANGE": 0.0,
        "TedS_ORANGE": 99.05000000000001,
        "TR3_ORANGE": 16.189999999999998,
        "TeRd_ORANGE": 31.430000000000003,
        "TS_ORANGE": 99.05000000000001,
        "rang_TeS_ORANGE": 1,
        "rang_TeS_MTN": 3,
        "rang_TeS_MOOV": 1,
        "rang_TedS_ORANGE": 1,
        "rang_TedS_MTN": 3,
        "rang_TedS_MOOV": 2,
        "rang_TR3_ORANGE": 3,
        "rang_TR3_MTN": 1,
        "rang_TR3_MOOV": 1,
        "rang_TS_ORANGE": 2,
        "rang_TS_MTN": 3,
        "rang_TS_MOOV": 1,
        "rang_TeRd_ORANGE": 3,
        "rang_TeRd_MTN": 1,
        "rang_TeRd_MOOV": 2
      },
      "id": 57
    },
    {
      "type": "Feature",
      "geometry": {
        "coordinates": [
          -5.94268,
          6.303640000000001
        ],
        "type": "Point"
      },
      "properties": {
        "ADM0_FR": "GOH-DJIBOUA",
        "ADM0_PCODE": "CI06",
        "ADM1_FR": "GOH",
        "ADM1_PCODE": "CI113",
        "ADM2_FR": "GAGNOA",
        "ADM2_PCODE": "CI1301",
        "ADM3_FR": "OURAGAHIO",
        "ADM3_PCODE": "CI130110",
        "ADM4_FR": "OURAGAHIO",
        "ADM4_PCODE": "C6381",
        "centerLat": 6.31364,
        "centerLng": -5.93268,
        "pop": 11253,
        "TeS_MOOV": 0.0,
        "TedS_MOOV": 93.75,
        "TR3_MOOV": 0.0,
        "TeRd_MOOV": 81.25,
        "TS_MOOV": 100.0,
        "TeS_MTN": 2.5,
        "TedS_MTN": 100.0,
        "TR3_MTN": 0.0,
        "TeRd_MTN": 97.44,
        "TS_MTN": 97.44,
        "TeS_ORANGE": 0.0,
        "TedS_ORANGE": 98.72999999999999,
        "TR3_ORANGE": 1.27,
        "TeRd_ORANGE": 82.28,
        "TS_ORANGE": 100.0,
        "rang_TeS_ORANGE": 1,
        "rang_TeS_MTN": 3,
        "rang_TeS_MOOV": 1,
        "rang_TedS_ORANGE": 2,
        "rang_TedS_MTN": 1,
        "rang_TedS_MOOV": 3,
        "rang_TR3_ORANGE": 3,
        "rang_TR3_MTN": 1,
        "rang_TR3_MOOV": 1,
        "rang_TS_ORANGE": 1,
        "rang_TS_MTN": 3,
        "rang_TS_MOOV": 1,
        "rang_TeRd_ORANGE": 2,
        "rang_TeRd_MTN": 1,
        "rang_TeRd_MOOV": 3
      },
      "id": 58
    },
    {
      "type": "Feature",
      "geometry": {
        "coordinates": [
          -3.4940599999999997,
          6.85288
        ],
        "type": "Point"
      },
      "properties": {
        "ADM0_FR": "COMOE",
        "ADM0_PCODE": "CI02",
        "ADM1_FR": "INDENIE-DJUABLIN",
        "ADM1_PCODE": "CI120",
        "ADM2_FR": "ABENGOUROU",
        "ADM2_PCODE": "CI2001",
        "ADM3_FR": "YAKASSE FEYASSE",
        "ADM3_PCODE": "CI200106",
        "ADM4_FR": "SANKADIOKRO",
        "ADM4_PCODE": "C6802",
        "centerLat": 6.86288,
        "centerLng": -3.48406,
        "pop": 9736,
        "TeS_MOOV": 0.0,
        "TedS_MOOV": 86.81,
        "TR3_MOOV": 0.0,
        "TeRd_MOOV": 67.58,
        "TS_MOOV": 100.0,
        "TeS_MTN": 0.5700000000000001,
        "TedS_MTN": 0.0,
        "TR3_MTN": 0.0,
        "TeRd_MTN": 98.28,
        "TS_MTN": 99.42999999999999,
        "TeS_ORANGE": 0.0,
        "TedS_ORANGE": 98.42,
        "TR3_ORANGE": 0.0,
        "TeRd_ORANGE": 46.32,
        "TS_ORANGE": 100.0,
        "rang_TeS_ORANGE": 1,
        "rang_TeS_MTN": 3,
        "rang_TeS_MOOV": 1,
        "rang_TedS_ORANGE": 1,
        "rang_TedS_MTN": 3,
        "rang_TedS_MOOV": 2,
        "rang_TR3_ORANGE": 1,
        "rang_TR3_MTN": 1,
        "rang_TR3_MOOV": 1,
        "rang_TS_ORANGE": 1,
        "rang_TS_MTN": 3,
        "rang_TS_MOOV": 1,
        "rang_TeRd_ORANGE": 3,
        "rang_TeRd_MTN": 1,
        "rang_TeRd_MOOV": 2
      },
      "id": 59
    },
    {
      "type": "Feature",
      "geometry": {
        "coordinates": [
          -6.6297299999999995,
          4.72809
        ],
        "type": "Point"
      },
      "properties": {
        "ADM0_FR": "BAS-SASSANDRA",
        "ADM0_PCODE": "CI01",
        "ADM1_FR": "SAN-PEDRO",
        "ADM1_PCODE": "CI129",
        "ADM2_FR": "SAN-PEDRO",
        "ADM2_PCODE": "CI2901",
        "ADM3_FR": "SAN-PEDRO",
        "ADM3_PCODE": "CI290101",
        "ADM4_FR": "SAN-PEDRO",
        "ADM4_PCODE": "C6807",
        "centerLat": 4.73809,
        "centerLng": -6.61973,
        "pop": 164944,
        "TeS_MOOV": 1.37,
        "TedS_MOOV": 76.39,
        "TR3_MOOV": 0.0,
        "TeRd_MOOV": 68.75,
        "TS_MOOV": 100.0,
        "TeS_MTN": 1.27,
        "TedS_MTN": 98.06,
        "TR3_MTN": 0.65,
        "TeRd_MTN": 97.42,
        "TS_MTN": 98.06,
        "TeS_ORANGE": 0.0,
        "TedS_ORANGE": 97.42,
        "TR3_ORANGE": 7.1,
        "TeRd_ORANGE": 76.77000000000001,
        "TS_ORANGE": 97.42,
        "rang_TeS_ORANGE": 1,
        "rang_TeS_MTN": 2,
        "rang_TeS_MOOV": 3,
        "rang_TedS_ORANGE": 2,
        "rang_TedS_MTN": 1,
        "rang_TedS_MOOV": 3,
        "rang_TR3_ORANGE": 3,
        "rang_TR3_MTN": 2,
        "rang_TR3_MOOV": 1,
        "rang_TS_ORANGE": 3,
        "rang_TS_MTN": 2,
        "rang_TS_MOOV": 1,
        "rang_TeRd_ORANGE": 2,
        "rang_TeRd_MTN": 1,
        "rang_TeRd_MOOV": 3
      },
      "id": 60
    },
    {
      "type": "Feature",
      "geometry": {
        "coordinates": [
          -6.10211,
          4.94198
        ],
        "type": "Point"
      },
      "properties": {
        "ADM0_FR": "BAS-SASSANDRA",
        "ADM0_PCODE": "CI01",
        "ADM1_FR": "GBOKLE",
        "ADM1_PCODE": "CI112",
        "ADM2_FR": "SASSANDRA",
        "ADM2_PCODE": "CI1202",
        "ADM3_FR": "SASSANDRA",
        "ADM3_PCODE": "CI120201",
        "ADM4_FR": "SASSANDRA",
        "ADM4_PCODE": "C6835",
        "centerLat": 4.95198,
        "centerLng": -6.09211,
        "pop": 26608,
        "TeS_MOOV": 0.0,
        "TedS_MOOV": 86.21,
        "TR3_MOOV": 0.0,
        "TeRd_MOOV": 76.72,
        "TS_MOOV": 100.0,
        "TeS_MTN": 0.8699999999999999,
        "TedS_MTN": 97.37,
        "TR3_MTN": 0.0,
        "TeRd_MTN": 98.25,
        "TS_MTN": 99.11999999999999,
        "TeS_ORANGE": 0.0,
        "TedS_ORANGE": 98.26,
        "TR3_ORANGE": 6.09,
        "TeRd_ORANGE": 75.64999999999999,
        "TS_ORANGE": 95.65,
        "rang_TeS_ORANGE": 1,
        "rang_TeS_MTN": 3,
        "rang_TeS_MOOV": 1,
        "rang_TedS_ORANGE": 1,
        "rang_TedS_MTN": 2,
        "rang_TedS_MOOV": 3,
        "rang_TR3_ORANGE": 3,
        "rang_TR3_MTN": 1,
        "rang_TR3_MOOV": 1,
        "rang_TS_ORANGE": 3,
        "rang_TS_MTN": 2,
        "rang_TS_MOOV": 1,
        "rang_TeRd_ORANGE": 3,
        "rang_TeRd_MTN": 1,
        "rang_TeRd_MOOV": 2
      },
      "id": 61
    },
    {
      "type": "Feature",
      "geometry": {
        "coordinates": [
          -6.683129999999999,
          7.95253
        ],
        "type": "Point"
      },
      "properties": {
        "ADM0_FR": "WOROBA",
        "ADM0_PCODE": "CI13",
        "ADM1_FR": "WORODOUGOU",
        "ADM1_PCODE": "CI133",
        "ADM2_FR": "SEGUELA",
        "ADM2_PCODE": "CI3302",
        "ADM3_FR": "SEGUELA",
        "ADM3_PCODE": "CI330201",
        "ADM4_FR": "SÉGUÉLA",
        "ADM4_PCODE": "C6882",
        "centerLat": 7.96253,
        "centerLng": -6.67313,
        "pop": 46189,
        "TeS_MOOV": 0.0,
        "TedS_MOOV": 100.0,
        "TR3_MOOV": 0.0,
        "TeRd_MOOV": 72.0,
        "TS_MOOV": 100.0,
        "TeS_MTN": 0.0,
        "TedS_MTN": 98.9,
        "TR3_MTN": 0.0,
        "TeRd_MTN": 98.9,
        "TS_MTN": 100.0,
        "TeS_ORANGE": 0.9900000000000001,
        "TedS_ORANGE": 97.0,
        "TR3_ORANGE": 38.0,
        "TeRd_ORANGE": 51.0,
        "TS_ORANGE": 62.0,
        "rang_TeS_ORANGE": 3,
        "rang_TeS_MTN": 1,
        "rang_TeS_MOOV": 1,
        "rang_TedS_ORANGE": 3,
        "rang_TedS_MTN": 2,
        "rang_TedS_MOOV": 1,
        "rang_TR3_ORANGE": 3,
        "rang_TR3_MTN": 1,
        "rang_TR3_MOOV": 1,
        "rang_TS_ORANGE": 3,
        "rang_TS_MTN": 1,
        "rang_TS_MOOV": 1,
        "rang_TeRd_ORANGE": 3,
        "rang_TeRd_MTN": 1,
        "rang_TeRd_MOOV": 2
      },
      "id": 62
    },
    {
      "type": "Feature",
      "geometry": {
        "coordinates": [
          -4.58207,
          5.66065
        ],
        "type": "Point"
      },
      "properties": {
        "ADM0_FR": "LAGUNES",
        "ADM0_PCODE": "CI08",
        "ADM1_FR": "AGNEBY-TIASSA",
        "ADM1_PCODE": "CI103",
        "ADM2_FR": "SIKENSI",
        "ADM2_PCODE": "CI0302",
        "ADM3_FR": "SIKENSI",
        "ADM3_PCODE": "CI030201",
        "ADM4_FR": "SIKENSI",
        "ADM4_PCODE": "C7019",
        "centerLat": 5.67065,
        "centerLng": -4.57207,
        "pop": 7308,
        "TeS_MOOV": 0.0,
        "TedS_MOOV": 6.67,
        "TR3_MOOV": 0.0,
        "TeRd_MOOV": 56.67,
        "TS_MOOV": 100.0,
        "TeS_MTN": 0.0,
        "TedS_MTN": 0.0,
        "TR3_MTN": 0.0,
        "TeRd_MTN": 65.57,
        "TS_MTN": 100.0,
        "TeS_ORANGE": 0.0,
        "TedS_ORANGE": 98.48,
        "TR3_ORANGE": 7.580000000000001,
        "TeRd_ORANGE": 66.67,
        "TS_ORANGE": 92.42,
        "rang_TeS_ORANGE": 1,
        "rang_TeS_MTN": 1,
        "rang_TeS_MOOV": 1,
        "rang_TedS_ORANGE": 1,
        "rang_TedS_MTN": 3,
        "rang_TedS_MOOV": 2,
        "rang_TR3_ORANGE": 3,
        "rang_TR3_MTN": 1,
        "rang_TR3_MOOV": 1,
        "rang_TS_ORANGE": 3,
        "rang_TS_MTN": 1,
        "rang_TS_MOOV": 1,
        "rang_TeRd_ORANGE": 1,
        "rang_TeRd_MTN": 2,
        "rang_TeRd_MOOV": 3
      },
      "id": 63
    },
    {
      "type": "Feature",
      "geometry": {
        "coordinates": [
          -5.395589999999999,
          9.57325
        ],
        "type": "Point"
      },
      "properties": {
        "ADM0_FR": "SAVANES",
        "ADM0_PCODE": "CI11",
        "ADM1_FR": "PORO",
        "ADM1_PCODE": "CI128",
        "ADM2_FR": "SINEMATIALI",
        "ADM2_PCODE": "CI2804",
        "ADM3_FR": "SINEMATIALI",
        "ADM3_PCODE": "CI280401",
        "ADM4_FR": "SINEMATIALI",
        "ADM4_PCODE": "C7043",
        "centerLat": 9.58325,
        "centerLng": -5.38559,
        "pop": 10167,
        "TeS_MOOV": 0.0,
        "TedS_MOOV": 99.03999999999999,
        "TR3_MOOV": 0.0,
        "TeRd_MOOV": 71.15,
        "TS_MOOV": 100.0,
        "TeS_MTN": 0.0,
        "TedS_MTN": 37.0,
        "TR3_MTN": 0.0,
        "TeRd_MTN": 98.0,
        "TS_MTN": 100.0,
        "TeS_ORANGE": 0.0,
        "TedS_ORANGE": 99.03999999999999,
        "TR3_ORANGE": 38.46,
        "TeRd_ORANGE": 50.0,
        "TS_ORANGE": 61.53999999999999,
        "rang_TeS_ORANGE": 1,
        "rang_TeS_MTN": 1,
        "rang_TeS_MOOV": 1,
        "rang_TedS_ORANGE": 1,
        "rang_TedS_MTN": 3,
        "rang_TedS_MOOV": 1,
        "rang_TR3_ORANGE": 3,
        "rang_TR3_MTN": 1,
        "rang_TR3_MOOV": 1,
        "rang_TS_ORANGE": 3,
        "rang_TS_MTN": 1,
        "rang_TS_MOOV": 1,
        "rang_TeRd_ORANGE": 3,
        "rang_TeRd_MTN": 1,
        "rang_TeRd_MOOV": 2
      },
      "id": 64
    },
    {
      "type": "Feature",
      "geometry": {
        "coordinates": [
          -5.92517,
          6.61035
        ],
        "type": "Point"
      },
      "properties": {
        "ADM0_FR": "SASSANDRA-MARAHOUE",
        "ADM0_PCODE": "CI10",
        "ADM1_FR": "MARAHOUE",
        "ADM1_PCODE": "CI123",
        "ADM2_FR": "SINFRA",
        "ADM2_PCODE": "CI2302",
        "ADM3_FR": "SINFRA",
        "ADM3_PCODE": "CI230201",
        "ADM4_FR": "SINFRA",
        "ADM4_PCODE": "C7045",
        "centerLat": 6.62035,
        "centerLng": -5.91517,
        "pop": 80658,
        "TeS_MOOV": 0.0,
        "TedS_MOOV": 97.14,
        "TR3_MOOV": 0.0,
        "TeRd_MOOV": 91.43,
        "TS_MOOV": 100.0,
        "TeS_MTN": 14.29,
        "TedS_MTN": 100.0,
        "TR3_MTN": 0.0,
        "TeRd_MTN": 50.0,
        "TS_MTN": 50.0,
        "TeS_ORANGE": 0.0,
        "TedS_ORANGE": 94.03,
        "TR3_ORANGE": 2.9899999999999998,
        "TeRd_ORANGE": 68.66,
        "TS_ORANGE": 97.00999999999999,
        "rang_TeS_ORANGE": 1,
        "rang_TeS_MTN": 3,
        "rang_TeS_MOOV": 1,
        "rang_TedS_ORANGE": 3,
        "rang_TedS_MTN": 1,
        "rang_TedS_MOOV": 2,
        "rang_TR3_ORANGE": 3,
        "rang_TR3_MTN": 1,
        "rang_TR3_MOOV": 1,
        "rang_TS_ORANGE": 2,
        "rang_TS_MTN": 3,
        "rang_TS_MOOV": 1,
        "rang_TeRd_ORANGE": 2,
        "rang_TeRd_MTN": 3,
        "rang_TeRd_MOOV": 1
      },
      "id": 65
    },
    {
      "type": "Feature",
      "geometry": {
        "coordinates": [
          -6.6,
          5.7700000000000005
        ],
        "type": "Point"
      },
      "properties": {
        "ADM0_FR": "COMOE",
        "ADM0_PCODE": "CI02",
        "ADM1_FR": "SUD-COMOE",
        "ADM1_PCODE": "CI130",
        "ADM2_FR": "ABOISSO",
        "ADM2_PCODE": "CI3001",
        "ADM3_FR": "BIANOUAN",
        "ADM3_PCODE": "CI300105",
        "ADM4_FR": "SOUBRÉ",
        "ADM4_PCODE": "C7241",
        "centerLat": 5.78,
        "centerLng": -6.59,
        "pop": 1421,
        "TeS_MOOV": 0.97,
        "TedS_MOOV": 21.57,
        "TR3_MOOV": 0.0,
        "TeRd_MOOV": 58.81999999999999,
        "TS_MOOV": 100.0,
        "TeS_MTN": 0.0,
        "TedS_MTN": 92.31,
        "TR3_MTN": 0.0,
        "TeRd_MTN": 95.19,
        "TS_MTN": 100.0,
        "TeS_ORANGE": 0.0,
        "TedS_ORANGE": 95.37,
        "TR3_ORANGE": 38.89,
        "TeRd_ORANGE": 46.300000000000004,
        "TS_ORANGE": 62.03999999999999,
        "rang_TeS_ORANGE": 1,
        "rang_TeS_MTN": 1,
        "rang_TeS_MOOV": 3,
        "rang_TedS_ORANGE": 1,
        "rang_TedS_MTN": 2,
        "rang_TedS_MOOV": 3,
        "rang_TR3_ORANGE": 3,
        "rang_TR3_MTN": 1,
        "rang_TR3_MOOV": 1,
        "rang_TS_ORANGE": 3,
        "rang_TS_MTN": 1,
        "rang_TS_MOOV": 1,
        "rang_TeRd_ORANGE": 3,
        "rang_TeRd_MTN": 1,
        "rang_TeRd_MOOV": 2
      },
      "id": 66
    },
    {
      "type": "Feature",
      "geometry": {
        "coordinates": [
          -5.17212,
          9.060220000000001
        ],
        "type": "Point"
      },
      "properties": {
        "ADM0_FR": "VALLEE DU BANDAMA",
        "ADM0_PCODE": "CI12",
        "ADM1_FR": "HAMBOL",
        "ADM1_PCODE": "CI117",
        "ADM2_FR": "NIAKARAMADOUGOU",
        "ADM2_PCODE": "CI1703",
        "ADM3_FR": "TAFIRE",
        "ADM3_PCODE": "CI170305",
        "ADM4_FR": "TAFIRE",
        "ADM4_PCODE": "C7314",
        "centerLat": 9.07022,
        "centerLng": -5.16212,
        "pop": 17191,
        "TeS_MOOV": 1.43,
        "TedS_MOOV": 2.9000000000000004,
        "TR3_MOOV": 0.0,
        "TeRd_MOOV": 47.83,
        "TS_MOOV": 100.0,
        "TeS_MTN": 0.0,
        "TedS_MTN": 51.9,
        "TR3_MTN": 0.0,
        "TeRd_MTN": 98.72999999999999,
        "TS_MTN": 100.0,
        "TeS_ORANGE": 1.27,
        "TedS_ORANGE": 94.87,
        "TR3_ORANGE": 62.82,
        "TeRd_ORANGE": 33.33,
        "TS_ORANGE": 47.44,
        "rang_TeS_ORANGE": 2,
        "rang_TeS_MTN": 1,
        "rang_TeS_MOOV": 3,
        "rang_TedS_ORANGE": 1,
        "rang_TedS_MTN": 2,
        "rang_TedS_MOOV": 3,
        "rang_TR3_ORANGE": 3,
        "rang_TR3_MTN": 1,
        "rang_TR3_MOOV": 1,
        "rang_TS_ORANGE": 3,
        "rang_TS_MTN": 1,
        "rang_TS_MOOV": 1,
        "rang_TeRd_ORANGE": 3,
        "rang_TeRd_MTN": 1,
        "rang_TeRd_MOOV": 2
      },
      "id": 67
    },
    {
      "type": "Feature",
      "geometry": {
        "coordinates": [
          -3.1778899999999997,
          7.79253
        ],
        "type": "Point"
      },
      "properties": {
        "ADM0_FR": "ZANZAN",
        "ADM0_PCODE": "CI14",
        "ADM1_FR": "GONTOUGO",
        "ADM1_PCODE": "CI114",
        "ADM2_FR": "TANDA",
        "ADM2_PCODE": "CI1404",
        "ADM3_FR": "TANDA",
        "ADM3_PCODE": "CI140401",
        "ADM4_FR": "TANDA",
        "ADM4_PCODE": "C7386",
        "centerLat": 7.80253,
        "centerLng": -3.16789,
        "pop": 27659,
        "TeS_MOOV": 0.0,
        "TedS_MOOV": 78.25999999999999,
        "TR3_MOOV": 0.0,
        "TeRd_MOOV": 63.77,
        "TS_MOOV": 100.0,
        "TeS_MTN": 0.0,
        "TedS_MTN": 0.0,
        "TR3_MTN": 0.0,
        "TeRd_MTN": 100.0,
        "TS_MTN": 100.0,
        "TeS_ORANGE": 0.0,
        "TedS_ORANGE": 97.33000000000001,
        "TR3_ORANGE": 1.3299999999999998,
        "TeRd_ORANGE": 60.0,
        "TS_ORANGE": 98.67,
        "rang_TeS_ORANGE": 1,
        "rang_TeS_MTN": 1,
        "rang_TeS_MOOV": 1,
        "rang_TedS_ORANGE": 1,
        "rang_TedS_MTN": 3,
        "rang_TedS_MOOV": 2,
        "rang_TR3_ORANGE": 3,
        "rang_TR3_MTN": 1,
        "rang_TR3_MOOV": 1,
        "rang_TS_ORANGE": 3,
        "rang_TS_MTN": 1,
        "rang_TS_MOOV": 1,
        "rang_TeRd_ORANGE": 3,
        "rang_TeRd_MTN": 1,
        "rang_TeRd_MOOV": 2
      },
      "id": 68
    },
    {
      "type": "Feature",
      "geometry": {
        "coordinates": [
          -7.32834,
          9.53501
        ],
        "type": "Point"
      },
      "properties": {
        "ADM0_FR": "DENGUELE",
        "ADM0_PCODE": "CI03",
        "ADM1_FR": "KABADOUGOU",
        "ADM1_PCODE": "CI121",
        "ADM2_FR": "ODIENNE",
        "ADM2_PCODE": "CI2103",
        "ADM3_FR": "TIEME",
        "ADM3_PCODE": "CI210305",
        "ADM4_FR": "TIEME",
        "ADM4_PCODE": "C7613",
        "centerLat": 9.54501,
        "centerLng": -7.31834,
        "pop": 6267,
        "TeS_MOOV": 0.0,
        "TedS_MOOV": 40.17,
        "TR3_MOOV": 0.0,
        "TeRd_MOOV": 38.46,
        "TS_MOOV": 100.0,
        "TeS_MTN": 0.86,
        "TedS_MTN": 38.26,
        "TR3_MTN": 0.0,
        "TeRd_MTN": 99.13,
        "TS_MTN": 99.13,
        "TeS_ORANGE": 0.0,
        "TedS_ORANGE": 97.46000000000001,
        "TR3_ORANGE": 31.36,
        "TeRd_ORANGE": 56.779999999999994,
        "TS_ORANGE": 94.07,
        "rang_TeS_ORANGE": 1,
        "rang_TeS_MTN": 3,
        "rang_TeS_MOOV": 1,
        "rang_TedS_ORANGE": 1,
        "rang_TedS_MTN": 3,
        "rang_TedS_MOOV": 2,
        "rang_TR3_ORANGE": 3,
        "rang_TR3_MTN": 1,
        "rang_TR3_MOOV": 1,
        "rang_TS_ORANGE": 3,
        "rang_TS_MTN": 2,
        "rang_TS_MOOV": 1,
        "rang_TeRd_ORANGE": 2,
        "rang_TeRd_MTN": 1,
        "rang_TeRd_MOOV": 3
      },
      "id": 69
    },
    {
      "type": "Feature",
      "geometry": {
        "coordinates": [
          -7.69063,
          8.27504
        ],
        "type": "Point"
      },
      "properties": {
        "ADM0_FR": "WOROBA",
        "ADM0_PCODE": "CI13",
        "ADM1_FR": "BAFING",
        "ADM1_PCODE": "CI104",
        "ADM2_FR": "TOUBA",
        "ADM2_PCODE": "CI0403",
        "ADM3_FR": "TOUBA",
        "ADM3_PCODE": "CI040301",
        "ADM4_FR": "TOUBA",
        "ADM4_PCODE": "C7832",
        "centerLat": 8.28504,
        "centerLng": -7.68063,
        "pop": 22361,
        "TeS_MOOV": 9.2,
        "TedS_MOOV": 25.319999999999997,
        "TR3_MOOV": 0.0,
        "TeRd_MOOV": 27.85,
        "TS_MOOV": 90.8,
        "TeS_MTN": 0.0,
        "TedS_MTN": 98.08,
        "TR3_MTN": 0.0,
        "TeRd_MTN": 100.0,
        "TS_MTN": 100.0,
        "TeS_ORANGE": 0.95,
        "TedS_ORANGE": 99.03999999999999,
        "TR3_ORANGE": 35.58,
        "TeRd_ORANGE": 65.38000000000001,
        "TS_ORANGE": 65.38000000000001,
        "rang_TeS_ORANGE": 2,
        "rang_TeS_MTN": 1,
        "rang_TeS_MOOV": 3,
        "rang_TedS_ORANGE": 1,
        "rang_TedS_MTN": 2,
        "rang_TedS_MOOV": 3,
        "rang_TR3_ORANGE": 3,
        "rang_TR3_MTN": 1,
        "rang_TR3_MOOV": 1,
        "rang_TS_ORANGE": 3,
        "rang_TS_MTN": 1,
        "rang_TS_MOOV": 2,
        "rang_TeRd_ORANGE": 2,
        "rang_TeRd_MTN": 1,
        "rang_TeRd_MOOV": 3
      },
      "id": 70
    },
    {
      "type": "Feature",
      "geometry": {
        "coordinates": [
          -5.0281899999999995,
          6.5502400000000005
        ],
        "type": "Point"
      },
      "properties": {
        "ADM0_FR": "LACS",
        "ADM0_PCODE": "CI07",
        "ADM1_FR": "BELIER",
        "ADM1_PCODE": "CI106",
        "ADM2_FR": "TOUMODI",
        "ADM2_PCODE": "CI0604",
        "ADM3_FR": "TOUMODI",
        "ADM3_PCODE": "CI060401",
        "ADM4_FR": "TOUMODI",
        "ADM4_PCODE": "C7862",
        "centerLat": 6.56024,
        "centerLng": -5.01819,
        "pop": 43189,
        "TeS_MOOV": 0.0,
        "TedS_MOOV": 8.540000000000001,
        "TR3_MOOV": 0.0,
        "TeRd_MOOV": 34.150000000000006,
        "TS_MOOV": 100.0,
        "TeS_MTN": 0.0,
        "TedS_MTN": 7.32,
        "TR3_MTN": 63.41,
        "TeRd_MTN": 36.59,
        "TS_MTN": 36.59,
        "TeS_ORANGE": 0.0,
        "TedS_ORANGE": 100.0,
        "TR3_ORANGE": 5.75,
        "TeRd_ORANGE": 11.49,
        "TS_ORANGE": 94.25,
        "rang_TeS_ORANGE": 1,
        "rang_TeS_MTN": 1,
        "rang_TeS_MOOV": 1,
        "rang_TedS_ORANGE": 1,
        "rang_TedS_MTN": 3,
        "rang_TedS_MOOV": 2,
        "rang_TR3_ORANGE": 2,
        "rang_TR3_MTN": 3,
        "rang_TR3_MOOV": 1,
        "rang_TS_ORANGE": 2,
        "rang_TS_MTN": 3,
        "rang_TS_MOOV": 1,
        "rang_TeRd_ORANGE": 3,
        "rang_TeRd_MTN": 1,
        "rang_TeRd_MOOV": 2
      },
      "id": 71
    },
    {
      "type": "Feature",
      "geometry": {
        "coordinates": [
          -5.28786,
          6.808190000000001
        ],
        "type": "Point"
      },
      "properties": {
        "ADM0_FR": "DISTRICT AUTONOME DE YAMOUSSOUKRO",
        "ADM0_PCODE": "CI05",
        "ADM1_FR": "DISTRICT AUTONOME DE YAMOUSSOUKRO",
        "ADM1_PCODE": "CI102",
        "ADM2_FR": "YAMOUSSOUKRO",
        "ADM2_PCODE": "CI0202",
        "ADM3_FR": "YAMOUSSOUKRO",
        "ADM3_PCODE": "CI020201",
        "ADM4_FR": "YAMOUSSOUKRO",
        "ADM4_PCODE": "C8092",
        "centerLat": 6.81819,
        "centerLng": -5.27786,
        "pop": 212670,
        "TeS_MOOV": 0.0,
        "TedS_MOOV": 93.31,
        "TR3_MOOV": 0.0,
        "TeRd_MOOV": 79.17999999999999,
        "TS_MOOV": 100.0,
        "TeS_MTN": 0.0,
        "TedS_MTN": 90.73,
        "TR3_MTN": 0.38999999999999996,
        "TeRd_MTN": 95.37,
        "TS_MTN": 100.0,
        "TeS_ORANGE": 0.0,
        "TedS_ORANGE": 97.00999999999999,
        "TR3_ORANGE": 44.03,
        "TeRd_ORANGE": 28.73,
        "TS_ORANGE": 75.0,
        "rang_TeS_ORANGE": 1,
        "rang_TeS_MTN": 1,
        "rang_TeS_MOOV": 1,
        "rang_TedS_ORANGE": 1,
        "rang_TedS_MTN": 3,
        "rang_TedS_MOOV": 2,
        "rang_TR3_ORANGE": 3,
        "rang_TR3_MTN": 2,
        "rang_TR3_MOOV": 1,
        "rang_TS_ORANGE": 3,
        "rang_TS_MTN": 1,
        "rang_TS_MOOV": 1,
        "rang_TeRd_ORANGE": 3,
        "rang_TeRd_MTN": 1,
        "rang_TeRd_MOOV": 2
      },
      "id": 72
    },
    {
      "type": "Feature",
      "geometry": {
        "coordinates": [
          -6.87531,
          6.75481
        ],
        "type": "Point"
      },
      "properties": {
        "ADM0_FR": "SASSANDRA-MARAHOUE",
        "ADM0_PCODE": "CI10",
        "ADM1_FR": "HAUT-SASSANDRA",
        "ADM1_PCODE": "CI118",
        "ADM2_FR": "ZOUKOUGBEU",
        "ADM2_PCODE": "CI1804",
        "ADM3_FR": "ZOUKOUGBEU",
        "ADM3_PCODE": "CI180401",
        "ADM4_FR": "ZOUKOUGBEU",
        "ADM4_PCODE": "C8499",
        "centerLat": 6.76481,
        "centerLng": -6.86531,
        "pop": 11861,
        "TeS_MOOV": 0.96,
        "TedS_MOOV": 43.69,
        "TR3_MOOV": 0.0,
        "TeRd_MOOV": 64.08,
        "TS_MOOV": 99.03999999999999,
        "TeS_MTN": 1.9,
        "TedS_MTN": 23.3,
        "TR3_MTN": 0.0,
        "TeRd_MTN": 94.17,
        "TS_MTN": 98.06,
        "TeS_ORANGE": 0.97,
        "TedS_ORANGE": 95.1,
        "TR3_ORANGE": 4.9,
        "TeRd_ORANGE": 69.61,
        "TS_ORANGE": 95.1,
        "rang_TeS_ORANGE": 2,
        "rang_TeS_MTN": 3,
        "rang_TeS_MOOV": 1,
        "rang_TedS_ORANGE": 1,
        "rang_TedS_MTN": 3,
        "rang_TedS_MOOV": 2,
        "rang_TR3_ORANGE": 3,
        "rang_TR3_MTN": 1,
        "rang_TR3_MOOV": 1,
        "rang_TS_ORANGE": 3,
        "rang_TS_MTN": 2,
        "rang_TS_MOOV": 1,
        "rang_TeRd_ORANGE": 2,
        "rang_TeRd_MTN": 1,
        "rang_TeRd_MOOV": 3
      },
      "id": 73
    },
    {
      "type": "Feature",
      "geometry": {
        "coordinates": [
          -6.05748,
          7.4208300000000005
        ],
        "type": "Point"
      },
      "properties": {
        "ADM0_FR": "SASSANDRA-MARAHOUE",
        "ADM0_PCODE": "CI10",
        "ADM1_FR": "MARAHOUE",
        "ADM1_PCODE": "CI123",
        "ADM2_FR": "ZUENOULA",
        "ADM2_PCODE": "CI2303",
        "ADM3_FR": "ZUENOULA",
        "ADM3_PCODE": "CI230301",
        "ADM4_FR": "ZUÉNOULA",
        "ADM4_PCODE": "C8516",
        "centerLat": 7.43083,
        "centerLng": -6.04748,
        "pop": 34018,
        "TeS_MOOV": 0.0,
        "TedS_MOOV": 30.259999999999998,
        "TR3_MOOV": 0.0,
        "TeRd_MOOV": 55.26,
        "TS_MOOV": 100.0,
        "TeS_MTN": 0.0,
        "TedS_MTN": 20.78,
        "TR3_MTN": 0.0,
        "TeRd_MTN": 98.7,
        "TS_MTN": 100.0,
        "TeS_ORANGE": 0.0,
        "TedS_ORANGE": 98.77,
        "TR3_ORANGE": 2.4699999999999998,
        "TeRd_ORANGE": 60.49,
        "TS_ORANGE": 98.77,
        "rang_TeS_ORANGE": 1,
        "rang_TeS_MTN": 1,
        "rang_TeS_MOOV": 1,
        "rang_TedS_ORANGE": 1,
        "rang_TedS_MTN": 3,
        "rang_TedS_MOOV": 2,
        "rang_TR3_ORANGE": 3,
        "rang_TR3_MTN": 1,
        "rang_TR3_MOOV": 1,
        "rang_TS_ORANGE": 3,
        "rang_TS_MTN": 1,
        "rang_TS_MOOV": 1,
        "rang_TeRd_ORANGE": 2,
        "rang_TeRd_MTN": 1,
        "rang_TeRd_MOOV": 3
      },
      "id": 74
    }
  ]
}