{
  "type": "FeatureCollection",
  "features": [
    {
      "type": "Feature",
      "geometry": {
        "coordinates": [
          -4.02585,
          5.42515
        ],
        "type": "Point"
      },
      "properties": {
        "ADM0_FR": "DISTRICT AUTONOME D'ABIDJAN",
        "ADM0_PCODE": "CI04",
        "ADM1_FR": "DISTRICT AUTONOME D'ABIDJAN",
        "ADM1_PCODE": "CI101",
        "ADM2_FR": "ABIDJAN",
        "ADM2_PCODE": "CI0101",
        "ADM3_FR": "ABIDJAN",
        "ADM3_PCODE": "CI010101",
        "ADM4_FR": "ABOBO",
        "ADM4_PCODE": "C0029",
        "centerLat": 5.43515,
        "centerLng": -4.01585,
        "pop": 1030658,
        "TeS_MOOV": 0.0,
        "TedS_MOOV": 99.07000000000001,
        "TR3_MOOV": 0,
        "TeRd_MOOV": 100.0,
        "TS_MOOV": 100,
        "TeS_MTN": 0.0,
        "TedS_MTN": 99.53,
        "TR3_MTN": 0.22999999999999998,
        "TeRd_MTN": 98.83,
        "TS_MTN": 100,
        "TeS_ORANGE": 0.47000000000000003,
        "TedS_ORANGE": 99.52,
        "TR3_ORANGE": 0.0,
        "TeRd_ORANGE": 100.0,
        "TS_ORANGE": 100.0,
        "rang_TeS_ORANGE": 3,
        "rang_TeS_MTN": 1,
        "rang_TeS_MOOV": 1,
        "rang_TedS_ORANGE": 2,
        "rang_TedS_MTN": 1,
        "rang_TedS_MOOV": 3,
        "rang_TR3_ORANGE": 1,
        "rang_TR3_MTN": 3,
        "rang_TR3_MOOV": 1,
        "rang_TS_ORANGE": 1,
        "rang_TS_MTN": 1,
        "rang_TS_MOOV": 1,
        "rang_TeRd_ORANGE": 1,
        "rang_TeRd_MTN": 3,
        "rang_TeRd_MOOV": 1
      },
      "id": 1
    },
    {
      "type": "Feature",
      "geometry": {
        "coordinates": [
          -4.0298799999999995,
          5.361870000000001
        ],
        "type": "Point"
      },
      "properties": {
        "ADM0_FR": "DISTRICT AUTONOME D'ABIDJAN",
        "ADM0_PCODE": "CI04",
        "ADM1_FR": "DISTRICT AUTONOME D'ABIDJAN",
        "ADM1_PCODE": "CI101",
        "ADM2_FR": "ABIDJAN",
        "ADM2_PCODE": "CI0101",
        "ADM3_FR": "ABIDJAN",
        "ADM3_PCODE": "CI010101",
        "ADM4_FR": "ADJAME",
        "ADM4_PCODE": "C0133",
        "centerLat": 5.37187,
        "centerLng": -4.01988,
        "pop": 372978,
        "TeS_MOOV": 0.0,
        "TedS_MOOV": 96.21,
        "TR3_MOOV": 0,
        "TeRd_MOOV": 100.0,
        "TS_MOOV": 100,
        "TeS_MTN": 0.0,
        "TedS_MTN": 99.24,
        "TR3_MTN": 0.0,
        "TeRd_MTN": 98.11,
        "TS_MTN": 100,
        "TeS_ORANGE": 0.0,
        "TedS_ORANGE": 97.72,
        "TR3_ORANGE": 0.0,
        "TeRd_ORANGE": 99.24,
        "TS_ORANGE": 100.0,
        "rang_TeS_ORANGE": 1,
        "rang_TeS_MTN": 1,
        "rang_TeS_MOOV": 1,
        "rang_TedS_ORANGE": 2,
        "rang_TedS_MTN": 1,
        "rang_TedS_MOOV": 3,
        "rang_TR3_ORANGE": 1,
        "rang_TR3_MTN": 1,
        "rang_TR3_MOOV": 1,
        "rang_TS_ORANGE": 1,
        "rang_TS_MTN": 1,
        "rang_TS_MOOV": 1,
        "rang_TeRd_ORANGE": 2,
        "rang_TeRd_MTN": 3,
        "rang_TeRd_MOOV": 1
      },
      "id": 2
    },
    {
      "type": "Feature",
      "geometry": {
        "coordinates": [
          -4.06488,
          5.48466
        ],
        "type": "Point"
      },
      "properties": {
        "ADM0_FR": "DISTRICT AUTONOME D'ABIDJAN",
        "ADM0_PCODE": "CI04",
        "ADM1_FR": "DISTRICT AUTONOME D'ABIDJAN",
        "ADM1_PCODE": "CI101",
        "ADM2_FR": "ABIDJAN",
        "ADM2_PCODE": "CI0101",
        "ADM3_FR": "ANYAMA",
        "ADM3_PCODE": "CI010102",
        "ADM4_FR": "ANYAMA",
        "ADM4_PCODE": "C0570",
        "centerLat": 5.49466,
        "centerLng": -4.05488,
        "pop": 103297,
        "TeS_MOOV": 0.0,
        "TedS_MOOV": 95.61,
        "TR3_MOOV": 0,
        "TeRd_MOOV": 100.0,
        "TS_MOOV": 100,
        "TeS_MTN": 0.0,
        "TedS_MTN": 98.54,
        "TR3_MTN": 0.49,
        "TeRd_MTN": 97.07000000000001,
        "TS_MTN": 100,
        "TeS_ORANGE": 0.0,
        "TedS_ORANGE": 99.51,
        "TR3_ORANGE": 0.0,
        "TeRd_ORANGE": 99.51,
        "TS_ORANGE": 100.0,
        "rang_TeS_ORANGE": 1,
        "rang_TeS_MTN": 1,
        "rang_TeS_MOOV": 1,
        "rang_TedS_ORANGE": 1,
        "rang_TedS_MTN": 2,
        "rang_TedS_MOOV": 3,
        "rang_TR3_ORANGE": 1,
        "rang_TR3_MTN": 3,
        "rang_TR3_MOOV": 1,
        "rang_TS_ORANGE": 1,
        "rang_TS_MTN": 1,
        "rang_TS_MOOV": 1,
        "rang_TeRd_ORANGE": 2,
        "rang_TeRd_MTN": 3,
        "rang_TeRd_MOOV": 1
      },
      "id": 3
    },
    {
      "type": "Feature",
      "geometry": {
        "coordinates": [
          -4.06198,
          5.37219
        ],
        "type": "Point"
      },
      "properties": {
        "ADM0_FR": "DISTRICT AUTONOME D'ABIDJAN",
        "ADM0_PCODE": "CI04",
        "ADM1_FR": "DISTRICT AUTONOME D'ABIDJAN",
        "ADM1_PCODE": "CI101",
        "ADM2_FR": "ABIDJAN",
        "ADM2_PCODE": "CI0101",
        "ADM3_FR": "ABIDJAN",
        "ADM3_PCODE": "CI010101",
        "ADM4_FR": "ATTECOUBE",
        "ADM4_PCODE": "C0734",
        "centerLat": 5.38219,
        "centerLng": -4.05198,
        "pop": 260911,
        "TeS_MOOV": 0.0,
        "TedS_MOOV": 97.17,
        "TR3_MOOV": 0,
        "TeRd_MOOV": 100.0,
        "TS_MOOV": 100,
        "TeS_MTN": 0.0,
        "TedS_MTN": 99.62,
        "TR3_MTN": 0.75,
        "TeRd_MTN": 98.11999999999999,
        "TS_MTN": 100,
        "TeS_ORANGE": 0.0,
        "TedS_ORANGE": 100.0,
        "TR3_ORANGE": 0.0,
        "TeRd_ORANGE": 100.0,
        "TS_ORANGE": 100.0,
        "rang_TeS_ORANGE": 1,
        "rang_TeS_MTN": 1,
        "rang_TeS_MOOV": 1,
        "rang_TedS_ORANGE": 1,
        "rang_TedS_MTN": 2,
        "rang_TedS_MOOV": 3,
        "rang_TR3_ORANGE": 1,
        "rang_TR3_MTN": 3,
        "rang_TR3_MOOV": 1,
        "rang_TS_ORANGE": 1,
        "rang_TS_MTN": 1,
        "rang_TS_MOOV": 1,
        "rang_TeRd_ORANGE": 1,
        "rang_TeRd_MTN": 3,
        "rang_TeRd_MOOV": 1
      },
      "id": 4
    },
    {
      "type": "Feature",
      "geometry": {
        "coordinates": [
          -3.90704,
          5.349
        ],
        "type": "Point"
      },
      "properties": {
        "ADM0_FR": "DISTRICT AUTONOME D'ABIDJAN",
        "ADM0_PCODE": "CI04",
        "ADM1_FR": "DISTRICT AUTONOME D'ABIDJAN",
        "ADM1_PCODE": "CI101",
        "ADM2_FR": "ABIDJAN",
        "ADM2_PCODE": "CI0101",
        "ADM3_FR": "BINGERVILLE",
        "ADM3_PCODE": "CI010103",
        "ADM4_FR": "BINGERVILLE",
        "ADM4_PCODE": "C1214",
        "centerLat": 5.359,
        "centerLng": -3.89704,
        "pop": 64015,
        "TeS_MOOV": 0.0,
        "TedS_MOOV": 94.95,
        "TR3_MOOV": 0,
        "TeRd_MOOV": 100.0,
        "TS_MOOV": 100,
        "TeS_MTN": 0.0,
        "TedS_MTN": 88.84,
        "TR3_MTN": 0.0,
        "TeRd_MTN": 94.88,
        "TS_MTN": 100,
        "TeS_ORANGE": 0.0,
        "TedS_ORANGE": 99.08,
        "TR3_ORANGE": 0.0,
        "TeRd_ORANGE": 99.53999999999999,
        "TS_ORANGE": 100.0,
        "rang_TeS_ORANGE": 1,
        "rang_TeS_MTN": 1,
        "rang_TeS_MOOV": 1,
        "rang_TedS_ORANGE": 1,
        "rang_TedS_MTN": 3,
        "rang_TedS_MOOV": 2,
        "rang_TR3_ORANGE": 1,
        "rang_TR3_MTN": 1,
        "rang_TR3_MOOV": 1,
        "rang_TS_ORANGE": 1,
        "rang_TS_MTN": 1,
        "rang_TS_MOOV": 1,
        "rang_TeRd_ORANGE": 2,
        "rang_TeRd_MTN": 3,
        "rang_TeRd_MOOV": 1
      },
      "id": 5
    },
    {
      "type": "Feature",
      "geometry": {
        "coordinates": [
          -3.97089,
          5.363
        ],
        "type": "Point"
      },
      "properties": {
        "ADM0_FR": "DISTRICT AUTONOME D'ABIDJAN",
        "ADM0_PCODE": "CI04",
        "ADM1_FR": "DISTRICT AUTONOME D'ABIDJAN",
        "ADM1_PCODE": "CI101",
        "ADM2_FR": "ABIDJAN",
        "ADM2_PCODE": "CI0101",
        "ADM3_FR": "ABIDJAN",
        "ADM3_PCODE": "CI010101",
        "ADM4_FR": "COCODY",
        "ADM4_PCODE": "C1672",
        "centerLat": 5.373,
        "centerLng": -3.96089,
        "pop": 447055,
        "TeS_MOOV": 0.0,
        "TedS_MOOV": 99.00999999999999,
        "TR3_MOOV": 0,
        "TeRd_MOOV": 99.75,
        "TS_MOOV": 100,
        "TeS_MTN": 0.0,
        "TedS_MTN": 98.27,
        "TR3_MTN": 0.0,
        "TeRd_MTN": 99.00999999999999,
        "TS_MTN": 100,
        "TeS_ORANGE": 0.0,
        "TedS_ORANGE": 100.0,
        "TR3_ORANGE": 0.0,
        "TeRd_ORANGE": 100.0,
        "TS_ORANGE": 100.0,
        "rang_TeS_ORANGE": 1,
        "rang_TeS_MTN": 1,
        "rang_TeS_MOOV": 1,
        "rang_TedS_ORANGE": 1,
        "rang_TedS_MTN": 3,
        "rang_TedS_MOOV": 2,
        "rang_TR3_ORANGE": 1,
        "rang_TR3_MTN": 1,
        "rang_TR3_MOOV": 1,
        "rang_TS_ORANGE": 1,
        "rang_TS_MTN": 1,
        "rang_TS_MOOV": 1,
        "rang_TeRd_ORANGE": 1,
        "rang_TeRd_MTN": 3,
        "rang_TeRd_MOOV": 2
      },
      "id": 6
    },
    {
      "type": "Feature",
      "geometry": {
        "coordinates": [
          -3.73689,
          5.18266
        ],
        "type": "Point"
      },
      "properties": {
        "ADM0_FR": "COMOE",
        "ADM0_PCODE": "CI02",
        "ADM1_FR": "SUD-COMOE",
        "ADM1_PCODE": "CI130",
        "ADM2_FR": "GRAND-BASSAM",
        "ADM2_PCODE": "CI3003",
        "ADM3_FR": "GRAND-BASSAM",
        "ADM3_PCODE": "CI300303",
        "ADM4_FR": "GRAND-BASSAM",
        "ADM4_PCODE": "C3367",
        "centerLat": 5.19266,
        "centerLng": -3.72689,
        "pop": 74671,
        "TeS_MOOV": 0.0,
        "TedS_MOOV": 100.0,
        "TR3_MOOV": 0,
        "TeRd_MOOV": 100.0,
        "TS_MOOV": 100,
        "TeS_MTN": 0.0,
        "TedS_MTN": 99.55000000000001,
        "TR3_MTN": 0.0,
        "TeRd_MTN": 100.0,
        "TS_MTN": 100,
        "TeS_ORANGE": 0.0,
        "TedS_ORANGE": 99.55000000000001,
        "TR3_ORANGE": 0.0,
        "TeRd_ORANGE": 100.0,
        "TS_ORANGE": 100.0,
        "rang_TeS_ORANGE": 1,
        "rang_TeS_MTN": 1,
        "rang_TeS_MOOV": 1,
        "rang_TedS_ORANGE": 2,
        "rang_TedS_MTN": 2,
        "rang_TedS_MOOV": 1,
        "rang_TR3_ORANGE": 1,
        "rang_TR3_MTN": 1,
        "rang_TR3_MOOV": 1,
        "rang_TS_ORANGE": 1,
        "rang_TS_MTN": 1,
        "rang_TS_MOOV": 1,
        "rang_TeRd_ORANGE": 1,
        "rang_TeRd_MTN": 1,
        "rang_TeRd_MOOV": 1
      },
      "id": 7
    },
    {
      "type": "Feature",
      "geometry": {
        "coordinates": [
          -3.95836,
          5.29249
        ],
        "type": "Point"
      },
      "properties": {
        "ADM0_FR": "DISTRICT AUTONOME D'ABIDJAN",
        "ADM0_PCODE": "CI04",
        "ADM1_FR": "DISTRICT AUTONOME D'ABIDJAN",
        "ADM1_PCODE": "CI101",
        "ADM2_FR": "ABIDJAN",
        "ADM2_PCODE": "CI0101",
        "ADM3_FR": "ABIDJAN",
        "ADM3_PCODE": "CI010101",
        "ADM4_FR": "KOUMASSI",
        "ADM4_PCODE": "C4694",
        "centerLat": 5.30249,
        "centerLng": -3.94836,
        "pop": 433139,
        "TeS_MOOV": 0.0,
        "TedS_MOOV": 98.5,
        "TR3_MOOV": 0,
        "TeRd_MOOV": 100.0,
        "TS_MOOV": 100,
        "TeS_MTN": 0.0,
        "TedS_MTN": 99.24,
        "TR3_MTN": 0.0,
        "TeRd_MTN": 100.0,
        "TS_MTN": 100,
        "TeS_ORANGE": 0.0,
        "TedS_ORANGE": 99.62,
        "TR3_ORANGE": 0.0,
        "TeRd_ORANGE": 100.0,
        "TS_ORANGE": 100.0,
        "rang_TeS_ORANGE": 1,
        "rang_TeS_MTN": 1,
        "rang_TeS_MOOV": 1,
        "rang_TedS_ORANGE": 1,
        "rang_TedS_MTN": 2,
        "rang_TedS_MOOV": 3,
        "rang_TR3_ORANGE": 1,
        "rang_TR3_MTN": 1,
        "rang_TR3_MOOV": 1,
        "rang_TS_ORANGE": 1,
        "rang_TS_MTN": 1,
        "rang_TS_MOOV": 1,
        "rang_TeRd_ORANGE": 1,
        "rang_TeRd_MTN": 1,
        "rang_TeRd_MOOV": 1
      },
      "id": 8
    },
    {
      "type": "Feature",
      "geometry": {
        "coordinates": [
          -3.99251,
          5.28932
        ],
        "type": "Point"
      },
      "properties": {
        "ADM0_FR": "DISTRICT AUTONOME D'ABIDJAN",
        "ADM0_PCODE": "CI04",
        "ADM1_FR": "DISTRICT AUTONOME D'ABIDJAN",
        "ADM1_PCODE": "CI101",
        "ADM2_FR": "ABIDJAN",
        "ADM2_PCODE": "CI0101",
        "ADM3_FR": "ABIDJAN",
        "ADM3_PCODE": "CI010101",
        "ADM4_FR": "MARCORY",
        "ADM4_PCODE": "C5375",
        "centerLat": 5.29932,
        "centerLng": -3.98251,
        "pop": 249858,
        "TeS_MOOV": 0.0,
        "TedS_MOOV": 96.44,
        "TR3_MOOV": 0,
        "TeRd_MOOV": 100.0,
        "TS_MOOV": 100,
        "TeS_MTN": 0.0,
        "TedS_MTN": 97.23,
        "TR3_MTN": 0.0,
        "TeRd_MTN": 98.42,
        "TS_MTN": 100,
        "TeS_ORANGE": 0.0,
        "TedS_ORANGE": 99.61,
        "TR3_ORANGE": 0.0,
        "TeRd_ORANGE": 99.61,
        "TS_ORANGE": 100.0,
        "rang_TeS_ORANGE": 1,
        "rang_TeS_MTN": 1,
        "rang_TeS_MOOV": 1,
        "rang_TedS_ORANGE": 1,
        "rang_TedS_MTN": 2,
        "rang_TedS_MOOV": 3,
        "rang_TR3_ORANGE": 1,
        "rang_TR3_MTN": 1,
        "rang_TR3_MOOV": 1,
        "rang_TS_ORANGE": 1,
        "rang_TS_MTN": 1,
        "rang_TS_MOOV": 1,
        "rang_TeRd_ORANGE": 2,
        "rang_TeRd_MTN": 3,
        "rang_TeRd_MOOV": 1
      },
      "id": 9
    },
    {
      "type": "Feature",
      "geometry": {
        "coordinates": [
          -4.0316399999999994,
          5.31517
        ],
        "type": "Point"
      },
      "properties": {
        "ADM0_FR": "DISTRICT AUTONOME D'ABIDJAN",
        "ADM0_PCODE": "CI04",
        "ADM1_FR": "DISTRICT AUTONOME D'ABIDJAN",
        "ADM1_PCODE": "CI101",
        "ADM2_FR": "ABIDJAN",
        "ADM2_PCODE": "CI0101",
        "ADM3_FR": "ABIDJAN",
        "ADM3_PCODE": "CI010101",
        "ADM4_FR": "PLATEAU",
        "ADM4_PCODE": "C6556",
        "centerLat": 5.32517,
        "centerLng": -4.02164,
        "pop": 7488,
        "TeS_MOOV": 0.0,
        "TedS_MOOV": 97.00999999999999,
        "TR3_MOOV": 0,
        "TeRd_MOOV": 99.57000000000001,
        "TS_MOOV": 100,
        "TeS_MTN": 0.0,
        "TedS_MTN": 98.72,
        "TR3_MTN": 0.0,
        "TeRd_MTN": 100.0,
        "TS_MTN": 100,
        "TeS_ORANGE": 0.0,
        "TedS_ORANGE": 99.5,
        "TR3_ORANGE": 0.0,
        "TeRd_ORANGE": 100.0,
        "TS_ORANGE": 100.0,
        "rang_TeS_ORANGE": 1,
        "rang_TeS_MTN": 1,
        "rang_TeS_MOOV": 1,
        "rang_TedS_ORANGE": 1,
        "rang_TedS_MTN": 2,
        "rang_TedS_MOOV": 3,
        "rang_TR3_ORANGE": 1,
        "rang_TR3_MTN": 1,
        "rang_TR3_MOOV": 1,
        "rang_TS_ORANGE": 1,
        "rang_TS_MTN": 1,
        "rang_TS_MOOV": 1,
        "rang_TeRd_ORANGE": 1,
        "rang_TeRd_MTN": 1,
        "rang_TeRd_MOOV": 3
      },
      "id": 10
    },
    {
      "type": "Feature",
      "geometry": {
        "coordinates": [
          -3.968626,
          5.246881
        ],
        "type": "Point"
      },
      "properties": {
        "ADM0_FR": "DISTRICT AUTONOME D'ABIDJAN",
        "ADM0_PCODE": "CI04",
        "ADM1_FR": "DISTRICT AUTONOME D'ABIDJAN",
        "ADM1_PCODE": "CI101",
        "ADM2_FR": "ABIDJAN",
        "ADM2_PCODE": "CI0101",
        "ADM3_FR": "ABIDJAN",
        "ADM3_PCODE": "CI010101",
        "ADM4_FR": "PORT-BOUET",
        "ADM4_PCODE": "C6619",
        "centerLat": 5.256881,
        "centerLng": -3.958626,
        "pop": 419033,
        "TeS_MOOV": 0.0,
        "TedS_MOOV": 100.0,
        "TR3_MOOV": 0,
        "TeRd_MOOV": 100.0,
        "TS_MOOV": 100,
        "TeS_MTN": 0.0,
        "TedS_MTN": 99.61,
        "TR3_MTN": 0.0,
        "TeRd_MTN": 100.0,
        "TS_MTN": 100,
        "TeS_ORANGE": 0.0,
        "TedS_ORANGE": 99.61,
        "TR3_ORANGE": 0.0,
        "TeRd_ORANGE": 100.0,
        "TS_ORANGE": 100.0,
        "rang_TeS_ORANGE": 1,
        "rang_TeS_MTN": 1,
        "rang_TeS_MOOV": 1,
        "rang_TedS_ORANGE": 2,
        "rang_TedS_MTN": 2,
        "rang_TedS_MOOV": 1,
        "rang_TR3_ORANGE": 1,
        "rang_TR3_MTN": 1,
        "rang_TR3_MOOV": 1,
        "rang_TS_ORANGE": 1,
        "rang_TS_MTN": 1,
        "rang_TS_MOOV": 1,
        "rang_TeRd_ORANGE": 1,
        "rang_TeRd_MTN": 1,
        "rang_TeRd_MOOV": 1
      },
      "id": 11
    },
    {
      "type": "Feature",
      "geometry": {
        "coordinates": [
          -4.02044,
          5.2809800000000005
        ],
        "type": "Point"
      },
      "properties": {
        "ADM0_FR": "DISTRICT AUTONOME D'ABIDJAN",
        "ADM0_PCODE": "CI04",
        "ADM1_FR": "DISTRICT AUTONOME D'ABIDJAN",
        "ADM1_PCODE": "CI101",
        "ADM2_FR": "ABIDJAN",
        "ADM2_PCODE": "CI0101",
        "ADM3_FR": "ABIDJAN",
        "ADM3_PCODE": "CI010101",
        "ADM4_FR": "TREICHVILLE",
        "ADM4_PCODE": "C7913",
        "centerLat": 5.29098,
        "centerLng": -4.01044,
        "pop": 102580,
        "TeS_MOOV": 0.0,
        "TedS_MOOV": 97.78999999999999,
        "TR3_MOOV": 0,
        "TeRd_MOOV": 99.63,
        "TS_MOOV": 100,
        "TeS_MTN": 0.0,
        "TedS_MTN": 99.63,
        "TR3_MTN": 0.0,
        "TeRd_MTN": 100.0,
        "TS_MTN": 100,
        "TeS_ORANGE": 0.0,
        "TedS_ORANGE": 98.52,
        "TR3_ORANGE": 0.0,
        "TeRd_ORANGE": 99.26,
        "TS_ORANGE": 100.0,
        "rang_TeS_ORANGE": 1,
        "rang_TeS_MTN": 1,
        "rang_TeS_MOOV": 1,
        "rang_TedS_ORANGE": 2,
        "rang_TedS_MTN": 1,
        "rang_TedS_MOOV": 3,
        "rang_TR3_ORANGE": 1,
        "rang_TR3_MTN": 1,
        "rang_TR3_MOOV": 1,
        "rang_TS_ORANGE": 1,
        "rang_TS_MTN": 1,
        "rang_TS_MOOV": 1,
        "rang_TeRd_ORANGE": 3,
        "rang_TeRd_MTN": 1,
        "rang_TeRd_MOOV": 2
      },
      "id": 12
    },
    {
      "type": "Feature",
      "geometry": {
        "coordinates": [
          -4.10015,
          5.2984800000000005
        ],
        "type": "Point"
      },
      "properties": {
        "ADM0_FR": "DISTRICT AUTONOME D'ABIDJAN",
        "ADM0_PCODE": "CI04",
        "ADM1_FR": "DISTRICT AUTONOME D'ABIDJAN",
        "ADM1_PCODE": "CI101",
        "ADM2_FR": "ABIDJAN",
        "ADM2_PCODE": "CI0101",
        "ADM3_FR": "ABIDJAN",
        "ADM3_PCODE": "CI010101",
        "ADM4_FR": "YOPOUGON",
        "ADM4_PCODE": "C8230",
        "centerLat": 5.30848,
        "centerLng": -4.09015,
        "pop": 1071543,
        "TeS_MOOV": 0.0,
        "TedS_MOOV": 98.78,
        "TR3_MOOV": 0,
        "TeRd_MOOV": 100.0,
        "TS_MOOV": 100,
        "TeS_MTN": 0.0,
        "TedS_MTN": 99.76,
        "TR3_MTN": 0.0,
        "TeRd_MTN": 99.27,
        "TS_MTN": 100,
        "TeS_ORANGE": 0.0,
        "TedS_ORANGE": 99.26,
        "TR3_ORANGE": 0.0,
        "TeRd_ORANGE": 100.0,
        "TS_ORANGE": 100.0,
        "rang_TeS_ORANGE": 1,
        "rang_TeS_MTN": 1,
        "rang_TeS_MOOV": 1,
        "rang_TedS_ORANGE": 2,
        "rang_TedS_MTN": 1,
        "rang_TedS_MOOV": 3,
        "rang_TR3_ORANGE": 1,
        "rang_TR3_MTN": 1,
        "rang_TR3_MOOV": 1,
        "rang_TS_ORANGE": 1,
        "rang_TS_MTN": 1,
        "rang_TS_MOOV": 1,
        "rang_TeRd_ORANGE": 1,
        "rang_TeRd_MTN": 3,
        "rang_TeRd_MOOV": 1
      },
      "id": 13
    },
    {
      "type": "Feature",
      "geometry": {
        "coordinates": [
          -3.50676,
          6.7183600000000006
        ],
        "type": "Point"
      },
      "properties": {
        "ADM0_FR": "COMOE",
        "ADM0_PCODE": "CI02",
        "ADM1_FR": "INDENIE-DJUABLIN",
        "ADM1_PCODE": "CI120",
        "ADM2_FR": "ABENGOUROU",
        "ADM2_PCODE": "CI2001",
        "ADM3_FR": "ABENGOUROU",
        "ADM3_PCODE": "CI200101",
        "ADM4_FR": "ABENGOUROU",
        "ADM4_PCODE": "C0014",
        "centerLat": 6.72836,
        "centerLng": -3.49676,
        "pop": 100910,
        "TeS_MOOV": 0.0,
        "TedS_MOOV": 98.8,
        "TR3_MOOV": 0,
        "TeRd_MOOV": 100.0,
        "TS_MOOV": 100,
        "TeS_MTN": 0.0,
        "TedS_MTN": 100.0,
        "TR3_MTN": 0.0,
        "TeRd_MTN": 100.0,
        "TS_MTN": 100,
        "TeS_ORANGE": 0.0,
        "TedS_ORANGE": 99.6,
        "TR3_ORANGE": 0.0,
        "TeRd_ORANGE": 100.0,
        "TS_ORANGE": 100.0,
        "rang_TeS_ORANGE": 1,
        "rang_TeS_MTN": 1,
        "rang_TeS_MOOV": 1,
        "rang_TedS_ORANGE": 2,
        "rang_TedS_MTN": 1,
        "rang_TedS_MOOV": 3,
        "rang_TR3_ORANGE": 1,
        "rang_TR3_MTN": 1,
        "rang_TR3_MOOV": 1,
        "rang_TS_ORANGE": 1,
        "rang_TS_MTN": 1,
        "rang_TS_MOOV": 1,
        "rang_TeRd_ORANGE": 1,
        "rang_TeRd_MTN": 1,
        "rang_TeRd_MOOV": 1
      },
      "id": 14
    },
    {
      "type": "Feature",
      "geometry": {
        "coordinates": [
          -3.87622,
          6.099600000000001
        ],
        "type": "Point"
      },
      "properties": {
        "ADM0_FR": "LAGUNES",
        "ADM0_PCODE": "CI08",
        "ADM1_FR": "LA ME",
        "ADM1_PCODE": "CI124",
        "ADM2_FR": "ADZOPE",
        "ADM2_PCODE": "CI2401",
        "ADM3_FR": "ADZOPE",
        "ADM3_PCODE": "CI240101",
        "ADM4_FR": "ADZOPE",
        "ADM4_PCODE": "C0176",
        "centerLat": 6.1096,
        "centerLng": -3.86622,
        "pop": 58722,
        "TeS_MOOV": 0.0,
        "TedS_MOOV": 98.09,
        "TR3_MOOV": 0,
        "TeRd_MOOV": 100.0,
        "TS_MOOV": 100,
        "TeS_MTN": 0.0,
        "TedS_MTN": 98.56,
        "TR3_MTN": 0.0,
        "TeRd_MTN": 100.0,
        "TS_MTN": 100,
        "TeS_ORANGE": 0.0,
        "TedS_ORANGE": 99.52,
        "TR3_ORANGE": 0.0,
        "TeRd_ORANGE": 100.0,
        "TS_ORANGE": 100.0,
        "rang_TeS_ORANGE": 1,
        "rang_TeS_MTN": 1,
        "rang_TeS_MOOV": 1,
        "rang_TedS_ORANGE": 1,
        "rang_TedS_MTN": 2,
        "rang_TedS_MOOV": 3,
        "rang_TR3_ORANGE": 1,
        "rang_TR3_MTN": 1,
        "rang_TR3_MOOV": 1,
        "rang_TS_ORANGE": 1,
        "rang_TS_MTN": 1,
        "rang_TS_MOOV": 1,
        "rang_TeRd_ORANGE": 1,
        "rang_TeRd_MTN": 1,
        "rang_TeRd_MOOV": 1
      },
      "id": 15
    },
    {
      "type": "Feature",
      "geometry": {
        "coordinates": [
          -3.29996,
          5.12392
        ],
        "type": "Point"
      },
      "properties": {
        "ADM0_FR": "COMOE",
        "ADM0_PCODE": "CI02",
        "ADM1_FR": "SUD-COMOE",
        "ADM1_PCODE": "CI130",
        "ADM2_FR": "ADIAKE",
        "ADM2_PCODE": "CI3002",
        "ADM3_FR": "ASSINIE-MAFIA",
        "ADM3_PCODE": "CI300202",
        "ADM4_FR": "ASSINIE-MAFIA",
        "ADM4_PCODE": "C0685",
        "centerLat": 5.13392,
        "centerLng": -3.28996,
        "pop": 5661,
        "TeS_MOOV": 1.0,
        "TedS_MOOV": 98.99,
        "TR3_MOOV": 0,
        "TeRd_MOOV": 100.0,
        "TS_MOOV": 100,
        "TeS_MTN": 0.0,
        "TedS_MTN": 98.99,
        "TR3_MTN": 0.0,
        "TeRd_MTN": 100.0,
        "TS_MTN": 100,
        "TeS_ORANGE": 0.0,
        "TedS_ORANGE": 98.99,
        "TR3_ORANGE": 0.0,
        "TeRd_ORANGE": 100.0,
        "TS_ORANGE": 100.0,
        "rang_TeS_ORANGE": 1,
        "rang_TeS_MTN": 1,
        "rang_TeS_MOOV": 3,
        "rang_TedS_ORANGE": 1,
        "rang_TedS_MTN": 1,
        "rang_TedS_MOOV": 1,
        "rang_TR3_ORANGE": 1,
        "rang_TR3_MTN": 1,
        "rang_TR3_MOOV": 1,
        "rang_TS_ORANGE": 1,
        "rang_TS_MTN": 1,
        "rang_TS_MOOV": 1,
        "rang_TeRd_ORANGE": 1,
        "rang_TeRd_MTN": 1,
        "rang_TeRd_MOOV": 1
      },
      "id": 16
    },
    {
      "type": "Feature",
      "geometry": {
        "coordinates": [
          -4.09075,
          5.63569
        ],
        "type": "Point"
      },
      "properties": {
        "ADM0_FR": "LAGUNES",
        "ADM0_PCODE": "CI08",
        "ADM1_FR": "AGNEBY-TIASSA",
        "ADM1_PCODE": "CI103",
        "ADM2_FR": "AGBOVILLE",
        "ADM2_PCODE": "CI0301",
        "ADM3_FR": "AZAGUIE",
        "ADM3_PCODE": "CI030105",
        "ADM4_FR": "AZAGUIÉ",
        "ADM4_PCODE": "C0780",
        "centerLat": 5.64569,
        "centerLng": -4.08075,
        "pop": 13876,
        "TeS_MOOV": 0.0,
        "TedS_MOOV": 98.99,
        "TR3_MOOV": 0,
        "TeRd_MOOV": 100.0,
        "TS_MOOV": 100,
        "TeS_MTN": 0.0,
        "TedS_MTN": 100.0,
        "TR3_MTN": 0.0,
        "TeRd_MTN": 100.0,
        "TS_MTN": 100,
        "TeS_ORANGE": 0.0,
        "TedS_ORANGE": 100.0,
        "TR3_ORANGE": 0.0,
        "TeRd_ORANGE": 100.0,
        "TS_ORANGE": 100.0,
        "rang_TeS_ORANGE": 1,
        "rang_TeS_MTN": 1,
        "rang_TeS_MOOV": 1,
        "rang_TedS_ORANGE": 1,
        "rang_TedS_MTN": 1,
        "rang_TedS_MOOV": 3,
        "rang_TR3_ORANGE": 1,
        "rang_TR3_MTN": 1,
        "rang_TR3_MOOV": 1,
        "rang_TS_ORANGE": 1,
        "rang_TS_MTN": 1,
        "rang_TS_MOOV": 1,
        "rang_TeRd_ORANGE": 1,
        "rang_TeRd_MTN": 1,
        "rang_TeRd_MOOV": 1
      },
      "id": 17
    },
    {
      "type": "Feature",
      "geometry": {
        "coordinates": [
          -3.4210299999999996,
          6.06518
        ],
        "type": "Point"
      },
      "properties": {
        "ADM0_FR": "COMOE",
        "ADM0_PCODE": "CI02",
        "ADM1_FR": "INDENIE-DJUABLIN",
        "ADM1_PCODE": "CI120",
        "ADM2_FR": "BETTIE",
        "ADM2_PCODE": "CI2003",
        "ADM3_FR": "BETTIE",
        "ADM3_PCODE": "CI200301",
        "ADM4_FR": "BETTIE",
        "ADM4_PCODE": "C1143",
        "centerLat": 6.07518,
        "centerLng": -3.41103,
        "pop": 8455,
        "TeS_MOOV": 0.0,
        "TedS_MOOV": 98.78,
        "TR3_MOOV": 0,
        "TeRd_MOOV": 100.0,
        "TS_MOOV": 100,
        "TeS_MTN": 0.0,
        "TedS_MTN": 99.39,
        "TR3_MTN": 0.0,
        "TeRd_MTN": 99.39,
        "TS_MTN": 100,
        "TeS_ORANGE": 2.11,
        "TedS_ORANGE": 71.22,
        "TR3_ORANGE": 0.0,
        "TeRd_ORANGE": 73.38,
        "TS_ORANGE": 100.0,
        "rang_TeS_ORANGE": 3,
        "rang_TeS_MTN": 1,
        "rang_TeS_MOOV": 1,
        "rang_TedS_ORANGE": 3,
        "rang_TedS_MTN": 1,
        "rang_TedS_MOOV": 2,
        "rang_TR3_ORANGE": 1,
        "rang_TR3_MTN": 1,
        "rang_TR3_MOOV": 1,
        "rang_TS_ORANGE": 1,
        "rang_TS_MTN": 1,
        "rang_TS_MOOV": 1,
        "rang_TeRd_ORANGE": 3,
        "rang_TeRd_MTN": 2,
        "rang_TeRd_MOOV": 1
      },
      "id": 18
    },
    {
      "type": "Feature",
      "geometry": {
        "coordinates": [
          -8.01319,
          6.56065
        ],
        "type": "Point"
      },
      "properties": {
        "ADM0_FR": "MONTAGNES",
        "ADM0_PCODE": "CI09",
        "ADM1_FR": "CAVALLY",
        "ADM1_PCODE": "CI109",
        "ADM2_FR": "BLOLEQUIN",
        "ADM2_PCODE": "CI0901",
        "ADM3_FR": "BLOLEQUIN",
        "ADM3_PCODE": "CI090101",
        "ADM4_FR": "BLOLÉQUIN",
        "ADM4_PCODE": "C1290",
        "centerLat": 6.57065,
        "centerLng": -8.00319,
        "pop": 32262,
        "TeS_MOOV": 1.34,
        "TedS_MOOV": 52.38,
        "TR3_MOOV": 0,
        "TeRd_MOOV": 80.27,
        "TS_MOOV": 100,
        "TeS_MTN": 0.0,
        "TedS_MTN": 99.33999999999999,
        "TR3_MTN": 0.0,
        "TeRd_MTN": 100.0,
        "TS_MTN": 100,
        "TeS_ORANGE": 0.0,
        "TedS_ORANGE": 98.68,
        "TR3_ORANGE": 0.0,
        "TeRd_ORANGE": 99.33999999999999,
        "TS_ORANGE": 100.0,
        "rang_TeS_ORANGE": 1,
        "rang_TeS_MTN": 1,
        "rang_TeS_MOOV": 3,
        "rang_TedS_ORANGE": 2,
        "rang_TedS_MTN": 1,
        "rang_TedS_MOOV": 3,
        "rang_TR3_ORANGE": 1,
        "rang_TR3_MTN": 1,
        "rang_TR3_MOOV": 1,
        "rang_TS_ORANGE": 1,
        "rang_TS_MTN": 1,
        "rang_TS_MOOV": 1,
        "rang_TeRd_ORANGE": 2,
        "rang_TeRd_MTN": 1,
        "rang_TeRd_MOOV": 3
      },
      "id": 19
    },
    {
      "type": "Feature",
      "geometry": {
        "coordinates": [
          -2.8099999999999996,
          8.03
        ],
        "type": "Point"
      },
      "properties": {
        "ADM0_FR": "COMOE",
        "ADM0_PCODE": "CI02",
        "ADM1_FR": "SUD-COMOE",
        "ADM1_PCODE": "CI130",
        "ADM2_FR": "ADIAKE",
        "ADM2_PCODE": "CI3002",
        "ADM3_FR": "ADIAKE",
        "ADM3_PCODE": "CI300201",
        "ADM4_FR": "BONDOUKOU",
        "ADM4_PCODE": "C1424",
        "centerLat": 8.04,
        "centerLng": -2.8,
        "pop": 1837,
        "TeS_MOOV": 0.0,
        "TedS_MOOV": 96.7,
        "TR3_MOOV": 0,
        "TeRd_MOOV": 99.53,
        "TS_MOOV": 100,
        "TeS_MTN": 0.47000000000000003,
        "TedS_MTN": 98.58,
        "TR3_MTN": 0.0,
        "TeRd_MTN": 100.0,
        "TS_MTN": 100,
        "TeS_ORANGE": 0.0,
        "TedS_ORANGE": 99.05000000000001,
        "TR3_ORANGE": 0.0,
        "TeRd_ORANGE": 100.0,
        "TS_ORANGE": 100.0,
        "rang_TeS_ORANGE": 1,
        "rang_TeS_MTN": 3,
        "rang_TeS_MOOV": 1,
        "rang_TedS_ORANGE": 1,
        "rang_TedS_MTN": 2,
        "rang_TedS_MOOV": 3,
        "rang_TR3_ORANGE": 1,
        "rang_TR3_MTN": 1,
        "rang_TR3_MOOV": 1,
        "rang_TS_ORANGE": 1,
        "rang_TS_MTN": 1,
        "rang_TS_MOOV": 1,
        "rang_TeRd_ORANGE": 1,
        "rang_TeRd_MTN": 1,
        "rang_TeRd_MOOV": 3
      },
      "id": 20
    },
    {
      "type": "Feature",
      "geometry": {
        "coordinates": [
          -5.03961,
          7.67791
        ],
        "type": "Point"
      },
      "properties": {
        "ADM0_FR": "VALLEE DU BANDAMA",
        "ADM0_PCODE": "CI12",
        "ADM1_FR": "GBEKE",
        "ADM1_PCODE": "CI111",
        "ADM2_FR": "BOUAKE",
        "ADM2_PCODE": "CI1103",
        "ADM3_FR": "BOUAKE",
        "ADM3_PCODE": "CI110301",
        "ADM4_FR": "BOUAKÉ",
        "ADM4_PCODE": "C1507",
        "centerLat": 7.68791,
        "centerLng": -5.02961,
        "pop": 536719,
        "TeS_MOOV": 0.0,
        "TedS_MOOV": 98.36,
        "TR3_MOOV": 0,
        "TeRd_MOOV": 100.0,
        "TS_MOOV": 100,
        "TeS_MTN": 0.33,
        "TedS_MTN": 96.69,
        "TR3_MTN": 0.0,
        "TeRd_MTN": 99.67,
        "TS_MTN": 100,
        "TeS_ORANGE": 0.0,
        "TedS_ORANGE": 98.03,
        "TR3_ORANGE": 0.9900000000000001,
        "TeRd_ORANGE": 98.03,
        "TS_ORANGE": 100.0,
        "rang_TeS_ORANGE": 1,
        "rang_TeS_MTN": 3,
        "rang_TeS_MOOV": 1,
        "rang_TedS_ORANGE": 2,
        "rang_TedS_MTN": 3,
        "rang_TedS_MOOV": 1,
        "rang_TR3_ORANGE": 3,
        "rang_TR3_MTN": 1,
        "rang_TR3_MOOV": 1,
        "rang_TS_ORANGE": 1,
        "rang_TS_MTN": 1,
        "rang_TS_MOOV": 1,
        "rang_TeRd_ORANGE": 3,
        "rang_TeRd_MTN": 2,
        "rang_TeRd_MOOV": 1
      },
      "id": 21
    },
    {
      "type": "Feature",
      "geometry": {
        "coordinates": [
          -4.215,
          6.63971
        ],
        "type": "Point"
      },
      "properties": {
        "ADM0_FR": "LACS",
        "ADM0_PCODE": "CI07",
        "ADM1_FR": "MORONOU",
        "ADM1_PCODE": "CI125",
        "ADM2_FR": "BONGOUANOU",
        "ADM2_PCODE": "CI2502",
        "ADM3_FR": "BONGOUANOU",
        "ADM3_PCODE": "CI250203",
        "ADM4_FR": "BONGOUANOU",
        "ADM4_PCODE": "C1436",
        "centerLat": 6.64971,
        "centerLng": -4.205,
        "pop": 28064,
        "TeS_MOOV": 0.49,
        "TedS_MOOV": 97.54,
        "TR3_MOOV": 0,
        "TeRd_MOOV": 98.03,
        "TS_MOOV": 100,
        "TeS_MTN": 0.0,
        "TedS_MTN": 99.02,
        "TR3_MTN": 0.0,
        "TeRd_MTN": 100.0,
        "TS_MTN": 100,
        "TeS_ORANGE": 0.0,
        "TedS_ORANGE": 98.53,
        "TR3_ORANGE": 0.0,
        "TeRd_ORANGE": 100.0,
        "TS_ORANGE": 100.0,
        "rang_TeS_ORANGE": 1,
        "rang_TeS_MTN": 1,
        "rang_TeS_MOOV": 3,
        "rang_TedS_ORANGE": 2,
        "rang_TedS_MTN": 1,
        "rang_TedS_MOOV": 3,
        "rang_TR3_ORANGE": 1,
        "rang_TR3_MTN": 1,
        "rang_TR3_MOOV": 1,
        "rang_TS_ORANGE": 1,
        "rang_TS_MTN": 1,
        "rang_TS_MOOV": 1,
        "rang_TeRd_ORANGE": 1,
        "rang_TeRd_MTN": 1,
        "rang_TeRd_MOOV": 3
      },
      "id": 22
    },
    {
      "type": "Feature",
      "geometry": {
        "coordinates": [
          -3.0090899999999996,
          9.25864
        ],
        "type": "Point"
      },
      "properties": {
        "ADM0_FR": "ZANZAN",
        "ADM0_PCODE": "CI14",
        "ADM1_FR": "BOUNKANI",
        "ADM1_PCODE": "CI108",
        "ADM2_FR": "BOUNA",
        "ADM2_PCODE": "CI0801",
        "ADM3_FR": "BOUNA",
        "ADM3_PCODE": "CI080102",
        "ADM4_FR": "BOUNA",
        "ADM4_PCODE": "C1550",
        "centerLat": 9.26864,
        "centerLng": -2.99909,
        "pop": 18755,
        "TeS_MOOV": 0.0,
        "TedS_MOOV": 99.07000000000001,
        "TR3_MOOV": 0,
        "TeRd_MOOV": 100.0,
        "TS_MOOV": 100,
        "TeS_MTN": 0.47000000000000003,
        "TedS_MTN": 99.53,
        "TR3_MTN": 0.0,
        "TeRd_MTN": 100.0,
        "TS_MTN": 100,
        "TeS_ORANGE": 1.4000000000000001,
        "TedS_ORANGE": 98.58,
        "TR3_ORANGE": 0.0,
        "TeRd_ORANGE": 99.53,
        "TS_ORANGE": 100.0,
        "rang_TeS_ORANGE": 3,
        "rang_TeS_MTN": 2,
        "rang_TeS_MOOV": 1,
        "rang_TedS_ORANGE": 3,
        "rang_TedS_MTN": 1,
        "rang_TedS_MOOV": 2,
        "rang_TR3_ORANGE": 1,
        "rang_TR3_MTN": 1,
        "rang_TR3_MOOV": 1,
        "rang_TS_ORANGE": 1,
        "rang_TS_MTN": 1,
        "rang_TS_MOOV": 1,
        "rang_TeRd_ORANGE": 3,
        "rang_TeRd_MTN": 1,
        "rang_TeRd_MOOV": 1
      },
      "id": 23
    },
    {
      "type": "Feature",
      "geometry": {
        "coordinates": [
          -4.43938,
          8.35405
        ],
        "type": "Point"
      },
      "properties": {
        "ADM0_FR": "VALLEE DU BANDAMA",
        "ADM0_PCODE": "CI12",
        "ADM1_FR": "HAMBOL",
        "ADM1_PCODE": "CI117",
        "ADM2_FR": "DABAKALA",
        "ADM2_PCODE": "CI1701",
        "ADM3_FR": "DABAKALA",
        "ADM3_PCODE": "CI170103",
        "ADM4_FR": "DABAKALA",
        "ADM4_PCODE": "C1689",
        "centerLat": 8.36405,
        "centerLng": -4.42938,
        "pop": 14134,
        "TeS_MOOV": 0.0,
        "TedS_MOOV": 98.06,
        "TR3_MOOV": 0,
        "TeRd_MOOV": 99.35000000000001,
        "TS_MOOV": 100,
        "TeS_MTN": 0.0,
        "TedS_MTN": 99.35000000000001,
        "TR3_MTN": 0.0,
        "TeRd_MTN": 100.0,
        "TS_MTN": 100,
        "TeS_ORANGE": 0.0,
        "TedS_ORANGE": 99.36,
        "TR3_ORANGE": 0.0,
        "TeRd_ORANGE": 100.0,
        "TS_ORANGE": 100.0,
        "rang_TeS_ORANGE": 1,
        "rang_TeS_MTN": 1,
        "rang_TeS_MOOV": 1,
        "rang_TedS_ORANGE": 1,
        "rang_TedS_MTN": 2,
        "rang_TedS_MOOV": 3,
        "rang_TR3_ORANGE": 1,
        "rang_TR3_MTN": 1,
        "rang_TR3_MOOV": 1,
        "rang_TS_ORANGE": 1,
        "rang_TS_MTN": 1,
        "rang_TS_MOOV": 1,
        "rang_TeRd_ORANGE": 1,
        "rang_TeRd_MTN": 1,
        "rang_TeRd_MOOV": 3
      },
      "id": 24
    },
    {
      "type": "Feature",
      "geometry": {
        "coordinates": [
          -6.4586,
          6.878150000000001
        ],
        "type": "Point"
      },
      "properties": {
        "ADM0_FR": "SASSANDRA-MARAHOUE",
        "ADM0_PCODE": "CI10",
        "ADM1_FR": "HAUT-SASSANDRA",
        "ADM1_PCODE": "CI118",
        "ADM2_FR": "DALOA",
        "ADM2_PCODE": "CI1801",
        "ADM3_FR": "DALOA",
        "ADM3_PCODE": "CI180102",
        "ADM4_FR": "DALOA",
        "ADM4_PCODE": "C1779",
        "centerLat": 6.88815,
        "centerLng": -6.4486,
        "pop": 245360,
        "TeS_MOOV": 0.0,
        "TedS_MOOV": 98.50999999999999,
        "TR3_MOOV": 0,
        "TeRd_MOOV": 100.0,
        "TS_MOOV": 100,
        "TeS_MTN": 0.0,
        "TedS_MTN": 99.51,
        "TR3_MTN": 0.0,
        "TeRd_MTN": 100.0,
        "TS_MTN": 100,
        "TeS_ORANGE": 0.0,
        "TedS_ORANGE": 98.48,
        "TR3_ORANGE": 8.59,
        "TeRd_ORANGE": 78.28,
        "TS_ORANGE": 99.49,
        "rang_TeS_ORANGE": 1,
        "rang_TeS_MTN": 1,
        "rang_TeS_MOOV": 1,
        "rang_TedS_ORANGE": 3,
        "rang_TedS_MTN": 1,
        "rang_TedS_MOOV": 2,
        "rang_TR3_ORANGE": 3,
        "rang_TR3_MTN": 1,
        "rang_TR3_MOOV": 1,
        "rang_TS_ORANGE": 3,
        "rang_TS_MTN": 1,
        "rang_TS_MOOV": 1,
        "rang_TeRd_ORANGE": 3,
        "rang_TeRd_MTN": 1,
        "rang_TeRd_MOOV": 1
      },
      "id": 25
    },
    {
      "type": "Feature",
      "geometry": {
        "coordinates": [
          -3.97247,
          7.04411
        ],
        "type": "Point"
      },
      "properties": {
        "ADM0_FR": "LACS",
        "ADM0_PCODE": "CI07",
        "ADM1_FR": "IFFOU",
        "ADM1_PCODE": "CI119",
        "ADM2_FR": "DAOUKRO",
        "ADM2_PCODE": "CI1901",
        "ADM3_FR": "DAOUKRO",
        "ADM3_PCODE": "CI190103",
        "ADM4_FR": "DAOUKRO",
        "ADM4_PCODE": "C1821",
        "centerLat": 7.05411,
        "centerLng": -3.96247,
        "pop": 44342,
        "TeS_MOOV": 0.0,
        "TedS_MOOV": 99.53,
        "TR3_MOOV": 0,
        "TeRd_MOOV": 100.0,
        "TS_MOOV": 100,
        "TeS_MTN": 0.0,
        "TedS_MTN": 99.53,
        "TR3_MTN": 0.0,
        "TeRd_MTN": 100.0,
        "TS_MTN": 100,
        "TeS_ORANGE": 0.0,
        "TedS_ORANGE": 100.0,
        "TR3_ORANGE": 0.0,
        "TeRd_ORANGE": 100.0,
        "TS_ORANGE": 100.0,
        "rang_TeS_ORANGE": 1,
        "rang_TeS_MTN": 1,
        "rang_TeS_MOOV": 1,
        "rang_TedS_ORANGE": 1,
        "rang_TedS_MTN": 2,
        "rang_TedS_MOOV": 2,
        "rang_TR3_ORANGE": 1,
        "rang_TR3_MTN": 1,
        "rang_TR3_MOOV": 1,
        "rang_TS_ORANGE": 1,
        "rang_TS_MTN": 1,
        "rang_TS_MOOV": 1,
        "rang_TeRd_ORANGE": 1,
        "rang_TeRd_MTN": 1,
        "rang_TeRd_MOOV": 1
      },
      "id": 26
    },
    {
      "type": "Feature",
      "geometry": {
        "coordinates": [
          -5.84692,
          5.10275
        ],
        "type": "Point"
      },
      "properties": {
        "ADM0_FR": "BAS-SASSANDRA",
        "ADM0_PCODE": "CI01",
        "ADM1_FR": "GBOKLE",
        "ADM1_PCODE": "CI112",
        "ADM2_FR": "FRESCO",
        "ADM2_PCODE": "CI1201",
        "ADM3_FR": "FRESCO",
        "ADM3_PCODE": "CI120102",
        "ADM4_FR": "DASSIOKO",
        "ADM4_PCODE": "C1838",
        "centerLat": 5.11275,
        "centerLng": -5.83692,
        "pop": 4653,
        "TeS_MOOV": 0.0,
        "TedS_MOOV": 98.25,
        "TR3_MOOV": 0,
        "TeRd_MOOV": 100.0,
        "TS_MOOV": 100,
        "TeS_MTN": 0.0,
        "TedS_MTN": 97.22,
        "TR3_MTN": 0.0,
        "TeRd_MTN": 100.0,
        "TS_MTN": 100,
        "TeS_ORANGE": 0.0,
        "TedS_ORANGE": 100.0,
        "TR3_ORANGE": 0.0,
        "TeRd_ORANGE": 100.0,
        "TS_ORANGE": 100.0,
        "rang_TeS_ORANGE": 1,
        "rang_TeS_MTN": 1,
        "rang_TeS_MOOV": 1,
        "rang_TedS_ORANGE": 1,
        "rang_TedS_MTN": 3,
        "rang_TedS_MOOV": 2,
        "rang_TR3_ORANGE": 1,
        "rang_TR3_MTN": 1,
        "rang_TR3_MOOV": 1,
        "rang_TS_ORANGE": 1,
        "rang_TS_MTN": 1,
        "rang_TS_MOOV": 1,
        "rang_TeRd_ORANGE": 1,
        "rang_TeRd_MTN": 1,
        "rang_TeRd_MOOV": 1
      },
      "id": 27
    },
    {
      "type": "Feature",
      "geometry": {
        "coordinates": [
          -6.2642999999999995,
          8.93791
        ],
        "type": "Point"
      },
      "properties": {
        "ADM0_FR": "WOROBA",
        "ADM0_PCODE": "CI13",
        "ADM1_FR": "BERE",
        "ADM1_PCODE": "CI107",
        "ADM2_FR": "DIANRA",
        "ADM2_PCODE": "CI0701",
        "ADM3_FR": "DIANRA",
        "ADM3_PCODE": "CI070101",
        "ADM4_FR": "DIANRA",
        "ADM4_PCODE": "C1947",
        "centerLat": 8.94791,
        "centerLng": -6.2543,
        "pop": 25880,
        "TeS_MOOV": 0.0,
        "TedS_MOOV": 65.13,
        "TR3_MOOV": 0,
        "TeRd_MOOV": 82.24000000000001,
        "TS_MOOV": 100,
        "TeS_MTN": 0.0,
        "TedS_MTN": 100.0,
        "TR3_MTN": 0.0,
        "TeRd_MTN": 100.0,
        "TS_MTN": 100,
        "TeS_ORANGE": 0.0,
        "TedS_ORANGE": 98.72999999999999,
        "TR3_ORANGE": 0.0,
        "TeRd_ORANGE": 100.0,
        "TS_ORANGE": 100.0,
        "rang_TeS_ORANGE": 1,
        "rang_TeS_MTN": 1,
        "rang_TeS_MOOV": 1,
        "rang_TedS_ORANGE": 2,
        "rang_TedS_MTN": 1,
        "rang_TedS_MOOV": 3,
        "rang_TR3_ORANGE": 1,
        "rang_TR3_MTN": 1,
        "rang_TR3_MOOV": 1,
        "rang_TS_ORANGE": 1,
        "rang_TS_MTN": 1,
        "rang_TS_MOOV": 1,
        "rang_TeRd_ORANGE": 1,
        "rang_TeRd_MTN": 1,
        "rang_TeRd_MOOV": 3
      },
      "id": 28
    },
    {
      "type": "Feature",
      "geometry": {
        "coordinates": [
          -4.9083499999999995,
          7.1192
        ],
        "type": "Point"
      },
      "properties": {
        "ADM0_FR": "LACS",
        "ADM0_PCODE": "CI07",
        "ADM1_FR": "BELIER",
        "ADM1_PCODE": "CI106",
        "ADM2_FR": "DIDIEVI",
        "ADM2_PCODE": "CI0601",
        "ADM3_FR": "DIDIEVI",
        "ADM3_PCODE": "CI060102",
        "ADM4_FR": "DIDIÉVI",
        "ADM4_PCODE": "C1986",
        "centerLat": 7.1292,
        "centerLng": -4.89835,
        "pop": 7917,
        "TeS_MOOV": 0.0,
        "TedS_MOOV": 98.58,
        "TR3_MOOV": 0,
        "TeRd_MOOV": 100.0,
        "TS_MOOV": 100,
        "TeS_MTN": 0.0,
        "TedS_MTN": 99.32,
        "TR3_MTN": 0.0,
        "TeRd_MTN": 100.0,
        "TS_MTN": 100,
        "TeS_ORANGE": 0.0,
        "TedS_ORANGE": 98.66,
        "TR3_ORANGE": 0.0,
        "TeRd_ORANGE": 100.0,
        "TS_ORANGE": 100.0,
        "rang_TeS_ORANGE": 1,
        "rang_TeS_MTN": 1,
        "rang_TeS_MOOV": 1,
        "rang_TedS_ORANGE": 2,
        "rang_TedS_MTN": 1,
        "rang_TedS_MOOV": 3,
        "rang_TR3_ORANGE": 1,
        "rang_TR3_MTN": 1,
        "rang_TR3_MOOV": 1,
        "rang_TS_ORANGE": 1,
        "rang_TS_MTN": 1,
        "rang_TS_MOOV": 1,
        "rang_TeRd_ORANGE": 1,
        "rang_TeRd_MTN": 1,
        "rang_TeRd_MOOV": 1
      },
      "id": 29
    },
    {
      "type": "Feature",
      "geometry": {
        "coordinates": [
          -5.78662,
          9.05715
        ],
        "type": "Point"
      },
      "properties": {
        "ADM0_FR": "SAVANES",
        "ADM0_PCODE": "CI11",
        "ADM1_FR": "PORO",
        "ADM1_PCODE": "CI128",
        "ADM2_FR": "DIKODOUGOU",
        "ADM2_PCODE": "CI2801",
        "ADM3_FR": "DIKODOUGOU",
        "ADM3_PCODE": "CI280102",
        "ADM4_FR": "DIKODOUGOU",
        "ADM4_PCODE": "C2061",
        "centerLat": 9.06715,
        "centerLng": -5.77662,
        "pop": 13953,
        "TeS_MOOV": 0.69,
        "TedS_MOOV": 89.51,
        "TR3_MOOV": 0,
        "TeRd_MOOV": 95.8,
        "TS_MOOV": 100,
        "TeS_MTN": 0.0,
        "TedS_MTN": 99.33999999999999,
        "TR3_MTN": 0.0,
        "TeRd_MTN": 100.0,
        "TS_MTN": 100,
        "TeS_ORANGE": 0.0,
        "TedS_ORANGE": 99.19,
        "TR3_ORANGE": 0.0,
        "TeRd_ORANGE": 100.0,
        "TS_ORANGE": 100.0,
        "rang_TeS_ORANGE": 1,
        "rang_TeS_MTN": 1,
        "rang_TeS_MOOV": 3,
        "rang_TedS_ORANGE": 2,
        "rang_TedS_MTN": 1,
        "rang_TedS_MOOV": 3,
        "rang_TR3_ORANGE": 1,
        "rang_TR3_MTN": 1,
        "rang_TR3_MOOV": 1,
        "rang_TS_ORANGE": 1,
        "rang_TS_MTN": 1,
        "rang_TS_MOOV": 1,
        "rang_TeRd_ORANGE": 1,
        "rang_TeRd_MTN": 1,
        "rang_TeRd_MOOV": 3
      },
      "id": 30
    },
    {
      "type": "Feature",
      "geometry": {
        "coordinates": [
          -4.7146099999999995,
          6.635400000000001
        ],
        "type": "Point"
      },
      "properties": {
        "ADM0_FR": "LACS",
        "ADM0_PCODE": "CI07",
        "ADM1_FR": "N'ZI",
        "ADM1_PCODE": "CI127",
        "ADM2_FR": "DIMBOKRO",
        "ADM2_PCODE": "CI2702",
        "ADM3_FR": "DIMBOKRO",
        "ADM3_PCODE": "CI270203",
        "ADM4_FR": "DIMBOKRO",
        "ADM4_PCODE": "C2073",
        "centerLat": 6.6454,
        "centerLng": -4.70461,
        "pop": 48860,
        "TeS_MOOV": 0.0,
        "TedS_MOOV": 99.07000000000001,
        "TR3_MOOV": 0,
        "TeRd_MOOV": 100.0,
        "TS_MOOV": 100,
        "TeS_MTN": 0.0,
        "TedS_MTN": 100.0,
        "TR3_MTN": 0.0,
        "TeRd_MTN": 100.0,
        "TS_MTN": 100,
        "TeS_ORANGE": 0.0,
        "TedS_ORANGE": 98.6,
        "TR3_ORANGE": 0.0,
        "TeRd_ORANGE": 100.0,
        "TS_ORANGE": 100.0,
        "rang_TeS_ORANGE": 1,
        "rang_TeS_MTN": 1,
        "rang_TeS_MOOV": 1,
        "rang_TedS_ORANGE": 3,
        "rang_TedS_MTN": 1,
        "rang_TedS_MOOV": 2,
        "rang_TR3_ORANGE": 1,
        "rang_TR3_MTN": 1,
        "rang_TR3_MOOV": 1,
        "rang_TS_ORANGE": 1,
        "rang_TS_MTN": 1,
        "rang_TS_MOOV": 1,
        "rang_TeRd_ORANGE": 1,
        "rang_TeRd_MTN": 1,
        "rang_TeRd_MOOV": 1
      },
      "id": 31
    },
    {
      "type": "Feature",
      "geometry": {
        "coordinates": [
          -3.35132,
          9.79814
        ],
        "type": "Point"
      },
      "properties": {
        "ADM0_FR": "ZANZAN",
        "ADM0_PCODE": "CI14",
        "ADM1_FR": "BOUNKANI",
        "ADM1_PCODE": "CI108",
        "ADM2_FR": "DOROPO",
        "ADM2_PCODE": "CI0802",
        "ADM3_FR": "DOROPO",
        "ADM3_PCODE": "CI080202",
        "ADM4_FR": "DOROPO",
        "ADM4_PCODE": "C2324",
        "centerLat": 9.80814,
        "centerLng": -3.34132,
        "pop": 14388,
        "TeS_MOOV": 0.0,
        "TedS_MOOV": 100.0,
        "TR3_MOOV": 0,
        "TeRd_MOOV": 100.0,
        "TS_MOOV": 100,
        "TeS_MTN": 0.0,
        "TedS_MTN": 99.32,
        "TR3_MTN": 0.0,
        "TeRd_MTN": 100.0,
        "TS_MTN": 100,
        "TeS_ORANGE": 0.0,
        "TedS_ORANGE": 100.0,
        "TR3_ORANGE": 0.0,
        "TeRd_ORANGE": 100.0,
        "TS_ORANGE": 100.0,
        "rang_TeS_ORANGE": 1,
        "rang_TeS_MTN": 1,
        "rang_TeS_MOOV": 1,
        "rang_TedS_ORANGE": 1,
        "rang_TedS_MTN": 3,
        "rang_TedS_MOOV": 1,
        "rang_TR3_ORANGE": 1,
        "rang_TR3_MTN": 1,
        "rang_TR3_MOOV": 1,
        "rang_TS_ORANGE": 1,
        "rang_TS_MTN": 1,
        "rang_TS_MOOV": 1,
        "rang_TeRd_ORANGE": 1,
        "rang_TeRd_MTN": 1,
        "rang_TeRd_MOOV": 1
      },
      "id": 32
    },
    {
      "type": "Feature",
      "geometry": {
        "coordinates": [
          -7.35262,
          6.73496
        ],
        "type": "Point"
      },
      "properties": {
        "ADM0_FR": "MONTAGNES",
        "ADM0_PCODE": "CI09",
        "ADM1_FR": "GUEMON",
        "ADM1_PCODE": "CI116",
        "ADM2_FR": "DUEKOUE",
        "ADM2_PCODE": "CI1602",
        "ADM3_FR": "DUEKOUE",
        "ADM3_PCODE": "CI160202",
        "ADM4_FR": "DUEKOUE",
        "ADM4_PCODE": "C2425",
        "centerLat": 6.74496,
        "centerLng": -7.34262,
        "pop": 90274,
        "TeS_MOOV": 0.0,
        "TedS_MOOV": 83.33,
        "TR3_MOOV": 0,
        "TeRd_MOOV": 93.14,
        "TS_MOOV": 100,
        "TeS_MTN": 0.0,
        "TedS_MTN": 96.63000000000001,
        "TR3_MTN": 0.0,
        "TeRd_MTN": 100.0,
        "TS_MTN": 100,
        "TeS_ORANGE": 0.0,
        "TedS_ORANGE": 100.0,
        "TR3_ORANGE": 0.48,
        "TeRd_ORANGE": 96.61999999999999,
        "TS_ORANGE": 100.0,
        "rang_TeS_ORANGE": 1,
        "rang_TeS_MTN": 1,
        "rang_TeS_MOOV": 1,
        "rang_TedS_ORANGE": 1,
        "rang_TedS_MTN": 2,
        "rang_TedS_MOOV": 3,
        "rang_TR3_ORANGE": 3,
        "rang_TR3_MTN": 1,
        "rang_TR3_MOOV": 1,
        "rang_TS_ORANGE": 1,
        "rang_TS_MTN": 1,
        "rang_TS_MOOV": 1,
        "rang_TeRd_ORANGE": 2,
        "rang_TeRd_MTN": 1,
        "rang_TeRd_MOOV": 3
      },
      "id": 33
    },
    {
      "type": "Feature",
      "geometry": {
        "coordinates": [
          -3.76991,
          7.24845
        ],
        "type": "Point"
      },
      "properties": {
        "ADM0_FR": "LACS",
        "ADM0_PCODE": "CI07",
        "ADM1_FR": "IFFOU",
        "ADM1_PCODE": "CI119",
        "ADM2_FR": "DAOUKRO",
        "ADM2_PCODE": "CI1901",
        "ADM3_FR": "ETTROKRO",
        "ADM3_PCODE": "CI190104",
        "ADM4_FR": "ETTROKRO",
        "ADM4_PCODE": "C2520",
        "centerLat": 7.25845,
        "centerLng": -3.75991,
        "pop": 3173,
        "TeS_MOOV": 0.0,
        "TedS_MOOV": 100.0,
        "TR3_MOOV": 0,
        "TeRd_MOOV": 100.0,
        "TS_MOOV": 100,
        "TeS_MTN": 0.9199999999999999,
        "TedS_MTN": 100.0,
        "TR3_MTN": 0.0,
        "TeRd_MTN": 100.0,
        "TS_MTN": 100,
        "TeS_ORANGE": 0.0,
        "TedS_ORANGE": 100.0,
        "TR3_ORANGE": 0.0,
        "TeRd_ORANGE": 100.0,
        "TS_ORANGE": 100.0,
        "rang_TeS_ORANGE": 1,
        "rang_TeS_MTN": 3,
        "rang_TeS_MOOV": 1,
        "rang_TedS_ORANGE": 1,
        "rang_TedS_MTN": 1,
        "rang_TedS_MOOV": 1,
        "rang_TR3_ORANGE": 1,
        "rang_TR3_MTN": 1,
        "rang_TR3_MOOV": 1,
        "rang_TS_ORANGE": 1,
        "rang_TS_MTN": 1,
        "rang_TS_MOOV": 1,
        "rang_TeRd_ORANGE": 1,
        "rang_TeRd_MTN": 1,
        "rang_TeRd_MOOV": 1
      },
      "id": 34
    },
    {
      "type": "Feature",
      "geometry": {
        "coordinates": [
          -6.63211,
          8.68802
        ],
        "type": "Point"
      },
      "properties": {
        "ADM0_FR": "WOROBA",
        "ADM0_PCODE": "CI13",
        "ADM1_FR": "WORODOUGOU",
        "ADM1_PCODE": "CI133",
        "ADM2_FR": "KANI",
        "ADM2_PCODE": "CI3301",
        "ADM3_FR": "FADJADOUGOU",
        "ADM3_PCODE": "CI330103",
        "ADM4_FR": "FADJADOUGOU",
        "ADM4_PCODE": "C2528",
        "centerLat": 8.69802,
        "centerLng": -6.62211,
        "pop": 4485,
        "TeS_MOOV": 0.0,
        "TedS_MOOV": 100.0,
        "TR3_MOOV": 0,
        "TeRd_MOOV": 100.0,
        "TS_MOOV": 100,
        "TeS_MTN": 0.0,
        "TedS_MTN": 95.69,
        "TR3_MTN": 0.0,
        "TeRd_MTN": 98.28,
        "TS_MTN": 100,
        "TeS_ORANGE": 0.0,
        "TedS_ORANGE": 97.44,
        "TR3_ORANGE": 0.0,
        "TeRd_ORANGE": 100.0,
        "TS_ORANGE": 100.0,
        "rang_TeS_ORANGE": 1,
        "rang_TeS_MTN": 1,
        "rang_TeS_MOOV": 1,
        "rang_TedS_ORANGE": 2,
        "rang_TedS_MTN": 3,
        "rang_TedS_MOOV": 1,
        "rang_TR3_ORANGE": 1,
        "rang_TR3_MTN": 1,
        "rang_TR3_MOOV": 1,
        "rang_TS_ORANGE": 1,
        "rang_TS_MTN": 1,
        "rang_TS_MOOV": 1,
        "rang_TeRd_ORANGE": 1,
        "rang_TeRd_MTN": 3,
        "rang_TeRd_MOOV": 1
      },
      "id": 35
    },
    {
      "type": "Feature",
      "geometry": {
        "coordinates": [
          -5.2076199999999995,
          9.58226
        ],
        "type": "Point"
      },
      "properties": {
        "ADM0_FR": "SAVANES",
        "ADM0_PCODE": "CI11",
        "ADM1_FR": "TCHOLOGO",
        "ADM1_PCODE": "CI131",
        "ADM2_FR": "FERKESSEDOUGOU",
        "ADM2_PCODE": "CI3101",
        "ADM3_FR": "FERKESSEDOUGOU",
        "ADM3_PCODE": "CI310101",
        "ADM4_FR": "FERKESSÉDOUGOU",
        "ADM4_PCODE": "C2603",
        "centerLat": 9.59226,
        "centerLng": -5.19762,
        "pop": 55910,
        "TeS_MOOV": 0.0,
        "TedS_MOOV": 98.57000000000001,
        "TR3_MOOV": 0,
        "TeRd_MOOV": 99.05000000000001,
        "TS_MOOV": 100,
        "TeS_MTN": 0.48,
        "TedS_MTN": 99.52,
        "TR3_MTN": 0.0,
        "TeRd_MTN": 100.0,
        "TS_MTN": 100,
        "TeS_ORANGE": 0.0,
        "TedS_ORANGE": 99.52,
        "TR3_ORANGE": 0.0,
        "TeRd_ORANGE": 100.0,
        "TS_ORANGE": 100.0,
        "rang_TeS_ORANGE": 1,
        "rang_TeS_MTN": 3,
        "rang_TeS_MOOV": 1,
        "rang_TedS_ORANGE": 1,
        "rang_TedS_MTN": 1,
        "rang_TedS_MOOV": 3,
        "rang_TR3_ORANGE": 1,
        "rang_TR3_MTN": 1,
        "rang_TR3_MOOV": 1,
        "rang_TS_ORANGE": 1,
        "rang_TS_MTN": 1,
        "rang_TS_MOOV": 1,
        "rang_TeRd_ORANGE": 1,
        "rang_TeRd_MTN": 1,
        "rang_TeRd_MOOV": 3
      },
      "id": 36
    },
    {
      "type": "Feature",
      "geometry": {
        "coordinates": [
          -4.14432,
          5.97035
        ],
        "type": "Point"
      },
      "properties": {
        "ADM0_FR": "LAGUNES",
        "ADM0_PCODE": "CI08",
        "ADM1_FR": "AGNEBY-TIASSA",
        "ADM1_PCODE": "CI103",
        "ADM2_FR": "AGBOVILLE",
        "ADM2_PCODE": "CI0301",
        "ADM3_FR": "GRAND MORIE",
        "ADM3_PCODE": "CI030107",
        "ADM4_FR": "GRAND-MORIÉ",
        "ADM4_PCODE": "C3377",
        "centerLat": 5.98035,
        "centerLng": -4.13432,
        "pop": 5991,
        "TeS_MOOV": 0.9400000000000001,
        "TedS_MOOV": 96.19,
        "TR3_MOOV": 0,
        "TeRd_MOOV": 98.1,
        "TS_MOOV": 100,
        "TeS_MTN": 4.390000000000001,
        "TedS_MTN": 95.41,
        "TR3_MTN": 0.0,
        "TeRd_MTN": 97.25,
        "TS_MTN": 100,
        "TeS_ORANGE": 0.0,
        "TedS_ORANGE": 99.11999999999999,
        "TR3_ORANGE": 0.0,
        "TeRd_ORANGE": 100.0,
        "TS_ORANGE": 100.0,
        "rang_TeS_ORANGE": 1,
        "rang_TeS_MTN": 3,
        "rang_TeS_MOOV": 2,
        "rang_TedS_ORANGE": 1,
        "rang_TedS_MTN": 3,
        "rang_TedS_MOOV": 2,
        "rang_TR3_ORANGE": 1,
        "rang_TR3_MTN": 1,
        "rang_TR3_MOOV": 1,
        "rang_TS_ORANGE": 1,
        "rang_TS_MTN": 1,
        "rang_TS_MOOV": 1,
        "rang_TeRd_ORANGE": 1,
        "rang_TeRd_MTN": 3,
        "rang_TeRd_MOOV": 2
      },
      "id": 37
    },
    {
      "type": "Feature",
      "geometry": {
        "coordinates": [
          -6.18062,
          6.2263
        ],
        "type": "Point"
      },
      "properties": {
        "ADM0_FR": "GOH-DJIBOUA",
        "ADM0_PCODE": "CI06",
        "ADM1_FR": "GOH",
        "ADM1_PCODE": "CI113",
        "ADM2_FR": "GAGNOA",
        "ADM2_PCODE": "CI1301",
        "ADM3_FR": "GUIBEROUA",
        "ADM3_PCODE": "CI130109",
        "ADM4_FR": "GUIBÉROUA",
        "ADM4_PCODE": "C3487",
        "centerLat": 6.2363,
        "centerLng": -6.17062,
        "pop": 18029,
        "TeS_MOOV": 0.0,
        "TedS_MOOV": 94.44,
        "TR3_MOOV": 0,
        "TeRd_MOOV": 94.44,
        "TS_MOOV": 100,
        "TeS_MTN": 0.0,
        "TedS_MTN": 98.17,
        "TR3_MTN": 0.0,
        "TeRd_MTN": 100.0,
        "TS_MTN": 100,
        "TeS_ORANGE": 0.0,
        "TedS_ORANGE": 100.0,
        "TR3_ORANGE": 0.0,
        "TeRd_ORANGE": 100.0,
        "TS_ORANGE": 100.0,
        "rang_TeS_ORANGE": 1,
        "rang_TeS_MTN": 1,
        "rang_TeS_MOOV": 1,
        "rang_TedS_ORANGE": 1,
        "rang_TedS_MTN": 2,
        "rang_TedS_MOOV": 3,
        "rang_TR3_ORANGE": 1,
        "rang_TR3_MTN": 1,
        "rang_TR3_MOOV": 1,
        "rang_TS_ORANGE": 1,
        "rang_TS_MTN": 1,
        "rang_TS_MOOV": 1,
        "rang_TeRd_ORANGE": 1,
        "rang_TeRd_MTN": 1,
        "rang_TeRd_MOOV": 3
      },
      "id": 38
    },
    {
      "type": "Feature",
      "geometry": {
        "coordinates": [
          -5.25131,
          5.50964
        ],
        "type": "Point"
      },
      "properties": {
        "ADM0_FR": "GOH-DJIBOUA",
        "ADM0_PCODE": "CI06",
        "ADM1_FR": "LOH-DJIBOUA",
        "ADM1_PCODE": "CI122",
        "ADM2_FR": "GUITRY",
        "ADM2_PCODE": "CI2202",
        "ADM3_FR": "GUITRY",
        "ADM3_PCODE": "CI220201",
        "ADM4_FR": "GUITRY",
        "ADM4_PCODE": "C3525",
        "centerLat": 5.51964,
        "centerLng": -5.24131,
        "pop": 11445,
        "TeS_MOOV": 0.0,
        "TedS_MOOV": 99.33999999999999,
        "TR3_MOOV": 0,
        "TeRd_MOOV": 100.0,
        "TS_MOOV": 100,
        "TeS_MTN": 0.0,
        "TedS_MTN": 96.71,
        "TR3_MTN": 0.0,
        "TeRd_MTN": 100.0,
        "TS_MTN": 100,
        "TeS_ORANGE": 0.0,
        "TedS_ORANGE": 68.24,
        "TR3_ORANGE": 0.0,
        "TeRd_ORANGE": 69.59,
        "TS_ORANGE": 100.0,
        "rang_TeS_ORANGE": 1,
        "rang_TeS_MTN": 1,
        "rang_TeS_MOOV": 1,
        "rang_TedS_ORANGE": 3,
        "rang_TedS_MTN": 2,
        "rang_TedS_MOOV": 1,
        "rang_TR3_ORANGE": 1,
        "rang_TR3_MTN": 1,
        "rang_TR3_MOOV": 1,
        "rang_TS_ORANGE": 1,
        "rang_TS_MTN": 1,
        "rang_TS_MOOV": 1,
        "rang_TeRd_ORANGE": 3,
        "rang_TeRd_MTN": 1,
        "rang_TeRd_MOOV": 1
      },
      "id": 39
    },
    {
      "type": "Feature",
      "geometry": {
        "coordinates": [
          -5.30589,
          6.17948
        ],
        "type": "Point"
      },
      "properties": {
        "ADM0_FR": "GOH-DJIBOUA",
        "ADM0_PCODE": "CI06",
        "ADM1_FR": "LOH-DJIBOUA",
        "ADM1_PCODE": "CI122",
        "ADM2_FR": "DIVO",
        "ADM2_PCODE": "CI2201",
        "ADM3_FR": "HIRE",
        "ADM3_PCODE": "CI220104",
        "ADM4_FR": "HIRÉ",
        "ADM4_PCODE": "C3555",
        "centerLat": 6.18948,
        "centerLng": -5.29589,
        "pop": 31960,
        "TeS_MOOV": 0.0,
        "TedS_MOOV": 100.0,
        "TR3_MOOV": 0,
        "TeRd_MOOV": 100.0,
        "TS_MOOV": 100,
        "TeS_MTN": 0.0,
        "TedS_MTN": 97.37,
        "TR3_MTN": 0.0,
        "TeRd_MTN": 100.0,
        "TS_MTN": 100,
        "TeS_ORANGE": 0.0,
        "TedS_ORANGE": 100.0,
        "TR3_ORANGE": 0.0,
        "TeRd_ORANGE": 100.0,
        "TS_ORANGE": 100.0,
        "rang_TeS_ORANGE": 1,
        "rang_TeS_MTN": 1,
        "rang_TeS_MOOV": 1,
        "rang_TedS_ORANGE": 1,
        "rang_TedS_MTN": 3,
        "rang_TedS_MOOV": 1,
        "rang_TR3_ORANGE": 1,
        "rang_TR3_MTN": 1,
        "rang_TR3_MOOV": 1,
        "rang_TS_ORANGE": 1,
        "rang_TS_MTN": 1,
        "rang_TS_MOOV": 1,
        "rang_TeRd_ORANGE": 1,
        "rang_TeRd_MTN": 1,
        "rang_TeRd_MOOV": 1
      },
      "id": 40
    },
    {
      "type": "Feature",
      "geometry": {
        "coordinates": [
          -6.59904,
          6.47762
        ],
        "type": "Point"
      },
      "properties": {
        "ADM0_FR": "SASSANDRA-MARAHOUE",
        "ADM0_PCODE": "CI10",
        "ADM1_FR": "HAUT-SASSANDRA",
        "ADM1_PCODE": "CI118",
        "ADM2_FR": "ISSIA",
        "ADM2_PCODE": "CI1802",
        "ADM3_FR": "ISSIA",
        "ADM3_PCODE": "CI180201",
        "ADM4_FR": "ISSIA",
        "ADM4_PCODE": "C3598",
        "centerLat": 6.48762,
        "centerLng": -6.58904,
        "pop": 52660,
        "TeS_MOOV": 0.0,
        "TedS_MOOV": 99.33999999999999,
        "TR3_MOOV": 0,
        "TeRd_MOOV": 100.0,
        "TS_MOOV": 100,
        "TeS_MTN": 1.97,
        "TedS_MTN": 99.33,
        "TR3_MTN": 0.0,
        "TeRd_MTN": 100.0,
        "TS_MTN": 100,
        "TeS_ORANGE": 0.0,
        "TedS_ORANGE": 99.33999999999999,
        "TR3_ORANGE": 0.0,
        "TeRd_ORANGE": 100.0,
        "TS_ORANGE": 100.0,
        "rang_TeS_ORANGE": 1,
        "rang_TeS_MTN": 3,
        "rang_TeS_MOOV": 1,
        "rang_TedS_ORANGE": 1,
        "rang_TedS_MTN": 3,
        "rang_TedS_MOOV": 1,
        "rang_TR3_ORANGE": 1,
        "rang_TR3_MTN": 1,
        "rang_TR3_MOOV": 1,
        "rang_TS_ORANGE": 1,
        "rang_TS_MTN": 1,
        "rang_TS_MOOV": 1,
        "rang_TeRd_ORANGE": 1,
        "rang_TeRd_MTN": 1,
        "rang_TeRd_MOOV": 1
      },
      "id": 41
    },
    {
      "type": "Feature",
      "geometry": {
        "coordinates": [
          -4.42967,
          5.19547
        ],
        "type": "Point"
      },
      "properties": {
        "ADM0_FR": "LAGUNES",
        "ADM0_PCODE": "CI08",
        "ADM1_FR": "GRANDS-PONTS",
        "ADM1_PCODE": "CI115",
        "ADM2_FR": "JACQUEVILLE",
        "ADM2_PCODE": "CI1503",
        "ADM3_FR": "JACQUEVILLE",
        "ADM3_PCODE": "CI150301",
        "ADM4_FR": "JACQUEVILLE",
        "ADM4_PCODE": "C3604",
        "centerLat": 5.20547,
        "centerLng": -4.41967,
        "pop": 11096,
        "TeS_MOOV": 0.0,
        "TedS_MOOV": 98.03,
        "TR3_MOOV": 0,
        "TeRd_MOOV": 100.0,
        "TS_MOOV": 100,
        "TeS_MTN": 0.0,
        "TedS_MTN": 94.74000000000001,
        "TR3_MTN": 0.0,
        "TeRd_MTN": 99.33999999999999,
        "TS_MTN": 100,
        "TeS_ORANGE": 1.32,
        "TedS_ORANGE": 95.33,
        "TR3_ORANGE": 0.0,
        "TeRd_ORANGE": 98.67,
        "TS_ORANGE": 100.0,
        "rang_TeS_ORANGE": 3,
        "rang_TeS_MTN": 1,
        "rang_TeS_MOOV": 1,
        "rang_TedS_ORANGE": 2,
        "rang_TedS_MTN": 3,
        "rang_TedS_MOOV": 1,
        "rang_TR3_ORANGE": 1,
        "rang_TR3_MTN": 1,
        "rang_TR3_MOOV": 1,
        "rang_TS_ORANGE": 1,
        "rang_TS_MTN": 1,
        "rang_TS_MOOV": 1,
        "rang_TeRd_ORANGE": 3,
        "rang_TeRd_MTN": 2,
        "rang_TeRd_MOOV": 1
      },
      "id": 42
    },
    {
      "type": "Feature",
      "geometry": {
        "coordinates": [
          -5.11206,
          8.12861
        ],
        "type": "Point"
      },
      "properties": {
        "ADM0_FR": "VALLEE DU BANDAMA",
        "ADM0_PCODE": "CI12",
        "ADM1_FR": "HAMBOL",
        "ADM1_PCODE": "CI117",
        "ADM2_FR": "KATIOLA",
        "ADM2_PCODE": "CI1702",
        "ADM3_FR": "KATIOLA",
        "ADM3_PCODE": "CI170201",
        "ADM4_FR": "KATIOLA",
        "ADM4_PCODE": "C3915",
        "centerLat": 8.13861,
        "centerLng": -5.10206,
        "pop": 40319,
        "TeS_MOOV": 0.0,
        "TedS_MOOV": 98.18,
        "TR3_MOOV": 0,
        "TeRd_MOOV": 99.09,
        "TS_MOOV": 100,
        "TeS_MTN": 0.0,
        "TedS_MTN": 99.55000000000001,
        "TR3_MTN": 0.0,
        "TeRd_MTN": 100.0,
        "TS_MTN": 100,
        "TeS_ORANGE": 0.0,
        "TedS_ORANGE": 80.10000000000001,
        "TR3_ORANGE": 0.0,
        "TeRd_ORANGE": 80.58,
        "TS_ORANGE": 100.0,
        "rang_TeS_ORANGE": 1,
        "rang_TeS_MTN": 1,
        "rang_TeS_MOOV": 1,
        "rang_TedS_ORANGE": 3,
        "rang_TedS_MTN": 1,
        "rang_TedS_MOOV": 2,
        "rang_TR3_ORANGE": 1,
        "rang_TR3_MTN": 1,
        "rang_TR3_MOOV": 1,
        "rang_TS_ORANGE": 1,
        "rang_TS_MTN": 1,
        "rang_TS_MOOV": 1,
        "rang_TeRd_ORANGE": 3,
        "rang_TeRd_MTN": 1,
        "rang_TeRd_MOOV": 2
      },
      "id": 43
    },
    {
      "type": "Feature",
      "geometry": {
        "coordinates": [
          -5.6475,
          9.44799
        ],
        "type": "Point"
      },
      "properties": {
        "ADM0_FR": "SAVANES",
        "ADM0_PCODE": "CI11",
        "ADM1_FR": "PORO",
        "ADM1_PCODE": "CI128",
        "ADM2_FR": "KORHOGO",
        "ADM2_PCODE": "CI2802",
        "ADM3_FR": "KORHOGO",
        "ADM3_PCODE": "CI280201",
        "ADM4_FR": "KORHOGO",
        "ADM4_PCODE": "C4410",
        "centerLat": 9.45799,
        "centerLng": -5.6375,
        "pop": 243048,
        "TeS_MOOV": 0.0,
        "TedS_MOOV": 98.02,
        "TR3_MOOV": 0,
        "TeRd_MOOV": 100.0,
        "TS_MOOV": 100,
        "TeS_MTN": 0.0,
        "TedS_MTN": 98.42,
        "TR3_MTN": 0.0,
        "TeRd_MTN": 99.6,
        "TS_MTN": 100,
        "TeS_ORANGE": 0.0,
        "TedS_ORANGE": 98.24000000000001,
        "TR3_ORANGE": 0.0,
        "TeRd_ORANGE": 100.0,
        "TS_ORANGE": 100.0,
        "rang_TeS_ORANGE": 1,
        "rang_TeS_MTN": 1,
        "rang_TeS_MOOV": 1,
        "rang_TedS_ORANGE": 2,
        "rang_TedS_MTN": 1,
        "rang_TedS_MOOV": 3,
        "rang_TR3_ORANGE": 1,
        "rang_TR3_MTN": 1,
        "rang_TR3_MOOV": 1,
        "rang_TS_ORANGE": 1,
        "rang_TS_MTN": 1,
        "rang_TS_MOOV": 1,
        "rang_TeRd_ORANGE": 1,
        "rang_TeRd_MTN": 3,
        "rang_TeRd_MOOV": 1
      },
      "id": 44
    },
    {
      "type": "Feature",
      "geometry": {
        "coordinates": [
          -6.77621,
          8.05117
        ],
        "type": "Point"
      },
      "properties": {
        "ADM0_FR": "WOROBA",
        "ADM0_PCODE": "CI13",
        "ADM1_FR": "WORODOUGOU",
        "ADM1_PCODE": "CI133",
        "ADM2_FR": "SEGUELA",
        "ADM2_PCODE": "CI3302",
        "ADM3_FR": "WOROFLA",
        "ADM3_PCODE": "CI330207",
        "ADM4_FR": "KOUÉGO",
        "ADM4_PCODE": "C4642",
        "centerLat": 8.06117,
        "centerLng": -6.76621,
        "pop": 3045,
        "TeS_MOOV": 0.0,
        "TedS_MOOV": 99.15,
        "TR3_MOOV": 0,
        "TeRd_MOOV": 100.0,
        "TS_MOOV": 100,
        "TeS_MTN": 0.0,
        "TedS_MTN": 93.16,
        "TR3_MTN": 0.0,
        "TeRd_MTN": 100.0,
        "TS_MTN": 100,
        "TeS_ORANGE": 2.08,
        "TedS_ORANGE": 93.62,
        "TR3_ORANGE": 0.0,
        "TeRd_ORANGE": 98.94,
        "TS_ORANGE": 100.0,
        "rang_TeS_ORANGE": 3,
        "rang_TeS_MTN": 1,
        "rang_TeS_MOOV": 1,
        "rang_TedS_ORANGE": 2,
        "rang_TedS_MTN": 3,
        "rang_TedS_MOOV": 1,
        "rang_TR3_ORANGE": 1,
        "rang_TR3_MTN": 1,
        "rang_TR3_MOOV": 1,
        "rang_TS_ORANGE": 1,
        "rang_TS_MTN": 1,
        "rang_TS_MOOV": 1,
        "rang_TeRd_ORANGE": 3,
        "rang_TeRd_MTN": 1,
        "rang_TeRd_MOOV": 1
      },
      "id": 45
    },
    {
      "type": "Feature",
      "geometry": {
        "coordinates": [
          -3.26314,
          7.47698
        ],
        "type": "Point"
      },
      "properties": {
        "ADM0_FR": "ZANZAN",
        "ADM0_PCODE": "CI14",
        "ADM1_FR": "GONTOUGO",
        "ADM1_PCODE": "CI114",
        "ADM2_FR": "KOUN-FAO",
        "ADM2_PCODE": "CI1402",
        "ADM3_FR": "KOUN-FAO",
        "ADM3_PCODE": "CI140201",
        "ADM4_FR": "KOUN-FAO",
        "ADM4_PCODE": "C4714",
        "centerLat": 7.48698,
        "centerLng": -3.25314,
        "pop": 5488,
        "TeS_MOOV": 0.0,
        "TedS_MOOV": 99.31,
        "TR3_MOOV": 0,
        "TeRd_MOOV": 100.0,
        "TS_MOOV": 100,
        "TeS_MTN": 0.0,
        "TedS_MTN": 100.0,
        "TR3_MTN": 0.0,
        "TeRd_MTN": 100.0,
        "TS_MTN": 100,
        "TeS_ORANGE": 0.0,
        "TedS_ORANGE": 100.0,
        "TR3_ORANGE": 0.0,
        "TeRd_ORANGE": 100.0,
        "TS_ORANGE": 100.0,
        "rang_TeS_ORANGE": 1,
        "rang_TeS_MTN": 1,
        "rang_TeS_MOOV": 1,
        "rang_TedS_ORANGE": 1,
        "rang_TedS_MTN": 1,
        "rang_TedS_MOOV": 3,
        "rang_TR3_ORANGE": 1,
        "rang_TR3_MTN": 1,
        "rang_TR3_MOOV": 1,
        "rang_TS_ORANGE": 1,
        "rang_TS_MTN": 1,
        "rang_TS_MOOV": 1,
        "rang_TeRd_ORANGE": 1,
        "rang_TeRd_MTN": 1,
        "rang_TeRd_MOOV": 1
      },
      "id": 46
    },
    {
      "type": "Feature",
      "geometry": {
        "coordinates": [
          -6.42316,
          9.88214
        ],
        "type": "Point"
      },
      "properties": {
        "ADM0_FR": "SAVANES",
        "ADM0_PCODE": "CI11",
        "ADM1_FR": "BAGOUE",
        "ADM1_PCODE": "CI105",
        "ADM2_FR": "KOUTO",
        "ADM2_PCODE": "CI0502",
        "ADM3_FR": "KOUTO",
        "ADM3_PCODE": "CI050201",
        "ADM4_FR": "KOUTO",
        "ADM4_PCODE": "C4751",
        "centerLat": 9.89214,
        "centerLng": -6.41316,
        "pop": 10989,
        "TeS_MOOV": 0.0,
        "TedS_MOOV": 98.86,
        "TR3_MOOV": 0,
        "TeRd_MOOV": 99.42999999999999,
        "TS_MOOV": 100,
        "TeS_MTN": 1.05,
        "TedS_MTN": 105.32,
        "TR3_MTN": 0.0,
        "TeRd_MTN": 97.87,
        "TS_MTN": 100,
        "TeS_ORANGE": 0.0,
        "TedS_ORANGE": 98.85000000000001,
        "TR3_ORANGE": 0.0,
        "TeRd_ORANGE": 100.0,
        "TS_ORANGE": 100.0,
        "rang_TeS_ORANGE": 1,
        "rang_TeS_MTN": 3,
        "rang_TeS_MOOV": 1,
        "rang_TedS_ORANGE": 3,
        "rang_TedS_MTN": 1,
        "rang_TedS_MOOV": 2,
        "rang_TR3_ORANGE": 1,
        "rang_TR3_MTN": 1,
        "rang_TR3_MOOV": 1,
        "rang_TS_ORANGE": 1,
        "rang_TS_MTN": 1,
        "rang_TS_MOOV": 1,
        "rang_TeRd_ORANGE": 1,
        "rang_TeRd_MTN": 3,
        "rang_TeRd_MOOV": 2
      },
      "id": 47
    },
    {
      "type": "Feature",
      "geometry": {
        "coordinates": [
          -6.950959999999999,
          9.6016
        ],
        "type": "Point"
      },
      "properties": {
        "ADM0_FR": "DENGUELE",
        "ADM0_PCODE": "CI03",
        "ADM1_FR": "KABADOUGOU",
        "ADM1_PCODE": "CI121",
        "ADM2_FR": "MADINANI",
        "ADM2_PCODE": "CI2102",
        "ADM3_FR": "MADINANI",
        "ADM3_PCODE": "CI210201",
        "ADM4_FR": "MADINANI",
        "ADM4_PCODE": "C5251",
        "centerLat": 9.6116,
        "centerLng": -6.94096,
        "pop": 6710,
        "TeS_MOOV": 0.0,
        "TedS_MOOV": 99.33999999999999,
        "TR3_MOOV": 0,
        "TeRd_MOOV": 100.0,
        "TS_MOOV": 100,
        "TeS_MTN": 0.66,
        "TedS_MTN": 62.67,
        "TR3_MTN": 0.0,
        "TeRd_MTN": 95.33,
        "TS_MTN": 100,
        "TeS_ORANGE": 0.0,
        "TedS_ORANGE": 96.71,
        "TR3_ORANGE": 0.0,
        "TeRd_ORANGE": 100.0,
        "TS_ORANGE": 100.0,
        "rang_TeS_ORANGE": 1,
        "rang_TeS_MTN": 3,
        "rang_TeS_MOOV": 1,
        "rang_TedS_ORANGE": 2,
        "rang_TedS_MTN": 3,
        "rang_TedS_MOOV": 1,
        "rang_TR3_ORANGE": 1,
        "rang_TR3_MTN": 1,
        "rang_TR3_MOOV": 1,
        "rang_TS_ORANGE": 1,
        "rang_TS_MTN": 1,
        "rang_TS_MOOV": 1,
        "rang_TeRd_ORANGE": 1,
        "rang_TeRd_MTN": 3,
        "rang_TeRd_MOOV": 1
      },
      "id": 48
    },
    {
      "type": "Feature",
      "geometry": {
        "coordinates": [
          -7.56442,
          7.39545
        ],
        "type": "Point"
      },
      "properties": {
        "ADM0_FR": "MONTAGNES",
        "ADM0_PCODE": "CI09",
        "ADM1_FR": "TONKPI",
        "ADM1_PCODE": "CI132",
        "ADM2_FR": "MAN",
        "ADM2_PCODE": "CI3203",
        "ADM3_FR": "MAN",
        "ADM3_PCODE": "CI320301",
        "ADM4_FR": "MAN",
        "ADM4_PCODE": "C5323",
        "centerLat": 7.40545,
        "centerLng": -7.55442,
        "pop": 149041,
        "TeS_MOOV": 0.0,
        "TedS_MOOV": 97.25,
        "TR3_MOOV": 0,
        "TeRd_MOOV": 99.61,
        "TS_MOOV": 100,
        "TeS_MTN": 0.0,
        "TedS_MTN": 98.04,
        "TR3_MTN": 0.0,
        "TeRd_MTN": 99.61,
        "TS_MTN": 100,
        "TeS_ORANGE": 0.0,
        "TedS_ORANGE": 99.22,
        "TR3_ORANGE": 0.0,
        "TeRd_ORANGE": 100.0,
        "TS_ORANGE": 100.0,
        "rang_TeS_ORANGE": 1,
        "rang_TeS_MTN": 1,
        "rang_TeS_MOOV": 1,
        "rang_TedS_ORANGE": 1,
        "rang_TedS_MTN": 2,
        "rang_TedS_MOOV": 3,
        "rang_TR3_ORANGE": 1,
        "rang_TR3_MTN": 1,
        "rang_TR3_MOOV": 1,
        "rang_TS_ORANGE": 1,
        "rang_TS_MTN": 1,
        "rang_TS_MOOV": 1,
        "rang_TeRd_ORANGE": 1,
        "rang_TeRd_MTN": 2,
        "rang_TeRd_MOOV": 2
      },
      "id": 49
    },
    {
      "type": "Feature",
      "geometry": {
        "coordinates": [
          -6.65906,
          6.92244
        ],
        "type": "Point"
      },
      "properties": {
        "ADM0_FR": "WOROBA",
        "ADM0_PCODE": "CI13",
        "ADM1_FR": "WORODOUGOU",
        "ADM1_PCODE": "CI133",
        "ADM2_FR": "SEGUELA",
        "ADM2_PCODE": "CI3302",
        "ADM3_FR": "WOROFLA",
        "ADM3_PCODE": "CI330207",
        "ADM4_FR": "MANKONO",
        "ADM4_PCODE": "C5355",
        "centerLat": 6.93244,
        "centerLng": -6.64906,
        "pop": 1576,
        "TeS_MOOV": 0.0,
        "TedS_MOOV": 99.52,
        "TR3_MOOV": 0,
        "TeRd_MOOV": 99.52,
        "TS_MOOV": 100,
        "TeS_MTN": 0.0,
        "TedS_MTN": 99.06,
        "TR3_MTN": 0.0,
        "TeRd_MTN": 99.53,
        "TS_MTN": 100,
        "TeS_ORANGE": 0.0,
        "TedS_ORANGE": 100.0,
        "TR3_ORANGE": 0.0,
        "TeRd_ORANGE": 100.0,
        "TS_ORANGE": 100.0,
        "rang_TeS_ORANGE": 1,
        "rang_TeS_MTN": 1,
        "rang_TeS_MOOV": 1,
        "rang_TedS_ORANGE": 1,
        "rang_TedS_MTN": 3,
        "rang_TedS_MOOV": 2,
        "rang_TR3_ORANGE": 1,
        "rang_TR3_MTN": 1,
        "rang_TR3_MOOV": 1,
        "rang_TS_ORANGE": 1,
        "rang_TS_MTN": 1,
        "rang_TS_MOOV": 1,
        "rang_TeRd_ORANGE": 1,
        "rang_TeRd_MTN": 2,
        "rang_TeRd_MOOV": 3
      },
      "id": 50
    },
    {
      "type": "Feature",
      "geometry": {
        "coordinates": [
          -4.35,
          7.45
        ],
        "type": "Point"
      },
      "properties": {
        "ADM0_FR": "LACS",
        "ADM0_PCODE": "CI07",
        "ADM1_FR": "IFFOU",
        "ADM1_PCODE": "CI119",
        "ADM2_FR": "M'BAHIAKRO",
        "ADM2_PCODE": "CI1902",
        "ADM3_FR": "M'BAHIAKRO",
        "ADM3_PCODE": "CI190201",
        "ADM4_FR": "M'BAHIAKRO",
        "ADM4_PCODE": "C5412",
        "centerLat": 7.46,
        "centerLng": -4.34,
        "pop": 14894,
        "TeS_MOOV": 0.0,
        "TedS_MOOV": 100.0,
        "TR3_MOOV": 0,
        "TeRd_MOOV": 100.0,
        "TS_MOOV": 100,
        "TeS_MTN": 0.0,
        "TedS_MTN": 99.33999999999999,
        "TR3_MTN": 0.0,
        "TeRd_MTN": 100.0,
        "TS_MTN": 100,
        "TeS_ORANGE": 0.0,
        "TedS_ORANGE": 98.72,
        "TR3_ORANGE": 5.7700000000000005,
        "TeRd_ORANGE": 82.05,
        "TS_ORANGE": 100.0,
        "rang_TeS_ORANGE": 1,
        "rang_TeS_MTN": 1,
        "rang_TeS_MOOV": 1,
        "rang_TedS_ORANGE": 3,
        "rang_TedS_MTN": 2,
        "rang_TedS_MOOV": 1,
        "rang_TR3_ORANGE": 3,
        "rang_TR3_MTN": 1,
        "rang_TR3_MOOV": 1,
        "rang_TS_ORANGE": 1,
        "rang_TS_MTN": 1,
        "rang_TS_MOOV": 1,
        "rang_TeRd_ORANGE": 3,
        "rang_TeRd_MTN": 1,
        "rang_TeRd_MOOV": 1
      },
      "id": 51
    },
    {
      "type": "Feature",
      "geometry": {
        "coordinates": [
          -6.566339999999999,
          5.39618
        ],
        "type": "Point"
      },
      "properties": {
        "ADM0_FR": "BAS-SASSANDRA",
        "ADM0_PCODE": "CI01",
        "ADM1_FR": "NAWA",
        "ADM1_PCODE": "CI126",
        "ADM2_FR": "MEAGUI",
        "ADM2_PCODE": "CI2603",
        "ADM3_FR": "MEAGUI",
        "ADM3_PCODE": "CI260301",
        "ADM4_FR": "MÉAGUI",
        "ADM4_PCODE": "C5452",
        "centerLat": 5.40618,
        "centerLng": -6.55634,
        "pop": 57367,
        "TeS_MOOV": 0.65,
        "TedS_MOOV": 98.69,
        "TR3_MOOV": 0,
        "TeRd_MOOV": 99.35000000000001,
        "TS_MOOV": 100,
        "TeS_MTN": 0.67,
        "TedS_MTN": 99.32,
        "TR3_MTN": 0.0,
        "TeRd_MTN": 100.0,
        "TS_MTN": 100,
        "TeS_ORANGE": 0.0,
        "TedS_ORANGE": 98.7,
        "TR3_ORANGE": 0.0,
        "TeRd_ORANGE": 100.0,
        "TS_ORANGE": 100.0,
        "rang_TeS_ORANGE": 1,
        "rang_TeS_MTN": 3,
        "rang_TeS_MOOV": 2,
        "rang_TedS_ORANGE": 2,
        "rang_TedS_MTN": 1,
        "rang_TedS_MOOV": 3,
        "rang_TR3_ORANGE": 1,
        "rang_TR3_MTN": 1,
        "rang_TR3_MOOV": 1,
        "rang_TS_ORANGE": 1,
        "rang_TS_MTN": 1,
        "rang_TS_MOOV": 1,
        "rang_TeRd_ORANGE": 1,
        "rang_TeRd_MTN": 1,
        "rang_TeRd_MOOV": 3
      },
      "id": 52
    },
    {
      "type": "Feature",
      "geometry": {
        "coordinates": [
          -4.49,
          9.39
        ],
        "type": "Point"
      },
      "properties": {
        "ADM0_FR": "SAVANES",
        "ADM0_PCODE": "CI11",
        "ADM1_FR": "TCHOLOGO",
        "ADM1_PCODE": "CI131",
        "ADM2_FR": "KONG",
        "ADM2_PCODE": "CI3102",
        "ADM3_FR": "SIKOLO",
        "ADM3_PCODE": "CI310204",
        "ADM4_FR": "NASSIAN",
        "ADM4_PCODE": "C5771",
        "centerLat": 9.4,
        "centerLng": -4.48,
        "pop": 1161,
        "TeS_MOOV": 0.0,
        "TedS_MOOV": 100.0,
        "TR3_MOOV": 0,
        "TeRd_MOOV": 100.0,
        "TS_MOOV": 100,
        "TeS_MTN": 4.2700000000000005,
        "TedS_MTN": 89.29,
        "TR3_MTN": 0.0,
        "TeRd_MTN": 95.54,
        "TS_MTN": 100,
        "TeS_ORANGE": 0.0,
        "TedS_ORANGE": 100.0,
        "TR3_ORANGE": 0.0,
        "TeRd_ORANGE": 100.0,
        "TS_ORANGE": 100.0,
        "rang_TeS_ORANGE": 1,
        "rang_TeS_MTN": 3,
        "rang_TeS_MOOV": 1,
        "rang_TedS_ORANGE": 1,
        "rang_TedS_MTN": 3,
        "rang_TedS_MOOV": 1,
        "rang_TR3_ORANGE": 1,
        "rang_TR3_MTN": 1,
        "rang_TR3_MOOV": 1,
        "rang_TS_ORANGE": 1,
        "rang_TS_MTN": 1,
        "rang_TS_MOOV": 1,
        "rang_TeRd_ORANGE": 1,
        "rang_TeRd_MTN": 3,
        "rang_TeRd_MOOV": 1
      },
      "id": 53
    },
    {
      "type": "Feature",
      "geometry": {
        "coordinates": [
          -5.3,
          8.65
        ],
        "type": "Point"
      },
      "properties": {
        "ADM0_FR": "VALLEE DU BANDAMA",
        "ADM0_PCODE": "CI12",
        "ADM1_FR": "HAMBOL",
        "ADM1_PCODE": "CI117",
        "ADM2_FR": "NIAKARAMADOUGOU",
        "ADM2_PCODE": "CI1703",
        "ADM3_FR": "NIAKARAMADOUGOU",
        "ADM3_PCODE": "CI170301",
        "ADM4_FR": "NIAKARAMADOUGOU",
        "ADM4_PCODE": "C5977",
        "centerLat": 8.66,
        "centerLng": -5.29,
        "pop": 16812,
        "TeS_MOOV": 0.0,
        "TedS_MOOV": 96.82,
        "TR3_MOOV": 0,
        "TeRd_MOOV": 100.0,
        "TS_MOOV": 100,
        "TeS_MTN": 0.65,
        "TedS_MTN": 78.57,
        "TR3_MTN": 0.0,
        "TeRd_MTN": 93.51,
        "TS_MTN": 100,
        "TeS_ORANGE": 0.0,
        "TedS_ORANGE": 98.72999999999999,
        "TR3_ORANGE": 0.0,
        "TeRd_ORANGE": 100.0,
        "TS_ORANGE": 100.0,
        "rang_TeS_ORANGE": 1,
        "rang_TeS_MTN": 3,
        "rang_TeS_MOOV": 1,
        "rang_TedS_ORANGE": 1,
        "rang_TedS_MTN": 3,
        "rang_TedS_MOOV": 2,
        "rang_TR3_ORANGE": 1,
        "rang_TR3_MTN": 1,
        "rang_TR3_MOOV": 1,
        "rang_TS_ORANGE": 1,
        "rang_TS_MTN": 1,
        "rang_TS_MOOV": 1,
        "rang_TeRd_ORANGE": 1,
        "rang_TeRd_MTN": 3,
        "rang_TeRd_MOOV": 1
      },
      "id": 54
    },
    {
      "type": "Feature",
      "geometry": {
        "coordinates": [
          -2.79555,
          5.28329
        ],
        "type": "Point"
      },
      "properties": {
        "ADM0_FR": "COMOE",
        "ADM0_PCODE": "CI02",
        "ADM1_FR": "SUD-COMOE",
        "ADM1_PCODE": "CI130",
        "ADM2_FR": "TIAPOUM",
        "ADM2_PCODE": "CI3004",
        "ADM3_FR": "NOE",
        "ADM3_PCODE": "CI300402",
        "ADM4_FR": "NOÉ",
        "ADM4_PCODE": "C6109",
        "centerLat": 5.29329,
        "centerLng": -2.78555,
        "pop": 9411,
        "TeS_MOOV": 0.0,
        "TedS_MOOV": 100.0,
        "TR3_MOOV": 0,
        "TeRd_MOOV": 100.0,
        "TS_MOOV": 100,
        "TeS_MTN": 0.0,
        "TedS_MTN": 97.87,
        "TR3_MTN": 0.0,
        "TeRd_MTN": 100.0,
        "TS_MTN": 100,
        "TeS_ORANGE": 0.0,
        "TedS_ORANGE": 100.0,
        "TR3_ORANGE": 0.0,
        "TeRd_ORANGE": 100.0,
        "TS_ORANGE": 100.0,
        "rang_TeS_ORANGE": 1,
        "rang_TeS_MTN": 1,
        "rang_TeS_MOOV": 1,
        "rang_TedS_ORANGE": 1,
        "rang_TedS_MTN": 3,
        "rang_TedS_MOOV": 1,
        "rang_TR3_ORANGE": 1,
        "rang_TR3_MTN": 1,
        "rang_TR3_MOOV": 1,
        "rang_TS_ORANGE": 1,
        "rang_TS_MTN": 1,
        "rang_TS_MOOV": 1,
        "rang_TeRd_ORANGE": 1,
        "rang_TeRd_MTN": 1,
        "rang_TeRd_MOOV": 1
      },
      "id": 55
    },
    {
      "type": "Feature",
      "geometry": {
        "coordinates": [
          -7.57213,
          9.49687
        ],
        "type": "Point"
      },
      "properties": {
        "ADM0_FR": "DENGUELE",
        "ADM0_PCODE": "CI03",
        "ADM1_FR": "KABADOUGOU",
        "ADM1_PCODE": "CI121",
        "ADM2_FR": "ODIENNE",
        "ADM2_PCODE": "CI2103",
        "ADM3_FR": "ODIENNE",
        "ADM3_PCODE": "CI210301",
        "ADM4_FR": "ODIENNE",
        "ADM4_PCODE": "C6210",
        "centerLat": 9.50687,
        "centerLng": -7.56213,
        "pop": 42173,
        "TeS_MOOV": 0.0,
        "TedS_MOOV": 98.44000000000001,
        "TR3_MOOV": 0,
        "TeRd_MOOV": 100.0,
        "TS_MOOV": 100,
        "TeS_MTN": 0.0,
        "TedS_MTN": 97.66,
        "TR3_MTN": 0.7799999999999999,
        "TeRd_MTN": 99.22,
        "TS_MTN": 100,
        "TeS_ORANGE": 0.0,
        "TedS_ORANGE": 97.66,
        "TR3_ORANGE": 0.0,
        "TeRd_ORANGE": 99.61,
        "TS_ORANGE": 100.0,
        "rang_TeS_ORANGE": 1,
        "rang_TeS_MTN": 1,
        "rang_TeS_MOOV": 1,
        "rang_TedS_ORANGE": 2,
        "rang_TedS_MTN": 2,
        "rang_TedS_MOOV": 1,
        "rang_TR3_ORANGE": 1,
        "rang_TR3_MTN": 3,
        "rang_TR3_MOOV": 1,
        "rang_TS_ORANGE": 1,
        "rang_TS_MTN": 1,
        "rang_TS_MOOV": 1,
        "rang_TeRd_ORANGE": 2,
        "rang_TeRd_MTN": 3,
        "rang_TeRd_MOOV": 1
      },
      "id": 56
    },
    {
      "type": "Feature",
      "geometry": {
        "coordinates": [
          -5.16419,
          9.95711
        ],
        "type": "Point"
      },
      "properties": {
        "ADM0_FR": "SAVANES",
        "ADM0_PCODE": "CI11",
        "ADM1_FR": "TCHOLOGO",
        "ADM1_PCODE": "CI131",
        "ADM2_FR": "OUANGOLODOUGOU",
        "ADM2_PCODE": "CI3103",
        "ADM3_FR": "OUANGOLODOUGOU",
        "ADM3_PCODE": "CI310301",
        "ADM4_FR": "OUANGOLODOUGOU",
        "ADM4_PCODE": "C6291",
        "centerLat": 9.96711,
        "centerLng": -5.15419,
        "pop": 37991,
        "TeS_MOOV": 0.0,
        "TedS_MOOV": 100.0,
        "TR3_MOOV": 0,
        "TeRd_MOOV": 100.0,
        "TS_MOOV": 100,
        "TeS_MTN": 0.0,
        "TedS_MTN": 99.37,
        "TR3_MTN": 0.0,
        "TeRd_MTN": 100.0,
        "TS_MTN": 100,
        "TeS_ORANGE": 0.0,
        "TedS_ORANGE": 99.37,
        "TR3_ORANGE": 0.0,
        "TeRd_ORANGE": 100.0,
        "TS_ORANGE": 100.0,
        "rang_TeS_ORANGE": 1,
        "rang_TeS_MTN": 1,
        "rang_TeS_MOOV": 1,
        "rang_TedS_ORANGE": 2,
        "rang_TedS_MTN": 2,
        "rang_TedS_MOOV": 1,
        "rang_TR3_ORANGE": 1,
        "rang_TR3_MTN": 1,
        "rang_TR3_MOOV": 1,
        "rang_TS_ORANGE": 1,
        "rang_TS_MTN": 1,
        "rang_TS_MOOV": 1,
        "rang_TeRd_ORANGE": 1,
        "rang_TeRd_MTN": 1,
        "rang_TeRd_MOOV": 1
      },
      "id": 57
    },
    {
      "type": "Feature",
      "geometry": {
        "coordinates": [
          -7.0934099999999995,
          4.65649
        ],
        "type": "Point"
      },
      "properties": {
        "ADM0_FR": "BAS-SASSANDRA",
        "ADM0_PCODE": "CI01",
        "ADM1_FR": "SAN-PEDRO",
        "ADM1_PCODE": "CI129",
        "ADM2_FR": "SAN-PEDRO",
        "ADM2_PCODE": "CI2901",
        "ADM3_FR": "GRAND-BEREBY",
        "ADM3_PCODE": "CI290105",
        "ADM4_FR": "OUÉOULO",
        "ADM4_PCODE": "C6339",
        "centerLat": 4.66649,
        "centerLng": -7.08341,
        "pop": 1741,
        "TeS_MOOV": 0.0,
        "TedS_MOOV": 97.37,
        "TR3_MOOV": 0,
        "TeRd_MOOV": 99.11999999999999,
        "TS_MOOV": 100,
        "TeS_MTN": 0.0,
        "TedS_MTN": 94.74000000000001,
        "TR3_MTN": 0.0,
        "TeRd_MTN": 99.11999999999999,
        "TS_MTN": 100,
        "TeS_ORANGE": 0.0,
        "TedS_ORANGE": 98.25,
        "TR3_ORANGE": 0.0,
        "TeRd_ORANGE": 100.0,
        "TS_ORANGE": 100.0,
        "rang_TeS_ORANGE": 1,
        "rang_TeS_MTN": 1,
        "rang_TeS_MOOV": 1,
        "rang_TedS_ORANGE": 1,
        "rang_TedS_MTN": 3,
        "rang_TedS_MOOV": 2,
        "rang_TR3_ORANGE": 1,
        "rang_TR3_MTN": 1,
        "rang_TR3_MOOV": 1,
        "rang_TS_ORANGE": 1,
        "rang_TS_MTN": 1,
        "rang_TS_MOOV": 1,
        "rang_TeRd_ORANGE": 1,
        "rang_TeRd_MTN": 2,
        "rang_TeRd_MOOV": 2
      },
      "id": 58
    },
    {
      "type": "Feature",
      "geometry": {
        "coordinates": [
          -5.897749999999999,
          8.80244
        ],
        "type": "Point"
      },
      "properties": {
        "ADM0_FR": "SAVANES",
        "ADM0_PCODE": "CI11",
        "ADM1_FR": "PORO",
        "ADM1_PCODE": "CI128",
        "ADM2_FR": "DIKODOUGOU",
        "ADM2_PCODE": "CI2801",
        "ADM3_FR": "DIKODOUGOU",
        "ADM3_PCODE": "CI280102",
        "ADM4_FR": "SAMATIGUILA",
        "ADM4_PCODE": "C6741",
        "centerLat": 8.81244,
        "centerLng": -5.88775,
        "pop": 652,
        "TeS_MOOV": 0.0,
        "TedS_MOOV": 99.38,
        "TR3_MOOV": 0,
        "TeRd_MOOV": 100.0,
        "TS_MOOV": 100,
        "TeS_MTN": 0.0,
        "TedS_MTN": 99.38,
        "TR3_MTN": 0.0,
        "TeRd_MTN": 100.0,
        "TS_MTN": 100,
        "TeS_ORANGE": 0.0,
        "TedS_ORANGE": 100.0,
        "TR3_ORANGE": 0.0,
        "TeRd_ORANGE": 100.0,
        "TS_ORANGE": 100.0,
        "rang_TeS_ORANGE": 1,
        "rang_TeS_MTN": 1,
        "rang_TeS_MOOV": 1,
        "rang_TedS_ORANGE": 1,
        "rang_TedS_MTN": 2,
        "rang_TedS_MOOV": 2,
        "rang_TR3_ORANGE": 1,
        "rang_TR3_MTN": 1,
        "rang_TR3_MOOV": 1,
        "rang_TS_ORANGE": 1,
        "rang_TS_MTN": 1,
        "rang_TS_MOOV": 1,
        "rang_TeRd_ORANGE": 1,
        "rang_TeRd_MTN": 1,
        "rang_TeRd_MOOV": 1
      },
      "id": 59
    },
    {
      "type": "Feature",
      "geometry": {
        "coordinates": [
          -3.52833,
          5.27453
        ],
        "type": "Point"
      },
      "properties": {
        "ADM0_FR": "COMOE",
        "ADM0_PCODE": "CI02",
        "ADM1_FR": "SUD-COMOE",
        "ADM1_PCODE": "CI130",
        "ADM2_FR": "GRAND-BASSAM",
        "ADM2_PCODE": "CI3003",
        "ADM3_FR": "BONOUA",
        "ADM3_PCODE": "CI300302",
        "ADM4_FR": "SAMO",
        "ADM4_PCODE": "C6751",
        "centerLat": 5.28453,
        "centerLng": -3.51833,
        "pop": 6424,
        "TeS_MOOV": 0.0,
        "TedS_MOOV": 98.75,
        "TR3_MOOV": 0,
        "TeRd_MOOV": 100.0,
        "TS_MOOV": 100,
        "TeS_MTN": 0.0,
        "TedS_MTN": 68.17999999999999,
        "TR3_MTN": 0.0,
        "TeRd_MTN": 97.72999999999999,
        "TS_MTN": 100,
        "TeS_ORANGE": 1.82,
        "TedS_ORANGE": 94.44,
        "TR3_ORANGE": 0.0,
        "TeRd_ORANGE": 96.3,
        "TS_ORANGE": 100.0,
        "rang_TeS_ORANGE": 3,
        "rang_TeS_MTN": 1,
        "rang_TeS_MOOV": 1,
        "rang_TedS_ORANGE": 2,
        "rang_TedS_MTN": 3,
        "rang_TedS_MOOV": 1,
        "rang_TR3_ORANGE": 1,
        "rang_TR3_MTN": 1,
        "rang_TR3_MOOV": 1,
        "rang_TS_ORANGE": 1,
        "rang_TS_MTN": 1,
        "rang_TS_MOOV": 1,
        "rang_TeRd_ORANGE": 3,
        "rang_TeRd_MTN": 2,
        "rang_TeRd_MOOV": 1
      },
      "id": 60
    },
    {
      "type": "Feature",
      "geometry": {
        "coordinates": [
          -6.6297299999999995,
          4.72809
        ],
        "type": "Point"
      },
      "properties": {
        "ADM0_FR": "BAS-SASSANDRA",
        "ADM0_PCODE": "CI01",
        "ADM1_FR": "SAN-PEDRO",
        "ADM1_PCODE": "CI129",
        "ADM2_FR": "SAN-PEDRO",
        "ADM2_PCODE": "CI2901",
        "ADM3_FR": "SAN-PEDRO",
        "ADM3_PCODE": "CI290101",
        "ADM4_FR": "SAN-PEDRO",
        "ADM4_PCODE": "C6807",
        "centerLat": 4.73809,
        "centerLng": -6.61973,
        "pop": 164944,
        "TeS_MOOV": 0.0,
        "TedS_MOOV": 98.95,
        "TR3_MOOV": 0,
        "TeRd_MOOV": 100.0,
        "TS_MOOV": 100,
        "TeS_MTN": 0.0,
        "TedS_MTN": 98.94,
        "TR3_MTN": 0.0,
        "TeRd_MTN": 99.47,
        "TS_MTN": 100,
        "TeS_ORANGE": 0.0,
        "TedS_ORANGE": 99.42999999999999,
        "TR3_ORANGE": 0.0,
        "TeRd_ORANGE": 100.0,
        "TS_ORANGE": 100.0,
        "rang_TeS_ORANGE": 1,
        "rang_TeS_MTN": 1,
        "rang_TeS_MOOV": 1,
        "rang_TedS_ORANGE": 1,
        "rang_TedS_MTN": 3,
        "rang_TedS_MOOV": 2,
        "rang_TR3_ORANGE": 1,
        "rang_TR3_MTN": 1,
        "rang_TR3_MOOV": 1,
        "rang_TS_ORANGE": 1,
        "rang_TS_MTN": 1,
        "rang_TS_MOOV": 1,
        "rang_TeRd_ORANGE": 1,
        "rang_TeRd_MTN": 3,
        "rang_TeRd_MOOV": 1
      },
      "id": 61
    },
    {
      "type": "Feature",
      "geometry": {
        "coordinates": [
          -3.59117,
          7.944640000000001
        ],
        "type": "Point"
      },
      "properties": {
        "ADM0_FR": "ZANZAN",
        "ADM0_PCODE": "CI14",
        "ADM1_FR": "GONTOUGO",
        "ADM1_PCODE": "CI114",
        "ADM2_FR": "SANDEGUE",
        "ADM2_PCODE": "CI1403",
        "ADM3_FR": "SANDEGUE",
        "ADM3_PCODE": "CI140301",
        "ADM4_FR": "SANDÉGUÉ",
        "ADM4_PCODE": "C6770",
        "centerLat": 7.95464,
        "centerLng": -3.58117,
        "pop": 2972,
        "TeS_MOOV": 0.0,
        "TedS_MOOV": 100.0,
        "TR3_MOOV": 0,
        "TeRd_MOOV": 100.0,
        "TS_MOOV": 100,
        "TeS_MTN": 0.0,
        "TedS_MTN": 100.0,
        "TR3_MTN": 0.0,
        "TeRd_MTN": 100.0,
        "TS_MTN": 100,
        "TeS_ORANGE": 0.0,
        "TedS_ORANGE": 100.0,
        "TR3_ORANGE": 0.0,
        "TeRd_ORANGE": 100.0,
        "TS_ORANGE": 100.0,
        "rang_TeS_ORANGE": 1,
        "rang_TeS_MTN": 1,
        "rang_TeS_MOOV": 1,
        "rang_TedS_ORANGE": 1,
        "rang_TedS_MTN": 1,
        "rang_TedS_MOOV": 1,
        "rang_TR3_ORANGE": 1,
        "rang_TR3_MTN": 1,
        "rang_TR3_MOOV": 1,
        "rang_TS_ORANGE": 1,
        "rang_TS_MTN": 1,
        "rang_TS_MOOV": 1,
        "rang_TeRd_ORANGE": 1,
        "rang_TeRd_MTN": 1,
        "rang_TeRd_MOOV": 1
      },
      "id": 62
    },
    {
      "type": "Feature",
      "geometry": {
        "coordinates": [
          -6.683129999999999,
          7.95253
        ],
        "type": "Point"
      },
      "properties": {
        "ADM0_FR": "WOROBA",
        "ADM0_PCODE": "CI13",
        "ADM1_FR": "WORODOUGOU",
        "ADM1_PCODE": "CI133",
        "ADM2_FR": "SEGUELA",
        "ADM2_PCODE": "CI3302",
        "ADM3_FR": "SEGUELA",
        "ADM3_PCODE": "CI330201",
        "ADM4_FR": "SÉGUÉLA",
        "ADM4_PCODE": "C6882",
        "centerLat": 7.96253,
        "centerLng": -6.67313,
        "pop": 46189,
        "TeS_MOOV": 0.0,
        "TedS_MOOV": 98.56,
        "TR3_MOOV": 0,
        "TeRd_MOOV": 100.0,
        "TS_MOOV": 100,
        "TeS_MTN": 0.0,
        "TedS_MTN": 98.61999999999999,
        "TR3_MTN": 0.0,
        "TeRd_MTN": 100.0,
        "TS_MTN": 100,
        "TeS_ORANGE": 0.0,
        "TedS_ORANGE": 99.08,
        "TR3_ORANGE": 0.0,
        "TeRd_ORANGE": 100.0,
        "TS_ORANGE": 100.0,
        "rang_TeS_ORANGE": 1,
        "rang_TeS_MTN": 1,
        "rang_TeS_MOOV": 1,
        "rang_TedS_ORANGE": 1,
        "rang_TedS_MTN": 2,
        "rang_TedS_MOOV": 3,
        "rang_TR3_ORANGE": 1,
        "rang_TR3_MTN": 1,
        "rang_TR3_MOOV": 1,
        "rang_TS_ORANGE": 1,
        "rang_TS_MTN": 1,
        "rang_TS_MOOV": 1,
        "rang_TeRd_ORANGE": 1,
        "rang_TeRd_MTN": 1,
        "rang_TeRd_MOOV": 1
      },
      "id": 63
    },
    {
      "type": "Feature",
      "geometry": {
        "coordinates": [
          -4.58207,
          5.66065
        ],
        "type": "Point"
      },
      "properties": {
        "ADM0_FR": "LAGUNES",
        "ADM0_PCODE": "CI08",
        "ADM1_FR": "AGNEBY-TIASSA",
        "ADM1_PCODE": "CI103",
        "ADM2_FR": "SIKENSI",
        "ADM2_PCODE": "CI0302",
        "ADM3_FR": "SIKENSI",
        "ADM3_PCODE": "CI030201",
        "ADM4_FR": "SIKENSI",
        "ADM4_PCODE": "C7019",
        "centerLat": 5.67065,
        "centerLng": -4.57207,
        "pop": 7308,
        "TeS_MOOV": 0.0,
        "TedS_MOOV": 94.27,
        "TR3_MOOV": 0,
        "TeRd_MOOV": 96.82,
        "TS_MOOV": 100,
        "TeS_MTN": 0.0,
        "TedS_MTN": 100.0,
        "TR3_MTN": 0.0,
        "TeRd_MTN": 99.36,
        "TS_MTN": 100,
        "TeS_ORANGE": 0.0,
        "TedS_ORANGE": 100.0,
        "TR3_ORANGE": 0.0,
        "TeRd_ORANGE": 100.0,
        "TS_ORANGE": 100.0,
        "rang_TeS_ORANGE": 1,
        "rang_TeS_MTN": 1,
        "rang_TeS_MOOV": 1,
        "rang_TedS_ORANGE": 1,
        "rang_TedS_MTN": 1,
        "rang_TedS_MOOV": 3,
        "rang_TR3_ORANGE": 1,
        "rang_TR3_MTN": 1,
        "rang_TR3_MOOV": 1,
        "rang_TS_ORANGE": 1,
        "rang_TS_MTN": 1,
        "rang_TS_MOOV": 1,
        "rang_TeRd_ORANGE": 1,
        "rang_TeRd_MTN": 2,
        "rang_TeRd_MOOV": 3
      },
      "id": 64
    },
    {
      "type": "Feature",
      "geometry": {
        "coordinates": [
          -5.92517,
          6.61035
        ],
        "type": "Point"
      },
      "properties": {
        "ADM0_FR": "SASSANDRA-MARAHOUE",
        "ADM0_PCODE": "CI10",
        "ADM1_FR": "MARAHOUE",
        "ADM1_PCODE": "CI123",
        "ADM2_FR": "SINFRA",
        "ADM2_PCODE": "CI2302",
        "ADM3_FR": "SINFRA",
        "ADM3_PCODE": "CI230201",
        "ADM4_FR": "SINFRA",
        "ADM4_PCODE": "C7045",
        "centerLat": 6.62035,
        "centerLng": -5.91517,
        "pop": 80658,
        "TeS_MOOV": 0.0,
        "TedS_MOOV": 97.37,
        "TR3_MOOV": 0,
        "TeRd_MOOV": 100.0,
        "TS_MOOV": 100,
        "TeS_MTN": 0.0,
        "TedS_MTN": 98.03,
        "TR3_MTN": 0.0,
        "TeRd_MTN": 99.33999999999999,
        "TS_MTN": 100,
        "TeS_ORANGE": 0.0,
        "TedS_ORANGE": 100.0,
        "TR3_ORANGE": 0.0,
        "TeRd_ORANGE": 100.0,
        "TS_ORANGE": 100.0,
        "rang_TeS_ORANGE": 1,
        "rang_TeS_MTN": 1,
        "rang_TeS_MOOV": 1,
        "rang_TedS_ORANGE": 1,
        "rang_TedS_MTN": 2,
        "rang_TedS_MOOV": 3,
        "rang_TR3_ORANGE": 1,
        "rang_TR3_MTN": 1,
        "rang_TR3_MOOV": 1,
        "rang_TS_ORANGE": 1,
        "rang_TS_MTN": 1,
        "rang_TS_MOOV": 1,
        "rang_TeRd_ORANGE": 1,
        "rang_TeRd_MTN": 3,
        "rang_TeRd_MOOV": 1
      },
      "id": 65
    },
    {
      "type": "Feature",
      "geometry": {
        "coordinates": [
          -6.109649999999999,
          9.2685
        ],
        "type": "Point"
      },
      "properties": {
        "ADM0_FR": "SAVANES",
        "ADM0_PCODE": "CI11",
        "ADM1_FR": "PORO",
        "ADM1_PCODE": "CI128",
        "ADM2_FR": "KORHOGO",
        "ADM2_PCODE": "CI2802",
        "ADM3_FR": "SIRASSO",
        "ADM3_PCODE": "CI280214",
        "ADM4_FR": "SIRASSO",
        "ADM4_PCODE": "C7081",
        "centerLat": 9.2785,
        "centerLng": -6.09965,
        "pop": 8869,
        "TeS_MOOV": 0.0,
        "TedS_MOOV": 100.0,
        "TR3_MOOV": 0,
        "TeRd_MOOV": 100.0,
        "TS_MOOV": 100,
        "TeS_MTN": 0.96,
        "TedS_MTN": 100.0,
        "TR3_MTN": 0.0,
        "TeRd_MTN": 99.03,
        "TS_MTN": 100,
        "TeS_ORANGE": 0.0,
        "TedS_ORANGE": 100.0,
        "TR3_ORANGE": 0.0,
        "TeRd_ORANGE": 100.0,
        "TS_ORANGE": 100.0,
        "rang_TeS_ORANGE": 1,
        "rang_TeS_MTN": 3,
        "rang_TeS_MOOV": 1,
        "rang_TedS_ORANGE": 1,
        "rang_TedS_MTN": 1,
        "rang_TedS_MOOV": 1,
        "rang_TR3_ORANGE": 1,
        "rang_TR3_MTN": 1,
        "rang_TR3_MOOV": 1,
        "rang_TS_ORANGE": 1,
        "rang_TS_MTN": 1,
        "rang_TS_MOOV": 1,
        "rang_TeRd_ORANGE": 1,
        "rang_TeRd_MTN": 3,
        "rang_TeRd_MOOV": 1
      },
      "id": 66
    },
    {
      "type": "Feature",
      "geometry": {
        "coordinates": [
          -7.36615,
          4.404520000000001
        ],
        "type": "Point"
      },
      "properties": {
        "ADM0_FR": "BAS-SASSANDRA",
        "ADM0_PCODE": "CI01",
        "ADM1_FR": "SAN-PEDRO",
        "ADM1_PCODE": "CI129",
        "ADM2_FR": "TABOU",
        "ADM2_PCODE": "CI2902",
        "ADM3_FR": "TABOU",
        "ADM3_PCODE": "CI290201",
        "ADM4_FR": "TABOU",
        "ADM4_PCODE": "C7308",
        "centerLat": 4.41452,
        "centerLng": -7.35615,
        "pop": 22733,
        "TeS_MOOV": 0.0,
        "TedS_MOOV": 99.33999999999999,
        "TR3_MOOV": 0,
        "TeRd_MOOV": 99.33999999999999,
        "TS_MOOV": 100,
        "TeS_MTN": 4.17,
        "TedS_MTN": 97.1,
        "TR3_MTN": 0.0,
        "TeRd_MTN": 99.28,
        "TS_MTN": 100,
        "TeS_ORANGE": 0.0,
        "TedS_ORANGE": 98.03,
        "TR3_ORANGE": 0.0,
        "TeRd_ORANGE": 99.33999999999999,
        "TS_ORANGE": 100.0,
        "rang_TeS_ORANGE": 1,
        "rang_TeS_MTN": 3,
        "rang_TeS_MOOV": 1,
        "rang_TedS_ORANGE": 2,
        "rang_TedS_MTN": 3,
        "rang_TedS_MOOV": 1,
        "rang_TR3_ORANGE": 1,
        "rang_TR3_MTN": 1,
        "rang_TR3_MOOV": 1,
        "rang_TS_ORANGE": 1,
        "rang_TS_MTN": 1,
        "rang_TS_MOOV": 1,
        "rang_TeRd_ORANGE": 1,
        "rang_TeRd_MTN": 3,
        "rang_TeRd_MOOV": 1
      },
      "id": 67
    },
    {
      "type": "Feature",
      "geometry": {
        "coordinates": [
          -6.42061,
          10.479000000000001
        ],
        "type": "Point"
      },
      "properties": {
        "ADM0_FR": "SAVANES",
        "ADM0_PCODE": "CI11",
        "ADM1_FR": "BAGOUE",
        "ADM1_PCODE": "CI105",
        "ADM2_FR": "TENGRELA",
        "ADM2_PCODE": "CI0503",
        "ADM3_FR": "TENGRELA",
        "ADM3_PCODE": "CI050301",
        "ADM4_FR": "TENGRELA",
        "ADM4_PCODE": "C7513",
        "centerLat": 10.489,
        "centerLng": -6.41061,
        "pop": 40323,
        "TeS_MOOV": 0.0,
        "TedS_MOOV": 92.0,
        "TR3_MOOV": 0,
        "TeRd_MOOV": 97.0,
        "TS_MOOV": 100,
        "TeS_MTN": 0.0,
        "TedS_MTN": 99.00999999999999,
        "TR3_MTN": 0.0,
        "TeRd_MTN": 100.0,
        "TS_MTN": 100,
        "TeS_ORANGE": 0.0,
        "TedS_ORANGE": 98.97,
        "TR3_ORANGE": 0.0,
        "TeRd_ORANGE": 100.0,
        "TS_ORANGE": 100.0,
        "rang_TeS_ORANGE": 1,
        "rang_TeS_MTN": 1,
        "rang_TeS_MOOV": 1,
        "rang_TedS_ORANGE": 2,
        "rang_TedS_MTN": 1,
        "rang_TedS_MOOV": 3,
        "rang_TR3_ORANGE": 1,
        "rang_TR3_MTN": 1,
        "rang_TR3_MOOV": 1,
        "rang_TS_ORANGE": 1,
        "rang_TS_MTN": 1,
        "rang_TS_MOOV": 1,
        "rang_TeRd_ORANGE": 1,
        "rang_TeRd_MTN": 1,
        "rang_TeRd_MOOV": 3
      },
      "id": 68
    },
    {
      "type": "Feature",
      "geometry": {
        "coordinates": [
          -7.69063,
          8.27504
        ],
        "type": "Point"
      },
      "properties": {
        "ADM0_FR": "WOROBA",
        "ADM0_PCODE": "CI13",
        "ADM1_FR": "BAFING",
        "ADM1_PCODE": "CI104",
        "ADM2_FR": "TOUBA",
        "ADM2_PCODE": "CI0403",
        "ADM3_FR": "TOUBA",
        "ADM3_PCODE": "CI040301",
        "ADM4_FR": "TOUBA",
        "ADM4_PCODE": "C7832",
        "centerLat": 8.28504,
        "centerLng": -7.68063,
        "pop": 22361,
        "TeS_MOOV": 0.0,
        "TedS_MOOV": 97.94,
        "TR3_MOOV": 0,
        "TeRd_MOOV": 99.48,
        "TS_MOOV": 100,
        "TeS_MTN": 0.0,
        "TedS_MTN": 96.67,
        "TR3_MTN": 0.0,
        "TeRd_MTN": 100.0,
        "TS_MTN": 100,
        "TeS_ORANGE": 0.0,
        "TedS_ORANGE": 99.39,
        "TR3_ORANGE": 13.94,
        "TeRd_ORANGE": 67.27,
        "TS_ORANGE": 100.0,
        "rang_TeS_ORANGE": 1,
        "rang_TeS_MTN": 1,
        "rang_TeS_MOOV": 1,
        "rang_TedS_ORANGE": 1,
        "rang_TedS_MTN": 3,
        "rang_TedS_MOOV": 2,
        "rang_TR3_ORANGE": 3,
        "rang_TR3_MTN": 1,
        "rang_TR3_MOOV": 1,
        "rang_TS_ORANGE": 1,
        "rang_TS_MTN": 1,
        "rang_TS_MOOV": 1,
        "rang_TeRd_ORANGE": 3,
        "rang_TeRd_MTN": 1,
        "rang_TeRd_MOOV": 2
      },
      "id": 69
    },
    {
      "type": "Feature",
      "geometry": {
        "coordinates": [
          -6.49051,
          7.3674800000000005
        ],
        "type": "Point"
      },
      "properties": {
        "ADM0_FR": "SASSANDRA-MARAHOUE",
        "ADM0_PCODE": "CI10",
        "ADM1_FR": "HAUT-SASSANDRA",
        "ADM1_PCODE": "CI118",
        "ADM2_FR": "VAVOUA",
        "ADM2_PCODE": "CI1803",
        "ADM3_FR": "VAVOUA",
        "ADM3_PCODE": "CI180301",
        "ADM4_FR": "VAVOUA",
        "ADM4_PCODE": "C7965",
        "centerLat": 7.37748,
        "centerLng": -6.48051,
        "pop": 67096,
        "TeS_MOOV": 0.0,
        "TedS_MOOV": 99.33999999999999,
        "TR3_MOOV": 0,
        "TeRd_MOOV": 100.0,
        "TS_MOOV": 100,
        "TeS_MTN": 0.0,
        "TedS_MTN": 98.03,
        "TR3_MTN": 0.0,
        "TeRd_MTN": 100.0,
        "TS_MTN": 100,
        "TeS_ORANGE": 0.0,
        "TedS_ORANGE": 98.68,
        "TR3_ORANGE": 0.0,
        "TeRd_ORANGE": 99.33999999999999,
        "TS_ORANGE": 100.0,
        "rang_TeS_ORANGE": 1,
        "rang_TeS_MTN": 1,
        "rang_TeS_MOOV": 1,
        "rang_TedS_ORANGE": 2,
        "rang_TedS_MTN": 3,
        "rang_TedS_MOOV": 1,
        "rang_TR3_ORANGE": 1,
        "rang_TR3_MTN": 1,
        "rang_TR3_MOOV": 1,
        "rang_TS_ORANGE": 1,
        "rang_TS_MTN": 1,
        "rang_TS_MOOV": 1,
        "rang_TeRd_ORANGE": 3,
        "rang_TeRd_MTN": 1,
        "rang_TeRd_MOOV": 1
      },
      "id": 70
    },
    {
      "type": "Feature",
      "geometry": {
        "coordinates": [
          -6.61062,
          5.94007
        ],
        "type": "Point"
      },
      "properties": {
        "ADM0_FR": "BAS-SASSANDRA",
        "ADM0_PCODE": "CI01",
        "ADM1_FR": "NAWA",
        "ADM1_PCODE": "CI126",
        "ADM2_FR": "SOUBRE",
        "ADM2_PCODE": "CI2604",
        "ADM3_FR": "SOUBRE",
        "ADM3_PCODE": "CI260401",
        "ADM4_FR": "YABAYO",
        "ADM4_PCODE": "C8048",
        "centerLat": 5.95007,
        "centerLng": -6.60062,
        "pop": 20086,
        "TeS_MOOV": 0.0,
        "TedS_MOOV": 81.32000000000001,
        "TR3_MOOV": 0,
        "TeRd_MOOV": 97.8,
        "TS_MOOV": 100,
        "TeS_MTN": 0.0,
        "TedS_MTN": 100.0,
        "TR3_MTN": 0.0,
        "TeRd_MTN": 100.0,
        "TS_MTN": 100,
        "TeS_ORANGE": 0.0,
        "TedS_ORANGE": 99.08,
        "TR3_ORANGE": 0.0,
        "TeRd_ORANGE": 100.0,
        "TS_ORANGE": 100.0,
        "rang_TeS_ORANGE": 1,
        "rang_TeS_MTN": 1,
        "rang_TeS_MOOV": 1,
        "rang_TedS_ORANGE": 2,
        "rang_TedS_MTN": 1,
        "rang_TedS_MOOV": 3,
        "rang_TR3_ORANGE": 1,
        "rang_TR3_MTN": 1,
        "rang_TR3_MOOV": 1,
        "rang_TS_ORANGE": 1,
        "rang_TS_MTN": 1,
        "rang_TS_MOOV": 1,
        "rang_TeRd_ORANGE": 1,
        "rang_TeRd_MTN": 1,
        "rang_TeRd_MOOV": 3
      },
      "id": 71
    },
    {
      "type": "Feature",
      "geometry": {
        "coordinates": [
          -5.28786,
          6.808190000000001
        ],
        "type": "Point"
      },
      "properties": {
        "ADM0_FR": "DISTRICT AUTONOME DE YAMOUSSOUKRO",
        "ADM0_PCODE": "CI05",
        "ADM1_FR": "DISTRICT AUTONOME DE YAMOUSSOUKRO",
        "ADM1_PCODE": "CI102",
        "ADM2_FR": "YAMOUSSOUKRO",
        "ADM2_PCODE": "CI0202",
        "ADM3_FR": "YAMOUSSOUKRO",
        "ADM3_PCODE": "CI020201",
        "ADM4_FR": "YAMOUSSOUKRO",
        "ADM4_PCODE": "C8092",
        "centerLat": 6.81819,
        "centerLng": -5.27786,
        "pop": 212670,
        "TeS_MOOV": 0.0,
        "TedS_MOOV": 99.6,
        "TR3_MOOV": 0,
        "TeRd_MOOV": 100.0,
        "TS_MOOV": 100,
        "TeS_MTN": 0.0,
        "TedS_MTN": 99.21,
        "TR3_MTN": 0.0,
        "TeRd_MTN": 100.0,
        "TS_MTN": 100,
        "TeS_ORANGE": 0.0,
        "TedS_ORANGE": 98.81,
        "TR3_ORANGE": 0.0,
        "TeRd_ORANGE": 100.0,
        "TS_ORANGE": 100.0,
        "rang_TeS_ORANGE": 1,
        "rang_TeS_MTN": 1,
        "rang_TeS_MOOV": 1,
        "rang_TedS_ORANGE": 3,
        "rang_TedS_MTN": 2,
        "rang_TedS_MOOV": 1,
        "rang_TR3_ORANGE": 1,
        "rang_TR3_MTN": 1,
        "rang_TR3_MOOV": 1,
        "rang_TS_ORANGE": 1,
        "rang_TS_MTN": 1,
        "rang_TS_MOOV": 1,
        "rang_TeRd_ORANGE": 1,
        "rang_TeRd_MTN": 1,
        "rang_TeRd_MOOV": 1
      },
      "id": 72
    },
    {
      "type": "Feature",
      "geometry": {
        "coordinates": [
          -5.11592,
          5.257140000000001
        ],
        "type": "Point"
      },
      "properties": {
        "ADM0_FR": "GOH-DJIBOUA",
        "ADM0_PCODE": "CI06",
        "ADM1_FR": "LOH-DJIBOUA",
        "ADM1_PCODE": "CI122",
        "ADM2_FR": "GUITRY",
        "ADM2_PCODE": "CI2202",
        "ADM3_FR": "YOCOBOUE",
        "ADM3_PCODE": "CI220204",
        "ADM4_FR": "YOCOBOUÉ",
        "ADM4_PCODE": "C8206",
        "centerLat": 5.26714,
        "centerLng": -5.10592,
        "pop": 5030,
        "TeS_MOOV": 0.0,
        "TedS_MOOV": 100.0,
        "TR3_MOOV": 0,
        "TeRd_MOOV": 100.0,
        "TS_MOOV": 100,
        "TeS_MTN": 0.0,
        "TedS_MTN": 100.0,
        "TR3_MTN": 0.0,
        "TeRd_MTN": 100.0,
        "TS_MTN": 100,
        "TeS_ORANGE": 0.0,
        "TedS_ORANGE": 100.0,
        "TR3_ORANGE": 0.0,
        "TeRd_ORANGE": 100.0,
        "TS_ORANGE": 100.0,
        "rang_TeS_ORANGE": 1,
        "rang_TeS_MTN": 1,
        "rang_TeS_MOOV": 1,
        "rang_TedS_ORANGE": 1,
        "rang_TedS_MTN": 1,
        "rang_TedS_MOOV": 1,
        "rang_TR3_ORANGE": 1,
        "rang_TR3_MTN": 1,
        "rang_TR3_MOOV": 1,
        "rang_TS_ORANGE": 1,
        "rang_TS_MTN": 1,
        "rang_TS_MOOV": 1,
        "rang_TeRd_ORANGE": 1,
        "rang_TeRd_MTN": 1,
        "rang_TeRd_MOOV": 1
      },
      "id": 73
    },
    {
      "type": "Feature",
      "geometry": {
        "coordinates": [
          -7.49543,
          6.20155
        ],
        "type": "Point"
      },
      "properties": {
        "ADM0_FR": "MONTAGNES",
        "ADM0_PCODE": "CI09",
        "ADM1_FR": "CAVALLY",
        "ADM1_PCODE": "CI109",
        "ADM2_FR": "TAÏ",
        "ADM2_PCODE": "CI0903",
        "ADM3_FR": "ZAGNE",
        "ADM3_PCODE": "CI090302",
        "ADM4_FR": "ZAGNE",
        "ADM4_PCODE": "C8263",
        "centerLat": 6.21155,
        "centerLng": -7.48543,
        "pop": 48863,
        "TeS_MOOV": 9.17,
        "TedS_MOOV": 52.53,
        "TR3_MOOV": 0,
        "TeRd_MOOV": 72.72999999999999,
        "TS_MOOV": 100,
        "TeS_MTN": 0.0,
        "TedS_MTN": 100.0,
        "TR3_MTN": 0.0,
        "TeRd_MTN": 100.0,
        "TS_MTN": 100,
        "TeS_ORANGE": 0.0,
        "TedS_ORANGE": 99.08,
        "TR3_ORANGE": 0.0,
        "TeRd_ORANGE": 100.0,
        "TS_ORANGE": 100.0,
        "rang_TeS_ORANGE": 1,
        "rang_TeS_MTN": 1,
        "rang_TeS_MOOV": 3,
        "rang_TedS_ORANGE": 2,
        "rang_TedS_MTN": 1,
        "rang_TedS_MOOV": 3,
        "rang_TR3_ORANGE": 1,
        "rang_TR3_MTN": 1,
        "rang_TR3_MOOV": 1,
        "rang_TS_ORANGE": 1,
        "rang_TS_MTN": 1,
        "rang_TS_MOOV": 1,
        "rang_TeRd_ORANGE": 1,
        "rang_TeRd_MTN": 1,
        "rang_TeRd_MOOV": 3
      },
      "id": 74
    },
    {
      "type": "Feature",
      "geometry": {
        "coordinates": [
          -6.05748,
          7.4208300000000005
        ],
        "type": "Point"
      },
      "properties": {
        "ADM0_FR": "SASSANDRA-MARAHOUE",
        "ADM0_PCODE": "CI10",
        "ADM1_FR": "MARAHOUE",
        "ADM1_PCODE": "CI123",
        "ADM2_FR": "ZUENOULA",
        "ADM2_PCODE": "CI2303",
        "ADM3_FR": "ZUENOULA",
        "ADM3_PCODE": "CI230301",
        "ADM4_FR": "ZUÉNOULA",
        "ADM4_PCODE": "C8516",
        "centerLat": 7.43083,
        "centerLng": -6.04748,
        "pop": 34018,
        "TeS_MOOV": 6.58,
        "TedS_MOOV": 92.25,
        "TR3_MOOV": 0,
        "TeRd_MOOV": 95.07,
        "TS_MOOV": 100,
        "TeS_MTN": 4.61,
        "TedS_MTN": 100.0,
        "TR3_MTN": 0.0,
        "TeRd_MTN": 100.0,
        "TS_MTN": 100,
        "TeS_ORANGE": 0.0,
        "TedS_ORANGE": 100.0,
        "TR3_ORANGE": 0.0,
        "TeRd_ORANGE": 100.0,
        "TS_ORANGE": 100.0,
        "rang_TeS_ORANGE": 1,
        "rang_TeS_MTN": 2,
        "rang_TeS_MOOV": 3,
        "rang_TedS_ORANGE": 1,
        "rang_TedS_MTN": 1,
        "rang_TedS_MOOV": 3,
        "rang_TR3_ORANGE": 1,
        "rang_TR3_MTN": 1,
        "rang_TR3_MOOV": 1,
        "rang_TS_ORANGE": 1,
        "rang_TS_MTN": 1,
        "rang_TS_MOOV": 1,
        "rang_TeRd_ORANGE": 1,
        "rang_TeRd_MTN": 1,
        "rang_TeRd_MOOV": 3
      },
      "id": 75
    }
  ]
}