{
  "type": "FeatureCollection",
  "features": [
    {
      "type": "Feature",
      "geometry": {
        "coordinates": [
          -4.02585,
          5.42515
        ],
        "type": "Point"
      },
      "properties": {
        "ADM0_FR": "DISTRICT AUTONOME D'ABIDJAN",
        "ADM0_PCODE": "CI04",
        "ADM1_FR": "DISTRICT AUTONOME D'ABIDJAN",
        "ADM1_PCODE": "CI101",
        "ADM2_FR": "ABIDJAN",
        "ADM2_PCODE": "CI0101",
        "ADM3_FR": "ABIDJAN",
        "ADM3_PCODE": "CI010101",
        "ADM4_FR": "ABOBO",
        "ADM4_PCODE": "C0029",
        "centerLat": 5.43515,
        "centerLng": -4.01585,
        "pop": 1030658,
        "TeS_MOOV": 0.0,
        "TedS_MOOV": 98.28,
        "TR3_MOOV": 0,
        "TeRd_MOOV": 65.14,
        "TS_MOOV": 96.17999999999999,
        "TeS_MTN": 0.0,
        "TedS_MTN": 99.42999999999999,
        "TR3_MTN": 0,
        "TeRd_MTN": 66.14999999999999,
        "TS_MTN": 95.78999999999999,
        "TeS_ORANGE": 0.19,
        "TedS_ORANGE": 61.49,
        "TR3_ORANGE": 0,
        "TeRd_ORANGE": 68.78,
        "TS_ORANGE": 95.98,
        "rang_TeS_ORANGE": 3,
        "rang_TeS_MTN": 1,
        "rang_TeS_MOOV": 1,
        "rang_TedS_ORANGE": 3,
        "rang_TedS_MTN": 1,
        "rang_TedS_MOOV": 2,
        "rang_TR3_ORANGE": 1,
        "rang_TR3_MTN": 1,
        "rang_TR3_MOOV": 1,
        "rang_TS_ORANGE": 2,
        "rang_TS_MTN": 3,
        "rang_TS_MOOV": 1,
        "rang_TeRd_ORANGE": 1,
        "rang_TeRd_MTN": 2,
        "rang_TeRd_MOOV": 3
      },
      "id": 1
    },
    {
      "type": "Feature",
      "geometry": {
        "coordinates": [
          -4.0298799999999995,
          5.361870000000001
        ],
        "type": "Point"
      },
      "properties": {
        "ADM0_FR": "DISTRICT AUTONOME D'ABIDJAN",
        "ADM0_PCODE": "CI04",
        "ADM1_FR": "DISTRICT AUTONOME D'ABIDJAN",
        "ADM1_PCODE": "CI101",
        "ADM2_FR": "ABIDJAN",
        "ADM2_PCODE": "CI0101",
        "ADM3_FR": "ABIDJAN",
        "ADM3_PCODE": "CI010101",
        "ADM4_FR": "ADJAME",
        "ADM4_PCODE": "C0133",
        "centerLat": 5.37187,
        "centerLng": -4.01988,
        "pop": 372978,
        "TeS_MOOV": 52.449999999999996,
        "TedS_MOOV": 97.76,
        "TR3_MOOV": 0,
        "TeRd_MOOV": 44.17,
        "TS_MOOV": 97.31,
        "TeS_MTN": 0.0,
        "TedS_MTN": 99.79,
        "TR3_MTN": 0,
        "TeRd_MTN": 51.849999999999994,
        "TS_MTN": 93.39,
        "TeS_ORANGE": 0.21,
        "TedS_ORANGE": 68.58999999999999,
        "TR3_ORANGE": 0,
        "TeRd_ORANGE": 63.949999999999996,
        "TS_ORANGE": 95.73,
        "rang_TeS_ORANGE": 2,
        "rang_TeS_MTN": 1,
        "rang_TeS_MOOV": 3,
        "rang_TedS_ORANGE": 3,
        "rang_TedS_MTN": 1,
        "rang_TedS_MOOV": 2,
        "rang_TR3_ORANGE": 1,
        "rang_TR3_MTN": 1,
        "rang_TR3_MOOV": 1,
        "rang_TS_ORANGE": 2,
        "rang_TS_MTN": 3,
        "rang_TS_MOOV": 1,
        "rang_TeRd_ORANGE": 1,
        "rang_TeRd_MTN": 2,
        "rang_TeRd_MOOV": 3
      },
      "id": 2
    },
    {
      "type": "Feature",
      "geometry": {
        "coordinates": [
          -4.06488,
          5.48466
        ],
        "type": "Point"
      },
      "properties": {
        "ADM0_FR": "DISTRICT AUTONOME D'ABIDJAN",
        "ADM0_PCODE": "CI04",
        "ADM1_FR": "DISTRICT AUTONOME D'ABIDJAN",
        "ADM1_PCODE": "CI101",
        "ADM2_FR": "ABIDJAN",
        "ADM2_PCODE": "CI0101",
        "ADM3_FR": "ANYAMA",
        "ADM3_PCODE": "CI010102",
        "ADM4_FR": "ANYAMA",
        "ADM4_PCODE": "C0570",
        "centerLat": 5.49466,
        "centerLng": -4.05488,
        "pop": 103297,
        "TeS_MOOV": 0.0,
        "TedS_MOOV": 99.56,
        "TR3_MOOV": 0,
        "TeRd_MOOV": 66.67,
        "TS_MOOV": 60.0,
        "TeS_MTN": 0.0,
        "TedS_MTN": 99.78,
        "TR3_MTN": 0,
        "TeRd_MTN": 57.75,
        "TS_MTN": 59.78,
        "TeS_ORANGE": 0.88,
        "TedS_ORANGE": 71.33,
        "TR3_ORANGE": 0,
        "TeRd_ORANGE": 81.65,
        "TS_ORANGE": 60.0,
        "rang_TeS_ORANGE": 3,
        "rang_TeS_MTN": 1,
        "rang_TeS_MOOV": 1,
        "rang_TedS_ORANGE": 3,
        "rang_TedS_MTN": 1,
        "rang_TedS_MOOV": 2,
        "rang_TR3_ORANGE": 1,
        "rang_TR3_MTN": 1,
        "rang_TR3_MOOV": 1,
        "rang_TS_ORANGE": 1,
        "rang_TS_MTN": 3,
        "rang_TS_MOOV": 1,
        "rang_TeRd_ORANGE": 1,
        "rang_TeRd_MTN": 3,
        "rang_TeRd_MOOV": 2
      },
      "id": 3
    },
    {
      "type": "Feature",
      "geometry": {
        "coordinates": [
          -4.06198,
          5.37219
        ],
        "type": "Point"
      },
      "properties": {
        "ADM0_FR": "DISTRICT AUTONOME D'ABIDJAN",
        "ADM0_PCODE": "CI04",
        "ADM1_FR": "DISTRICT AUTONOME D'ABIDJAN",
        "ADM1_PCODE": "CI101",
        "ADM2_FR": "ABIDJAN",
        "ADM2_PCODE": "CI0101",
        "ADM3_FR": "ABIDJAN",
        "ADM3_PCODE": "CI010101",
        "ADM4_FR": "ATTECOUBE",
        "ADM4_PCODE": "C0734",
        "centerLat": 5.38219,
        "centerLng": -4.05198,
        "pop": 260911,
        "TeS_MOOV": 1.7399999999999998,
        "TedS_MOOV": 98.36,
        "TR3_MOOV": 0,
        "TeRd_MOOV": 20.0,
        "TS_MOOV": 40.44,
        "TeS_MTN": 0.26,
        "TedS_MTN": 99.08,
        "TR3_MTN": 0,
        "TeRd_MTN": 13.41,
        "TS_MTN": 13.74,
        "TeS_ORANGE": 0.38999999999999996,
        "TedS_ORANGE": 41.94,
        "TR3_ORANGE": 0,
        "TeRd_ORANGE": 17.36,
        "TS_ORANGE": 38.01,
        "rang_TeS_ORANGE": 2,
        "rang_TeS_MTN": 1,
        "rang_TeS_MOOV": 3,
        "rang_TedS_ORANGE": 3,
        "rang_TedS_MTN": 1,
        "rang_TedS_MOOV": 2,
        "rang_TR3_ORANGE": 1,
        "rang_TR3_MTN": 1,
        "rang_TR3_MOOV": 1,
        "rang_TS_ORANGE": 2,
        "rang_TS_MTN": 3,
        "rang_TS_MOOV": 1,
        "rang_TeRd_ORANGE": 2,
        "rang_TeRd_MTN": 3,
        "rang_TeRd_MOOV": 1
      },
      "id": 4
    },
    {
      "type": "Feature",
      "geometry": {
        "coordinates": [
          -3.90704,
          5.349
        ],
        "type": "Point"
      },
      "properties": {
        "ADM0_FR": "DISTRICT AUTONOME D'ABIDJAN",
        "ADM0_PCODE": "CI04",
        "ADM1_FR": "DISTRICT AUTONOME D'ABIDJAN",
        "ADM1_PCODE": "CI101",
        "ADM2_FR": "ABIDJAN",
        "ADM2_PCODE": "CI0101",
        "ADM3_FR": "BINGERVILLE",
        "ADM3_PCODE": "CI010103",
        "ADM4_FR": "BINGERVILLE",
        "ADM4_PCODE": "C1214",
        "centerLat": 5.359,
        "centerLng": -3.89704,
        "pop": 64015,
        "TeS_MOOV": 8.7,
        "TedS_MOOV": 99.44,
        "TR3_MOOV": 0,
        "TeRd_MOOV": 55.00000000000001,
        "TS_MOOV": 99.44,
        "TeS_MTN": 1.3299999999999998,
        "TedS_MTN": 85.18,
        "TR3_MTN": 0,
        "TeRd_MTN": 8.33,
        "TS_MTN": 78.44,
        "TeS_ORANGE": 0.53,
        "TedS_ORANGE": 100.0,
        "TR3_ORANGE": 0,
        "TeRd_ORANGE": 18.42,
        "TS_ORANGE": 74.6,
        "rang_TeS_ORANGE": 1,
        "rang_TeS_MTN": 2,
        "rang_TeS_MOOV": 3,
        "rang_TedS_ORANGE": 1,
        "rang_TedS_MTN": 3,
        "rang_TedS_MOOV": 2,
        "rang_TR3_ORANGE": 1,
        "rang_TR3_MTN": 1,
        "rang_TR3_MOOV": 1,
        "rang_TS_ORANGE": 3,
        "rang_TS_MTN": 2,
        "rang_TS_MOOV": 1,
        "rang_TeRd_ORANGE": 2,
        "rang_TeRd_MTN": 3,
        "rang_TeRd_MOOV": 1
      },
      "id": 5
    },
    {
      "type": "Feature",
      "geometry": {
        "coordinates": [
          -3.97089,
          5.363
        ],
        "type": "Point"
      },
      "properties": {
        "ADM0_FR": "DISTRICT AUTONOME D'ABIDJAN",
        "ADM0_PCODE": "CI04",
        "ADM1_FR": "DISTRICT AUTONOME D'ABIDJAN",
        "ADM1_PCODE": "CI101",
        "ADM2_FR": "ABIDJAN",
        "ADM2_PCODE": "CI0101",
        "ADM3_FR": "ABIDJAN",
        "ADM3_PCODE": "CI010101",
        "ADM4_FR": "COCODY",
        "ADM4_PCODE": "C1672",
        "centerLat": 5.373,
        "centerLng": -3.96089,
        "pop": 447055,
        "TeS_MOOV": 0.5700000000000001,
        "TedS_MOOV": 99.81,
        "TR3_MOOV": 0,
        "TeRd_MOOV": 78.25,
        "TS_MOOV": 99.05000000000001,
        "TeS_MTN": 0.9400000000000001,
        "TedS_MTN": 99.42999999999999,
        "TR3_MTN": 0,
        "TeRd_MTN": 74.03999999999999,
        "TS_MTN": 38.1,
        "TeS_ORANGE": 0.19,
        "TedS_ORANGE": 100.0,
        "TR3_ORANGE": 0,
        "TeRd_ORANGE": 83.85000000000001,
        "TS_ORANGE": 65.34,
        "rang_TeS_ORANGE": 1,
        "rang_TeS_MTN": 3,
        "rang_TeS_MOOV": 2,
        "rang_TedS_ORANGE": 1,
        "rang_TedS_MTN": 3,
        "rang_TedS_MOOV": 2,
        "rang_TR3_ORANGE": 1,
        "rang_TR3_MTN": 1,
        "rang_TR3_MOOV": 1,
        "rang_TS_ORANGE": 2,
        "rang_TS_MTN": 3,
        "rang_TS_MOOV": 1,
        "rang_TeRd_ORANGE": 1,
        "rang_TeRd_MTN": 3,
        "rang_TeRd_MOOV": 2
      },
      "id": 6
    },
    {
      "type": "Feature",
      "geometry": {
        "coordinates": [
          -3.73689,
          5.18266
        ],
        "type": "Point"
      },
      "properties": {
        "ADM0_FR": "COMOE",
        "ADM0_PCODE": "CI02",
        "ADM1_FR": "SUD-COMOE",
        "ADM1_PCODE": "CI130",
        "ADM2_FR": "GRAND-BASSAM",
        "ADM2_PCODE": "CI3003",
        "ADM3_FR": "GRAND-BASSAM",
        "ADM3_PCODE": "CI300303",
        "ADM4_FR": "GRAND-BASSAM",
        "ADM4_PCODE": "C3367",
        "centerLat": 5.19266,
        "centerLng": -3.72689,
        "pop": 74671,
        "TeS_MOOV": 0.53,
        "TedS_MOOV": 99.47,
        "TR3_MOOV": 0,
        "TeRd_MOOV": 67.65,
        "TS_MOOV": 98.68,
        "TeS_MTN": 0.79,
        "TedS_MTN": 98.94,
        "TR3_MTN": 0,
        "TeRd_MTN": 15.52,
        "TS_MTN": 69.67999999999999,
        "TeS_ORANGE": 0.26,
        "TedS_ORANGE": 98.94,
        "TR3_ORANGE": 0,
        "TeRd_ORANGE": 4.55,
        "TS_ORANGE": 65.96,
        "rang_TeS_ORANGE": 1,
        "rang_TeS_MTN": 3,
        "rang_TeS_MOOV": 2,
        "rang_TedS_ORANGE": 2,
        "rang_TedS_MTN": 2,
        "rang_TedS_MOOV": 1,
        "rang_TR3_ORANGE": 1,
        "rang_TR3_MTN": 1,
        "rang_TR3_MOOV": 1,
        "rang_TS_ORANGE": 3,
        "rang_TS_MTN": 2,
        "rang_TS_MOOV": 1,
        "rang_TeRd_ORANGE": 3,
        "rang_TeRd_MTN": 2,
        "rang_TeRd_MOOV": 1
      },
      "id": 7
    },
    {
      "type": "Feature",
      "geometry": {
        "coordinates": [
          -3.95836,
          5.29249
        ],
        "type": "Point"
      },
      "properties": {
        "ADM0_FR": "DISTRICT AUTONOME D'ABIDJAN",
        "ADM0_PCODE": "CI04",
        "ADM1_FR": "DISTRICT AUTONOME D'ABIDJAN",
        "ADM1_PCODE": "CI101",
        "ADM2_FR": "ABIDJAN",
        "ADM2_PCODE": "CI0101",
        "ADM3_FR": "ABIDJAN",
        "ADM3_PCODE": "CI010101",
        "ADM4_FR": "KOUMASSI",
        "ADM4_PCODE": "C4694",
        "centerLat": 5.30249,
        "centerLng": -3.94836,
        "pop": 433139,
        "TeS_MOOV": 0.27999999999999997,
        "TedS_MOOV": 99.44,
        "TR3_MOOV": 0,
        "TeRd_MOOV": 39.78,
        "TS_MOOV": 97.49,
        "TeS_MTN": 0.0,
        "TedS_MTN": 99.44,
        "TR3_MTN": 0,
        "TeRd_MTN": 15.89,
        "TS_MTN": 67.69,
        "TeS_ORANGE": 0.0,
        "TedS_ORANGE": 100.0,
        "TR3_ORANGE": 0,
        "TeRd_ORANGE": 8.469999999999999,
        "TS_ORANGE": 65.18,
        "rang_TeS_ORANGE": 1,
        "rang_TeS_MTN": 1,
        "rang_TeS_MOOV": 3,
        "rang_TedS_ORANGE": 1,
        "rang_TedS_MTN": 2,
        "rang_TedS_MOOV": 2,
        "rang_TR3_ORANGE": 1,
        "rang_TR3_MTN": 1,
        "rang_TR3_MOOV": 1,
        "rang_TS_ORANGE": 3,
        "rang_TS_MTN": 2,
        "rang_TS_MOOV": 1,
        "rang_TeRd_ORANGE": 3,
        "rang_TeRd_MTN": 2,
        "rang_TeRd_MOOV": 1
      },
      "id": 8
    },
    {
      "type": "Feature",
      "geometry": {
        "coordinates": [
          -3.99251,
          5.28932
        ],
        "type": "Point"
      },
      "properties": {
        "ADM0_FR": "DISTRICT AUTONOME D'ABIDJAN",
        "ADM0_PCODE": "CI04",
        "ADM1_FR": "DISTRICT AUTONOME D'ABIDJAN",
        "ADM1_PCODE": "CI101",
        "ADM2_FR": "ABIDJAN",
        "ADM2_PCODE": "CI0101",
        "ADM3_FR": "ABIDJAN",
        "ADM3_PCODE": "CI010101",
        "ADM4_FR": "MARCORY",
        "ADM4_PCODE": "C5375",
        "centerLat": 5.29932,
        "centerLng": -3.98251,
        "pop": 249858,
        "TeS_MOOV": 0.0,
        "TedS_MOOV": 100.0,
        "TR3_MOOV": 0,
        "TeRd_MOOV": 50.949999999999996,
        "TS_MOOV": 100.0,
        "TeS_MTN": 0.26,
        "TedS_MTN": 99.74,
        "TR3_MTN": 0,
        "TeRd_MTN": 26.090000000000003,
        "TS_MTN": 71.76,
        "TeS_ORANGE": 0.7799999999999999,
        "TedS_ORANGE": 100.0,
        "TR3_ORANGE": 0,
        "TeRd_ORANGE": 26.72,
        "TS_ORANGE": 69.78999999999999,
        "rang_TeS_ORANGE": 3,
        "rang_TeS_MTN": 2,
        "rang_TeS_MOOV": 1,
        "rang_TedS_ORANGE": 1,
        "rang_TedS_MTN": 3,
        "rang_TedS_MOOV": 1,
        "rang_TR3_ORANGE": 1,
        "rang_TR3_MTN": 1,
        "rang_TR3_MOOV": 1,
        "rang_TS_ORANGE": 3,
        "rang_TS_MTN": 2,
        "rang_TS_MOOV": 1,
        "rang_TeRd_ORANGE": 2,
        "rang_TeRd_MTN": 3,
        "rang_TeRd_MOOV": 1
      },
      "id": 9
    },
    {
      "type": "Feature",
      "geometry": {
        "coordinates": [
          -4.0316399999999994,
          5.31517
        ],
        "type": "Point"
      },
      "properties": {
        "ADM0_FR": "DISTRICT AUTONOME D'ABIDJAN",
        "ADM0_PCODE": "CI04",
        "ADM1_FR": "DISTRICT AUTONOME D'ABIDJAN",
        "ADM1_PCODE": "CI101",
        "ADM2_FR": "ABIDJAN",
        "ADM2_PCODE": "CI0101",
        "ADM3_FR": "ABIDJAN",
        "ADM3_PCODE": "CI010101",
        "ADM4_FR": "PLATEAU",
        "ADM4_PCODE": "C6556",
        "centerLat": 5.32517,
        "centerLng": -4.02164,
        "pop": 7488,
        "TeS_MOOV": 0.0,
        "TedS_MOOV": 97.19,
        "TR3_MOOV": 0,
        "TeRd_MOOV": 84.69,
        "TS_MOOV": 42.89,
        "TeS_MTN": 0.0,
        "TedS_MTN": 96.33,
        "TR3_MTN": 0,
        "TeRd_MTN": 85.59,
        "TS_MTN": 29.18,
        "TeS_ORANGE": 0.2,
        "TedS_ORANGE": 97.58,
        "TR3_ORANGE": 0,
        "TeRd_ORANGE": 93.47,
        "TS_ORANGE": 42.54,
        "rang_TeS_ORANGE": 3,
        "rang_TeS_MTN": 1,
        "rang_TeS_MOOV": 1,
        "rang_TedS_ORANGE": 1,
        "rang_TedS_MTN": 3,
        "rang_TedS_MOOV": 2,
        "rang_TR3_ORANGE": 1,
        "rang_TR3_MTN": 1,
        "rang_TR3_MOOV": 1,
        "rang_TS_ORANGE": 2,
        "rang_TS_MTN": 3,
        "rang_TS_MOOV": 1,
        "rang_TeRd_ORANGE": 1,
        "rang_TeRd_MTN": 2,
        "rang_TeRd_MOOV": 3
      },
      "id": 10
    },
    {
      "type": "Feature",
      "geometry": {
        "coordinates": [
          -3.968626,
          5.246881
        ],
        "type": "Point"
      },
      "properties": {
        "ADM0_FR": "DISTRICT AUTONOME D'ABIDJAN",
        "ADM0_PCODE": "CI04",
        "ADM1_FR": "DISTRICT AUTONOME D'ABIDJAN",
        "ADM1_PCODE": "CI101",
        "ADM2_FR": "ABIDJAN",
        "ADM2_PCODE": "CI0101",
        "ADM3_FR": "ABIDJAN",
        "ADM3_PCODE": "CI010101",
        "ADM4_FR": "PORT-BOUET",
        "ADM4_PCODE": "C6619",
        "centerLat": 5.256881,
        "centerLng": -3.958626,
        "pop": 419033,
        "TeS_MOOV": 1.54,
        "TedS_MOOV": 99.74,
        "TR3_MOOV": 0,
        "TeRd_MOOV": 75.0,
        "TS_MOOV": 75.2,
        "TeS_MTN": 0.0,
        "TedS_MTN": 100.0,
        "TR3_MTN": 0,
        "TeRd_MTN": 63.04,
        "TS_MTN": 43.96,
        "TeS_ORANGE": 0.0,
        "TedS_ORANGE": 99.74,
        "TR3_ORANGE": 0,
        "TeRd_ORANGE": 72.88,
        "TS_ORANGE": 42.42,
        "rang_TeS_ORANGE": 1,
        "rang_TeS_MTN": 1,
        "rang_TeS_MOOV": 3,
        "rang_TedS_ORANGE": 2,
        "rang_TedS_MTN": 1,
        "rang_TedS_MOOV": 2,
        "rang_TR3_ORANGE": 1,
        "rang_TR3_MTN": 1,
        "rang_TR3_MOOV": 1,
        "rang_TS_ORANGE": 3,
        "rang_TS_MTN": 2,
        "rang_TS_MOOV": 1,
        "rang_TeRd_ORANGE": 2,
        "rang_TeRd_MTN": 3,
        "rang_TeRd_MOOV": 1
      },
      "id": 11
    },
    {
      "type": "Feature",
      "geometry": {
        "coordinates": [
          -4.27,
          5.3100000000000005
        ],
        "type": "Point"
      },
      "properties": {
        "ADM0_FR": "DISTRICT AUTONOME D'ABIDJAN",
        "ADM0_PCODE": "CI04",
        "ADM1_FR": "DISTRICT AUTONOME D'ABIDJAN",
        "ADM1_PCODE": "CI101",
        "ADM2_FR": "ABIDJAN",
        "ADM2_PCODE": "CI0101",
        "ADM3_FR": "SONGON",
        "ADM3_PCODE": "CI010105",
        "ADM4_FR": "SONGON-AGBAN",
        "ADM4_PCODE": "C7199",
        "centerLat": 5.32,
        "centerLng": -4.26,
        "pop": 11554,
        "TeS_MOOV": 41.92,
        "TedS_MOOV": 99.48,
        "TR3_MOOV": 0,
        "TeRd_MOOV": 72.38,
        "TS_MOOV": 96.91,
        "TeS_MTN": 3.58,
        "TedS_MTN": 98.45,
        "TR3_MTN": 0,
        "TeRd_MTN": 75.4,
        "TS_MTN": 74.92,
        "TeS_ORANGE": 1.49,
        "TedS_ORANGE": 99.7,
        "TR3_ORANGE": 0,
        "TeRd_ORANGE": 73.95,
        "TS_ORANGE": 98.48,
        "rang_TeS_ORANGE": 1,
        "rang_TeS_MTN": 2,
        "rang_TeS_MOOV": 3,
        "rang_TedS_ORANGE": 1,
        "rang_TedS_MTN": 3,
        "rang_TedS_MOOV": 2,
        "rang_TR3_ORANGE": 1,
        "rang_TR3_MTN": 1,
        "rang_TR3_MOOV": 1,
        "rang_TS_ORANGE": 1,
        "rang_TS_MTN": 3,
        "rang_TS_MOOV": 2,
        "rang_TeRd_ORANGE": 2,
        "rang_TeRd_MTN": 1,
        "rang_TeRd_MOOV": 3
      },
      "id": 12
    },
    {
      "type": "Feature",
      "geometry": {
        "coordinates": [
          -4.02044,
          5.2809800000000005
        ],
        "type": "Point"
      },
      "properties": {
        "ADM0_FR": "DISTRICT AUTONOME D'ABIDJAN",
        "ADM0_PCODE": "CI04",
        "ADM1_FR": "DISTRICT AUTONOME D'ABIDJAN",
        "ADM1_PCODE": "CI101",
        "ADM2_FR": "ABIDJAN",
        "ADM2_PCODE": "CI0101",
        "ADM3_FR": "ABIDJAN",
        "ADM3_PCODE": "CI010101",
        "ADM4_FR": "TREICHVILLE",
        "ADM4_PCODE": "C7913",
        "centerLat": 5.29098,
        "centerLng": -4.01044,
        "pop": 102580,
        "TeS_MOOV": 0.0,
        "TedS_MOOV": 99.72999999999999,
        "TR3_MOOV": 0,
        "TeRd_MOOV": 30.59,
        "TS_MOOV": 95.39,
        "TeS_MTN": 0.54,
        "TedS_MTN": 99.45,
        "TR3_MTN": 0,
        "TeRd_MTN": 15.870000000000001,
        "TS_MTN": 95.63000000000001,
        "TeS_ORANGE": 0.0,
        "TedS_ORANGE": 100.0,
        "TR3_ORANGE": 0,
        "TeRd_ORANGE": 35.85,
        "TS_ORANGE": 95.11,
        "rang_TeS_ORANGE": 1,
        "rang_TeS_MTN": 3,
        "rang_TeS_MOOV": 1,
        "rang_TedS_ORANGE": 1,
        "rang_TedS_MTN": 3,
        "rang_TedS_MOOV": 2,
        "rang_TR3_ORANGE": 1,
        "rang_TR3_MTN": 1,
        "rang_TR3_MOOV": 1,
        "rang_TS_ORANGE": 3,
        "rang_TS_MTN": 1,
        "rang_TS_MOOV": 2,
        "rang_TeRd_ORANGE": 1,
        "rang_TeRd_MTN": 3,
        "rang_TeRd_MOOV": 2
      },
      "id": 13
    },
    {
      "type": "Feature",
      "geometry": {
        "coordinates": [
          -4.10015,
          5.2984800000000005
        ],
        "type": "Point"
      },
      "properties": {
        "ADM0_FR": "DISTRICT AUTONOME D'ABIDJAN",
        "ADM0_PCODE": "CI04",
        "ADM1_FR": "DISTRICT AUTONOME D'ABIDJAN",
        "ADM1_PCODE": "CI101",
        "ADM2_FR": "ABIDJAN",
        "ADM2_PCODE": "CI0101",
        "ADM3_FR": "ABIDJAN",
        "ADM3_PCODE": "CI010101",
        "ADM4_FR": "YOPOUGON",
        "ADM4_PCODE": "C8230",
        "centerLat": 5.30848,
        "centerLng": -4.09015,
        "pop": 1071543,
        "TeS_MOOV": 1.95,
        "TedS_MOOV": 95.58,
        "TR3_MOOV": 0,
        "TeRd_MOOV": 89.59,
        "TS_MOOV": 79.03,
        "TeS_MTN": 0.0,
        "TedS_MTN": 69.26,
        "TR3_MTN": 0,
        "TeRd_MTN": 87.81,
        "TS_MTN": 76.41,
        "TeS_ORANGE": 0.43,
        "TedS_ORANGE": 99.57000000000001,
        "TR3_ORANGE": 0,
        "TeRd_ORANGE": 77.02,
        "TS_ORANGE": 37.830000000000005,
        "rang_TeS_ORANGE": 2,
        "rang_TeS_MTN": 1,
        "rang_TeS_MOOV": 3,
        "rang_TedS_ORANGE": 1,
        "rang_TedS_MTN": 3,
        "rang_TedS_MOOV": 2,
        "rang_TR3_ORANGE": 1,
        "rang_TR3_MTN": 1,
        "rang_TR3_MOOV": 1,
        "rang_TS_ORANGE": 3,
        "rang_TS_MTN": 2,
        "rang_TS_MOOV": 1,
        "rang_TeRd_ORANGE": 3,
        "rang_TeRd_MTN": 2,
        "rang_TeRd_MOOV": 1
      },
      "id": 14
    },
    {
      "type": "Feature",
      "geometry": {
        "coordinates": [
          -3.50676,
          6.7183600000000006
        ],
        "type": "Point"
      },
      "properties": {
        "ADM0_FR": "COMOE",
        "ADM0_PCODE": "CI02",
        "ADM1_FR": "INDENIE-DJUABLIN",
        "ADM1_PCODE": "CI120",
        "ADM2_FR": "ABENGOUROU",
        "ADM2_PCODE": "CI2001",
        "ADM3_FR": "ABENGOUROU",
        "ADM3_PCODE": "CI200101",
        "ADM4_FR": "ABENGOUROU",
        "ADM4_PCODE": "C0014",
        "centerLat": 6.72836,
        "centerLng": -3.49676,
        "pop": 100910,
        "TeS_MOOV": 0.45999999999999996,
        "TedS_MOOV": 100.0,
        "TR3_MOOV": 0,
        "TeRd_MOOV": 0.0,
        "TS_MOOV": 84.65,
        "TeS_MTN": 0.0,
        "TedS_MTN": 99.07000000000001,
        "TR3_MTN": 0,
        "TeRd_MTN": 2.86,
        "TS_MTN": 97.69,
        "TeS_ORANGE": 0.0,
        "TedS_ORANGE": 100.0,
        "TR3_ORANGE": 0,
        "TeRd_ORANGE": 2.78,
        "TS_ORANGE": 92.09,
        "rang_TeS_ORANGE": 1,
        "rang_TeS_MTN": 1,
        "rang_TeS_MOOV": 3,
        "rang_TedS_ORANGE": 1,
        "rang_TedS_MTN": 3,
        "rang_TedS_MOOV": 1,
        "rang_TR3_ORANGE": 1,
        "rang_TR3_MTN": 1,
        "rang_TR3_MOOV": 1,
        "rang_TS_ORANGE": 2,
        "rang_TS_MTN": 1,
        "rang_TS_MOOV": 3,
        "rang_TeRd_ORANGE": 2,
        "rang_TeRd_MTN": 1,
        "rang_TeRd_MOOV": 3
      },
      "id": 15
    },
    {
      "type": "Feature",
      "geometry": {
        "coordinates": [
          -3.21677,
          5.46457
        ],
        "type": "Point"
      },
      "properties": {
        "ADM0_FR": "COMOE",
        "ADM0_PCODE": "CI02",
        "ADM1_FR": "SUD-COMOE",
        "ADM1_PCODE": "CI130",
        "ADM2_FR": "ABOISSO",
        "ADM2_PCODE": "CI3001",
        "ADM3_FR": "ABOISSO",
        "ADM3_PCODE": "CI300101",
        "ADM4_FR": "ABOISSO",
        "ADM4_PCODE": "C0033",
        "centerLat": 5.47457,
        "centerLng": -3.20677,
        "pop": 45688,
        "TeS_MOOV": 0.0,
        "TedS_MOOV": 98.25,
        "TR3_MOOV": 0,
        "TeRd_MOOV": 92.53,
        "TS_MOOV": 74.39,
        "TeS_MTN": 3.16,
        "TedS_MTN": 99.64,
        "TR3_MTN": 0,
        "TeRd_MTN": 94.3,
        "TS_MTN": 71.00999999999999,
        "TeS_ORANGE": 0.0,
        "TedS_ORANGE": 99.65,
        "TR3_ORANGE": 0,
        "TeRd_ORANGE": 94.67,
        "TS_ORANGE": 74.39,
        "rang_TeS_ORANGE": 1,
        "rang_TeS_MTN": 3,
        "rang_TeS_MOOV": 1,
        "rang_TedS_ORANGE": 1,
        "rang_TedS_MTN": 2,
        "rang_TedS_MOOV": 3,
        "rang_TR3_ORANGE": 1,
        "rang_TR3_MTN": 1,
        "rang_TR3_MOOV": 1,
        "rang_TS_ORANGE": 1,
        "rang_TS_MTN": 3,
        "rang_TS_MOOV": 1,
        "rang_TeRd_ORANGE": 1,
        "rang_TeRd_MTN": 2,
        "rang_TeRd_MOOV": 3
      },
      "id": 16
    },
    {
      "type": "Feature",
      "geometry": {
        "coordinates": [
          -3.21278,
          7.119870000000001
        ],
        "type": "Point"
      },
      "properties": {
        "ADM0_FR": "COMOE",
        "ADM0_PCODE": "CI02",
        "ADM1_FR": "INDENIE-DJUABLIN",
        "ADM1_PCODE": "CI120",
        "ADM2_FR": "AGNIBILEKROU",
        "ADM2_PCODE": "CI2002",
        "ADM3_FR": "AGNIBILEKROU",
        "ADM3_PCODE": "CI200201",
        "ADM4_FR": "AGNIBILEKROU",
        "ADM4_PCODE": "C0224",
        "centerLat": 7.12987,
        "centerLng": -3.20278,
        "pop": 48611,
        "TeS_MOOV": 0.0,
        "TedS_MOOV": 99.41,
        "TR3_MOOV": 0,
        "TeRd_MOOV": 0.0,
        "TS_MOOV": 84.71,
        "TeS_MTN": 0.0,
        "TedS_MTN": 99.41,
        "TR3_MTN": 0,
        "TeRd_MTN": 0.0,
        "TS_MTN": 94.71000000000001,
        "TeS_ORANGE": 0.0,
        "TedS_ORANGE": 100.0,
        "TR3_ORANGE": 0,
        "TeRd_ORANGE": 0.0,
        "TS_ORANGE": 95.88,
        "rang_TeS_ORANGE": 1,
        "rang_TeS_MTN": 1,
        "rang_TeS_MOOV": 1,
        "rang_TedS_ORANGE": 1,
        "rang_TedS_MTN": 2,
        "rang_TedS_MOOV": 2,
        "rang_TR3_ORANGE": 1,
        "rang_TR3_MTN": 1,
        "rang_TR3_MOOV": 1,
        "rang_TS_ORANGE": 1,
        "rang_TS_MTN": 2,
        "rang_TS_MOOV": 3,
        "rang_TeRd_ORANGE": 1,
        "rang_TeRd_MTN": 1,
        "rang_TeRd_MOOV": 1
      },
      "id": 17
    },
    {
      "type": "Feature",
      "geometry": {
        "coordinates": [
          -3.8977899999999996,
          6.37525
        ],
        "type": "Point"
      },
      "properties": {
        "ADM0_FR": "LAGUNES",
        "ADM0_PCODE": "CI08",
        "ADM1_FR": "LA ME",
        "ADM1_PCODE": "CI124",
        "ADM2_FR": "AKOUPE",
        "ADM2_PCODE": "CI2402",
        "ADM3_FR": "AKOUPE",
        "ADM3_PCODE": "CI240202",
        "ADM4_FR": "AKOUPE",
        "ADM4_PCODE": "C0363",
        "centerLat": 6.38525,
        "centerLng": -3.88779,
        "pop": 26668,
        "TeS_MOOV": 0.0,
        "TedS_MOOV": 100.0,
        "TR3_MOOV": 0,
        "TeRd_MOOV": 0.0,
        "TS_MOOV": 96.08,
        "TeS_MTN": 0.0,
        "TedS_MTN": 92.16,
        "TR3_MTN": 0,
        "TeRd_MTN": 0.0,
        "TS_MTN": 96.73,
        "TeS_ORANGE": 0.0,
        "TedS_ORANGE": 100.0,
        "TR3_ORANGE": 0,
        "TeRd_ORANGE": 0.0,
        "TS_ORANGE": 97.39,
        "rang_TeS_ORANGE": 1,
        "rang_TeS_MTN": 1,
        "rang_TeS_MOOV": 1,
        "rang_TedS_ORANGE": 1,
        "rang_TedS_MTN": 3,
        "rang_TedS_MOOV": 1,
        "rang_TR3_ORANGE": 1,
        "rang_TR3_MTN": 1,
        "rang_TR3_MOOV": 1,
        "rang_TS_ORANGE": 1,
        "rang_TS_MTN": 2,
        "rang_TS_MOOV": 3,
        "rang_TeRd_ORANGE": 1,
        "rang_TeRd_MTN": 1,
        "rang_TeRd_MOOV": 1
      },
      "id": 18
    },
    {
      "type": "Feature",
      "geometry": {
        "coordinates": [
          -4.36551,
          5.19822
        ],
        "type": "Point"
      },
      "properties": {
        "ADM0_FR": "LAGUNES",
        "ADM0_PCODE": "CI08",
        "ADM1_FR": "GRANDS-PONTS",
        "ADM1_PCODE": "CI115",
        "ADM2_FR": "JACQUEVILLE",
        "ADM2_PCODE": "CI1503",
        "ADM3_FR": "JACQUEVILLE",
        "ADM3_PCODE": "CI150301",
        "ADM4_FR": "AKROU",
        "ADM4_PCODE": "C0392",
        "centerLat": 5.20822,
        "centerLng": -4.35551,
        "pop": 1289,
        "TeS_MOOV": 21.34,
        "TedS_MOOV": 86.05000000000001,
        "TR3_MOOV": 0,
        "TeRd_MOOV": 28.410000000000004,
        "TS_MOOV": 100.0,
        "TeS_MTN": 0.0,
        "TedS_MTN": 96.34,
        "TR3_MTN": 0,
        "TeRd_MTN": 30.080000000000002,
        "TS_MTN": 100.0,
        "TeS_ORANGE": 0.0,
        "TedS_ORANGE": 100.0,
        "TR3_ORANGE": 0,
        "TeRd_ORANGE": 30.159999999999997,
        "TS_ORANGE": 99.39,
        "rang_TeS_ORANGE": 1,
        "rang_TeS_MTN": 1,
        "rang_TeS_MOOV": 3,
        "rang_TedS_ORANGE": 1,
        "rang_TedS_MTN": 2,
        "rang_TedS_MOOV": 3,
        "rang_TR3_ORANGE": 1,
        "rang_TR3_MTN": 1,
        "rang_TR3_MOOV": 1,
        "rang_TS_ORANGE": 3,
        "rang_TS_MTN": 1,
        "rang_TS_MOOV": 1,
        "rang_TeRd_ORANGE": 1,
        "rang_TeRd_MTN": 2,
        "rang_TeRd_MOOV": 3
      },
      "id": 19
    },
    {
      "type": "Feature",
      "geometry": {
        "coordinates": [
          -3.29996,
          5.12392
        ],
        "type": "Point"
      },
      "properties": {
        "ADM0_FR": "COMOE",
        "ADM0_PCODE": "CI02",
        "ADM1_FR": "SUD-COMOE",
        "ADM1_PCODE": "CI130",
        "ADM2_FR": "ADIAKE",
        "ADM2_PCODE": "CI3002",
        "ADM3_FR": "ASSINIE-MAFIA",
        "ADM3_PCODE": "CI300202",
        "ADM4_FR": "ASSINIE-MAFIA",
        "ADM4_PCODE": "C0685",
        "centerLat": 5.13392,
        "centerLng": -3.28996,
        "pop": 5661,
        "TeS_MOOV": 0.0,
        "TedS_MOOV": 99.53,
        "TR3_MOOV": 0,
        "TeRd_MOOV": 0.0,
        "TS_MOOV": 100.0,
        "TeS_MTN": 10.33,
        "TedS_MTN": 100.0,
        "TR3_MTN": 0,
        "TeRd_MTN": 0.0,
        "TS_MTN": 96.86,
        "TeS_ORANGE": 0.47000000000000003,
        "TedS_ORANGE": 99.53,
        "TR3_ORANGE": 0,
        "TeRd_ORANGE": 1.59,
        "TS_ORANGE": 99.53,
        "rang_TeS_ORANGE": 2,
        "rang_TeS_MTN": 3,
        "rang_TeS_MOOV": 1,
        "rang_TedS_ORANGE": 2,
        "rang_TedS_MTN": 1,
        "rang_TedS_MOOV": 2,
        "rang_TR3_ORANGE": 1,
        "rang_TR3_MTN": 1,
        "rang_TR3_MOOV": 1,
        "rang_TS_ORANGE": 2,
        "rang_TS_MTN": 3,
        "rang_TS_MOOV": 1,
        "rang_TeRd_ORANGE": 1,
        "rang_TeRd_MTN": 2,
        "rang_TeRd_MOOV": 2
      },
      "id": 20
    },
    {
      "type": "Feature",
      "geometry": {
        "coordinates": [
          -2.9898599999999997,
          7.69073
        ],
        "type": "Point"
      },
      "properties": {
        "ADM0_FR": "ZANZAN",
        "ADM0_PCODE": "CI14",
        "ADM1_FR": "GONTOUGO",
        "ADM1_PCODE": "CI114",
        "ADM2_FR": "TRANSUA",
        "ADM2_PCODE": "CI1405",
        "ADM3_FR": "ASSUEFRY",
        "ADM3_PCODE": "CI140502",
        "ADM4_FR": "ASSUÉFRY",
        "ADM4_PCODE": "C0722",
        "centerLat": 7.70073,
        "centerLng": -2.97986,
        "pop": 9759,
        "TeS_MOOV": 0.0,
        "TedS_MOOV": 100.0,
        "TR3_MOOV": 0,
        "TeRd_MOOV": 0.0,
        "TS_MOOV": 96.32,
        "TeS_MTN": 0.0,
        "TedS_MTN": 88.96,
        "TR3_MTN": 0,
        "TeRd_MTN": 10.71,
        "TS_MTN": 99.39,
        "TeS_ORANGE": 0.0,
        "TedS_ORANGE": 100.0,
        "TR3_ORANGE": 0,
        "TeRd_ORANGE": 0.0,
        "TS_ORANGE": 96.93,
        "rang_TeS_ORANGE": 1,
        "rang_TeS_MTN": 1,
        "rang_TeS_MOOV": 1,
        "rang_TedS_ORANGE": 1,
        "rang_TedS_MTN": 3,
        "rang_TedS_MOOV": 1,
        "rang_TR3_ORANGE": 1,
        "rang_TR3_MTN": 1,
        "rang_TR3_MOOV": 1,
        "rang_TS_ORANGE": 2,
        "rang_TS_MTN": 1,
        "rang_TS_MOOV": 3,
        "rang_TeRd_ORANGE": 2,
        "rang_TeRd_MTN": 1,
        "rang_TeRd_MOOV": 2
      },
      "id": 21
    },
    {
      "type": "Feature",
      "geometry": {
        "coordinates": [
          -6.6882,
          7.83939
        ],
        "type": "Point"
      },
      "properties": {
        "ADM0_FR": "WOROBA",
        "ADM0_PCODE": "CI13",
        "ADM1_FR": "WORODOUGOU",
        "ADM1_PCODE": "CI133",
        "ADM2_FR": "SEGUELA",
        "ADM2_PCODE": "CI3302",
        "ADM3_FR": "SEGUELA",
        "ADM3_PCODE": "CI330201",
        "ADM4_FR": "BANANDJÉ",
        "ADM4_PCODE": "C0913",
        "centerLat": 7.84939,
        "centerLng": -6.6782,
        "pop": 363,
        "TeS_MOOV": 1.4500000000000002,
        "TedS_MOOV": 13.969999999999999,
        "TR3_MOOV": 0,
        "TeRd_MOOV": 100.0,
        "TS_MOOV": 66.18,
        "TeS_MTN": 0.0,
        "TedS_MTN": 97.1,
        "TR3_MTN": 0,
        "TeRd_MTN": 0.0,
        "TS_MTN": 64.49000000000001,
        "TeS_ORANGE": 0.0,
        "TedS_ORANGE": 98.55000000000001,
        "TR3_ORANGE": 0,
        "TeRd_ORANGE": 0.0,
        "TS_ORANGE": 65.22,
        "rang_TeS_ORANGE": 1,
        "rang_TeS_MTN": 1,
        "rang_TeS_MOOV": 3,
        "rang_TedS_ORANGE": 1,
        "rang_TedS_MTN": 2,
        "rang_TedS_MOOV": 3,
        "rang_TR3_ORANGE": 1,
        "rang_TR3_MTN": 1,
        "rang_TR3_MOOV": 1,
        "rang_TS_ORANGE": 2,
        "rang_TS_MTN": 3,
        "rang_TS_MOOV": 1,
        "rang_TeRd_ORANGE": 2,
        "rang_TeRd_MTN": 2,
        "rang_TeRd_MOOV": 1
      },
      "id": 22
    },
    {
      "type": "Feature",
      "geometry": {
        "coordinates": [
          -7.5,
          7.0
        ],
        "type": "Point"
      },
      "properties": {
        "ADM0_FR": "VALLEE DU BANDAMA",
        "ADM0_PCODE": "CI12",
        "ADM1_FR": "HAMBOL",
        "ADM1_PCODE": "CI117",
        "ADM2_FR": "DABAKALA",
        "ADM2_PCODE": "CI1701",
        "ADM3_FR": "TENDENE-BAMBARASSO",
        "ADM3_PCODE": "CI170109",
        "ADM4_FR": "BANGOLO",
        "ADM4_PCODE": "C0934",
        "centerLat": 7.01,
        "centerLng": -7.49,
        "pop": 900,
        "TeS_MOOV": 0.58,
        "TedS_MOOV": 91.28,
        "TR3_MOOV": 0,
        "TeRd_MOOV": 82.22,
        "TS_MOOV": 91.86,
        "TeS_MTN": 0.0,
        "TedS_MTN": 99.42,
        "TR3_MTN": 0,
        "TeRd_MTN": 0.0,
        "TS_MTN": 89.02,
        "TeS_ORANGE": 0.0,
        "TedS_ORANGE": 100.0,
        "TR3_ORANGE": 0,
        "TeRd_ORANGE": 0.0,
        "TS_ORANGE": 98.27,
        "rang_TeS_ORANGE": 1,
        "rang_TeS_MTN": 1,
        "rang_TeS_MOOV": 3,
        "rang_TedS_ORANGE": 1,
        "rang_TedS_MTN": 2,
        "rang_TedS_MOOV": 3,
        "rang_TR3_ORANGE": 1,
        "rang_TR3_MTN": 1,
        "rang_TR3_MOOV": 1,
        "rang_TS_ORANGE": 1,
        "rang_TS_MTN": 3,
        "rang_TS_MOOV": 2,
        "rang_TeRd_ORANGE": 2,
        "rang_TeRd_MTN": 2,
        "rang_TeRd_MOOV": 1
      },
      "id": 23
    },
    {
      "type": "Feature",
      "geometry": {
        "coordinates": [
          -7.62483,
          7.73078
        ],
        "type": "Point"
      },
      "properties": {
        "ADM0_FR": "MONTAGNES",
        "ADM0_PCODE": "CI09",
        "ADM1_FR": "TONKPI",
        "ADM1_PCODE": "CI132",
        "ADM2_FR": "BIANKOUMA",
        "ADM2_PCODE": "CI3201",
        "ADM3_FR": "BIANKOUMA",
        "ADM3_PCODE": "CI320101",
        "ADM4_FR": "BIANKOUMA",
        "ADM4_PCODE": "C1160",
        "centerLat": 7.74078,
        "centerLng": -7.61483,
        "pop": 17922,
        "TeS_MOOV": 0.0,
        "TedS_MOOV": 100.0,
        "TR3_MOOV": 0,
        "TeRd_MOOV": 0.0,
        "TS_MOOV": 98.33,
        "TeS_MTN": 1.67,
        "TedS_MTN": 98.87,
        "TR3_MTN": 0,
        "TeRd_MTN": 0.0,
        "TS_MTN": 100.0,
        "TeS_ORANGE": 0.0,
        "TedS_ORANGE": 100.0,
        "TR3_ORANGE": 0,
        "TeRd_ORANGE": 0.0,
        "TS_ORANGE": 98.33,
        "rang_TeS_ORANGE": 1,
        "rang_TeS_MTN": 3,
        "rang_TeS_MOOV": 1,
        "rang_TedS_ORANGE": 1,
        "rang_TedS_MTN": 3,
        "rang_TedS_MOOV": 1,
        "rang_TR3_ORANGE": 1,
        "rang_TR3_MTN": 1,
        "rang_TR3_MOOV": 1,
        "rang_TS_ORANGE": 2,
        "rang_TS_MTN": 1,
        "rang_TS_MOOV": 2,
        "rang_TeRd_ORANGE": 1,
        "rang_TeRd_MTN": 1,
        "rang_TeRd_MOOV": 1
      },
      "id": 24
    },
    {
      "type": "Feature",
      "geometry": {
        "coordinates": [
          -3.2011399999999997,
          6.001790000000001
        ],
        "type": "Point"
      },
      "properties": {
        "ADM0_FR": "COMOE",
        "ADM0_PCODE": "CI02",
        "ADM1_FR": "SUD-COMOE",
        "ADM1_PCODE": "CI130",
        "ADM2_FR": "ABOISSO",
        "ADM2_PCODE": "CI3001",
        "ADM3_FR": "BIANOUAN",
        "ADM3_PCODE": "CI300105",
        "ADM4_FR": "BIANOUAN",
        "ADM4_PCODE": "C1161",
        "centerLat": 6.01179,
        "centerLng": -3.19114,
        "pop": 13547,
        "TeS_MOOV": 0.0,
        "TedS_MOOV": 97.64,
        "TR3_MOOV": 0,
        "TeRd_MOOV": 4.12,
        "TS_MOOV": 99.61,
        "TeS_MTN": 7.91,
        "TedS_MTN": 96.14,
        "TR3_MTN": 0,
        "TeRd_MTN": 1.09,
        "TS_MTN": 99.57000000000001,
        "TeS_ORANGE": 2.76,
        "TedS_ORANGE": 99.19,
        "TR3_ORANGE": 0,
        "TeRd_ORANGE": 9.180000000000001,
        "TS_ORANGE": 100.0,
        "rang_TeS_ORANGE": 2,
        "rang_TeS_MTN": 3,
        "rang_TeS_MOOV": 1,
        "rang_TedS_ORANGE": 1,
        "rang_TedS_MTN": 3,
        "rang_TedS_MOOV": 2,
        "rang_TR3_ORANGE": 1,
        "rang_TR3_MTN": 1,
        "rang_TR3_MOOV": 1,
        "rang_TS_ORANGE": 1,
        "rang_TS_MTN": 3,
        "rang_TS_MOOV": 2,
        "rang_TeRd_ORANGE": 1,
        "rang_TeRd_MTN": 3,
        "rang_TeRd_MOOV": 2
      },
      "id": 25
    },
    {
      "type": "Feature",
      "geometry": {
        "coordinates": [
          -4.50751,
          7.05267
        ],
        "type": "Point"
      },
      "properties": {
        "ADM0_FR": "LACS",
        "ADM0_PCODE": "CI07",
        "ADM1_FR": "N'ZI",
        "ADM1_PCODE": "CI127",
        "ADM2_FR": "BOCANDA",
        "ADM2_PCODE": "CI2701",
        "ADM3_FR": "BOCANDA",
        "ADM3_PCODE": "CI270102",
        "ADM4_FR": "BOCANDA",
        "ADM4_PCODE": "C1317",
        "centerLat": 7.06267,
        "centerLng": -4.49751,
        "pop": 10684,
        "TeS_MOOV": 0.45999999999999996,
        "TedS_MOOV": 100.0,
        "TR3_MOOV": 0,
        "TeRd_MOOV": 0.0,
        "TS_MOOV": 84.65,
        "TeS_MTN": 0.0,
        "TedS_MTN": 99.07000000000001,
        "TR3_MTN": 0,
        "TeRd_MTN": 2.86,
        "TS_MTN": 97.69,
        "TeS_ORANGE": 0.0,
        "TedS_ORANGE": 100.0,
        "TR3_ORANGE": 0,
        "TeRd_ORANGE": 2.78,
        "TS_ORANGE": 92.09,
        "rang_TeS_ORANGE": 1,
        "rang_TeS_MTN": 1,
        "rang_TeS_MOOV": 3,
        "rang_TedS_ORANGE": 1,
        "rang_TedS_MTN": 3,
        "rang_TedS_MOOV": 1,
        "rang_TR3_ORANGE": 1,
        "rang_TR3_MTN": 1,
        "rang_TR3_MOOV": 1,
        "rang_TS_ORANGE": 2,
        "rang_TS_MTN": 1,
        "rang_TS_MOOV": 3,
        "rang_TeRd_ORANGE": 2,
        "rang_TeRd_MTN": 1,
        "rang_TeRd_MOOV": 3
      },
      "id": 26
    },
    {
      "type": "Feature",
      "geometry": {
        "coordinates": [
          -3.18079,
          8.572750000000001
        ],
        "type": "Point"
      },
      "properties": {
        "ADM0_FR": "ZANZAN",
        "ADM0_PCODE": "CI14",
        "ADM1_FR": "BOUNKANI",
        "ADM1_PCODE": "CI108",
        "ADM2_FR": "NASSIAN",
        "ADM2_PCODE": "CI0803",
        "ADM3_FR": "BOGOFA",
        "ADM3_PCODE": "CI080302",
        "ADM4_FR": "BODE",
        "ADM4_PCODE": "C1319",
        "centerLat": 8.58275,
        "centerLng": -3.17079,
        "pop": 1527,
        "TeS_MOOV": 0.0,
        "TedS_MOOV": 89.29,
        "TR3_MOOV": 0,
        "TeRd_MOOV": 25.0,
        "TS_MOOV": 100.0,
        "TeS_MTN": 1.7500000000000002,
        "TedS_MTN": 96.43,
        "TR3_MTN": 0,
        "TeRd_MTN": 0.0,
        "TS_MTN": 100.0,
        "TeS_ORANGE": 14.04,
        "TedS_ORANGE": 89.8,
        "TR3_ORANGE": 0,
        "TeRd_ORANGE": 0.0,
        "TS_ORANGE": 100.0,
        "rang_TeS_ORANGE": 3,
        "rang_TeS_MTN": 2,
        "rang_TeS_MOOV": 1,
        "rang_TedS_ORANGE": 2,
        "rang_TedS_MTN": 1,
        "rang_TedS_MOOV": 3,
        "rang_TR3_ORANGE": 1,
        "rang_TR3_MTN": 1,
        "rang_TR3_MOOV": 1,
        "rang_TS_ORANGE": 1,
        "rang_TS_MTN": 1,
        "rang_TS_MOOV": 1,
        "rang_TeRd_ORANGE": 2,
        "rang_TeRd_MTN": 2,
        "rang_TeRd_MOOV": 1
      },
      "id": 27
    },
    {
      "type": "Feature",
      "geometry": {
        "coordinates": [
          -2.8099999999999996,
          8.03
        ],
        "type": "Point"
      },
      "properties": {
        "ADM0_FR": "COMOE",
        "ADM0_PCODE": "CI02",
        "ADM1_FR": "SUD-COMOE",
        "ADM1_PCODE": "CI130",
        "ADM2_FR": "ADIAKE",
        "ADM2_PCODE": "CI3002",
        "ADM3_FR": "ADIAKE",
        "ADM3_PCODE": "CI300201",
        "ADM4_FR": "BONDOUKOU",
        "ADM4_PCODE": "C1424",
        "centerLat": 8.04,
        "centerLng": -2.8,
        "pop": 1837,
        "TeS_MOOV": 1.8399999999999999,
        "TedS_MOOV": 100.0,
        "TR3_MOOV": 0,
        "TeRd_MOOV": 0.0,
        "TS_MOOV": 97.75,
        "TeS_MTN": 0.74,
        "TedS_MTN": 98.15,
        "TR3_MTN": 0,
        "TeRd_MTN": 7.140000000000001,
        "TS_MTN": 97.04,
        "TeS_ORANGE": 1.47,
        "TedS_ORANGE": 100.0,
        "TR3_ORANGE": 0,
        "TeRd_ORANGE": 10.0,
        "TS_ORANGE": 94.03,
        "rang_TeS_ORANGE": 2,
        "rang_TeS_MTN": 1,
        "rang_TeS_MOOV": 3,
        "rang_TedS_ORANGE": 1,
        "rang_TedS_MTN": 3,
        "rang_TedS_MOOV": 1,
        "rang_TR3_ORANGE": 1,
        "rang_TR3_MTN": 1,
        "rang_TR3_MOOV": 1,
        "rang_TS_ORANGE": 3,
        "rang_TS_MTN": 2,
        "rang_TS_MOOV": 1,
        "rang_TeRd_ORANGE": 1,
        "rang_TeRd_MTN": 2,
        "rang_TeRd_MOOV": 3
      },
      "id": 28
    },
    {
      "type": "Feature",
      "geometry": {
        "coordinates": [
          -6.0547699999999995,
          6.917190000000001
        ],
        "type": "Point"
      },
      "properties": {
        "ADM0_FR": "SASSANDRA-MARAHOUE",
        "ADM0_PCODE": "CI10",
        "ADM1_FR": "MARAHOUE",
        "ADM1_PCODE": "CI123",
        "ADM2_FR": "BOUAFLE",
        "ADM2_PCODE": "CI2301",
        "ADM3_FR": "BONON",
        "ADM3_PCODE": "CI230102",
        "ADM4_FR": "BONON",
        "ADM4_PCODE": "C1450",
        "centerLat": 6.92719,
        "centerLng": -6.04477,
        "pop": 92523,
        "TeS_MOOV": 0.0,
        "TedS_MOOV": 100.0,
        "TR3_MOOV": 0,
        "TeRd_MOOV": 75.0,
        "TS_MOOV": 97.52,
        "TeS_MTN": 0.0,
        "TedS_MTN": 100.0,
        "TR3_MTN": 0,
        "TeRd_MTN": 0.0,
        "TS_MTN": 97.03,
        "TeS_ORANGE": 0.0,
        "TedS_ORANGE": 100.0,
        "TR3_ORANGE": 0,
        "TeRd_ORANGE": 25.0,
        "TS_ORANGE": 52.480000000000004,
        "rang_TeS_ORANGE": 1,
        "rang_TeS_MTN": 1,
        "rang_TeS_MOOV": 1,
        "rang_TedS_ORANGE": 1,
        "rang_TedS_MTN": 1,
        "rang_TedS_MOOV": 1,
        "rang_TR3_ORANGE": 1,
        "rang_TR3_MTN": 1,
        "rang_TR3_MOOV": 1,
        "rang_TS_ORANGE": 3,
        "rang_TS_MTN": 2,
        "rang_TS_MOOV": 1,
        "rang_TeRd_ORANGE": 2,
        "rang_TeRd_MTN": 3,
        "rang_TeRd_MOOV": 1
      },
      "id": 29
    },
    {
      "type": "Feature",
      "geometry": {
        "coordinates": [
          -5.7613199999999996,
          6.97414
        ],
        "type": "Point"
      },
      "properties": {
        "ADM0_FR": "SASSANDRA-MARAHOUE",
        "ADM0_PCODE": "CI10",
        "ADM1_FR": "MARAHOUE",
        "ADM1_PCODE": "CI123",
        "ADM2_FR": "BOUAFLE",
        "ADM2_PCODE": "CI2301",
        "ADM3_FR": "BOUAFLE",
        "ADM3_PCODE": "CI230103",
        "ADM4_FR": "BOUAFLÉ",
        "ADM4_PCODE": "C1503",
        "centerLat": 6.98414,
        "centerLng": -5.75132,
        "pop": 80389,
        "TeS_MOOV": 0.0,
        "TedS_MOOV": 99.53,
        "TR3_MOOV": 0,
        "TeRd_MOOV": 18.18,
        "TS_MOOV": 85.92,
        "TeS_MTN": 0.0,
        "TedS_MTN": 98.59,
        "TR3_MTN": 0,
        "TeRd_MTN": 0.0,
        "TS_MTN": 85.92,
        "TeS_ORANGE": 0.0,
        "TedS_ORANGE": 100.0,
        "TR3_ORANGE": 0,
        "TeRd_ORANGE": 0.0,
        "TS_ORANGE": 85.92,
        "rang_TeS_ORANGE": 1,
        "rang_TeS_MTN": 1,
        "rang_TeS_MOOV": 1,
        "rang_TedS_ORANGE": 1,
        "rang_TedS_MTN": 3,
        "rang_TedS_MOOV": 2,
        "rang_TR3_ORANGE": 1,
        "rang_TR3_MTN": 1,
        "rang_TR3_MOOV": 1,
        "rang_TS_ORANGE": 1,
        "rang_TS_MTN": 1,
        "rang_TS_MOOV": 1,
        "rang_TeRd_ORANGE": 2,
        "rang_TeRd_MTN": 2,
        "rang_TeRd_MOOV": 1
      },
      "id": 30
    },
    {
      "type": "Feature",
      "geometry": {
        "coordinates": [
          -5.03961,
          7.67791
        ],
        "type": "Point"
      },
      "properties": {
        "ADM0_FR": "VALLEE DU BANDAMA",
        "ADM0_PCODE": "CI12",
        "ADM1_FR": "GBEKE",
        "ADM1_PCODE": "CI111",
        "ADM2_FR": "BOUAKE",
        "ADM2_PCODE": "CI1103",
        "ADM3_FR": "BOUAKE",
        "ADM3_PCODE": "CI110301",
        "ADM4_FR": "BOUAKÉ",
        "ADM4_PCODE": "C1507",
        "centerLat": 7.68791,
        "centerLng": -5.02961,
        "pop": 536719,
        "TeS_MOOV": 0.0,
        "TedS_MOOV": 100.0,
        "TR3_MOOV": 0,
        "TeRd_MOOV": 0.0,
        "TS_MOOV": 92.02,
        "TeS_MTN": 3.04,
        "TedS_MTN": 74.15,
        "TR3_MTN": 0,
        "TeRd_MTN": 7.6899999999999995,
        "TS_MTN": 90.58,
        "TeS_ORANGE": 0.47000000000000003,
        "TedS_ORANGE": 100.0,
        "TR3_ORANGE": 0,
        "TeRd_ORANGE": 7.140000000000001,
        "TS_ORANGE": 92.22,
        "rang_TeS_ORANGE": 2,
        "rang_TeS_MTN": 3,
        "rang_TeS_MOOV": 1,
        "rang_TedS_ORANGE": 1,
        "rang_TedS_MTN": 3,
        "rang_TedS_MOOV": 1,
        "rang_TR3_ORANGE": 1,
        "rang_TR3_MTN": 1,
        "rang_TR3_MOOV": 1,
        "rang_TS_ORANGE": 1,
        "rang_TS_MTN": 3,
        "rang_TS_MOOV": 2,
        "rang_TeRd_ORANGE": 2,
        "rang_TeRd_MTN": 1,
        "rang_TeRd_MOOV": 3
      },
      "id": 31
    },
    {
      "type": "Feature",
      "geometry": {
        "coordinates": [
          -3.0090899999999996,
          9.25864
        ],
        "type": "Point"
      },
      "properties": {
        "ADM0_FR": "ZANZAN",
        "ADM0_PCODE": "CI14",
        "ADM1_FR": "BOUNKANI",
        "ADM1_PCODE": "CI108",
        "ADM2_FR": "BOUNA",
        "ADM2_PCODE": "CI0801",
        "ADM3_FR": "BOUNA",
        "ADM3_PCODE": "CI080102",
        "ADM4_FR": "BOUNA",
        "ADM4_PCODE": "C1550",
        "centerLat": 9.26864,
        "centerLng": -2.99909,
        "pop": 18755,
        "TeS_MOOV": 0.8999999999999999,
        "TedS_MOOV": 100.0,
        "TR3_MOOV": 0,
        "TeRd_MOOV": 0.0,
        "TS_MOOV": 94.55,
        "TeS_MTN": 1.82,
        "TedS_MTN": 99.07000000000001,
        "TR3_MTN": 0,
        "TeRd_MTN": 0.0,
        "TS_MTN": 92.58999999999999,
        "TeS_ORANGE": 0.44999999999999996,
        "TedS_ORANGE": 100.0,
        "TR3_ORANGE": 0,
        "TeRd_ORANGE": 10.81,
        "TS_ORANGE": 96.35000000000001,
        "rang_TeS_ORANGE": 1,
        "rang_TeS_MTN": 3,
        "rang_TeS_MOOV": 2,
        "rang_TedS_ORANGE": 1,
        "rang_TedS_MTN": 3,
        "rang_TedS_MOOV": 1,
        "rang_TR3_ORANGE": 1,
        "rang_TR3_MTN": 1,
        "rang_TR3_MOOV": 1,
        "rang_TS_ORANGE": 1,
        "rang_TS_MTN": 3,
        "rang_TS_MOOV": 2,
        "rang_TeRd_ORANGE": 1,
        "rang_TeRd_MTN": 2,
        "rang_TeRd_MOOV": 2
      },
      "id": 32
    },
    {
      "type": "Feature",
      "geometry": {
        "coordinates": [
          -4.43938,
          8.35405
        ],
        "type": "Point"
      },
      "properties": {
        "ADM0_FR": "VALLEE DU BANDAMA",
        "ADM0_PCODE": "CI12",
        "ADM1_FR": "HAMBOL",
        "ADM1_PCODE": "CI117",
        "ADM2_FR": "DABAKALA",
        "ADM2_PCODE": "CI1701",
        "ADM3_FR": "DABAKALA",
        "ADM3_PCODE": "CI170103",
        "ADM4_FR": "DABAKALA",
        "ADM4_PCODE": "C1689",
        "centerLat": 8.36405,
        "centerLng": -4.42938,
        "pop": 14134,
        "TeS_MOOV": 30.5,
        "TedS_MOOV": 84.89,
        "TR3_MOOV": 0,
        "TeRd_MOOV": 0.0,
        "TS_MOOV": 89.21,
        "TeS_MTN": 36.68,
        "TedS_MTN": 99.21,
        "TR3_MTN": 0,
        "TeRd_MTN": 0.0,
        "TS_MTN": 88.89,
        "TeS_ORANGE": 1.9900000000000002,
        "TedS_ORANGE": 100.0,
        "TR3_ORANGE": 0,
        "TeRd_ORANGE": 23.080000000000002,
        "TS_ORANGE": 88.32,
        "rang_TeS_ORANGE": 1,
        "rang_TeS_MTN": 3,
        "rang_TeS_MOOV": 2,
        "rang_TedS_ORANGE": 1,
        "rang_TedS_MTN": 2,
        "rang_TedS_MOOV": 3,
        "rang_TR3_ORANGE": 1,
        "rang_TR3_MTN": 1,
        "rang_TR3_MOOV": 1,
        "rang_TS_ORANGE": 3,
        "rang_TS_MTN": 2,
        "rang_TS_MOOV": 1,
        "rang_TeRd_ORANGE": 1,
        "rang_TeRd_MTN": 2,
        "rang_TeRd_MOOV": 2
      },
      "id": 33
    },
    {
      "type": "Feature",
      "geometry": {
        "coordinates": [
          -4.39208,
          5.31271
        ],
        "type": "Point"
      },
      "properties": {
        "ADM0_FR": "LAGUNES",
        "ADM0_PCODE": "CI08",
        "ADM1_FR": "GRANDS-PONTS",
        "ADM1_PCODE": "CI115",
        "ADM2_FR": "DABOU",
        "ADM2_PCODE": "CI1501",
        "ADM3_FR": "DABOU",
        "ADM3_PCODE": "CI150101",
        "ADM4_FR": "DABOU",
        "ADM4_PCODE": "C1708",
        "centerLat": 5.32271,
        "centerLng": -4.38208,
        "pop": 61942,
        "TeS_MOOV": 0.0,
        "TedS_MOOV": 100.0,
        "TR3_MOOV": 0,
        "TeRd_MOOV": 43.68,
        "TS_MOOV": 97.07000000000001,
        "TeS_MTN": 0.0,
        "TedS_MTN": 100.0,
        "TR3_MTN": 0,
        "TeRd_MTN": 39.6,
        "TS_MTN": 93.77,
        "TeS_ORANGE": 0.37,
        "TedS_ORANGE": 100.0,
        "TR3_ORANGE": 0,
        "TeRd_ORANGE": 43.28,
        "TS_ORANGE": 97.43,
        "rang_TeS_ORANGE": 3,
        "rang_TeS_MTN": 1,
        "rang_TeS_MOOV": 1,
        "rang_TedS_ORANGE": 1,
        "rang_TedS_MTN": 1,
        "rang_TedS_MOOV": 1,
        "rang_TR3_ORANGE": 1,
        "rang_TR3_MTN": 1,
        "rang_TR3_MOOV": 1,
        "rang_TS_ORANGE": 1,
        "rang_TS_MTN": 3,
        "rang_TS_MOOV": 2,
        "rang_TeRd_ORANGE": 2,
        "rang_TeRd_MTN": 3,
        "rang_TeRd_MOOV": 1
      },
      "id": 34
    },
    {
      "type": "Feature",
      "geometry": {
        "coordinates": [
          -5.70451,
          5.87642
        ],
        "type": "Point"
      },
      "properties": {
        "ADM0_FR": "GOH-DJIBOUA",
        "ADM0_PCODE": "CI06",
        "ADM1_FR": "LOH-DJIBOUA",
        "ADM1_PCODE": "CI122",
        "ADM2_FR": "LAKOTA",
        "ADM2_PCODE": "CI2203",
        "ADM3_FR": "LAKOTA",
        "ADM3_PCODE": "CI220301",
        "ADM4_FR": "DAHIRI",
        "ADM4_PCODE": "C1747",
        "centerLat": 5.88642,
        "centerLng": -5.69451,
        "pop": 1949,
        "TeS_MOOV": 9.69,
        "TedS_MOOV": 89.27000000000001,
        "TR3_MOOV": 0,
        "TeRd_MOOV": 94.5,
        "TS_MOOV": 94.92,
        "TeS_MTN": 8.21,
        "TedS_MTN": 98.88,
        "TR3_MTN": 0,
        "TeRd_MTN": 95.19999999999999,
        "TS_MTN": 86.59,
        "TeS_ORANGE": 0.51,
        "TedS_ORANGE": 99.48,
        "TR3_ORANGE": 0,
        "TeRd_ORANGE": 94.28999999999999,
        "TS_ORANGE": 92.78,
        "rang_TeS_ORANGE": 1,
        "rang_TeS_MTN": 2,
        "rang_TeS_MOOV": 3,
        "rang_TedS_ORANGE": 1,
        "rang_TedS_MTN": 2,
        "rang_TedS_MOOV": 3,
        "rang_TR3_ORANGE": 1,
        "rang_TR3_MTN": 1,
        "rang_TR3_MOOV": 1,
        "rang_TS_ORANGE": 2,
        "rang_TS_MTN": 3,
        "rang_TS_MOOV": 1,
        "rang_TeRd_ORANGE": 3,
        "rang_TeRd_MTN": 1,
        "rang_TeRd_MOOV": 2
      },
      "id": 35
    },
    {
      "type": "Feature",
      "geometry": {
        "coordinates": [
          -6.4586,
          6.878150000000001
        ],
        "type": "Point"
      },
      "properties": {
        "ADM0_FR": "SASSANDRA-MARAHOUE",
        "ADM0_PCODE": "CI10",
        "ADM1_FR": "HAUT-SASSANDRA",
        "ADM1_PCODE": "CI118",
        "ADM2_FR": "DALOA",
        "ADM2_PCODE": "CI1801",
        "ADM3_FR": "DALOA",
        "ADM3_PCODE": "CI180102",
        "ADM4_FR": "DALOA",
        "ADM4_PCODE": "C1779",
        "centerLat": 6.88815,
        "centerLng": -6.4486,
        "pop": 245360,
        "TeS_MOOV": 0.0,
        "TedS_MOOV": 98.50999999999999,
        "TR3_MOOV": 0,
        "TeRd_MOOV": 43.69,
        "TS_MOOV": 86.57000000000001,
        "TeS_MTN": 1.1900000000000002,
        "TedS_MTN": 95.77,
        "TR3_MTN": 0,
        "TeRd_MTN": 32.4,
        "TS_MTN": 84.89,
        "TeS_ORANGE": 1.49,
        "TedS_ORANGE": 96.97,
        "TR3_ORANGE": 0,
        "TeRd_ORANGE": 34.910000000000004,
        "TS_ORANGE": 84.85000000000001,
        "rang_TeS_ORANGE": 3,
        "rang_TeS_MTN": 2,
        "rang_TeS_MOOV": 1,
        "rang_TedS_ORANGE": 2,
        "rang_TedS_MTN": 3,
        "rang_TedS_MOOV": 1,
        "rang_TR3_ORANGE": 1,
        "rang_TR3_MTN": 1,
        "rang_TR3_MOOV": 1,
        "rang_TS_ORANGE": 3,
        "rang_TS_MTN": 2,
        "rang_TS_MOOV": 1,
        "rang_TeRd_ORANGE": 2,
        "rang_TeRd_MTN": 3,
        "rang_TeRd_MOOV": 1
      },
      "id": 36
    },
    {
      "type": "Feature",
      "geometry": {
        "coordinates": [
          -5.78662,
          9.05715
        ],
        "type": "Point"
      },
      "properties": {
        "ADM0_FR": "SAVANES",
        "ADM0_PCODE": "CI11",
        "ADM1_FR": "PORO",
        "ADM1_PCODE": "CI128",
        "ADM2_FR": "DIKODOUGOU",
        "ADM2_PCODE": "CI2801",
        "ADM3_FR": "DIKODOUGOU",
        "ADM3_PCODE": "CI280102",
        "ADM4_FR": "DIKODOUGOU",
        "ADM4_PCODE": "C2061",
        "centerLat": 9.06715,
        "centerLng": -5.77662,
        "pop": 13953,
        "TeS_MOOV": 6.7,
        "TedS_MOOV": 69.61,
        "TR3_MOOV": 0,
        "TeRd_MOOV": 48.24,
        "TS_MOOV": 95.58,
        "TeS_MTN": 0.0,
        "TedS_MTN": 98.97,
        "TR3_MTN": 0,
        "TeRd_MTN": 10.530000000000001,
        "TS_MTN": 93.81,
        "TeS_ORANGE": 0.0,
        "TedS_ORANGE": 100.0,
        "TR3_ORANGE": 0,
        "TeRd_ORANGE": 29.849999999999998,
        "TS_ORANGE": 94.33,
        "rang_TeS_ORANGE": 1,
        "rang_TeS_MTN": 1,
        "rang_TeS_MOOV": 3,
        "rang_TedS_ORANGE": 1,
        "rang_TedS_MTN": 2,
        "rang_TedS_MOOV": 3,
        "rang_TR3_ORANGE": 1,
        "rang_TR3_MTN": 1,
        "rang_TR3_MOOV": 1,
        "rang_TS_ORANGE": 2,
        "rang_TS_MTN": 3,
        "rang_TS_MOOV": 1,
        "rang_TeRd_ORANGE": 2,
        "rang_TeRd_MTN": 3,
        "rang_TeRd_MOOV": 1
      },
      "id": 37
    },
    {
      "type": "Feature",
      "geometry": {
        "coordinates": [
          -4.7146099999999995,
          6.635400000000001
        ],
        "type": "Point"
      },
      "properties": {
        "ADM0_FR": "LACS",
        "ADM0_PCODE": "CI07",
        "ADM1_FR": "N'ZI",
        "ADM1_PCODE": "CI127",
        "ADM2_FR": "DIMBOKRO",
        "ADM2_PCODE": "CI2702",
        "ADM3_FR": "DIMBOKRO",
        "ADM3_PCODE": "CI270203",
        "ADM4_FR": "DIMBOKRO",
        "ADM4_PCODE": "C2073",
        "centerLat": 6.6454,
        "centerLng": -4.70461,
        "pop": 48860,
        "TeS_MOOV": 0.0,
        "TedS_MOOV": 98.19,
        "TR3_MOOV": 0,
        "TeRd_MOOV": 0.0,
        "TS_MOOV": 96.83,
        "TeS_MTN": 0.0,
        "TedS_MTN": 99.55000000000001,
        "TR3_MTN": 0,
        "TeRd_MTN": 2.78,
        "TS_MTN": 96.85000000000001,
        "TeS_ORANGE": 0.44999999999999996,
        "TedS_ORANGE": 99.55000000000001,
        "TR3_ORANGE": 0,
        "TeRd_ORANGE": 0.0,
        "TS_ORANGE": 97.28999999999999,
        "rang_TeS_ORANGE": 3,
        "rang_TeS_MTN": 1,
        "rang_TeS_MOOV": 1,
        "rang_TedS_ORANGE": 1,
        "rang_TedS_MTN": 1,
        "rang_TedS_MOOV": 3,
        "rang_TR3_ORANGE": 1,
        "rang_TR3_MTN": 1,
        "rang_TR3_MOOV": 1,
        "rang_TS_ORANGE": 1,
        "rang_TS_MTN": 2,
        "rang_TS_MOOV": 3,
        "rang_TeRd_ORANGE": 2,
        "rang_TeRd_MTN": 1,
        "rang_TeRd_MOOV": 2
      },
      "id": 38
    },
    {
      "type": "Feature",
      "geometry": {
        "coordinates": [
          -5.36702,
          5.82833
        ],
        "type": "Point"
      },
      "properties": {
        "ADM0_FR": "GOH-DJIBOUA",
        "ADM0_PCODE": "CI06",
        "ADM1_FR": "LOH-DJIBOUA",
        "ADM1_PCODE": "CI122",
        "ADM2_FR": "DIVO",
        "ADM2_PCODE": "CI2201",
        "ADM3_FR": "DIVO",
        "ADM3_PCODE": "CI220103",
        "ADM4_FR": "DIVO",
        "ADM4_PCODE": "C2117",
        "centerLat": 5.83833,
        "centerLng": -5.35702,
        "pop": 105397,
        "TeS_MOOV": 0.73,
        "TedS_MOOV": 100.0,
        "TR3_MOOV": 0,
        "TeRd_MOOV": 86.79,
        "TS_MOOV": 96.32,
        "TeS_MTN": 0.0,
        "TedS_MTN": 98.15,
        "TR3_MTN": 0,
        "TeRd_MTN": 79.49000000000001,
        "TS_MTN": 85.19,
        "TeS_ORANGE": 0.36,
        "TedS_ORANGE": 100.0,
        "TR3_ORANGE": 0,
        "TeRd_ORANGE": 84.08,
        "TS_ORANGE": 95.97,
        "rang_TeS_ORANGE": 2,
        "rang_TeS_MTN": 1,
        "rang_TeS_MOOV": 3,
        "rang_TedS_ORANGE": 1,
        "rang_TedS_MTN": 3,
        "rang_TedS_MOOV": 1,
        "rang_TR3_ORANGE": 1,
        "rang_TR3_MTN": 1,
        "rang_TR3_MOOV": 1,
        "rang_TS_ORANGE": 2,
        "rang_TS_MTN": 3,
        "rang_TS_MOOV": 1,
        "rang_TeRd_ORANGE": 2,
        "rang_TeRd_MTN": 3,
        "rang_TeRd_MOOV": 1
      },
      "id": 39
    },
    {
      "type": "Feature",
      "geometry": {
        "coordinates": [
          -7.35262,
          6.73496
        ],
        "type": "Point"
      },
      "properties": {
        "ADM0_FR": "MONTAGNES",
        "ADM0_PCODE": "CI09",
        "ADM1_FR": "GUEMON",
        "ADM1_PCODE": "CI116",
        "ADM2_FR": "DUEKOUE",
        "ADM2_PCODE": "CI1602",
        "ADM3_FR": "DUEKOUE",
        "ADM3_PCODE": "CI160202",
        "ADM4_FR": "DUEKOUE",
        "ADM4_PCODE": "C2425",
        "centerLat": 6.74496,
        "centerLng": -7.34262,
        "pop": 90274,
        "TeS_MOOV": 2.36,
        "TedS_MOOV": 99.19,
        "TR3_MOOV": 0,
        "TeRd_MOOV": 16.13,
        "TS_MOOV": 99.6,
        "TeS_MTN": 85.42999999999999,
        "TedS_MTN": 81.08,
        "TR3_MTN": 0,
        "TeRd_MTN": 0.0,
        "TS_MTN": 81.08,
        "TeS_ORANGE": 0.0,
        "TedS_ORANGE": 99.61,
        "TR3_ORANGE": 0,
        "TeRd_ORANGE": 14.71,
        "TS_ORANGE": 98.04,
        "rang_TeS_ORANGE": 1,
        "rang_TeS_MTN": 3,
        "rang_TeS_MOOV": 2,
        "rang_TedS_ORANGE": 1,
        "rang_TedS_MTN": 3,
        "rang_TedS_MOOV": 2,
        "rang_TR3_ORANGE": 1,
        "rang_TR3_MTN": 1,
        "rang_TR3_MOOV": 1,
        "rang_TS_ORANGE": 2,
        "rang_TS_MTN": 3,
        "rang_TS_MOOV": 1,
        "rang_TeRd_ORANGE": 2,
        "rang_TeRd_MTN": 3,
        "rang_TeRd_MOOV": 1
      },
      "id": 40
    },
    {
      "type": "Feature",
      "geometry": {
        "coordinates": [
          -5.2076199999999995,
          9.58226
        ],
        "type": "Point"
      },
      "properties": {
        "ADM0_FR": "SAVANES",
        "ADM0_PCODE": "CI11",
        "ADM1_FR": "TCHOLOGO",
        "ADM1_PCODE": "CI131",
        "ADM2_FR": "FERKESSEDOUGOU",
        "ADM2_PCODE": "CI3101",
        "ADM3_FR": "FERKESSEDOUGOU",
        "ADM3_PCODE": "CI310101",
        "ADM4_FR": "FERKESSÉDOUGOU",
        "ADM4_PCODE": "C2603",
        "centerLat": 9.59226,
        "centerLng": -5.19762,
        "pop": 55910,
        "TeS_MOOV": 0.0,
        "TedS_MOOV": 100.0,
        "TR3_MOOV": 0,
        "TeRd_MOOV": 93.71000000000001,
        "TS_MOOV": 96.95,
        "TeS_MTN": 3.9600000000000004,
        "TedS_MTN": 96.50999999999999,
        "TR3_MTN": 0,
        "TeRd_MTN": 83.58,
        "TS_MTN": 96.50999999999999,
        "TeS_ORANGE": 0.0,
        "TedS_ORANGE": 100.0,
        "TR3_ORANGE": 0,
        "TeRd_ORANGE": 89.71000000000001,
        "TS_ORANGE": 98.48,
        "rang_TeS_ORANGE": 1,
        "rang_TeS_MTN": 3,
        "rang_TeS_MOOV": 1,
        "rang_TedS_ORANGE": 1,
        "rang_TedS_MTN": 3,
        "rang_TedS_MOOV": 1,
        "rang_TR3_ORANGE": 1,
        "rang_TR3_MTN": 1,
        "rang_TR3_MOOV": 1,
        "rang_TS_ORANGE": 1,
        "rang_TS_MTN": 3,
        "rang_TS_MOOV": 2,
        "rang_TeRd_ORANGE": 2,
        "rang_TeRd_MTN": 3,
        "rang_TeRd_MOOV": 1
      },
      "id": 41
    },
    {
      "type": "Feature",
      "geometry": {
        "coordinates": [
          -5.954359999999999,
          6.11836
        ],
        "type": "Point"
      },
      "properties": {
        "ADM0_FR": "GOH-DJIBOUA",
        "ADM0_PCODE": "CI06",
        "ADM1_FR": "GOH",
        "ADM1_PCODE": "CI113",
        "ADM2_FR": "GAGNOA",
        "ADM2_PCODE": "CI1301",
        "ADM3_FR": "GAGNOA",
        "ADM3_PCODE": "CI130106",
        "ADM4_FR": "GAGNOA",
        "ADM4_PCODE": "C2707",
        "centerLat": 6.12836,
        "centerLng": -5.94436,
        "pop": 160465,
        "TeS_MOOV": 0.0,
        "TedS_MOOV": 100.0,
        "TR3_MOOV": 0,
        "TeRd_MOOV": 96.23,
        "TS_MOOV": 95.17999999999999,
        "TeS_MTN": 14.89,
        "TedS_MTN": 99.55000000000001,
        "TR3_MTN": 0,
        "TeRd_MTN": 92.51,
        "TS_MTN": 95.07,
        "TeS_ORANGE": 0.38,
        "TedS_ORANGE": 99.62,
        "TR3_ORANGE": 0,
        "TeRd_ORANGE": 94.04,
        "TS_ORANGE": 95.82000000000001,
        "rang_TeS_ORANGE": 2,
        "rang_TeS_MTN": 3,
        "rang_TeS_MOOV": 1,
        "rang_TedS_ORANGE": 2,
        "rang_TedS_MTN": 3,
        "rang_TedS_MOOV": 1,
        "rang_TR3_ORANGE": 1,
        "rang_TR3_MTN": 1,
        "rang_TR3_MOOV": 1,
        "rang_TS_ORANGE": 1,
        "rang_TS_MTN": 3,
        "rang_TS_MOOV": 2,
        "rang_TeRd_ORANGE": 2,
        "rang_TeRd_MTN": 3,
        "rang_TeRd_MOOV": 1
      },
      "id": 42
    },
    {
      "type": "Feature",
      "geometry": {
        "coordinates": [
          -8.14242,
          9.57468
        ],
        "type": "Point"
      },
      "properties": {
        "ADM0_FR": "DENGUELE",
        "ADM0_PCODE": "CI03",
        "ADM1_FR": "KABADOUGOU",
        "ADM1_PCODE": "CI121",
        "ADM2_FR": "GBELEBAN",
        "ADM2_PCODE": "CI2101",
        "ADM3_FR": "GBELEBAN",
        "ADM3_PCODE": "CI210101",
        "ADM4_FR": "GBÉLÉBAN",
        "ADM4_PCODE": "C2909",
        "centerLat": 9.58468,
        "centerLng": -8.13242,
        "pop": 2317,
        "TeS_MOOV": "null",
        "TedS_MOOV": "null",
        "TR3_MOOV": "null",
        "TeRd_MOOV": "null",
        "TS_MOOV": "null",
        "TeS_MTN": 0.0,
        "TedS_MTN": 100.0,
        "TR3_MTN": 0,
        "TeRd_MTN": 0.0,
        "TS_MTN": 97.13000000000001,
        "TeS_ORANGE": 0.0,
        "TedS_ORANGE": 100.0,
        "TR3_ORANGE": 0,
        "TeRd_ORANGE": 0.0,
        "TS_ORANGE": 97.13000000000001,
        "rang_TeS_ORANGE": 1,
        "rang_TeS_MTN": 1,
        "rang_TeS_MOOV": "null",
        "rang_TedS_ORANGE": 1,
        "rang_TedS_MTN": 1,
        "rang_TedS_MOOV": "null",
        "rang_TR3_ORANGE": 1,
        "rang_TR3_MTN": 1,
        "rang_TR3_MOOV": "null",
        "rang_TS_ORANGE": 1,
        "rang_TS_MTN": 1,
        "rang_TS_MOOV": "null",
        "rang_TeRd_ORANGE": 1,
        "rang_TeRd_MTN": 1,
        "rang_TeRd_MOOV": "null"
      },
      "id": 43
    },
    {
      "type": "Feature",
      "geometry": {
        "coordinates": [
          -6.45827,
          9.8241
        ],
        "type": "Point"
      },
      "properties": {
        "ADM0_FR": "SAVANES",
        "ADM0_PCODE": "CI11",
        "ADM1_FR": "BAGOUE",
        "ADM1_PCODE": "CI105",
        "ADM2_FR": "KOUTO",
        "ADM2_PCODE": "CI0502",
        "ADM3_FR": "GBON",
        "ADM3_PCODE": "CI050203",
        "ADM4_FR": "GBON",
        "ADM4_PCODE": "C2986",
        "centerLat": 9.8341,
        "centerLng": -6.44827,
        "pop": 9615,
        "TeS_MOOV": 0.0,
        "TedS_MOOV": 93.83,
        "TR3_MOOV": 0,
        "TeRd_MOOV": 0.0,
        "TS_MOOV": 98.77,
        "TeS_MTN": 0.0,
        "TedS_MTN": 99.38,
        "TR3_MTN": 0,
        "TeRd_MTN": 0.0,
        "TS_MTN": 97.53,
        "TeS_ORANGE": 0.0,
        "TedS_ORANGE": 98.76,
        "TR3_ORANGE": 0,
        "TeRd_ORANGE": 0.0,
        "TS_ORANGE": 98.76,
        "rang_TeS_ORANGE": 1,
        "rang_TeS_MTN": 1,
        "rang_TeS_MOOV": 1,
        "rang_TedS_ORANGE": 2,
        "rang_TedS_MTN": 1,
        "rang_TedS_MOOV": 3,
        "rang_TR3_ORANGE": 1,
        "rang_TR3_MTN": 1,
        "rang_TR3_MOOV": 1,
        "rang_TS_ORANGE": 2,
        "rang_TS_MTN": 3,
        "rang_TS_MOOV": 1,
        "rang_TeRd_ORANGE": 1,
        "rang_TeRd_MTN": 1,
        "rang_TeRd_MOOV": 1
      },
      "id": 44
    },
    {
      "type": "Feature",
      "geometry": {
        "coordinates": [
          -5.01208,
          5.23919
        ],
        "type": "Point"
      },
      "properties": {
        "ADM0_FR": "LAGUNES",
        "ADM0_PCODE": "CI08",
        "ADM1_FR": "GRANDS-PONTS",
        "ADM1_PCODE": "CI115",
        "ADM2_FR": "GRAND-LAHOU",
        "ADM2_PCODE": "CI1502",
        "ADM3_FR": "GRAND-LAHOU",
        "ADM3_PCODE": "CI150204",
        "ADM4_FR": "GRAND-LAHOU",
        "ADM4_PCODE": "C3376",
        "centerLat": 5.24919,
        "centerLng": -5.00208,
        "pop": 28470,
        "TeS_MOOV": 0.0,
        "TedS_MOOV": 98.87,
        "TR3_MOOV": 0,
        "TeRd_MOOV": 94.3,
        "TS_MOOV": 78.2,
        "TeS_MTN": 2.63,
        "TedS_MTN": 98.07000000000001,
        "TR3_MTN": 0,
        "TeRd_MTN": 91.03,
        "TS_MTN": 77.61,
        "TeS_ORANGE": 0.0,
        "TedS_ORANGE": 97.74000000000001,
        "TR3_ORANGE": 0,
        "TeRd_ORANGE": 87.92,
        "TS_ORANGE": 78.2,
        "rang_TeS_ORANGE": 1,
        "rang_TeS_MTN": 3,
        "rang_TeS_MOOV": 1,
        "rang_TedS_ORANGE": 3,
        "rang_TedS_MTN": 2,
        "rang_TedS_MOOV": 1,
        "rang_TR3_ORANGE": 1,
        "rang_TR3_MTN": 1,
        "rang_TR3_MOOV": 1,
        "rang_TS_ORANGE": 1,
        "rang_TS_MTN": 3,
        "rang_TS_MOOV": 1,
        "rang_TeRd_ORANGE": 3,
        "rang_TeRd_MTN": 2,
        "rang_TeRd_MOOV": 1
      },
      "id": 45
    },
    {
      "type": "Feature",
      "geometry": {
        "coordinates": [
          -4.1652,
          5.815040000000001
        ],
        "type": "Point"
      },
      "properties": {
        "ADM0_FR": "LAGUNES",
        "ADM0_PCODE": "CI08",
        "ADM1_FR": "AGNEBY-TIASSA",
        "ADM1_PCODE": "CI103",
        "ADM2_FR": "AGBOVILLE",
        "ADM2_PCODE": "CI0301",
        "ADM3_FR": "AGBOVILLE",
        "ADM3_PCODE": "CI030102",
        "ADM4_FR": "GRAND-YAPO",
        "ADM4_PCODE": "C3379",
        "centerLat": 5.82504,
        "centerLng": -4.1552,
        "pop": 4428,
        "TeS_MOOV": 1.8499999999999999,
        "TedS_MOOV": 2.83,
        "TR3_MOOV": 0,
        "TeRd_MOOV": 0.0,
        "TS_MOOV": 92.45,
        "TeS_MTN": 0.0,
        "TedS_MTN": 100.0,
        "TR3_MTN": 0,
        "TeRd_MTN": 0.0,
        "TS_MTN": 91.67,
        "TeS_ORANGE": 0.0,
        "TedS_ORANGE": 100.0,
        "TR3_ORANGE": 0,
        "TeRd_ORANGE": 0.0,
        "TS_ORANGE": 91.67,
        "rang_TeS_ORANGE": 1,
        "rang_TeS_MTN": 1,
        "rang_TeS_MOOV": 3,
        "rang_TedS_ORANGE": 1,
        "rang_TedS_MTN": 1,
        "rang_TedS_MOOV": 3,
        "rang_TR3_ORANGE": 1,
        "rang_TR3_MTN": 1,
        "rang_TR3_MOOV": 1,
        "rang_TS_ORANGE": 2,
        "rang_TS_MTN": 2,
        "rang_TS_MOOV": 1,
        "rang_TeRd_ORANGE": 1,
        "rang_TeRd_MTN": 1,
        "rang_TeRd_MOOV": 1
      },
      "id": 46
    },
    {
      "type": "Feature",
      "geometry": {
        "coordinates": [
          -5.71737,
          6.46414
        ],
        "type": "Point"
      },
      "properties": {
        "ADM0_FR": "GOH-DJIBOUA",
        "ADM0_PCODE": "CI06",
        "ADM1_FR": "GOH",
        "ADM1_PCODE": "CI113",
        "ADM2_FR": "OUME",
        "ADM2_PCODE": "CI1302",
        "ADM3_FR": "GUEPAHOUO",
        "ADM3_PCODE": "CI130203",
        "ADM4_FR": "GUÉPAHOUO",
        "ADM4_PCODE": "C3445",
        "centerLat": 6.47414,
        "centerLng": -5.70737,
        "pop": 20143,
        "TeS_MOOV": 38.04,
        "TedS_MOOV": 100.0,
        "TR3_MOOV": 0,
        "TeRd_MOOV": 0.0,
        "TS_MOOV": 96.04,
        "TeS_MTN": 2.45,
        "TedS_MTN": 90.57,
        "TR3_MTN": 0,
        "TeRd_MTN": 6.25,
        "TS_MTN": 96.86,
        "TeS_ORANGE": 0.0,
        "TedS_ORANGE": 100.0,
        "TR3_ORANGE": 0,
        "TeRd_ORANGE": 3.1300000000000003,
        "TS_ORANGE": 96.32,
        "rang_TeS_ORANGE": 1,
        "rang_TeS_MTN": 2,
        "rang_TeS_MOOV": 3,
        "rang_TedS_ORANGE": 1,
        "rang_TedS_MTN": 3,
        "rang_TedS_MOOV": 1,
        "rang_TR3_ORANGE": 1,
        "rang_TR3_MTN": 1,
        "rang_TR3_MOOV": 1,
        "rang_TS_ORANGE": 2,
        "rang_TS_MTN": 1,
        "rang_TS_MOOV": 3,
        "rang_TeRd_ORANGE": 2,
        "rang_TeRd_MTN": 1,
        "rang_TeRd_MOOV": 3
      },
      "id": 47
    },
    {
      "type": "Feature",
      "geometry": {
        "coordinates": [
          -7.49625,
          6.53472
        ],
        "type": "Point"
      },
      "properties": {
        "ADM0_FR": "MONTAGNES",
        "ADM0_PCODE": "CI09",
        "ADM1_FR": "CAVALLY",
        "ADM1_PCODE": "CI109",
        "ADM2_FR": "GUIGLO",
        "ADM2_PCODE": "CI0902",
        "ADM3_FR": "GUIGLO",
        "ADM3_PCODE": "CI090201",
        "ADM4_FR": "GUIGLO",
        "ADM4_PCODE": "C3495",
        "centerLat": 6.54472,
        "centerLng": -7.48625,
        "pop": 52544,
        "TeS_MOOV": 1.08,
        "TedS_MOOV": 98.18,
        "TR3_MOOV": 0,
        "TeRd_MOOV": 2.3,
        "TS_MOOV": 100.0,
        "TeS_MTN": 0.0,
        "TedS_MTN": 100.0,
        "TR3_MTN": 0,
        "TeRd_MTN": 0.0,
        "TS_MTN": 99.28,
        "TeS_ORANGE": 0.0,
        "TedS_ORANGE": 100.0,
        "TR3_ORANGE": 0,
        "TeRd_ORANGE": 0.0,
        "TS_ORANGE": 98.92,
        "rang_TeS_ORANGE": 1,
        "rang_TeS_MTN": 1,
        "rang_TeS_MOOV": 3,
        "rang_TedS_ORANGE": 1,
        "rang_TedS_MTN": 1,
        "rang_TedS_MOOV": 3,
        "rang_TR3_ORANGE": 1,
        "rang_TR3_MTN": 1,
        "rang_TR3_MOOV": 1,
        "rang_TS_ORANGE": 3,
        "rang_TS_MTN": 2,
        "rang_TS_MOOV": 1,
        "rang_TeRd_ORANGE": 2,
        "rang_TeRd_MTN": 2,
        "rang_TeRd_MOOV": 1
      },
      "id": 48
    },
    {
      "type": "Feature",
      "geometry": {
        "coordinates": [
          -5.25131,
          5.50964
        ],
        "type": "Point"
      },
      "properties": {
        "ADM0_FR": "GOH-DJIBOUA",
        "ADM0_PCODE": "CI06",
        "ADM1_FR": "LOH-DJIBOUA",
        "ADM1_PCODE": "CI122",
        "ADM2_FR": "GUITRY",
        "ADM2_PCODE": "CI2202",
        "ADM3_FR": "GUITRY",
        "ADM3_PCODE": "CI220201",
        "ADM4_FR": "GUITRY",
        "ADM4_PCODE": "C3525",
        "centerLat": 5.51964,
        "centerLng": -5.24131,
        "pop": 11445,
        "TeS_MOOV": 10.47,
        "TedS_MOOV": 64.29,
        "TR3_MOOV": 0,
        "TeRd_MOOV": 80.36,
        "TS_MOOV": 96.1,
        "TeS_MTN": 0.58,
        "TedS_MTN": 100.0,
        "TR3_MTN": 0,
        "TeRd_MTN": 76.98,
        "TS_MTN": 95.91,
        "TeS_ORANGE": 0.0,
        "TedS_ORANGE": 98.83999999999999,
        "TR3_ORANGE": 0,
        "TeRd_ORANGE": 77.17,
        "TS_ORANGE": 95.93,
        "rang_TeS_ORANGE": 1,
        "rang_TeS_MTN": 2,
        "rang_TeS_MOOV": 3,
        "rang_TedS_ORANGE": 2,
        "rang_TedS_MTN": 1,
        "rang_TedS_MOOV": 3,
        "rang_TR3_ORANGE": 1,
        "rang_TR3_MTN": 1,
        "rang_TR3_MOOV": 1,
        "rang_TS_ORANGE": 2,
        "rang_TS_MTN": 3,
        "rang_TS_MOOV": 1,
        "rang_TeRd_ORANGE": 2,
        "rang_TeRd_MTN": 3,
        "rang_TeRd_MOOV": 1
      },
      "id": 49
    },
    {
      "type": "Feature",
      "geometry": {
        "coordinates": [
          -6.59904,
          6.47762
        ],
        "type": "Point"
      },
      "properties": {
        "ADM0_FR": "SASSANDRA-MARAHOUE",
        "ADM0_PCODE": "CI10",
        "ADM1_FR": "HAUT-SASSANDRA",
        "ADM1_PCODE": "CI118",
        "ADM2_FR": "ISSIA",
        "ADM2_PCODE": "CI1802",
        "ADM3_FR": "ISSIA",
        "ADM3_PCODE": "CI180201",
        "ADM4_FR": "ISSIA",
        "ADM4_PCODE": "C3598",
        "centerLat": 6.48762,
        "centerLng": -6.58904,
        "pop": 52660,
        "TeS_MOOV": 0.0,
        "TedS_MOOV": 100.0,
        "TR3_MOOV": 0,
        "TeRd_MOOV": 95.28999999999999,
        "TS_MOOV": 96.24000000000001,
        "TeS_MTN": 16.43,
        "TedS_MTN": 100.0,
        "TR3_MTN": 0,
        "TeRd_MTN": 91.14999999999999,
        "TS_MTN": 94.94,
        "TeS_ORANGE": 0.47000000000000003,
        "TedS_ORANGE": 100.0,
        "TR3_ORANGE": 0,
        "TeRd_ORANGE": 94.87,
        "TS_ORANGE": 95.75,
        "rang_TeS_ORANGE": 2,
        "rang_TeS_MTN": 3,
        "rang_TeS_MOOV": 1,
        "rang_TedS_ORANGE": 1,
        "rang_TedS_MTN": 1,
        "rang_TedS_MOOV": 1,
        "rang_TR3_ORANGE": 1,
        "rang_TR3_MTN": 1,
        "rang_TR3_MOOV": 1,
        "rang_TS_ORANGE": 2,
        "rang_TS_MTN": 3,
        "rang_TS_MOOV": 1,
        "rang_TeRd_ORANGE": 2,
        "rang_TeRd_MTN": 3,
        "rang_TeRd_MOOV": 1
      },
      "id": 50
    },
    {
      "type": "Feature",
      "geometry": {
        "coordinates": [
          -4.62251,
          9.14113
        ],
        "type": "Point"
      },
      "properties": {
        "ADM0_FR": "SAVANES",
        "ADM0_PCODE": "CI11",
        "ADM1_FR": "TCHOLOGO",
        "ADM1_PCODE": "CI131",
        "ADM2_FR": "KONG",
        "ADM2_PCODE": "CI3102",
        "ADM3_FR": "KONG",
        "ADM3_PCODE": "CI310201",
        "ADM4_FR": "KONG",
        "ADM4_PCODE": "C4324",
        "centerLat": 9.15113,
        "centerLng": -4.61251,
        "pop": 11774,
        "TeS_MOOV": 0.0,
        "TedS_MOOV": 99.48,
        "TR3_MOOV": 0,
        "TeRd_MOOV": 0.0,
        "TS_MOOV": 95.83,
        "TeS_MTN": 2.08,
        "TedS_MTN": 98.94,
        "TR3_MTN": 0,
        "TeRd_MTN": 12.5,
        "TS_MTN": 94.15,
        "TeS_ORANGE": 0.0,
        "TedS_ORANGE": 100.0,
        "TR3_ORANGE": 0,
        "TeRd_ORANGE": 0.0,
        "TS_ORANGE": 97.39999999999999,
        "rang_TeS_ORANGE": 1,
        "rang_TeS_MTN": 3,
        "rang_TeS_MOOV": 1,
        "rang_TedS_ORANGE": 1,
        "rang_TedS_MTN": 3,
        "rang_TedS_MOOV": 2,
        "rang_TR3_ORANGE": 1,
        "rang_TR3_MTN": 1,
        "rang_TR3_MOOV": 1,
        "rang_TS_ORANGE": 1,
        "rang_TS_MTN": 3,
        "rang_TS_MOOV": 2,
        "rang_TeRd_ORANGE": 2,
        "rang_TeRd_MTN": 1,
        "rang_TeRd_MOOV": 2
      },
      "id": 51
    },
    {
      "type": "Feature",
      "geometry": {
        "coordinates": [
          -5.6475,
          9.44799
        ],
        "type": "Point"
      },
      "properties": {
        "ADM0_FR": "SAVANES",
        "ADM0_PCODE": "CI11",
        "ADM1_FR": "PORO",
        "ADM1_PCODE": "CI128",
        "ADM2_FR": "KORHOGO",
        "ADM2_PCODE": "CI2802",
        "ADM3_FR": "KORHOGO",
        "ADM3_PCODE": "CI280201",
        "ADM4_FR": "KORHOGO",
        "ADM4_PCODE": "C4410",
        "centerLat": 9.45799,
        "centerLng": -5.6375,
        "pop": 243048,
        "TeS_MOOV": 0.0,
        "TedS_MOOV": 99.38,
        "TR3_MOOV": 0,
        "TeRd_MOOV": 66.67,
        "TS_MOOV": 92.55,
        "TeS_MTN": 0.31,
        "TedS_MTN": 99.06,
        "TR3_MTN": 0,
        "TeRd_MTN": 37.04,
        "TS_MTN": 95.30999999999999,
        "TeS_ORANGE": 0.0,
        "TedS_ORANGE": 99.38,
        "TR3_ORANGE": 0,
        "TeRd_ORANGE": 78.52,
        "TS_ORANGE": 92.52,
        "rang_TeS_ORANGE": 1,
        "rang_TeS_MTN": 3,
        "rang_TeS_MOOV": 1,
        "rang_TedS_ORANGE": 1,
        "rang_TedS_MTN": 3,
        "rang_TedS_MOOV": 1,
        "rang_TR3_ORANGE": 1,
        "rang_TR3_MTN": 1,
        "rang_TR3_MOOV": 1,
        "rang_TS_ORANGE": 3,
        "rang_TS_MTN": 1,
        "rang_TS_MOOV": 2,
        "rang_TeRd_ORANGE": 1,
        "rang_TeRd_MTN": 3,
        "rang_TeRd_MOOV": 2
      },
      "id": 52
    },
    {
      "type": "Feature",
      "geometry": {
        "coordinates": [
          -5.69383,
          5.83907
        ],
        "type": "Point"
      },
      "properties": {
        "ADM0_FR": "GOH-DJIBOUA",
        "ADM0_PCODE": "CI06",
        "ADM1_FR": "LOH-DJIBOUA",
        "ADM1_PCODE": "CI122",
        "ADM2_FR": "LAKOTA",
        "ADM2_PCODE": "CI2203",
        "ADM3_FR": "LAKOTA",
        "ADM3_PCODE": "CI220301",
        "ADM4_FR": "LAKOTA",
        "ADM4_PCODE": "C4974",
        "centerLat": 5.84907,
        "centerLng": -5.68383,
        "pop": 24976,
        "TeS_MOOV": 2.1999999999999997,
        "TedS_MOOV": 94.94,
        "TR3_MOOV": 0,
        "TeRd_MOOV": 62.2,
        "TS_MOOV": 82.58,
        "TeS_MTN": 0.0,
        "TedS_MTN": 100.0,
        "TR3_MTN": 0,
        "TeRd_MTN": 53.6,
        "TS_MTN": 81.32000000000001,
        "TeS_ORANGE": 0.0,
        "TedS_ORANGE": 99.45,
        "TR3_ORANGE": 0,
        "TeRd_ORANGE": 60.31999999999999,
        "TS_ORANGE": 81.87,
        "rang_TeS_ORANGE": 1,
        "rang_TeS_MTN": 1,
        "rang_TeS_MOOV": 3,
        "rang_TedS_ORANGE": 2,
        "rang_TedS_MTN": 1,
        "rang_TedS_MOOV": 3,
        "rang_TR3_ORANGE": 1,
        "rang_TR3_MTN": 1,
        "rang_TR3_MOOV": 1,
        "rang_TS_ORANGE": 2,
        "rang_TS_MTN": 3,
        "rang_TS_MOOV": 1,
        "rang_TeRd_ORANGE": 2,
        "rang_TeRd_MTN": 3,
        "rang_TeRd_MOOV": 1
      },
      "id": 53
    },
    {
      "type": "Feature",
      "geometry": {
        "coordinates": [
          -5.26,
          8.05
        ],
        "type": "Point"
      },
      "properties": {
        "ADM0_FR": "VALLEE DU BANDAMA",
        "ADM0_PCODE": "CI12",
        "ADM1_FR": "HAMBOL",
        "ADM1_PCODE": "CI117",
        "ADM2_FR": "KATIOLA",
        "ADM2_PCODE": "CI1702",
        "ADM3_FR": "KATIOLA",
        "ADM3_PCODE": "CI170201",
        "ADM4_FR": "LOGBONOU",
        "ADM4_PCODE": "C5145",
        "centerLat": 8.06,
        "centerLng": -5.25,
        "pop": 7545,
        "TeS_MOOV": "null",
        "TedS_MOOV": "null",
        "TR3_MOOV": "null",
        "TeRd_MOOV": "null",
        "TS_MOOV": "null",
        "TeS_MTN": 0.7799999999999999,
        "TedS_MTN": 56.69,
        "TR3_MTN": 0,
        "TeRd_MTN": 0.0,
        "TS_MTN": 96.06,
        "TeS_ORANGE": 0.0,
        "TedS_ORANGE": 100.0,
        "TR3_ORANGE": 0,
        "TeRd_ORANGE": 0.0,
        "TS_ORANGE": 96.88,
        "rang_TeS_ORANGE": 1,
        "rang_TeS_MTN": 2,
        "rang_TeS_MOOV": "null",
        "rang_TedS_ORANGE": 1,
        "rang_TedS_MTN": 2,
        "rang_TedS_MOOV": "null",
        "rang_TR3_ORANGE": 1,
        "rang_TR3_MTN": 1,
        "rang_TR3_MOOV": "null",
        "rang_TS_ORANGE": 1,
        "rang_TS_MTN": 2,
        "rang_TS_MOOV": "null",
        "rang_TeRd_ORANGE": 1,
        "rang_TeRd_MTN": 1,
        "rang_TeRd_MOOV": "null"
      },
      "id": 54
    },
    {
      "type": "Feature",
      "geometry": {
        "coordinates": [
          -7.56442,
          7.39545
        ],
        "type": "Point"
      },
      "properties": {
        "ADM0_FR": "MONTAGNES",
        "ADM0_PCODE": "CI09",
        "ADM1_FR": "TONKPI",
        "ADM1_PCODE": "CI132",
        "ADM2_FR": "MAN",
        "ADM2_PCODE": "CI3203",
        "ADM3_FR": "MAN",
        "ADM3_PCODE": "CI320301",
        "ADM4_FR": "MAN",
        "ADM4_PCODE": "C5323",
        "centerLat": 7.40545,
        "centerLng": -7.55442,
        "pop": 149041,
        "TeS_MOOV": 100.0,
        "TedS_MOOV": 0.0,
        "TR3_MOOV": 100,
        "TeRd_MOOV": 0.0,
        "TS_MOOV": 0.0,
        "TeS_MTN": 0.36,
        "TedS_MTN": 100.0,
        "TR3_MTN": 0,
        "TeRd_MTN": 12.120000000000001,
        "TS_MTN": 97.8,
        "TeS_ORANGE": 0.0,
        "TedS_ORANGE": 100.0,
        "TR3_ORANGE": 0,
        "TeRd_ORANGE": 27.500000000000004,
        "TS_ORANGE": 97.45,
        "rang_TeS_ORANGE": 1,
        "rang_TeS_MTN": 2,
        "rang_TeS_MOOV": 3,
        "rang_TedS_ORANGE": 1,
        "rang_TedS_MTN": 1,
        "rang_TedS_MOOV": 3,
        "rang_TR3_ORANGE": 1,
        "rang_TR3_MTN": 1,
        "rang_TR3_MOOV": 3,
        "rang_TS_ORANGE": 2,
        "rang_TS_MTN": 1,
        "rang_TS_MOOV": 3,
        "rang_TeRd_ORANGE": 1,
        "rang_TeRd_MTN": 2,
        "rang_TeRd_MOOV": 3
      },
      "id": 55
    },
    {
      "type": "Feature",
      "geometry": {
        "coordinates": [
          -6.65906,
          6.92244
        ],
        "type": "Point"
      },
      "properties": {
        "ADM0_FR": "WOROBA",
        "ADM0_PCODE": "CI13",
        "ADM1_FR": "WORODOUGOU",
        "ADM1_PCODE": "CI133",
        "ADM2_FR": "SEGUELA",
        "ADM2_PCODE": "CI3302",
        "ADM3_FR": "WOROFLA",
        "ADM3_PCODE": "CI330207",
        "ADM4_FR": "MANKONO",
        "ADM4_PCODE": "C5355",
        "centerLat": 6.93244,
        "centerLng": -6.64906,
        "pop": 1576,
        "TeS_MOOV": 100.0,
        "TedS_MOOV": 0.0,
        "TR3_MOOV": 100,
        "TeRd_MOOV": 0.0,
        "TS_MOOV": 0.0,
        "TeS_MTN": 2.23,
        "TedS_MTN": 95.43,
        "TR3_MTN": 0,
        "TeRd_MTN": 41.839999999999996,
        "TS_MTN": 97.71,
        "TeS_ORANGE": 1.1199999999999999,
        "TedS_ORANGE": 97.74000000000001,
        "TR3_ORANGE": 0,
        "TeRd_ORANGE": 38.129999999999995,
        "TS_ORANGE": 97.74000000000001,
        "rang_TeS_ORANGE": 1,
        "rang_TeS_MTN": 2,
        "rang_TeS_MOOV": 3,
        "rang_TedS_ORANGE": 1,
        "rang_TedS_MTN": 2,
        "rang_TedS_MOOV": 3,
        "rang_TR3_ORANGE": 1,
        "rang_TR3_MTN": 1,
        "rang_TR3_MOOV": 3,
        "rang_TS_ORANGE": 1,
        "rang_TS_MTN": 2,
        "rang_TS_MOOV": 3,
        "rang_TeRd_ORANGE": 2,
        "rang_TeRd_MTN": 1,
        "rang_TeRd_MOOV": 3
      },
      "id": 56
    },
    {
      "type": "Feature",
      "geometry": {
        "coordinates": [
          -4.35,
          7.45
        ],
        "type": "Point"
      },
      "properties": {
        "ADM0_FR": "LACS",
        "ADM0_PCODE": "CI07",
        "ADM1_FR": "IFFOU",
        "ADM1_PCODE": "CI119",
        "ADM2_FR": "M'BAHIAKRO",
        "ADM2_PCODE": "CI1902",
        "ADM3_FR": "M'BAHIAKRO",
        "ADM3_PCODE": "CI190201",
        "ADM4_FR": "M'BAHIAKRO",
        "ADM4_PCODE": "C5412",
        "centerLat": 7.46,
        "centerLng": -4.34,
        "pop": 14894,
        "TeS_MOOV": 100.0,
        "TedS_MOOV": 0.0,
        "TR3_MOOV": 100,
        "TeRd_MOOV": 0.0,
        "TS_MOOV": 0.0,
        "TeS_MTN": 1.8800000000000001,
        "TedS_MTN": 99.03999999999999,
        "TR3_MTN": 0,
        "TeRd_MTN": 3.85,
        "TS_MTN": 98.09,
        "TeS_ORANGE": 2.35,
        "TedS_ORANGE": 100.0,
        "TR3_ORANGE": 0,
        "TeRd_ORANGE": 0.0,
        "TS_ORANGE": 97.11999999999999,
        "rang_TeS_ORANGE": 2,
        "rang_TeS_MTN": 1,
        "rang_TeS_MOOV": 3,
        "rang_TedS_ORANGE": 1,
        "rang_TedS_MTN": 2,
        "rang_TedS_MOOV": 3,
        "rang_TR3_ORANGE": 1,
        "rang_TR3_MTN": 1,
        "rang_TR3_MOOV": 3,
        "rang_TS_ORANGE": 2,
        "rang_TS_MTN": 1,
        "rang_TS_MOOV": 3,
        "rang_TeRd_ORANGE": 2,
        "rang_TeRd_MTN": 1,
        "rang_TeRd_MOOV": 2
      },
      "id": 57
    },
    {
      "type": "Feature",
      "geometry": {
        "coordinates": [
          -6.566339999999999,
          5.39618
        ],
        "type": "Point"
      },
      "properties": {
        "ADM0_FR": "BAS-SASSANDRA",
        "ADM0_PCODE": "CI01",
        "ADM1_FR": "NAWA",
        "ADM1_PCODE": "CI126",
        "ADM2_FR": "MEAGUI",
        "ADM2_PCODE": "CI2603",
        "ADM3_FR": "MEAGUI",
        "ADM3_PCODE": "CI260301",
        "ADM4_FR": "MÉAGUI",
        "ADM4_PCODE": "C5452",
        "centerLat": 5.40618,
        "centerLng": -6.55634,
        "pop": 57367,
        "TeS_MOOV": 100.0,
        "TedS_MOOV": 0.0,
        "TR3_MOOV": 100,
        "TeRd_MOOV": 0.0,
        "TS_MOOV": 0.0,
        "TeS_MTN": 0.0,
        "TedS_MTN": 99.22,
        "TR3_MTN": 0,
        "TeRd_MTN": 74.59,
        "TS_MTN": 98.04,
        "TeS_ORANGE": 0.38999999999999996,
        "TedS_ORANGE": 100.0,
        "TR3_ORANGE": 0,
        "TeRd_ORANGE": 69.67999999999999,
        "TS_ORANGE": 99.21,
        "rang_TeS_ORANGE": 2,
        "rang_TeS_MTN": 1,
        "rang_TeS_MOOV": 3,
        "rang_TedS_ORANGE": 1,
        "rang_TedS_MTN": 2,
        "rang_TedS_MOOV": 3,
        "rang_TR3_ORANGE": 1,
        "rang_TR3_MTN": 1,
        "rang_TR3_MOOV": 3,
        "rang_TS_ORANGE": 1,
        "rang_TS_MTN": 2,
        "rang_TS_MOOV": 3,
        "rang_TeRd_ORANGE": 2,
        "rang_TeRd_MTN": 1,
        "rang_TeRd_MOOV": 3
      },
      "id": 58
    },
    {
      "type": "Feature",
      "geometry": {
        "coordinates": [
          -7.57213,
          9.49687
        ],
        "type": "Point"
      },
      "properties": {
        "ADM0_FR": "DENGUELE",
        "ADM0_PCODE": "CI03",
        "ADM1_FR": "KABADOUGOU",
        "ADM1_PCODE": "CI121",
        "ADM2_FR": "ODIENNE",
        "ADM2_PCODE": "CI2103",
        "ADM3_FR": "ODIENNE",
        "ADM3_PCODE": "CI210301",
        "ADM4_FR": "ODIENNE",
        "ADM4_PCODE": "C6210",
        "centerLat": 9.50687,
        "centerLng": -7.56213,
        "pop": 42173,
        "TeS_MOOV": 100.0,
        "TedS_MOOV": 0.0,
        "TR3_MOOV": 100,
        "TeRd_MOOV": 0.0,
        "TS_MOOV": 0.0,
        "TeS_MTN": 0.0,
        "TedS_MTN": 99.57000000000001,
        "TR3_MTN": 0,
        "TeRd_MTN": 1.25,
        "TS_MTN": 98.28,
        "TeS_ORANGE": 0.0,
        "TedS_ORANGE": 100.0,
        "TR3_ORANGE": 0,
        "TeRd_ORANGE": 0.0,
        "TS_ORANGE": 97.84,
        "rang_TeS_ORANGE": 1,
        "rang_TeS_MTN": 1,
        "rang_TeS_MOOV": 3,
        "rang_TedS_ORANGE": 1,
        "rang_TedS_MTN": 2,
        "rang_TedS_MOOV": 3,
        "rang_TR3_ORANGE": 1,
        "rang_TR3_MTN": 1,
        "rang_TR3_MOOV": 3,
        "rang_TS_ORANGE": 2,
        "rang_TS_MTN": 1,
        "rang_TS_MOOV": 3,
        "rang_TeRd_ORANGE": 2,
        "rang_TeRd_MTN": 1,
        "rang_TeRd_MOOV": 2
      },
      "id": 59
    },
    {
      "type": "Feature",
      "geometry": {
        "coordinates": [
          -5.16419,
          9.95711
        ],
        "type": "Point"
      },
      "properties": {
        "ADM0_FR": "SAVANES",
        "ADM0_PCODE": "CI11",
        "ADM1_FR": "TCHOLOGO",
        "ADM1_PCODE": "CI131",
        "ADM2_FR": "OUANGOLODOUGOU",
        "ADM2_PCODE": "CI3103",
        "ADM3_FR": "OUANGOLODOUGOU",
        "ADM3_PCODE": "CI310301",
        "ADM4_FR": "OUANGOLODOUGOU",
        "ADM4_PCODE": "C6291",
        "centerLat": 9.96711,
        "centerLng": -5.15419,
        "pop": 37991,
        "TeS_MOOV": 100.0,
        "TedS_MOOV": 0.0,
        "TR3_MOOV": 100,
        "TeRd_MOOV": 0.0,
        "TS_MOOV": 0.0,
        "TeS_MTN": 2.81,
        "TedS_MTN": 96.28,
        "TR3_MTN": 0,
        "TeRd_MTN": 68.28,
        "TS_MTN": 96.69,
        "TeS_ORANGE": 30.61,
        "TedS_ORANGE": 98.82,
        "TR3_ORANGE": 0,
        "TeRd_ORANGE": 58.18,
        "TS_ORANGE": 97.06,
        "rang_TeS_ORANGE": 2,
        "rang_TeS_MTN": 1,
        "rang_TeS_MOOV": 3,
        "rang_TedS_ORANGE": 1,
        "rang_TedS_MTN": 2,
        "rang_TedS_MOOV": 3,
        "rang_TR3_ORANGE": 1,
        "rang_TR3_MTN": 1,
        "rang_TR3_MOOV": 3,
        "rang_TS_ORANGE": 1,
        "rang_TS_MTN": 2,
        "rang_TS_MOOV": 3,
        "rang_TeRd_ORANGE": 2,
        "rang_TeRd_MTN": 1,
        "rang_TeRd_MOOV": 3
      },
      "id": 60
    },
    {
      "type": "Feature",
      "geometry": {
        "coordinates": [
          -6.3332999999999995,
          9.51571
        ],
        "type": "Point"
      },
      "properties": {
        "ADM0_FR": "SAVANES",
        "ADM0_PCODE": "CI11",
        "ADM1_FR": "BAGOUE",
        "ADM1_PCODE": "CI105",
        "ADM2_FR": "BOUNDIALI",
        "ADM2_PCODE": "CI0501",
        "ADM3_FR": "SIEMPURGO",
        "ADM3_PCODE": "CI050105",
        "ADM4_FR": "PONONDOUGOU",
        "ADM4_PCODE": "C6608",
        "centerLat": 9.52571,
        "centerLng": -6.3233,
        "pop": 2085,
        "TeS_MOOV": "null",
        "TedS_MOOV": "null",
        "TR3_MOOV": "null",
        "TeRd_MOOV": "null",
        "TS_MOOV": "null",
        "TeS_MTN": 0.0,
        "TedS_MTN": 99.19,
        "TR3_MTN": 0,
        "TeRd_MTN": 38.71,
        "TS_MTN": 99.19,
        "TeS_ORANGE": 0.0,
        "TedS_ORANGE": 100.0,
        "TR3_ORANGE": 0,
        "TeRd_ORANGE": 78.67,
        "TS_ORANGE": 100.0,
        "rang_TeS_ORANGE": 1,
        "rang_TeS_MTN": 1,
        "rang_TeS_MOOV": "null",
        "rang_TedS_ORANGE": 1,
        "rang_TedS_MTN": 2,
        "rang_TedS_MOOV": "null",
        "rang_TR3_ORANGE": 1,
        "rang_TR3_MTN": 1,
        "rang_TR3_MOOV": "null",
        "rang_TS_ORANGE": 1,
        "rang_TS_MTN": 2,
        "rang_TS_MOOV": "null",
        "rang_TeRd_ORANGE": 1,
        "rang_TeRd_MTN": 2,
        "rang_TeRd_MOOV": "null"
      },
      "id": 61
    },
    {
      "type": "Feature",
      "geometry": {
        "coordinates": [
          -4.8991999999999996,
          7.391570000000001
        ],
        "type": "Point"
      },
      "properties": {
        "ADM0_FR": "LACS",
        "ADM0_PCODE": "CI07",
        "ADM1_FR": "BELIER",
        "ADM1_PCODE": "CI106",
        "ADM2_FR": "DIDIEVI",
        "ADM2_PCODE": "CI0601",
        "ADM3_FR": "RAVIART",
        "ADM3_PCODE": "CI060104",
        "ADM4_FR": "RAVIART",
        "ADM4_PCODE": "C6662",
        "centerLat": 7.40157,
        "centerLng": -4.8892,
        "pop": 6047,
        "TeS_MOOV": "null",
        "TedS_MOOV": "null",
        "TR3_MOOV": "null",
        "TeRd_MOOV": "null",
        "TS_MOOV": "null",
        "TeS_MTN": 0.0,
        "TedS_MTN": 100.0,
        "TR3_MTN": 0,
        "TeRd_MTN": 0.0,
        "TS_MTN": 97.37,
        "TeS_ORANGE": 0.0,
        "TedS_ORANGE": 100.0,
        "TR3_ORANGE": 0,
        "TeRd_ORANGE": 0.0,
        "TS_ORANGE": 97.37,
        "rang_TeS_ORANGE": 1,
        "rang_TeS_MTN": 1,
        "rang_TeS_MOOV": "null",
        "rang_TedS_ORANGE": 1,
        "rang_TedS_MTN": 1,
        "rang_TedS_MOOV": "null",
        "rang_TR3_ORANGE": 1,
        "rang_TR3_MTN": 1,
        "rang_TR3_MOOV": "null",
        "rang_TS_ORANGE": 1,
        "rang_TS_MTN": 1,
        "rang_TS_MOOV": "null",
        "rang_TeRd_ORANGE": 1,
        "rang_TeRd_MTN": 1,
        "rang_TeRd_MOOV": "null"
      },
      "id": 62
    },
    {
      "type": "Feature",
      "geometry": {
        "coordinates": [
          -6.6297299999999995,
          4.72809
        ],
        "type": "Point"
      },
      "properties": {
        "ADM0_FR": "BAS-SASSANDRA",
        "ADM0_PCODE": "CI01",
        "ADM1_FR": "SAN-PEDRO",
        "ADM1_PCODE": "CI129",
        "ADM2_FR": "SAN-PEDRO",
        "ADM2_PCODE": "CI2901",
        "ADM3_FR": "SAN-PEDRO",
        "ADM3_PCODE": "CI290101",
        "ADM4_FR": "SAN-PEDRO",
        "ADM4_PCODE": "C6807",
        "centerLat": 4.73809,
        "centerLng": -6.61973,
        "pop": 164944,
        "TeS_MOOV": 100.0,
        "TedS_MOOV": 0.0,
        "TR3_MOOV": 100,
        "TeRd_MOOV": 0.0,
        "TS_MOOV": 0.0,
        "TeS_MTN": 0.0,
        "TedS_MTN": 97.91,
        "TR3_MTN": 0,
        "TeRd_MTN": 90.03,
        "TS_MTN": 91.42,
        "TeS_ORANGE": 0.45999999999999996,
        "TedS_ORANGE": 99.07000000000001,
        "TR3_ORANGE": 0,
        "TeRd_ORANGE": 88.34,
        "TS_ORANGE": 96.27,
        "rang_TeS_ORANGE": 2,
        "rang_TeS_MTN": 1,
        "rang_TeS_MOOV": 3,
        "rang_TedS_ORANGE": 1,
        "rang_TedS_MTN": 2,
        "rang_TedS_MOOV": 3,
        "rang_TR3_ORANGE": 1,
        "rang_TR3_MTN": 1,
        "rang_TR3_MOOV": 3,
        "rang_TS_ORANGE": 1,
        "rang_TS_MTN": 2,
        "rang_TS_MOOV": 3,
        "rang_TeRd_ORANGE": 2,
        "rang_TeRd_MTN": 1,
        "rang_TeRd_MOOV": 3
      },
      "id": 63
    },
    {
      "type": "Feature",
      "geometry": {
        "coordinates": [
          -6.683129999999999,
          7.95253
        ],
        "type": "Point"
      },
      "properties": {
        "ADM0_FR": "WOROBA",
        "ADM0_PCODE": "CI13",
        "ADM1_FR": "WORODOUGOU",
        "ADM1_PCODE": "CI133",
        "ADM2_FR": "SEGUELA",
        "ADM2_PCODE": "CI3302",
        "ADM3_FR": "SEGUELA",
        "ADM3_PCODE": "CI330201",
        "ADM4_FR": "SÉGUÉLA",
        "ADM4_PCODE": "C6882",
        "centerLat": 7.96253,
        "centerLng": -6.67313,
        "pop": 46189,
        "TeS_MOOV": 100.0,
        "TedS_MOOV": 0.0,
        "TR3_MOOV": 100,
        "TeRd_MOOV": 0.0,
        "TS_MOOV": 0.0,
        "TeS_MTN": 0.0,
        "TedS_MTN": 98.83999999999999,
        "TR3_MTN": 0,
        "TeRd_MTN": 60.47,
        "TS_MTN": 97.28999999999999,
        "TeS_ORANGE": 0.0,
        "TedS_ORANGE": 99.62,
        "TR3_ORANGE": 0,
        "TeRd_ORANGE": 84.21,
        "TS_ORANGE": 54.230000000000004,
        "rang_TeS_ORANGE": 1,
        "rang_TeS_MTN": 1,
        "rang_TeS_MOOV": 3,
        "rang_TedS_ORANGE": 1,
        "rang_TedS_MTN": 2,
        "rang_TedS_MOOV": 3,
        "rang_TR3_ORANGE": 1,
        "rang_TR3_MTN": 1,
        "rang_TR3_MOOV": 3,
        "rang_TS_ORANGE": 2,
        "rang_TS_MTN": 1,
        "rang_TS_MOOV": 3,
        "rang_TeRd_ORANGE": 1,
        "rang_TeRd_MTN": 2,
        "rang_TeRd_MOOV": 3
      },
      "id": 64
    },
    {
      "type": "Feature",
      "geometry": {
        "coordinates": [
          -4.72605,
          9.43204
        ],
        "type": "Point"
      },
      "properties": {
        "ADM0_FR": "SAVANES",
        "ADM0_PCODE": "CI11",
        "ADM1_FR": "TCHOLOGO",
        "ADM1_PCODE": "CI131",
        "ADM2_FR": "KONG",
        "ADM2_PCODE": "CI3102",
        "ADM3_FR": "SIKOLO",
        "ADM3_PCODE": "CI310204",
        "ADM4_FR": "SIKOLO",
        "ADM4_PCODE": "C7023",
        "centerLat": 9.44204,
        "centerLng": -4.71605,
        "pop": 3384,
        "TeS_MOOV": "null",
        "TedS_MOOV": "null",
        "TR3_MOOV": "null",
        "TeRd_MOOV": "null",
        "TS_MOOV": "null",
        "TeS_MTN": 12.280000000000001,
        "TedS_MTN": 100.0,
        "TR3_MTN": 0,
        "TeRd_MTN": 0.0,
        "TS_MTN": 90.0,
        "TeS_ORANGE": 0.0,
        "TedS_ORANGE": 100.0,
        "TR3_ORANGE": 0,
        "TeRd_ORANGE": 0.0,
        "TS_ORANGE": 92.4,
        "rang_TeS_ORANGE": 1,
        "rang_TeS_MTN": 2,
        "rang_TeS_MOOV": "null",
        "rang_TedS_ORANGE": 1,
        "rang_TedS_MTN": 1,
        "rang_TedS_MOOV": "null",
        "rang_TR3_ORANGE": 1,
        "rang_TR3_MTN": 1,
        "rang_TR3_MOOV": "null",
        "rang_TS_ORANGE": 1,
        "rang_TS_MTN": 2,
        "rang_TS_MOOV": "null",
        "rang_TeRd_ORANGE": 1,
        "rang_TeRd_MTN": 1,
        "rang_TeRd_MOOV": "null"
      },
      "id": 65
    },
    {
      "type": "Feature",
      "geometry": {
        "coordinates": [
          -5.92517,
          6.61035
        ],
        "type": "Point"
      },
      "properties": {
        "ADM0_FR": "SASSANDRA-MARAHOUE",
        "ADM0_PCODE": "CI10",
        "ADM1_FR": "MARAHOUE",
        "ADM1_PCODE": "CI123",
        "ADM2_FR": "SINFRA",
        "ADM2_PCODE": "CI2302",
        "ADM3_FR": "SINFRA",
        "ADM3_PCODE": "CI230201",
        "ADM4_FR": "SINFRA",
        "ADM4_PCODE": "C7045",
        "centerLat": 6.62035,
        "centerLng": -5.91517,
        "pop": 80658,
        "TeS_MOOV": 0.0,
        "TedS_MOOV": 99.51,
        "TR3_MOOV": 0,
        "TeRd_MOOV": 0.0,
        "TS_MOOV": 82.35,
        "TeS_MTN": 0.0,
        "TedS_MTN": 98.53,
        "TR3_MTN": 0,
        "TeRd_MTN": 0.0,
        "TS_MTN": 83.33,
        "TeS_ORANGE": 0.0,
        "TedS_ORANGE": 99.02,
        "TR3_ORANGE": 0,
        "TeRd_ORANGE": 0.0,
        "TS_ORANGE": 82.84,
        "rang_TeS_ORANGE": 1,
        "rang_TeS_MTN": 1,
        "rang_TeS_MOOV": 1,
        "rang_TedS_ORANGE": 2,
        "rang_TedS_MTN": 3,
        "rang_TedS_MOOV": 1,
        "rang_TR3_ORANGE": 1,
        "rang_TR3_MTN": 1,
        "rang_TR3_MOOV": 1,
        "rang_TS_ORANGE": 2,
        "rang_TS_MTN": 1,
        "rang_TS_MOOV": 3,
        "rang_TeRd_ORANGE": 1,
        "rang_TeRd_MTN": 1,
        "rang_TeRd_MOOV": 1
      },
      "id": 66
    },
    {
      "type": "Feature",
      "geometry": {
        "coordinates": [
          -6.6,
          5.7700000000000005
        ],
        "type": "Point"
      },
      "properties": {
        "ADM0_FR": "COMOE",
        "ADM0_PCODE": "CI02",
        "ADM1_FR": "SUD-COMOE",
        "ADM1_PCODE": "CI130",
        "ADM2_FR": "ABOISSO",
        "ADM2_PCODE": "CI3001",
        "ADM3_FR": "BIANOUAN",
        "ADM3_PCODE": "CI300105",
        "ADM4_FR": "SOUBRÉ",
        "ADM4_PCODE": "C7241",
        "centerLat": 5.78,
        "centerLng": -6.59,
        "pop": 1421,
        "TeS_MOOV": 0.0,
        "TedS_MOOV": 99.18,
        "TR3_MOOV": 0,
        "TeRd_MOOV": 95.0,
        "TS_MOOV": 91.39,
        "TeS_MTN": 0.0,
        "TedS_MTN": 98.77,
        "TR3_MTN": 0,
        "TeRd_MTN": 93.63,
        "TS_MTN": 94.67,
        "TeS_ORANGE": 0.0,
        "TedS_ORANGE": 100.0,
        "TR3_ORANGE": 0,
        "TeRd_ORANGE": 90.82000000000001,
        "TS_ORANGE": 95.49,
        "rang_TeS_ORANGE": 1,
        "rang_TeS_MTN": 1,
        "rang_TeS_MOOV": 1,
        "rang_TedS_ORANGE": 1,
        "rang_TedS_MTN": 3,
        "rang_TedS_MOOV": 2,
        "rang_TR3_ORANGE": 1,
        "rang_TR3_MTN": 1,
        "rang_TR3_MOOV": 1,
        "rang_TS_ORANGE": 1,
        "rang_TS_MTN": 2,
        "rang_TS_MOOV": 3,
        "rang_TeRd_ORANGE": 3,
        "rang_TeRd_MTN": 2,
        "rang_TeRd_MOOV": 1
      },
      "id": 67
    },
    {
      "type": "Feature",
      "geometry": {
        "coordinates": [
          -5.17212,
          9.060220000000001
        ],
        "type": "Point"
      },
      "properties": {
        "ADM0_FR": "VALLEE DU BANDAMA",
        "ADM0_PCODE": "CI12",
        "ADM1_FR": "HAMBOL",
        "ADM1_PCODE": "CI117",
        "ADM2_FR": "NIAKARAMADOUGOU",
        "ADM2_PCODE": "CI1703",
        "ADM3_FR": "TAFIRE",
        "ADM3_PCODE": "CI170305",
        "ADM4_FR": "TAFIRE",
        "ADM4_PCODE": "C7314",
        "centerLat": 9.07022,
        "centerLng": -5.16212,
        "pop": 17191,
        "TeS_MOOV": 0.0,
        "TedS_MOOV": 100.0,
        "TR3_MOOV": 0,
        "TeRd_MOOV": 0.0,
        "TS_MOOV": 94.27,
        "TeS_MTN": 32.11,
        "TedS_MTN": 100.0,
        "TR3_MTN": 0,
        "TeRd_MTN": 0.0,
        "TS_MTN": 95.35,
        "TeS_ORANGE": 0.52,
        "TedS_ORANGE": 100.0,
        "TR3_ORANGE": 0,
        "TeRd_ORANGE": 0.0,
        "TS_ORANGE": 94.78999999999999,
        "rang_TeS_ORANGE": 2,
        "rang_TeS_MTN": 3,
        "rang_TeS_MOOV": 1,
        "rang_TedS_ORANGE": 1,
        "rang_TedS_MTN": 1,
        "rang_TedS_MOOV": 1,
        "rang_TR3_ORANGE": 1,
        "rang_TR3_MTN": 1,
        "rang_TR3_MOOV": 1,
        "rang_TS_ORANGE": 2,
        "rang_TS_MTN": 1,
        "rang_TS_MOOV": 3,
        "rang_TeRd_ORANGE": 1,
        "rang_TeRd_MTN": 1,
        "rang_TeRd_MOOV": 1
      },
      "id": 68
    },
    {
      "type": "Feature",
      "geometry": {
        "coordinates": [
          -3.1778899999999997,
          7.79253
        ],
        "type": "Point"
      },
      "properties": {
        "ADM0_FR": "ZANZAN",
        "ADM0_PCODE": "CI14",
        "ADM1_FR": "GONTOUGO",
        "ADM1_PCODE": "CI114",
        "ADM2_FR": "TANDA",
        "ADM2_PCODE": "CI1404",
        "ADM3_FR": "TANDA",
        "ADM3_PCODE": "CI140401",
        "ADM4_FR": "TANDA",
        "ADM4_PCODE": "C7386",
        "centerLat": 7.80253,
        "centerLng": -3.16789,
        "pop": 27659,
        "TeS_MOOV": 0.0,
        "TedS_MOOV": 100.0,
        "TR3_MOOV": 0,
        "TeRd_MOOV": 0.0,
        "TS_MOOV": 94.04,
        "TeS_MTN": 0.0,
        "TedS_MTN": 99.57000000000001,
        "TR3_MTN": 0,
        "TeRd_MTN": 5.88,
        "TS_MTN": 92.77,
        "TeS_ORANGE": 0.0,
        "TedS_ORANGE": 100.0,
        "TR3_ORANGE": 0,
        "TeRd_ORANGE": 0.0,
        "TS_ORANGE": 93.19,
        "rang_TeS_ORANGE": 1,
        "rang_TeS_MTN": 1,
        "rang_TeS_MOOV": 1,
        "rang_TedS_ORANGE": 1,
        "rang_TedS_MTN": 3,
        "rang_TedS_MOOV": 1,
        "rang_TR3_ORANGE": 1,
        "rang_TR3_MTN": 1,
        "rang_TR3_MOOV": 1,
        "rang_TS_ORANGE": 2,
        "rang_TS_MTN": 3,
        "rang_TS_MOOV": 1,
        "rang_TeRd_ORANGE": 2,
        "rang_TeRd_MTN": 1,
        "rang_TeRd_MOOV": 2
      },
      "id": 69
    },
    {
      "type": "Feature",
      "geometry": {
        "coordinates": [
          -6.42061,
          10.479000000000001
        ],
        "type": "Point"
      },
      "properties": {
        "ADM0_FR": "SAVANES",
        "ADM0_PCODE": "CI11",
        "ADM1_FR": "BAGOUE",
        "ADM1_PCODE": "CI105",
        "ADM2_FR": "TENGRELA",
        "ADM2_PCODE": "CI0503",
        "ADM3_FR": "TENGRELA",
        "ADM3_PCODE": "CI050301",
        "ADM4_FR": "TENGRELA",
        "ADM4_PCODE": "C7513",
        "centerLat": 10.489,
        "centerLng": -6.41061,
        "pop": 40323,
        "TeS_MOOV": 0.0,
        "TedS_MOOV": 100.0,
        "TR3_MOOV": 0,
        "TeRd_MOOV": 0.0,
        "TS_MOOV": 99.6,
        "TeS_MTN": 2.02,
        "TedS_MTN": 98.35000000000001,
        "TR3_MTN": 0,
        "TeRd_MTN": 0.0,
        "TS_MTN": 100.0,
        "TeS_ORANGE": 0.0,
        "TedS_ORANGE": 100.0,
        "TR3_ORANGE": 0,
        "TeRd_ORANGE": 25.0,
        "TS_ORANGE": 99.6,
        "rang_TeS_ORANGE": 1,
        "rang_TeS_MTN": 3,
        "rang_TeS_MOOV": 1,
        "rang_TedS_ORANGE": 1,
        "rang_TedS_MTN": 3,
        "rang_TedS_MOOV": 1,
        "rang_TR3_ORANGE": 1,
        "rang_TR3_MTN": 1,
        "rang_TR3_MOOV": 1,
        "rang_TS_ORANGE": 2,
        "rang_TS_MTN": 1,
        "rang_TS_MOOV": 2,
        "rang_TeRd_ORANGE": 1,
        "rang_TeRd_MTN": 2,
        "rang_TeRd_MOOV": 2
      },
      "id": 70
    },
    {
      "type": "Feature",
      "geometry": {
        "coordinates": [
          -4.67225,
          7.70436
        ],
        "type": "Point"
      },
      "properties": {
        "ADM0_FR": "LACS",
        "ADM0_PCODE": "CI07",
        "ADM1_FR": "BELIER",
        "ADM1_PCODE": "CI106",
        "ADM2_FR": "TIEBISSOU",
        "ADM2_PCODE": "CI0603",
        "ADM3_FR": "TIEBISSOU",
        "ADM3_PCODE": "CI060301",
        "ADM4_FR": "TIÉBISSOU",
        "ADM4_PCODE": "C7574",
        "centerLat": 7.71436,
        "centerLng": -4.66225,
        "pop": 18832,
        "TeS_MOOV": 0.0,
        "TedS_MOOV": 100.0,
        "TR3_MOOV": 0,
        "TeRd_MOOV": 0.0,
        "TS_MOOV": 88.41,
        "TeS_MTN": 3.38,
        "TedS_MTN": 100.0,
        "TR3_MTN": 0,
        "TeRd_MTN": 7.140000000000001,
        "TS_MTN": 89.0,
        "TeS_ORANGE": 0.0,
        "TedS_ORANGE": 99.52,
        "TR3_ORANGE": 0,
        "TeRd_ORANGE": 5.26,
        "TS_ORANGE": 89.86,
        "rang_TeS_ORANGE": 1,
        "rang_TeS_MTN": 3,
        "rang_TeS_MOOV": 1,
        "rang_TedS_ORANGE": 3,
        "rang_TedS_MTN": 1,
        "rang_TedS_MOOV": 1,
        "rang_TR3_ORANGE": 1,
        "rang_TR3_MTN": 1,
        "rang_TR3_MOOV": 1,
        "rang_TS_ORANGE": 1,
        "rang_TS_MTN": 2,
        "rang_TS_MOOV": 3,
        "rang_TeRd_ORANGE": 2,
        "rang_TeRd_MTN": 1,
        "rang_TeRd_MOOV": 3
      },
      "id": 71
    },
    {
      "type": "Feature",
      "geometry": {
        "coordinates": [
          -7.32834,
          9.53501
        ],
        "type": "Point"
      },
      "properties": {
        "ADM0_FR": "DENGUELE",
        "ADM0_PCODE": "CI03",
        "ADM1_FR": "KABADOUGOU",
        "ADM1_PCODE": "CI121",
        "ADM2_FR": "ODIENNE",
        "ADM2_PCODE": "CI2103",
        "ADM3_FR": "TIEME",
        "ADM3_PCODE": "CI210305",
        "ADM4_FR": "TIEME",
        "ADM4_PCODE": "C7613",
        "centerLat": 9.54501,
        "centerLng": -7.31834,
        "pop": 6267,
        "TeS_MOOV": 1.1199999999999999,
        "TedS_MOOV": 97.74000000000001,
        "TR3_MOOV": 0,
        "TeRd_MOOV": 0.0,
        "TS_MOOV": 98.31,
        "TeS_MTN": 0.0,
        "TedS_MTN": 100.0,
        "TR3_MTN": 0,
        "TeRd_MTN": 0.0,
        "TS_MTN": 98.88,
        "TeS_ORANGE": 0.0,
        "TedS_ORANGE": 88.83,
        "TR3_ORANGE": 0,
        "TeRd_ORANGE": 0.0,
        "TS_ORANGE": 98.88,
        "rang_TeS_ORANGE": 1,
        "rang_TeS_MTN": 1,
        "rang_TeS_MOOV": 3,
        "rang_TedS_ORANGE": 3,
        "rang_TedS_MTN": 1,
        "rang_TedS_MOOV": 2,
        "rang_TR3_ORANGE": 1,
        "rang_TR3_MTN": 1,
        "rang_TR3_MOOV": 1,
        "rang_TS_ORANGE": 1,
        "rang_TS_MTN": 1,
        "rang_TS_MOOV": 3,
        "rang_TeRd_ORANGE": 1,
        "rang_TeRd_MTN": 1,
        "rang_TeRd_MOOV": 1
      },
      "id": 72
    },
    {
      "type": "Feature",
      "geometry": {
        "coordinates": [
          -5.68854,
          8.7552
        ],
        "type": "Point"
      },
      "properties": {
        "ADM0_FR": "VALLEE DU BANDAMA",
        "ADM0_PCODE": "CI12",
        "ADM1_FR": "HAMBOL",
        "ADM1_PCODE": "CI117",
        "ADM2_FR": "NIAKARAMADOUGOU",
        "ADM2_PCODE": "CI1703",
        "ADM3_FR": "TORTIYA",
        "ADM3_PCODE": "CI170306",
        "ADM4_FR": "TORTIYA",
        "ADM4_PCODE": "C7808",
        "centerLat": 8.7652,
        "centerLng": -5.67854,
        "pop": 15998,
        "TeS_MOOV": 1.05,
        "TedS_MOOV": 35.64,
        "TR3_MOOV": 0,
        "TeRd_MOOV": 0.0,
        "TS_MOOV": 98.94,
        "TeS_MTN": 1.58,
        "TedS_MTN": 94.12,
        "TR3_MTN": 0,
        "TeRd_MTN": 0.0,
        "TS_MTN": 99.47,
        "TeS_ORANGE": 40.0,
        "TedS_ORANGE": 100.0,
        "TR3_ORANGE": 0,
        "TeRd_ORANGE": 0.0,
        "TS_ORANGE": 30.7,
        "rang_TeS_ORANGE": 3,
        "rang_TeS_MTN": 2,
        "rang_TeS_MOOV": 1,
        "rang_TedS_ORANGE": 1,
        "rang_TedS_MTN": 2,
        "rang_TedS_MOOV": 3,
        "rang_TR3_ORANGE": 1,
        "rang_TR3_MTN": 1,
        "rang_TR3_MOOV": 1,
        "rang_TS_ORANGE": 3,
        "rang_TS_MTN": 1,
        "rang_TS_MOOV": 2,
        "rang_TeRd_ORANGE": 1,
        "rang_TeRd_MTN": 1,
        "rang_TeRd_MOOV": 1
      },
      "id": 73
    },
    {
      "type": "Feature",
      "geometry": {
        "coordinates": [
          -7.69063,
          8.27504
        ],
        "type": "Point"
      },
      "properties": {
        "ADM0_FR": "WOROBA",
        "ADM0_PCODE": "CI13",
        "ADM1_FR": "BAFING",
        "ADM1_PCODE": "CI104",
        "ADM2_FR": "TOUBA",
        "ADM2_PCODE": "CI0403",
        "ADM3_FR": "TOUBA",
        "ADM3_PCODE": "CI040301",
        "ADM4_FR": "TOUBA",
        "ADM4_PCODE": "C7832",
        "centerLat": 8.28504,
        "centerLng": -7.68063,
        "pop": 22361,
        "TeS_MOOV": 0.0,
        "TedS_MOOV": 100.0,
        "TR3_MOOV": 0,
        "TeRd_MOOV": 0.0,
        "TS_MOOV": 98.1,
        "TeS_MTN": 0.0,
        "TedS_MTN": 100.0,
        "TR3_MTN": 0,
        "TeRd_MTN": 0.0,
        "TS_MTN": 98.1,
        "TeS_ORANGE": 0.0,
        "TedS_ORANGE": 100.0,
        "TR3_ORANGE": 0,
        "TeRd_ORANGE": 0.0,
        "TS_ORANGE": 98.57000000000001,
        "rang_TeS_ORANGE": 1,
        "rang_TeS_MTN": 1,
        "rang_TeS_MOOV": 1,
        "rang_TedS_ORANGE": 1,
        "rang_TedS_MTN": 1,
        "rang_TedS_MOOV": 1,
        "rang_TR3_ORANGE": 1,
        "rang_TR3_MTN": 1,
        "rang_TR3_MOOV": 1,
        "rang_TS_ORANGE": 1,
        "rang_TS_MTN": 2,
        "rang_TS_MOOV": 2,
        "rang_TeRd_ORANGE": 1,
        "rang_TeRd_MTN": 1,
        "rang_TeRd_MOOV": 1
      },
      "id": 74
    },
    {
      "type": "Feature",
      "geometry": {
        "coordinates": [
          -6.49051,
          7.3674800000000005
        ],
        "type": "Point"
      },
      "properties": {
        "ADM0_FR": "SASSANDRA-MARAHOUE",
        "ADM0_PCODE": "CI10",
        "ADM1_FR": "HAUT-SASSANDRA",
        "ADM1_PCODE": "CI118",
        "ADM2_FR": "VAVOUA",
        "ADM2_PCODE": "CI1803",
        "ADM3_FR": "VAVOUA",
        "ADM3_PCODE": "CI180301",
        "ADM4_FR": "VAVOUA",
        "ADM4_PCODE": "C7965",
        "centerLat": 7.37748,
        "centerLng": -6.48051,
        "pop": 67096,
        "TeS_MOOV": 0.0,
        "TedS_MOOV": 98.44000000000001,
        "TR3_MOOV": 0,
        "TeRd_MOOV": 93.43,
        "TS_MOOV": 99.48,
        "TeS_MTN": 1.6199999999999999,
        "TedS_MTN": 96.71,
        "TR3_MTN": 0,
        "TeRd_MTN": 95.21,
        "TS_MTN": 89.71000000000001,
        "TeS_ORANGE": 0.0,
        "TedS_ORANGE": 99.19,
        "TR3_ORANGE": 0,
        "TeRd_ORANGE": 89.78,
        "TS_ORANGE": 89.47,
        "rang_TeS_ORANGE": 1,
        "rang_TeS_MTN": 3,
        "rang_TeS_MOOV": 1,
        "rang_TedS_ORANGE": 1,
        "rang_TedS_MTN": 3,
        "rang_TedS_MOOV": 2,
        "rang_TR3_ORANGE": 1,
        "rang_TR3_MTN": 1,
        "rang_TR3_MOOV": 1,
        "rang_TS_ORANGE": 3,
        "rang_TS_MTN": 2,
        "rang_TS_MOOV": 1,
        "rang_TeRd_ORANGE": 3,
        "rang_TeRd_MTN": 1,
        "rang_TeRd_MOOV": 2
      },
      "id": 75
    },
    {
      "type": "Feature",
      "geometry": {
        "coordinates": [
          -5.28786,
          6.808190000000001
        ],
        "type": "Point"
      },
      "properties": {
        "ADM0_FR": "DISTRICT AUTONOME DE YAMOUSSOUKRO",
        "ADM0_PCODE": "CI05",
        "ADM1_FR": "DISTRICT AUTONOME DE YAMOUSSOUKRO",
        "ADM1_PCODE": "CI102",
        "ADM2_FR": "YAMOUSSOUKRO",
        "ADM2_PCODE": "CI0202",
        "ADM3_FR": "YAMOUSSOUKRO",
        "ADM3_PCODE": "CI020201",
        "ADM4_FR": "YAMOUSSOUKRO",
        "ADM4_PCODE": "C8092",
        "centerLat": 6.81819,
        "centerLng": -5.27786,
        "pop": 212670,
        "TeS_MOOV": 2.8400000000000003,
        "TedS_MOOV": 98.83,
        "TR3_MOOV": 0,
        "TeRd_MOOV": 0.0,
        "TS_MOOV": 89.18,
        "TeS_MTN": 3.1300000000000003,
        "TedS_MTN": 93.55,
        "TR3_MTN": 0,
        "TeRd_MTN": 0.0,
        "TS_MTN": 88.86,
        "TeS_ORANGE": 2.8400000000000003,
        "TedS_ORANGE": 100.0,
        "TR3_ORANGE": 0,
        "TeRd_ORANGE": 0.0,
        "TS_ORANGE": 88.6,
        "rang_TeS_ORANGE": 1,
        "rang_TeS_MTN": 3,
        "rang_TeS_MOOV": 1,
        "rang_TedS_ORANGE": 1,
        "rang_TedS_MTN": 3,
        "rang_TedS_MOOV": 2,
        "rang_TR3_ORANGE": 1,
        "rang_TR3_MTN": 1,
        "rang_TR3_MOOV": 1,
        "rang_TS_ORANGE": 3,
        "rang_TS_MTN": 2,
        "rang_TS_MOOV": 1,
        "rang_TeRd_ORANGE": 1,
        "rang_TeRd_MTN": 1,
        "rang_TeRd_MOOV": 1
      },
      "id": 76
    },
    {
      "type": "Feature",
      "geometry": {
        "coordinates": [
          -7.49543,
          6.20155
        ],
        "type": "Point"
      },
      "properties": {
        "ADM0_FR": "MONTAGNES",
        "ADM0_PCODE": "CI09",
        "ADM1_FR": "CAVALLY",
        "ADM1_PCODE": "CI109",
        "ADM2_FR": "TAÏ",
        "ADM2_PCODE": "CI0903",
        "ADM3_FR": "ZAGNE",
        "ADM3_PCODE": "CI090302",
        "ADM4_FR": "ZAGNE",
        "ADM4_PCODE": "C8263",
        "centerLat": 6.21155,
        "centerLng": -7.48543,
        "pop": 48863,
        "TeS_MOOV": 0.0,
        "TedS_MOOV": 100.0,
        "TR3_MOOV": 0,
        "TeRd_MOOV": 10.0,
        "TS_MOOV": 97.5,
        "TeS_MTN": 0.0,
        "TedS_MTN": 100.0,
        "TR3_MTN": 0,
        "TeRd_MTN": 0.0,
        "TS_MTN": 98.74000000000001,
        "TeS_ORANGE": 0.0,
        "TedS_ORANGE": 100.0,
        "TR3_ORANGE": 0,
        "TeRd_ORANGE": 0.0,
        "TS_ORANGE": 98.13,
        "rang_TeS_ORANGE": 1,
        "rang_TeS_MTN": 1,
        "rang_TeS_MOOV": 1,
        "rang_TedS_ORANGE": 1,
        "rang_TedS_MTN": 1,
        "rang_TedS_MOOV": 1,
        "rang_TR3_ORANGE": 1,
        "rang_TR3_MTN": 1,
        "rang_TR3_MOOV": 1,
        "rang_TS_ORANGE": 2,
        "rang_TS_MTN": 1,
        "rang_TS_MOOV": 3,
        "rang_TeRd_ORANGE": 2,
        "rang_TeRd_MTN": 2,
        "rang_TeRd_MOOV": 1
      },
      "id": 77
    }
  ]
}