{
  "type": "FeatureCollection",
  "features": [
    {
      "type": "Feature",
      "geometry": {
        "coordinates": [
          -4.02585,
          5.42515
        ],
        "type": "Point"
      },
      "properties": {
        "ADM0_FR": "DISTRICT AUTONOME D'ABIDJAN",
        "ADM0_PCODE": "CI04",
        "ADM1_FR": "DISTRICT AUTONOME D'ABIDJAN",
        "ADM1_PCODE": "CI101",
        "ADM2_FR": "ABIDJAN",
        "ADM2_PCODE": "CI0101",
        "ADM3_FR": "ABIDJAN",
        "ADM3_PCODE": "CI010101",
        "ADM4_FR": "ABOBO",
        "ADM4_PCODE": "C0029",
        "centerLat": 5.43515,
        "centerLng": -4.01585,
        "pop": 1030658,
        "TeS_MOOV": 0.0,
        "TedS_MOOV": 97.0,
        "TR3_MOOV": 0,
        "TeRd_MOOV": 100.0,
        "TS_MOOV": 100,
        "TeS_MTN": 0.0,
        "TedS_MTN": 98.33,
        "TR3_MTN": 0,
        "TeRd_MTN": 99.67,
        "TS_MTN": 100,
        "TeS_ORANGE": 0.0,
        "TedS_ORANGE": 98.0,
        "TR3_ORANGE": 0,
        "TeRd_ORANGE": 100.0,
        "TS_ORANGE": 100,
        "rang_TeS_ORANGE": 1,
        "rang_TeS_MTN": 1,
        "rang_TeS_MOOV": 1,
        "rang_TedS_ORANGE": 2,
        "rang_TedS_MTN": 1,
        "rang_TedS_MOOV": 3,
        "rang_TR3_ORANGE": 1,
        "rang_TR3_MTN": 1,
        "rang_TR3_MOOV": 1,
        "rang_TS_ORANGE": 1,
        "rang_TS_MTN": 1,
        "rang_TS_MOOV": 1,
        "rang_TeRd_ORANGE": 1,
        "rang_TeRd_MTN": 3,
        "rang_TeRd_MOOV": 1
      },
      "id": 1
    },
    {
      "type": "Feature",
      "geometry": {
        "coordinates": [
          -4.0298799999999995,
          5.361870000000001
        ],
        "type": "Point"
      },
      "properties": {
        "ADM0_FR": "DISTRICT AUTONOME D'ABIDJAN",
        "ADM0_PCODE": "CI04",
        "ADM1_FR": "DISTRICT AUTONOME D'ABIDJAN",
        "ADM1_PCODE": "CI101",
        "ADM2_FR": "ABIDJAN",
        "ADM2_PCODE": "CI0101",
        "ADM3_FR": "ABIDJAN",
        "ADM3_PCODE": "CI010101",
        "ADM4_FR": "ADJAME",
        "ADM4_PCODE": "C0133",
        "centerLat": 5.37187,
        "centerLng": -4.01988,
        "pop": 372978,
        "TeS_MOOV": 0.0,
        "TedS_MOOV": 94.5,
        "TR3_MOOV": 0,
        "TeRd_MOOV": 100.0,
        "TS_MOOV": 100,
        "TeS_MTN": 0.0,
        "TedS_MTN": 99.53999999999999,
        "TR3_MTN": 0,
        "TeRd_MTN": 100.0,
        "TS_MTN": 100,
        "TeS_ORANGE": 0.0,
        "TedS_ORANGE": 98.61999999999999,
        "TR3_ORANGE": 0,
        "TeRd_ORANGE": 100.0,
        "TS_ORANGE": 100,
        "rang_TeS_ORANGE": 1,
        "rang_TeS_MTN": 1,
        "rang_TeS_MOOV": 1,
        "rang_TedS_ORANGE": 2,
        "rang_TedS_MTN": 1,
        "rang_TedS_MOOV": 3,
        "rang_TR3_ORANGE": 1,
        "rang_TR3_MTN": 1,
        "rang_TR3_MOOV": 1,
        "rang_TS_ORANGE": 1,
        "rang_TS_MTN": 1,
        "rang_TS_MOOV": 1,
        "rang_TeRd_ORANGE": 1,
        "rang_TeRd_MTN": 1,
        "rang_TeRd_MOOV": 1
      },
      "id": 2
    },
    {
      "type": "Feature",
      "geometry": {
        "coordinates": [
          -4.06488,
          5.48466
        ],
        "type": "Point"
      },
      "properties": {
        "ADM0_FR": "DISTRICT AUTONOME D'ABIDJAN",
        "ADM0_PCODE": "CI04",
        "ADM1_FR": "DISTRICT AUTONOME D'ABIDJAN",
        "ADM1_PCODE": "CI101",
        "ADM2_FR": "ABIDJAN",
        "ADM2_PCODE": "CI0101",
        "ADM3_FR": "ANYAMA",
        "ADM3_PCODE": "CI010102",
        "ADM4_FR": "ANYAMA",
        "ADM4_PCODE": "C0570",
        "centerLat": 5.49466,
        "centerLng": -4.05488,
        "pop": 103297,
        "TeS_MOOV": 0.0,
        "TedS_MOOV": 95.0,
        "TR3_MOOV": 0,
        "TeRd_MOOV": 99.17,
        "TS_MOOV": 100,
        "TeS_MTN": 0.0,
        "TedS_MTN": 99.53999999999999,
        "TR3_MTN": 0,
        "TeRd_MTN": 99.53999999999999,
        "TS_MTN": 100,
        "TeS_ORANGE": 0.0,
        "TedS_ORANGE": 97.08,
        "TR3_ORANGE": 0,
        "TeRd_ORANGE": 100.0,
        "TS_ORANGE": 100,
        "rang_TeS_ORANGE": 1,
        "rang_TeS_MTN": 1,
        "rang_TeS_MOOV": 1,
        "rang_TedS_ORANGE": 2,
        "rang_TedS_MTN": 1,
        "rang_TedS_MOOV": 3,
        "rang_TR3_ORANGE": 1,
        "rang_TR3_MTN": 1,
        "rang_TR3_MOOV": 1,
        "rang_TS_ORANGE": 1,
        "rang_TS_MTN": 1,
        "rang_TS_MOOV": 1,
        "rang_TeRd_ORANGE": 1,
        "rang_TeRd_MTN": 2,
        "rang_TeRd_MOOV": 3
      },
      "id": 3
    },
    {
      "type": "Feature",
      "geometry": {
        "coordinates": [
          -4.06198,
          5.37219
        ],
        "type": "Point"
      },
      "properties": {
        "ADM0_FR": "DISTRICT AUTONOME D'ABIDJAN",
        "ADM0_PCODE": "CI04",
        "ADM1_FR": "DISTRICT AUTONOME D'ABIDJAN",
        "ADM1_PCODE": "CI101",
        "ADM2_FR": "ABIDJAN",
        "ADM2_PCODE": "CI0101",
        "ADM3_FR": "ABIDJAN",
        "ADM3_PCODE": "CI010101",
        "ADM4_FR": "ATTECOUBE",
        "ADM4_PCODE": "C0734",
        "centerLat": 5.38219,
        "centerLng": -4.05198,
        "pop": 260911,
        "TeS_MOOV": 0.0,
        "TedS_MOOV": 94.0,
        "TR3_MOOV": 0,
        "TeRd_MOOV": 100.0,
        "TS_MOOV": 100,
        "TeS_MTN": 0.0,
        "TedS_MTN": 96.98,
        "TR3_MTN": 0,
        "TeRd_MTN": 98.99,
        "TS_MTN": 100,
        "TeS_ORANGE": 0.0,
        "TedS_ORANGE": 97.50999999999999,
        "TR3_ORANGE": 0,
        "TeRd_ORANGE": 100.0,
        "TS_ORANGE": 100,
        "rang_TeS_ORANGE": 1,
        "rang_TeS_MTN": 1,
        "rang_TeS_MOOV": 1,
        "rang_TedS_ORANGE": 1,
        "rang_TedS_MTN": 2,
        "rang_TedS_MOOV": 3,
        "rang_TR3_ORANGE": 1,
        "rang_TR3_MTN": 1,
        "rang_TR3_MOOV": 1,
        "rang_TS_ORANGE": 1,
        "rang_TS_MTN": 1,
        "rang_TS_MOOV": 1,
        "rang_TeRd_ORANGE": 1,
        "rang_TeRd_MTN": 3,
        "rang_TeRd_MOOV": 1
      },
      "id": 4
    },
    {
      "type": "Feature",
      "geometry": {
        "coordinates": [
          -3.90704,
          5.349
        ],
        "type": "Point"
      },
      "properties": {
        "ADM0_FR": "DISTRICT AUTONOME D'ABIDJAN",
        "ADM0_PCODE": "CI04",
        "ADM1_FR": "DISTRICT AUTONOME D'ABIDJAN",
        "ADM1_PCODE": "CI101",
        "ADM2_FR": "ABIDJAN",
        "ADM2_PCODE": "CI0101",
        "ADM3_FR": "BINGERVILLE",
        "ADM3_PCODE": "CI010103",
        "ADM4_FR": "BINGERVILLE",
        "ADM4_PCODE": "C1214",
        "centerLat": 5.359,
        "centerLng": -3.89704,
        "pop": 64015,
        "TeS_MOOV": 0.45999999999999996,
        "TedS_MOOV": 95.39,
        "TR3_MOOV": 0,
        "TeRd_MOOV": 100.0,
        "TS_MOOV": 100,
        "TeS_MTN": 0.0,
        "TedS_MTN": 85.78,
        "TR3_MTN": 0,
        "TeRd_MTN": 99.14,
        "TS_MTN": 100,
        "TeS_ORANGE": 0.0,
        "TedS_ORANGE": 99.14,
        "TR3_ORANGE": 0,
        "TeRd_ORANGE": 100.0,
        "TS_ORANGE": 100,
        "rang_TeS_ORANGE": 1,
        "rang_TeS_MTN": 1,
        "rang_TeS_MOOV": 3,
        "rang_TedS_ORANGE": 1,
        "rang_TedS_MTN": 3,
        "rang_TedS_MOOV": 2,
        "rang_TR3_ORANGE": 1,
        "rang_TR3_MTN": 1,
        "rang_TR3_MOOV": 1,
        "rang_TS_ORANGE": 1,
        "rang_TS_MTN": 1,
        "rang_TS_MOOV": 1,
        "rang_TeRd_ORANGE": 1,
        "rang_TeRd_MTN": 3,
        "rang_TeRd_MOOV": 1
      },
      "id": 5
    },
    {
      "type": "Feature",
      "geometry": {
        "coordinates": [
          -3.97089,
          5.363
        ],
        "type": "Point"
      },
      "properties": {
        "ADM0_FR": "DISTRICT AUTONOME D'ABIDJAN",
        "ADM0_PCODE": "CI04",
        "ADM1_FR": "DISTRICT AUTONOME D'ABIDJAN",
        "ADM1_PCODE": "CI101",
        "ADM2_FR": "ABIDJAN",
        "ADM2_PCODE": "CI0101",
        "ADM3_FR": "ABIDJAN",
        "ADM3_PCODE": "CI010101",
        "ADM4_FR": "COCODY",
        "ADM4_PCODE": "C1672",
        "centerLat": 5.373,
        "centerLng": -3.96089,
        "pop": 447055,
        "TeS_MOOV": 0.27,
        "TedS_MOOV": 96.15,
        "TR3_MOOV": 0,
        "TeRd_MOOV": 99.72999999999999,
        "TS_MOOV": 100,
        "TeS_MTN": 0.0,
        "TedS_MTN": 98.08,
        "TR3_MTN": 0,
        "TeRd_MTN": 100.0,
        "TS_MTN": 100,
        "TeS_ORANGE": 0.0,
        "TedS_ORANGE": 98.36,
        "TR3_ORANGE": 0,
        "TeRd_ORANGE": 99.45,
        "TS_ORANGE": 100,
        "rang_TeS_ORANGE": 1,
        "rang_TeS_MTN": 1,
        "rang_TeS_MOOV": 3,
        "rang_TedS_ORANGE": 1,
        "rang_TedS_MTN": 2,
        "rang_TedS_MOOV": 3,
        "rang_TR3_ORANGE": 1,
        "rang_TR3_MTN": 1,
        "rang_TR3_MOOV": 1,
        "rang_TS_ORANGE": 1,
        "rang_TS_MTN": 1,
        "rang_TS_MOOV": 1,
        "rang_TeRd_ORANGE": 3,
        "rang_TeRd_MTN": 1,
        "rang_TeRd_MOOV": 2
      },
      "id": 6
    },
    {
      "type": "Feature",
      "geometry": {
        "coordinates": [
          -3.73689,
          5.18266
        ],
        "type": "Point"
      },
      "properties": {
        "ADM0_FR": "COMOE",
        "ADM0_PCODE": "CI02",
        "ADM1_FR": "SUD-COMOE",
        "ADM1_PCODE": "CI130",
        "ADM2_FR": "GRAND-BASSAM",
        "ADM2_PCODE": "CI3003",
        "ADM3_FR": "GRAND-BASSAM",
        "ADM3_PCODE": "CI300303",
        "ADM4_FR": "GRAND-BASSAM",
        "ADM4_PCODE": "C3367",
        "centerLat": 5.19266,
        "centerLng": -3.72689,
        "pop": 74671,
        "TeS_MOOV": 0.0,
        "TedS_MOOV": 98.03,
        "TR3_MOOV": 0,
        "TeRd_MOOV": 98.52,
        "TS_MOOV": 100,
        "TeS_MTN": 0.0,
        "TedS_MTN": 96.53,
        "TR3_MTN": 0,
        "TeRd_MTN": 99.5,
        "TS_MTN": 100,
        "TeS_ORANGE": 0.0,
        "TedS_ORANGE": 99.00999999999999,
        "TR3_ORANGE": 0,
        "TeRd_ORANGE": 100.0,
        "TS_ORANGE": 100,
        "rang_TeS_ORANGE": 1,
        "rang_TeS_MTN": 1,
        "rang_TeS_MOOV": 1,
        "rang_TedS_ORANGE": 1,
        "rang_TedS_MTN": 3,
        "rang_TedS_MOOV": 2,
        "rang_TR3_ORANGE": 1,
        "rang_TR3_MTN": 1,
        "rang_TR3_MOOV": 1,
        "rang_TS_ORANGE": 1,
        "rang_TS_MTN": 1,
        "rang_TS_MOOV": 1,
        "rang_TeRd_ORANGE": 1,
        "rang_TeRd_MTN": 2,
        "rang_TeRd_MOOV": 3
      },
      "id": 7
    },
    {
      "type": "Feature",
      "geometry": {
        "coordinates": [
          -3.95836,
          5.29249
        ],
        "type": "Point"
      },
      "properties": {
        "ADM0_FR": "DISTRICT AUTONOME D'ABIDJAN",
        "ADM0_PCODE": "CI04",
        "ADM1_FR": "DISTRICT AUTONOME D'ABIDJAN",
        "ADM1_PCODE": "CI101",
        "ADM2_FR": "ABIDJAN",
        "ADM2_PCODE": "CI0101",
        "ADM3_FR": "ABIDJAN",
        "ADM3_PCODE": "CI010101",
        "ADM4_FR": "KOUMASSI",
        "ADM4_PCODE": "C4694",
        "centerLat": 5.30249,
        "centerLng": -3.94836,
        "pop": 433139,
        "TeS_MOOV": 0.0,
        "TedS_MOOV": 94.74000000000001,
        "TR3_MOOV": 0,
        "TeRd_MOOV": 99.52,
        "TS_MOOV": 100,
        "TeS_MTN": 0.0,
        "TedS_MTN": 99.15,
        "TR3_MTN": 0,
        "TeRd_MTN": 100.0,
        "TS_MTN": 100,
        "TeS_ORANGE": 0.0,
        "TedS_ORANGE": 99.52,
        "TR3_ORANGE": 0,
        "TeRd_ORANGE": 99.52,
        "TS_ORANGE": 100,
        "rang_TeS_ORANGE": 1,
        "rang_TeS_MTN": 1,
        "rang_TeS_MOOV": 1,
        "rang_TedS_ORANGE": 1,
        "rang_TedS_MTN": 2,
        "rang_TedS_MOOV": 3,
        "rang_TR3_ORANGE": 1,
        "rang_TR3_MTN": 1,
        "rang_TR3_MOOV": 1,
        "rang_TS_ORANGE": 1,
        "rang_TS_MTN": 1,
        "rang_TS_MOOV": 1,
        "rang_TeRd_ORANGE": 2,
        "rang_TeRd_MTN": 1,
        "rang_TeRd_MOOV": 2
      },
      "id": 8
    },
    {
      "type": "Feature",
      "geometry": {
        "coordinates": [
          -3.99251,
          5.28932
        ],
        "type": "Point"
      },
      "properties": {
        "ADM0_FR": "DISTRICT AUTONOME D'ABIDJAN",
        "ADM0_PCODE": "CI04",
        "ADM1_FR": "DISTRICT AUTONOME D'ABIDJAN",
        "ADM1_PCODE": "CI101",
        "ADM2_FR": "ABIDJAN",
        "ADM2_PCODE": "CI0101",
        "ADM3_FR": "ABIDJAN",
        "ADM3_PCODE": "CI010101",
        "ADM4_FR": "MARCORY",
        "ADM4_PCODE": "C5375",
        "centerLat": 5.29932,
        "centerLng": -3.98251,
        "pop": 249858,
        "TeS_MOOV": 0.0,
        "TedS_MOOV": 95.93,
        "TR3_MOOV": 0,
        "TeRd_MOOV": 100.0,
        "TS_MOOV": 100,
        "TeS_MTN": 0.0,
        "TedS_MTN": 98.2,
        "TR3_MTN": 0,
        "TeRd_MTN": 100.0,
        "TS_MTN": 100,
        "TeS_ORANGE": 0.0,
        "TedS_ORANGE": 99.18,
        "TR3_ORANGE": 0,
        "TeRd_ORANGE": 99.18,
        "TS_ORANGE": 100,
        "rang_TeS_ORANGE": 1,
        "rang_TeS_MTN": 1,
        "rang_TeS_MOOV": 1,
        "rang_TedS_ORANGE": 1,
        "rang_TedS_MTN": 2,
        "rang_TedS_MOOV": 3,
        "rang_TR3_ORANGE": 1,
        "rang_TR3_MTN": 1,
        "rang_TR3_MOOV": 1,
        "rang_TS_ORANGE": 1,
        "rang_TS_MTN": 1,
        "rang_TS_MOOV": 1,
        "rang_TeRd_ORANGE": 3,
        "rang_TeRd_MTN": 1,
        "rang_TeRd_MOOV": 1
      },
      "id": 9
    },
    {
      "type": "Feature",
      "geometry": {
        "coordinates": [
          -4.0316399999999994,
          5.31517
        ],
        "type": "Point"
      },
      "properties": {
        "ADM0_FR": "DISTRICT AUTONOME D'ABIDJAN",
        "ADM0_PCODE": "CI04",
        "ADM1_FR": "DISTRICT AUTONOME D'ABIDJAN",
        "ADM1_PCODE": "CI101",
        "ADM2_FR": "ABIDJAN",
        "ADM2_PCODE": "CI0101",
        "ADM3_FR": "ABIDJAN",
        "ADM3_PCODE": "CI010101",
        "ADM4_FR": "PLATEAU",
        "ADM4_PCODE": "C6556",
        "centerLat": 5.32517,
        "centerLng": -4.02164,
        "pop": 7488,
        "TeS_MOOV": 0.0,
        "TedS_MOOV": 98.11999999999999,
        "TR3_MOOV": 0,
        "TeRd_MOOV": 100.0,
        "TS_MOOV": 100,
        "TeS_MTN": 0.0,
        "TedS_MTN": 98.58,
        "TR3_MTN": 0,
        "TeRd_MTN": 99.53,
        "TS_MTN": 100,
        "TeS_ORANGE": 0.0,
        "TedS_ORANGE": 96.24000000000001,
        "TR3_ORANGE": 0,
        "TeRd_ORANGE": 99.06,
        "TS_ORANGE": 100,
        "rang_TeS_ORANGE": 1,
        "rang_TeS_MTN": 1,
        "rang_TeS_MOOV": 1,
        "rang_TedS_ORANGE": 3,
        "rang_TedS_MTN": 1,
        "rang_TedS_MOOV": 2,
        "rang_TR3_ORANGE": 1,
        "rang_TR3_MTN": 1,
        "rang_TR3_MOOV": 1,
        "rang_TS_ORANGE": 1,
        "rang_TS_MTN": 1,
        "rang_TS_MOOV": 1,
        "rang_TeRd_ORANGE": 3,
        "rang_TeRd_MTN": 2,
        "rang_TeRd_MOOV": 1
      },
      "id": 10
    },
    {
      "type": "Feature",
      "geometry": {
        "coordinates": [
          -3.968626,
          5.246881
        ],
        "type": "Point"
      },
      "properties": {
        "ADM0_FR": "DISTRICT AUTONOME D'ABIDJAN",
        "ADM0_PCODE": "CI04",
        "ADM1_FR": "DISTRICT AUTONOME D'ABIDJAN",
        "ADM1_PCODE": "CI101",
        "ADM2_FR": "ABIDJAN",
        "ADM2_PCODE": "CI0101",
        "ADM3_FR": "ABIDJAN",
        "ADM3_PCODE": "CI010101",
        "ADM4_FR": "PORT-BOUET",
        "ADM4_PCODE": "C6619",
        "centerLat": 5.256881,
        "centerLng": -3.958626,
        "pop": 419033,
        "TeS_MOOV": 0.52,
        "TedS_MOOV": 96.89,
        "TR3_MOOV": 0,
        "TeRd_MOOV": 99.48,
        "TS_MOOV": 100,
        "TeS_MTN": 0.0,
        "TedS_MTN": 97.65,
        "TR3_MTN": 0,
        "TeRd_MTN": 99.53,
        "TS_MTN": 100,
        "TeS_ORANGE": 0.0,
        "TedS_ORANGE": 97.85000000000001,
        "TR3_ORANGE": 0,
        "TeRd_ORANGE": 100.0,
        "TS_ORANGE": 100,
        "rang_TeS_ORANGE": 1,
        "rang_TeS_MTN": 1,
        "rang_TeS_MOOV": 3,
        "rang_TedS_ORANGE": 1,
        "rang_TedS_MTN": 2,
        "rang_TedS_MOOV": 3,
        "rang_TR3_ORANGE": 1,
        "rang_TR3_MTN": 1,
        "rang_TR3_MOOV": 1,
        "rang_TS_ORANGE": 1,
        "rang_TS_MTN": 1,
        "rang_TS_MOOV": 1,
        "rang_TeRd_ORANGE": 1,
        "rang_TeRd_MTN": 2,
        "rang_TeRd_MOOV": 3
      },
      "id": 11
    },
    {
      "type": "Feature",
      "geometry": {
        "coordinates": [
          -4.02044,
          5.2809800000000005
        ],
        "type": "Point"
      },
      "properties": {
        "ADM0_FR": "DISTRICT AUTONOME D'ABIDJAN",
        "ADM0_PCODE": "CI04",
        "ADM1_FR": "DISTRICT AUTONOME D'ABIDJAN",
        "ADM1_PCODE": "CI101",
        "ADM2_FR": "ABIDJAN",
        "ADM2_PCODE": "CI0101",
        "ADM3_FR": "ABIDJAN",
        "ADM3_PCODE": "CI010101",
        "ADM4_FR": "TREICHVILLE",
        "ADM4_PCODE": "C7913",
        "centerLat": 5.29098,
        "centerLng": -4.01044,
        "pop": 102580,
        "TeS_MOOV": 0.0,
        "TedS_MOOV": 93.43,
        "TR3_MOOV": 0,
        "TeRd_MOOV": 100.0,
        "TS_MOOV": 100,
        "TeS_MTN": 0.0,
        "TedS_MTN": 96.71,
        "TR3_MTN": 0,
        "TeRd_MTN": 100.0,
        "TS_MTN": 100,
        "TeS_ORANGE": 0.0,
        "TedS_ORANGE": 99.53,
        "TR3_ORANGE": 0,
        "TeRd_ORANGE": 100.0,
        "TS_ORANGE": 100,
        "rang_TeS_ORANGE": 1,
        "rang_TeS_MTN": 1,
        "rang_TeS_MOOV": 1,
        "rang_TedS_ORANGE": 1,
        "rang_TedS_MTN": 2,
        "rang_TedS_MOOV": 3,
        "rang_TR3_ORANGE": 1,
        "rang_TR3_MTN": 1,
        "rang_TR3_MOOV": 1,
        "rang_TS_ORANGE": 1,
        "rang_TS_MTN": 1,
        "rang_TS_MOOV": 1,
        "rang_TeRd_ORANGE": 1,
        "rang_TeRd_MTN": 1,
        "rang_TeRd_MOOV": 1
      },
      "id": 12
    },
    {
      "type": "Feature",
      "geometry": {
        "coordinates": [
          -4.10015,
          5.2984800000000005
        ],
        "type": "Point"
      },
      "properties": {
        "ADM0_FR": "DISTRICT AUTONOME D'ABIDJAN",
        "ADM0_PCODE": "CI04",
        "ADM1_FR": "DISTRICT AUTONOME D'ABIDJAN",
        "ADM1_PCODE": "CI101",
        "ADM2_FR": "ABIDJAN",
        "ADM2_PCODE": "CI0101",
        "ADM3_FR": "ABIDJAN",
        "ADM3_PCODE": "CI010101",
        "ADM4_FR": "YOPOUGON",
        "ADM4_PCODE": "C8230",
        "centerLat": 5.30848,
        "centerLng": -4.09015,
        "pop": 1071543,
        "TeS_MOOV": 0.0,
        "TedS_MOOV": 96.66,
        "TR3_MOOV": 0,
        "TeRd_MOOV": 99.72,
        "TS_MOOV": 100,
        "TeS_MTN": 0.0,
        "TedS_MTN": 99.72,
        "TR3_MTN": 0,
        "TeRd_MTN": 99.72,
        "TS_MTN": 100,
        "TeS_ORANGE": 0.0,
        "TedS_ORANGE": 98.03,
        "TR3_ORANGE": 0,
        "TeRd_ORANGE": 100.0,
        "TS_ORANGE": 100,
        "rang_TeS_ORANGE": 1,
        "rang_TeS_MTN": 1,
        "rang_TeS_MOOV": 1,
        "rang_TedS_ORANGE": 2,
        "rang_TedS_MTN": 1,
        "rang_TedS_MOOV": 3,
        "rang_TR3_ORANGE": 1,
        "rang_TR3_MTN": 1,
        "rang_TR3_MOOV": 1,
        "rang_TS_ORANGE": 1,
        "rang_TS_MTN": 1,
        "rang_TS_MOOV": 1,
        "rang_TeRd_ORANGE": 1,
        "rang_TeRd_MTN": 2,
        "rang_TeRd_MOOV": 2
      },
      "id": 13
    },
    {
      "type": "Feature",
      "geometry": {
        "coordinates": [
          -3.50676,
          6.7183600000000006
        ],
        "type": "Point"
      },
      "properties": {
        "ADM0_FR": "COMOE",
        "ADM0_PCODE": "CI02",
        "ADM1_FR": "INDENIE-DJUABLIN",
        "ADM1_PCODE": "CI120",
        "ADM2_FR": "ABENGOUROU",
        "ADM2_PCODE": "CI2001",
        "ADM3_FR": "ABENGOUROU",
        "ADM3_PCODE": "CI200101",
        "ADM4_FR": "ABENGOUROU",
        "ADM4_PCODE": "C0014",
        "centerLat": 6.72836,
        "centerLng": -3.49676,
        "pop": 100910,
        "TeS_MOOV": 0.0,
        "TedS_MOOV": 99.49,
        "TR3_MOOV": 0,
        "TeRd_MOOV": 98.48,
        "TS_MOOV": 100,
        "TeS_MTN": 0.0,
        "TedS_MTN": 99.22999999999999,
        "TR3_MTN": 0,
        "TeRd_MTN": 100.0,
        "TS_MTN": 100,
        "TeS_ORANGE": 1.15,
        "TedS_ORANGE": 96.89999999999999,
        "TR3_ORANGE": 0,
        "TeRd_ORANGE": 99.61,
        "TS_ORANGE": 100,
        "rang_TeS_ORANGE": 3,
        "rang_TeS_MTN": 1,
        "rang_TeS_MOOV": 1,
        "rang_TedS_ORANGE": 3,
        "rang_TedS_MTN": 2,
        "rang_TedS_MOOV": 1,
        "rang_TR3_ORANGE": 1,
        "rang_TR3_MTN": 1,
        "rang_TR3_MOOV": 1,
        "rang_TS_ORANGE": 1,
        "rang_TS_MTN": 1,
        "rang_TS_MOOV": 1,
        "rang_TeRd_ORANGE": 2,
        "rang_TeRd_MTN": 1,
        "rang_TeRd_MOOV": 3
      },
      "id": 14
    },
    {
      "type": "Feature",
      "geometry": {
        "coordinates": [
          -5.01,
          6.59
        ],
        "type": "Point"
      },
      "properties": {
        "ADM0_FR": "LACS",
        "ADM0_PCODE": "CI07",
        "ADM1_FR": "BELIER",
        "ADM1_PCODE": "CI106",
        "ADM2_FR": "TOUMODI",
        "ADM2_PCODE": "CI0604",
        "ADM3_FR": "TOUMODI",
        "ADM3_PCODE": "CI060401",
        "ADM4_FR": "ABLI-BONIKRO",
        "ADM4_PCODE": "C0027",
        "centerLat": 6.6,
        "centerLng": -5.0,
        "pop": 648,
        "TeS_MOOV": 1.72,
        "TedS_MOOV": 88.6,
        "TR3_MOOV": 0,
        "TeRd_MOOV": 96.49,
        "TS_MOOV": 100,
        "TeS_MTN": 0.0,
        "TedS_MTN": 89.74,
        "TR3_MTN": 0,
        "TeRd_MTN": 95.73,
        "TS_MTN": 100,
        "TeS_ORANGE": 0.0,
        "TedS_ORANGE": 96.61,
        "TR3_ORANGE": 0,
        "TeRd_ORANGE": 100.0,
        "TS_ORANGE": 100,
        "rang_TeS_ORANGE": 1,
        "rang_TeS_MTN": 1,
        "rang_TeS_MOOV": 3,
        "rang_TedS_ORANGE": 1,
        "rang_TedS_MTN": 2,
        "rang_TedS_MOOV": 3,
        "rang_TR3_ORANGE": 1,
        "rang_TR3_MTN": 1,
        "rang_TR3_MOOV": 1,
        "rang_TS_ORANGE": 1,
        "rang_TS_MTN": 1,
        "rang_TS_MOOV": 1,
        "rang_TeRd_ORANGE": 1,
        "rang_TeRd_MTN": 3,
        "rang_TeRd_MOOV": 2
      },
      "id": 15
    },
    {
      "type": "Feature",
      "geometry": {
        "coordinates": [
          -3.21677,
          5.46457
        ],
        "type": "Point"
      },
      "properties": {
        "ADM0_FR": "COMOE",
        "ADM0_PCODE": "CI02",
        "ADM1_FR": "SUD-COMOE",
        "ADM1_PCODE": "CI130",
        "ADM2_FR": "ABOISSO",
        "ADM2_PCODE": "CI3001",
        "ADM3_FR": "ABOISSO",
        "ADM3_PCODE": "CI300101",
        "ADM4_FR": "ABOISSO",
        "ADM4_PCODE": "C0033",
        "centerLat": 5.47457,
        "centerLng": -3.20677,
        "pop": 45688,
        "TeS_MOOV": 0.0,
        "TedS_MOOV": 100.0,
        "TR3_MOOV": 0,
        "TeRd_MOOV": 100.0,
        "TS_MOOV": 100,
        "TeS_MTN": 0.0,
        "TedS_MTN": 99.51,
        "TR3_MTN": 0,
        "TeRd_MTN": 99.51,
        "TS_MTN": 100,
        "TeS_ORANGE": 0.0,
        "TedS_ORANGE": 98.54,
        "TR3_ORANGE": 0,
        "TeRd_ORANGE": 99.51,
        "TS_ORANGE": 100,
        "rang_TeS_ORANGE": 1,
        "rang_TeS_MTN": 1,
        "rang_TeS_MOOV": 1,
        "rang_TedS_ORANGE": 3,
        "rang_TedS_MTN": 2,
        "rang_TedS_MOOV": 1,
        "rang_TR3_ORANGE": 1,
        "rang_TR3_MTN": 1,
        "rang_TR3_MOOV": 1,
        "rang_TS_ORANGE": 1,
        "rang_TS_MTN": 1,
        "rang_TS_MOOV": 1,
        "rang_TeRd_ORANGE": 2,
        "rang_TeRd_MTN": 2,
        "rang_TeRd_MOOV": 1
      },
      "id": 16
    },
    {
      "type": "Feature",
      "geometry": {
        "coordinates": [
          -3.1599999999999997,
          5.3
        ],
        "type": "Point"
      },
      "properties": {
        "ADM0_FR": "COMOE",
        "ADM0_PCODE": "CI02",
        "ADM1_FR": "SUD-COMOE",
        "ADM1_PCODE": "CI130",
        "ADM2_FR": "ABOISSO",
        "ADM2_PCODE": "CI3001",
        "ADM3_FR": "ADJOUAN",
        "ADM3_PCODE": "CI300103",
        "ADM4_FR": "ADJOUAN",
        "ADM4_PCODE": "C0150",
        "centerLat": 5.31,
        "centerLng": -3.15,
        "pop": 3297,
        "TeS_MOOV": 0.0,
        "TedS_MOOV": 98.74000000000001,
        "TR3_MOOV": 0,
        "TeRd_MOOV": 98.74000000000001,
        "TS_MOOV": 100,
        "TeS_MTN": 0.0,
        "TedS_MTN": 99.37,
        "TR3_MTN": 0,
        "TeRd_MTN": 99.37,
        "TS_MTN": 100,
        "TeS_ORANGE": 0.0,
        "TedS_ORANGE": 94.94,
        "TR3_ORANGE": 0,
        "TeRd_ORANGE": 96.2,
        "TS_ORANGE": 100,
        "rang_TeS_ORANGE": 1,
        "rang_TeS_MTN": 1,
        "rang_TeS_MOOV": 1,
        "rang_TedS_ORANGE": 3,
        "rang_TedS_MTN": 1,
        "rang_TedS_MOOV": 2,
        "rang_TR3_ORANGE": 1,
        "rang_TR3_MTN": 1,
        "rang_TR3_MOOV": 1,
        "rang_TS_ORANGE": 1,
        "rang_TS_MTN": 1,
        "rang_TS_MOOV": 1,
        "rang_TeRd_ORANGE": 3,
        "rang_TeRd_MTN": 1,
        "rang_TeRd_MOOV": 2
      },
      "id": 17
    },
    {
      "type": "Feature",
      "geometry": {
        "coordinates": [
          -3.8642,
          6.331160000000001
        ],
        "type": "Point"
      },
      "properties": {
        "ADM0_FR": "LAGUNES",
        "ADM0_PCODE": "CI08",
        "ADM1_FR": "LA ME",
        "ADM1_PCODE": "CI124",
        "ADM2_FR": "AKOUPE",
        "ADM2_PCODE": "CI2402",
        "ADM3_FR": "AKOUPE",
        "ADM3_PCODE": "CI240202",
        "ADM4_FR": "AGBAOU",
        "ADM4_PCODE": "C0209",
        "centerLat": 6.34116,
        "centerLng": -3.8542,
        "pop": 8012,
        "TeS_MOOV": 0.76,
        "TedS_MOOV": 90.84,
        "TR3_MOOV": 0,
        "TeRd_MOOV": 96.95,
        "TS_MOOV": 100,
        "TeS_MTN": 0.0,
        "TedS_MTN": 87.05000000000001,
        "TR3_MTN": 0,
        "TeRd_MTN": 98.56,
        "TS_MTN": 100,
        "TeS_ORANGE": 0.0,
        "TedS_ORANGE": 97.14,
        "TR3_ORANGE": 0,
        "TeRd_ORANGE": 97.86,
        "TS_ORANGE": 100,
        "rang_TeS_ORANGE": 1,
        "rang_TeS_MTN": 1,
        "rang_TeS_MOOV": 3,
        "rang_TedS_ORANGE": 1,
        "rang_TedS_MTN": 3,
        "rang_TedS_MOOV": 2,
        "rang_TR3_ORANGE": 1,
        "rang_TR3_MTN": 1,
        "rang_TR3_MOOV": 1,
        "rang_TS_ORANGE": 1,
        "rang_TS_MTN": 1,
        "rang_TS_MOOV": 1,
        "rang_TeRd_ORANGE": 2,
        "rang_TeRd_MTN": 1,
        "rang_TeRd_MOOV": 3
      },
      "id": 18
    },
    {
      "type": "Feature",
      "geometry": {
        "coordinates": [
          -4.22523,
          5.91964
        ],
        "type": "Point"
      },
      "properties": {
        "ADM0_FR": "LAGUNES",
        "ADM0_PCODE": "CI08",
        "ADM1_FR": "AGNEBY-TIASSA",
        "ADM1_PCODE": "CI103",
        "ADM2_FR": "AGBOVILLE",
        "ADM2_PCODE": "CI0301",
        "ADM3_FR": "AGBOVILLE",
        "ADM3_PCODE": "CI030102",
        "ADM4_FR": "AGBOVILLE",
        "ADM4_PCODE": "C0215",
        "centerLat": 5.92964,
        "centerLng": -4.21523,
        "pop": 50873,
        "TeS_MOOV": 0.0,
        "TedS_MOOV": 88.46000000000001,
        "TR3_MOOV": 0,
        "TeRd_MOOV": 96.15,
        "TS_MOOV": 100,
        "TeS_MTN": 0.0,
        "TedS_MTN": 98.83,
        "TR3_MTN": 0,
        "TeRd_MTN": 99.42,
        "TS_MTN": 100,
        "TeS_ORANGE": 0.0,
        "TedS_ORANGE": 98.42999999999999,
        "TR3_ORANGE": 0,
        "TeRd_ORANGE": 100.0,
        "TS_ORANGE": 100,
        "rang_TeS_ORANGE": 1,
        "rang_TeS_MTN": 1,
        "rang_TeS_MOOV": 1,
        "rang_TedS_ORANGE": 2,
        "rang_TedS_MTN": 1,
        "rang_TedS_MOOV": 3,
        "rang_TR3_ORANGE": 1,
        "rang_TR3_MTN": 1,
        "rang_TR3_MOOV": 1,
        "rang_TS_ORANGE": 1,
        "rang_TS_MTN": 1,
        "rang_TS_MOOV": 1,
        "rang_TeRd_ORANGE": 1,
        "rang_TeRd_MTN": 2,
        "rang_TeRd_MOOV": 3
      },
      "id": 19
    },
    {
      "type": "Feature",
      "geometry": {
        "coordinates": [
          -3.21278,
          7.119870000000001
        ],
        "type": "Point"
      },
      "properties": {
        "ADM0_FR": "COMOE",
        "ADM0_PCODE": "CI02",
        "ADM1_FR": "INDENIE-DJUABLIN",
        "ADM1_PCODE": "CI120",
        "ADM2_FR": "AGNIBILEKROU",
        "ADM2_PCODE": "CI2002",
        "ADM3_FR": "AGNIBILEKROU",
        "ADM3_PCODE": "CI200201",
        "ADM4_FR": "AGNIBILEKROU",
        "ADM4_PCODE": "C0224",
        "centerLat": 7.12987,
        "centerLng": -3.20278,
        "pop": 48611,
        "TeS_MOOV": 0.0,
        "TedS_MOOV": 94.27,
        "TR3_MOOV": 0,
        "TeRd_MOOV": 98.96000000000001,
        "TS_MOOV": 100,
        "TeS_MTN": 0.0,
        "TedS_MTN": 98.44000000000001,
        "TR3_MTN": 0,
        "TeRd_MTN": 100.0,
        "TS_MTN": 100,
        "TeS_ORANGE": 0.0,
        "TedS_ORANGE": 94.27,
        "TR3_ORANGE": 0,
        "TeRd_ORANGE": 95.30999999999999,
        "TS_ORANGE": 100,
        "rang_TeS_ORANGE": 1,
        "rang_TeS_MTN": 1,
        "rang_TeS_MOOV": 1,
        "rang_TedS_ORANGE": 2,
        "rang_TedS_MTN": 1,
        "rang_TedS_MOOV": 2,
        "rang_TR3_ORANGE": 1,
        "rang_TR3_MTN": 1,
        "rang_TR3_MOOV": 1,
        "rang_TS_ORANGE": 1,
        "rang_TS_MTN": 1,
        "rang_TS_MOOV": 1,
        "rang_TeRd_ORANGE": 3,
        "rang_TeRd_MTN": 1,
        "rang_TeRd_MOOV": 2
      },
      "id": 20
    },
    {
      "type": "Feature",
      "geometry": {
        "coordinates": [
          -3.96379,
          7.08237
        ],
        "type": "Point"
      },
      "properties": {
        "ADM0_FR": "LACS",
        "ADM0_PCODE": "CI07",
        "ADM1_FR": "IFFOU",
        "ADM1_PCODE": "CI119",
        "ADM2_FR": "DAOUKRO",
        "ADM2_PCODE": "CI1901",
        "ADM3_FR": "DAOUKRO",
        "ADM3_PCODE": "CI190103",
        "ADM4_FR": "ANOUMABO",
        "ADM4_PCODE": "C0565",
        "centerLat": 7.09237,
        "centerLng": -3.95379,
        "pop": 2323,
        "TeS_MOOV": 0.0,
        "TedS_MOOV": 94.12,
        "TR3_MOOV": 0,
        "TeRd_MOOV": 97.78999999999999,
        "TS_MOOV": 100,
        "TeS_MTN": 7.3,
        "TedS_MTN": 77.95,
        "TR3_MTN": 0,
        "TeRd_MTN": 90.55,
        "TS_MTN": 100,
        "TeS_ORANGE": 7.02,
        "TedS_ORANGE": 84.91,
        "TR3_ORANGE": 0,
        "TeRd_ORANGE": 96.23,
        "TS_ORANGE": 100,
        "rang_TeS_ORANGE": 2,
        "rang_TeS_MTN": 3,
        "rang_TeS_MOOV": 1,
        "rang_TedS_ORANGE": 2,
        "rang_TedS_MTN": 3,
        "rang_TedS_MOOV": 1,
        "rang_TR3_ORANGE": 1,
        "rang_TR3_MTN": 1,
        "rang_TR3_MOOV": 1,
        "rang_TS_ORANGE": 1,
        "rang_TS_MTN": 1,
        "rang_TS_MOOV": 1,
        "rang_TeRd_ORANGE": 2,
        "rang_TeRd_MTN": 3,
        "rang_TeRd_MOOV": 1
      },
      "id": 21
    },
    {
      "type": "Feature",
      "geometry": {
        "coordinates": [
          -3.9795399999999996,
          6.66259
        ],
        "type": "Point"
      },
      "properties": {
        "ADM0_FR": "LACS",
        "ADM0_PCODE": "CI07",
        "ADM1_FR": "MORONOU",
        "ADM1_PCODE": "CI125",
        "ADM2_FR": "ARRAH",
        "ADM2_PCODE": "CI2501",
        "ADM3_FR": "ARRAH",
        "ADM3_PCODE": "CI250101",
        "ADM4_FR": "ARRAH",
        "ADM4_PCODE": "C0600",
        "centerLat": 6.67259,
        "centerLng": -3.96954,
        "pop": 24122,
        "TeS_MOOV": 0.0,
        "TedS_MOOV": 96.88,
        "TR3_MOOV": 0,
        "TeRd_MOOV": 97.92,
        "TS_MOOV": 100,
        "TeS_MTN": 0.0,
        "TedS_MTN": 100.0,
        "TR3_MTN": 0,
        "TeRd_MTN": 100.0,
        "TS_MTN": 100,
        "TeS_ORANGE": 0.0,
        "TedS_ORANGE": 98.96000000000001,
        "TR3_ORANGE": 0,
        "TeRd_ORANGE": 99.48,
        "TS_ORANGE": 100,
        "rang_TeS_ORANGE": 1,
        "rang_TeS_MTN": 1,
        "rang_TeS_MOOV": 1,
        "rang_TedS_ORANGE": 2,
        "rang_TedS_MTN": 1,
        "rang_TedS_MOOV": 3,
        "rang_TR3_ORANGE": 1,
        "rang_TR3_MTN": 1,
        "rang_TR3_MOOV": 1,
        "rang_TS_ORANGE": 1,
        "rang_TS_MTN": 1,
        "rang_TS_MOOV": 1,
        "rang_TeRd_ORANGE": 2,
        "rang_TeRd_MTN": 1,
        "rang_TeRd_MOOV": 3
      },
      "id": 22
    },
    {
      "type": "Feature",
      "geometry": {
        "coordinates": [
          -5.4699599999999995,
          7.68429
        ],
        "type": "Point"
      },
      "properties": {
        "ADM0_FR": "VALLEE DU BANDAMA",
        "ADM0_PCODE": "CI12",
        "ADM1_FR": "GBEKE",
        "ADM1_PCODE": "CI111",
        "ADM2_FR": "BEOUMI",
        "ADM2_PCODE": "CI1101",
        "ADM3_FR": "BEOUMI",
        "ADM3_PCODE": "CI110102",
        "ADM4_FR": "ASSAKRA",
        "ADM4_PCODE": "C0615",
        "centerLat": 7.69429,
        "centerLng": -5.45996,
        "pop": 1281,
        "TeS_MOOV": 0.0,
        "TedS_MOOV": 97.44,
        "TR3_MOOV": 0,
        "TeRd_MOOV": 99.15,
        "TS_MOOV": 100,
        "TeS_MTN": 4.390000000000001,
        "TedS_MTN": 91.74,
        "TR3_MTN": 0,
        "TeRd_MTN": 99.08,
        "TS_MTN": 100,
        "TeS_ORANGE": 0.0,
        "TedS_ORANGE": 94.22,
        "TR3_ORANGE": 0,
        "TeRd_ORANGE": 97.11,
        "TS_ORANGE": 100,
        "rang_TeS_ORANGE": 1,
        "rang_TeS_MTN": 3,
        "rang_TeS_MOOV": 1,
        "rang_TedS_ORANGE": 2,
        "rang_TedS_MTN": 3,
        "rang_TedS_MOOV": 1,
        "rang_TR3_ORANGE": 1,
        "rang_TR3_MTN": 1,
        "rang_TR3_MOOV": 1,
        "rang_TS_ORANGE": 1,
        "rang_TS_MTN": 1,
        "rang_TS_MOOV": 1,
        "rang_TeRd_ORANGE": 3,
        "rang_TeRd_MTN": 2,
        "rang_TeRd_MOOV": 1
      },
      "id": 23
    },
    {
      "type": "Feature",
      "geometry": {
        "coordinates": [
          -2.9898599999999997,
          7.69073
        ],
        "type": "Point"
      },
      "properties": {
        "ADM0_FR": "ZANZAN",
        "ADM0_PCODE": "CI14",
        "ADM1_FR": "GONTOUGO",
        "ADM1_PCODE": "CI114",
        "ADM2_FR": "TRANSUA",
        "ADM2_PCODE": "CI1405",
        "ADM3_FR": "ASSUEFRY",
        "ADM3_PCODE": "CI140502",
        "ADM4_FR": "ASSUÉFRY",
        "ADM4_PCODE": "C0722",
        "centerLat": 7.70073,
        "centerLng": -2.97986,
        "pop": 9759,
        "TeS_MOOV": 0.0,
        "TedS_MOOV": 100.0,
        "TR3_MOOV": 0,
        "TeRd_MOOV": 100.0,
        "TS_MOOV": 100,
        "TeS_MTN": 0.9900000000000001,
        "TedS_MTN": 88.0,
        "TR3_MTN": 0,
        "TeRd_MTN": 98.0,
        "TS_MTN": 100,
        "TeS_ORANGE": 0.0,
        "TedS_ORANGE": 97.3,
        "TR3_ORANGE": 0,
        "TeRd_ORANGE": 98.2,
        "TS_ORANGE": 100,
        "rang_TeS_ORANGE": 1,
        "rang_TeS_MTN": 3,
        "rang_TeS_MOOV": 1,
        "rang_TedS_ORANGE": 2,
        "rang_TedS_MTN": 3,
        "rang_TedS_MOOV": 1,
        "rang_TR3_ORANGE": 1,
        "rang_TR3_MTN": 1,
        "rang_TR3_MOOV": 1,
        "rang_TS_ORANGE": 1,
        "rang_TS_MTN": 1,
        "rang_TS_MOOV": 1,
        "rang_TeRd_ORANGE": 2,
        "rang_TeRd_MTN": 3,
        "rang_TeRd_MOOV": 1
      },
      "id": 24
    },
    {
      "type": "Feature",
      "geometry": {
        "coordinates": [
          -5.97288,
          6.43555
        ],
        "type": "Point"
      },
      "properties": {
        "ADM0_FR": "GOH-DJIBOUA",
        "ADM0_PCODE": "CI06",
        "ADM1_FR": "GOH",
        "ADM1_PCODE": "CI113",
        "ADM2_FR": "GAGNOA",
        "ADM2_PCODE": "CI1301",
        "ADM3_FR": "BAYOTA",
        "ADM3_PCODE": "CI130101",
        "ADM4_FR": "BLOUZON",
        "ADM4_PCODE": "C1296",
        "centerLat": 6.44555,
        "centerLng": -5.96288,
        "pop": 391,
        "TeS_MOOV": 0.89,
        "TedS_MOOV": 73.87,
        "TR3_MOOV": 0,
        "TeRd_MOOV": 90.09,
        "TS_MOOV": 100,
        "TeS_MTN": 0.0,
        "TedS_MTN": 83.76,
        "TR3_MTN": 0,
        "TeRd_MTN": 97.44,
        "TS_MTN": 100,
        "TeS_ORANGE": 0.0,
        "TedS_ORANGE": 96.61,
        "TR3_ORANGE": 0,
        "TeRd_ORANGE": 98.31,
        "TS_ORANGE": 100,
        "rang_TeS_ORANGE": 1,
        "rang_TeS_MTN": 1,
        "rang_TeS_MOOV": 3,
        "rang_TedS_ORANGE": 1,
        "rang_TedS_MTN": 2,
        "rang_TedS_MOOV": 3,
        "rang_TR3_ORANGE": 1,
        "rang_TR3_MTN": 1,
        "rang_TR3_MOOV": 1,
        "rang_TS_ORANGE": 1,
        "rang_TS_MTN": 1,
        "rang_TS_MOOV": 1,
        "rang_TeRd_ORANGE": 1,
        "rang_TeRd_MTN": 2,
        "rang_TeRd_MOOV": 3
      },
      "id": 25
    },
    {
      "type": "Feature",
      "geometry": {
        "coordinates": [
          -4.50751,
          7.05267
        ],
        "type": "Point"
      },
      "properties": {
        "ADM0_FR": "LACS",
        "ADM0_PCODE": "CI07",
        "ADM1_FR": "N'ZI",
        "ADM1_PCODE": "CI127",
        "ADM2_FR": "BOCANDA",
        "ADM2_PCODE": "CI2701",
        "ADM3_FR": "BOCANDA",
        "ADM3_PCODE": "CI270102",
        "ADM4_FR": "BOCANDA",
        "ADM4_PCODE": "C1317",
        "centerLat": 7.06267,
        "centerLng": -4.49751,
        "pop": 10684,
        "TeS_MOOV": 0.0,
        "TedS_MOOV": 98.55000000000001,
        "TR3_MOOV": 0,
        "TeRd_MOOV": 99.28,
        "TS_MOOV": 100,
        "TeS_MTN": 0.0,
        "TedS_MTN": 100.0,
        "TR3_MTN": 0,
        "TeRd_MTN": 100.0,
        "TS_MTN": 100,
        "TeS_ORANGE": 0.0,
        "TedS_ORANGE": 98.56,
        "TR3_ORANGE": 0,
        "TeRd_ORANGE": 98.56,
        "TS_ORANGE": 100,
        "rang_TeS_ORANGE": 1,
        "rang_TeS_MTN": 1,
        "rang_TeS_MOOV": 1,
        "rang_TedS_ORANGE": 2,
        "rang_TedS_MTN": 1,
        "rang_TedS_MOOV": 3,
        "rang_TR3_ORANGE": 1,
        "rang_TR3_MTN": 1,
        "rang_TR3_MOOV": 1,
        "rang_TS_ORANGE": 1,
        "rang_TS_MTN": 1,
        "rang_TS_MOOV": 1,
        "rang_TeRd_ORANGE": 3,
        "rang_TeRd_MTN": 1,
        "rang_TeRd_MOOV": 2
      },
      "id": 26
    },
    {
      "type": "Feature",
      "geometry": {
        "coordinates": [
          -2.8099999999999996,
          8.03
        ],
        "type": "Point"
      },
      "properties": {
        "ADM0_FR": "COMOE",
        "ADM0_PCODE": "CI02",
        "ADM1_FR": "SUD-COMOE",
        "ADM1_PCODE": "CI130",
        "ADM2_FR": "ADIAKE",
        "ADM2_PCODE": "CI3002",
        "ADM3_FR": "ADIAKE",
        "ADM3_PCODE": "CI300201",
        "ADM4_FR": "BONDOUKOU",
        "ADM4_PCODE": "C1424",
        "centerLat": 8.04,
        "centerLng": -2.8,
        "pop": 1837,
        "TeS_MOOV": 0.0,
        "TedS_MOOV": 97.32,
        "TR3_MOOV": 0,
        "TeRd_MOOV": 98.66,
        "TS_MOOV": 100,
        "TeS_MTN": 0.0,
        "TedS_MTN": 99.11,
        "TR3_MTN": 0,
        "TeRd_MTN": 99.11,
        "TS_MTN": 100,
        "TeS_ORANGE": 0.0,
        "TedS_ORANGE": 95.98,
        "TR3_ORANGE": 0,
        "TeRd_ORANGE": 96.43,
        "TS_ORANGE": 100,
        "rang_TeS_ORANGE": 1,
        "rang_TeS_MTN": 1,
        "rang_TeS_MOOV": 1,
        "rang_TedS_ORANGE": 3,
        "rang_TedS_MTN": 1,
        "rang_TedS_MOOV": 2,
        "rang_TR3_ORANGE": 1,
        "rang_TR3_MTN": 1,
        "rang_TR3_MOOV": 1,
        "rang_TS_ORANGE": 1,
        "rang_TS_MTN": 1,
        "rang_TS_MOOV": 1,
        "rang_TeRd_ORANGE": 3,
        "rang_TeRd_MTN": 1,
        "rang_TeRd_MOOV": 2
      },
      "id": 27
    },
    {
      "type": "Feature",
      "geometry": {
        "coordinates": [
          -3.53,
          5.5
        ],
        "type": "Point"
      },
      "properties": {
        "ADM0_FR": "COMOE",
        "ADM0_PCODE": "CI02",
        "ADM1_FR": "SUD-COMOE",
        "ADM1_PCODE": "CI130",
        "ADM2_FR": "GRAND-BASSAM",
        "ADM2_PCODE": "CI3003",
        "ADM3_FR": "BONGO",
        "ADM3_PCODE": "CI300301",
        "ADM4_FR": "BONGO",
        "ADM4_PCODE": "C1432",
        "centerLat": 5.51,
        "centerLng": -3.52,
        "pop": 4033,
        "TeS_MOOV": 0.0,
        "TedS_MOOV": 98.50999999999999,
        "TR3_MOOV": 0,
        "TeRd_MOOV": 100.0,
        "TS_MOOV": 100,
        "TeS_MTN": 0.0,
        "TedS_MTN": 99.5,
        "TR3_MTN": 0,
        "TeRd_MTN": 100.0,
        "TS_MTN": 100,
        "TeS_ORANGE": 0.0,
        "TedS_ORANGE": 97.04,
        "TR3_ORANGE": 0,
        "TeRd_ORANGE": 98.22,
        "TS_ORANGE": 100,
        "rang_TeS_ORANGE": 1,
        "rang_TeS_MTN": 1,
        "rang_TeS_MOOV": 1,
        "rang_TedS_ORANGE": 3,
        "rang_TedS_MTN": 1,
        "rang_TedS_MOOV": 2,
        "rang_TR3_ORANGE": 1,
        "rang_TR3_MTN": 1,
        "rang_TR3_MOOV": 1,
        "rang_TS_ORANGE": 1,
        "rang_TS_MTN": 1,
        "rang_TS_MOOV": 1,
        "rang_TeRd_ORANGE": 3,
        "rang_TeRd_MTN": 1,
        "rang_TeRd_MOOV": 1
      },
      "id": 28
    },
    {
      "type": "Feature",
      "geometry": {
        "coordinates": [
          -5.7613199999999996,
          6.97414
        ],
        "type": "Point"
      },
      "properties": {
        "ADM0_FR": "SASSANDRA-MARAHOUE",
        "ADM0_PCODE": "CI10",
        "ADM1_FR": "MARAHOUE",
        "ADM1_PCODE": "CI123",
        "ADM2_FR": "BOUAFLE",
        "ADM2_PCODE": "CI2301",
        "ADM3_FR": "BOUAFLE",
        "ADM3_PCODE": "CI230103",
        "ADM4_FR": "BOUAFLÉ",
        "ADM4_PCODE": "C1503",
        "centerLat": 6.98414,
        "centerLng": -5.75132,
        "pop": 80389,
        "TeS_MOOV": 0.0,
        "TedS_MOOV": 98.75,
        "TR3_MOOV": 0,
        "TeRd_MOOV": 98.13,
        "TS_MOOV": 100,
        "TeS_MTN": 0.0,
        "TedS_MTN": 98.61,
        "TR3_MTN": 0,
        "TeRd_MTN": 100.0,
        "TS_MTN": 100,
        "TeS_ORANGE": 0.0,
        "TedS_ORANGE": 100.0,
        "TR3_ORANGE": 0,
        "TeRd_ORANGE": 100.0,
        "TS_ORANGE": 100,
        "rang_TeS_ORANGE": 1,
        "rang_TeS_MTN": 1,
        "rang_TeS_MOOV": 1,
        "rang_TedS_ORANGE": 1,
        "rang_TedS_MTN": 3,
        "rang_TedS_MOOV": 2,
        "rang_TR3_ORANGE": 1,
        "rang_TR3_MTN": 1,
        "rang_TR3_MOOV": 1,
        "rang_TS_ORANGE": 1,
        "rang_TS_MTN": 1,
        "rang_TS_MOOV": 1,
        "rang_TeRd_ORANGE": 1,
        "rang_TeRd_MTN": 1,
        "rang_TeRd_MOOV": 3
      },
      "id": 29
    },
    {
      "type": "Feature",
      "geometry": {
        "coordinates": [
          -5.03961,
          7.67791
        ],
        "type": "Point"
      },
      "properties": {
        "ADM0_FR": "VALLEE DU BANDAMA",
        "ADM0_PCODE": "CI12",
        "ADM1_FR": "GBEKE",
        "ADM1_PCODE": "CI111",
        "ADM2_FR": "BOUAKE",
        "ADM2_PCODE": "CI1103",
        "ADM3_FR": "BOUAKE",
        "ADM3_PCODE": "CI110301",
        "ADM4_FR": "BOUAKÉ",
        "ADM4_PCODE": "C1507",
        "centerLat": 7.68791,
        "centerLng": -5.02961,
        "pop": 536719,
        "TeS_MOOV": 0.0,
        "TedS_MOOV": 98.05,
        "TR3_MOOV": 0,
        "TeRd_MOOV": 98.7,
        "TS_MOOV": 100,
        "TeS_MTN": 0.0,
        "TedS_MTN": 98.05,
        "TR3_MTN": 0,
        "TeRd_MTN": 99.68,
        "TS_MTN": 100,
        "TeS_ORANGE": 0.0,
        "TedS_ORANGE": 93.73,
        "TR3_ORANGE": 0,
        "TeRd_ORANGE": 97.05,
        "TS_ORANGE": 100,
        "rang_TeS_ORANGE": 1,
        "rang_TeS_MTN": 1,
        "rang_TeS_MOOV": 1,
        "rang_TedS_ORANGE": 3,
        "rang_TedS_MTN": 1,
        "rang_TedS_MOOV": 1,
        "rang_TR3_ORANGE": 1,
        "rang_TR3_MTN": 1,
        "rang_TR3_MOOV": 1,
        "rang_TS_ORANGE": 1,
        "rang_TS_MTN": 1,
        "rang_TS_MOOV": 1,
        "rang_TeRd_ORANGE": 3,
        "rang_TeRd_MTN": 1,
        "rang_TeRd_MOOV": 2
      },
      "id": 30
    },
    {
      "type": "Feature",
      "geometry": {
        "coordinates": [
          -3.0090899999999996,
          9.25864
        ],
        "type": "Point"
      },
      "properties": {
        "ADM0_FR": "ZANZAN",
        "ADM0_PCODE": "CI14",
        "ADM1_FR": "BOUNKANI",
        "ADM1_PCODE": "CI108",
        "ADM2_FR": "BOUNA",
        "ADM2_PCODE": "CI0801",
        "ADM3_FR": "BOUNA",
        "ADM3_PCODE": "CI080102",
        "ADM4_FR": "BOUNA",
        "ADM4_PCODE": "C1550",
        "centerLat": 9.26864,
        "centerLng": -2.99909,
        "pop": 18755,
        "TeS_MOOV": 0.0,
        "TedS_MOOV": 97.09,
        "TR3_MOOV": 0,
        "TeRd_MOOV": 99.42,
        "TS_MOOV": 100,
        "TeS_MTN": 0.0,
        "TedS_MTN": 100.0,
        "TR3_MTN": 0,
        "TeRd_MTN": 100.0,
        "TS_MTN": 100,
        "TeS_ORANGE": 0.0,
        "TedS_ORANGE": 97.67,
        "TR3_ORANGE": 0,
        "TeRd_ORANGE": 100.0,
        "TS_ORANGE": 100,
        "rang_TeS_ORANGE": 1,
        "rang_TeS_MTN": 1,
        "rang_TeS_MOOV": 1,
        "rang_TedS_ORANGE": 2,
        "rang_TedS_MTN": 1,
        "rang_TedS_MOOV": 3,
        "rang_TR3_ORANGE": 1,
        "rang_TR3_MTN": 1,
        "rang_TR3_MOOV": 1,
        "rang_TS_ORANGE": 1,
        "rang_TS_MTN": 1,
        "rang_TS_MOOV": 1,
        "rang_TeRd_ORANGE": 1,
        "rang_TeRd_MTN": 1,
        "rang_TeRd_MOOV": 3
      },
      "id": 31
    },
    {
      "type": "Feature",
      "geometry": {
        "coordinates": [
          -6.49411,
          9.51143
        ],
        "type": "Point"
      },
      "properties": {
        "ADM0_FR": "SAVANES",
        "ADM0_PCODE": "CI11",
        "ADM1_FR": "BAGOUE",
        "ADM1_PCODE": "CI105",
        "ADM2_FR": "BOUNDIALI",
        "ADM2_PCODE": "CI0501",
        "ADM3_FR": "BOUNDIALI",
        "ADM3_PCODE": "CI050102",
        "ADM4_FR": "BOUNDIALI",
        "ADM4_PCODE": "C1557",
        "centerLat": 9.52143,
        "centerLng": -6.48411,
        "pop": 39962,
        "TeS_MOOV": 0.0,
        "TedS_MOOV": 96.67,
        "TR3_MOOV": 0,
        "TeRd_MOOV": 98.1,
        "TS_MOOV": 100,
        "TeS_MTN": 0.0,
        "TedS_MTN": 100.0,
        "TR3_MTN": 0,
        "TeRd_MTN": 100.0,
        "TS_MTN": 100,
        "TeS_ORANGE": 0.0,
        "TedS_ORANGE": 99.06,
        "TR3_ORANGE": 0,
        "TeRd_ORANGE": 99.53,
        "TS_ORANGE": 100,
        "rang_TeS_ORANGE": 1,
        "rang_TeS_MTN": 1,
        "rang_TeS_MOOV": 1,
        "rang_TedS_ORANGE": 2,
        "rang_TedS_MTN": 1,
        "rang_TedS_MOOV": 3,
        "rang_TR3_ORANGE": 1,
        "rang_TR3_MTN": 1,
        "rang_TR3_MOOV": 1,
        "rang_TS_ORANGE": 1,
        "rang_TS_MTN": 1,
        "rang_TS_MOOV": 1,
        "rang_TeRd_ORANGE": 2,
        "rang_TeRd_MTN": 1,
        "rang_TeRd_MOOV": 3
      },
      "id": 32
    },
    {
      "type": "Feature",
      "geometry": {
        "coordinates": [
          -4.43938,
          8.35405
        ],
        "type": "Point"
      },
      "properties": {
        "ADM0_FR": "VALLEE DU BANDAMA",
        "ADM0_PCODE": "CI12",
        "ADM1_FR": "HAMBOL",
        "ADM1_PCODE": "CI117",
        "ADM2_FR": "DABAKALA",
        "ADM2_PCODE": "CI1701",
        "ADM3_FR": "DABAKALA",
        "ADM3_PCODE": "CI170103",
        "ADM4_FR": "DABAKALA",
        "ADM4_PCODE": "C1689",
        "centerLat": 8.36405,
        "centerLng": -4.42938,
        "pop": 14134,
        "TeS_MOOV": 0.0,
        "TedS_MOOV": 97.96000000000001,
        "TR3_MOOV": 0,
        "TeRd_MOOV": 98.47,
        "TS_MOOV": 100,
        "TeS_MTN": 0.0,
        "TedS_MTN": 95.54,
        "TR3_MTN": 0,
        "TeRd_MTN": 97.32,
        "TS_MTN": 100,
        "TeS_ORANGE": 4.38,
        "TedS_ORANGE": 99.35000000000001,
        "TR3_ORANGE": 0,
        "TeRd_ORANGE": 99.35000000000001,
        "TS_ORANGE": 100,
        "rang_TeS_ORANGE": 3,
        "rang_TeS_MTN": 1,
        "rang_TeS_MOOV": 1,
        "rang_TedS_ORANGE": 1,
        "rang_TedS_MTN": 3,
        "rang_TedS_MOOV": 2,
        "rang_TR3_ORANGE": 1,
        "rang_TR3_MTN": 1,
        "rang_TR3_MOOV": 1,
        "rang_TS_ORANGE": 1,
        "rang_TS_MTN": 1,
        "rang_TS_MOOV": 1,
        "rang_TeRd_ORANGE": 1,
        "rang_TeRd_MTN": 3,
        "rang_TeRd_MOOV": 2
      },
      "id": 33
    },
    {
      "type": "Feature",
      "geometry": {
        "coordinates": [
          -4.39208,
          5.31271
        ],
        "type": "Point"
      },
      "properties": {
        "ADM0_FR": "LAGUNES",
        "ADM0_PCODE": "CI08",
        "ADM1_FR": "GRANDS-PONTS",
        "ADM1_PCODE": "CI115",
        "ADM2_FR": "DABOU",
        "ADM2_PCODE": "CI1501",
        "ADM3_FR": "DABOU",
        "ADM3_PCODE": "CI150101",
        "ADM4_FR": "DABOU",
        "ADM4_PCODE": "C1708",
        "centerLat": 5.32271,
        "centerLng": -4.38208,
        "pop": 61942,
        "TeS_MOOV": 0.0,
        "TedS_MOOV": 95.12,
        "TR3_MOOV": 0,
        "TeRd_MOOV": 97.07000000000001,
        "TS_MOOV": 100,
        "TeS_MTN": 0.48,
        "TedS_MTN": 97.57000000000001,
        "TR3_MTN": 0,
        "TeRd_MTN": 99.03,
        "TS_MTN": 100,
        "TeS_ORANGE": 3.8600000000000003,
        "TedS_ORANGE": 96.98,
        "TR3_ORANGE": 0,
        "TeRd_ORANGE": 100.0,
        "TS_ORANGE": 100,
        "rang_TeS_ORANGE": 3,
        "rang_TeS_MTN": 2,
        "rang_TeS_MOOV": 1,
        "rang_TedS_ORANGE": 2,
        "rang_TedS_MTN": 1,
        "rang_TedS_MOOV": 3,
        "rang_TR3_ORANGE": 1,
        "rang_TR3_MTN": 1,
        "rang_TR3_MOOV": 1,
        "rang_TS_ORANGE": 1,
        "rang_TS_MTN": 1,
        "rang_TS_MOOV": 1,
        "rang_TeRd_ORANGE": 1,
        "rang_TeRd_MTN": 2,
        "rang_TeRd_MOOV": 3
      },
      "id": 34
    },
    {
      "type": "Feature",
      "geometry": {
        "coordinates": [
          -6.4586,
          6.878150000000001
        ],
        "type": "Point"
      },
      "properties": {
        "ADM0_FR": "SASSANDRA-MARAHOUE",
        "ADM0_PCODE": "CI10",
        "ADM1_FR": "HAUT-SASSANDRA",
        "ADM1_PCODE": "CI118",
        "ADM2_FR": "DALOA",
        "ADM2_PCODE": "CI1801",
        "ADM3_FR": "DALOA",
        "ADM3_PCODE": "CI180102",
        "ADM4_FR": "DALOA",
        "ADM4_PCODE": "C1779",
        "centerLat": 6.88815,
        "centerLng": -6.4486,
        "pop": 245360,
        "TeS_MOOV": 0.0,
        "TedS_MOOV": 94.93,
        "TR3_MOOV": 0,
        "TeRd_MOOV": 97.7,
        "TS_MOOV": 100,
        "TeS_MTN": 0.0,
        "TedS_MTN": 98.64,
        "TR3_MTN": 0,
        "TeRd_MTN": 99.55000000000001,
        "TS_MTN": 100,
        "TeS_ORANGE": 0.0,
        "TedS_ORANGE": 95.5,
        "TR3_ORANGE": 0,
        "TeRd_ORANGE": 96.0,
        "TS_ORANGE": 100,
        "rang_TeS_ORANGE": 1,
        "rang_TeS_MTN": 1,
        "rang_TeS_MOOV": 1,
        "rang_TedS_ORANGE": 2,
        "rang_TedS_MTN": 1,
        "rang_TedS_MOOV": 3,
        "rang_TR3_ORANGE": 1,
        "rang_TR3_MTN": 1,
        "rang_TR3_MOOV": 1,
        "rang_TS_ORANGE": 1,
        "rang_TS_MTN": 1,
        "rang_TS_MOOV": 1,
        "rang_TeRd_ORANGE": 3,
        "rang_TeRd_MTN": 1,
        "rang_TeRd_MOOV": 2
      },
      "id": 35
    },
    {
      "type": "Feature",
      "geometry": {
        "coordinates": [
          -6.3723,
          7.60088
        ],
        "type": "Point"
      },
      "properties": {
        "ADM0_FR": "SASSANDRA-MARAHOUE",
        "ADM0_PCODE": "CI10",
        "ADM1_FR": "HAUT-SASSANDRA",
        "ADM1_PCODE": "CI118",
        "ADM2_FR": "VAVOUA",
        "ADM2_PCODE": "CI1803",
        "ADM3_FR": "DANANON",
        "ADM3_PCODE": "CI180303",
        "ADM4_FR": "DANANON",
        "ADM4_PCODE": "C1794",
        "centerLat": 7.61088,
        "centerLng": -6.3623,
        "pop": 3911,
        "TeS_MOOV": 0.0,
        "TedS_MOOV": 98.44000000000001,
        "TR3_MOOV": 0,
        "TeRd_MOOV": 97.92,
        "TS_MOOV": 100,
        "TeS_MTN": 0.0,
        "TedS_MTN": 91.67,
        "TR3_MTN": 0,
        "TeRd_MTN": 100.0,
        "TS_MTN": 100,
        "TeS_ORANGE": 0.0,
        "TedS_ORANGE": 89.58,
        "TR3_ORANGE": 0,
        "TeRd_ORANGE": 89.58,
        "TS_ORANGE": 100,
        "rang_TeS_ORANGE": 1,
        "rang_TeS_MTN": 1,
        "rang_TeS_MOOV": 1,
        "rang_TedS_ORANGE": 3,
        "rang_TedS_MTN": 2,
        "rang_TedS_MOOV": 1,
        "rang_TR3_ORANGE": 1,
        "rang_TR3_MTN": 1,
        "rang_TR3_MOOV": 1,
        "rang_TS_ORANGE": 1,
        "rang_TS_MTN": 1,
        "rang_TS_MOOV": 1,
        "rang_TeRd_ORANGE": 3,
        "rang_TeRd_MTN": 1,
        "rang_TeRd_MOOV": 2
      },
      "id": 36
    },
    {
      "type": "Feature",
      "geometry": {
        "coordinates": [
          -5.17657,
          9.91607
        ],
        "type": "Point"
      },
      "properties": {
        "ADM0_FR": "SAVANES",
        "ADM0_PCODE": "CI11",
        "ADM1_FR": "TCHOLOGO",
        "ADM1_PCODE": "CI131",
        "ADM2_FR": "FERKESSEDOUGOU",
        "ADM2_PCODE": "CI3101",
        "ADM3_FR": "FERKESSEDOUGOU",
        "ADM3_PCODE": "CI310101",
        "ADM4_FR": "DÉTIKAHA",
        "ADM4_PCODE": "C1902",
        "centerLat": 9.92607,
        "centerLng": -5.16657,
        "pop": 1447,
        "TeS_MOOV": 0.0,
        "TedS_MOOV": 84.31,
        "TR3_MOOV": 0,
        "TeRd_MOOV": 85.28999999999999,
        "TS_MOOV": 100,
        "TeS_MTN": 1.05,
        "TedS_MTN": 67.02,
        "TR3_MTN": 0,
        "TeRd_MTN": 89.36,
        "TS_MTN": 100,
        "TeS_ORANGE": 0.0,
        "TedS_ORANGE": 90.29,
        "TR3_ORANGE": 0,
        "TeRd_ORANGE": 95.15,
        "TS_ORANGE": 100,
        "rang_TeS_ORANGE": 1,
        "rang_TeS_MTN": 3,
        "rang_TeS_MOOV": 1,
        "rang_TedS_ORANGE": 1,
        "rang_TedS_MTN": 3,
        "rang_TedS_MOOV": 2,
        "rang_TR3_ORANGE": 1,
        "rang_TR3_MTN": 1,
        "rang_TR3_MOOV": 1,
        "rang_TS_ORANGE": 1,
        "rang_TS_MTN": 1,
        "rang_TS_MOOV": 1,
        "rang_TeRd_ORANGE": 1,
        "rang_TeRd_MTN": 2,
        "rang_TeRd_MOOV": 3
      },
      "id": 37
    },
    {
      "type": "Feature",
      "geometry": {
        "coordinates": [
          -5.36702,
          5.82833
        ],
        "type": "Point"
      },
      "properties": {
        "ADM0_FR": "GOH-DJIBOUA",
        "ADM0_PCODE": "CI06",
        "ADM1_FR": "LOH-DJIBOUA",
        "ADM1_PCODE": "CI122",
        "ADM2_FR": "DIVO",
        "ADM2_PCODE": "CI2201",
        "ADM3_FR": "DIVO",
        "ADM3_PCODE": "CI220103",
        "ADM4_FR": "DIVO",
        "ADM4_PCODE": "C2117",
        "centerLat": 5.83833,
        "centerLng": -5.35702,
        "pop": 105397,
        "TeS_MOOV": 0.0,
        "TedS_MOOV": 92.45,
        "TR3_MOOV": 0,
        "TeRd_MOOV": 95.6,
        "TS_MOOV": 100,
        "TeS_MTN": 0.0,
        "TedS_MTN": 98.75,
        "TR3_MTN": 0,
        "TeRd_MTN": 100.0,
        "TS_MTN": 100,
        "TeS_ORANGE": 0.0,
        "TedS_ORANGE": 98.82,
        "TR3_ORANGE": 0,
        "TeRd_ORANGE": 100.0,
        "TS_ORANGE": 100,
        "rang_TeS_ORANGE": 1,
        "rang_TeS_MTN": 1,
        "rang_TeS_MOOV": 1,
        "rang_TedS_ORANGE": 1,
        "rang_TedS_MTN": 2,
        "rang_TedS_MOOV": 3,
        "rang_TR3_ORANGE": 1,
        "rang_TR3_MTN": 1,
        "rang_TR3_MOOV": 1,
        "rang_TS_ORANGE": 1,
        "rang_TS_MTN": 1,
        "rang_TS_MOOV": 1,
        "rang_TeRd_ORANGE": 1,
        "rang_TeRd_MTN": 1,
        "rang_TeRd_MOOV": 3
      },
      "id": 38
    },
    {
      "type": "Feature",
      "geometry": {
        "coordinates": [
          -3.35132,
          9.79814
        ],
        "type": "Point"
      },
      "properties": {
        "ADM0_FR": "ZANZAN",
        "ADM0_PCODE": "CI14",
        "ADM1_FR": "BOUNKANI",
        "ADM1_PCODE": "CI108",
        "ADM2_FR": "DOROPO",
        "ADM2_PCODE": "CI0802",
        "ADM3_FR": "DOROPO",
        "ADM3_PCODE": "CI080202",
        "ADM4_FR": "DOROPO",
        "ADM4_PCODE": "C2324",
        "centerLat": 9.80814,
        "centerLng": -3.34132,
        "pop": 14388,
        "TeS_MOOV": 0.0,
        "TedS_MOOV": 95.12,
        "TR3_MOOV": 0,
        "TeRd_MOOV": 98.78,
        "TS_MOOV": 100,
        "TeS_MTN": 0.0,
        "TedS_MTN": 99.39,
        "TR3_MTN": 0,
        "TeRd_MTN": 98.17,
        "TS_MTN": 100,
        "TeS_ORANGE": 0.0,
        "TedS_ORANGE": 99.31,
        "TR3_ORANGE": 0,
        "TeRd_ORANGE": 100.0,
        "TS_ORANGE": 100,
        "rang_TeS_ORANGE": 1,
        "rang_TeS_MTN": 1,
        "rang_TeS_MOOV": 1,
        "rang_TedS_ORANGE": 2,
        "rang_TedS_MTN": 1,
        "rang_TedS_MOOV": 3,
        "rang_TR3_ORANGE": 1,
        "rang_TR3_MTN": 1,
        "rang_TR3_MOOV": 1,
        "rang_TS_ORANGE": 1,
        "rang_TS_MTN": 1,
        "rang_TS_MOOV": 1,
        "rang_TeRd_ORANGE": 1,
        "rang_TeRd_MTN": 3,
        "rang_TeRd_MOOV": 2
      },
      "id": 39
    },
    {
      "type": "Feature",
      "geometry": {
        "coordinates": [
          -7.41,
          7.44
        ],
        "type": "Point"
      },
      "properties": {
        "ADM0_FR": "MONTAGNES",
        "ADM0_PCODE": "CI09",
        "ADM1_FR": "TONKPI",
        "ADM1_PCODE": "CI132",
        "ADM2_FR": "MAN",
        "ADM2_PCODE": "CI3203",
        "ADM3_FR": "FAGNAMPLEU",
        "ADM3_PCODE": "CI320303",
        "ADM4_FR": "FAGNAMPLEU",
        "ADM4_PCODE": "C2530",
        "centerLat": 7.45,
        "centerLng": -7.4,
        "pop": 1701,
        "TeS_MOOV": 0.0,
        "TedS_MOOV": 84.83000000000001,
        "TR3_MOOV": 0,
        "TeRd_MOOV": 93.84,
        "TS_MOOV": 100,
        "TeS_MTN": 7.03,
        "TedS_MTN": 63.029999999999994,
        "TR3_MTN": 0,
        "TeRd_MTN": 85.71,
        "TS_MTN": 100,
        "TeS_ORANGE": 5.88,
        "TedS_ORANGE": 79.17,
        "TR3_ORANGE": 0,
        "TeRd_ORANGE": 93.75,
        "TS_ORANGE": 100,
        "rang_TeS_ORANGE": 2,
        "rang_TeS_MTN": 3,
        "rang_TeS_MOOV": 1,
        "rang_TedS_ORANGE": 2,
        "rang_TedS_MTN": 3,
        "rang_TedS_MOOV": 1,
        "rang_TR3_ORANGE": 1,
        "rang_TR3_MTN": 1,
        "rang_TR3_MOOV": 1,
        "rang_TS_ORANGE": 1,
        "rang_TS_MTN": 1,
        "rang_TS_MOOV": 1,
        "rang_TeRd_ORANGE": 2,
        "rang_TeRd_MTN": 3,
        "rang_TeRd_MOOV": 1
      },
      "id": 40
    },
    {
      "type": "Feature",
      "geometry": {
        "coordinates": [
          -5.954359999999999,
          6.11836
        ],
        "type": "Point"
      },
      "properties": {
        "ADM0_FR": "GOH-DJIBOUA",
        "ADM0_PCODE": "CI06",
        "ADM1_FR": "GOH",
        "ADM1_PCODE": "CI113",
        "ADM2_FR": "GAGNOA",
        "ADM2_PCODE": "CI1301",
        "ADM3_FR": "GAGNOA",
        "ADM3_PCODE": "CI130106",
        "ADM4_FR": "GAGNOA",
        "ADM4_PCODE": "C2707",
        "centerLat": 6.12836,
        "centerLng": -5.94436,
        "pop": 160465,
        "TeS_MOOV": 0.5,
        "TedS_MOOV": 94.97,
        "TR3_MOOV": 0,
        "TeRd_MOOV": 95.48,
        "TS_MOOV": 100,
        "TeS_MTN": 0.0,
        "TedS_MTN": 98.55000000000001,
        "TR3_MTN": 0,
        "TeRd_MTN": 99.52,
        "TS_MTN": 100,
        "TeS_ORANGE": 0.0,
        "TedS_ORANGE": 95.65,
        "TR3_ORANGE": 0,
        "TeRd_ORANGE": 100.0,
        "TS_ORANGE": 100,
        "rang_TeS_ORANGE": 1,
        "rang_TeS_MTN": 1,
        "rang_TeS_MOOV": 3,
        "rang_TedS_ORANGE": 2,
        "rang_TedS_MTN": 1,
        "rang_TedS_MOOV": 3,
        "rang_TR3_ORANGE": 1,
        "rang_TR3_MTN": 1,
        "rang_TR3_MOOV": 1,
        "rang_TS_ORANGE": 1,
        "rang_TS_MTN": 1,
        "rang_TS_MOOV": 1,
        "rang_TeRd_ORANGE": 1,
        "rang_TeRd_MTN": 2,
        "rang_TeRd_MOOV": 3
      },
      "id": 41
    },
    {
      "type": "Feature",
      "geometry": {
        "coordinates": [
          -5.01208,
          5.23919
        ],
        "type": "Point"
      },
      "properties": {
        "ADM0_FR": "LAGUNES",
        "ADM0_PCODE": "CI08",
        "ADM1_FR": "GRANDS-PONTS",
        "ADM1_PCODE": "CI115",
        "ADM2_FR": "GRAND-LAHOU",
        "ADM2_PCODE": "CI1502",
        "ADM3_FR": "GRAND-LAHOU",
        "ADM3_PCODE": "CI150204",
        "ADM4_FR": "GRAND-LAHOU",
        "ADM4_PCODE": "C3376",
        "centerLat": 5.24919,
        "centerLng": -5.00208,
        "pop": 28470,
        "TeS_MOOV": 0.0,
        "TedS_MOOV": 95.73,
        "TR3_MOOV": 0,
        "TeRd_MOOV": 99.39,
        "TS_MOOV": 100,
        "TeS_MTN": 0.0,
        "TedS_MTN": 99.44,
        "TR3_MTN": 0,
        "TeRd_MTN": 100.0,
        "TS_MTN": 100,
        "TeS_ORANGE": 0.0,
        "TedS_ORANGE": 96.67,
        "TR3_ORANGE": 0,
        "TeRd_ORANGE": 99.44,
        "TS_ORANGE": 100,
        "rang_TeS_ORANGE": 1,
        "rang_TeS_MTN": 1,
        "rang_TeS_MOOV": 1,
        "rang_TedS_ORANGE": 2,
        "rang_TedS_MTN": 1,
        "rang_TedS_MOOV": 3,
        "rang_TR3_ORANGE": 1,
        "rang_TR3_MTN": 1,
        "rang_TR3_MOOV": 1,
        "rang_TS_ORANGE": 1,
        "rang_TS_MTN": 1,
        "rang_TS_MOOV": 1,
        "rang_TeRd_ORANGE": 2,
        "rang_TeRd_MTN": 1,
        "rang_TeRd_MOOV": 3
      },
      "id": 42
    },
    {
      "type": "Feature",
      "geometry": {
        "coordinates": [
          -6.64382,
          5.8057300000000005
        ],
        "type": "Point"
      },
      "properties": {
        "ADM0_FR": "BAS-SASSANDRA",
        "ADM0_PCODE": "CI01",
        "ADM1_FR": "NAWA",
        "ADM1_PCODE": "CI126",
        "ADM2_FR": "SOUBRE",
        "ADM2_PCODE": "CI2604",
        "ADM3_FR": "SOUBRE",
        "ADM3_PCODE": "CI260401",
        "ADM4_FR": "GUÉYO",
        "ADM4_PCODE": "C3469",
        "centerLat": 5.81573,
        "centerLng": -6.63382,
        "pop": 242,
        "TeS_MOOV": 0.0,
        "TedS_MOOV": 93.69,
        "TR3_MOOV": 0,
        "TeRd_MOOV": 96.12,
        "TS_MOOV": 100,
        "TeS_MTN": 0.0,
        "TedS_MTN": 99.03,
        "TR3_MTN": 0,
        "TeRd_MTN": 99.52,
        "TS_MTN": 100,
        "TeS_ORANGE": 0.0,
        "TedS_ORANGE": 98.61999999999999,
        "TR3_ORANGE": 0,
        "TeRd_ORANGE": 100.0,
        "TS_ORANGE": 100,
        "rang_TeS_ORANGE": 1,
        "rang_TeS_MTN": 1,
        "rang_TeS_MOOV": 1,
        "rang_TedS_ORANGE": 2,
        "rang_TedS_MTN": 1,
        "rang_TedS_MOOV": 3,
        "rang_TR3_ORANGE": 1,
        "rang_TR3_MTN": 1,
        "rang_TR3_MOOV": 1,
        "rang_TS_ORANGE": 1,
        "rang_TS_MTN": 1,
        "rang_TS_MOOV": 1,
        "rang_TeRd_ORANGE": 1,
        "rang_TeRd_MTN": 2,
        "rang_TeRd_MOOV": 3
      },
      "id": 43
    },
    {
      "type": "Feature",
      "geometry": {
        "coordinates": [
          -7.49625,
          6.53472
        ],
        "type": "Point"
      },
      "properties": {
        "ADM0_FR": "MONTAGNES",
        "ADM0_PCODE": "CI09",
        "ADM1_FR": "CAVALLY",
        "ADM1_PCODE": "CI109",
        "ADM2_FR": "GUIGLO",
        "ADM2_PCODE": "CI0902",
        "ADM3_FR": "GUIGLO",
        "ADM3_PCODE": "CI090201",
        "ADM4_FR": "GUIGLO",
        "ADM4_PCODE": "C3495",
        "centerLat": 6.54472,
        "centerLng": -7.48625,
        "pop": 52544,
        "TeS_MOOV": 0.0,
        "TedS_MOOV": 66.51,
        "TR3_MOOV": 0,
        "TeRd_MOOV": 89.91,
        "TS_MOOV": 100,
        "TeS_MTN": 0.0,
        "TedS_MTN": 98.21,
        "TR3_MTN": 0,
        "TeRd_MTN": 100.0,
        "TS_MTN": 100,
        "TeS_ORANGE": 0.0,
        "TedS_ORANGE": 96.39999999999999,
        "TR3_ORANGE": 0,
        "TeRd_ORANGE": 98.2,
        "TS_ORANGE": 100,
        "rang_TeS_ORANGE": 1,
        "rang_TeS_MTN": 1,
        "rang_TeS_MOOV": 1,
        "rang_TedS_ORANGE": 2,
        "rang_TedS_MTN": 1,
        "rang_TedS_MOOV": 3,
        "rang_TR3_ORANGE": 1,
        "rang_TR3_MTN": 1,
        "rang_TR3_MOOV": 1,
        "rang_TS_ORANGE": 1,
        "rang_TS_MTN": 1,
        "rang_TS_MOOV": 1,
        "rang_TeRd_ORANGE": 2,
        "rang_TeRd_MTN": 1,
        "rang_TeRd_MOOV": 3
      },
      "id": 44
    },
    {
      "type": "Feature",
      "geometry": {
        "coordinates": [
          -5.25131,
          5.50964
        ],
        "type": "Point"
      },
      "properties": {
        "ADM0_FR": "GOH-DJIBOUA",
        "ADM0_PCODE": "CI06",
        "ADM1_FR": "LOH-DJIBOUA",
        "ADM1_PCODE": "CI122",
        "ADM2_FR": "GUITRY",
        "ADM2_PCODE": "CI2202",
        "ADM3_FR": "GUITRY",
        "ADM3_PCODE": "CI220201",
        "ADM4_FR": "GUITRY",
        "ADM4_PCODE": "C3525",
        "centerLat": 5.51964,
        "centerLng": -5.24131,
        "pop": 11445,
        "TeS_MOOV": 0.0,
        "TedS_MOOV": 94.78999999999999,
        "TR3_MOOV": 0,
        "TeRd_MOOV": 98.96000000000001,
        "TS_MOOV": 100,
        "TeS_MTN": 0.0,
        "TedS_MTN": 100.0,
        "TR3_MTN": 0,
        "TeRd_MTN": 100.0,
        "TS_MTN": 100,
        "TeS_ORANGE": 0.0,
        "TedS_ORANGE": 97.97,
        "TR3_ORANGE": 0,
        "TeRd_ORANGE": 100.0,
        "TS_ORANGE": 100,
        "rang_TeS_ORANGE": 1,
        "rang_TeS_MTN": 1,
        "rang_TeS_MOOV": 1,
        "rang_TedS_ORANGE": 2,
        "rang_TedS_MTN": 1,
        "rang_TedS_MOOV": 3,
        "rang_TR3_ORANGE": 1,
        "rang_TR3_MTN": 1,
        "rang_TR3_MOOV": 1,
        "rang_TS_ORANGE": 1,
        "rang_TS_MTN": 1,
        "rang_TS_MOOV": 1,
        "rang_TeRd_ORANGE": 1,
        "rang_TeRd_MTN": 1,
        "rang_TeRd_MOOV": 3
      },
      "id": 45
    },
    {
      "type": "Feature",
      "geometry": {
        "coordinates": [
          -7.72485,
          6.559270000000001
        ],
        "type": "Point"
      },
      "properties": {
        "ADM0_FR": "MONTAGNES",
        "ADM0_PCODE": "CI09",
        "ADM1_FR": "CAVALLY",
        "ADM1_PCODE": "CI109",
        "ADM2_FR": "GUIGLO",
        "ADM2_PCODE": "CI0902",
        "ADM3_FR": "KAADE",
        "ADM3_PCODE": "CI090203",
        "ADM4_FR": "KAADE",
        "ADM4_PCODE": "C3609",
        "centerLat": 6.56927,
        "centerLng": -7.71485,
        "pop": 6853,
        "TeS_MOOV": 1.21,
        "TedS_MOOV": 76.69,
        "TR3_MOOV": 0,
        "TeRd_MOOV": 92.64,
        "TS_MOOV": 100,
        "TeS_MTN": 0.0,
        "TedS_MTN": 70.59,
        "TR3_MTN": 0,
        "TeRd_MTN": 87.06,
        "TS_MTN": 100,
        "TeS_ORANGE": 0.0,
        "TedS_ORANGE": 98.85000000000001,
        "TR3_ORANGE": 0,
        "TeRd_ORANGE": 100.0,
        "TS_ORANGE": 100,
        "rang_TeS_ORANGE": 1,
        "rang_TeS_MTN": 1,
        "rang_TeS_MOOV": 3,
        "rang_TedS_ORANGE": 1,
        "rang_TedS_MTN": 3,
        "rang_TedS_MOOV": 2,
        "rang_TR3_ORANGE": 1,
        "rang_TR3_MTN": 1,
        "rang_TR3_MOOV": 1,
        "rang_TS_ORANGE": 1,
        "rang_TS_MTN": 1,
        "rang_TS_MOOV": 1,
        "rang_TeRd_ORANGE": 1,
        "rang_TeRd_MTN": 3,
        "rang_TeRd_MOOV": 2
      },
      "id": 46
    },
    {
      "type": "Feature",
      "geometry": {
        "coordinates": [
          -7.52257,
          9.80604
        ],
        "type": "Point"
      },
      "properties": {
        "ADM0_FR": "DENGUELE",
        "ADM0_PCODE": "CI03",
        "ADM1_FR": "FOLON",
        "ADM1_PCODE": "CI110",
        "ADM2_FR": "KANIASSO",
        "ADM2_PCODE": "CI1001",
        "ADM3_FR": "KANIASSO",
        "ADM3_PCODE": "CI100102",
        "ADM4_FR": "KANIASSO",
        "ADM4_PCODE": "C3788",
        "centerLat": 9.81604,
        "centerLng": -7.51257,
        "pop": 2545,
        "TeS_MOOV": 0.0,
        "TedS_MOOV": 93.02,
        "TR3_MOOV": 0,
        "TeRd_MOOV": 95.35,
        "TS_MOOV": 100,
        "TeS_MTN": 0.0,
        "TedS_MTN": 98.72,
        "TR3_MTN": 0,
        "TeRd_MTN": 100.0,
        "TS_MTN": 100,
        "TeS_ORANGE": 0.0,
        "TedS_ORANGE": 100.0,
        "TR3_ORANGE": 0,
        "TeRd_ORANGE": 99.57000000000001,
        "TS_ORANGE": 100,
        "rang_TeS_ORANGE": 1,
        "rang_TeS_MTN": 1,
        "rang_TeS_MOOV": 1,
        "rang_TedS_ORANGE": 1,
        "rang_TedS_MTN": 2,
        "rang_TedS_MOOV": 3,
        "rang_TR3_ORANGE": 1,
        "rang_TR3_MTN": 1,
        "rang_TR3_MOOV": 1,
        "rang_TS_ORANGE": 1,
        "rang_TS_MTN": 1,
        "rang_TS_MOOV": 1,
        "rang_TeRd_ORANGE": 2,
        "rang_TeRd_MTN": 1,
        "rang_TeRd_MOOV": 3
      },
      "id": 47
    },
    {
      "type": "Feature",
      "geometry": {
        "coordinates": [
          -5.109999999999999,
          8.17
        ],
        "type": "Point"
      },
      "properties": {
        "ADM0_FR": "VALLEE DU BANDAMA",
        "ADM0_PCODE": "CI12",
        "ADM1_FR": "HAMBOL",
        "ADM1_PCODE": "CI117",
        "ADM2_FR": "KATIOLA",
        "ADM2_PCODE": "CI1702",
        "ADM3_FR": "KATIOLA",
        "ADM3_PCODE": "CI170201",
        "ADM4_FR": "KATIONON2",
        "ADM4_PCODE": "C3917",
        "centerLat": 8.18,
        "centerLng": -5.1,
        "pop": 1124,
        "TeS_MOOV": 0.0,
        "TedS_MOOV": 96.81,
        "TR3_MOOV": 0,
        "TeRd_MOOV": 96.81,
        "TS_MOOV": 100,
        "TeS_MTN": 0.0,
        "TedS_MTN": 99.00999999999999,
        "TR3_MTN": 0,
        "TeRd_MTN": 100.0,
        "TS_MTN": 100,
        "TeS_ORANGE": 0.0,
        "TedS_ORANGE": 94.78999999999999,
        "TR3_ORANGE": 0,
        "TeRd_ORANGE": 98.96000000000001,
        "TS_ORANGE": 100,
        "rang_TeS_ORANGE": 1,
        "rang_TeS_MTN": 1,
        "rang_TeS_MOOV": 1,
        "rang_TedS_ORANGE": 3,
        "rang_TedS_MTN": 1,
        "rang_TedS_MOOV": 2,
        "rang_TR3_ORANGE": 1,
        "rang_TR3_MTN": 1,
        "rang_TR3_MOOV": 1,
        "rang_TS_ORANGE": 1,
        "rang_TS_MTN": 1,
        "rang_TS_MOOV": 1,
        "rang_TeRd_ORANGE": 2,
        "rang_TeRd_MTN": 1,
        "rang_TeRd_MOOV": 3
      },
      "id": 48
    },
    {
      "type": "Feature",
      "geometry": {
        "coordinates": [
          -4.62251,
          9.14113
        ],
        "type": "Point"
      },
      "properties": {
        "ADM0_FR": "SAVANES",
        "ADM0_PCODE": "CI11",
        "ADM1_FR": "TCHOLOGO",
        "ADM1_PCODE": "CI131",
        "ADM2_FR": "KONG",
        "ADM2_PCODE": "CI3102",
        "ADM3_FR": "KONG",
        "ADM3_PCODE": "CI310201",
        "ADM4_FR": "KONG",
        "ADM4_PCODE": "C4324",
        "centerLat": 9.15113,
        "centerLng": -4.61251,
        "pop": 11774,
        "TeS_MOOV": 0.0,
        "TedS_MOOV": 98.67,
        "TR3_MOOV": 0,
        "TeRd_MOOV": 98.22,
        "TS_MOOV": 100,
        "TeS_MTN": 0.0,
        "TedS_MTN": 100.0,
        "TR3_MTN": 0,
        "TeRd_MTN": 100.0,
        "TS_MTN": 100,
        "TeS_ORANGE": 0.0,
        "TedS_ORANGE": 100.0,
        "TR3_ORANGE": 0,
        "TeRd_ORANGE": 100.0,
        "TS_ORANGE": 100,
        "rang_TeS_ORANGE": 1,
        "rang_TeS_MTN": 1,
        "rang_TeS_MOOV": 1,
        "rang_TedS_ORANGE": 1,
        "rang_TedS_MTN": 1,
        "rang_TedS_MOOV": 3,
        "rang_TR3_ORANGE": 1,
        "rang_TR3_MTN": 1,
        "rang_TR3_MOOV": 1,
        "rang_TS_ORANGE": 1,
        "rang_TS_MTN": 1,
        "rang_TS_MOOV": 1,
        "rang_TeRd_ORANGE": 1,
        "rang_TeRd_MTN": 1,
        "rang_TeRd_MOOV": 3
      },
      "id": 49
    },
    {
      "type": "Feature",
      "geometry": {
        "coordinates": [
          -6.08949,
          7.80589
        ],
        "type": "Point"
      },
      "properties": {
        "ADM0_FR": "WOROBA",
        "ADM0_PCODE": "CI13",
        "ADM1_FR": "BERE",
        "ADM1_PCODE": "CI107",
        "ADM2_FR": "KOUNAHIRI",
        "ADM2_PCODE": "CI0702",
        "ADM3_FR": "KONGASSO",
        "ADM3_PCODE": "CI070202",
        "ADM4_FR": "KONGASSO",
        "ADM4_PCODE": "C4327",
        "centerLat": 7.81589,
        "centerLng": -6.07949,
        "pop": 4714,
        "TeS_MOOV": 0.0,
        "TedS_MOOV": 91.14999999999999,
        "TR3_MOOV": 0,
        "TeRd_MOOV": 96.46000000000001,
        "TS_MOOV": 100,
        "TeS_MTN": 0.0,
        "TedS_MTN": 100.0,
        "TR3_MTN": 0,
        "TeRd_MTN": 100.0,
        "TS_MTN": 100,
        "TeS_ORANGE": 0.0,
        "TedS_ORANGE": 100.0,
        "TR3_ORANGE": 0,
        "TeRd_ORANGE": 100.0,
        "TS_ORANGE": 100,
        "rang_TeS_ORANGE": 1,
        "rang_TeS_MTN": 1,
        "rang_TeS_MOOV": 1,
        "rang_TedS_ORANGE": 1,
        "rang_TedS_MTN": 1,
        "rang_TedS_MOOV": 3,
        "rang_TR3_ORANGE": 1,
        "rang_TR3_MTN": 1,
        "rang_TR3_MOOV": 1,
        "rang_TS_ORANGE": 1,
        "rang_TS_MTN": 1,
        "rang_TS_MOOV": 1,
        "rang_TeRd_ORANGE": 1,
        "rang_TeRd_MTN": 1,
        "rang_TeRd_MOOV": 3
      },
      "id": 50
    },
    {
      "type": "Feature",
      "geometry": {
        "coordinates": [
          -5.6475,
          9.44799
        ],
        "type": "Point"
      },
      "properties": {
        "ADM0_FR": "SAVANES",
        "ADM0_PCODE": "CI11",
        "ADM1_FR": "PORO",
        "ADM1_PCODE": "CI128",
        "ADM2_FR": "KORHOGO",
        "ADM2_PCODE": "CI2802",
        "ADM3_FR": "KORHOGO",
        "ADM3_PCODE": "CI280201",
        "ADM4_FR": "KORHOGO",
        "ADM4_PCODE": "C4410",
        "centerLat": 9.45799,
        "centerLng": -5.6375,
        "pop": 243048,
        "TeS_MOOV": 0.0,
        "TedS_MOOV": 98.53,
        "TR3_MOOV": 0,
        "TeRd_MOOV": 98.53,
        "TS_MOOV": 100,
        "TeS_MTN": 0.0,
        "TedS_MTN": 98.00999999999999,
        "TR3_MTN": 0,
        "TeRd_MTN": 100.0,
        "TS_MTN": 100,
        "TeS_ORANGE": 0.0,
        "TedS_ORANGE": 97.54,
        "TR3_ORANGE": 0,
        "TeRd_ORANGE": 100.0,
        "TS_ORANGE": 100,
        "rang_TeS_ORANGE": 1,
        "rang_TeS_MTN": 1,
        "rang_TeS_MOOV": 1,
        "rang_TedS_ORANGE": 3,
        "rang_TedS_MTN": 2,
        "rang_TedS_MOOV": 1,
        "rang_TR3_ORANGE": 1,
        "rang_TR3_MTN": 1,
        "rang_TR3_MOOV": 1,
        "rang_TS_ORANGE": 1,
        "rang_TS_MTN": 1,
        "rang_TS_MOOV": 1,
        "rang_TeRd_ORANGE": 1,
        "rang_TeRd_MTN": 1,
        "rang_TeRd_MOOV": 3
      },
      "id": 51
    },
    {
      "type": "Feature",
      "geometry": {
        "coordinates": [
          -7.62,
          9.61
        ],
        "type": "Point"
      },
      "properties": {
        "ADM0_FR": "DENGUELE",
        "ADM0_PCODE": "CI03",
        "ADM1_FR": "KABADOUGOU",
        "ADM1_PCODE": "CI121",
        "ADM2_FR": "SAMATIGUILA",
        "ADM2_PCODE": "CI2104",
        "ADM3_FR": "KIMBIRILA-SUD",
        "ADM3_PCODE": "CI210402",
        "ADM4_FR": "KOTOUBA",
        "ADM4_PCODE": "C4479",
        "centerLat": 9.62,
        "centerLng": -7.61,
        "pop": 554,
        "TeS_MOOV": 0.0,
        "TedS_MOOV": 87.71,
        "TR3_MOOV": 0,
        "TeRd_MOOV": 94.41000000000001,
        "TS_MOOV": 100,
        "TeS_MTN": 0.0,
        "TedS_MTN": 94.97,
        "TR3_MTN": 0,
        "TeRd_MTN": 98.32,
        "TS_MTN": 100,
        "TeS_ORANGE": 0.0,
        "TedS_ORANGE": 99.44,
        "TR3_ORANGE": 0,
        "TeRd_ORANGE": 100.0,
        "TS_ORANGE": 100,
        "rang_TeS_ORANGE": 1,
        "rang_TeS_MTN": 1,
        "rang_TeS_MOOV": 1,
        "rang_TedS_ORANGE": 1,
        "rang_TedS_MTN": 2,
        "rang_TedS_MOOV": 3,
        "rang_TR3_ORANGE": 1,
        "rang_TR3_MTN": 1,
        "rang_TR3_MOOV": 1,
        "rang_TS_ORANGE": 1,
        "rang_TS_MTN": 1,
        "rang_TS_MOOV": 1,
        "rang_TeRd_ORANGE": 1,
        "rang_TeRd_MTN": 2,
        "rang_TeRd_MOOV": 3
      },
      "id": 52
    },
    {
      "type": "Feature",
      "geometry": {
        "coordinates": [
          -7.56442,
          7.39545
        ],
        "type": "Point"
      },
      "properties": {
        "ADM0_FR": "MONTAGNES",
        "ADM0_PCODE": "CI09",
        "ADM1_FR": "TONKPI",
        "ADM1_PCODE": "CI132",
        "ADM2_FR": "MAN",
        "ADM2_PCODE": "CI3203",
        "ADM3_FR": "MAN",
        "ADM3_PCODE": "CI320301",
        "ADM4_FR": "MAN",
        "ADM4_PCODE": "C5323",
        "centerLat": 7.40545,
        "centerLng": -7.55442,
        "pop": 149041,
        "TeS_MOOV": 0.0,
        "TedS_MOOV": 97.50999999999999,
        "TR3_MOOV": 0,
        "TeRd_MOOV": 98.50999999999999,
        "TS_MOOV": 100,
        "TeS_MTN": 0.0,
        "TedS_MTN": 99.02,
        "TR3_MTN": 0,
        "TeRd_MTN": 100.0,
        "TS_MTN": 100,
        "TeS_ORANGE": 0.0,
        "TedS_ORANGE": 97.97,
        "TR3_ORANGE": 0,
        "TeRd_ORANGE": 100.0,
        "TS_ORANGE": 100,
        "rang_TeS_ORANGE": 1,
        "rang_TeS_MTN": 1,
        "rang_TeS_MOOV": 1,
        "rang_TedS_ORANGE": 2,
        "rang_TedS_MTN": 1,
        "rang_TedS_MOOV": 3,
        "rang_TR3_ORANGE": 1,
        "rang_TR3_MTN": 1,
        "rang_TR3_MOOV": 1,
        "rang_TS_ORANGE": 1,
        "rang_TS_MTN": 1,
        "rang_TS_MOOV": 1,
        "rang_TeRd_ORANGE": 1,
        "rang_TeRd_MTN": 1,
        "rang_TeRd_MOOV": 3
      },
      "id": 53
    },
    {
      "type": "Feature",
      "geometry": {
        "coordinates": [
          -5.91,
          10.0
        ],
        "type": "Point"
      },
      "properties": {
        "ADM0_FR": "SAVANES",
        "ADM0_PCODE": "CI11",
        "ADM1_FR": "PORO",
        "ADM1_PCODE": "CI128",
        "ADM2_FR": "M'BENGUE",
        "ADM2_PCODE": "CI2803",
        "ADM3_FR": "M'BENGUE",
        "ADM3_PCODE": "CI280301",
        "ADM4_FR": "M'BENGUE",
        "ADM4_PCODE": "C5429",
        "centerLat": 10.01,
        "centerLng": -5.9,
        "pop": 22242,
        "TeS_MOOV": 0.0,
        "TedS_MOOV": 99.51,
        "TR3_MOOV": 0,
        "TeRd_MOOV": 99.51,
        "TS_MOOV": 100,
        "TeS_MTN": 0.0,
        "TedS_MTN": 98.03,
        "TR3_MTN": 0,
        "TeRd_MTN": 99.51,
        "TS_MTN": 100,
        "TeS_ORANGE": 0.0,
        "TedS_ORANGE": 98.05,
        "TR3_ORANGE": 0,
        "TeRd_ORANGE": 100.0,
        "TS_ORANGE": 100,
        "rang_TeS_ORANGE": 1,
        "rang_TeS_MTN": 1,
        "rang_TeS_MOOV": 1,
        "rang_TedS_ORANGE": 2,
        "rang_TedS_MTN": 3,
        "rang_TedS_MOOV": 1,
        "rang_TR3_ORANGE": 1,
        "rang_TR3_MTN": 1,
        "rang_TR3_MOOV": 1,
        "rang_TS_ORANGE": 1,
        "rang_TS_MTN": 1,
        "rang_TS_MOOV": 1,
        "rang_TeRd_ORANGE": 1,
        "rang_TeRd_MTN": 2,
        "rang_TeRd_MOOV": 2
      },
      "id": 54
    },
    {
      "type": "Feature",
      "geometry": {
        "coordinates": [
          -6.566339999999999,
          5.39618
        ],
        "type": "Point"
      },
      "properties": {
        "ADM0_FR": "BAS-SASSANDRA",
        "ADM0_PCODE": "CI01",
        "ADM1_FR": "NAWA",
        "ADM1_PCODE": "CI126",
        "ADM2_FR": "MEAGUI",
        "ADM2_PCODE": "CI2603",
        "ADM3_FR": "MEAGUI",
        "ADM3_PCODE": "CI260301",
        "ADM4_FR": "MÉAGUI",
        "ADM4_PCODE": "C5452",
        "centerLat": 5.40618,
        "centerLng": -6.55634,
        "pop": 57367,
        "TeS_MOOV": 0.0,
        "TedS_MOOV": 72.35000000000001,
        "TR3_MOOV": 0,
        "TeRd_MOOV": 97.7,
        "TS_MOOV": 100,
        "TeS_MTN": 0.0,
        "TedS_MTN": 99.03,
        "TR3_MTN": 0,
        "TeRd_MTN": 100.0,
        "TS_MTN": 100,
        "TeS_ORANGE": 0.0,
        "TedS_ORANGE": 95.91,
        "TR3_ORANGE": 0,
        "TeRd_ORANGE": 98.64,
        "TS_ORANGE": 100,
        "rang_TeS_ORANGE": 1,
        "rang_TeS_MTN": 1,
        "rang_TeS_MOOV": 1,
        "rang_TedS_ORANGE": 2,
        "rang_TedS_MTN": 1,
        "rang_TedS_MOOV": 3,
        "rang_TR3_ORANGE": 1,
        "rang_TR3_MTN": 1,
        "rang_TR3_MOOV": 1,
        "rang_TS_ORANGE": 1,
        "rang_TS_MTN": 1,
        "rang_TS_MOOV": 1,
        "rang_TeRd_ORANGE": 2,
        "rang_TeRd_MTN": 1,
        "rang_TeRd_MOOV": 3
      },
      "id": 55
    },
    {
      "type": "Feature",
      "geometry": {
        "coordinates": [
          -5.3,
          8.65
        ],
        "type": "Point"
      },
      "properties": {
        "ADM0_FR": "VALLEE DU BANDAMA",
        "ADM0_PCODE": "CI12",
        "ADM1_FR": "HAMBOL",
        "ADM1_PCODE": "CI117",
        "ADM2_FR": "NIAKARAMADOUGOU",
        "ADM2_PCODE": "CI1703",
        "ADM3_FR": "NIAKARAMADOUGOU",
        "ADM3_PCODE": "CI170301",
        "ADM4_FR": "NIAKARAMADOUGOU",
        "ADM4_PCODE": "C5977",
        "centerLat": 8.66,
        "centerLng": -5.29,
        "pop": 16812,
        "TeS_MOOV": 0.0,
        "TedS_MOOV": 95.49,
        "TR3_MOOV": 0,
        "TeRd_MOOV": 96.99,
        "TS_MOOV": 100,
        "TeS_MTN": 0.0,
        "TedS_MTN": 93.94,
        "TR3_MTN": 0,
        "TeRd_MTN": 98.48,
        "TS_MTN": 100,
        "TeS_ORANGE": 0.0,
        "TedS_ORANGE": 96.99,
        "TR3_ORANGE": 0,
        "TeRd_ORANGE": 100.0,
        "TS_ORANGE": 100,
        "rang_TeS_ORANGE": 1,
        "rang_TeS_MTN": 1,
        "rang_TeS_MOOV": 1,
        "rang_TedS_ORANGE": 1,
        "rang_TedS_MTN": 3,
        "rang_TedS_MOOV": 2,
        "rang_TR3_ORANGE": 1,
        "rang_TR3_MTN": 1,
        "rang_TR3_MOOV": 1,
        "rang_TS_ORANGE": 1,
        "rang_TS_MTN": 1,
        "rang_TS_MOOV": 1,
        "rang_TeRd_ORANGE": 1,
        "rang_TeRd_MTN": 2,
        "rang_TeRd_MOOV": 3
      },
      "id": 56
    },
    {
      "type": "Feature",
      "geometry": {
        "coordinates": [
          -7.57213,
          9.49687
        ],
        "type": "Point"
      },
      "properties": {
        "ADM0_FR": "DENGUELE",
        "ADM0_PCODE": "CI03",
        "ADM1_FR": "KABADOUGOU",
        "ADM1_PCODE": "CI121",
        "ADM2_FR": "ODIENNE",
        "ADM2_PCODE": "CI2103",
        "ADM3_FR": "ODIENNE",
        "ADM3_PCODE": "CI210301",
        "ADM4_FR": "ODIENNE",
        "ADM4_PCODE": "C6210",
        "centerLat": 9.50687,
        "centerLng": -7.56213,
        "pop": 42173,
        "TeS_MOOV": 0.0,
        "TedS_MOOV": 97.33000000000001,
        "TR3_MOOV": 0,
        "TeRd_MOOV": 97.86,
        "TS_MOOV": 100,
        "TeS_MTN": 0.0,
        "TedS_MTN": 100.0,
        "TR3_MTN": 0,
        "TeRd_MTN": 100.0,
        "TS_MTN": 100,
        "TeS_ORANGE": 0.0,
        "TedS_ORANGE": 98.41,
        "TR3_ORANGE": 0,
        "TeRd_ORANGE": 100.0,
        "TS_ORANGE": 100,
        "rang_TeS_ORANGE": 1,
        "rang_TeS_MTN": 1,
        "rang_TeS_MOOV": 1,
        "rang_TedS_ORANGE": 2,
        "rang_TedS_MTN": 1,
        "rang_TedS_MOOV": 3,
        "rang_TR3_ORANGE": 1,
        "rang_TR3_MTN": 1,
        "rang_TR3_MOOV": 1,
        "rang_TS_ORANGE": 1,
        "rang_TS_MTN": 1,
        "rang_TS_MOOV": 1,
        "rang_TeRd_ORANGE": 1,
        "rang_TeRd_MTN": 1,
        "rang_TeRd_MOOV": 3
      },
      "id": 57
    },
    {
      "type": "Feature",
      "geometry": {
        "coordinates": [
          -6.56,
          5.95
        ],
        "type": "Point"
      },
      "properties": {
        "ADM0_FR": "BAS-SASSANDRA",
        "ADM0_PCODE": "CI01",
        "ADM1_FR": "NAWA",
        "ADM1_PCODE": "CI126",
        "ADM2_FR": "SOUBRE",
        "ADM2_PCODE": "CI2604",
        "ADM3_FR": "LILIYO",
        "ADM3_PCODE": "CI260404",
        "ADM4_FR": "OUREGBABRE",
        "ADM4_PCODE": "C6382",
        "centerLat": 5.96,
        "centerLng": -6.55,
        "pop": 3008,
        "TeS_MOOV": 0.9299999999999999,
        "TedS_MOOV": 80.36999999999999,
        "TR3_MOOV": 0,
        "TeRd_MOOV": 90.64999999999999,
        "TS_MOOV": 100,
        "TeS_MTN": 4.67,
        "TedS_MTN": 64.71000000000001,
        "TR3_MTN": 0,
        "TeRd_MTN": 92.16,
        "TS_MTN": 100,
        "TeS_ORANGE": 1.0,
        "TedS_ORANGE": 75.76,
        "TR3_ORANGE": 0,
        "TeRd_ORANGE": 85.86,
        "TS_ORANGE": 100,
        "rang_TeS_ORANGE": 2,
        "rang_TeS_MTN": 3,
        "rang_TeS_MOOV": 1,
        "rang_TedS_ORANGE": 2,
        "rang_TedS_MTN": 3,
        "rang_TedS_MOOV": 1,
        "rang_TR3_ORANGE": 1,
        "rang_TR3_MTN": 1,
        "rang_TR3_MOOV": 1,
        "rang_TS_ORANGE": 1,
        "rang_TS_MTN": 1,
        "rang_TS_MOOV": 1,
        "rang_TeRd_ORANGE": 3,
        "rang_TeRd_MTN": 1,
        "rang_TeRd_MOOV": 2
      },
      "id": 58
    },
    {
      "type": "Feature",
      "geometry": {
        "coordinates": [
          -4.80408,
          7.62566
        ],
        "type": "Point"
      },
      "properties": {
        "ADM0_FR": "VALLEE DU BANDAMA",
        "ADM0_PCODE": "CI12",
        "ADM1_FR": "GBEKE",
        "ADM1_PCODE": "CI111",
        "ADM2_FR": "BOUAKE",
        "ADM2_PCODE": "CI1103",
        "ADM3_FR": "BROBO",
        "ADM3_PCODE": "CI110303",
        "ADM4_FR": "PRIKRO",
        "ADM4_PCODE": "C6643",
        "centerLat": 7.63566,
        "centerLng": -4.79408,
        "pop": 257,
        "TeS_MOOV": 0.0,
        "TedS_MOOV": 97.95,
        "TR3_MOOV": 0,
        "TeRd_MOOV": 99.49,
        "TS_MOOV": 100,
        "TeS_MTN": 0.0,
        "TedS_MTN": 100.0,
        "TR3_MTN": 0,
        "TeRd_MTN": 100.0,
        "TS_MTN": 100,
        "TeS_ORANGE": 0.0,
        "TedS_ORANGE": 87.24,
        "TR3_ORANGE": 0,
        "TeRd_ORANGE": 88.78,
        "TS_ORANGE": 100,
        "rang_TeS_ORANGE": 1,
        "rang_TeS_MTN": 1,
        "rang_TeS_MOOV": 1,
        "rang_TedS_ORANGE": 3,
        "rang_TedS_MTN": 1,
        "rang_TedS_MOOV": 2,
        "rang_TR3_ORANGE": 1,
        "rang_TR3_MTN": 1,
        "rang_TR3_MOOV": 1,
        "rang_TS_ORANGE": 1,
        "rang_TS_MTN": 1,
        "rang_TS_MOOV": 1,
        "rang_TeRd_ORANGE": 3,
        "rang_TeRd_MTN": 1,
        "rang_TeRd_MOOV": 2
      },
      "id": 59
    },
    {
      "type": "Feature",
      "geometry": {
        "coordinates": [
          -6.6297299999999995,
          4.72809
        ],
        "type": "Point"
      },
      "properties": {
        "ADM0_FR": "BAS-SASSANDRA",
        "ADM0_PCODE": "CI01",
        "ADM1_FR": "SAN-PEDRO",
        "ADM1_PCODE": "CI129",
        "ADM2_FR": "SAN-PEDRO",
        "ADM2_PCODE": "CI2901",
        "ADM3_FR": "SAN-PEDRO",
        "ADM3_PCODE": "CI290101",
        "ADM4_FR": "SAN-PEDRO",
        "ADM4_PCODE": "C6807",
        "centerLat": 4.73809,
        "centerLng": -6.61973,
        "pop": 164944,
        "TeS_MOOV": 0.0,
        "TedS_MOOV": 65.28,
        "TR3_MOOV": 0,
        "TeRd_MOOV": 98.26,
        "TS_MOOV": 100,
        "TeS_MTN": 0.0,
        "TedS_MTN": 99.33,
        "TR3_MTN": 0,
        "TeRd_MTN": 100.0,
        "TS_MTN": 100,
        "TeS_ORANGE": 0.0,
        "TedS_ORANGE": 97.22,
        "TR3_ORANGE": 0,
        "TeRd_ORANGE": 99.65,
        "TS_ORANGE": 100,
        "rang_TeS_ORANGE": 1,
        "rang_TeS_MTN": 1,
        "rang_TeS_MOOV": 1,
        "rang_TedS_ORANGE": 2,
        "rang_TedS_MTN": 1,
        "rang_TedS_MOOV": 3,
        "rang_TR3_ORANGE": 1,
        "rang_TR3_MTN": 1,
        "rang_TR3_MOOV": 1,
        "rang_TS_ORANGE": 1,
        "rang_TS_MTN": 1,
        "rang_TS_MOOV": 1,
        "rang_TeRd_ORANGE": 2,
        "rang_TeRd_MTN": 1,
        "rang_TeRd_MOOV": 3
      },
      "id": 60
    },
    {
      "type": "Feature",
      "geometry": {
        "coordinates": [
          -4.28725,
          5.20533
        ],
        "type": "Point"
      },
      "properties": {
        "ADM0_FR": "LAGUNES",
        "ADM0_PCODE": "CI08",
        "ADM1_FR": "GRANDS-PONTS",
        "ADM1_PCODE": "CI115",
        "ADM2_FR": "JACQUEVILLE",
        "ADM2_PCODE": "CI1503",
        "ADM3_FR": "JACQUEVILLE",
        "ADM3_PCODE": "CI150301",
        "ADM4_FR": "SASSAKO-BÉGNINI",
        "ADM4_PCODE": "C6834",
        "centerLat": 5.21533,
        "centerLng": -4.27725,
        "pop": 1409,
        "TeS_MOOV": 1.37,
        "TedS_MOOV": 97.92,
        "TR3_MOOV": 0,
        "TeRd_MOOV": 99.31,
        "TS_MOOV": 100,
        "TeS_MTN": 0.0,
        "TedS_MTN": 100.0,
        "TR3_MTN": 0,
        "TeRd_MTN": 99.36,
        "TS_MTN": 100,
        "TeS_ORANGE": 0.0,
        "TedS_ORANGE": 95.54,
        "TR3_ORANGE": 0,
        "TeRd_ORANGE": 100.0,
        "TS_ORANGE": 100,
        "rang_TeS_ORANGE": 1,
        "rang_TeS_MTN": 1,
        "rang_TeS_MOOV": 3,
        "rang_TedS_ORANGE": 3,
        "rang_TedS_MTN": 1,
        "rang_TedS_MOOV": 2,
        "rang_TR3_ORANGE": 1,
        "rang_TR3_MTN": 1,
        "rang_TR3_MOOV": 1,
        "rang_TS_ORANGE": 1,
        "rang_TS_MTN": 1,
        "rang_TS_MOOV": 1,
        "rang_TeRd_ORANGE": 1,
        "rang_TeRd_MTN": 2,
        "rang_TeRd_MOOV": 3
      },
      "id": 61
    },
    {
      "type": "Feature",
      "geometry": {
        "coordinates": [
          -6.683129999999999,
          7.95253
        ],
        "type": "Point"
      },
      "properties": {
        "ADM0_FR": "WOROBA",
        "ADM0_PCODE": "CI13",
        "ADM1_FR": "WORODOUGOU",
        "ADM1_PCODE": "CI133",
        "ADM2_FR": "SEGUELA",
        "ADM2_PCODE": "CI3302",
        "ADM3_FR": "SEGUELA",
        "ADM3_PCODE": "CI330201",
        "ADM4_FR": "SÉGUÉLA",
        "ADM4_PCODE": "C6882",
        "centerLat": 7.96253,
        "centerLng": -6.67313,
        "pop": 46189,
        "TeS_MOOV": 0.0,
        "TedS_MOOV": 94.69,
        "TR3_MOOV": 0,
        "TeRd_MOOV": 99.52,
        "TS_MOOV": 100,
        "TeS_MTN": 0.0,
        "TedS_MTN": 99.05000000000001,
        "TR3_MTN": 0,
        "TeRd_MTN": 99.52,
        "TS_MTN": 100,
        "TeS_ORANGE": 0.0,
        "TedS_ORANGE": 97.09,
        "TR3_ORANGE": 0,
        "TeRd_ORANGE": 100.0,
        "TS_ORANGE": 100,
        "rang_TeS_ORANGE": 1,
        "rang_TeS_MTN": 1,
        "rang_TeS_MOOV": 1,
        "rang_TedS_ORANGE": 2,
        "rang_TedS_MTN": 1,
        "rang_TedS_MOOV": 3,
        "rang_TR3_ORANGE": 1,
        "rang_TR3_MTN": 1,
        "rang_TR3_MOOV": 1,
        "rang_TS_ORANGE": 1,
        "rang_TS_MTN": 1,
        "rang_TS_MOOV": 1,
        "rang_TeRd_ORANGE": 1,
        "rang_TeRd_MTN": 2,
        "rang_TeRd_MOOV": 2
      },
      "id": 62
    },
    {
      "type": "Feature",
      "geometry": {
        "coordinates": [
          -6.58979,
          8.3508
        ],
        "type": "Point"
      },
      "properties": {
        "ADM0_FR": "WOROBA",
        "ADM0_PCODE": "CI13",
        "ADM1_FR": "WORODOUGOU",
        "ADM1_PCODE": "CI133",
        "ADM2_FR": "KANI",
        "ADM2_PCODE": "CI3301",
        "ADM3_FR": "KANI",
        "ADM3_PCODE": "CI330101",
        "ADM4_FR": "SILAKORO",
        "ADM4_PCODE": "C7026",
        "centerLat": 8.3608,
        "centerLng": -6.57979,
        "pop": 1708,
        "TeS_MOOV": 0.0,
        "TedS_MOOV": 93.97999999999999,
        "TR3_MOOV": 0,
        "TeRd_MOOV": 98.8,
        "TS_MOOV": 100,
        "TeS_MTN": 6.98,
        "TedS_MTN": 82.5,
        "TR3_MTN": 0,
        "TeRd_MTN": 90.0,
        "TS_MTN": 100,
        "TeS_ORANGE": 1.35,
        "TedS_ORANGE": 76.71,
        "TR3_ORANGE": 0,
        "TeRd_ORANGE": 95.89,
        "TS_ORANGE": 100,
        "rang_TeS_ORANGE": 2,
        "rang_TeS_MTN": 3,
        "rang_TeS_MOOV": 1,
        "rang_TedS_ORANGE": 3,
        "rang_TedS_MTN": 2,
        "rang_TedS_MOOV": 1,
        "rang_TR3_ORANGE": 1,
        "rang_TR3_MTN": 1,
        "rang_TR3_MOOV": 1,
        "rang_TS_ORANGE": 1,
        "rang_TS_MTN": 1,
        "rang_TS_MOOV": 1,
        "rang_TeRd_ORANGE": 2,
        "rang_TeRd_MTN": 3,
        "rang_TeRd_MOOV": 1
      },
      "id": 63
    },
    {
      "type": "Feature",
      "geometry": {
        "coordinates": [
          -8.11193,
          7.856660000000001
        ],
        "type": "Point"
      },
      "properties": {
        "ADM0_FR": "MONTAGNES",
        "ADM0_PCODE": "CI09",
        "ADM1_FR": "TONKPI",
        "ADM1_PCODE": "CI132",
        "ADM2_FR": "SIPILOU",
        "ADM2_PCODE": "CI3204",
        "ADM3_FR": "SIPILOU",
        "ADM3_PCODE": "CI320401",
        "ADM4_FR": "SIPILOU",
        "ADM4_PCODE": "C7073",
        "centerLat": 7.86666,
        "centerLng": -8.10193,
        "pop": 5705,
        "TeS_MOOV": 1.3,
        "TedS_MOOV": 43.419999999999995,
        "TR3_MOOV": 0,
        "TeRd_MOOV": 72.37,
        "TS_MOOV": 100,
        "TeS_MTN": 0.0,
        "TedS_MTN": 98.85000000000001,
        "TR3_MTN": 0,
        "TeRd_MTN": 100.0,
        "TS_MTN": 100,
        "TeS_ORANGE": 0.0,
        "TedS_ORANGE": 97.13000000000001,
        "TR3_ORANGE": 0,
        "TeRd_ORANGE": 100.0,
        "TS_ORANGE": 100,
        "rang_TeS_ORANGE": 1,
        "rang_TeS_MTN": 1,
        "rang_TeS_MOOV": 3,
        "rang_TedS_ORANGE": 2,
        "rang_TedS_MTN": 1,
        "rang_TedS_MOOV": 3,
        "rang_TR3_ORANGE": 1,
        "rang_TR3_MTN": 1,
        "rang_TR3_MOOV": 1,
        "rang_TS_ORANGE": 1,
        "rang_TS_MTN": 1,
        "rang_TS_MOOV": 1,
        "rang_TeRd_ORANGE": 1,
        "rang_TeRd_MTN": 1,
        "rang_TeRd_MOOV": 3
      },
      "id": 64
    },
    {
      "type": "Feature",
      "geometry": {
        "coordinates": [
          -7.36615,
          4.404520000000001
        ],
        "type": "Point"
      },
      "properties": {
        "ADM0_FR": "BAS-SASSANDRA",
        "ADM0_PCODE": "CI01",
        "ADM1_FR": "SAN-PEDRO",
        "ADM1_PCODE": "CI129",
        "ADM2_FR": "TABOU",
        "ADM2_PCODE": "CI2902",
        "ADM3_FR": "TABOU",
        "ADM3_PCODE": "CI290201",
        "ADM4_FR": "TABOU",
        "ADM4_PCODE": "C7308",
        "centerLat": 4.41452,
        "centerLng": -7.35615,
        "pop": 22733,
        "TeS_MOOV": 0.0,
        "TedS_MOOV": 97.67,
        "TR3_MOOV": 0,
        "TeRd_MOOV": 99.53,
        "TS_MOOV": 100,
        "TeS_MTN": 0.48,
        "TedS_MTN": 99.03999999999999,
        "TR3_MTN": 0,
        "TeRd_MTN": 99.52,
        "TS_MTN": 100,
        "TeS_ORANGE": 0.0,
        "TedS_ORANGE": 96.26,
        "TR3_ORANGE": 0,
        "TeRd_ORANGE": 100.0,
        "TS_ORANGE": 100,
        "rang_TeS_ORANGE": 1,
        "rang_TeS_MTN": 3,
        "rang_TeS_MOOV": 1,
        "rang_TedS_ORANGE": 3,
        "rang_TedS_MTN": 1,
        "rang_TedS_MOOV": 2,
        "rang_TR3_ORANGE": 1,
        "rang_TR3_MTN": 1,
        "rang_TR3_MOOV": 1,
        "rang_TS_ORANGE": 1,
        "rang_TS_MTN": 1,
        "rang_TS_MOOV": 1,
        "rang_TeRd_ORANGE": 1,
        "rang_TeRd_MTN": 3,
        "rang_TeRd_MOOV": 2
      },
      "id": 65
    },
    {
      "type": "Feature",
      "geometry": {
        "coordinates": [
          -5.17212,
          9.060220000000001
        ],
        "type": "Point"
      },
      "properties": {
        "ADM0_FR": "VALLEE DU BANDAMA",
        "ADM0_PCODE": "CI12",
        "ADM1_FR": "HAMBOL",
        "ADM1_PCODE": "CI117",
        "ADM2_FR": "NIAKARAMADOUGOU",
        "ADM2_PCODE": "CI1703",
        "ADM3_FR": "TAFIRE",
        "ADM3_PCODE": "CI170305",
        "ADM4_FR": "TAFIRE",
        "ADM4_PCODE": "C7314",
        "centerLat": 9.07022,
        "centerLng": -5.16212,
        "pop": 17191,
        "TeS_MOOV": 0.0,
        "TedS_MOOV": 78.22,
        "TR3_MOOV": 0,
        "TeRd_MOOV": 89.60000000000001,
        "TS_MOOV": 100,
        "TeS_MTN": 0.0,
        "TedS_MTN": 100.0,
        "TR3_MTN": 0,
        "TeRd_MTN": 99.52,
        "TS_MTN": 100,
        "TeS_ORANGE": 0.0,
        "TedS_ORANGE": 100.0,
        "TR3_ORANGE": 0,
        "TeRd_ORANGE": 100.0,
        "TS_ORANGE": 100,
        "rang_TeS_ORANGE": 1,
        "rang_TeS_MTN": 1,
        "rang_TeS_MOOV": 1,
        "rang_TedS_ORANGE": 1,
        "rang_TedS_MTN": 1,
        "rang_TedS_MOOV": 3,
        "rang_TR3_ORANGE": 1,
        "rang_TR3_MTN": 1,
        "rang_TR3_MOOV": 1,
        "rang_TS_ORANGE": 1,
        "rang_TS_MTN": 1,
        "rang_TS_MOOV": 1,
        "rang_TeRd_ORANGE": 1,
        "rang_TeRd_MTN": 2,
        "rang_TeRd_MOOV": 3
      },
      "id": 66
    },
    {
      "type": "Feature",
      "geometry": {
        "coordinates": [
          -7.46579,
          5.86385
        ],
        "type": "Point"
      },
      "properties": {
        "ADM0_FR": "MONTAGNES",
        "ADM0_PCODE": "CI09",
        "ADM1_FR": "CAVALLY",
        "ADM1_PCODE": "CI109",
        "ADM2_FR": "TAÏ",
        "ADM2_PCODE": "CI0903",
        "ADM3_FR": "TAÏ",
        "ADM3_PCODE": "CI090301",
        "ADM4_FR": "TAI",
        "ADM4_PCODE": "C7345",
        "centerLat": 5.87385,
        "centerLng": -7.45579,
        "pop": 5917,
        "TeS_MOOV": 0.0,
        "TedS_MOOV": 98.17,
        "TR3_MOOV": 0,
        "TeRd_MOOV": 99.39,
        "TS_MOOV": 100,
        "TeS_MTN": 0.0,
        "TedS_MTN": 95.12,
        "TR3_MTN": 0,
        "TeRd_MTN": 100.0,
        "TS_MTN": 100,
        "TeS_ORANGE": 0.0,
        "TedS_ORANGE": 98.78,
        "TR3_ORANGE": 0,
        "TeRd_ORANGE": 100.0,
        "TS_ORANGE": 100,
        "rang_TeS_ORANGE": 1,
        "rang_TeS_MTN": 1,
        "rang_TeS_MOOV": 1,
        "rang_TedS_ORANGE": 1,
        "rang_TedS_MTN": 3,
        "rang_TedS_MOOV": 2,
        "rang_TR3_ORANGE": 1,
        "rang_TR3_MTN": 1,
        "rang_TR3_MOOV": 1,
        "rang_TS_ORANGE": 1,
        "rang_TS_MTN": 1,
        "rang_TS_MOOV": 1,
        "rang_TeRd_ORANGE": 1,
        "rang_TeRd_MTN": 1,
        "rang_TeRd_MOOV": 3
      },
      "id": 67
    },
    {
      "type": "Feature",
      "geometry": {
        "coordinates": [
          -6.42061,
          10.479000000000001
        ],
        "type": "Point"
      },
      "properties": {
        "ADM0_FR": "SAVANES",
        "ADM0_PCODE": "CI11",
        "ADM1_FR": "BAGOUE",
        "ADM1_PCODE": "CI105",
        "ADM2_FR": "TENGRELA",
        "ADM2_PCODE": "CI0503",
        "ADM3_FR": "TENGRELA",
        "ADM3_PCODE": "CI050301",
        "ADM4_FR": "TENGRELA",
        "ADM4_PCODE": "C7513",
        "centerLat": 10.489,
        "centerLng": -6.41061,
        "pop": 40323,
        "TeS_MOOV": 2.33,
        "TedS_MOOV": 5.949999999999999,
        "TR3_MOOV": 0,
        "TeRd_MOOV": 41.67,
        "TS_MOOV": 100,
        "TeS_MTN": 0.0,
        "TedS_MTN": 100.0,
        "TR3_MTN": 0,
        "TeRd_MTN": 99.21,
        "TS_MTN": 100,
        "TeS_ORANGE": 0.0,
        "TedS_ORANGE": 98.11,
        "TR3_ORANGE": 0,
        "TeRd_ORANGE": 98.11,
        "TS_ORANGE": 100,
        "rang_TeS_ORANGE": 1,
        "rang_TeS_MTN": 1,
        "rang_TeS_MOOV": 3,
        "rang_TedS_ORANGE": 2,
        "rang_TedS_MTN": 1,
        "rang_TedS_MOOV": 3,
        "rang_TR3_ORANGE": 1,
        "rang_TR3_MTN": 1,
        "rang_TR3_MOOV": 1,
        "rang_TS_ORANGE": 1,
        "rang_TS_MTN": 1,
        "rang_TS_MOOV": 1,
        "rang_TeRd_ORANGE": 2,
        "rang_TeRd_MTN": 1,
        "rang_TeRd_MOOV": 3
      },
      "id": 68
    },
    {
      "type": "Feature",
      "geometry": {
        "coordinates": [
          -4.67225,
          7.70436
        ],
        "type": "Point"
      },
      "properties": {
        "ADM0_FR": "LACS",
        "ADM0_PCODE": "CI07",
        "ADM1_FR": "BELIER",
        "ADM1_PCODE": "CI106",
        "ADM2_FR": "TIEBISSOU",
        "ADM2_PCODE": "CI0603",
        "ADM3_FR": "TIEBISSOU",
        "ADM3_PCODE": "CI060301",
        "ADM4_FR": "TIÉBISSOU",
        "ADM4_PCODE": "C7574",
        "centerLat": 7.71436,
        "centerLng": -4.66225,
        "pop": 18832,
        "TeS_MOOV": 0.0,
        "TedS_MOOV": 98.53,
        "TR3_MOOV": 0,
        "TeRd_MOOV": 97.06,
        "TS_MOOV": 100,
        "TeS_MTN": 0.0,
        "TedS_MTN": 98.53,
        "TR3_MTN": 0,
        "TeRd_MTN": 97.06,
        "TS_MTN": 100,
        "TeS_ORANGE": 0.0,
        "TedS_ORANGE": 99.26,
        "TR3_ORANGE": 0,
        "TeRd_ORANGE": 99.26,
        "TS_ORANGE": 100,
        "rang_TeS_ORANGE": 1,
        "rang_TeS_MTN": 1,
        "rang_TeS_MOOV": 1,
        "rang_TedS_ORANGE": 1,
        "rang_TedS_MTN": 2,
        "rang_TedS_MOOV": 2,
        "rang_TR3_ORANGE": 1,
        "rang_TR3_MTN": 1,
        "rang_TR3_MOOV": 1,
        "rang_TS_ORANGE": 1,
        "rang_TS_MTN": 1,
        "rang_TS_MOOV": 1,
        "rang_TeRd_ORANGE": 1,
        "rang_TeRd_MTN": 2,
        "rang_TeRd_MOOV": 2
      },
      "id": 69
    },
    {
      "type": "Feature",
      "geometry": {
        "coordinates": [
          -7.32834,
          9.53501
        ],
        "type": "Point"
      },
      "properties": {
        "ADM0_FR": "DENGUELE",
        "ADM0_PCODE": "CI03",
        "ADM1_FR": "KABADOUGOU",
        "ADM1_PCODE": "CI121",
        "ADM2_FR": "ODIENNE",
        "ADM2_PCODE": "CI2103",
        "ADM3_FR": "TIEME",
        "ADM3_PCODE": "CI210305",
        "ADM4_FR": "TIEME",
        "ADM4_PCODE": "C7613",
        "centerLat": 9.54501,
        "centerLng": -7.31834,
        "pop": 6267,
        "TeS_MOOV": 0.0,
        "TedS_MOOV": 95.24000000000001,
        "TR3_MOOV": 0,
        "TeRd_MOOV": 94.05,
        "TS_MOOV": 100,
        "TeS_MTN": 0.0,
        "TedS_MTN": 99.02,
        "TR3_MTN": 0,
        "TeRd_MTN": 100.0,
        "TS_MTN": 100,
        "TeS_ORANGE": 0.0,
        "TedS_ORANGE": 94.41000000000001,
        "TR3_ORANGE": 0,
        "TeRd_ORANGE": 93.71000000000001,
        "TS_ORANGE": 100,
        "rang_TeS_ORANGE": 1,
        "rang_TeS_MTN": 1,
        "rang_TeS_MOOV": 1,
        "rang_TedS_ORANGE": 3,
        "rang_TedS_MTN": 1,
        "rang_TedS_MOOV": 2,
        "rang_TR3_ORANGE": 1,
        "rang_TR3_MTN": 1,
        "rang_TR3_MOOV": 1,
        "rang_TS_ORANGE": 1,
        "rang_TS_MTN": 1,
        "rang_TS_MOOV": 1,
        "rang_TeRd_ORANGE": 3,
        "rang_TeRd_MTN": 1,
        "rang_TeRd_MOOV": 2
      },
      "id": 70
    },
    {
      "type": "Feature",
      "geometry": {
        "coordinates": [
          -7.69063,
          8.27504
        ],
        "type": "Point"
      },
      "properties": {
        "ADM0_FR": "WOROBA",
        "ADM0_PCODE": "CI13",
        "ADM1_FR": "BAFING",
        "ADM1_PCODE": "CI104",
        "ADM2_FR": "TOUBA",
        "ADM2_PCODE": "CI0403",
        "ADM3_FR": "TOUBA",
        "ADM3_PCODE": "CI040301",
        "ADM4_FR": "TOUBA",
        "ADM4_PCODE": "C7832",
        "centerLat": 8.28504,
        "centerLng": -7.68063,
        "pop": 22361,
        "TeS_MOOV": 0.0,
        "TedS_MOOV": 92.43,
        "TR3_MOOV": 0,
        "TeRd_MOOV": 98.00999999999999,
        "TS_MOOV": 100,
        "TeS_MTN": 0.0,
        "TedS_MTN": 100.0,
        "TR3_MTN": 0,
        "TeRd_MTN": 100.0,
        "TS_MTN": 100,
        "TeS_ORANGE": 0.0,
        "TedS_ORANGE": 98.78,
        "TR3_ORANGE": 0,
        "TeRd_ORANGE": 99.59,
        "TS_ORANGE": 100,
        "rang_TeS_ORANGE": 1,
        "rang_TeS_MTN": 1,
        "rang_TeS_MOOV": 1,
        "rang_TedS_ORANGE": 2,
        "rang_TedS_MTN": 1,
        "rang_TedS_MOOV": 3,
        "rang_TR3_ORANGE": 1,
        "rang_TR3_MTN": 1,
        "rang_TR3_MOOV": 1,
        "rang_TS_ORANGE": 1,
        "rang_TS_MTN": 1,
        "rang_TS_MOOV": 1,
        "rang_TeRd_ORANGE": 2,
        "rang_TeRd_MTN": 1,
        "rang_TeRd_MOOV": 3
      },
      "id": 71
    },
    {
      "type": "Feature",
      "geometry": {
        "coordinates": [
          -8.42519,
          6.572
        ],
        "type": "Point"
      },
      "properties": {
        "ADM0_FR": "MONTAGNES",
        "ADM0_PCODE": "CI09",
        "ADM1_FR": "CAVALLY",
        "ADM1_PCODE": "CI109",
        "ADM2_FR": "TOULEPLEU",
        "ADM2_PCODE": "CI0904",
        "ADM3_FR": "TOULEPLEU",
        "ADM3_PCODE": "CI090401",
        "ADM4_FR": "TOULEPLEU",
        "ADM4_PCODE": "C7852",
        "centerLat": 6.582,
        "centerLng": -8.41519,
        "pop": 6784,
        "TeS_MOOV": 5.33,
        "TedS_MOOV": 47.89,
        "TR3_MOOV": 0,
        "TeRd_MOOV": 73.24000000000001,
        "TS_MOOV": 100,
        "TeS_MTN": 0.0,
        "TedS_MTN": 98.29,
        "TR3_MTN": 0,
        "TeRd_MTN": 99.15,
        "TS_MTN": 100,
        "TeS_ORANGE": 0.0,
        "TedS_ORANGE": 90.16,
        "TR3_ORANGE": 0,
        "TeRd_ORANGE": 94.54,
        "TS_ORANGE": 100,
        "rang_TeS_ORANGE": 1,
        "rang_TeS_MTN": 1,
        "rang_TeS_MOOV": 3,
        "rang_TedS_ORANGE": 2,
        "rang_TedS_MTN": 1,
        "rang_TedS_MOOV": 3,
        "rang_TR3_ORANGE": 1,
        "rang_TR3_MTN": 1,
        "rang_TR3_MOOV": 1,
        "rang_TS_ORANGE": 1,
        "rang_TS_MTN": 1,
        "rang_TS_MOOV": 1,
        "rang_TeRd_ORANGE": 2,
        "rang_TeRd_MTN": 1,
        "rang_TeRd_MOOV": 3
      },
      "id": 72
    },
    {
      "type": "Feature",
      "geometry": {
        "coordinates": [
          -5.9593799999999995,
          7.61449
        ],
        "type": "Point"
      },
      "properties": {
        "ADM0_FR": "SASSANDRA-MARAHOUE",
        "ADM0_PCODE": "CI10",
        "ADM1_FR": "MARAHOUE",
        "ADM1_PCODE": "CI123",
        "ADM2_FR": "ZUENOULA",
        "ADM2_PCODE": "CI2303",
        "ADM3_FR": "VOUEBOUFLA",
        "ADM3_PCODE": "CI230306",
        "ADM4_FR": "VOUÉBOUFLA",
        "ADM4_PCODE": "C7990",
        "centerLat": 7.62449,
        "centerLng": -5.94938,
        "pop": 3208,
        "TeS_MOOV": 0.0,
        "TedS_MOOV": 91.5,
        "TR3_MOOV": 0,
        "TeRd_MOOV": 95.42,
        "TS_MOOV": 100,
        "TeS_MTN": 1.3,
        "TedS_MTN": 92.75999999999999,
        "TR3_MTN": 0,
        "TeRd_MTN": 96.71,
        "TS_MTN": 100,
        "TeS_ORANGE": 0.0,
        "TedS_ORANGE": 100.0,
        "TR3_ORANGE": 0,
        "TeRd_ORANGE": 100.0,
        "TS_ORANGE": 100,
        "rang_TeS_ORANGE": 1,
        "rang_TeS_MTN": 3,
        "rang_TeS_MOOV": 1,
        "rang_TedS_ORANGE": 1,
        "rang_TedS_MTN": 2,
        "rang_TedS_MOOV": 3,
        "rang_TR3_ORANGE": 1,
        "rang_TR3_MTN": 1,
        "rang_TR3_MOOV": 1,
        "rang_TS_ORANGE": 1,
        "rang_TS_MTN": 1,
        "rang_TS_MOOV": 1,
        "rang_TeRd_ORANGE": 1,
        "rang_TeRd_MTN": 2,
        "rang_TeRd_MOOV": 3
      },
      "id": 73
    },
    {
      "type": "Feature",
      "geometry": {
        "coordinates": [
          -3.6599999999999997,
          6.180000000000001
        ],
        "type": "Point"
      },
      "properties": {
        "ADM0_FR": "LAGUNES",
        "ADM0_PCODE": "CI08",
        "ADM1_FR": "LA ME",
        "ADM1_PCODE": "CI124",
        "ADM2_FR": "YAKASSE-ATTOBROU",
        "ADM2_PCODE": "CI2404",
        "ADM3_FR": "YAKASSE-ATTOBROU",
        "ADM3_PCODE": "CI240401",
        "ADM4_FR": "YAKASSE-ATTOBROU",
        "ADM4_PCODE": "C8073",
        "centerLat": 6.19,
        "centerLng": -3.65,
        "pop": 11500,
        "TeS_MOOV": 0.0,
        "TedS_MOOV": 98.92,
        "TR3_MOOV": 0,
        "TeRd_MOOV": 100.0,
        "TS_MOOV": 100,
        "TeS_MTN": 0.0,
        "TedS_MTN": 100.0,
        "TR3_MTN": 0,
        "TeRd_MTN": 100.0,
        "TS_MTN": 100,
        "TeS_ORANGE": 0.0,
        "TedS_ORANGE": 96.08,
        "TR3_ORANGE": 0,
        "TeRd_ORANGE": 96.57,
        "TS_ORANGE": 100,
        "rang_TeS_ORANGE": 1,
        "rang_TeS_MTN": 1,
        "rang_TeS_MOOV": 1,
        "rang_TedS_ORANGE": 3,
        "rang_TedS_MTN": 1,
        "rang_TedS_MOOV": 2,
        "rang_TR3_ORANGE": 1,
        "rang_TR3_MTN": 1,
        "rang_TR3_MOOV": 1,
        "rang_TS_ORANGE": 1,
        "rang_TS_MTN": 1,
        "rang_TS_MOOV": 1,
        "rang_TeRd_ORANGE": 3,
        "rang_TeRd_MTN": 1,
        "rang_TeRd_MOOV": 1
      },
      "id": 74
    },
    {
      "type": "Feature",
      "geometry": {
        "coordinates": [
          -5.28786,
          6.808190000000001
        ],
        "type": "Point"
      },
      "properties": {
        "ADM0_FR": "DISTRICT AUTONOME DE YAMOUSSOUKRO",
        "ADM0_PCODE": "CI05",
        "ADM1_FR": "DISTRICT AUTONOME DE YAMOUSSOUKRO",
        "ADM1_PCODE": "CI102",
        "ADM2_FR": "YAMOUSSOUKRO",
        "ADM2_PCODE": "CI0202",
        "ADM3_FR": "YAMOUSSOUKRO",
        "ADM3_PCODE": "CI020201",
        "ADM4_FR": "YAMOUSSOUKRO",
        "ADM4_PCODE": "C8092",
        "centerLat": 6.81819,
        "centerLng": -5.27786,
        "pop": 212670,
        "TeS_MOOV": 0.38999999999999996,
        "TedS_MOOV": 98.81,
        "TR3_MOOV": 0,
        "TeRd_MOOV": 97.63,
        "TS_MOOV": 100,
        "TeS_MTN": 0.0,
        "TedS_MTN": 97.28999999999999,
        "TR3_MTN": 0,
        "TeRd_MTN": 98.45,
        "TS_MTN": 100,
        "TeS_ORANGE": 0.0,
        "TedS_ORANGE": 98.06,
        "TR3_ORANGE": 0,
        "TeRd_ORANGE": 100.0,
        "TS_ORANGE": 100,
        "rang_TeS_ORANGE": 1,
        "rang_TeS_MTN": 1,
        "rang_TeS_MOOV": 3,
        "rang_TedS_ORANGE": 2,
        "rang_TedS_MTN": 3,
        "rang_TedS_MOOV": 1,
        "rang_TR3_ORANGE": 1,
        "rang_TR3_MTN": 1,
        "rang_TR3_MOOV": 1,
        "rang_TS_ORANGE": 1,
        "rang_TS_MTN": 1,
        "rang_TS_MOOV": 1,
        "rang_TeRd_ORANGE": 1,
        "rang_TeRd_MTN": 2,
        "rang_TeRd_MOOV": 3
      },
      "id": 75
    },
    {
      "type": "Feature",
      "geometry": {
        "coordinates": [
          -5.59572,
          5.15017
        ],
        "type": "Point"
      },
      "properties": {
        "ADM0_FR": "BAS-SASSANDRA",
        "ADM0_PCODE": "CI01",
        "ADM1_FR": "GBOKLE",
        "ADM1_PCODE": "CI112",
        "ADM2_FR": "FRESCO",
        "ADM2_PCODE": "CI1201",
        "ADM3_FR": "FRESCO",
        "ADM3_PCODE": "CI120102",
        "ADM4_FR": "ZÉGBAN 1",
        "ADM4_PCODE": "C8360",
        "centerLat": 5.16017,
        "centerLng": -5.58572,
        "pop": 6401,
        "TeS_MOOV": 4.88,
        "TedS_MOOV": 99.36,
        "TR3_MOOV": 0,
        "TeRd_MOOV": 100.0,
        "TS_MOOV": 100,
        "TeS_MTN": 0.0,
        "TedS_MTN": 92.67999999999999,
        "TR3_MTN": 0,
        "TeRd_MTN": 99.39,
        "TS_MTN": 100,
        "TeS_ORANGE": 0.0,
        "TedS_ORANGE": 92.67999999999999,
        "TR3_ORANGE": 0,
        "TeRd_ORANGE": 99.39,
        "TS_ORANGE": 100,
        "rang_TeS_ORANGE": 1,
        "rang_TeS_MTN": 1,
        "rang_TeS_MOOV": 3,
        "rang_TedS_ORANGE": 2,
        "rang_TedS_MTN": 2,
        "rang_TedS_MOOV": 1,
        "rang_TR3_ORANGE": 1,
        "rang_TR3_MTN": 1,
        "rang_TR3_MOOV": 1,
        "rang_TS_ORANGE": 1,
        "rang_TS_MTN": 1,
        "rang_TS_MOOV": 1,
        "rang_TeRd_ORANGE": 2,
        "rang_TeRd_MTN": 2,
        "rang_TeRd_MOOV": 1
      },
      "id": 76
    },
    {
      "type": "Feature",
      "geometry": {
        "coordinates": [
          -8.12982,
          7.10463
        ],
        "type": "Point"
      },
      "properties": {
        "ADM0_FR": "MONTAGNES",
        "ADM0_PCODE": "CI09",
        "ADM1_FR": "TONKPI",
        "ADM1_PCODE": "CI132",
        "ADM2_FR": "DANANE",
        "ADM2_PCODE": "CI3202",
        "ADM3_FR": "SEILEU",
        "ADM3_PCODE": "CI320206",
        "ADM4_FR": "ZAN-HOUNIEN",
        "ADM4_PCODE": "C8321",
        "centerLat": 7.11463,
        "centerLng": -8.11982,
        "pop": 1100,
        "TeS_MOOV": 0.54,
        "TedS_MOOV": 30.98,
        "TR3_MOOV": 0,
        "TeRd_MOOV": 92.39,
        "TS_MOOV": 100,
        "TeS_MTN": 0.5599999999999999,
        "TedS_MTN": 98.86,
        "TR3_MTN": 0,
        "TeRd_MTN": 99.42999999999999,
        "TS_MTN": 100,
        "TeS_ORANGE": 0.0,
        "TedS_ORANGE": 92.15,
        "TR3_ORANGE": 0,
        "TeRd_ORANGE": 92.67,
        "TS_ORANGE": 100,
        "rang_TeS_ORANGE": 1,
        "rang_TeS_MTN": 3,
        "rang_TeS_MOOV": 2,
        "rang_TedS_ORANGE": 2,
        "rang_TedS_MTN": 1,
        "rang_TedS_MOOV": 3,
        "rang_TR3_ORANGE": 1,
        "rang_TR3_MTN": 1,
        "rang_TR3_MOOV": 1,
        "rang_TS_ORANGE": 1,
        "rang_TS_MTN": 1,
        "rang_TS_MOOV": 1,
        "rang_TeRd_ORANGE": 2,
        "rang_TeRd_MTN": 1,
        "rang_TeRd_MOOV": 3
      },
      "id": 77
    },
    {
      "type": "Feature",
      "geometry": {
        "coordinates": [
          -6.87531,
          6.75481
        ],
        "type": "Point"
      },
      "properties": {
        "ADM0_FR": "SASSANDRA-MARAHOUE",
        "ADM0_PCODE": "CI10",
        "ADM1_FR": "HAUT-SASSANDRA",
        "ADM1_PCODE": "CI118",
        "ADM2_FR": "ZOUKOUGBEU",
        "ADM2_PCODE": "CI1804",
        "ADM3_FR": "ZOUKOUGBEU",
        "ADM3_PCODE": "CI180401",
        "ADM4_FR": "ZOUKOUGBEU",
        "ADM4_PCODE": "C8499",
        "centerLat": 6.76481,
        "centerLng": -6.86531,
        "pop": 11861,
        "TeS_MOOV": 0.0,
        "TedS_MOOV": 80.58,
        "TR3_MOOV": 0,
        "TeRd_MOOV": 97.84,
        "TS_MOOV": 100,
        "TeS_MTN": 0.0,
        "TedS_MTN": 100.0,
        "TR3_MTN": 0,
        "TeRd_MTN": 100.0,
        "TS_MTN": 100,
        "TeS_ORANGE": 0.0,
        "TedS_ORANGE": 98.35000000000001,
        "TR3_ORANGE": 0,
        "TeRd_ORANGE": 100.0,
        "TS_ORANGE": 100,
        "rang_TeS_ORANGE": 1,
        "rang_TeS_MTN": 1,
        "rang_TeS_MOOV": 1,
        "rang_TedS_ORANGE": 2,
        "rang_TedS_MTN": 1,
        "rang_TedS_MOOV": 3,
        "rang_TR3_ORANGE": 1,
        "rang_TR3_MTN": 1,
        "rang_TR3_MOOV": 1,
        "rang_TS_ORANGE": 1,
        "rang_TS_MTN": 1,
        "rang_TS_MOOV": 1,
        "rang_TeRd_ORANGE": 1,
        "rang_TeRd_MTN": 1,
        "rang_TeRd_MOOV": 3
      },
      "id": 78
    }
  ]
}