{
  "type": "FeatureCollection",
  "features": [
    {
      "type": "Feature",
      "geometry": {
        "coordinates": [
          -4.02585,
          5.42515
        ],
        "type": "Point"
      },
      "properties": {
        "ADM0_FR": "DISTRICT AUTONOME D'ABIDJAN",
        "ADM0_PCODE": "CI04",
        "ADM1_FR": "DISTRICT AUTONOME D'ABIDJAN",
        "ADM1_PCODE": "CI101",
        "ADM2_FR": "ABIDJAN",
        "ADM2_PCODE": "CI0101",
        "ADM3_FR": "ABIDJAN",
        "ADM3_PCODE": "CI010101",
        "ADM4_FR": "ABOBO",
        "ADM4_PCODE": "C0029",
        "centerLat": 5.43515,
        "centerLng": -4.01585,
        "pop": 1030658,
        "TeS_MOOV": 0.0,
        "TedS_MOOV": 98.72999999999999,
        "TR3_MOOV": 0,
        "TeRd_MOOV": 100.0,
        "TS_MOOV": 100.0,
        "TeS_MTN": 0,
        "TedS_MTN": 97.02,
        "TR3_MTN": 0.0,
        "TeRd_MTN": 98.41,
        "TS_MTN": 98.41,
        "TeS_ORANGE": 0.0,
        "TedS_ORANGE": 98.18,
        "TR3_ORANGE": 0.0,
        "TeRd_ORANGE": 100.0,
        "TS_ORANGE": 100.0,
        "rang_TeS_ORANGE": 1,
        "rang_TeS_MTN": 1,
        "rang_TeS_MOOV": 1,
        "rang_TedS_ORANGE": 2,
        "rang_TedS_MTN": 3,
        "rang_TedS_MOOV": 1,
        "rang_TR3_ORANGE": 1,
        "rang_TR3_MTN": 1,
        "rang_TR3_MOOV": 1,
        "rang_TS_ORANGE": 1,
        "rang_TS_MTN": 3,
        "rang_TS_MOOV": 1,
        "rang_TeRd_ORANGE": 1,
        "rang_TeRd_MTN": 3,
        "rang_TeRd_MOOV": 1
      },
      "id": 1
    },
    {
      "type": "Feature",
      "geometry": {
        "coordinates": [
          -4.0298799999999995,
          5.361870000000001
        ],
        "type": "Point"
      },
      "properties": {
        "ADM0_FR": "DISTRICT AUTONOME D'ABIDJAN",
        "ADM0_PCODE": "CI04",
        "ADM1_FR": "DISTRICT AUTONOME D'ABIDJAN",
        "ADM1_PCODE": "CI101",
        "ADM2_FR": "ABIDJAN",
        "ADM2_PCODE": "CI0101",
        "ADM3_FR": "ABIDJAN",
        "ADM3_PCODE": "CI010101",
        "ADM4_FR": "ADJAME",
        "ADM4_PCODE": "C0133",
        "centerLat": 5.37187,
        "centerLng": -4.01988,
        "pop": 372978,
        "TeS_MOOV": 0.33,
        "TedS_MOOV": 97.02,
        "TR3_MOOV": 0,
        "TeRd_MOOV": 99.67,
        "TS_MOOV": 100.0,
        "TeS_MTN": 0,
        "TedS_MTN": 93.33,
        "TR3_MTN": 0.0,
        "TeRd_MTN": 94.67,
        "TS_MTN": 94.67,
        "TeS_ORANGE": 0.0,
        "TedS_ORANGE": 99.0,
        "TR3_ORANGE": 0.0,
        "TeRd_ORANGE": 100.0,
        "TS_ORANGE": 100.0,
        "rang_TeS_ORANGE": 1,
        "rang_TeS_MTN": 1,
        "rang_TeS_MOOV": 3,
        "rang_TedS_ORANGE": 1,
        "rang_TedS_MTN": 3,
        "rang_TedS_MOOV": 2,
        "rang_TR3_ORANGE": 1,
        "rang_TR3_MTN": 1,
        "rang_TR3_MOOV": 1,
        "rang_TS_ORANGE": 1,
        "rang_TS_MTN": 3,
        "rang_TS_MOOV": 1,
        "rang_TeRd_ORANGE": 1,
        "rang_TeRd_MTN": 3,
        "rang_TeRd_MOOV": 2
      },
      "id": 2
    },
    {
      "type": "Feature",
      "geometry": {
        "coordinates": [
          -4.06488,
          5.48466
        ],
        "type": "Point"
      },
      "properties": {
        "ADM0_FR": "DISTRICT AUTONOME D'ABIDJAN",
        "ADM0_PCODE": "CI04",
        "ADM1_FR": "DISTRICT AUTONOME D'ABIDJAN",
        "ADM1_PCODE": "CI101",
        "ADM2_FR": "ABIDJAN",
        "ADM2_PCODE": "CI0101",
        "ADM3_FR": "ANYAMA",
        "ADM3_PCODE": "CI010102",
        "ADM4_FR": "ANYAMA",
        "ADM4_PCODE": "C0570",
        "centerLat": 5.49466,
        "centerLng": -4.05488,
        "pop": 103297,
        "TeS_MOOV": 0.0,
        "TedS_MOOV": 95.57,
        "TR3_MOOV": 0,
        "TeRd_MOOV": 31.03,
        "TS_MOOV": 100.0,
        "TeS_MTN": 0,
        "TedS_MTN": 99.5,
        "TR3_MTN": 0.0,
        "TeRd_MTN": 100.0,
        "TS_MTN": 100.0,
        "TeS_ORANGE": 0.49,
        "TedS_ORANGE": 97.54,
        "TR3_ORANGE": 0.0,
        "TeRd_ORANGE": 98.03,
        "TS_ORANGE": 99.51,
        "rang_TeS_ORANGE": 3,
        "rang_TeS_MTN": 1,
        "rang_TeS_MOOV": 1,
        "rang_TedS_ORANGE": 2,
        "rang_TedS_MTN": 1,
        "rang_TedS_MOOV": 3,
        "rang_TR3_ORANGE": 1,
        "rang_TR3_MTN": 1,
        "rang_TR3_MOOV": 1,
        "rang_TS_ORANGE": 3,
        "rang_TS_MTN": 1,
        "rang_TS_MOOV": 1,
        "rang_TeRd_ORANGE": 2,
        "rang_TeRd_MTN": 1,
        "rang_TeRd_MOOV": 3
      },
      "id": 3
    },
    {
      "type": "Feature",
      "geometry": {
        "coordinates": [
          -4.06198,
          5.37219
        ],
        "type": "Point"
      },
      "properties": {
        "ADM0_FR": "DISTRICT AUTONOME D'ABIDJAN",
        "ADM0_PCODE": "CI04",
        "ADM1_FR": "DISTRICT AUTONOME D'ABIDJAN",
        "ADM1_PCODE": "CI101",
        "ADM2_FR": "ABIDJAN",
        "ADM2_PCODE": "CI0101",
        "ADM3_FR": "ABIDJAN",
        "ADM3_PCODE": "CI010101",
        "ADM4_FR": "ATTECOUBE",
        "ADM4_PCODE": "C0734",
        "centerLat": 5.38219,
        "centerLng": -4.05198,
        "pop": 260911,
        "TeS_MOOV": 0.0,
        "TedS_MOOV": 99.29,
        "TR3_MOOV": 0,
        "TeRd_MOOV": 96.8,
        "TS_MOOV": 100.0,
        "TeS_MTN": 0,
        "TedS_MTN": 99.29,
        "TR3_MTN": 0.0,
        "TeRd_MTN": 100.0,
        "TS_MTN": 100.0,
        "TeS_ORANGE": 0.0,
        "TedS_ORANGE": 98.22,
        "TR3_ORANGE": 0.0,
        "TeRd_ORANGE": 100.0,
        "TS_ORANGE": 100.0,
        "rang_TeS_ORANGE": 1,
        "rang_TeS_MTN": 1,
        "rang_TeS_MOOV": 1,
        "rang_TedS_ORANGE": 3,
        "rang_TedS_MTN": 1,
        "rang_TedS_MOOV": 1,
        "rang_TR3_ORANGE": 1,
        "rang_TR3_MTN": 1,
        "rang_TR3_MOOV": 1,
        "rang_TS_ORANGE": 1,
        "rang_TS_MTN": 1,
        "rang_TS_MOOV": 1,
        "rang_TeRd_ORANGE": 1,
        "rang_TeRd_MTN": 1,
        "rang_TeRd_MOOV": 3
      },
      "id": 4
    },
    {
      "type": "Feature",
      "geometry": {
        "coordinates": [
          -3.90704,
          5.349
        ],
        "type": "Point"
      },
      "properties": {
        "ADM0_FR": "DISTRICT AUTONOME D'ABIDJAN",
        "ADM0_PCODE": "CI04",
        "ADM1_FR": "DISTRICT AUTONOME D'ABIDJAN",
        "ADM1_PCODE": "CI101",
        "ADM2_FR": "ABIDJAN",
        "ADM2_PCODE": "CI0101",
        "ADM3_FR": "BINGERVILLE",
        "ADM3_PCODE": "CI010103",
        "ADM4_FR": "BINGERVILLE",
        "ADM4_PCODE": "C1214",
        "centerLat": 5.359,
        "centerLng": -3.89704,
        "pop": 64015,
        "TeS_MOOV": 0.43,
        "TedS_MOOV": 97.39999999999999,
        "TR3_MOOV": 0,
        "TeRd_MOOV": 100.0,
        "TS_MOOV": 100.0,
        "TeS_MTN": 0,
        "TedS_MTN": 87.55,
        "TR3_MTN": 0.0,
        "TeRd_MTN": 97.85000000000001,
        "TS_MTN": 100.0,
        "TeS_ORANGE": 0.0,
        "TedS_ORANGE": 99.58,
        "TR3_ORANGE": 0.0,
        "TeRd_ORANGE": 100.0,
        "TS_ORANGE": 100.0,
        "rang_TeS_ORANGE": 1,
        "rang_TeS_MTN": 1,
        "rang_TeS_MOOV": 3,
        "rang_TedS_ORANGE": 1,
        "rang_TedS_MTN": 3,
        "rang_TedS_MOOV": 2,
        "rang_TR3_ORANGE": 1,
        "rang_TR3_MTN": 1,
        "rang_TR3_MOOV": 1,
        "rang_TS_ORANGE": 1,
        "rang_TS_MTN": 1,
        "rang_TS_MOOV": 1,
        "rang_TeRd_ORANGE": 1,
        "rang_TeRd_MTN": 3,
        "rang_TeRd_MOOV": 1
      },
      "id": 5
    },
    {
      "type": "Feature",
      "geometry": {
        "coordinates": [
          -3.97089,
          5.363
        ],
        "type": "Point"
      },
      "properties": {
        "ADM0_FR": "DISTRICT AUTONOME D'ABIDJAN",
        "ADM0_PCODE": "CI04",
        "ADM1_FR": "DISTRICT AUTONOME D'ABIDJAN",
        "ADM1_PCODE": "CI101",
        "ADM2_FR": "ABIDJAN",
        "ADM2_PCODE": "CI0101",
        "ADM3_FR": "ABIDJAN",
        "ADM3_PCODE": "CI010101",
        "ADM4_FR": "COCODY",
        "ADM4_PCODE": "C1672",
        "centerLat": 5.373,
        "centerLng": -3.96089,
        "pop": 447055,
        "TeS_MOOV": 0.0,
        "TedS_MOOV": 99.38,
        "TR3_MOOV": 0,
        "TeRd_MOOV": 100.0,
        "TS_MOOV": 100.0,
        "TeS_MTN": 0,
        "TedS_MTN": 91.63,
        "TR3_MTN": 0.42,
        "TeRd_MTN": 23.01,
        "TS_MTN": 100.0,
        "TeS_ORANGE": 0.0,
        "TedS_ORANGE": 98.86,
        "TR3_ORANGE": 0.0,
        "TeRd_ORANGE": 99.71,
        "TS_ORANGE": 100.0,
        "rang_TeS_ORANGE": 1,
        "rang_TeS_MTN": 1,
        "rang_TeS_MOOV": 1,
        "rang_TedS_ORANGE": 2,
        "rang_TedS_MTN": 3,
        "rang_TedS_MOOV": 1,
        "rang_TR3_ORANGE": 1,
        "rang_TR3_MTN": 3,
        "rang_TR3_MOOV": 1,
        "rang_TS_ORANGE": 1,
        "rang_TS_MTN": 1,
        "rang_TS_MOOV": 1,
        "rang_TeRd_ORANGE": 2,
        "rang_TeRd_MTN": 3,
        "rang_TeRd_MOOV": 1
      },
      "id": 6
    },
    {
      "type": "Feature",
      "geometry": {
        "coordinates": [
          -3.73689,
          5.18266
        ],
        "type": "Point"
      },
      "properties": {
        "ADM0_FR": "COMOE",
        "ADM0_PCODE": "CI02",
        "ADM1_FR": "SUD-COMOE",
        "ADM1_PCODE": "CI130",
        "ADM2_FR": "GRAND-BASSAM",
        "ADM2_PCODE": "CI3003",
        "ADM3_FR": "GRAND-BASSAM",
        "ADM3_PCODE": "CI300303",
        "ADM4_FR": "GRAND-BASSAM",
        "ADM4_PCODE": "C3367",
        "centerLat": 5.19266,
        "centerLng": -3.72689,
        "pop": 74671,
        "TeS_MOOV": 0.0,
        "TedS_MOOV": 97.64,
        "TR3_MOOV": 0,
        "TeRd_MOOV": 100.0,
        "TS_MOOV": 100.0,
        "TeS_MTN": 0,
        "TedS_MTN": 99.42,
        "TR3_MTN": 0.0,
        "TeRd_MTN": 90.12,
        "TS_MTN": 100.0,
        "TeS_ORANGE": 0.0,
        "TedS_ORANGE": 99.53,
        "TR3_ORANGE": 0.0,
        "TeRd_ORANGE": 100.0,
        "TS_ORANGE": 100.0,
        "rang_TeS_ORANGE": 1,
        "rang_TeS_MTN": 1,
        "rang_TeS_MOOV": 1,
        "rang_TedS_ORANGE": 1,
        "rang_TedS_MTN": 2,
        "rang_TedS_MOOV": 3,
        "rang_TR3_ORANGE": 1,
        "rang_TR3_MTN": 1,
        "rang_TR3_MOOV": 1,
        "rang_TS_ORANGE": 1,
        "rang_TS_MTN": 1,
        "rang_TS_MOOV": 1,
        "rang_TeRd_ORANGE": 1,
        "rang_TeRd_MTN": 3,
        "rang_TeRd_MOOV": 1
      },
      "id": 7
    },
    {
      "type": "Feature",
      "geometry": {
        "coordinates": [
          -3.95836,
          5.29249
        ],
        "type": "Point"
      },
      "properties": {
        "ADM0_FR": "DISTRICT AUTONOME D'ABIDJAN",
        "ADM0_PCODE": "CI04",
        "ADM1_FR": "DISTRICT AUTONOME D'ABIDJAN",
        "ADM1_PCODE": "CI101",
        "ADM2_FR": "ABIDJAN",
        "ADM2_PCODE": "CI0101",
        "ADM3_FR": "ABIDJAN",
        "ADM3_PCODE": "CI010101",
        "ADM4_FR": "KOUMASSI",
        "ADM4_PCODE": "C4694",
        "centerLat": 5.30249,
        "centerLng": -3.94836,
        "pop": 433139,
        "TeS_MOOV": 0.0,
        "TedS_MOOV": 98.19,
        "TR3_MOOV": 0,
        "TeRd_MOOV": 100.0,
        "TS_MOOV": 100.0,
        "TeS_MTN": 0,
        "TedS_MTN": 99.28,
        "TR3_MTN": 0.0,
        "TeRd_MTN": 99.64,
        "TS_MTN": 100.0,
        "TeS_ORANGE": 0.0,
        "TedS_ORANGE": 96.97,
        "TR3_ORANGE": 0.0,
        "TeRd_ORANGE": 100.0,
        "TS_ORANGE": 100.0,
        "rang_TeS_ORANGE": 1,
        "rang_TeS_MTN": 1,
        "rang_TeS_MOOV": 1,
        "rang_TedS_ORANGE": 3,
        "rang_TedS_MTN": 1,
        "rang_TedS_MOOV": 2,
        "rang_TR3_ORANGE": 1,
        "rang_TR3_MTN": 1,
        "rang_TR3_MOOV": 1,
        "rang_TS_ORANGE": 1,
        "rang_TS_MTN": 1,
        "rang_TS_MOOV": 1,
        "rang_TeRd_ORANGE": 1,
        "rang_TeRd_MTN": 3,
        "rang_TeRd_MOOV": 1
      },
      "id": 8
    },
    {
      "type": "Feature",
      "geometry": {
        "coordinates": [
          -3.99251,
          5.28932
        ],
        "type": "Point"
      },
      "properties": {
        "ADM0_FR": "DISTRICT AUTONOME D'ABIDJAN",
        "ADM0_PCODE": "CI04",
        "ADM1_FR": "DISTRICT AUTONOME D'ABIDJAN",
        "ADM1_PCODE": "CI101",
        "ADM2_FR": "ABIDJAN",
        "ADM2_PCODE": "CI0101",
        "ADM3_FR": "ABIDJAN",
        "ADM3_PCODE": "CI010101",
        "ADM4_FR": "MARCORY",
        "ADM4_PCODE": "C5375",
        "centerLat": 5.29932,
        "centerLng": -3.98251,
        "pop": 249858,
        "TeS_MOOV": 0.0,
        "TedS_MOOV": 97.89,
        "TR3_MOOV": 0,
        "TeRd_MOOV": 99.65,
        "TS_MOOV": 100.0,
        "TeS_MTN": 0,
        "TedS_MTN": 96.11,
        "TR3_MTN": 0.0,
        "TeRd_MTN": 98.59,
        "TS_MTN": 100.0,
        "TeS_ORANGE": 0.0,
        "TedS_ORANGE": 97.50999999999999,
        "TR3_ORANGE": 0.0,
        "TeRd_ORANGE": 99.29,
        "TS_ORANGE": 100.0,
        "rang_TeS_ORANGE": 1,
        "rang_TeS_MTN": 1,
        "rang_TeS_MOOV": 1,
        "rang_TedS_ORANGE": 2,
        "rang_TedS_MTN": 3,
        "rang_TedS_MOOV": 1,
        "rang_TR3_ORANGE": 1,
        "rang_TR3_MTN": 1,
        "rang_TR3_MOOV": 1,
        "rang_TS_ORANGE": 1,
        "rang_TS_MTN": 1,
        "rang_TS_MOOV": 1,
        "rang_TeRd_ORANGE": 2,
        "rang_TeRd_MTN": 3,
        "rang_TeRd_MOOV": 1
      },
      "id": 9
    },
    {
      "type": "Feature",
      "geometry": {
        "coordinates": [
          -4.0316399999999994,
          5.31517
        ],
        "type": "Point"
      },
      "properties": {
        "ADM0_FR": "DISTRICT AUTONOME D'ABIDJAN",
        "ADM0_PCODE": "CI04",
        "ADM1_FR": "DISTRICT AUTONOME D'ABIDJAN",
        "ADM1_PCODE": "CI101",
        "ADM2_FR": "ABIDJAN",
        "ADM2_PCODE": "CI0101",
        "ADM3_FR": "ABIDJAN",
        "ADM3_PCODE": "CI010101",
        "ADM4_FR": "PLATEAU",
        "ADM4_PCODE": "C6556",
        "centerLat": 5.32517,
        "centerLng": -4.02164,
        "pop": 7488,
        "TeS_MOOV": 0.0,
        "TedS_MOOV": 97.56,
        "TR3_MOOV": 0,
        "TeRd_MOOV": 99.59,
        "TS_MOOV": 100.0,
        "TeS_MTN": 0,
        "TedS_MTN": 98.38,
        "TR3_MTN": 0.0,
        "TeRd_MTN": 100.0,
        "TS_MTN": 100.0,
        "TeS_ORANGE": 0.0,
        "TedS_ORANGE": 93.0,
        "TR3_ORANGE": 0.0,
        "TeRd_ORANGE": 95.47,
        "TS_ORANGE": 100.0,
        "rang_TeS_ORANGE": 1,
        "rang_TeS_MTN": 1,
        "rang_TeS_MOOV": 1,
        "rang_TedS_ORANGE": 3,
        "rang_TedS_MTN": 1,
        "rang_TedS_MOOV": 2,
        "rang_TR3_ORANGE": 1,
        "rang_TR3_MTN": 1,
        "rang_TR3_MOOV": 1,
        "rang_TS_ORANGE": 1,
        "rang_TS_MTN": 1,
        "rang_TS_MOOV": 1,
        "rang_TeRd_ORANGE": 3,
        "rang_TeRd_MTN": 1,
        "rang_TeRd_MOOV": 2
      },
      "id": 10
    },
    {
      "type": "Feature",
      "geometry": {
        "coordinates": [
          -3.968626,
          5.246881
        ],
        "type": "Point"
      },
      "properties": {
        "ADM0_FR": "DISTRICT AUTONOME D'ABIDJAN",
        "ADM0_PCODE": "CI04",
        "ADM1_FR": "DISTRICT AUTONOME D'ABIDJAN",
        "ADM1_PCODE": "CI101",
        "ADM2_FR": "ABIDJAN",
        "ADM2_PCODE": "CI0101",
        "ADM3_FR": "ABIDJAN",
        "ADM3_PCODE": "CI010101",
        "ADM4_FR": "PORT-BOUET",
        "ADM4_PCODE": "C6619",
        "centerLat": 5.256881,
        "centerLng": -3.958626,
        "pop": 419033,
        "TeS_MOOV": 0.0,
        "TedS_MOOV": 97.36,
        "TR3_MOOV": 0,
        "TeRd_MOOV": 99.62,
        "TS_MOOV": 99.62,
        "TeS_MTN": 0,
        "TedS_MTN": 100.0,
        "TR3_MTN": 0.0,
        "TeRd_MTN": 90.77,
        "TS_MTN": 100.0,
        "TeS_ORANGE": 0.0,
        "TedS_ORANGE": 98.57000000000001,
        "TR3_ORANGE": 0.36,
        "TeRd_ORANGE": 99.64,
        "TS_ORANGE": 100.0,
        "rang_TeS_ORANGE": 1,
        "rang_TeS_MTN": 1,
        "rang_TeS_MOOV": 1,
        "rang_TedS_ORANGE": 2,
        "rang_TedS_MTN": 1,
        "rang_TedS_MOOV": 3,
        "rang_TR3_ORANGE": 3,
        "rang_TR3_MTN": 1,
        "rang_TR3_MOOV": 1,
        "rang_TS_ORANGE": 1,
        "rang_TS_MTN": 1,
        "rang_TS_MOOV": 3,
        "rang_TeRd_ORANGE": 1,
        "rang_TeRd_MTN": 3,
        "rang_TeRd_MOOV": 2
      },
      "id": 11
    },
    {
      "type": "Feature",
      "geometry": {
        "coordinates": [
          -4.02044,
          5.2809800000000005
        ],
        "type": "Point"
      },
      "properties": {
        "ADM0_FR": "DISTRICT AUTONOME D'ABIDJAN",
        "ADM0_PCODE": "CI04",
        "ADM1_FR": "DISTRICT AUTONOME D'ABIDJAN",
        "ADM1_PCODE": "CI101",
        "ADM2_FR": "ABIDJAN",
        "ADM2_PCODE": "CI0101",
        "ADM3_FR": "ABIDJAN",
        "ADM3_PCODE": "CI010101",
        "ADM4_FR": "TREICHVILLE",
        "ADM4_PCODE": "C7913",
        "centerLat": 5.29098,
        "centerLng": -4.01044,
        "pop": 102580,
        "TeS_MOOV": 0.0,
        "TedS_MOOV": 98.16,
        "TR3_MOOV": 0,
        "TeRd_MOOV": 100.0,
        "TS_MOOV": 100.0,
        "TeS_MTN": 0,
        "TedS_MTN": 96.95,
        "TR3_MTN": 0.38,
        "TeRd_MTN": 98.85000000000001,
        "TS_MTN": 100.0,
        "TeS_ORANGE": 0.0,
        "TedS_ORANGE": 97.95,
        "TR3_ORANGE": 0.0,
        "TeRd_ORANGE": 100.0,
        "TS_ORANGE": 100.0,
        "rang_TeS_ORANGE": 1,
        "rang_TeS_MTN": 1,
        "rang_TeS_MOOV": 1,
        "rang_TedS_ORANGE": 2,
        "rang_TedS_MTN": 3,
        "rang_TedS_MOOV": 1,
        "rang_TR3_ORANGE": 1,
        "rang_TR3_MTN": 3,
        "rang_TR3_MOOV": 1,
        "rang_TS_ORANGE": 1,
        "rang_TS_MTN": 1,
        "rang_TS_MOOV": 1,
        "rang_TeRd_ORANGE": 1,
        "rang_TeRd_MTN": 3,
        "rang_TeRd_MOOV": 1
      },
      "id": 12
    },
    {
      "type": "Feature",
      "geometry": {
        "coordinates": [
          -4.10015,
          5.2984800000000005
        ],
        "type": "Point"
      },
      "properties": {
        "ADM0_FR": "DISTRICT AUTONOME D'ABIDJAN",
        "ADM0_PCODE": "CI04",
        "ADM1_FR": "DISTRICT AUTONOME D'ABIDJAN",
        "ADM1_PCODE": "CI101",
        "ADM2_FR": "ABIDJAN",
        "ADM2_PCODE": "CI0101",
        "ADM3_FR": "ABIDJAN",
        "ADM3_PCODE": "CI010101",
        "ADM4_FR": "YOPOUGON",
        "ADM4_PCODE": "C8230",
        "centerLat": 5.30848,
        "centerLng": -4.09015,
        "pop": 1071543,
        "TeS_MOOV": 0.0,
        "TedS_MOOV": 96.25,
        "TR3_MOOV": 0,
        "TeRd_MOOV": 98.75,
        "TS_MOOV": 100.0,
        "TeS_MTN": 0,
        "TedS_MTN": 99.53,
        "TR3_MTN": 0.0,
        "TeRd_MTN": 100.0,
        "TS_MTN": 100.0,
        "TeS_ORANGE": 0.0,
        "TedS_ORANGE": 96.8,
        "TR3_ORANGE": 0.0,
        "TeRd_ORANGE": 99.56,
        "TS_ORANGE": 100.0,
        "rang_TeS_ORANGE": 1,
        "rang_TeS_MTN": 1,
        "rang_TeS_MOOV": 1,
        "rang_TedS_ORANGE": 2,
        "rang_TedS_MTN": 1,
        "rang_TedS_MOOV": 3,
        "rang_TR3_ORANGE": 1,
        "rang_TR3_MTN": 1,
        "rang_TR3_MOOV": 1,
        "rang_TS_ORANGE": 1,
        "rang_TS_MTN": 1,
        "rang_TS_MOOV": 1,
        "rang_TeRd_ORANGE": 2,
        "rang_TeRd_MTN": 1,
        "rang_TeRd_MOOV": 3
      },
      "id": 13
    },
    {
      "type": "Feature",
      "geometry": {
        "coordinates": [
          -3.50676,
          6.7183600000000006
        ],
        "type": "Point"
      },
      "properties": {
        "ADM0_FR": "COMOE",
        "ADM0_PCODE": "CI02",
        "ADM1_FR": "INDENIE-DJUABLIN",
        "ADM1_PCODE": "CI120",
        "ADM2_FR": "ABENGOUROU",
        "ADM2_PCODE": "CI2001",
        "ADM3_FR": "ABENGOUROU",
        "ADM3_PCODE": "CI200101",
        "ADM4_FR": "ABENGOUROU",
        "ADM4_PCODE": "C0014",
        "centerLat": 6.72836,
        "centerLng": -3.49676,
        "pop": 100910,
        "TeS_MOOV": 0.0,
        "TedS_MOOV": 98.8,
        "TR3_MOOV": 0,
        "TeRd_MOOV": 100.0,
        "TS_MOOV": 100.0,
        "TeS_MTN": 0,
        "TedS_MTN": 99.39,
        "TR3_MTN": 0.0,
        "TeRd_MTN": 100.0,
        "TS_MTN": 100.0,
        "TeS_ORANGE": 0.0,
        "TedS_ORANGE": 100.0,
        "TR3_ORANGE": 0.0,
        "TeRd_ORANGE": 99.6,
        "TS_ORANGE": 100.0,
        "rang_TeS_ORANGE": 1,
        "rang_TeS_MTN": 1,
        "rang_TeS_MOOV": 1,
        "rang_TedS_ORANGE": 1,
        "rang_TedS_MTN": 2,
        "rang_TedS_MOOV": 3,
        "rang_TR3_ORANGE": 1,
        "rang_TR3_MTN": 1,
        "rang_TR3_MOOV": 1,
        "rang_TS_ORANGE": 1,
        "rang_TS_MTN": 1,
        "rang_TS_MOOV": 1,
        "rang_TeRd_ORANGE": 3,
        "rang_TeRd_MTN": 1,
        "rang_TeRd_MOOV": 1
      },
      "id": 14
    },
    {
      "type": "Feature",
      "geometry": {
        "coordinates": [
          -3.21677,
          5.46457
        ],
        "type": "Point"
      },
      "properties": {
        "ADM0_FR": "COMOE",
        "ADM0_PCODE": "CI02",
        "ADM1_FR": "SUD-COMOE",
        "ADM1_PCODE": "CI130",
        "ADM2_FR": "ABOISSO",
        "ADM2_PCODE": "CI3001",
        "ADM3_FR": "ABOISSO",
        "ADM3_PCODE": "CI300101",
        "ADM4_FR": "ABOISSO",
        "ADM4_PCODE": "C0033",
        "centerLat": 5.47457,
        "centerLng": -3.20677,
        "pop": 45688,
        "TeS_MOOV": 0.35000000000000003,
        "TedS_MOOV": 99.64,
        "TR3_MOOV": 0,
        "TeRd_MOOV": 99.64,
        "TS_MOOV": 100.0,
        "TeS_MTN": 0,
        "TedS_MTN": 90.35,
        "TR3_MTN": 0.0,
        "TeRd_MTN": 99.61,
        "TS_MTN": 100.0,
        "TeS_ORANGE": 0.0,
        "TedS_ORANGE": 99.29,
        "TR3_ORANGE": 0.0,
        "TeRd_ORANGE": 100.0,
        "TS_ORANGE": 100.0,
        "rang_TeS_ORANGE": 1,
        "rang_TeS_MTN": 1,
        "rang_TeS_MOOV": 3,
        "rang_TedS_ORANGE": 2,
        "rang_TedS_MTN": 3,
        "rang_TedS_MOOV": 1,
        "rang_TR3_ORANGE": 1,
        "rang_TR3_MTN": 1,
        "rang_TR3_MOOV": 1,
        "rang_TS_ORANGE": 1,
        "rang_TS_MTN": 1,
        "rang_TS_MOOV": 1,
        "rang_TeRd_ORANGE": 1,
        "rang_TeRd_MTN": 3,
        "rang_TeRd_MOOV": 2
      },
      "id": 15
    },
    {
      "type": "Feature",
      "geometry": {
        "coordinates": [
          -3.87622,
          6.099600000000001
        ],
        "type": "Point"
      },
      "properties": {
        "ADM0_FR": "LAGUNES",
        "ADM0_PCODE": "CI08",
        "ADM1_FR": "LA ME",
        "ADM1_PCODE": "CI124",
        "ADM2_FR": "ADZOPE",
        "ADM2_PCODE": "CI2401",
        "ADM3_FR": "ADZOPE",
        "ADM3_PCODE": "CI240101",
        "ADM4_FR": "ADZOPE",
        "ADM4_PCODE": "C0176",
        "centerLat": 6.1096,
        "centerLng": -3.86622,
        "pop": 58722,
        "TeS_MOOV": 0.0,
        "TedS_MOOV": 98.68,
        "TR3_MOOV": 0,
        "TeRd_MOOV": 99.33999999999999,
        "TS_MOOV": 100.0,
        "TeS_MTN": 0,
        "TedS_MTN": 100.0,
        "TR3_MTN": 0.0,
        "TeRd_MTN": 99.33999999999999,
        "TS_MTN": 100.0,
        "TeS_ORANGE": 0.0,
        "TedS_ORANGE": 99.33999999999999,
        "TR3_ORANGE": 0.0,
        "TeRd_ORANGE": 100.0,
        "TS_ORANGE": 100.0,
        "rang_TeS_ORANGE": 1,
        "rang_TeS_MTN": 1,
        "rang_TeS_MOOV": 1,
        "rang_TedS_ORANGE": 2,
        "rang_TedS_MTN": 1,
        "rang_TedS_MOOV": 3,
        "rang_TR3_ORANGE": 1,
        "rang_TR3_MTN": 1,
        "rang_TR3_MOOV": 1,
        "rang_TS_ORANGE": 1,
        "rang_TS_MTN": 1,
        "rang_TS_MOOV": 1,
        "rang_TeRd_ORANGE": 1,
        "rang_TeRd_MTN": 2,
        "rang_TeRd_MOOV": 2
      },
      "id": 16
    },
    {
      "type": "Feature",
      "geometry": {
        "coordinates": [
          -4.22523,
          5.91964
        ],
        "type": "Point"
      },
      "properties": {
        "ADM0_FR": "LAGUNES",
        "ADM0_PCODE": "CI08",
        "ADM1_FR": "AGNEBY-TIASSA",
        "ADM1_PCODE": "CI103",
        "ADM2_FR": "AGBOVILLE",
        "ADM2_PCODE": "CI0301",
        "ADM3_FR": "AGBOVILLE",
        "ADM3_PCODE": "CI030102",
        "ADM4_FR": "AGBOVILLE",
        "ADM4_PCODE": "C0215",
        "centerLat": 5.92964,
        "centerLng": -4.21523,
        "pop": 50873,
        "TeS_MOOV": 0.0,
        "TedS_MOOV": 60.14000000000001,
        "TR3_MOOV": 0,
        "TeRd_MOOV": 61.59,
        "TS_MOOV": 61.59,
        "TeS_MTN": 0,
        "TedS_MTN": 95.59,
        "TR3_MTN": 0.0,
        "TeRd_MTN": 41.91,
        "TS_MTN": 100.0,
        "TeS_ORANGE": 0.0,
        "TedS_ORANGE": 98.82,
        "TR3_ORANGE": 0.0,
        "TeRd_ORANGE": 100.0,
        "TS_ORANGE": 100.0,
        "rang_TeS_ORANGE": 1,
        "rang_TeS_MTN": 1,
        "rang_TeS_MOOV": 1,
        "rang_TedS_ORANGE": 1,
        "rang_TedS_MTN": 2,
        "rang_TedS_MOOV": 3,
        "rang_TR3_ORANGE": 1,
        "rang_TR3_MTN": 1,
        "rang_TR3_MOOV": 1,
        "rang_TS_ORANGE": 1,
        "rang_TS_MTN": 1,
        "rang_TS_MOOV": 3,
        "rang_TeRd_ORANGE": 1,
        "rang_TeRd_MTN": 3,
        "rang_TeRd_MOOV": 2
      },
      "id": 17
    },
    {
      "type": "Feature",
      "geometry": {
        "coordinates": [
          -3.8977899999999996,
          6.37525
        ],
        "type": "Point"
      },
      "properties": {
        "ADM0_FR": "LAGUNES",
        "ADM0_PCODE": "CI08",
        "ADM1_FR": "LA ME",
        "ADM1_PCODE": "CI124",
        "ADM2_FR": "AKOUPE",
        "ADM2_PCODE": "CI2402",
        "ADM3_FR": "AKOUPE",
        "ADM3_PCODE": "CI240202",
        "ADM4_FR": "AKOUPE",
        "ADM4_PCODE": "C0363",
        "centerLat": 6.38525,
        "centerLng": -3.88779,
        "pop": 26668,
        "TeS_MOOV": 0.0,
        "TedS_MOOV": 99.33999999999999,
        "TR3_MOOV": 0,
        "TeRd_MOOV": 100.0,
        "TS_MOOV": 100.0,
        "TeS_MTN": 0,
        "TedS_MTN": 100.0,
        "TR3_MTN": 0.0,
        "TeRd_MTN": 100.0,
        "TS_MTN": 100.0,
        "TeS_ORANGE": 0.0,
        "TedS_ORANGE": 100.0,
        "TR3_ORANGE": 0.0,
        "TeRd_ORANGE": 100.0,
        "TS_ORANGE": 100.0,
        "rang_TeS_ORANGE": 1,
        "rang_TeS_MTN": 1,
        "rang_TeS_MOOV": 1,
        "rang_TedS_ORANGE": 1,
        "rang_TedS_MTN": 1,
        "rang_TedS_MOOV": 3,
        "rang_TR3_ORANGE": 1,
        "rang_TR3_MTN": 1,
        "rang_TR3_MOOV": 1,
        "rang_TS_ORANGE": 1,
        "rang_TS_MTN": 1,
        "rang_TS_MOOV": 1,
        "rang_TeRd_ORANGE": 1,
        "rang_TeRd_MTN": 1,
        "rang_TeRd_MOOV": 1
      },
      "id": 18
    },
    {
      "type": "Feature",
      "geometry": {
        "coordinates": [
          -3.67061,
          5.4912600000000005
        ],
        "type": "Point"
      },
      "properties": {
        "ADM0_FR": "LAGUNES",
        "ADM0_PCODE": "CI08",
        "ADM1_FR": "LA ME",
        "ADM1_PCODE": "CI124",
        "ADM2_FR": "ALEPE",
        "ADM2_PCODE": "CI2403",
        "ADM3_FR": "ALEPE",
        "ADM3_PCODE": "CI240302",
        "ADM4_FR": "ALEPE",
        "ADM4_PCODE": "C0398",
        "centerLat": 5.50126,
        "centerLng": -3.66061,
        "pop": 9045,
        "TeS_MOOV": 0.0,
        "TedS_MOOV": 99.33999999999999,
        "TR3_MOOV": 0,
        "TeRd_MOOV": 100.0,
        "TS_MOOV": 100.0,
        "TeS_MTN": 0,
        "TedS_MTN": 100.0,
        "TR3_MTN": 0.0,
        "TeRd_MTN": 100.0,
        "TS_MTN": 100.0,
        "TeS_ORANGE": 0.0,
        "TedS_ORANGE": 100.0,
        "TR3_ORANGE": 0.0,
        "TeRd_ORANGE": 100.0,
        "TS_ORANGE": 100.0,
        "rang_TeS_ORANGE": 1,
        "rang_TeS_MTN": 1,
        "rang_TeS_MOOV": 1,
        "rang_TedS_ORANGE": 1,
        "rang_TedS_MTN": 1,
        "rang_TedS_MOOV": 3,
        "rang_TR3_ORANGE": 1,
        "rang_TR3_MTN": 1,
        "rang_TR3_MOOV": 1,
        "rang_TS_ORANGE": 1,
        "rang_TS_MTN": 1,
        "rang_TS_MOOV": 1,
        "rang_TeRd_ORANGE": 1,
        "rang_TeRd_MTN": 1,
        "rang_TeRd_MOOV": 1
      },
      "id": 19
    },
    {
      "type": "Feature",
      "geometry": {
        "coordinates": [
          -3.29996,
          5.12392
        ],
        "type": "Point"
      },
      "properties": {
        "ADM0_FR": "COMOE",
        "ADM0_PCODE": "CI02",
        "ADM1_FR": "SUD-COMOE",
        "ADM1_PCODE": "CI130",
        "ADM2_FR": "ADIAKE",
        "ADM2_PCODE": "CI3002",
        "ADM3_FR": "ASSINIE-MAFIA",
        "ADM3_PCODE": "CI300202",
        "ADM4_FR": "ASSINIE-MAFIA",
        "ADM4_PCODE": "C0685",
        "centerLat": 5.13392,
        "centerLng": -3.28996,
        "pop": 5661,
        "TeS_MOOV": 7.6899999999999995,
        "TedS_MOOV": 95.83,
        "TR3_MOOV": 0,
        "TeRd_MOOV": 95.83,
        "TS_MOOV": 100.0,
        "TeS_MTN": 0,
        "TedS_MTN": 98.44000000000001,
        "TR3_MTN": 6.25,
        "TeRd_MTN": 90.63,
        "TS_MTN": 98.44000000000001,
        "TeS_ORANGE": 0.0,
        "TedS_ORANGE": 100.0,
        "TR3_ORANGE": 0.0,
        "TeRd_ORANGE": 100.0,
        "TS_ORANGE": 100.0,
        "rang_TeS_ORANGE": 1,
        "rang_TeS_MTN": 1,
        "rang_TeS_MOOV": 3,
        "rang_TedS_ORANGE": 1,
        "rang_TedS_MTN": 2,
        "rang_TedS_MOOV": 3,
        "rang_TR3_ORANGE": 1,
        "rang_TR3_MTN": 3,
        "rang_TR3_MOOV": 1,
        "rang_TS_ORANGE": 1,
        "rang_TS_MTN": 3,
        "rang_TS_MOOV": 1,
        "rang_TeRd_ORANGE": 1,
        "rang_TeRd_MTN": 3,
        "rang_TeRd_MOOV": 2
      },
      "id": 20
    },
    {
      "type": "Feature",
      "geometry": {
        "coordinates": [
          -7.620019999999999,
          9.13095
        ],
        "type": "Point"
      },
      "properties": {
        "ADM0_FR": "DENGUELE",
        "ADM0_PCODE": "CI03",
        "ADM1_FR": "KABADOUGOU",
        "ADM1_PCODE": "CI121",
        "ADM2_FR": "ODIENNE",
        "ADM2_PCODE": "CI2103",
        "ADM3_FR": "BAKO",
        "ADM3_PCODE": "CI210302",
        "ADM4_FR": "BAKO",
        "ADM4_PCODE": "C0871",
        "centerLat": 9.14095,
        "centerLng": -7.61002,
        "pop": 1796,
        "TeS_MOOV": 0.0,
        "TedS_MOOV": 100.0,
        "TR3_MOOV": 0,
        "TeRd_MOOV": 100.0,
        "TS_MOOV": 100.0,
        "TeS_MTN": 0,
        "TedS_MTN": 98.11,
        "TR3_MTN": 0.0,
        "TeRd_MTN": 100.0,
        "TS_MTN": 100.0,
        "TeS_ORANGE": 0.0,
        "TedS_ORANGE": 98.98,
        "TR3_ORANGE": 0.0,
        "TeRd_ORANGE": 100.0,
        "TS_ORANGE": 100.0,
        "rang_TeS_ORANGE": 1,
        "rang_TeS_MTN": 1,
        "rang_TeS_MOOV": 1,
        "rang_TedS_ORANGE": 2,
        "rang_TedS_MTN": 3,
        "rang_TedS_MOOV": 1,
        "rang_TR3_ORANGE": 1,
        "rang_TR3_MTN": 1,
        "rang_TR3_MOOV": 1,
        "rang_TS_ORANGE": 1,
        "rang_TS_MTN": 1,
        "rang_TS_MOOV": 1,
        "rang_TeRd_ORANGE": 1,
        "rang_TeRd_MTN": 1,
        "rang_TeRd_MOOV": 1
      },
      "id": 21
    },
    {
      "type": "Feature",
      "geometry": {
        "coordinates": [
          -7.62483,
          7.73078
        ],
        "type": "Point"
      },
      "properties": {
        "ADM0_FR": "MONTAGNES",
        "ADM0_PCODE": "CI09",
        "ADM1_FR": "TONKPI",
        "ADM1_PCODE": "CI132",
        "ADM2_FR": "BIANKOUMA",
        "ADM2_PCODE": "CI3201",
        "ADM3_FR": "BIANKOUMA",
        "ADM3_PCODE": "CI320101",
        "ADM4_FR": "BIANKOUMA",
        "ADM4_PCODE": "C1160",
        "centerLat": 7.74078,
        "centerLng": -7.61483,
        "pop": 17922,
        "TeS_MOOV": 0.0,
        "TedS_MOOV": 98.63,
        "TR3_MOOV": 0,
        "TeRd_MOOV": 100.0,
        "TS_MOOV": 100.0,
        "TeS_MTN": 0,
        "TedS_MTN": 97.24000000000001,
        "TR3_MTN": 0.69,
        "TeRd_MTN": 97.92999999999999,
        "TS_MTN": 100.0,
        "TeS_ORANGE": 0.0,
        "TedS_ORANGE": 99.32,
        "TR3_ORANGE": 0.0,
        "TeRd_ORANGE": 100.0,
        "TS_ORANGE": 100.0,
        "rang_TeS_ORANGE": 1,
        "rang_TeS_MTN": 1,
        "rang_TeS_MOOV": 1,
        "rang_TedS_ORANGE": 1,
        "rang_TedS_MTN": 3,
        "rang_TedS_MOOV": 2,
        "rang_TR3_ORANGE": 1,
        "rang_TR3_MTN": 3,
        "rang_TR3_MOOV": 1,
        "rang_TS_ORANGE": 1,
        "rang_TS_MTN": 1,
        "rang_TS_MOOV": 1,
        "rang_TeRd_ORANGE": 1,
        "rang_TeRd_MTN": 3,
        "rang_TeRd_MOOV": 1
      },
      "id": 22
    },
    {
      "type": "Feature",
      "geometry": {
        "coordinates": [
          -3.6047599999999997,
          5.26193
        ],
        "type": "Point"
      },
      "properties": {
        "ADM0_FR": "COMOE",
        "ADM0_PCODE": "CI02",
        "ADM1_FR": "SUD-COMOE",
        "ADM1_PCODE": "CI130",
        "ADM2_FR": "GRAND-BASSAM",
        "ADM2_PCODE": "CI3003",
        "ADM3_FR": "BONOUA",
        "ADM3_PCODE": "CI300302",
        "ADM4_FR": "BONOUA",
        "ADM4_PCODE": "C1451",
        "centerLat": 5.27193,
        "centerLng": -3.59476,
        "pop": 38135,
        "TeS_MOOV": 0.0,
        "TedS_MOOV": 98.72999999999999,
        "TR3_MOOV": 0,
        "TeRd_MOOV": 100.0,
        "TS_MOOV": 100.0,
        "TeS_MTN": 0,
        "TedS_MTN": 99.38,
        "TR3_MTN": 0.0,
        "TeRd_MTN": 90.06,
        "TS_MTN": 100.0,
        "TeS_ORANGE": 0.0,
        "TedS_ORANGE": 95.78,
        "TR3_ORANGE": 0.0,
        "TeRd_ORANGE": 100.0,
        "TS_ORANGE": 100.0,
        "rang_TeS_ORANGE": 1,
        "rang_TeS_MTN": 1,
        "rang_TeS_MOOV": 1,
        "rang_TedS_ORANGE": 3,
        "rang_TedS_MTN": 1,
        "rang_TedS_MOOV": 2,
        "rang_TR3_ORANGE": 1,
        "rang_TR3_MTN": 1,
        "rang_TR3_MOOV": 1,
        "rang_TS_ORANGE": 1,
        "rang_TS_MTN": 1,
        "rang_TS_MOOV": 1,
        "rang_TeRd_ORANGE": 1,
        "rang_TeRd_MTN": 3,
        "rang_TeRd_MOOV": 1
      },
      "id": 23
    },
    {
      "type": "Feature",
      "geometry": {
        "coordinates": [
          -5.7613199999999996,
          6.97414
        ],
        "type": "Point"
      },
      "properties": {
        "ADM0_FR": "SASSANDRA-MARAHOUE",
        "ADM0_PCODE": "CI10",
        "ADM1_FR": "MARAHOUE",
        "ADM1_PCODE": "CI123",
        "ADM2_FR": "BOUAFLE",
        "ADM2_PCODE": "CI2301",
        "ADM3_FR": "BOUAFLE",
        "ADM3_PCODE": "CI230103",
        "ADM4_FR": "BOUAFLÉ",
        "ADM4_PCODE": "C1503",
        "centerLat": 6.98414,
        "centerLng": -5.75132,
        "pop": 80389,
        "TeS_MOOV": 0.0,
        "TedS_MOOV": 94.28999999999999,
        "TR3_MOOV": 0,
        "TeRd_MOOV": 95.43,
        "TS_MOOV": 95.43,
        "TeS_MTN": 0,
        "TedS_MTN": 95.43,
        "TR3_MTN": 0.0,
        "TeRd_MTN": 94.86,
        "TS_MTN": 100.0,
        "TeS_ORANGE": 0.0,
        "TedS_ORANGE": 97.00999999999999,
        "TR3_ORANGE": 0.0,
        "TeRd_ORANGE": 98.8,
        "TS_ORANGE": 100.0,
        "rang_TeS_ORANGE": 1,
        "rang_TeS_MTN": 1,
        "rang_TeS_MOOV": 1,
        "rang_TedS_ORANGE": 1,
        "rang_TedS_MTN": 2,
        "rang_TedS_MOOV": 3,
        "rang_TR3_ORANGE": 1,
        "rang_TR3_MTN": 1,
        "rang_TR3_MOOV": 1,
        "rang_TS_ORANGE": 1,
        "rang_TS_MTN": 1,
        "rang_TS_MOOV": 3,
        "rang_TeRd_ORANGE": 1,
        "rang_TeRd_MTN": 3,
        "rang_TeRd_MOOV": 2
      },
      "id": 24
    },
    {
      "type": "Feature",
      "geometry": {
        "coordinates": [
          -5.03961,
          7.67791
        ],
        "type": "Point"
      },
      "properties": {
        "ADM0_FR": "VALLEE DU BANDAMA",
        "ADM0_PCODE": "CI12",
        "ADM1_FR": "GBEKE",
        "ADM1_PCODE": "CI111",
        "ADM2_FR": "BOUAKE",
        "ADM2_PCODE": "CI1103",
        "ADM3_FR": "BOUAKE",
        "ADM3_PCODE": "CI110301",
        "ADM4_FR": "BOUAKÉ",
        "ADM4_PCODE": "C1507",
        "centerLat": 7.68791,
        "centerLng": -5.02961,
        "pop": 536719,
        "TeS_MOOV": 0.0,
        "TedS_MOOV": 96.57,
        "TR3_MOOV": 0,
        "TeRd_MOOV": 100.0,
        "TS_MOOV": 100.0,
        "TeS_MTN": 0,
        "TedS_MTN": 98.95,
        "TR3_MTN": 0.0,
        "TeRd_MTN": 100.0,
        "TS_MTN": 100.0,
        "TeS_ORANGE": 0.0,
        "TedS_ORANGE": 98.25,
        "TR3_ORANGE": 0.0,
        "TeRd_ORANGE": 99.65,
        "TS_ORANGE": 100.0,
        "rang_TeS_ORANGE": 1,
        "rang_TeS_MTN": 1,
        "rang_TeS_MOOV": 1,
        "rang_TedS_ORANGE": 2,
        "rang_TedS_MTN": 1,
        "rang_TedS_MOOV": 3,
        "rang_TR3_ORANGE": 1,
        "rang_TR3_MTN": 1,
        "rang_TR3_MOOV": 1,
        "rang_TS_ORANGE": 1,
        "rang_TS_MTN": 1,
        "rang_TS_MOOV": 1,
        "rang_TeRd_ORANGE": 3,
        "rang_TeRd_MTN": 1,
        "rang_TeRd_MOOV": 1
      },
      "id": 25
    },
    {
      "type": "Feature",
      "geometry": {
        "coordinates": [
          -3.0090899999999996,
          9.25864
        ],
        "type": "Point"
      },
      "properties": {
        "ADM0_FR": "ZANZAN",
        "ADM0_PCODE": "CI14",
        "ADM1_FR": "BOUNKANI",
        "ADM1_PCODE": "CI108",
        "ADM2_FR": "BOUNA",
        "ADM2_PCODE": "CI0801",
        "ADM3_FR": "BOUNA",
        "ADM3_PCODE": "CI080102",
        "ADM4_FR": "BOUNA",
        "ADM4_PCODE": "C1550",
        "centerLat": 9.26864,
        "centerLng": -2.99909,
        "pop": 18755,
        "TeS_MOOV": 0.0,
        "TedS_MOOV": 89.7,
        "TR3_MOOV": 0,
        "TeRd_MOOV": 98.71,
        "TS_MOOV": 100.0,
        "TeS_MTN": 0,
        "TedS_MTN": 98.59,
        "TR3_MTN": 0.0,
        "TeRd_MTN": 97.18,
        "TS_MTN": 100.0,
        "TeS_ORANGE": 0.0,
        "TedS_ORANGE": 100.0,
        "TR3_ORANGE": 0.0,
        "TeRd_ORANGE": 100.0,
        "TS_ORANGE": 100.0,
        "rang_TeS_ORANGE": 1,
        "rang_TeS_MTN": 1,
        "rang_TeS_MOOV": 1,
        "rang_TedS_ORANGE": 1,
        "rang_TedS_MTN": 2,
        "rang_TedS_MOOV": 3,
        "rang_TR3_ORANGE": 1,
        "rang_TR3_MTN": 1,
        "rang_TR3_MOOV": 1,
        "rang_TS_ORANGE": 1,
        "rang_TS_MTN": 1,
        "rang_TS_MOOV": 1,
        "rang_TeRd_ORANGE": 1,
        "rang_TeRd_MTN": 3,
        "rang_TeRd_MOOV": 2
      },
      "id": 26
    },
    {
      "type": "Feature",
      "geometry": {
        "coordinates": [
          -6.49411,
          9.51143
        ],
        "type": "Point"
      },
      "properties": {
        "ADM0_FR": "SAVANES",
        "ADM0_PCODE": "CI11",
        "ADM1_FR": "BAGOUE",
        "ADM1_PCODE": "CI105",
        "ADM2_FR": "BOUNDIALI",
        "ADM2_PCODE": "CI0501",
        "ADM3_FR": "BOUNDIALI",
        "ADM3_PCODE": "CI050102",
        "ADM4_FR": "BOUNDIALI",
        "ADM4_PCODE": "C1557",
        "centerLat": 9.52143,
        "centerLng": -6.48411,
        "pop": 39962,
        "TeS_MOOV": 0.5700000000000001,
        "TedS_MOOV": 99.42999999999999,
        "TR3_MOOV": 0,
        "TeRd_MOOV": 46.29,
        "TS_MOOV": 100.0,
        "TeS_MTN": 0,
        "TedS_MTN": 98.32,
        "TR3_MTN": 0.0,
        "TeRd_MTN": 99.44,
        "TS_MTN": 100.0,
        "TeS_ORANGE": 0.0,
        "TedS_ORANGE": 100.0,
        "TR3_ORANGE": 0.0,
        "TeRd_ORANGE": 100.0,
        "TS_ORANGE": 100.0,
        "rang_TeS_ORANGE": 1,
        "rang_TeS_MTN": 1,
        "rang_TeS_MOOV": 3,
        "rang_TedS_ORANGE": 1,
        "rang_TedS_MTN": 3,
        "rang_TedS_MOOV": 2,
        "rang_TR3_ORANGE": 1,
        "rang_TR3_MTN": 1,
        "rang_TR3_MOOV": 1,
        "rang_TS_ORANGE": 1,
        "rang_TS_MTN": 1,
        "rang_TS_MOOV": 1,
        "rang_TeRd_ORANGE": 1,
        "rang_TeRd_MTN": 2,
        "rang_TeRd_MOOV": 3
      },
      "id": 27
    },
    {
      "type": "Feature",
      "geometry": {
        "coordinates": [
          -4.39208,
          5.31271
        ],
        "type": "Point"
      },
      "properties": {
        "ADM0_FR": "LAGUNES",
        "ADM0_PCODE": "CI08",
        "ADM1_FR": "GRANDS-PONTS",
        "ADM1_PCODE": "CI115",
        "ADM2_FR": "DABOU",
        "ADM2_PCODE": "CI1501",
        "ADM3_FR": "DABOU",
        "ADM3_PCODE": "CI150101",
        "ADM4_FR": "DABOU",
        "ADM4_PCODE": "C1708",
        "centerLat": 5.32271,
        "centerLng": -4.38208,
        "pop": 61942,
        "TeS_MOOV": 0.0,
        "TedS_MOOV": 98.64,
        "TR3_MOOV": 0,
        "TeRd_MOOV": 99.55000000000001,
        "TS_MOOV": 100.0,
        "TeS_MTN": 0,
        "TedS_MTN": 100.0,
        "TR3_MTN": 0.0,
        "TeRd_MTN": 100.0,
        "TS_MTN": 100.0,
        "TeS_ORANGE": 0.0,
        "TedS_ORANGE": 100.0,
        "TR3_ORANGE": 0.0,
        "TeRd_ORANGE": 99.47,
        "TS_ORANGE": 100.0,
        "rang_TeS_ORANGE": 1,
        "rang_TeS_MTN": 1,
        "rang_TeS_MOOV": 1,
        "rang_TedS_ORANGE": 1,
        "rang_TedS_MTN": 1,
        "rang_TedS_MOOV": 3,
        "rang_TR3_ORANGE": 1,
        "rang_TR3_MTN": 1,
        "rang_TR3_MOOV": 1,
        "rang_TS_ORANGE": 1,
        "rang_TS_MTN": 1,
        "rang_TS_MOOV": 1,
        "rang_TeRd_ORANGE": 3,
        "rang_TeRd_MTN": 1,
        "rang_TeRd_MOOV": 2
      },
      "id": 28
    },
    {
      "type": "Feature",
      "geometry": {
        "coordinates": [
          -6.4586,
          6.878150000000001
        ],
        "type": "Point"
      },
      "properties": {
        "ADM0_FR": "SASSANDRA-MARAHOUE",
        "ADM0_PCODE": "CI10",
        "ADM1_FR": "HAUT-SASSANDRA",
        "ADM1_PCODE": "CI118",
        "ADM2_FR": "DALOA",
        "ADM2_PCODE": "CI1801",
        "ADM3_FR": "DALOA",
        "ADM3_PCODE": "CI180102",
        "ADM4_FR": "DALOA",
        "ADM4_PCODE": "C1779",
        "centerLat": 6.88815,
        "centerLng": -6.4486,
        "pop": 245360,
        "TeS_MOOV": 0.0,
        "TedS_MOOV": 96.55,
        "TR3_MOOV": 0,
        "TeRd_MOOV": 99.51,
        "TS_MOOV": 100.0,
        "TeS_MTN": 0,
        "TedS_MTN": 96.0,
        "TR3_MTN": 0.0,
        "TeRd_MTN": 98.5,
        "TS_MTN": 100.0,
        "TeS_ORANGE": 0.0,
        "TedS_ORANGE": 98.5,
        "TR3_ORANGE": 0.0,
        "TeRd_ORANGE": 98.5,
        "TS_ORANGE": 100.0,
        "rang_TeS_ORANGE": 1,
        "rang_TeS_MTN": 1,
        "rang_TeS_MOOV": 1,
        "rang_TedS_ORANGE": 1,
        "rang_TedS_MTN": 3,
        "rang_TedS_MOOV": 2,
        "rang_TR3_ORANGE": 1,
        "rang_TR3_MTN": 1,
        "rang_TR3_MOOV": 1,
        "rang_TS_ORANGE": 1,
        "rang_TS_MTN": 1,
        "rang_TS_MOOV": 1,
        "rang_TeRd_ORANGE": 2,
        "rang_TeRd_MTN": 2,
        "rang_TeRd_MOOV": 1
      },
      "id": 29
    },
    {
      "type": "Feature",
      "geometry": {
        "coordinates": [
          -8.17032,
          7.25075
        ],
        "type": "Point"
      },
      "properties": {
        "ADM0_FR": "MONTAGNES",
        "ADM0_PCODE": "CI09",
        "ADM1_FR": "TONKPI",
        "ADM1_PCODE": "CI132",
        "ADM2_FR": "DANANE",
        "ADM2_PCODE": "CI3202",
        "ADM3_FR": "DANANE",
        "ADM3_PCODE": "CI320202",
        "ADM4_FR": "DANANÉ",
        "ADM4_PCODE": "C1791",
        "centerLat": 7.26075,
        "centerLng": -8.16032,
        "pop": 60645,
        "TeS_MOOV": 0.0,
        "TedS_MOOV": 100.0,
        "TR3_MOOV": 0,
        "TeRd_MOOV": 100.0,
        "TS_MOOV": 100.0,
        "TeS_MTN": 0,
        "TedS_MTN": 99.29,
        "TR3_MTN": 0.0,
        "TeRd_MTN": 98.58,
        "TS_MTN": 100.0,
        "TeS_ORANGE": 0.0,
        "TedS_ORANGE": 100.0,
        "TR3_ORANGE": 0.0,
        "TeRd_ORANGE": 100.0,
        "TS_ORANGE": 100.0,
        "rang_TeS_ORANGE": 1,
        "rang_TeS_MTN": 1,
        "rang_TeS_MOOV": 1,
        "rang_TedS_ORANGE": 1,
        "rang_TedS_MTN": 3,
        "rang_TedS_MOOV": 1,
        "rang_TR3_ORANGE": 1,
        "rang_TR3_MTN": 1,
        "rang_TR3_MOOV": 1,
        "rang_TS_ORANGE": 1,
        "rang_TS_MTN": 1,
        "rang_TS_MOOV": 1,
        "rang_TeRd_ORANGE": 1,
        "rang_TeRd_MTN": 3,
        "rang_TeRd_MOOV": 1
      },
      "id": 30
    },
    {
      "type": "Feature",
      "geometry": {
        "coordinates": [
          -5.36702,
          5.82833
        ],
        "type": "Point"
      },
      "properties": {
        "ADM0_FR": "GOH-DJIBOUA",
        "ADM0_PCODE": "CI06",
        "ADM1_FR": "LOH-DJIBOUA",
        "ADM1_PCODE": "CI122",
        "ADM2_FR": "DIVO",
        "ADM2_PCODE": "CI2201",
        "ADM3_FR": "DIVO",
        "ADM3_PCODE": "CI220103",
        "ADM4_FR": "DIVO",
        "ADM4_PCODE": "C2117",
        "centerLat": 5.83833,
        "centerLng": -5.35702,
        "pop": 105397,
        "TeS_MOOV": 0.0,
        "TedS_MOOV": 96.61,
        "TR3_MOOV": 0,
        "TeRd_MOOV": 99.44,
        "TS_MOOV": 100.0,
        "TeS_MTN": 0,
        "TedS_MTN": 98.31,
        "TR3_MTN": 0.5599999999999999,
        "TeRd_MTN": 98.88,
        "TS_MTN": 100.0,
        "TeS_ORANGE": 0.0,
        "TedS_ORANGE": 99.44,
        "TR3_ORANGE": 0.0,
        "TeRd_ORANGE": 99.44,
        "TS_ORANGE": 100.0,
        "rang_TeS_ORANGE": 1,
        "rang_TeS_MTN": 1,
        "rang_TeS_MOOV": 1,
        "rang_TedS_ORANGE": 1,
        "rang_TedS_MTN": 2,
        "rang_TedS_MOOV": 3,
        "rang_TR3_ORANGE": 1,
        "rang_TR3_MTN": 3,
        "rang_TR3_MOOV": 1,
        "rang_TS_ORANGE": 1,
        "rang_TS_MTN": 1,
        "rang_TS_MOOV": 1,
        "rang_TeRd_ORANGE": 1,
        "rang_TeRd_MTN": 3,
        "rang_TeRd_MOOV": 1
      },
      "id": 31
    },
    {
      "type": "Feature",
      "geometry": {
        "coordinates": [
          -7.59178,
          4.8695900000000005
        ],
        "type": "Point"
      },
      "properties": {
        "ADM0_FR": "BAS-SASSANDRA",
        "ADM0_PCODE": "CI01",
        "ADM1_FR": "SAN-PEDRO",
        "ADM1_PCODE": "CI129",
        "ADM2_FR": "TABOU",
        "ADM2_PCODE": "CI2902",
        "ADM3_FR": "GRABO",
        "ADM3_PCODE": "CI290205",
        "ADM4_FR": "DJIMANÉ",
        "ADM4_PCODE": "C2210",
        "centerLat": 4.87959,
        "centerLng": -7.58178,
        "pop": 103,
        "TeS_MOOV": 0.0,
        "TedS_MOOV": 99.02,
        "TR3_MOOV": 0,
        "TeRd_MOOV": 100.0,
        "TS_MOOV": 100.0,
        "TeS_MTN": 0,
        "TedS_MTN": 99.03999999999999,
        "TR3_MTN": 0.0,
        "TeRd_MTN": 15.379999999999999,
        "TS_MTN": 100.0,
        "TeS_ORANGE": 0.0,
        "TedS_ORANGE": 100.0,
        "TR3_ORANGE": 0.0,
        "TeRd_ORANGE": 100.0,
        "TS_ORANGE": 100.0,
        "rang_TeS_ORANGE": 1,
        "rang_TeS_MTN": 1,
        "rang_TeS_MOOV": 1,
        "rang_TedS_ORANGE": 1,
        "rang_TedS_MTN": 2,
        "rang_TedS_MOOV": 3,
        "rang_TR3_ORANGE": 1,
        "rang_TR3_MTN": 1,
        "rang_TR3_MOOV": 1,
        "rang_TS_ORANGE": 1,
        "rang_TS_MTN": 1,
        "rang_TS_MOOV": 1,
        "rang_TeRd_ORANGE": 1,
        "rang_TeRd_MTN": 3,
        "rang_TeRd_MOOV": 1
      },
      "id": 32
    },
    {
      "type": "Feature",
      "geometry": {
        "coordinates": [
          -7.38694,
          7.37819
        ],
        "type": "Point"
      },
      "properties": {
        "ADM0_FR": "MONTAGNES",
        "ADM0_PCODE": "CI09",
        "ADM1_FR": "GUEMON",
        "ADM1_PCODE": "CI116",
        "ADM2_FR": "FACOBLY",
        "ADM2_PCODE": "CI1603",
        "ADM3_FR": "FACOBLY",
        "ADM3_PCODE": "CI160301",
        "ADM4_FR": "FACOBLY",
        "ADM4_PCODE": "C2527",
        "centerLat": 7.38819,
        "centerLng": -7.37694,
        "pop": 4536,
        "TeS_MOOV": 0.0,
        "TedS_MOOV": 100.0,
        "TR3_MOOV": 0,
        "TeRd_MOOV": 100.0,
        "TS_MOOV": 100.0,
        "TeS_MTN": 0,
        "TedS_MTN": 99.2,
        "TR3_MTN": 0.0,
        "TeRd_MTN": 98.4,
        "TS_MTN": 100.0,
        "TeS_ORANGE": 0.0,
        "TedS_ORANGE": 100.0,
        "TR3_ORANGE": 0.0,
        "TeRd_ORANGE": 100.0,
        "TS_ORANGE": 100.0,
        "rang_TeS_ORANGE": 1,
        "rang_TeS_MTN": 1,
        "rang_TeS_MOOV": 1,
        "rang_TedS_ORANGE": 1,
        "rang_TedS_MTN": 3,
        "rang_TedS_MOOV": 1,
        "rang_TR3_ORANGE": 1,
        "rang_TR3_MTN": 1,
        "rang_TR3_MOOV": 1,
        "rang_TS_ORANGE": 1,
        "rang_TS_MTN": 1,
        "rang_TS_MOOV": 1,
        "rang_TeRd_ORANGE": 1,
        "rang_TeRd_MTN": 3,
        "rang_TeRd_MOOV": 1
      },
      "id": 33
    },
    {
      "type": "Feature",
      "geometry": {
        "coordinates": [
          -5.2076199999999995,
          9.58226
        ],
        "type": "Point"
      },
      "properties": {
        "ADM0_FR": "SAVANES",
        "ADM0_PCODE": "CI11",
        "ADM1_FR": "TCHOLOGO",
        "ADM1_PCODE": "CI131",
        "ADM2_FR": "FERKESSEDOUGOU",
        "ADM2_PCODE": "CI3101",
        "ADM3_FR": "FERKESSEDOUGOU",
        "ADM3_PCODE": "CI310101",
        "ADM4_FR": "FERKESSÉDOUGOU",
        "ADM4_PCODE": "C2603",
        "centerLat": 9.59226,
        "centerLng": -5.19762,
        "pop": 55910,
        "TeS_MOOV": 0.0,
        "TedS_MOOV": 31.180000000000003,
        "TR3_MOOV": 0,
        "TeRd_MOOV": 31.72,
        "TS_MOOV": 31.72,
        "TeS_MTN": 0,
        "TedS_MTN": 99.5,
        "TR3_MTN": 0.5,
        "TeRd_MTN": 99.5,
        "TS_MTN": 100.0,
        "TeS_ORANGE": 0.0,
        "TedS_ORANGE": 84.52,
        "TR3_ORANGE": 0.0,
        "TeRd_ORANGE": 84.52,
        "TS_ORANGE": 84.52,
        "rang_TeS_ORANGE": 1,
        "rang_TeS_MTN": 1,
        "rang_TeS_MOOV": 1,
        "rang_TedS_ORANGE": 2,
        "rang_TedS_MTN": 1,
        "rang_TedS_MOOV": 3,
        "rang_TR3_ORANGE": 1,
        "rang_TR3_MTN": 3,
        "rang_TR3_MOOV": 1,
        "rang_TS_ORANGE": 2,
        "rang_TS_MTN": 1,
        "rang_TS_MOOV": 3,
        "rang_TeRd_ORANGE": 2,
        "rang_TeRd_MTN": 1,
        "rang_TeRd_MOOV": 3
      },
      "id": 34
    },
    {
      "type": "Feature",
      "geometry": {
        "coordinates": [
          -5.0735399999999995,
          7.97253
        ],
        "type": "Point"
      },
      "properties": {
        "ADM0_FR": "VALLEE DU BANDAMA",
        "ADM0_PCODE": "CI12",
        "ADM1_FR": "HAMBOL",
        "ADM1_PCODE": "CI117",
        "ADM2_FR": "KATIOLA",
        "ADM2_PCODE": "CI1702",
        "ADM3_FR": "KATIOLA",
        "ADM3_PCODE": "CI170201",
        "ADM4_FR": "FORO-FORO",
        "ADM4_PCODE": "C2667",
        "centerLat": 7.98253,
        "centerLng": -5.06354,
        "pop": 1091,
        "TeS_MOOV": 0.0,
        "TedS_MOOV": 97.2,
        "TR3_MOOV": 0,
        "TeRd_MOOV": 100.0,
        "TS_MOOV": 100.0,
        "TeS_MTN": 0,
        "TedS_MTN": 100.0,
        "TR3_MTN": 0.0,
        "TeRd_MTN": 100.0,
        "TS_MTN": 100.0,
        "TeS_ORANGE": 0.97,
        "TedS_ORANGE": 99.02,
        "TR3_ORANGE": 0.0,
        "TeRd_ORANGE": 99.02,
        "TS_ORANGE": 100.0,
        "rang_TeS_ORANGE": 3,
        "rang_TeS_MTN": 1,
        "rang_TeS_MOOV": 1,
        "rang_TedS_ORANGE": 2,
        "rang_TedS_MTN": 1,
        "rang_TedS_MOOV": 3,
        "rang_TR3_ORANGE": 1,
        "rang_TR3_MTN": 1,
        "rang_TR3_MOOV": 1,
        "rang_TS_ORANGE": 1,
        "rang_TS_MTN": 1,
        "rang_TS_MOOV": 1,
        "rang_TeRd_ORANGE": 3,
        "rang_TeRd_MTN": 1,
        "rang_TeRd_MOOV": 1
      },
      "id": 35
    },
    {
      "type": "Feature",
      "geometry": {
        "coordinates": [
          -5.596509999999999,
          5.0955900000000005
        ],
        "type": "Point"
      },
      "properties": {
        "ADM0_FR": "BAS-SASSANDRA",
        "ADM0_PCODE": "CI01",
        "ADM1_FR": "GBOKLE",
        "ADM1_PCODE": "CI112",
        "ADM2_FR": "FRESCO",
        "ADM2_PCODE": "CI1201",
        "ADM3_FR": "FRESCO",
        "ADM3_PCODE": "CI120102",
        "ADM4_FR": "FRESCO",
        "ADM4_PCODE": "C2691",
        "centerLat": 5.10559,
        "centerLng": -5.58651,
        "pop": 8533,
        "TeS_MOOV": 0.0,
        "TedS_MOOV": 99.19,
        "TR3_MOOV": 0,
        "TeRd_MOOV": 100.0,
        "TS_MOOV": 100.0,
        "TeS_MTN": 0,
        "TedS_MTN": 97.58,
        "TR3_MTN": 0.0,
        "TeRd_MTN": 100.0,
        "TS_MTN": 100.0,
        "TeS_ORANGE": 0.0,
        "TedS_ORANGE": 95.97,
        "TR3_ORANGE": 0.0,
        "TeRd_ORANGE": 100.0,
        "TS_ORANGE": 100.0,
        "rang_TeS_ORANGE": 1,
        "rang_TeS_MTN": 1,
        "rang_TeS_MOOV": 1,
        "rang_TedS_ORANGE": 3,
        "rang_TedS_MTN": 2,
        "rang_TedS_MOOV": 1,
        "rang_TR3_ORANGE": 1,
        "rang_TR3_MTN": 1,
        "rang_TR3_MOOV": 1,
        "rang_TS_ORANGE": 1,
        "rang_TS_MTN": 1,
        "rang_TS_MOOV": 1,
        "rang_TeRd_ORANGE": 1,
        "rang_TeRd_MTN": 1,
        "rang_TeRd_MOOV": 1
      },
      "id": 36
    },
    {
      "type": "Feature",
      "geometry": {
        "coordinates": [
          -5.954359999999999,
          6.11836
        ],
        "type": "Point"
      },
      "properties": {
        "ADM0_FR": "GOH-DJIBOUA",
        "ADM0_PCODE": "CI06",
        "ADM1_FR": "GOH",
        "ADM1_PCODE": "CI113",
        "ADM2_FR": "GAGNOA",
        "ADM2_PCODE": "CI1301",
        "ADM3_FR": "GAGNOA",
        "ADM3_PCODE": "CI130106",
        "ADM4_FR": "GAGNOA",
        "ADM4_PCODE": "C2707",
        "centerLat": 6.12836,
        "centerLng": -5.94436,
        "pop": 160465,
        "TeS_MOOV": 0.63,
        "TedS_MOOV": 95.6,
        "TR3_MOOV": 0,
        "TeRd_MOOV": 98.74000000000001,
        "TS_MOOV": 99.37,
        "TeS_MTN": 0,
        "TedS_MTN": 97.99,
        "TR3_MTN": 0.0,
        "TeRd_MTN": 100.0,
        "TS_MTN": 100.0,
        "TeS_ORANGE": 0.0,
        "TedS_ORANGE": 100.0,
        "TR3_ORANGE": 0.0,
        "TeRd_ORANGE": 100.0,
        "TS_ORANGE": 100.0,
        "rang_TeS_ORANGE": 1,
        "rang_TeS_MTN": 1,
        "rang_TeS_MOOV": 3,
        "rang_TedS_ORANGE": 1,
        "rang_TedS_MTN": 2,
        "rang_TedS_MOOV": 3,
        "rang_TR3_ORANGE": 1,
        "rang_TR3_MTN": 1,
        "rang_TR3_MOOV": 1,
        "rang_TS_ORANGE": 1,
        "rang_TS_MTN": 1,
        "rang_TS_MOOV": 3,
        "rang_TeRd_ORANGE": 1,
        "rang_TeRd_MTN": 1,
        "rang_TeRd_MOOV": 3
      },
      "id": 37
    },
    {
      "type": "Feature",
      "geometry": {
        "coordinates": [
          -4.452165,
          5.7148710000000005
        ],
        "type": "Point"
      },
      "properties": {
        "ADM0_FR": "LAGUNES",
        "ADM0_PCODE": "CI08",
        "ADM1_FR": "AGNEBY-TIASSA",
        "ADM1_PCODE": "CI103",
        "ADM2_FR": "SIKENSI",
        "ADM2_PCODE": "CI0302",
        "ADM3_FR": "GOMON",
        "ADM3_PCODE": "CI030202",
        "ADM4_FR": "GOMON I",
        "ADM4_PCODE": "C3231",
        "centerLat": 5.724871,
        "centerLng": -4.442165,
        "pop": 9843,
        "TeS_MOOV": 0.0,
        "TedS_MOOV": 99.08,
        "TR3_MOOV": 0,
        "TeRd_MOOV": 100.0,
        "TS_MOOV": 100.0,
        "TeS_MTN": 0,
        "TedS_MTN": 100.0,
        "TR3_MTN": 0.0,
        "TeRd_MTN": 100.0,
        "TS_MTN": 100.0,
        "TeS_ORANGE": 0.0,
        "TedS_ORANGE": 100.0,
        "TR3_ORANGE": 0.0,
        "TeRd_ORANGE": 100.0,
        "TS_ORANGE": 100.0,
        "rang_TeS_ORANGE": 1,
        "rang_TeS_MTN": 1,
        "rang_TeS_MOOV": 1,
        "rang_TedS_ORANGE": 1,
        "rang_TedS_MTN": 1,
        "rang_TedS_MOOV": 3,
        "rang_TR3_ORANGE": 1,
        "rang_TR3_MTN": 1,
        "rang_TR3_MOOV": 1,
        "rang_TS_ORANGE": 1,
        "rang_TS_MTN": 1,
        "rang_TS_MOOV": 1,
        "rang_TeRd_ORANGE": 1,
        "rang_TeRd_MTN": 1,
        "rang_TeRd_MOOV": 1
      },
      "id": 38
    },
    {
      "type": "Feature",
      "geometry": {
        "coordinates": [
          -5.01208,
          5.23919
        ],
        "type": "Point"
      },
      "properties": {
        "ADM0_FR": "LAGUNES",
        "ADM0_PCODE": "CI08",
        "ADM1_FR": "GRANDS-PONTS",
        "ADM1_PCODE": "CI115",
        "ADM2_FR": "GRAND-LAHOU",
        "ADM2_PCODE": "CI1502",
        "ADM3_FR": "GRAND-LAHOU",
        "ADM3_PCODE": "CI150204",
        "ADM4_FR": "GRAND-LAHOU",
        "ADM4_PCODE": "C3376",
        "centerLat": 5.24919,
        "centerLng": -5.00208,
        "pop": 28470,
        "TeS_MOOV": 0.0,
        "TedS_MOOV": 97.92,
        "TR3_MOOV": 0,
        "TeRd_MOOV": 100.0,
        "TS_MOOV": 100.0,
        "TeS_MTN": 0,
        "TedS_MTN": 98.96000000000001,
        "TR3_MTN": 0.0,
        "TeRd_MTN": 100.0,
        "TS_MTN": 100.0,
        "TeS_ORANGE": 0.0,
        "TedS_ORANGE": 98.96000000000001,
        "TR3_ORANGE": 0.0,
        "TeRd_ORANGE": 100.0,
        "TS_ORANGE": 100.0,
        "rang_TeS_ORANGE": 1,
        "rang_TeS_MTN": 1,
        "rang_TeS_MOOV": 1,
        "rang_TedS_ORANGE": 1,
        "rang_TedS_MTN": 1,
        "rang_TedS_MOOV": 3,
        "rang_TR3_ORANGE": 1,
        "rang_TR3_MTN": 1,
        "rang_TR3_MOOV": 1,
        "rang_TS_ORANGE": 1,
        "rang_TS_MTN": 1,
        "rang_TS_MOOV": 1,
        "rang_TeRd_ORANGE": 1,
        "rang_TeRd_MTN": 1,
        "rang_TeRd_MOOV": 1
      },
      "id": 39
    },
    {
      "type": "Feature",
      "geometry": {
        "coordinates": [
          -7.49625,
          6.53472
        ],
        "type": "Point"
      },
      "properties": {
        "ADM0_FR": "MONTAGNES",
        "ADM0_PCODE": "CI09",
        "ADM1_FR": "CAVALLY",
        "ADM1_PCODE": "CI109",
        "ADM2_FR": "GUIGLO",
        "ADM2_PCODE": "CI0902",
        "ADM3_FR": "GUIGLO",
        "ADM3_PCODE": "CI090201",
        "ADM4_FR": "GUIGLO",
        "ADM4_PCODE": "C3495",
        "centerLat": 6.54472,
        "centerLng": -7.48625,
        "pop": 52544,
        "TeS_MOOV": 1.3299999999999998,
        "TedS_MOOV": 51.349999999999994,
        "TR3_MOOV": 0,
        "TeRd_MOOV": 82.43,
        "TS_MOOV": 100.0,
        "TeS_MTN": 0,
        "TedS_MTN": 98.75,
        "TR3_MTN": 0.0,
        "TeRd_MTN": 33.129999999999995,
        "TS_MTN": 100.0,
        "TeS_ORANGE": 0.0,
        "TedS_ORANGE": 98.69,
        "TR3_ORANGE": 0.0,
        "TeRd_ORANGE": 98.69,
        "TS_ORANGE": 100.0,
        "rang_TeS_ORANGE": 1,
        "rang_TeS_MTN": 1,
        "rang_TeS_MOOV": 3,
        "rang_TedS_ORANGE": 2,
        "rang_TedS_MTN": 1,
        "rang_TedS_MOOV": 3,
        "rang_TR3_ORANGE": 1,
        "rang_TR3_MTN": 1,
        "rang_TR3_MOOV": 1,
        "rang_TS_ORANGE": 1,
        "rang_TS_MTN": 1,
        "rang_TS_MOOV": 1,
        "rang_TeRd_ORANGE": 1,
        "rang_TeRd_MTN": 3,
        "rang_TeRd_MOOV": 2
      },
      "id": 40
    },
    {
      "type": "Feature",
      "geometry": {
        "coordinates": [
          -5.25131,
          5.50964
        ],
        "type": "Point"
      },
      "properties": {
        "ADM0_FR": "GOH-DJIBOUA",
        "ADM0_PCODE": "CI06",
        "ADM1_FR": "LOH-DJIBOUA",
        "ADM1_PCODE": "CI122",
        "ADM2_FR": "GUITRY",
        "ADM2_PCODE": "CI2202",
        "ADM3_FR": "GUITRY",
        "ADM3_PCODE": "CI220201",
        "ADM4_FR": "GUITRY",
        "ADM4_PCODE": "C3525",
        "centerLat": 5.51964,
        "centerLng": -5.24131,
        "pop": 11445,
        "TeS_MOOV": 0.0,
        "TedS_MOOV": 98.72999999999999,
        "TR3_MOOV": 0,
        "TeRd_MOOV": 100.0,
        "TS_MOOV": 100.0,
        "TeS_MTN": 0,
        "TedS_MTN": 98.06,
        "TR3_MTN": 0.65,
        "TeRd_MTN": 99.35000000000001,
        "TS_MTN": 100.0,
        "TeS_ORANGE": 0.0,
        "TedS_ORANGE": 97.33000000000001,
        "TR3_ORANGE": 0.0,
        "TeRd_ORANGE": 99.33,
        "TS_ORANGE": 100.0,
        "rang_TeS_ORANGE": 1,
        "rang_TeS_MTN": 1,
        "rang_TeS_MOOV": 1,
        "rang_TedS_ORANGE": 3,
        "rang_TedS_MTN": 2,
        "rang_TedS_MOOV": 1,
        "rang_TR3_ORANGE": 1,
        "rang_TR3_MTN": 3,
        "rang_TR3_MOOV": 1,
        "rang_TS_ORANGE": 1,
        "rang_TS_MTN": 1,
        "rang_TS_MOOV": 1,
        "rang_TeRd_ORANGE": 3,
        "rang_TeRd_MTN": 2,
        "rang_TeRd_MOOV": 1
      },
      "id": 41
    },
    {
      "type": "Feature",
      "geometry": {
        "coordinates": [
          -4.42967,
          5.19547
        ],
        "type": "Point"
      },
      "properties": {
        "ADM0_FR": "LAGUNES",
        "ADM0_PCODE": "CI08",
        "ADM1_FR": "GRANDS-PONTS",
        "ADM1_PCODE": "CI115",
        "ADM2_FR": "JACQUEVILLE",
        "ADM2_PCODE": "CI1503",
        "ADM3_FR": "JACQUEVILLE",
        "ADM3_PCODE": "CI150301",
        "ADM4_FR": "JACQUEVILLE",
        "ADM4_PCODE": "C3604",
        "centerLat": 5.20547,
        "centerLng": -4.41967,
        "pop": 11096,
        "TeS_MOOV": 0.0,
        "TedS_MOOV": 99.46000000000001,
        "TR3_MOOV": 0,
        "TeRd_MOOV": 100.0,
        "TS_MOOV": 100.0,
        "TeS_MTN": 0,
        "TedS_MTN": 100.0,
        "TR3_MTN": 0.0,
        "TeRd_MTN": 100.0,
        "TS_MTN": 100.0,
        "TeS_ORANGE": 0.0,
        "TedS_ORANGE": 99.44,
        "TR3_ORANGE": 0.0,
        "TeRd_ORANGE": 100.0,
        "TS_ORANGE": 100.0,
        "rang_TeS_ORANGE": 1,
        "rang_TeS_MTN": 1,
        "rang_TeS_MOOV": 1,
        "rang_TedS_ORANGE": 3,
        "rang_TedS_MTN": 1,
        "rang_TedS_MOOV": 2,
        "rang_TR3_ORANGE": 1,
        "rang_TR3_MTN": 1,
        "rang_TR3_MOOV": 1,
        "rang_TS_ORANGE": 1,
        "rang_TS_MTN": 1,
        "rang_TS_MOOV": 1,
        "rang_TeRd_ORANGE": 1,
        "rang_TeRd_MTN": 1,
        "rang_TeRd_MOOV": 1
      },
      "id": 42
    },
    {
      "type": "Feature",
      "geometry": {
        "coordinates": [
          -7.52257,
          9.80604
        ],
        "type": "Point"
      },
      "properties": {
        "ADM0_FR": "DENGUELE",
        "ADM0_PCODE": "CI03",
        "ADM1_FR": "FOLON",
        "ADM1_PCODE": "CI110",
        "ADM2_FR": "KANIASSO",
        "ADM2_PCODE": "CI1001",
        "ADM3_FR": "KANIASSO",
        "ADM3_PCODE": "CI100102",
        "ADM4_FR": "KANIASSO",
        "ADM4_PCODE": "C3788",
        "centerLat": 9.81604,
        "centerLng": -7.51257,
        "pop": 2545,
        "TeS_MOOV": 27.1,
        "TedS_MOOV": 66.67,
        "TR3_MOOV": 0,
        "TeRd_MOOV": 47.44,
        "TS_MOOV": 100.0,
        "TeS_MTN": 0,
        "TedS_MTN": 99.09,
        "TR3_MTN": 0.0,
        "TeRd_MTN": 92.73,
        "TS_MTN": 100.0,
        "TeS_ORANGE": 0.0,
        "TedS_ORANGE": 100.0,
        "TR3_ORANGE": 0.0,
        "TeRd_ORANGE": 100.0,
        "TS_ORANGE": 100.0,
        "rang_TeS_ORANGE": 1,
        "rang_TeS_MTN": 1,
        "rang_TeS_MOOV": 3,
        "rang_TedS_ORANGE": 1,
        "rang_TedS_MTN": 2,
        "rang_TedS_MOOV": 3,
        "rang_TR3_ORANGE": 1,
        "rang_TR3_MTN": 1,
        "rang_TR3_MOOV": 1,
        "rang_TS_ORANGE": 1,
        "rang_TS_MTN": 1,
        "rang_TS_MOOV": 1,
        "rang_TeRd_ORANGE": 1,
        "rang_TeRd_MTN": 2,
        "rang_TeRd_MOOV": 3
      },
      "id": 43
    },
    {
      "type": "Feature",
      "geometry": {
        "coordinates": [
          -6.61449,
          8.469520000000001
        ],
        "type": "Point"
      },
      "properties": {
        "ADM0_FR": "WOROBA",
        "ADM0_PCODE": "CI13",
        "ADM1_FR": "WORODOUGOU",
        "ADM1_PCODE": "CI133",
        "ADM2_FR": "KANI",
        "ADM2_PCODE": "CI3301",
        "ADM3_FR": "KANI",
        "ADM3_PCODE": "CI330101",
        "ADM4_FR": "KANI",
        "ADM4_PCODE": "C3786",
        "centerLat": 8.47952,
        "centerLng": -6.60449,
        "pop": 8908,
        "TeS_MOOV": 0.0,
        "TedS_MOOV": 100.0,
        "TR3_MOOV": 0,
        "TeRd_MOOV": 100.0,
        "TS_MOOV": 100.0,
        "TeS_MTN": 0,
        "TedS_MTN": 98.13,
        "TR3_MTN": 0.0,
        "TeRd_MTN": 93.46,
        "TS_MTN": 100.0,
        "TeS_ORANGE": 0.0,
        "TedS_ORANGE": 99.06,
        "TR3_ORANGE": 0.0,
        "TeRd_ORANGE": 99.06,
        "TS_ORANGE": 100.0,
        "rang_TeS_ORANGE": 1,
        "rang_TeS_MTN": 1,
        "rang_TeS_MOOV": 1,
        "rang_TedS_ORANGE": 2,
        "rang_TedS_MTN": 3,
        "rang_TedS_MOOV": 1,
        "rang_TR3_ORANGE": 1,
        "rang_TR3_MTN": 1,
        "rang_TR3_MOOV": 1,
        "rang_TS_ORANGE": 1,
        "rang_TS_MTN": 1,
        "rang_TS_MOOV": 1,
        "rang_TeRd_ORANGE": 2,
        "rang_TeRd_MTN": 3,
        "rang_TeRd_MOOV": 1
      },
      "id": 44
    },
    {
      "type": "Feature",
      "geometry": {
        "coordinates": [
          -5.11206,
          8.12861
        ],
        "type": "Point"
      },
      "properties": {
        "ADM0_FR": "VALLEE DU BANDAMA",
        "ADM0_PCODE": "CI12",
        "ADM1_FR": "HAMBOL",
        "ADM1_PCODE": "CI117",
        "ADM2_FR": "KATIOLA",
        "ADM2_PCODE": "CI1702",
        "ADM3_FR": "KATIOLA",
        "ADM3_PCODE": "CI170201",
        "ADM4_FR": "KATIOLA",
        "ADM4_PCODE": "C3915",
        "centerLat": 8.13861,
        "centerLng": -5.10206,
        "pop": 40319,
        "TeS_MOOV": 0.0,
        "TedS_MOOV": 92.31,
        "TR3_MOOV": 0,
        "TeRd_MOOV": 98.72,
        "TS_MOOV": 98.72,
        "TeS_MTN": 0,
        "TedS_MTN": 100.0,
        "TR3_MTN": 0.0,
        "TeRd_MTN": 100.0,
        "TS_MTN": 100.0,
        "TeS_ORANGE": 0.0,
        "TedS_ORANGE": 98.04,
        "TR3_ORANGE": 0.0,
        "TeRd_ORANGE": 100.0,
        "TS_ORANGE": 100.0,
        "rang_TeS_ORANGE": 1,
        "rang_TeS_MTN": 1,
        "rang_TeS_MOOV": 1,
        "rang_TedS_ORANGE": 2,
        "rang_TedS_MTN": 1,
        "rang_TedS_MOOV": 3,
        "rang_TR3_ORANGE": 1,
        "rang_TR3_MTN": 1,
        "rang_TR3_MOOV": 1,
        "rang_TS_ORANGE": 1,
        "rang_TS_MTN": 1,
        "rang_TS_MOOV": 3,
        "rang_TeRd_ORANGE": 1,
        "rang_TeRd_MTN": 1,
        "rang_TeRd_MOOV": 3
      },
      "id": 45
    },
    {
      "type": "Feature",
      "geometry": {
        "coordinates": [
          -6.08949,
          7.80589
        ],
        "type": "Point"
      },
      "properties": {
        "ADM0_FR": "WOROBA",
        "ADM0_PCODE": "CI13",
        "ADM1_FR": "BERE",
        "ADM1_PCODE": "CI107",
        "ADM2_FR": "KOUNAHIRI",
        "ADM2_PCODE": "CI0702",
        "ADM3_FR": "KONGASSO",
        "ADM3_PCODE": "CI070202",
        "ADM4_FR": "KONGASSO",
        "ADM4_PCODE": "C4327",
        "centerLat": 7.81589,
        "centerLng": -6.07949,
        "pop": 4714,
        "TeS_MOOV": 0.0,
        "TedS_MOOV": 99.05000000000001,
        "TR3_MOOV": 0,
        "TeRd_MOOV": 92.38,
        "TS_MOOV": 100.0,
        "TeS_MTN": 0,
        "TedS_MTN": 100.0,
        "TR3_MTN": 0.0,
        "TeRd_MTN": 98.1,
        "TS_MTN": 100.0,
        "TeS_ORANGE": 0.0,
        "TedS_ORANGE": 100.0,
        "TR3_ORANGE": 0.0,
        "TeRd_ORANGE": 100.0,
        "TS_ORANGE": 100.0,
        "rang_TeS_ORANGE": 1,
        "rang_TeS_MTN": 1,
        "rang_TeS_MOOV": 1,
        "rang_TedS_ORANGE": 1,
        "rang_TedS_MTN": 1,
        "rang_TedS_MOOV": 3,
        "rang_TR3_ORANGE": 1,
        "rang_TR3_MTN": 1,
        "rang_TR3_MOOV": 1,
        "rang_TS_ORANGE": 1,
        "rang_TS_MTN": 1,
        "rang_TS_MOOV": 1,
        "rang_TeRd_ORANGE": 1,
        "rang_TeRd_MTN": 2,
        "rang_TeRd_MOOV": 3
      },
      "id": 46
    },
    {
      "type": "Feature",
      "geometry": {
        "coordinates": [
          -5.6475,
          9.44799
        ],
        "type": "Point"
      },
      "properties": {
        "ADM0_FR": "SAVANES",
        "ADM0_PCODE": "CI11",
        "ADM1_FR": "PORO",
        "ADM1_PCODE": "CI128",
        "ADM2_FR": "KORHOGO",
        "ADM2_PCODE": "CI2802",
        "ADM3_FR": "KORHOGO",
        "ADM3_PCODE": "CI280201",
        "ADM4_FR": "KORHOGO",
        "ADM4_PCODE": "C4410",
        "centerLat": 9.45799,
        "centerLng": -5.6375,
        "pop": 243048,
        "TeS_MOOV": 0.0,
        "TedS_MOOV": 96.63000000000001,
        "TR3_MOOV": 0,
        "TeRd_MOOV": 97.31,
        "TS_MOOV": 100.0,
        "TeS_MTN": 0,
        "TedS_MTN": 100.0,
        "TR3_MTN": 0.0,
        "TeRd_MTN": 100.0,
        "TS_MTN": 100.0,
        "TeS_ORANGE": 0.0,
        "TedS_ORANGE": 98.95,
        "TR3_ORANGE": 0.0,
        "TeRd_ORANGE": 100.0,
        "TS_ORANGE": 100.0,
        "rang_TeS_ORANGE": 1,
        "rang_TeS_MTN": 1,
        "rang_TeS_MOOV": 1,
        "rang_TedS_ORANGE": 2,
        "rang_TedS_MTN": 1,
        "rang_TedS_MOOV": 3,
        "rang_TR3_ORANGE": 1,
        "rang_TR3_MTN": 1,
        "rang_TR3_MOOV": 1,
        "rang_TS_ORANGE": 1,
        "rang_TS_MTN": 1,
        "rang_TS_MOOV": 1,
        "rang_TeRd_ORANGE": 1,
        "rang_TeRd_MTN": 1,
        "rang_TeRd_MOOV": 3
      },
      "id": 47
    },
    {
      "type": "Feature",
      "geometry": {
        "coordinates": [
          -7.62,
          9.61
        ],
        "type": "Point"
      },
      "properties": {
        "ADM0_FR": "DENGUELE",
        "ADM0_PCODE": "CI03",
        "ADM1_FR": "KABADOUGOU",
        "ADM1_PCODE": "CI121",
        "ADM2_FR": "SAMATIGUILA",
        "ADM2_PCODE": "CI2104",
        "ADM3_FR": "KIMBIRILA-SUD",
        "ADM3_PCODE": "CI210402",
        "ADM4_FR": "KOTOUBA",
        "ADM4_PCODE": "C4479",
        "centerLat": 9.62,
        "centerLng": -7.61,
        "pop": 554,
        "TeS_MOOV": 7.140000000000001,
        "TedS_MOOV": 42.309999999999995,
        "TR3_MOOV": 0,
        "TeRd_MOOV": 65.38000000000001,
        "TS_MOOV": 100.0,
        "TeS_MTN": 0,
        "TedS_MTN": 96.19,
        "TR3_MTN": 0.0,
        "TeRd_MTN": 82.86,
        "TS_MTN": 100.95,
        "TeS_ORANGE": 0.0,
        "TedS_ORANGE": 100.0,
        "TR3_ORANGE": 0.0,
        "TeRd_ORANGE": 100.0,
        "TS_ORANGE": 100.0,
        "rang_TeS_ORANGE": 1,
        "rang_TeS_MTN": 1,
        "rang_TeS_MOOV": 3,
        "rang_TedS_ORANGE": 1,
        "rang_TedS_MTN": 2,
        "rang_TedS_MOOV": 3,
        "rang_TR3_ORANGE": 1,
        "rang_TR3_MTN": 1,
        "rang_TR3_MOOV": 1,
        "rang_TS_ORANGE": 2,
        "rang_TS_MTN": 1,
        "rang_TS_MOOV": 2,
        "rang_TeRd_ORANGE": 1,
        "rang_TeRd_MTN": 2,
        "rang_TeRd_MOOV": 3
      },
      "id": 48
    },
    {
      "type": "Feature",
      "geometry": {
        "coordinates": [
          -5.71343,
          6.19895
        ],
        "type": "Point"
      },
      "properties": {
        "ADM0_FR": "GOH-DJIBOUA",
        "ADM0_PCODE": "CI06",
        "ADM1_FR": "GOH",
        "ADM1_PCODE": "CI113",
        "ADM2_FR": "OUME",
        "ADM2_PCODE": "CI1302",
        "ADM3_FR": "DIEGONEFLA",
        "ADM3_PCODE": "CI130202",
        "ADM4_FR": "LAHOUDA",
        "ADM4_PCODE": "C4967",
        "centerLat": 6.20895,
        "centerLng": -5.70343,
        "pop": 5454,
        "TeS_MOOV": 0.0,
        "TedS_MOOV": 100.0,
        "TR3_MOOV": 0,
        "TeRd_MOOV": 99.05000000000001,
        "TS_MOOV": 100.0,
        "TeS_MTN": 0,
        "TedS_MTN": 100.0,
        "TR3_MTN": 0.0,
        "TeRd_MTN": 100.0,
        "TS_MTN": 100.0,
        "TeS_ORANGE": 0.0,
        "TedS_ORANGE": 100.0,
        "TR3_ORANGE": 0.0,
        "TeRd_ORANGE": 100.0,
        "TS_ORANGE": 100.0,
        "rang_TeS_ORANGE": 1,
        "rang_TeS_MTN": 1,
        "rang_TeS_MOOV": 1,
        "rang_TedS_ORANGE": 1,
        "rang_TedS_MTN": 1,
        "rang_TedS_MOOV": 1,
        "rang_TR3_ORANGE": 1,
        "rang_TR3_MTN": 1,
        "rang_TR3_MOOV": 1,
        "rang_TS_ORANGE": 1,
        "rang_TS_MTN": 1,
        "rang_TS_MOOV": 1,
        "rang_TeRd_ORANGE": 1,
        "rang_TeRd_MTN": 1,
        "rang_TeRd_MOOV": 3
      },
      "id": 49
    },
    {
      "type": "Feature",
      "geometry": {
        "coordinates": [
          -5.69383,
          5.83907
        ],
        "type": "Point"
      },
      "properties": {
        "ADM0_FR": "GOH-DJIBOUA",
        "ADM0_PCODE": "CI06",
        "ADM1_FR": "LOH-DJIBOUA",
        "ADM1_PCODE": "CI122",
        "ADM2_FR": "LAKOTA",
        "ADM2_PCODE": "CI2203",
        "ADM3_FR": "LAKOTA",
        "ADM3_PCODE": "CI220301",
        "ADM4_FR": "LAKOTA",
        "ADM4_PCODE": "C4974",
        "centerLat": 5.84907,
        "centerLng": -5.68383,
        "pop": 24976,
        "TeS_MOOV": 0.4,
        "TedS_MOOV": 98.38,
        "TR3_MOOV": 0,
        "TeRd_MOOV": 99.19,
        "TS_MOOV": 100.0,
        "TeS_MTN": 0,
        "TedS_MTN": 98.39,
        "TR3_MTN": 0.0,
        "TeRd_MTN": 100.0,
        "TS_MTN": 100.0,
        "TeS_ORANGE": 0.0,
        "TedS_ORANGE": 99.13,
        "TR3_ORANGE": 0.0,
        "TeRd_ORANGE": 100.0,
        "TS_ORANGE": 100.0,
        "rang_TeS_ORANGE": 1,
        "rang_TeS_MTN": 1,
        "rang_TeS_MOOV": 3,
        "rang_TedS_ORANGE": 1,
        "rang_TedS_MTN": 2,
        "rang_TedS_MOOV": 3,
        "rang_TR3_ORANGE": 1,
        "rang_TR3_MTN": 1,
        "rang_TR3_MOOV": 1,
        "rang_TS_ORANGE": 1,
        "rang_TS_MTN": 1,
        "rang_TS_MOOV": 1,
        "rang_TeRd_ORANGE": 1,
        "rang_TeRd_MTN": 1,
        "rang_TeRd_MOOV": 3
      },
      "id": 50
    },
    {
      "type": "Feature",
      "geometry": {
        "coordinates": [
          -3.0399999999999996,
          5.41
        ],
        "type": "Point"
      },
      "properties": {
        "ADM0_FR": "COMOE",
        "ADM0_PCODE": "CI02",
        "ADM1_FR": "SUD-COMOE",
        "ADM1_PCODE": "CI130",
        "ADM2_FR": "ABOISSO",
        "ADM2_PCODE": "CI3001",
        "ADM3_FR": "MAFERE",
        "ADM3_PCODE": "CI300107",
        "ADM4_FR": "MAFÉRÉ",
        "ADM4_PCODE": "C5260",
        "centerLat": 5.42,
        "centerLng": -3.03,
        "pop": 13121,
        "TeS_MOOV": 0.0,
        "TedS_MOOV": 99.19,
        "TR3_MOOV": 0,
        "TeRd_MOOV": 100.0,
        "TS_MOOV": 100.0,
        "TeS_MTN": 0,
        "TedS_MTN": 99.19,
        "TR3_MTN": 0.0,
        "TeRd_MTN": 99.19,
        "TS_MTN": 100.0,
        "TeS_ORANGE": 0.0,
        "TedS_ORANGE": 77.42,
        "TR3_ORANGE": 0.0,
        "TeRd_ORANGE": 77.42,
        "TS_ORANGE": 77.42,
        "rang_TeS_ORANGE": 1,
        "rang_TeS_MTN": 1,
        "rang_TeS_MOOV": 1,
        "rang_TedS_ORANGE": 3,
        "rang_TedS_MTN": 1,
        "rang_TedS_MOOV": 1,
        "rang_TR3_ORANGE": 1,
        "rang_TR3_MTN": 1,
        "rang_TR3_MOOV": 1,
        "rang_TS_ORANGE": 3,
        "rang_TS_MTN": 1,
        "rang_TS_MOOV": 1,
        "rang_TeRd_ORANGE": 3,
        "rang_TeRd_MTN": 2,
        "rang_TeRd_MOOV": 1
      },
      "id": 51
    },
    {
      "type": "Feature",
      "geometry": {
        "coordinates": [
          -7.56442,
          7.39545
        ],
        "type": "Point"
      },
      "properties": {
        "ADM0_FR": "MONTAGNES",
        "ADM0_PCODE": "CI09",
        "ADM1_FR": "TONKPI",
        "ADM1_PCODE": "CI132",
        "ADM2_FR": "MAN",
        "ADM2_PCODE": "CI3203",
        "ADM3_FR": "MAN",
        "ADM3_PCODE": "CI320301",
        "ADM4_FR": "MAN",
        "ADM4_PCODE": "C5323",
        "centerLat": 7.40545,
        "centerLng": -7.55442,
        "pop": 149041,
        "TeS_MOOV": 0.0,
        "TedS_MOOV": 98.6,
        "TR3_MOOV": 0,
        "TeRd_MOOV": 100.0,
        "TS_MOOV": 100.0,
        "TeS_MTN": 0,
        "TedS_MTN": 97.54,
        "TR3_MTN": 0.0,
        "TeRd_MTN": 97.54,
        "TS_MTN": 100.0,
        "TeS_ORANGE": 0.0,
        "TedS_ORANGE": 99.26,
        "TR3_ORANGE": 0.0,
        "TeRd_ORANGE": 99.26,
        "TS_ORANGE": 100.0,
        "rang_TeS_ORANGE": 1,
        "rang_TeS_MTN": 1,
        "rang_TeS_MOOV": 1,
        "rang_TedS_ORANGE": 1,
        "rang_TedS_MTN": 3,
        "rang_TedS_MOOV": 2,
        "rang_TR3_ORANGE": 1,
        "rang_TR3_MTN": 1,
        "rang_TR3_MOOV": 1,
        "rang_TS_ORANGE": 1,
        "rang_TS_MTN": 1,
        "rang_TS_MOOV": 1,
        "rang_TeRd_ORANGE": 2,
        "rang_TeRd_MTN": 3,
        "rang_TeRd_MOOV": 1
      },
      "id": 52
    },
    {
      "type": "Feature",
      "geometry": {
        "coordinates": [
          -4.35,
          7.45
        ],
        "type": "Point"
      },
      "properties": {
        "ADM0_FR": "LACS",
        "ADM0_PCODE": "CI07",
        "ADM1_FR": "IFFOU",
        "ADM1_PCODE": "CI119",
        "ADM2_FR": "M'BAHIAKRO",
        "ADM2_PCODE": "CI1902",
        "ADM3_FR": "M'BAHIAKRO",
        "ADM3_PCODE": "CI190201",
        "ADM4_FR": "M'BAHIAKRO",
        "ADM4_PCODE": "C5412",
        "centerLat": 7.46,
        "centerLng": -4.34,
        "pop": 14894,
        "TeS_MOOV": 0.0,
        "TedS_MOOV": 99.42999999999999,
        "TR3_MOOV": 0,
        "TeRd_MOOV": 100.0,
        "TS_MOOV": 100.0,
        "TeS_MTN": 0,
        "TedS_MTN": 100.0,
        "TR3_MTN": 0.0,
        "TeRd_MTN": 100.0,
        "TS_MTN": 100.0,
        "TeS_ORANGE": 0.0,
        "TedS_ORANGE": 98.3,
        "TR3_ORANGE": 0.0,
        "TeRd_ORANGE": 100.0,
        "TS_ORANGE": 100.0,
        "rang_TeS_ORANGE": 1,
        "rang_TeS_MTN": 1,
        "rang_TeS_MOOV": 1,
        "rang_TedS_ORANGE": 3,
        "rang_TedS_MTN": 1,
        "rang_TedS_MOOV": 2,
        "rang_TR3_ORANGE": 1,
        "rang_TR3_MTN": 1,
        "rang_TR3_MOOV": 1,
        "rang_TS_ORANGE": 1,
        "rang_TS_MTN": 1,
        "rang_TS_MOOV": 1,
        "rang_TeRd_ORANGE": 1,
        "rang_TeRd_MTN": 1,
        "rang_TeRd_MOOV": 1
      },
      "id": 53
    },
    {
      "type": "Feature",
      "geometry": {
        "coordinates": [
          -4.9818,
          6.31154
        ],
        "type": "Point"
      },
      "properties": {
        "ADM0_FR": "LACS",
        "ADM0_PCODE": "CI07",
        "ADM1_FR": "BELIER",
        "ADM1_PCODE": "CI106",
        "ADM2_FR": "TOUMODI",
        "ADM2_PCODE": "CI0604",
        "ADM3_FR": "KPOUEBO",
        "ADM3_PCODE": "CI060404",
        "ADM4_FR": "MORONOU",
        "ADM4_PCODE": "C5589",
        "centerLat": 6.32154,
        "centerLng": -4.9718,
        "pop": 4642,
        "TeS_MOOV": 0.0,
        "TedS_MOOV": 98.82,
        "TR3_MOOV": 0,
        "TeRd_MOOV": 100.0,
        "TS_MOOV": 100.0,
        "TeS_MTN": 0,
        "TedS_MTN": 100.0,
        "TR3_MTN": 0.0,
        "TeRd_MTN": 100.0,
        "TS_MTN": 100.0,
        "TeS_ORANGE": 0.9299999999999999,
        "TedS_ORANGE": 99.07000000000001,
        "TR3_ORANGE": 0.0,
        "TeRd_ORANGE": 99.07000000000001,
        "TS_ORANGE": 100.0,
        "rang_TeS_ORANGE": 3,
        "rang_TeS_MTN": 1,
        "rang_TeS_MOOV": 1,
        "rang_TedS_ORANGE": 2,
        "rang_TedS_MTN": 1,
        "rang_TedS_MOOV": 3,
        "rang_TR3_ORANGE": 1,
        "rang_TR3_MTN": 1,
        "rang_TR3_MOOV": 1,
        "rang_TS_ORANGE": 1,
        "rang_TS_MTN": 1,
        "rang_TS_MOOV": 1,
        "rang_TeRd_ORANGE": 3,
        "rang_TeRd_MTN": 1,
        "rang_TeRd_MOOV": 1
      },
      "id": 54
    },
    {
      "type": "Feature",
      "geometry": {
        "coordinates": [
          -4.77,
          5.86
        ],
        "type": "Point"
      },
      "properties": {
        "ADM0_FR": "LAGUNES",
        "ADM0_PCODE": "CI08",
        "ADM1_FR": "AGNEBY-TIASSA",
        "ADM1_PCODE": "CI103",
        "ADM2_FR": "TIASSALE",
        "ADM2_PCODE": "CI0304",
        "ADM3_FR": "N'DOUCI",
        "ADM3_PCODE": "CI030404",
        "ADM4_FR": "N'DOUCI",
        "ADM4_PCODE": "C5846",
        "centerLat": 5.87,
        "centerLng": -4.76,
        "pop": 27112,
        "TeS_MOOV": 0.0,
        "TedS_MOOV": 91.13,
        "TR3_MOOV": 0,
        "TeRd_MOOV": 97.58,
        "TS_MOOV": 98.39,
        "TeS_MTN": 0,
        "TedS_MTN": 94.21000000000001,
        "TR3_MTN": 0.0,
        "TeRd_MTN": 97.52,
        "TS_MTN": 100.0,
        "TeS_ORANGE": 0.0,
        "TedS_ORANGE": 99.18,
        "TR3_ORANGE": 0.0,
        "TeRd_ORANGE": 99.18,
        "TS_ORANGE": 100.0,
        "rang_TeS_ORANGE": 1,
        "rang_TeS_MTN": 1,
        "rang_TeS_MOOV": 1,
        "rang_TedS_ORANGE": 1,
        "rang_TedS_MTN": 2,
        "rang_TedS_MOOV": 3,
        "rang_TR3_ORANGE": 1,
        "rang_TR3_MTN": 1,
        "rang_TR3_MOOV": 1,
        "rang_TS_ORANGE": 1,
        "rang_TS_MTN": 1,
        "rang_TS_MOOV": 3,
        "rang_TeRd_ORANGE": 1,
        "rang_TeRd_MTN": 3,
        "rang_TeRd_MOOV": 2
      },
      "id": 55
    },
    {
      "type": "Feature",
      "geometry": {
        "coordinates": [
          -7.57213,
          9.49687
        ],
        "type": "Point"
      },
      "properties": {
        "ADM0_FR": "DENGUELE",
        "ADM0_PCODE": "CI03",
        "ADM1_FR": "KABADOUGOU",
        "ADM1_PCODE": "CI121",
        "ADM2_FR": "ODIENNE",
        "ADM2_PCODE": "CI2103",
        "ADM3_FR": "ODIENNE",
        "ADM3_PCODE": "CI210301",
        "ADM4_FR": "ODIENNE",
        "ADM4_PCODE": "C6210",
        "centerLat": 9.50687,
        "centerLng": -7.56213,
        "pop": 42173,
        "TeS_MOOV": 0.0,
        "TedS_MOOV": 97.42,
        "TR3_MOOV": 0,
        "TeRd_MOOV": 34.839999999999996,
        "TS_MOOV": 100.0,
        "TeS_MTN": 0,
        "TedS_MTN": 99.35000000000001,
        "TR3_MTN": 0.0,
        "TeRd_MTN": 94.81,
        "TS_MTN": 100.64999999999999,
        "TeS_ORANGE": 0.0,
        "TedS_ORANGE": 99.33999999999999,
        "TR3_ORANGE": 0.0,
        "TeRd_ORANGE": 99.33999999999999,
        "TS_ORANGE": 100.0,
        "rang_TeS_ORANGE": 1,
        "rang_TeS_MTN": 1,
        "rang_TeS_MOOV": 1,
        "rang_TedS_ORANGE": 2,
        "rang_TedS_MTN": 1,
        "rang_TedS_MOOV": 3,
        "rang_TR3_ORANGE": 1,
        "rang_TR3_MTN": 1,
        "rang_TR3_MOOV": 1,
        "rang_TS_ORANGE": 2,
        "rang_TS_MTN": 1,
        "rang_TS_MOOV": 2,
        "rang_TeRd_ORANGE": 1,
        "rang_TeRd_MTN": 2,
        "rang_TeRd_MOOV": 3
      },
      "id": 56
    },
    {
      "type": "Feature",
      "geometry": {
        "coordinates": [
          -5.42528,
          6.3735
        ],
        "type": "Point"
      },
      "properties": {
        "ADM0_FR": "GOH-DJIBOUA",
        "ADM0_PCODE": "CI06",
        "ADM1_FR": "GOH",
        "ADM1_PCODE": "CI113",
        "ADM2_FR": "OUME",
        "ADM2_PCODE": "CI1302",
        "ADM3_FR": "OUME",
        "ADM3_PCODE": "CI130201",
        "ADM4_FR": "OUMÉ",
        "ADM4_PCODE": "C6363",
        "centerLat": 6.3835,
        "centerLng": -5.41528,
        "pop": 45210,
        "TeS_MOOV": 0.0,
        "TedS_MOOV": 96.17999999999999,
        "TR3_MOOV": 0,
        "TeRd_MOOV": 100.0,
        "TS_MOOV": 100.0,
        "TeS_MTN": 0,
        "TedS_MTN": 98.72,
        "TR3_MTN": 0.0,
        "TeRd_MTN": 98.72,
        "TS_MTN": 100.0,
        "TeS_ORANGE": 0.0,
        "TedS_ORANGE": 95.48,
        "TR3_ORANGE": 0.0,
        "TeRd_ORANGE": 97.42,
        "TS_ORANGE": 100.0,
        "rang_TeS_ORANGE": 1,
        "rang_TeS_MTN": 1,
        "rang_TeS_MOOV": 1,
        "rang_TedS_ORANGE": 3,
        "rang_TedS_MTN": 1,
        "rang_TedS_MOOV": 2,
        "rang_TR3_ORANGE": 1,
        "rang_TR3_MTN": 1,
        "rang_TR3_MOOV": 1,
        "rang_TS_ORANGE": 1,
        "rang_TS_MTN": 1,
        "rang_TS_MOOV": 1,
        "rang_TeRd_ORANGE": 3,
        "rang_TeRd_MTN": 2,
        "rang_TeRd_MOOV": 1
      },
      "id": 57
    },
    {
      "type": "Feature",
      "geometry": {
        "coordinates": [
          -6.6,
          5.5600000000000005
        ],
        "type": "Point"
      },
      "properties": {
        "ADM0_FR": "BAS-SASSANDRA",
        "ADM0_PCODE": "CI01",
        "ADM1_FR": "NAWA",
        "ADM1_PCODE": "CI126",
        "ADM2_FR": "MEAGUI",
        "ADM2_PCODE": "CI2603",
        "ADM3_FR": "OUPOYO",
        "ADM3_PCODE": "CI260302",
        "ADM4_FR": "OUPOYO",
        "ADM4_PCODE": "C6379",
        "centerLat": 5.57,
        "centerLng": -6.59,
        "pop": 18386,
        "TeS_MOOV": 0.0,
        "TedS_MOOV": 94.74000000000001,
        "TR3_MOOV": 0,
        "TeRd_MOOV": 99.11999999999999,
        "TS_MOOV": 100.0,
        "TeS_MTN": 0,
        "TedS_MTN": 100.0,
        "TR3_MTN": 0.0,
        "TeRd_MTN": 99.19,
        "TS_MTN": 100.0,
        "TeS_ORANGE": 0.0,
        "TedS_ORANGE": 97.58,
        "TR3_ORANGE": 0.0,
        "TeRd_ORANGE": 100.0,
        "TS_ORANGE": 100.0,
        "rang_TeS_ORANGE": 1,
        "rang_TeS_MTN": 1,
        "rang_TeS_MOOV": 1,
        "rang_TedS_ORANGE": 2,
        "rang_TedS_MTN": 1,
        "rang_TedS_MOOV": 3,
        "rang_TR3_ORANGE": 1,
        "rang_TR3_MTN": 1,
        "rang_TR3_MOOV": 1,
        "rang_TS_ORANGE": 1,
        "rang_TS_MTN": 1,
        "rang_TS_MOOV": 1,
        "rang_TeRd_ORANGE": 1,
        "rang_TeRd_MTN": 2,
        "rang_TeRd_MOOV": 3
      },
      "id": 58
    },
    {
      "type": "Feature",
      "geometry": {
        "coordinates": [
          -4.80408,
          7.62566
        ],
        "type": "Point"
      },
      "properties": {
        "ADM0_FR": "VALLEE DU BANDAMA",
        "ADM0_PCODE": "CI12",
        "ADM1_FR": "GBEKE",
        "ADM1_PCODE": "CI111",
        "ADM2_FR": "BOUAKE",
        "ADM2_PCODE": "CI1103",
        "ADM3_FR": "BROBO",
        "ADM3_PCODE": "CI110303",
        "ADM4_FR": "PRIKRO",
        "ADM4_PCODE": "C6643",
        "centerLat": 7.63566,
        "centerLng": -4.79408,
        "pop": 257,
        "TeS_MOOV": 0.0,
        "TedS_MOOV": 98.03,
        "TR3_MOOV": 0,
        "TeRd_MOOV": 99.33999999999999,
        "TS_MOOV": 100.0,
        "TeS_MTN": 0,
        "TedS_MTN": 100.0,
        "TR3_MTN": 0.0,
        "TeRd_MTN": 99.35000000000001,
        "TS_MTN": 100.0,
        "TeS_ORANGE": 0.0,
        "TedS_ORANGE": 99.35000000000001,
        "TR3_ORANGE": 0.0,
        "TeRd_ORANGE": 100.0,
        "TS_ORANGE": 100.0,
        "rang_TeS_ORANGE": 1,
        "rang_TeS_MTN": 1,
        "rang_TeS_MOOV": 1,
        "rang_TedS_ORANGE": 2,
        "rang_TedS_MTN": 1,
        "rang_TedS_MOOV": 3,
        "rang_TR3_ORANGE": 1,
        "rang_TR3_MTN": 1,
        "rang_TR3_MOOV": 1,
        "rang_TS_ORANGE": 1,
        "rang_TS_MTN": 1,
        "rang_TS_MOOV": 1,
        "rang_TeRd_ORANGE": 1,
        "rang_TeRd_MTN": 2,
        "rang_TeRd_MOOV": 3
      },
      "id": 59
    },
    {
      "type": "Feature",
      "geometry": {
        "coordinates": [
          -5.30194,
          7.4458
        ],
        "type": "Point"
      },
      "properties": {
        "ADM0_FR": "VALLEE DU BANDAMA",
        "ADM0_PCODE": "CI12",
        "ADM1_FR": "GBEKE",
        "ADM1_PCODE": "CI111",
        "ADM2_FR": "SAKASSOU",
        "ADM2_PCODE": "CI1104",
        "ADM3_FR": "SAKASSOU",
        "ADM3_PCODE": "CI110401",
        "ADM4_FR": "SAKASSOU",
        "ADM4_PCODE": "C6712",
        "centerLat": 7.4558,
        "centerLng": -5.29194,
        "pop": 13186,
        "TeS_MOOV": 0.0,
        "TedS_MOOV": 96.78999999999999,
        "TR3_MOOV": 0,
        "TeRd_MOOV": 100.0,
        "TS_MOOV": 100.0,
        "TeS_MTN": 0,
        "TedS_MTN": 98.72,
        "TR3_MTN": 0.0,
        "TeRd_MTN": 99.36,
        "TS_MTN": 100.0,
        "TeS_ORANGE": 0.0,
        "TedS_ORANGE": 98.72999999999999,
        "TR3_ORANGE": 0.0,
        "TeRd_ORANGE": 100.0,
        "TS_ORANGE": 100.0,
        "rang_TeS_ORANGE": 1,
        "rang_TeS_MTN": 1,
        "rang_TeS_MOOV": 1,
        "rang_TedS_ORANGE": 1,
        "rang_TedS_MTN": 2,
        "rang_TedS_MOOV": 3,
        "rang_TR3_ORANGE": 1,
        "rang_TR3_MTN": 1,
        "rang_TR3_MOOV": 1,
        "rang_TS_ORANGE": 1,
        "rang_TS_MTN": 1,
        "rang_TS_MOOV": 1,
        "rang_TeRd_ORANGE": 1,
        "rang_TeRd_MTN": 3,
        "rang_TeRd_MOOV": 1
      },
      "id": 60
    },
    {
      "type": "Feature",
      "geometry": {
        "coordinates": [
          -6.6297299999999995,
          4.72809
        ],
        "type": "Point"
      },
      "properties": {
        "ADM0_FR": "BAS-SASSANDRA",
        "ADM0_PCODE": "CI01",
        "ADM1_FR": "SAN-PEDRO",
        "ADM1_PCODE": "CI129",
        "ADM2_FR": "SAN-PEDRO",
        "ADM2_PCODE": "CI2901",
        "ADM3_FR": "SAN-PEDRO",
        "ADM3_PCODE": "CI290101",
        "ADM4_FR": "SAN-PEDRO",
        "ADM4_PCODE": "C6807",
        "centerLat": 4.73809,
        "centerLng": -6.61973,
        "pop": 164944,
        "TeS_MOOV": 0.0,
        "TedS_MOOV": 98.29,
        "TR3_MOOV": 0,
        "TeRd_MOOV": 99.66000000000001,
        "TS_MOOV": 100.0,
        "TeS_MTN": 0,
        "TedS_MTN": 98.61999999999999,
        "TR3_MTN": 0.0,
        "TeRd_MTN": 99.66000000000001,
        "TS_MTN": 100.0,
        "TeS_ORANGE": 0.0,
        "TedS_ORANGE": 98.78,
        "TR3_ORANGE": 0.41000000000000003,
        "TeRd_ORANGE": 99.59,
        "TS_ORANGE": 100.0,
        "rang_TeS_ORANGE": 1,
        "rang_TeS_MTN": 1,
        "rang_TeS_MOOV": 1,
        "rang_TedS_ORANGE": 1,
        "rang_TedS_MTN": 2,
        "rang_TedS_MOOV": 3,
        "rang_TR3_ORANGE": 3,
        "rang_TR3_MTN": 1,
        "rang_TR3_MOOV": 1,
        "rang_TS_ORANGE": 1,
        "rang_TS_MTN": 1,
        "rang_TS_MOOV": 1,
        "rang_TeRd_ORANGE": 3,
        "rang_TeRd_MTN": 1,
        "rang_TeRd_MOOV": 1
      },
      "id": 61
    },
    {
      "type": "Feature",
      "geometry": {
        "coordinates": [
          -6.683129999999999,
          7.95253
        ],
        "type": "Point"
      },
      "properties": {
        "ADM0_FR": "WOROBA",
        "ADM0_PCODE": "CI13",
        "ADM1_FR": "WORODOUGOU",
        "ADM1_PCODE": "CI133",
        "ADM2_FR": "SEGUELA",
        "ADM2_PCODE": "CI3302",
        "ADM3_FR": "SEGUELA",
        "ADM3_PCODE": "CI330201",
        "ADM4_FR": "SÉGUÉLA",
        "ADM4_PCODE": "C6882",
        "centerLat": 7.96253,
        "centerLng": -6.67313,
        "pop": 46189,
        "TeS_MOOV": 0.0,
        "TedS_MOOV": 98.86,
        "TR3_MOOV": 0,
        "TeRd_MOOV": 100.0,
        "TS_MOOV": 100.0,
        "TeS_MTN": 0,
        "TedS_MTN": 95.45,
        "TR3_MTN": 0.0,
        "TeRd_MTN": 96.02000000000001,
        "TS_MTN": 100.0,
        "TeS_ORANGE": 0.0,
        "TedS_ORANGE": 98.29,
        "TR3_ORANGE": 0.0,
        "TeRd_ORANGE": 98.86,
        "TS_ORANGE": 100.0,
        "rang_TeS_ORANGE": 1,
        "rang_TeS_MTN": 1,
        "rang_TeS_MOOV": 1,
        "rang_TedS_ORANGE": 2,
        "rang_TedS_MTN": 3,
        "rang_TedS_MOOV": 1,
        "rang_TR3_ORANGE": 1,
        "rang_TR3_MTN": 1,
        "rang_TR3_MOOV": 1,
        "rang_TS_ORANGE": 1,
        "rang_TS_MTN": 1,
        "rang_TS_MOOV": 1,
        "rang_TeRd_ORANGE": 2,
        "rang_TeRd_MTN": 3,
        "rang_TeRd_MOOV": 1
      },
      "id": 62
    },
    {
      "type": "Feature",
      "geometry": {
        "coordinates": [
          -6.938759999999999,
          7.9742500000000005
        ],
        "type": "Point"
      },
      "properties": {
        "ADM0_FR": "WOROBA",
        "ADM0_PCODE": "CI13",
        "ADM1_FR": "WORODOUGOU",
        "ADM1_PCODE": "CI133",
        "ADM2_FR": "SEGUELA",
        "ADM2_PCODE": "CI3302",
        "ADM3_FR": "SIFIE",
        "ADM3_PCODE": "CI330206",
        "ADM4_FR": "SIFIÉ",
        "ADM4_PCODE": "C7012",
        "centerLat": 7.98425,
        "centerLng": -6.92876,
        "pop": 3142,
        "TeS_MOOV": 0.0,
        "TedS_MOOV": 100.0,
        "TR3_MOOV": 0,
        "TeRd_MOOV": 22.64,
        "TS_MOOV": 100.0,
        "TeS_MTN": 0,
        "TedS_MTN": 99.06,
        "TR3_MTN": 0.0,
        "TeRd_MTN": 98.11,
        "TS_MTN": 100.0,
        "TeS_ORANGE": 0.0,
        "TedS_ORANGE": 100.0,
        "TR3_ORANGE": 0.0,
        "TeRd_ORANGE": 98.92,
        "TS_ORANGE": 100.0,
        "rang_TeS_ORANGE": 1,
        "rang_TeS_MTN": 1,
        "rang_TeS_MOOV": 1,
        "rang_TedS_ORANGE": 1,
        "rang_TedS_MTN": 3,
        "rang_TedS_MOOV": 1,
        "rang_TR3_ORANGE": 1,
        "rang_TR3_MTN": 1,
        "rang_TR3_MOOV": 1,
        "rang_TS_ORANGE": 1,
        "rang_TS_MTN": 1,
        "rang_TS_MOOV": 1,
        "rang_TeRd_ORANGE": 1,
        "rang_TeRd_MTN": 2,
        "rang_TeRd_MOOV": 3
      },
      "id": 63
    },
    {
      "type": "Feature",
      "geometry": {
        "coordinates": [
          -6.6,
          5.7700000000000005
        ],
        "type": "Point"
      },
      "properties": {
        "ADM0_FR": "COMOE",
        "ADM0_PCODE": "CI02",
        "ADM1_FR": "SUD-COMOE",
        "ADM1_PCODE": "CI130",
        "ADM2_FR": "ABOISSO",
        "ADM2_PCODE": "CI3001",
        "ADM3_FR": "BIANOUAN",
        "ADM3_PCODE": "CI300105",
        "ADM4_FR": "SOUBRÉ",
        "ADM4_PCODE": "C7241",
        "centerLat": 5.78,
        "centerLng": -6.59,
        "pop": 1421,
        "TeS_MOOV": 0.0,
        "TedS_MOOV": 100.0,
        "TR3_MOOV": 0,
        "TeRd_MOOV": 100.0,
        "TS_MOOV": 100.0,
        "TeS_MTN": 0,
        "TedS_MTN": 98.35000000000001,
        "TR3_MTN": 0.0,
        "TeRd_MTN": 100.0,
        "TS_MTN": 100.0,
        "TeS_ORANGE": 0.0,
        "TedS_ORANGE": 97.78,
        "TR3_ORANGE": 0.0,
        "TeRd_ORANGE": 100.0,
        "TS_ORANGE": 100.0,
        "rang_TeS_ORANGE": 1,
        "rang_TeS_MTN": 1,
        "rang_TeS_MOOV": 1,
        "rang_TedS_ORANGE": 3,
        "rang_TedS_MTN": 2,
        "rang_TedS_MOOV": 1,
        "rang_TR3_ORANGE": 1,
        "rang_TR3_MTN": 1,
        "rang_TR3_MOOV": 1,
        "rang_TS_ORANGE": 1,
        "rang_TS_MTN": 1,
        "rang_TS_MOOV": 1,
        "rang_TeRd_ORANGE": 1,
        "rang_TeRd_MTN": 1,
        "rang_TeRd_MOOV": 1
      },
      "id": 64
    },
    {
      "type": "Feature",
      "geometry": {
        "coordinates": [
          -5.17212,
          9.060220000000001
        ],
        "type": "Point"
      },
      "properties": {
        "ADM0_FR": "VALLEE DU BANDAMA",
        "ADM0_PCODE": "CI12",
        "ADM1_FR": "HAMBOL",
        "ADM1_PCODE": "CI117",
        "ADM2_FR": "NIAKARAMADOUGOU",
        "ADM2_PCODE": "CI1703",
        "ADM3_FR": "TAFIRE",
        "ADM3_PCODE": "CI170305",
        "ADM4_FR": "TAFIRE",
        "ADM4_PCODE": "C7314",
        "centerLat": 9.07022,
        "centerLng": -5.16212,
        "pop": 17191,
        "TeS_MOOV": 0.0,
        "TedS_MOOV": 100.0,
        "TR3_MOOV": 0,
        "TeRd_MOOV": 100.0,
        "TS_MOOV": 100.0,
        "TeS_MTN": 0,
        "TedS_MTN": 99.07000000000001,
        "TR3_MTN": 0.0,
        "TeRd_MTN": 100.0,
        "TS_MTN": 100.0,
        "TeS_ORANGE": 0.0,
        "TedS_ORANGE": 100.0,
        "TR3_ORANGE": 0.0,
        "TeRd_ORANGE": 100.0,
        "TS_ORANGE": 100.0,
        "rang_TeS_ORANGE": 1,
        "rang_TeS_MTN": 1,
        "rang_TeS_MOOV": 1,
        "rang_TedS_ORANGE": 1,
        "rang_TedS_MTN": 3,
        "rang_TedS_MOOV": 1,
        "rang_TR3_ORANGE": 1,
        "rang_TR3_MTN": 1,
        "rang_TR3_MOOV": 1,
        "rang_TS_ORANGE": 1,
        "rang_TS_MTN": 1,
        "rang_TS_MOOV": 1,
        "rang_TeRd_ORANGE": 1,
        "rang_TeRd_MTN": 1,
        "rang_TeRd_MOOV": 1
      },
      "id": 65
    },
    {
      "type": "Feature",
      "geometry": {
        "coordinates": [
          -4.67225,
          7.70436
        ],
        "type": "Point"
      },
      "properties": {
        "ADM0_FR": "LACS",
        "ADM0_PCODE": "CI07",
        "ADM1_FR": "BELIER",
        "ADM1_PCODE": "CI106",
        "ADM2_FR": "TIEBISSOU",
        "ADM2_PCODE": "CI0603",
        "ADM3_FR": "TIEBISSOU",
        "ADM3_PCODE": "CI060301",
        "ADM4_FR": "TIÉBISSOU",
        "ADM4_PCODE": "C7574",
        "centerLat": 7.71436,
        "centerLng": -4.66225,
        "pop": 18832,
        "TeS_MOOV": 0.0,
        "TedS_MOOV": 98.34,
        "TR3_MOOV": 0,
        "TeRd_MOOV": 37.57,
        "TS_MOOV": 100.0,
        "TeS_MTN": 0,
        "TedS_MTN": 100.0,
        "TR3_MTN": 0.0,
        "TeRd_MTN": 82.22,
        "TS_MTN": 100.0,
        "TeS_ORANGE": 0.0,
        "TedS_ORANGE": 100.0,
        "TR3_ORANGE": 0.0,
        "TeRd_ORANGE": 100.0,
        "TS_ORANGE": 100.0,
        "rang_TeS_ORANGE": 1,
        "rang_TeS_MTN": 1,
        "rang_TeS_MOOV": 1,
        "rang_TedS_ORANGE": 1,
        "rang_TedS_MTN": 1,
        "rang_TedS_MOOV": 3,
        "rang_TR3_ORANGE": 1,
        "rang_TR3_MTN": 1,
        "rang_TR3_MOOV": 1,
        "rang_TS_ORANGE": 1,
        "rang_TS_MTN": 1,
        "rang_TS_MOOV": 1,
        "rang_TeRd_ORANGE": 1,
        "rang_TeRd_MTN": 2,
        "rang_TeRd_MOOV": 3
      },
      "id": 66
    },
    {
      "type": "Feature",
      "geometry": {
        "coordinates": [
          -7.32834,
          9.53501
        ],
        "type": "Point"
      },
      "properties": {
        "ADM0_FR": "DENGUELE",
        "ADM0_PCODE": "CI03",
        "ADM1_FR": "KABADOUGOU",
        "ADM1_PCODE": "CI121",
        "ADM2_FR": "ODIENNE",
        "ADM2_PCODE": "CI2103",
        "ADM3_FR": "TIEME",
        "ADM3_PCODE": "CI210305",
        "ADM4_FR": "TIEME",
        "ADM4_PCODE": "C7613",
        "centerLat": 9.54501,
        "centerLng": -7.31834,
        "pop": 6267,
        "TeS_MOOV": 0.0,
        "TedS_MOOV": 97.17,
        "TR3_MOOV": 0,
        "TeRd_MOOV": 99.06,
        "TS_MOOV": 100.0,
        "TeS_MTN": 0,
        "TedS_MTN": 97.17,
        "TR3_MTN": 0.0,
        "TeRd_MTN": 100.0,
        "TS_MTN": 100.0,
        "TeS_ORANGE": 0.0,
        "TedS_ORANGE": 92.45,
        "TR3_ORANGE": 0.0,
        "TeRd_ORANGE": 92.45,
        "TS_ORANGE": 92.45,
        "rang_TeS_ORANGE": 1,
        "rang_TeS_MTN": 1,
        "rang_TeS_MOOV": 1,
        "rang_TedS_ORANGE": 3,
        "rang_TedS_MTN": 1,
        "rang_TedS_MOOV": 1,
        "rang_TR3_ORANGE": 1,
        "rang_TR3_MTN": 1,
        "rang_TR3_MOOV": 1,
        "rang_TS_ORANGE": 3,
        "rang_TS_MTN": 1,
        "rang_TS_MOOV": 1,
        "rang_TeRd_ORANGE": 3,
        "rang_TeRd_MTN": 1,
        "rang_TeRd_MOOV": 2
      },
      "id": 67
    },
    {
      "type": "Feature",
      "geometry": {
        "coordinates": [
          -7.69063,
          8.27504
        ],
        "type": "Point"
      },
      "properties": {
        "ADM0_FR": "WOROBA",
        "ADM0_PCODE": "CI13",
        "ADM1_FR": "BAFING",
        "ADM1_PCODE": "CI104",
        "ADM2_FR": "TOUBA",
        "ADM2_PCODE": "CI0403",
        "ADM3_FR": "TOUBA",
        "ADM3_PCODE": "CI040301",
        "ADM4_FR": "TOUBA",
        "ADM4_PCODE": "C7832",
        "centerLat": 8.28504,
        "centerLng": -7.68063,
        "pop": 22361,
        "TeS_MOOV": 0.0,
        "TedS_MOOV": 96.69,
        "TR3_MOOV": 0,
        "TeRd_MOOV": 0.0,
        "TS_MOOV": 100.0,
        "TeS_MTN": 0,
        "TedS_MTN": 98.68,
        "TR3_MTN": 0.0,
        "TeRd_MTN": 99.33999999999999,
        "TS_MTN": 100.0,
        "TeS_ORANGE": 0.0,
        "TedS_ORANGE": 98.68,
        "TR3_ORANGE": 0.0,
        "TeRd_ORANGE": 99.33999999999999,
        "TS_ORANGE": 100.0,
        "rang_TeS_ORANGE": 1,
        "rang_TeS_MTN": 1,
        "rang_TeS_MOOV": 1,
        "rang_TedS_ORANGE": 1,
        "rang_TedS_MTN": 1,
        "rang_TedS_MOOV": 3,
        "rang_TR3_ORANGE": 1,
        "rang_TR3_MTN": 1,
        "rang_TR3_MOOV": 1,
        "rang_TS_ORANGE": 1,
        "rang_TS_MTN": 1,
        "rang_TS_MOOV": 1,
        "rang_TeRd_ORANGE": 1,
        "rang_TeRd_MTN": 1,
        "rang_TeRd_MOOV": 3
      },
      "id": 68
    },
    {
      "type": "Feature",
      "geometry": {
        "coordinates": [
          -5.0281899999999995,
          6.5502400000000005
        ],
        "type": "Point"
      },
      "properties": {
        "ADM0_FR": "LACS",
        "ADM0_PCODE": "CI07",
        "ADM1_FR": "BELIER",
        "ADM1_PCODE": "CI106",
        "ADM2_FR": "TOUMODI",
        "ADM2_PCODE": "CI0604",
        "ADM3_FR": "TOUMODI",
        "ADM3_PCODE": "CI060401",
        "ADM4_FR": "TOUMODI",
        "ADM4_PCODE": "C7862",
        "centerLat": 6.56024,
        "centerLng": -5.01819,
        "pop": 43189,
        "TeS_MOOV": 0.0,
        "TedS_MOOV": 98.66,
        "TR3_MOOV": 0,
        "TeRd_MOOV": 100.0,
        "TS_MOOV": 100.0,
        "TeS_MTN": 0,
        "TedS_MTN": 95.97,
        "TR3_MTN": 0.0,
        "TeRd_MTN": 95.97,
        "TS_MTN": 98.66,
        "TeS_ORANGE": 0.0,
        "TedS_ORANGE": 96.61999999999999,
        "TR3_ORANGE": 0.0,
        "TeRd_ORANGE": 99.32,
        "TS_ORANGE": 100.0,
        "rang_TeS_ORANGE": 1,
        "rang_TeS_MTN": 1,
        "rang_TeS_MOOV": 1,
        "rang_TedS_ORANGE": 2,
        "rang_TedS_MTN": 3,
        "rang_TedS_MOOV": 1,
        "rang_TR3_ORANGE": 1,
        "rang_TR3_MTN": 1,
        "rang_TR3_MOOV": 1,
        "rang_TS_ORANGE": 1,
        "rang_TS_MTN": 3,
        "rang_TS_MOOV": 1,
        "rang_TeRd_ORANGE": 2,
        "rang_TeRd_MTN": 3,
        "rang_TeRd_MOOV": 1
      },
      "id": 69
    },
    {
      "type": "Feature",
      "geometry": {
        "coordinates": [
          -3.0242899999999997,
          7.539540000000001
        ],
        "type": "Point"
      },
      "properties": {
        "ADM0_FR": "ZANZAN",
        "ADM0_PCODE": "CI14",
        "ADM1_FR": "GONTOUGO",
        "ADM1_PCODE": "CI114",
        "ADM2_FR": "TRANSUA",
        "ADM2_PCODE": "CI1405",
        "ADM3_FR": "TRANSUA",
        "ADM3_PCODE": "CI140501",
        "ADM4_FR": "TRANSUA",
        "ADM4_PCODE": "C7911",
        "centerLat": 7.54954,
        "centerLng": -3.01429,
        "pop": 4114,
        "TeS_MOOV": 0.0,
        "TedS_MOOV": 100.0,
        "TR3_MOOV": 0,
        "TeRd_MOOV": 100.0,
        "TS_MOOV": 100.0,
        "TeS_MTN": 0,
        "TedS_MTN": 99.33999999999999,
        "TR3_MTN": 0.0,
        "TeRd_MTN": 99.33999999999999,
        "TS_MTN": 100.0,
        "TeS_ORANGE": 0.0,
        "TedS_ORANGE": 99.33999999999999,
        "TR3_ORANGE": 0.0,
        "TeRd_ORANGE": 100.0,
        "TS_ORANGE": 100.0,
        "rang_TeS_ORANGE": 1,
        "rang_TeS_MTN": 1,
        "rang_TeS_MOOV": 1,
        "rang_TedS_ORANGE": 2,
        "rang_TedS_MTN": 2,
        "rang_TedS_MOOV": 1,
        "rang_TR3_ORANGE": 1,
        "rang_TR3_MTN": 1,
        "rang_TR3_MOOV": 1,
        "rang_TS_ORANGE": 1,
        "rang_TS_MTN": 1,
        "rang_TS_MOOV": 1,
        "rang_TeRd_ORANGE": 1,
        "rang_TeRd_MTN": 3,
        "rang_TeRd_MOOV": 1
      },
      "id": 70
    },
    {
      "type": "Feature",
      "geometry": {
        "coordinates": [
          -5.28786,
          6.808190000000001
        ],
        "type": "Point"
      },
      "properties": {
        "ADM0_FR": "DISTRICT AUTONOME DE YAMOUSSOUKRO",
        "ADM0_PCODE": "CI05",
        "ADM1_FR": "DISTRICT AUTONOME DE YAMOUSSOUKRO",
        "ADM1_PCODE": "CI102",
        "ADM2_FR": "YAMOUSSOUKRO",
        "ADM2_PCODE": "CI0202",
        "ADM3_FR": "YAMOUSSOUKRO",
        "ADM3_PCODE": "CI020201",
        "ADM4_FR": "YAMOUSSOUKRO",
        "ADM4_PCODE": "C8092",
        "centerLat": 6.81819,
        "centerLng": -5.27786,
        "pop": 212670,
        "TeS_MOOV": 0.0,
        "TedS_MOOV": 99.64,
        "TR3_MOOV": 0,
        "TeRd_MOOV": 100.0,
        "TS_MOOV": 100.0,
        "TeS_MTN": 0,
        "TedS_MTN": 96.41999999999999,
        "TR3_MTN": 0.0,
        "TeRd_MTN": 97.13000000000001,
        "TS_MTN": 100.36,
        "TeS_ORANGE": 0.0,
        "TedS_ORANGE": 99.29,
        "TR3_ORANGE": 0.0,
        "TeRd_ORANGE": 99.64,
        "TS_ORANGE": 100.0,
        "rang_TeS_ORANGE": 1,
        "rang_TeS_MTN": 1,
        "rang_TeS_MOOV": 1,
        "rang_TedS_ORANGE": 2,
        "rang_TedS_MTN": 3,
        "rang_TedS_MOOV": 1,
        "rang_TR3_ORANGE": 1,
        "rang_TR3_MTN": 1,
        "rang_TR3_MOOV": 1,
        "rang_TS_ORANGE": 2,
        "rang_TS_MTN": 1,
        "rang_TS_MOOV": 2,
        "rang_TeRd_ORANGE": 2,
        "rang_TeRd_MTN": 3,
        "rang_TeRd_MOOV": 1
      },
      "id": 71
    }
  ]
}