{
  "type": "FeatureCollection",
  "features": [
    {
      "type": "Feature",
      "geometry": {
        "coordinates": [
          -4.02585,
          5.42515
        ],
        "type": "Point"
      },
      "properties": {
        "ADM0_FR": "DISTRICT AUTONOME D'ABIDJAN",
        "ADM0_PCODE": "CI04",
        "ADM1_FR": "DISTRICT AUTONOME D'ABIDJAN",
        "ADM1_PCODE": "CI101",
        "ADM2_FR": "ABIDJAN",
        "ADM2_PCODE": "CI0101",
        "ADM3_FR": "ABIDJAN",
        "ADM3_PCODE": "CI010101",
        "ADM4_FR": "ABOBO",
        "ADM4_PCODE": "C0029",
        "centerLat": 5.43515,
        "centerLng": -4.01585,
        "pop": 1030658,
        "TeS_MOOV": 0.0,
        "TedS_MOOV": 94.72,
        "TR3_MOOV": 0.0,
        "TeRd_MOOV": 90.56,
        "TS_MOOV": 96.32,
        "TeS_MTN": 0.16,
        "TedS_MTN": 98.05,
        "TR3_MTN": 0.0,
        "TeRd_MTN": 98.86,
        "TS_MTN": 99.35000000000001,
        "TeS_ORANGE": 0.16,
        "TedS_ORANGE": 98.68,
        "TR3_ORANGE": 0.16,
        "TeRd_ORANGE": 98.85000000000001,
        "TS_ORANGE": 99.18,
        "rang_TeS_ORANGE": 2,
        "rang_TeS_MTN": 2,
        "rang_TeS_MOOV": 1,
        "rang_TedS_ORANGE": 1,
        "rang_TedS_MTN": 2,
        "rang_TedS_MOOV": 3,
        "rang_TR3_ORANGE": 3,
        "rang_TR3_MTN": 1,
        "rang_TR3_MOOV": 1,
        "rang_TS_ORANGE": 2,
        "rang_TS_MTN": 1,
        "rang_TS_MOOV": 3,
        "rang_TeRd_ORANGE": 2,
        "rang_TeRd_MTN": 1,
        "rang_TeRd_MOOV": 3
      },
      "id": 1
    },
    {
      "type": "Feature",
      "geometry": {
        "coordinates": [
          -4.0298799999999995,
          5.361870000000001
        ],
        "type": "Point"
      },
      "properties": {
        "ADM0_FR": "DISTRICT AUTONOME D'ABIDJAN",
        "ADM0_PCODE": "CI04",
        "ADM1_FR": "DISTRICT AUTONOME D'ABIDJAN",
        "ADM1_PCODE": "CI101",
        "ADM2_FR": "ABIDJAN",
        "ADM2_PCODE": "CI0101",
        "ADM3_FR": "ABIDJAN",
        "ADM3_PCODE": "CI010101",
        "ADM4_FR": "ADJAME",
        "ADM4_PCODE": "C0133",
        "centerLat": 5.37187,
        "centerLng": -4.01988,
        "pop": 372978,
        "TeS_MOOV": 0.0,
        "TedS_MOOV": 90.75999999999999,
        "TR3_MOOV": 0.0,
        "TeRd_MOOV": 95.38,
        "TS_MOOV": 95.38,
        "TeS_MTN": 0.0,
        "TedS_MTN": 98.00999999999999,
        "TR3_MTN": 0.0,
        "TeRd_MTN": 99.00999999999999,
        "TS_MTN": 99.33999999999999,
        "TeS_ORANGE": 0.0,
        "TedS_ORANGE": 100.0,
        "TR3_ORANGE": 2.64,
        "TeRd_ORANGE": 97.03,
        "TS_ORANGE": 97.36,
        "rang_TeS_ORANGE": 1,
        "rang_TeS_MTN": 1,
        "rang_TeS_MOOV": 1,
        "rang_TedS_ORANGE": 1,
        "rang_TedS_MTN": 2,
        "rang_TedS_MOOV": 3,
        "rang_TR3_ORANGE": 3,
        "rang_TR3_MTN": 1,
        "rang_TR3_MOOV": 1,
        "rang_TS_ORANGE": 2,
        "rang_TS_MTN": 1,
        "rang_TS_MOOV": 3,
        "rang_TeRd_ORANGE": 2,
        "rang_TeRd_MTN": 1,
        "rang_TeRd_MOOV": 3
      },
      "id": 2
    },
    {
      "type": "Feature",
      "geometry": {
        "coordinates": [
          -4.06488,
          5.48466
        ],
        "type": "Point"
      },
      "properties": {
        "ADM0_FR": "DISTRICT AUTONOME D'ABIDJAN",
        "ADM0_PCODE": "CI04",
        "ADM1_FR": "DISTRICT AUTONOME D'ABIDJAN",
        "ADM1_PCODE": "CI101",
        "ADM2_FR": "ABIDJAN",
        "ADM2_PCODE": "CI0101",
        "ADM3_FR": "ANYAMA",
        "ADM3_PCODE": "CI010102",
        "ADM4_FR": "ANYAMA",
        "ADM4_PCODE": "C0570",
        "centerLat": 5.49466,
        "centerLng": -4.05488,
        "pop": 103297,
        "TeS_MOOV": 0.0,
        "TedS_MOOV": 92.36999999999999,
        "TR3_MOOV": 0.0,
        "TeRd_MOOV": 93.51,
        "TS_MOOV": 93.89,
        "TeS_MTN": 0.0,
        "TedS_MTN": 98.42,
        "TR3_MTN": 0.0,
        "TeRd_MTN": 101.19,
        "TS_MTN": 101.19,
        "TeS_ORANGE": 0.0,
        "TedS_ORANGE": 96.89999999999999,
        "TR3_ORANGE": 0.7799999999999999,
        "TeRd_ORANGE": 97.67,
        "TS_ORANGE": 98.45,
        "rang_TeS_ORANGE": 1,
        "rang_TeS_MTN": 1,
        "rang_TeS_MOOV": 1,
        "rang_TedS_ORANGE": 2,
        "rang_TedS_MTN": 1,
        "rang_TedS_MOOV": 3,
        "rang_TR3_ORANGE": 3,
        "rang_TR3_MTN": 1,
        "rang_TR3_MOOV": 1,
        "rang_TS_ORANGE": 2,
        "rang_TS_MTN": 1,
        "rang_TS_MOOV": 3,
        "rang_TeRd_ORANGE": 2,
        "rang_TeRd_MTN": 1,
        "rang_TeRd_MOOV": 3
      },
      "id": 3
    },
    {
      "type": "Feature",
      "geometry": {
        "coordinates": [
          -4.06198,
          5.37219
        ],
        "type": "Point"
      },
      "properties": {
        "ADM0_FR": "DISTRICT AUTONOME D'ABIDJAN",
        "ADM0_PCODE": "CI04",
        "ADM1_FR": "DISTRICT AUTONOME D'ABIDJAN",
        "ADM1_PCODE": "CI101",
        "ADM2_FR": "ABIDJAN",
        "ADM2_PCODE": "CI0101",
        "ADM3_FR": "ABIDJAN",
        "ADM3_PCODE": "CI010101",
        "ADM4_FR": "ATTECOUBE",
        "ADM4_PCODE": "C0734",
        "centerLat": 5.38219,
        "centerLng": -4.05198,
        "pop": 260911,
        "TeS_MOOV": 0.0,
        "TedS_MOOV": 92.11,
        "TR3_MOOV": 0.0,
        "TeRd_MOOV": 94.08,
        "TS_MOOV": 95.39,
        "TeS_MTN": 0.0,
        "TedS_MTN": 94.08,
        "TR3_MTN": 0.33,
        "TeRd_MTN": 97.7,
        "TS_MTN": 98.36,
        "TeS_ORANGE": 0.0,
        "TedS_ORANGE": 97.39,
        "TR3_ORANGE": 1.63,
        "TeRd_ORANGE": 97.06,
        "TS_ORANGE": 97.71,
        "rang_TeS_ORANGE": 1,
        "rang_TeS_MTN": 1,
        "rang_TeS_MOOV": 1,
        "rang_TedS_ORANGE": 1,
        "rang_TedS_MTN": 2,
        "rang_TedS_MOOV": 3,
        "rang_TR3_ORANGE": 3,
        "rang_TR3_MTN": 2,
        "rang_TR3_MOOV": 1,
        "rang_TS_ORANGE": 2,
        "rang_TS_MTN": 1,
        "rang_TS_MOOV": 3,
        "rang_TeRd_ORANGE": 2,
        "rang_TeRd_MTN": 1,
        "rang_TeRd_MOOV": 3
      },
      "id": 4
    },
    {
      "type": "Feature",
      "geometry": {
        "coordinates": [
          -3.90704,
          5.349
        ],
        "type": "Point"
      },
      "properties": {
        "ADM0_FR": "DISTRICT AUTONOME D'ABIDJAN",
        "ADM0_PCODE": "CI04",
        "ADM1_FR": "DISTRICT AUTONOME D'ABIDJAN",
        "ADM1_PCODE": "CI101",
        "ADM2_FR": "ABIDJAN",
        "ADM2_PCODE": "CI0101",
        "ADM3_FR": "BINGERVILLE",
        "ADM3_PCODE": "CI010103",
        "ADM4_FR": "BINGERVILLE",
        "ADM4_PCODE": "C1214",
        "centerLat": 5.359,
        "centerLng": -3.89704,
        "pop": 64015,
        "TeS_MOOV": 0.0,
        "TedS_MOOV": 95.61,
        "TR3_MOOV": 0.0,
        "TeRd_MOOV": 96.61999999999999,
        "TS_MOOV": 97.3,
        "TeS_MTN": 0.0,
        "TedS_MTN": 92.63,
        "TR3_MTN": 0.0,
        "TeRd_MTN": 97.54,
        "TS_MTN": 97.54,
        "TeS_ORANGE": 0.35000000000000003,
        "TedS_ORANGE": 98.61,
        "TR3_ORANGE": 0.0,
        "TeRd_ORANGE": 99.31,
        "TS_ORANGE": 100.0,
        "rang_TeS_ORANGE": 3,
        "rang_TeS_MTN": 1,
        "rang_TeS_MOOV": 1,
        "rang_TedS_ORANGE": 1,
        "rang_TedS_MTN": 3,
        "rang_TedS_MOOV": 2,
        "rang_TR3_ORANGE": 1,
        "rang_TR3_MTN": 1,
        "rang_TR3_MOOV": 1,
        "rang_TS_ORANGE": 1,
        "rang_TS_MTN": 2,
        "rang_TS_MOOV": 3,
        "rang_TeRd_ORANGE": 1,
        "rang_TeRd_MTN": 2,
        "rang_TeRd_MOOV": 3
      },
      "id": 5
    },
    {
      "type": "Feature",
      "geometry": {
        "coordinates": [
          -3.97089,
          5.363
        ],
        "type": "Point"
      },
      "properties": {
        "ADM0_FR": "DISTRICT AUTONOME D'ABIDJAN",
        "ADM0_PCODE": "CI04",
        "ADM1_FR": "DISTRICT AUTONOME D'ABIDJAN",
        "ADM1_PCODE": "CI101",
        "ADM2_FR": "ABIDJAN",
        "ADM2_PCODE": "CI0101",
        "ADM3_FR": "ABIDJAN",
        "ADM3_PCODE": "CI010101",
        "ADM4_FR": "COCODY",
        "ADM4_PCODE": "C1672",
        "centerLat": 5.373,
        "centerLng": -3.96089,
        "pop": 447055,
        "TeS_MOOV": 0.0,
        "TedS_MOOV": 93.91000000000001,
        "TR3_MOOV": 0.0,
        "TeRd_MOOV": 95.35,
        "TS_MOOV": 96.15,
        "TeS_MTN": 0.0,
        "TedS_MTN": 96.36,
        "TR3_MTN": 0.16999999999999998,
        "TeRd_MTN": 95.7,
        "TS_MTN": 96.19,
        "TeS_ORANGE": 0.0,
        "TedS_ORANGE": 99.2,
        "TR3_ORANGE": 0.0,
        "TeRd_ORANGE": 99.36,
        "TS_ORANGE": 99.68,
        "rang_TeS_ORANGE": 1,
        "rang_TeS_MTN": 1,
        "rang_TeS_MOOV": 1,
        "rang_TedS_ORANGE": 1,
        "rang_TedS_MTN": 2,
        "rang_TedS_MOOV": 3,
        "rang_TR3_ORANGE": 1,
        "rang_TR3_MTN": 3,
        "rang_TR3_MOOV": 1,
        "rang_TS_ORANGE": 1,
        "rang_TS_MTN": 2,
        "rang_TS_MOOV": 3,
        "rang_TeRd_ORANGE": 1,
        "rang_TeRd_MTN": 2,
        "rang_TeRd_MOOV": 3
      },
      "id": 6
    },
    {
      "type": "Feature",
      "geometry": {
        "coordinates": [
          -3.73689,
          5.18266
        ],
        "type": "Point"
      },
      "properties": {
        "ADM0_FR": "COMOE",
        "ADM0_PCODE": "CI02",
        "ADM1_FR": "SUD-COMOE",
        "ADM1_PCODE": "CI130",
        "ADM2_FR": "GRAND-BASSAM",
        "ADM2_PCODE": "CI3003",
        "ADM3_FR": "GRAND-BASSAM",
        "ADM3_PCODE": "CI300303",
        "ADM4_FR": "GRAND-BASSAM",
        "ADM4_PCODE": "C3367",
        "centerLat": 5.19266,
        "centerLng": -3.72689,
        "pop": 74671,
        "TeS_MOOV": 0.0,
        "TedS_MOOV": 96.55,
        "TR3_MOOV": 18.01,
        "TeRd_MOOV": 80.46,
        "TS_MOOV": 96.55,
        "TeS_MTN": 0.0,
        "TedS_MTN": 96.09,
        "TR3_MTN": 0.0,
        "TeRd_MTN": 96.48,
        "TS_MTN": 96.48,
        "TeS_ORANGE": 0.0,
        "TedS_ORANGE": 99.24,
        "TR3_ORANGE": 0.0,
        "TeRd_ORANGE": 99.24,
        "TS_ORANGE": 99.24,
        "rang_TeS_ORANGE": 1,
        "rang_TeS_MTN": 1,
        "rang_TeS_MOOV": 1,
        "rang_TedS_ORANGE": 1,
        "rang_TedS_MTN": 3,
        "rang_TedS_MOOV": 2,
        "rang_TR3_ORANGE": 1,
        "rang_TR3_MTN": 1,
        "rang_TR3_MOOV": 3,
        "rang_TS_ORANGE": 1,
        "rang_TS_MTN": 3,
        "rang_TS_MOOV": 2,
        "rang_TeRd_ORANGE": 1,
        "rang_TeRd_MTN": 2,
        "rang_TeRd_MOOV": 3
      },
      "id": 7
    },
    {
      "type": "Feature",
      "geometry": {
        "coordinates": [
          -3.95836,
          5.29249
        ],
        "type": "Point"
      },
      "properties": {
        "ADM0_FR": "DISTRICT AUTONOME D'ABIDJAN",
        "ADM0_PCODE": "CI04",
        "ADM1_FR": "DISTRICT AUTONOME D'ABIDJAN",
        "ADM1_PCODE": "CI101",
        "ADM2_FR": "ABIDJAN",
        "ADM2_PCODE": "CI0101",
        "ADM3_FR": "ABIDJAN",
        "ADM3_PCODE": "CI010101",
        "ADM4_FR": "KOUMASSI",
        "ADM4_PCODE": "C4694",
        "centerLat": 5.30249,
        "centerLng": -3.94836,
        "pop": 433139,
        "TeS_MOOV": 0.0,
        "TedS_MOOV": 96.17,
        "TR3_MOOV": 0.0,
        "TeRd_MOOV": 97.44,
        "TS_MOOV": 97.44,
        "TeS_MTN": 0.0,
        "TedS_MTN": 96.69,
        "TR3_MTN": 0.0,
        "TeRd_MTN": 97.68,
        "TS_MTN": 98.00999999999999,
        "TeS_ORANGE": 0.0,
        "TedS_ORANGE": 99.67,
        "TR3_ORANGE": 0.0,
        "TeRd_ORANGE": 99.35000000000001,
        "TS_ORANGE": 100.0,
        "rang_TeS_ORANGE": 1,
        "rang_TeS_MTN": 1,
        "rang_TeS_MOOV": 1,
        "rang_TedS_ORANGE": 1,
        "rang_TedS_MTN": 2,
        "rang_TedS_MOOV": 3,
        "rang_TR3_ORANGE": 1,
        "rang_TR3_MTN": 1,
        "rang_TR3_MOOV": 1,
        "rang_TS_ORANGE": 1,
        "rang_TS_MTN": 2,
        "rang_TS_MOOV": 3,
        "rang_TeRd_ORANGE": 1,
        "rang_TeRd_MTN": 2,
        "rang_TeRd_MOOV": 3
      },
      "id": 8
    },
    {
      "type": "Feature",
      "geometry": {
        "coordinates": [
          -3.99251,
          5.28932
        ],
        "type": "Point"
      },
      "properties": {
        "ADM0_FR": "DISTRICT AUTONOME D'ABIDJAN",
        "ADM0_PCODE": "CI04",
        "ADM1_FR": "DISTRICT AUTONOME D'ABIDJAN",
        "ADM1_PCODE": "CI101",
        "ADM2_FR": "ABIDJAN",
        "ADM2_PCODE": "CI0101",
        "ADM3_FR": "ABIDJAN",
        "ADM3_PCODE": "CI010101",
        "ADM4_FR": "MARCORY",
        "ADM4_PCODE": "C5375",
        "centerLat": 5.29932,
        "centerLng": -3.98251,
        "pop": 249858,
        "TeS_MOOV": 0.67,
        "TedS_MOOV": 97.97,
        "TR3_MOOV": 2.37,
        "TeRd_MOOV": 97.63,
        "TS_MOOV": 97.63,
        "TeS_MTN": 0.0,
        "TedS_MTN": 94.86,
        "TR3_MTN": 0.0,
        "TeRd_MTN": 92.93,
        "TS_MTN": 92.93,
        "TeS_ORANGE": 1.23,
        "TedS_ORANGE": 99.38,
        "TR3_ORANGE": 0.0,
        "TeRd_ORANGE": 99.69,
        "TS_ORANGE": 99.69,
        "rang_TeS_ORANGE": 3,
        "rang_TeS_MTN": 1,
        "rang_TeS_MOOV": 2,
        "rang_TedS_ORANGE": 1,
        "rang_TedS_MTN": 3,
        "rang_TedS_MOOV": 2,
        "rang_TR3_ORANGE": 1,
        "rang_TR3_MTN": 1,
        "rang_TR3_MOOV": 3,
        "rang_TS_ORANGE": 1,
        "rang_TS_MTN": 3,
        "rang_TS_MOOV": 2,
        "rang_TeRd_ORANGE": 1,
        "rang_TeRd_MTN": 3,
        "rang_TeRd_MOOV": 2
      },
      "id": 9
    },
    {
      "type": "Feature",
      "geometry": {
        "coordinates": [
          -4.0316399999999994,
          5.31517
        ],
        "type": "Point"
      },
      "properties": {
        "ADM0_FR": "DISTRICT AUTONOME D'ABIDJAN",
        "ADM0_PCODE": "CI04",
        "ADM1_FR": "DISTRICT AUTONOME D'ABIDJAN",
        "ADM1_PCODE": "CI101",
        "ADM2_FR": "ABIDJAN",
        "ADM2_PCODE": "CI0101",
        "ADM3_FR": "ABIDJAN",
        "ADM3_PCODE": "CI010101",
        "ADM4_FR": "PLATEAU",
        "ADM4_PCODE": "C6556",
        "centerLat": 5.32517,
        "centerLng": -4.02164,
        "pop": 7488,
        "TeS_MOOV": 0.0,
        "TedS_MOOV": 92.78999999999999,
        "TR3_MOOV": 0.0,
        "TeRd_MOOV": 94.43,
        "TS_MOOV": 94.43,
        "TeS_MTN": 0.0,
        "TedS_MTN": 97.34,
        "TR3_MTN": 0.0,
        "TeRd_MTN": 98.34,
        "TS_MTN": 98.34,
        "TeS_ORANGE": 0.0,
        "TedS_ORANGE": 98.36,
        "TR3_ORANGE": 0.33,
        "TeRd_ORANGE": 98.03,
        "TS_ORANGE": 98.68,
        "rang_TeS_ORANGE": 1,
        "rang_TeS_MTN": 1,
        "rang_TeS_MOOV": 1,
        "rang_TedS_ORANGE": 1,
        "rang_TedS_MTN": 2,
        "rang_TedS_MOOV": 3,
        "rang_TR3_ORANGE": 3,
        "rang_TR3_MTN": 1,
        "rang_TR3_MOOV": 1,
        "rang_TS_ORANGE": 1,
        "rang_TS_MTN": 2,
        "rang_TS_MOOV": 3,
        "rang_TeRd_ORANGE": 2,
        "rang_TeRd_MTN": 1,
        "rang_TeRd_MOOV": 3
      },
      "id": 10
    },
    {
      "type": "Feature",
      "geometry": {
        "coordinates": [
          -3.968626,
          5.246881
        ],
        "type": "Point"
      },
      "properties": {
        "ADM0_FR": "DISTRICT AUTONOME D'ABIDJAN",
        "ADM0_PCODE": "CI04",
        "ADM1_FR": "DISTRICT AUTONOME D'ABIDJAN",
        "ADM1_PCODE": "CI101",
        "ADM2_FR": "ABIDJAN",
        "ADM2_PCODE": "CI0101",
        "ADM3_FR": "ABIDJAN",
        "ADM3_PCODE": "CI010101",
        "ADM4_FR": "PORT-BOUET",
        "ADM4_PCODE": "C6619",
        "centerLat": 5.256881,
        "centerLng": -3.958626,
        "pop": 419033,
        "TeS_MOOV": 0.0,
        "TedS_MOOV": 95.45,
        "TR3_MOOV": 0.0,
        "TeRd_MOOV": 96.75,
        "TS_MOOV": 97.08,
        "TeS_MTN": 0.0,
        "TedS_MTN": 98.00999999999999,
        "TR3_MTN": 0.0,
        "TeRd_MTN": 97.34,
        "TS_MTN": 97.67,
        "TeS_ORANGE": 0.0,
        "TedS_ORANGE": 98.69,
        "TR3_ORANGE": 0.0,
        "TeRd_ORANGE": 98.36,
        "TS_ORANGE": 98.69,
        "rang_TeS_ORANGE": 1,
        "rang_TeS_MTN": 1,
        "rang_TeS_MOOV": 1,
        "rang_TedS_ORANGE": 1,
        "rang_TedS_MTN": 2,
        "rang_TedS_MOOV": 3,
        "rang_TR3_ORANGE": 1,
        "rang_TR3_MTN": 1,
        "rang_TR3_MOOV": 1,
        "rang_TS_ORANGE": 1,
        "rang_TS_MTN": 2,
        "rang_TS_MOOV": 3,
        "rang_TeRd_ORANGE": 1,
        "rang_TeRd_MTN": 2,
        "rang_TeRd_MOOV": 3
      },
      "id": 11
    },
    {
      "type": "Feature",
      "geometry": {
        "coordinates": [
          -4.02044,
          5.2809800000000005
        ],
        "type": "Point"
      },
      "properties": {
        "ADM0_FR": "DISTRICT AUTONOME D'ABIDJAN",
        "ADM0_PCODE": "CI04",
        "ADM1_FR": "DISTRICT AUTONOME D'ABIDJAN",
        "ADM1_PCODE": "CI101",
        "ADM2_FR": "ABIDJAN",
        "ADM2_PCODE": "CI0101",
        "ADM3_FR": "ABIDJAN",
        "ADM3_PCODE": "CI010101",
        "ADM4_FR": "TREICHVILLE",
        "ADM4_PCODE": "C7913",
        "centerLat": 5.29098,
        "centerLng": -4.01044,
        "pop": 102580,
        "TeS_MOOV": 0.0,
        "TedS_MOOV": 96.28,
        "TR3_MOOV": 0.0,
        "TeRd_MOOV": 97.52,
        "TS_MOOV": 97.83,
        "TeS_MTN": 0.0,
        "TedS_MTN": 95.16,
        "TR3_MTN": 13.87,
        "TeRd_MTN": 86.45,
        "TS_MTN": 86.45,
        "TeS_ORANGE": 0.0,
        "TedS_ORANGE": 97.5,
        "TR3_ORANGE": 15.629999999999999,
        "TeRd_ORANGE": 83.75,
        "TS_ORANGE": 84.38,
        "rang_TeS_ORANGE": 1,
        "rang_TeS_MTN": 1,
        "rang_TeS_MOOV": 1,
        "rang_TedS_ORANGE": 1,
        "rang_TedS_MTN": 3,
        "rang_TedS_MOOV": 2,
        "rang_TR3_ORANGE": 3,
        "rang_TR3_MTN": 2,
        "rang_TR3_MOOV": 1,
        "rang_TS_ORANGE": 3,
        "rang_TS_MTN": 2,
        "rang_TS_MOOV": 1,
        "rang_TeRd_ORANGE": 3,
        "rang_TeRd_MTN": 2,
        "rang_TeRd_MOOV": 1
      },
      "id": 12
    },
    {
      "type": "Feature",
      "geometry": {
        "coordinates": [
          -4.10015,
          5.2984800000000005
        ],
        "type": "Point"
      },
      "properties": {
        "ADM0_FR": "DISTRICT AUTONOME D'ABIDJAN",
        "ADM0_PCODE": "CI04",
        "ADM1_FR": "DISTRICT AUTONOME D'ABIDJAN",
        "ADM1_PCODE": "CI101",
        "ADM2_FR": "ABIDJAN",
        "ADM2_PCODE": "CI0101",
        "ADM3_FR": "ABIDJAN",
        "ADM3_PCODE": "CI010101",
        "ADM4_FR": "YOPOUGON",
        "ADM4_PCODE": "C8230",
        "centerLat": 5.30848,
        "centerLng": -4.09015,
        "pop": 1071543,
        "TeS_MOOV": 0.0,
        "TedS_MOOV": 94.52000000000001,
        "TR3_MOOV": 19.77,
        "TeRd_MOOV": 64.38000000000001,
        "TS_MOOV": 64.58,
        "TeS_MTN": 0.2,
        "TedS_MTN": 96.77,
        "TR3_MTN": 18.990000000000002,
        "TeRd_MTN": 68.47999999999999,
        "TS_MTN": 68.69,
        "TeS_ORANGE": 0.0,
        "TedS_ORANGE": 99.22,
        "TR3_ORANGE": 8.19,
        "TeRd_ORANGE": 71.35000000000001,
        "TS_ORANGE": 71.54,
        "rang_TeS_ORANGE": 1,
        "rang_TeS_MTN": 3,
        "rang_TeS_MOOV": 1,
        "rang_TedS_ORANGE": 1,
        "rang_TedS_MTN": 2,
        "rang_TedS_MOOV": 3,
        "rang_TR3_ORANGE": 1,
        "rang_TR3_MTN": 2,
        "rang_TR3_MOOV": 3,
        "rang_TS_ORANGE": 1,
        "rang_TS_MTN": 2,
        "rang_TS_MOOV": 3,
        "rang_TeRd_ORANGE": 1,
        "rang_TeRd_MTN": 2,
        "rang_TeRd_MOOV": 3
      },
      "id": 13
    },
    {
      "type": "Feature",
      "geometry": {
        "coordinates": [
          -3.21677,
          5.46457
        ],
        "type": "Point"
      },
      "properties": {
        "ADM0_FR": "COMOE",
        "ADM0_PCODE": "CI02",
        "ADM1_FR": "SUD-COMOE",
        "ADM1_PCODE": "CI130",
        "ADM2_FR": "ABOISSO",
        "ADM2_PCODE": "CI3001",
        "ADM3_FR": "ABOISSO",
        "ADM3_PCODE": "CI300101",
        "ADM4_FR": "ABOISSO",
        "ADM4_PCODE": "C0033",
        "centerLat": 5.47457,
        "centerLng": -3.20677,
        "pop": 45688,
        "TeS_MOOV": 0.5,
        "TedS_MOOV": 97.5,
        "TR3_MOOV": 0.0,
        "TeRd_MOOV": 97.5,
        "TS_MOOV": 98.0,
        "TeS_MTN": 0.0,
        "TedS_MTN": 99.0,
        "TR3_MTN": 0.0,
        "TeRd_MTN": 98.50999999999999,
        "TS_MTN": 99.0,
        "TeS_ORANGE": 0.0,
        "TedS_ORANGE": 99.0,
        "TR3_ORANGE": 0.0,
        "TeRd_ORANGE": 99.5,
        "TS_ORANGE": 99.5,
        "rang_TeS_ORANGE": 1,
        "rang_TeS_MTN": 1,
        "rang_TeS_MOOV": 3,
        "rang_TedS_ORANGE": 1,
        "rang_TedS_MTN": 1,
        "rang_TedS_MOOV": 3,
        "rang_TR3_ORANGE": 1,
        "rang_TR3_MTN": 1,
        "rang_TR3_MOOV": 1,
        "rang_TS_ORANGE": 1,
        "rang_TS_MTN": 2,
        "rang_TS_MOOV": 3,
        "rang_TeRd_ORANGE": 1,
        "rang_TeRd_MTN": 2,
        "rang_TeRd_MOOV": 3
      },
      "id": 14
    },
    {
      "type": "Feature",
      "geometry": {
        "coordinates": [
          -3.2741399999999996,
          5.418
        ],
        "type": "Point"
      },
      "properties": {
        "ADM0_FR": "COMOE",
        "ADM0_PCODE": "CI02",
        "ADM1_FR": "SUD-COMOE",
        "ADM1_PCODE": "CI130",
        "ADM2_FR": "ABOISSO",
        "ADM2_PCODE": "CI3001",
        "ADM3_FR": "ADAOU",
        "ADM3_PCODE": "CI300102",
        "ADM4_FR": "ADAOU",
        "ADM4_PCODE": "C0098",
        "centerLat": 5.428,
        "centerLng": -3.26414,
        "pop": 6093,
        "TeS_MOOV": 0.0,
        "TedS_MOOV": 100.0,
        "TR3_MOOV": 0.0,
        "TeRd_MOOV": 99.00999999999999,
        "TS_MOOV": 99.00999999999999,
        "TeS_MTN": 0.0,
        "TedS_MTN": 100.0,
        "TR3_MTN": 0.0,
        "TeRd_MTN": 99.02,
        "TS_MTN": 99.02,
        "TeS_ORANGE": 0.0,
        "TedS_ORANGE": 100.0,
        "TR3_ORANGE": 1.47,
        "TeRd_ORANGE": 97.06,
        "TS_ORANGE": 100.0,
        "rang_TeS_ORANGE": 1,
        "rang_TeS_MTN": 1,
        "rang_TeS_MOOV": 1,
        "rang_TedS_ORANGE": 1,
        "rang_TedS_MTN": 1,
        "rang_TedS_MOOV": 1,
        "rang_TR3_ORANGE": 3,
        "rang_TR3_MTN": 1,
        "rang_TR3_MOOV": 1,
        "rang_TS_ORANGE": 1,
        "rang_TS_MTN": 2,
        "rang_TS_MOOV": 3,
        "rang_TeRd_ORANGE": 3,
        "rang_TeRd_MTN": 1,
        "rang_TeRd_MOOV": 2
      },
      "id": 15
    },
    {
      "type": "Feature",
      "geometry": {
        "coordinates": [
          -3.87622,
          6.099600000000001
        ],
        "type": "Point"
      },
      "properties": {
        "ADM0_FR": "LAGUNES",
        "ADM0_PCODE": "CI08",
        "ADM1_FR": "LA ME",
        "ADM1_PCODE": "CI124",
        "ADM2_FR": "ADZOPE",
        "ADM2_PCODE": "CI2401",
        "ADM3_FR": "ADZOPE",
        "ADM3_PCODE": "CI240101",
        "ADM4_FR": "ADZOPE",
        "ADM4_PCODE": "C0176",
        "centerLat": 6.1096,
        "centerLng": -3.86622,
        "pop": 58722,
        "TeS_MOOV": 0.4,
        "TedS_MOOV": 99.2,
        "TR3_MOOV": 0.0,
        "TeRd_MOOV": 99.2,
        "TS_MOOV": 99.2,
        "TeS_MTN": 0.0,
        "TedS_MTN": 93.63,
        "TR3_MTN": 0.0,
        "TeRd_MTN": 97.21,
        "TS_MTN": 98.00999999999999,
        "TeS_ORANGE": 0.4,
        "TedS_ORANGE": 98.8,
        "TR3_ORANGE": 0.0,
        "TeRd_ORANGE": 99.6,
        "TS_ORANGE": 100.0,
        "rang_TeS_ORANGE": 2,
        "rang_TeS_MTN": 1,
        "rang_TeS_MOOV": 2,
        "rang_TedS_ORANGE": 2,
        "rang_TedS_MTN": 3,
        "rang_TedS_MOOV": 1,
        "rang_TR3_ORANGE": 1,
        "rang_TR3_MTN": 1,
        "rang_TR3_MOOV": 1,
        "rang_TS_ORANGE": 1,
        "rang_TS_MTN": 3,
        "rang_TS_MOOV": 2,
        "rang_TeRd_ORANGE": 1,
        "rang_TeRd_MTN": 3,
        "rang_TeRd_MOOV": 2
      },
      "id": 16
    },
    {
      "type": "Feature",
      "geometry": {
        "coordinates": [
          -3.67061,
          5.4912600000000005
        ],
        "type": "Point"
      },
      "properties": {
        "ADM0_FR": "LAGUNES",
        "ADM0_PCODE": "CI08",
        "ADM1_FR": "LA ME",
        "ADM1_PCODE": "CI124",
        "ADM2_FR": "ALEPE",
        "ADM2_PCODE": "CI2403",
        "ADM3_FR": "ALEPE",
        "ADM3_PCODE": "CI240302",
        "ADM4_FR": "ALEPE",
        "ADM4_PCODE": "C0398",
        "centerLat": 5.50126,
        "centerLng": -3.66061,
        "pop": 9045,
        "TeS_MOOV": 0.0,
        "TedS_MOOV": 97.04,
        "TR3_MOOV": 0.0,
        "TeRd_MOOV": 99.26,
        "TS_MOOV": 99.26,
        "TeS_MTN": 0.0,
        "TedS_MTN": 100.0,
        "TR3_MTN": 0.0,
        "TeRd_MTN": 100.0,
        "TS_MTN": 100.0,
        "TeS_ORANGE": 0.0,
        "TedS_ORANGE": 99.33999999999999,
        "TR3_ORANGE": 0.0,
        "TeRd_ORANGE": 100.0,
        "TS_ORANGE": 100.0,
        "rang_TeS_ORANGE": 1,
        "rang_TeS_MTN": 1,
        "rang_TeS_MOOV": 1,
        "rang_TedS_ORANGE": 2,
        "rang_TedS_MTN": 1,
        "rang_TedS_MOOV": 3,
        "rang_TR3_ORANGE": 1,
        "rang_TR3_MTN": 1,
        "rang_TR3_MOOV": 1,
        "rang_TS_ORANGE": 1,
        "rang_TS_MTN": 1,
        "rang_TS_MOOV": 3,
        "rang_TeRd_ORANGE": 1,
        "rang_TeRd_MTN": 1,
        "rang_TeRd_MOOV": 3
      },
      "id": 17
    },
    {
      "type": "Feature",
      "geometry": {
        "coordinates": [
          -3.7840499999999997,
          6.21292
        ],
        "type": "Point"
      },
      "properties": {
        "ADM0_FR": "LAGUNES",
        "ADM0_PCODE": "CI08",
        "ADM1_FR": "LA ME",
        "ADM1_PCODE": "CI124",
        "ADM2_FR": "ADZOPE",
        "ADM2_PCODE": "CI2401",
        "ADM3_FR": "ADZOPE",
        "ADM3_PCODE": "CI240101",
        "ADM4_FR": "ANANGUIE",
        "ADM4_PCODE": "C0494",
        "centerLat": 6.22292,
        "centerLng": -3.77405,
        "pop": 10013,
        "TeS_MOOV": 0.0,
        "TedS_MOOV": 100.0,
        "TR3_MOOV": 0.0,
        "TeRd_MOOV": 100.0,
        "TS_MOOV": 100.0,
        "TeS_MTN": 0.0,
        "TedS_MTN": 100.0,
        "TR3_MTN": 0.0,
        "TeRd_MTN": 100.0,
        "TS_MTN": 100.0,
        "TeS_ORANGE": 0.0,
        "TedS_ORANGE": 100.0,
        "TR3_ORANGE": 0.0,
        "TeRd_ORANGE": 100.0,
        "TS_ORANGE": 100.0,
        "rang_TeS_ORANGE": 1,
        "rang_TeS_MTN": 1,
        "rang_TeS_MOOV": 1,
        "rang_TedS_ORANGE": 1,
        "rang_TedS_MTN": 1,
        "rang_TedS_MOOV": 1,
        "rang_TR3_ORANGE": 1,
        "rang_TR3_MTN": 1,
        "rang_TR3_MOOV": 1,
        "rang_TS_ORANGE": 1,
        "rang_TS_MTN": 1,
        "rang_TS_MOOV": 1,
        "rang_TeRd_ORANGE": 1,
        "rang_TeRd_MTN": 1,
        "rang_TeRd_MOOV": 1
      },
      "id": 18
    },
    {
      "type": "Feature",
      "geometry": {
        "coordinates": [
          -4.26,
          7.2700000000000005
        ],
        "type": "Point"
      },
      "properties": {
        "ADM0_FR": "LACS",
        "ADM0_PCODE": "CI07",
        "ADM1_FR": "IFFOU",
        "ADM1_PCODE": "CI119",
        "ADM2_FR": "DAOUKRO",
        "ADM2_PCODE": "CI1901",
        "ADM3_FR": "ANANDA",
        "ADM3_PCODE": "CI190102",
        "ADM4_FR": "ANANDA",
        "ADM4_PCODE": "C0492",
        "centerLat": 7.28,
        "centerLng": -4.25,
        "pop": 2917,
        "TeS_MOOV": 0.0,
        "TedS_MOOV": 100.0,
        "TR3_MOOV": 0.0,
        "TeRd_MOOV": 100.0,
        "TS_MOOV": 100.0,
        "TeS_MTN": 0.0,
        "TedS_MTN": 100.0,
        "TR3_MTN": 0.0,
        "TeRd_MTN": 0.0,
        "TS_MTN": 100.0,
        "TeS_ORANGE": 0.0,
        "TedS_ORANGE": 98.02,
        "TR3_ORANGE": 0.0,
        "TeRd_ORANGE": 98.02,
        "TS_ORANGE": 100.0,
        "rang_TeS_ORANGE": 1,
        "rang_TeS_MTN": 1,
        "rang_TeS_MOOV": 1,
        "rang_TedS_ORANGE": 3,
        "rang_TedS_MTN": 1,
        "rang_TedS_MOOV": 1,
        "rang_TR3_ORANGE": 1,
        "rang_TR3_MTN": 1,
        "rang_TR3_MOOV": 1,
        "rang_TS_ORANGE": 1,
        "rang_TS_MTN": 1,
        "rang_TS_MOOV": 1,
        "rang_TeRd_ORANGE": 2,
        "rang_TeRd_MTN": 3,
        "rang_TeRd_MOOV": 1
      },
      "id": 19
    },
    {
      "type": "Feature",
      "geometry": {
        "coordinates": [
          -3.9795399999999996,
          6.66259
        ],
        "type": "Point"
      },
      "properties": {
        "ADM0_FR": "LACS",
        "ADM0_PCODE": "CI07",
        "ADM1_FR": "MORONOU",
        "ADM1_PCODE": "CI125",
        "ADM2_FR": "ARRAH",
        "ADM2_PCODE": "CI2501",
        "ADM3_FR": "ARRAH",
        "ADM3_PCODE": "CI250101",
        "ADM4_FR": "ARRAH",
        "ADM4_PCODE": "C0600",
        "centerLat": 6.67259,
        "centerLng": -3.96954,
        "pop": 24122,
        "TeS_MOOV": 0.0,
        "TedS_MOOV": 99.33999999999999,
        "TR3_MOOV": 0.0,
        "TeRd_MOOV": 98.00999999999999,
        "TS_MOOV": 98.00999999999999,
        "TeS_MTN": 0.0,
        "TedS_MTN": 99.33999999999999,
        "TR3_MTN": 0.0,
        "TeRd_MTN": 99.33999999999999,
        "TS_MTN": 99.33999999999999,
        "TeS_ORANGE": 0.0,
        "TedS_ORANGE": 100.0,
        "TR3_ORANGE": 0.0,
        "TeRd_ORANGE": 100.0,
        "TS_ORANGE": 100.0,
        "rang_TeS_ORANGE": 1,
        "rang_TeS_MTN": 1,
        "rang_TeS_MOOV": 1,
        "rang_TedS_ORANGE": 1,
        "rang_TedS_MTN": 2,
        "rang_TedS_MOOV": 2,
        "rang_TR3_ORANGE": 1,
        "rang_TR3_MTN": 1,
        "rang_TR3_MOOV": 1,
        "rang_TS_ORANGE": 1,
        "rang_TS_MTN": 2,
        "rang_TS_MOOV": 3,
        "rang_TeRd_ORANGE": 1,
        "rang_TeRd_MTN": 2,
        "rang_TeRd_MOOV": 3
      },
      "id": 20
    },
    {
      "type": "Feature",
      "geometry": {
        "coordinates": [
          -3.07216,
          9.22051
        ],
        "type": "Point"
      },
      "properties": {
        "ADM0_FR": "ZANZAN",
        "ADM0_PCODE": "CI14",
        "ADM1_FR": "BOUNKANI",
        "ADM1_PCODE": "CI108",
        "ADM2_FR": "BOUNA",
        "ADM2_PCODE": "CI0801",
        "ADM3_FR": "BOUNA",
        "ADM3_PCODE": "CI080102",
        "ADM4_FR": "ASSOUM 1",
        "ADM4_PCODE": "C0704",
        "centerLat": 9.23051,
        "centerLng": -3.06216,
        "pop": 1157,
        "TeS_MOOV": 3.92,
        "TedS_MOOV": 81.63,
        "TR3_MOOV": 0.0,
        "TeRd_MOOV": 91.84,
        "TS_MOOV": 97.96000000000001,
        "TeS_MTN": 0.0,
        "TedS_MTN": 86.32,
        "TR3_MTN": 0.0,
        "TeRd_MTN": 94.74000000000001,
        "TS_MTN": 100.0,
        "TeS_ORANGE": 12.0,
        "TedS_ORANGE": 88.64,
        "TR3_ORANGE": 0.0,
        "TeRd_ORANGE": 95.45,
        "TS_ORANGE": 101.14000000000001,
        "rang_TeS_ORANGE": 3,
        "rang_TeS_MTN": 1,
        "rang_TeS_MOOV": 2,
        "rang_TedS_ORANGE": 1,
        "rang_TedS_MTN": 2,
        "rang_TedS_MOOV": 3,
        "rang_TR3_ORANGE": 1,
        "rang_TR3_MTN": 1,
        "rang_TR3_MOOV": 1,
        "rang_TS_ORANGE": 1,
        "rang_TS_MTN": 2,
        "rang_TS_MOOV": 3,
        "rang_TeRd_ORANGE": 1,
        "rang_TeRd_MTN": 2,
        "rang_TeRd_MOOV": 3
      },
      "id": 21
    },
    {
      "type": "Feature",
      "geometry": {
        "coordinates": [
          -4.09075,
          5.63569
        ],
        "type": "Point"
      },
      "properties": {
        "ADM0_FR": "LAGUNES",
        "ADM0_PCODE": "CI08",
        "ADM1_FR": "AGNEBY-TIASSA",
        "ADM1_PCODE": "CI103",
        "ADM2_FR": "AGBOVILLE",
        "ADM2_PCODE": "CI0301",
        "ADM3_FR": "AZAGUIE",
        "ADM3_PCODE": "CI030105",
        "ADM4_FR": "AZAGUIÉ",
        "ADM4_PCODE": "C0780",
        "centerLat": 5.64569,
        "centerLng": -4.08075,
        "pop": 13876,
        "TeS_MOOV": 0.0,
        "TedS_MOOV": 99.00999999999999,
        "TR3_MOOV": 0.0,
        "TeRd_MOOV": 99.00999999999999,
        "TS_MOOV": 99.00999999999999,
        "TeS_MTN": 0.0,
        "TedS_MTN": 93.07,
        "TR3_MTN": 0.0,
        "TeRd_MTN": 98.02,
        "TS_MTN": 100.0,
        "TeS_ORANGE": 0.0,
        "TedS_ORANGE": 99.00999999999999,
        "TR3_ORANGE": 0.0,
        "TeRd_ORANGE": 100.0,
        "TS_ORANGE": 100.0,
        "rang_TeS_ORANGE": 1,
        "rang_TeS_MTN": 1,
        "rang_TeS_MOOV": 1,
        "rang_TedS_ORANGE": 1,
        "rang_TedS_MTN": 3,
        "rang_TedS_MOOV": 1,
        "rang_TR3_ORANGE": 1,
        "rang_TR3_MTN": 1,
        "rang_TR3_MOOV": 1,
        "rang_TS_ORANGE": 1,
        "rang_TS_MTN": 1,
        "rang_TS_MOOV": 3,
        "rang_TeRd_ORANGE": 1,
        "rang_TeRd_MTN": 3,
        "rang_TeRd_MOOV": 2
      },
      "id": 22
    },
    {
      "type": "Feature",
      "geometry": {
        "coordinates": [
          -7.5,
          7.0
        ],
        "type": "Point"
      },
      "properties": {
        "ADM0_FR": "VALLEE DU BANDAMA",
        "ADM0_PCODE": "CI12",
        "ADM1_FR": "HAMBOL",
        "ADM1_PCODE": "CI117",
        "ADM2_FR": "DABAKALA",
        "ADM2_PCODE": "CI1701",
        "ADM3_FR": "TENDENE-BAMBARASSO",
        "ADM3_PCODE": "CI170109",
        "ADM4_FR": "BANGOLO",
        "ADM4_PCODE": "C0934",
        "centerLat": 7.01,
        "centerLng": -7.49,
        "pop": 900,
        "TeS_MOOV": 0.0,
        "TedS_MOOV": 97.14,
        "TR3_MOOV": 0.0,
        "TeRd_MOOV": 98.57000000000001,
        "TS_MOOV": 98.57000000000001,
        "TeS_MTN": 0.0,
        "TedS_MTN": 96.50999999999999,
        "TR3_MTN": 0.0,
        "TeRd_MTN": 97.09,
        "TS_MTN": 97.67,
        "TeS_ORANGE": 0.0,
        "TedS_ORANGE": 99.46000000000001,
        "TR3_ORANGE": 2.7199999999999998,
        "TeRd_ORANGE": 95.65,
        "TS_ORANGE": 95.65,
        "rang_TeS_ORANGE": 1,
        "rang_TeS_MTN": 1,
        "rang_TeS_MOOV": 1,
        "rang_TedS_ORANGE": 1,
        "rang_TedS_MTN": 3,
        "rang_TedS_MOOV": 2,
        "rang_TR3_ORANGE": 3,
        "rang_TR3_MTN": 1,
        "rang_TR3_MOOV": 1,
        "rang_TS_ORANGE": 3,
        "rang_TS_MTN": 2,
        "rang_TS_MOOV": 1,
        "rang_TeRd_ORANGE": 3,
        "rang_TeRd_MTN": 2,
        "rang_TeRd_MOOV": 1
      },
      "id": 23
    },
    {
      "type": "Feature",
      "geometry": {
        "coordinates": [
          -4.9665,
          6.547470000000001
        ],
        "type": "Point"
      },
      "properties": {
        "ADM0_FR": "LACS",
        "ADM0_PCODE": "CI07",
        "ADM1_FR": "BELIER",
        "ADM1_PCODE": "CI106",
        "ADM2_FR": "TOUMODI",
        "ADM2_PCODE": "CI0604",
        "ADM3_FR": "TOUMODI",
        "ADM3_PCODE": "CI060401",
        "ADM4_FR": "BENDRESSOU",
        "ADM4_PCODE": "C1096",
        "centerLat": 6.55747,
        "centerLng": -4.9565,
        "pop": 1097,
        "TeS_MOOV": 2.94,
        "TedS_MOOV": 78.79,
        "TR3_MOOV": 0.0,
        "TeRd_MOOV": 87.88,
        "TS_MOOV": 93.94,
        "TeS_MTN": 5.94,
        "TedS_MTN": 75.79,
        "TR3_MTN": 0.0,
        "TeRd_MTN": 26.32,
        "TS_MTN": 100.0,
        "TeS_ORANGE": 0.9900000000000001,
        "TedS_ORANGE": 82.0,
        "TR3_ORANGE": 0.0,
        "TeRd_ORANGE": 93.0,
        "TS_ORANGE": 98.0,
        "rang_TeS_ORANGE": 1,
        "rang_TeS_MTN": 3,
        "rang_TeS_MOOV": 2,
        "rang_TedS_ORANGE": 1,
        "rang_TedS_MTN": 3,
        "rang_TedS_MOOV": 2,
        "rang_TR3_ORANGE": 1,
        "rang_TR3_MTN": 1,
        "rang_TR3_MOOV": 1,
        "rang_TS_ORANGE": 2,
        "rang_TS_MTN": 1,
        "rang_TS_MOOV": 3,
        "rang_TeRd_ORANGE": 1,
        "rang_TeRd_MTN": 3,
        "rang_TeRd_MOOV": 2
      },
      "id": 24
    },
    {
      "type": "Feature",
      "geometry": {
        "coordinates": [
          -5.58393,
          7.6608600000000004
        ],
        "type": "Point"
      },
      "properties": {
        "ADM0_FR": "VALLEE DU BANDAMA",
        "ADM0_PCODE": "CI12",
        "ADM1_FR": "GBEKE",
        "ADM1_PCODE": "CI111",
        "ADM2_FR": "BEOUMI",
        "ADM2_PCODE": "CI1101",
        "ADM3_FR": "BEOUMI",
        "ADM3_PCODE": "CI110102",
        "ADM4_FR": "BÉOUMI",
        "ADM4_PCODE": "C1124",
        "centerLat": 7.67086,
        "centerLng": -5.57393,
        "pop": 25526,
        "TeS_MOOV": 0.0,
        "TedS_MOOV": 88.89,
        "TR3_MOOV": 0.0,
        "TeRd_MOOV": 95.24000000000001,
        "TS_MOOV": 101.59,
        "TeS_MTN": 0.0,
        "TedS_MTN": 99.33,
        "TR3_MTN": 0.0,
        "TeRd_MTN": 100.0,
        "TS_MTN": 100.0,
        "TeS_ORANGE": 0.0,
        "TedS_ORANGE": 100.0,
        "TR3_ORANGE": 0.0,
        "TeRd_ORANGE": 100.0,
        "TS_ORANGE": 100.0,
        "rang_TeS_ORANGE": 1,
        "rang_TeS_MTN": 1,
        "rang_TeS_MOOV": 1,
        "rang_TedS_ORANGE": 1,
        "rang_TedS_MTN": 2,
        "rang_TedS_MOOV": 3,
        "rang_TR3_ORANGE": 1,
        "rang_TR3_MTN": 1,
        "rang_TR3_MOOV": 1,
        "rang_TS_ORANGE": 2,
        "rang_TS_MTN": 2,
        "rang_TS_MOOV": 1,
        "rang_TeRd_ORANGE": 1,
        "rang_TeRd_MTN": 1,
        "rang_TeRd_MOOV": 3
      },
      "id": 25
    },
    {
      "type": "Feature",
      "geometry": {
        "coordinates": [
          -8.01319,
          6.56065
        ],
        "type": "Point"
      },
      "properties": {
        "ADM0_FR": "MONTAGNES",
        "ADM0_PCODE": "CI09",
        "ADM1_FR": "CAVALLY",
        "ADM1_PCODE": "CI109",
        "ADM2_FR": "BLOLEQUIN",
        "ADM2_PCODE": "CI0901",
        "ADM3_FR": "BLOLEQUIN",
        "ADM3_PCODE": "CI090101",
        "ADM4_FR": "BLOLÉQUIN",
        "ADM4_PCODE": "C1290",
        "centerLat": 6.57065,
        "centerLng": -8.00319,
        "pop": 32262,
        "TeS_MOOV": 1.1900000000000002,
        "TedS_MOOV": 65.06,
        "TR3_MOOV": 0.0,
        "TeRd_MOOV": 83.53,
        "TS_MOOV": 98.39,
        "TeS_MTN": 0.0,
        "TedS_MTN": 98.83999999999999,
        "TR3_MTN": 0.0,
        "TeRd_MTN": 98.83999999999999,
        "TS_MTN": 100.0,
        "TeS_ORANGE": 0.0,
        "TedS_ORANGE": 98.15,
        "TR3_ORANGE": 0.0,
        "TeRd_ORANGE": 99.63,
        "TS_ORANGE": 100.0,
        "rang_TeS_ORANGE": 1,
        "rang_TeS_MTN": 1,
        "rang_TeS_MOOV": 3,
        "rang_TedS_ORANGE": 2,
        "rang_TedS_MTN": 1,
        "rang_TedS_MOOV": 3,
        "rang_TR3_ORANGE": 1,
        "rang_TR3_MTN": 1,
        "rang_TR3_MOOV": 1,
        "rang_TS_ORANGE": 1,
        "rang_TS_MTN": 1,
        "rang_TS_MOOV": 3,
        "rang_TeRd_ORANGE": 1,
        "rang_TeRd_MTN": 2,
        "rang_TeRd_MOOV": 3
      },
      "id": 26
    },
    {
      "type": "Feature",
      "geometry": {
        "coordinates": [
          -4.50751,
          7.05267
        ],
        "type": "Point"
      },
      "properties": {
        "ADM0_FR": "LACS",
        "ADM0_PCODE": "CI07",
        "ADM1_FR": "N'ZI",
        "ADM1_PCODE": "CI127",
        "ADM2_FR": "BOCANDA",
        "ADM2_PCODE": "CI2701",
        "ADM3_FR": "BOCANDA",
        "ADM3_PCODE": "CI270102",
        "ADM4_FR": "BOCANDA",
        "ADM4_PCODE": "C1317",
        "centerLat": 7.06267,
        "centerLng": -4.49751,
        "pop": 10684,
        "TeS_MOOV": 0.0,
        "TedS_MOOV": 100.0,
        "TR3_MOOV": 0.0,
        "TeRd_MOOV": 100.0,
        "TS_MOOV": 100.0,
        "TeS_MTN": 0.0,
        "TedS_MTN": 100.0,
        "TR3_MTN": 0.0,
        "TeRd_MTN": 0.0,
        "TS_MTN": 100.0,
        "TeS_ORANGE": 0.0,
        "TedS_ORANGE": 100.0,
        "TR3_ORANGE": 0.0,
        "TeRd_ORANGE": 100.0,
        "TS_ORANGE": 100.0,
        "rang_TeS_ORANGE": 1,
        "rang_TeS_MTN": 1,
        "rang_TeS_MOOV": 1,
        "rang_TedS_ORANGE": 1,
        "rang_TedS_MTN": 1,
        "rang_TedS_MOOV": 1,
        "rang_TR3_ORANGE": 1,
        "rang_TR3_MTN": 1,
        "rang_TR3_MOOV": 1,
        "rang_TS_ORANGE": 1,
        "rang_TS_MTN": 1,
        "rang_TS_MOOV": 1,
        "rang_TeRd_ORANGE": 1,
        "rang_TeRd_MTN": 3,
        "rang_TeRd_MOOV": 1
      },
      "id": 27
    },
    {
      "type": "Feature",
      "geometry": {
        "coordinates": [
          -3.7699999999999996,
          6.55
        ],
        "type": "Point"
      },
      "properties": {
        "ADM0_FR": "LAGUNES",
        "ADM0_PCODE": "CI08",
        "ADM1_FR": "LA ME",
        "ADM1_PCODE": "CI124",
        "ADM2_FR": "AKOUPE",
        "ADM2_PCODE": "CI2402",
        "ADM3_FR": "BECOUEFIN",
        "ADM3_PCODE": "CI240203",
        "ADM4_FR": "BONAHOUIN",
        "ADM4_PCODE": "C1419",
        "centerLat": 6.56,
        "centerLng": -3.76,
        "pop": 8574,
        "TeS_MOOV": 0.0,
        "TedS_MOOV": 100.0,
        "TR3_MOOV": 0.0,
        "TeRd_MOOV": 98.02,
        "TS_MOOV": 98.02,
        "TeS_MTN": 0.0,
        "TedS_MTN": 99.00999999999999,
        "TR3_MTN": 0.0,
        "TeRd_MTN": 100.0,
        "TS_MTN": 100.0,
        "TeS_ORANGE": 0.0,
        "TedS_ORANGE": 99.00999999999999,
        "TR3_ORANGE": 0.0,
        "TeRd_ORANGE": 98.02,
        "TS_ORANGE": 100.0,
        "rang_TeS_ORANGE": 1,
        "rang_TeS_MTN": 1,
        "rang_TeS_MOOV": 1,
        "rang_TedS_ORANGE": 2,
        "rang_TedS_MTN": 2,
        "rang_TedS_MOOV": 1,
        "rang_TR3_ORANGE": 1,
        "rang_TR3_MTN": 1,
        "rang_TR3_MOOV": 1,
        "rang_TS_ORANGE": 1,
        "rang_TS_MTN": 1,
        "rang_TS_MOOV": 3,
        "rang_TeRd_ORANGE": 2,
        "rang_TeRd_MTN": 1,
        "rang_TeRd_MOOV": 2
      },
      "id": 28
    },
    {
      "type": "Feature",
      "geometry": {
        "coordinates": [
          -2.8099999999999996,
          8.03
        ],
        "type": "Point"
      },
      "properties": {
        "ADM0_FR": "COMOE",
        "ADM0_PCODE": "CI02",
        "ADM1_FR": "SUD-COMOE",
        "ADM1_PCODE": "CI130",
        "ADM2_FR": "ADIAKE",
        "ADM2_PCODE": "CI3002",
        "ADM3_FR": "ADIAKE",
        "ADM3_PCODE": "CI300201",
        "ADM4_FR": "BONDOUKOU",
        "ADM4_PCODE": "C1424",
        "centerLat": 8.04,
        "centerLng": -2.8,
        "pop": 1837,
        "TeS_MOOV": 0.0,
        "TedS_MOOV": 99.5,
        "TR3_MOOV": 0.5,
        "TeRd_MOOV": 99.5,
        "TS_MOOV": 99.5,
        "TeS_MTN": 0.0,
        "TedS_MTN": 99.5,
        "TR3_MTN": 0.0,
        "TeRd_MTN": 0.0,
        "TS_MTN": 100.0,
        "TeS_ORANGE": 0.0,
        "TedS_ORANGE": 99.5,
        "TR3_ORANGE": 0.0,
        "TeRd_ORANGE": 99.5,
        "TS_ORANGE": 100.0,
        "rang_TeS_ORANGE": 1,
        "rang_TeS_MTN": 1,
        "rang_TeS_MOOV": 1,
        "rang_TedS_ORANGE": 1,
        "rang_TedS_MTN": 1,
        "rang_TedS_MOOV": 1,
        "rang_TR3_ORANGE": 1,
        "rang_TR3_MTN": 1,
        "rang_TR3_MOOV": 3,
        "rang_TS_ORANGE": 1,
        "rang_TS_MTN": 1,
        "rang_TS_MOOV": 3,
        "rang_TeRd_ORANGE": 1,
        "rang_TeRd_MTN": 3,
        "rang_TeRd_MOOV": 1
      },
      "id": 29
    },
    {
      "type": "Feature",
      "geometry": {
        "coordinates": [
          -4.215,
          6.63971
        ],
        "type": "Point"
      },
      "properties": {
        "ADM0_FR": "LACS",
        "ADM0_PCODE": "CI07",
        "ADM1_FR": "MORONOU",
        "ADM1_PCODE": "CI125",
        "ADM2_FR": "BONGOUANOU",
        "ADM2_PCODE": "CI2502",
        "ADM3_FR": "BONGOUANOU",
        "ADM3_PCODE": "CI250203",
        "ADM4_FR": "BONGOUANOU",
        "ADM4_PCODE": "C1436",
        "centerLat": 6.64971,
        "centerLng": -4.205,
        "pop": 28064,
        "TeS_MOOV": 0.0,
        "TedS_MOOV": 97.35000000000001,
        "TR3_MOOV": 0.0,
        "TeRd_MOOV": 98.68,
        "TS_MOOV": 98.68,
        "TeS_MTN": 0.0,
        "TedS_MTN": 99.33999999999999,
        "TR3_MTN": 0.0,
        "TeRd_MTN": 0.0,
        "TS_MTN": 96.69,
        "TeS_ORANGE": 0.0,
        "TedS_ORANGE": 98.68,
        "TR3_ORANGE": 0.0,
        "TeRd_ORANGE": 98.68,
        "TS_ORANGE": 99.33999999999999,
        "rang_TeS_ORANGE": 1,
        "rang_TeS_MTN": 1,
        "rang_TeS_MOOV": 1,
        "rang_TedS_ORANGE": 2,
        "rang_TedS_MTN": 1,
        "rang_TedS_MOOV": 3,
        "rang_TR3_ORANGE": 1,
        "rang_TR3_MTN": 1,
        "rang_TR3_MOOV": 1,
        "rang_TS_ORANGE": 1,
        "rang_TS_MTN": 3,
        "rang_TS_MOOV": 2,
        "rang_TeRd_ORANGE": 1,
        "rang_TeRd_MTN": 3,
        "rang_TeRd_MOOV": 1
      },
      "id": 30
    },
    {
      "type": "Feature",
      "geometry": {
        "coordinates": [
          -3.6047599999999997,
          5.26193
        ],
        "type": "Point"
      },
      "properties": {
        "ADM0_FR": "COMOE",
        "ADM0_PCODE": "CI02",
        "ADM1_FR": "SUD-COMOE",
        "ADM1_PCODE": "CI130",
        "ADM2_FR": "GRAND-BASSAM",
        "ADM2_PCODE": "CI3003",
        "ADM3_FR": "BONOUA",
        "ADM3_PCODE": "CI300302",
        "ADM4_FR": "BONOUA",
        "ADM4_PCODE": "C1451",
        "centerLat": 5.27193,
        "centerLng": -3.59476,
        "pop": 38135,
        "TeS_MOOV": 0.0,
        "TedS_MOOV": 98.02,
        "TR3_MOOV": 0.0,
        "TeRd_MOOV": 96.04,
        "TS_MOOV": 96.04,
        "TeS_MTN": 0.0,
        "TedS_MTN": 99.00999999999999,
        "TR3_MTN": 0.0,
        "TeRd_MTN": 99.00999999999999,
        "TS_MTN": 99.00999999999999,
        "TeS_ORANGE": 0.0,
        "TedS_ORANGE": 100.0,
        "TR3_ORANGE": 0.0,
        "TeRd_ORANGE": 100.0,
        "TS_ORANGE": 100.0,
        "rang_TeS_ORANGE": 1,
        "rang_TeS_MTN": 1,
        "rang_TeS_MOOV": 1,
        "rang_TedS_ORANGE": 1,
        "rang_TedS_MTN": 2,
        "rang_TedS_MOOV": 3,
        "rang_TR3_ORANGE": 1,
        "rang_TR3_MTN": 1,
        "rang_TR3_MOOV": 1,
        "rang_TS_ORANGE": 1,
        "rang_TS_MTN": 2,
        "rang_TS_MOOV": 3,
        "rang_TeRd_ORANGE": 1,
        "rang_TeRd_MTN": 2,
        "rang_TeRd_MOOV": 3
      },
      "id": 31
    },
    {
      "type": "Feature",
      "geometry": {
        "coordinates": [
          -7.504919999999999,
          8.72633
        ],
        "type": "Point"
      },
      "properties": {
        "ADM0_FR": "WOROBA",
        "ADM0_PCODE": "CI13",
        "ADM1_FR": "BAFING",
        "ADM1_PCODE": "CI104",
        "ADM2_FR": "KORO",
        "ADM2_PCODE": "CI0401",
        "ADM3_FR": "BOROTOU",
        "ADM3_PCODE": "CI040103",
        "ADM4_FR": "BOROTOU",
        "ADM4_PCODE": "C1481",
        "centerLat": 8.73633,
        "centerLng": -7.49492,
        "pop": 2203,
        "TeS_MOOV": 0.0,
        "TedS_MOOV": 99.0,
        "TR3_MOOV": 0.0,
        "TeRd_MOOV": 100.0,
        "TS_MOOV": 100.0,
        "TeS_MTN": 0.0,
        "TedS_MTN": 96.0,
        "TR3_MTN": 0.0,
        "TeRd_MTN": 96.0,
        "TS_MTN": 96.0,
        "TeS_ORANGE": 0.0,
        "TedS_ORANGE": 100.0,
        "TR3_ORANGE": 0.0,
        "TeRd_ORANGE": 100.0,
        "TS_ORANGE": 100.0,
        "rang_TeS_ORANGE": 1,
        "rang_TeS_MTN": 1,
        "rang_TeS_MOOV": 1,
        "rang_TedS_ORANGE": 1,
        "rang_TedS_MTN": 3,
        "rang_TedS_MOOV": 2,
        "rang_TR3_ORANGE": 1,
        "rang_TR3_MTN": 1,
        "rang_TR3_MOOV": 1,
        "rang_TS_ORANGE": 1,
        "rang_TS_MTN": 3,
        "rang_TS_MOOV": 1,
        "rang_TeRd_ORANGE": 1,
        "rang_TeRd_MTN": 3,
        "rang_TeRd_MOOV": 1
      },
      "id": 32
    },
    {
      "type": "Feature",
      "geometry": {
        "coordinates": [
          -5.03961,
          7.67791
        ],
        "type": "Point"
      },
      "properties": {
        "ADM0_FR": "VALLEE DU BANDAMA",
        "ADM0_PCODE": "CI12",
        "ADM1_FR": "GBEKE",
        "ADM1_PCODE": "CI111",
        "ADM2_FR": "BOUAKE",
        "ADM2_PCODE": "CI1103",
        "ADM3_FR": "BOUAKE",
        "ADM3_PCODE": "CI110301",
        "ADM4_FR": "BOUAKÉ",
        "ADM4_PCODE": "C1507",
        "centerLat": 7.68791,
        "centerLng": -5.02961,
        "pop": 536719,
        "TeS_MOOV": 0.0,
        "TedS_MOOV": 97.48,
        "TR3_MOOV": 0.0,
        "TeRd_MOOV": 97.16,
        "TS_MOOV": 97.32,
        "TeS_MTN": 0.0,
        "TedS_MTN": 96.92,
        "TR3_MTN": 15.559999999999999,
        "TeRd_MTN": 85.25,
        "TS_MTN": 85.41,
        "TeS_ORANGE": 0.0,
        "TedS_ORANGE": 99.69,
        "TR3_ORANGE": 31.34,
        "TeRd_ORANGE": 68.51,
        "TS_ORANGE": 68.66,
        "rang_TeS_ORANGE": 1,
        "rang_TeS_MTN": 1,
        "rang_TeS_MOOV": 1,
        "rang_TedS_ORANGE": 1,
        "rang_TedS_MTN": 3,
        "rang_TedS_MOOV": 2,
        "rang_TR3_ORANGE": 3,
        "rang_TR3_MTN": 2,
        "rang_TR3_MOOV": 1,
        "rang_TS_ORANGE": 3,
        "rang_TS_MTN": 2,
        "rang_TS_MOOV": 1,
        "rang_TeRd_ORANGE": 3,
        "rang_TeRd_MTN": 2,
        "rang_TeRd_MOOV": 1
      },
      "id": 33
    },
    {
      "type": "Feature",
      "geometry": {
        "coordinates": [
          -5.67911,
          8.20725
        ],
        "type": "Point"
      },
      "properties": {
        "ADM0_FR": "WOROBA",
        "ADM0_PCODE": "CI13",
        "ADM1_FR": "BERE",
        "ADM1_PCODE": "CI107",
        "ADM2_FR": "MANKONO",
        "ADM2_PCODE": "CI0703",
        "ADM3_FR": "BOUANDOUGOU",
        "ADM3_PCODE": "CI070302",
        "ADM4_FR": "BOUANDOUGOU",
        "ADM4_PCODE": "C1513",
        "centerLat": 8.21725,
        "centerLng": -5.66911,
        "pop": 10542,
        "TeS_MOOV": 0.0,
        "TedS_MOOV": 98.98,
        "TR3_MOOV": 0.0,
        "TeRd_MOOV": 96.95,
        "TS_MOOV": 98.98,
        "TeS_MTN": 0.0,
        "TedS_MTN": 97.22,
        "TR3_MTN": 17.22,
        "TeRd_MTN": 82.78,
        "TS_MTN": 83.33,
        "TeS_ORANGE": 0.0,
        "TedS_ORANGE": 98.58,
        "TR3_ORANGE": 77.36,
        "TeRd_ORANGE": 22.64,
        "TS_ORANGE": 22.64,
        "rang_TeS_ORANGE": 1,
        "rang_TeS_MTN": 1,
        "rang_TeS_MOOV": 1,
        "rang_TedS_ORANGE": 2,
        "rang_TedS_MTN": 3,
        "rang_TedS_MOOV": 1,
        "rang_TR3_ORANGE": 3,
        "rang_TR3_MTN": 2,
        "rang_TR3_MOOV": 1,
        "rang_TS_ORANGE": 3,
        "rang_TS_MTN": 2,
        "rang_TS_MOOV": 1,
        "rang_TeRd_ORANGE": 3,
        "rang_TeRd_MTN": 2,
        "rang_TeRd_MOOV": 1
      },
      "id": 34
    },
    {
      "type": "Feature",
      "geometry": {
        "coordinates": [
          -3.0090899999999996,
          9.25864
        ],
        "type": "Point"
      },
      "properties": {
        "ADM0_FR": "ZANZAN",
        "ADM0_PCODE": "CI14",
        "ADM1_FR": "BOUNKANI",
        "ADM1_PCODE": "CI108",
        "ADM2_FR": "BOUNA",
        "ADM2_PCODE": "CI0801",
        "ADM3_FR": "BOUNA",
        "ADM3_PCODE": "CI080102",
        "ADM4_FR": "BOUNA",
        "ADM4_PCODE": "C1550",
        "centerLat": 9.26864,
        "centerLng": -2.99909,
        "pop": 18755,
        "TeS_MOOV": 3.9800000000000004,
        "TedS_MOOV": 97.92999999999999,
        "TR3_MOOV": 0.41000000000000003,
        "TeRd_MOOV": 98.34,
        "TS_MOOV": 100.0,
        "TeS_MTN": 0.0,
        "TedS_MTN": 89.24,
        "TR3_MTN": 0.0,
        "TeRd_MTN": 0.0,
        "TS_MTN": 99.6,
        "TeS_ORANGE": 0.0,
        "TedS_ORANGE": 100.0,
        "TR3_ORANGE": 0.0,
        "TeRd_ORANGE": 100.0,
        "TS_ORANGE": 100.0,
        "rang_TeS_ORANGE": 1,
        "rang_TeS_MTN": 1,
        "rang_TeS_MOOV": 3,
        "rang_TedS_ORANGE": 1,
        "rang_TedS_MTN": 3,
        "rang_TedS_MOOV": 2,
        "rang_TR3_ORANGE": 1,
        "rang_TR3_MTN": 1,
        "rang_TR3_MOOV": 3,
        "rang_TS_ORANGE": 1,
        "rang_TS_MTN": 3,
        "rang_TS_MOOV": 1,
        "rang_TeRd_ORANGE": 1,
        "rang_TeRd_MTN": 3,
        "rang_TeRd_MOOV": 2
      },
      "id": 35
    },
    {
      "type": "Feature",
      "geometry": {
        "coordinates": [
          -6.49411,
          9.51143
        ],
        "type": "Point"
      },
      "properties": {
        "ADM0_FR": "SAVANES",
        "ADM0_PCODE": "CI11",
        "ADM1_FR": "BAGOUE",
        "ADM1_PCODE": "CI105",
        "ADM2_FR": "BOUNDIALI",
        "ADM2_PCODE": "CI0501",
        "ADM3_FR": "BOUNDIALI",
        "ADM3_PCODE": "CI050102",
        "ADM4_FR": "BOUNDIALI",
        "ADM4_PCODE": "C1557",
        "centerLat": 9.52143,
        "centerLng": -6.48411,
        "pop": 39962,
        "TeS_MOOV": 0.0,
        "TedS_MOOV": 97.95,
        "TR3_MOOV": 0.33999999999999997,
        "TeRd_MOOV": 95.89,
        "TS_MOOV": 96.23,
        "TeS_MTN": 1.02,
        "TedS_MTN": 90.34,
        "TR3_MTN": 0.0,
        "TeRd_MTN": 97.24000000000001,
        "TS_MTN": 98.97,
        "TeS_ORANGE": 0.0,
        "TedS_ORANGE": 99.31,
        "TR3_ORANGE": 0.0,
        "TeRd_ORANGE": 99.31,
        "TS_ORANGE": 99.66000000000001,
        "rang_TeS_ORANGE": 1,
        "rang_TeS_MTN": 3,
        "rang_TeS_MOOV": 1,
        "rang_TedS_ORANGE": 1,
        "rang_TedS_MTN": 3,
        "rang_TedS_MOOV": 2,
        "rang_TR3_ORANGE": 1,
        "rang_TR3_MTN": 1,
        "rang_TR3_MOOV": 3,
        "rang_TS_ORANGE": 1,
        "rang_TS_MTN": 2,
        "rang_TS_MOOV": 3,
        "rang_TeRd_ORANGE": 1,
        "rang_TeRd_MTN": 2,
        "rang_TeRd_MOOV": 3
      },
      "id": 36
    },
    {
      "type": "Feature",
      "geometry": {
        "coordinates": [
          -6.38966,
          9.9446
        ],
        "type": "Point"
      },
      "properties": {
        "ADM0_FR": "SAVANES",
        "ADM0_PCODE": "CI11",
        "ADM1_FR": "BAGOUE",
        "ADM1_PCODE": "CI105",
        "ADM2_FR": "KOUTO",
        "ADM2_PCODE": "CI0502",
        "ADM3_FR": "KOUTO",
        "ADM3_PCODE": "CI050201",
        "ADM4_FR": "BOYO",
        "ADM4_PCODE": "C1581",
        "centerLat": 9.9546,
        "centerLng": -6.37966,
        "pop": 3791,
        "TeS_MOOV": 1.15,
        "TedS_MOOV": 81.39999999999999,
        "TR3_MOOV": 0.0,
        "TeRd_MOOV": 95.35,
        "TS_MOOV": 100.0,
        "TeS_MTN": 0.0,
        "TedS_MTN": 100.0,
        "TR3_MTN": 0.0,
        "TeRd_MTN": 100.0,
        "TS_MTN": 100.0,
        "TeS_ORANGE": 0.0,
        "TedS_ORANGE": 100.0,
        "TR3_ORANGE": 0.0,
        "TeRd_ORANGE": 100.0,
        "TS_ORANGE": 100.0,
        "rang_TeS_ORANGE": 1,
        "rang_TeS_MTN": 1,
        "rang_TeS_MOOV": 3,
        "rang_TedS_ORANGE": 1,
        "rang_TedS_MTN": 1,
        "rang_TedS_MOOV": 3,
        "rang_TR3_ORANGE": 1,
        "rang_TR3_MTN": 1,
        "rang_TR3_MOOV": 1,
        "rang_TS_ORANGE": 1,
        "rang_TS_MTN": 1,
        "rang_TS_MOOV": 1,
        "rang_TeRd_ORANGE": 1,
        "rang_TeRd_MTN": 1,
        "rang_TeRd_MOOV": 3
      },
      "id": 37
    },
    {
      "type": "Feature",
      "geometry": {
        "coordinates": [
          -4.39208,
          5.31271
        ],
        "type": "Point"
      },
      "properties": {
        "ADM0_FR": "LAGUNES",
        "ADM0_PCODE": "CI08",
        "ADM1_FR": "GRANDS-PONTS",
        "ADM1_PCODE": "CI115",
        "ADM2_FR": "DABOU",
        "ADM2_PCODE": "CI1501",
        "ADM3_FR": "DABOU",
        "ADM3_PCODE": "CI150101",
        "ADM4_FR": "DABOU",
        "ADM4_PCODE": "C1708",
        "centerLat": 5.32271,
        "centerLng": -4.38208,
        "pop": 61942,
        "TeS_MOOV": 0.0,
        "TedS_MOOV": 97.16,
        "TR3_MOOV": 2.37,
        "TeRd_MOOV": 94.31,
        "TS_MOOV": 94.78999999999999,
        "TeS_MTN": 0.0,
        "TedS_MTN": 100.0,
        "TR3_MTN": 0.48,
        "TeRd_MTN": 98.1,
        "TS_MTN": 98.57000000000001,
        "TeS_ORANGE": 0.0,
        "TedS_ORANGE": 99.52,
        "TR3_ORANGE": 0.0,
        "TeRd_ORANGE": 100.0,
        "TS_ORANGE": 100.0,
        "rang_TeS_ORANGE": 1,
        "rang_TeS_MTN": 1,
        "rang_TeS_MOOV": 1,
        "rang_TedS_ORANGE": 2,
        "rang_TedS_MTN": 1,
        "rang_TedS_MOOV": 3,
        "rang_TR3_ORANGE": 1,
        "rang_TR3_MTN": 2,
        "rang_TR3_MOOV": 3,
        "rang_TS_ORANGE": 1,
        "rang_TS_MTN": 2,
        "rang_TS_MOOV": 3,
        "rang_TeRd_ORANGE": 1,
        "rang_TeRd_MTN": 2,
        "rang_TeRd_MOOV": 3
      },
      "id": 38
    },
    {
      "type": "Feature",
      "geometry": {
        "coordinates": [
          -6.4586,
          6.878150000000001
        ],
        "type": "Point"
      },
      "properties": {
        "ADM0_FR": "SASSANDRA-MARAHOUE",
        "ADM0_PCODE": "CI10",
        "ADM1_FR": "HAUT-SASSANDRA",
        "ADM1_PCODE": "CI118",
        "ADM2_FR": "DALOA",
        "ADM2_PCODE": "CI1801",
        "ADM3_FR": "DALOA",
        "ADM3_PCODE": "CI180102",
        "ADM4_FR": "DALOA",
        "ADM4_PCODE": "C1779",
        "centerLat": 6.88815,
        "centerLng": -6.4486,
        "pop": 245360,
        "TeS_MOOV": 0.0,
        "TedS_MOOV": 97.97,
        "TR3_MOOV": 1.13,
        "TeRd_MOOV": 97.07000000000001,
        "TS_MOOV": 97.07000000000001,
        "TeS_MTN": 0.22999999999999998,
        "TedS_MTN": 96.71,
        "TR3_MTN": 0.0,
        "TeRd_MTN": 97.89,
        "TS_MTN": 97.89,
        "TeS_ORANGE": 0.0,
        "TedS_ORANGE": 98.61999999999999,
        "TR3_ORANGE": 0.0,
        "TeRd_ORANGE": 98.61999999999999,
        "TS_ORANGE": 98.85000000000001,
        "rang_TeS_ORANGE": 1,
        "rang_TeS_MTN": 3,
        "rang_TeS_MOOV": 1,
        "rang_TedS_ORANGE": 1,
        "rang_TedS_MTN": 3,
        "rang_TedS_MOOV": 2,
        "rang_TR3_ORANGE": 1,
        "rang_TR3_MTN": 1,
        "rang_TR3_MOOV": 3,
        "rang_TS_ORANGE": 1,
        "rang_TS_MTN": 2,
        "rang_TS_MOOV": 3,
        "rang_TeRd_ORANGE": 1,
        "rang_TeRd_MTN": 2,
        "rang_TeRd_MOOV": 3
      },
      "id": 39
    },
    {
      "type": "Feature",
      "geometry": {
        "coordinates": [
          -5.84692,
          5.10275
        ],
        "type": "Point"
      },
      "properties": {
        "ADM0_FR": "BAS-SASSANDRA",
        "ADM0_PCODE": "CI01",
        "ADM1_FR": "GBOKLE",
        "ADM1_PCODE": "CI112",
        "ADM2_FR": "FRESCO",
        "ADM2_PCODE": "CI1201",
        "ADM3_FR": "FRESCO",
        "ADM3_PCODE": "CI120102",
        "ADM4_FR": "DASSIOKO",
        "ADM4_PCODE": "C1838",
        "centerLat": 5.11275,
        "centerLng": -5.83692,
        "pop": 4653,
        "TeS_MOOV": 0.0,
        "TedS_MOOV": 99.05000000000001,
        "TR3_MOOV": 0.0,
        "TeRd_MOOV": 98.1,
        "TS_MOOV": 98.1,
        "TeS_MTN": 0.0,
        "TedS_MTN": 96.19,
        "TR3_MTN": 0.0,
        "TeRd_MTN": 99.05000000000001,
        "TS_MTN": 99.05000000000001,
        "TeS_ORANGE": 0.0,
        "TedS_ORANGE": 97.14,
        "TR3_ORANGE": 0.0,
        "TeRd_ORANGE": 97.14,
        "TS_ORANGE": 98.1,
        "rang_TeS_ORANGE": 1,
        "rang_TeS_MTN": 1,
        "rang_TeS_MOOV": 1,
        "rang_TedS_ORANGE": 2,
        "rang_TedS_MTN": 3,
        "rang_TedS_MOOV": 1,
        "rang_TR3_ORANGE": 1,
        "rang_TR3_MTN": 1,
        "rang_TR3_MOOV": 1,
        "rang_TS_ORANGE": 2,
        "rang_TS_MTN": 1,
        "rang_TS_MOOV": 2,
        "rang_TeRd_ORANGE": 3,
        "rang_TeRd_MTN": 1,
        "rang_TeRd_MOOV": 2
      },
      "id": 40
    },
    {
      "type": "Feature",
      "geometry": {
        "coordinates": [
          -6.2642999999999995,
          8.93791
        ],
        "type": "Point"
      },
      "properties": {
        "ADM0_FR": "WOROBA",
        "ADM0_PCODE": "CI13",
        "ADM1_FR": "BERE",
        "ADM1_PCODE": "CI107",
        "ADM2_FR": "DIANRA",
        "ADM2_PCODE": "CI0701",
        "ADM3_FR": "DIANRA",
        "ADM3_PCODE": "CI070101",
        "ADM4_FR": "DIANRA",
        "ADM4_PCODE": "C1947",
        "centerLat": 8.94791,
        "centerLng": -6.2543,
        "pop": 25880,
        "TeS_MOOV": 0.0,
        "TedS_MOOV": 100.0,
        "TR3_MOOV": 0.0,
        "TeRd_MOOV": 97.03,
        "TS_MOOV": 97.03,
        "TeS_MTN": 0.0,
        "TedS_MTN": 100.0,
        "TR3_MTN": 0.0,
        "TeRd_MTN": 0.0,
        "TS_MTN": 100.0,
        "TeS_ORANGE": 0.0,
        "TedS_ORANGE": 99.00999999999999,
        "TR3_ORANGE": 0.0,
        "TeRd_ORANGE": 100.0,
        "TS_ORANGE": 100.0,
        "rang_TeS_ORANGE": 1,
        "rang_TeS_MTN": 1,
        "rang_TeS_MOOV": 1,
        "rang_TedS_ORANGE": 3,
        "rang_TedS_MTN": 1,
        "rang_TedS_MOOV": 1,
        "rang_TR3_ORANGE": 1,
        "rang_TR3_MTN": 1,
        "rang_TR3_MOOV": 1,
        "rang_TS_ORANGE": 1,
        "rang_TS_MTN": 1,
        "rang_TS_MOOV": 3,
        "rang_TeRd_ORANGE": 1,
        "rang_TeRd_MTN": 3,
        "rang_TeRd_MOOV": 2
      },
      "id": 41
    },
    {
      "type": "Feature",
      "geometry": {
        "coordinates": [
          -6.61905,
          8.17622
        ],
        "type": "Point"
      },
      "properties": {
        "ADM0_FR": "WOROBA",
        "ADM0_PCODE": "CI13",
        "ADM1_FR": "WORODOUGOU",
        "ADM1_PCODE": "CI133",
        "ADM2_FR": "SEGUELA",
        "ADM2_PCODE": "CI3302",
        "ADM3_FR": "BOBI",
        "ADM3_PCODE": "CI330202",
        "ADM4_FR": "DIARABANA",
        "ADM4_PCODE": "C1954",
        "centerLat": 8.18622,
        "centerLng": -6.60905,
        "pop": 8343,
        "TeS_MOOV": 1.02,
        "TedS_MOOV": 94.85,
        "TR3_MOOV": 0.0,
        "TeRd_MOOV": 93.81,
        "TS_MOOV": 95.88,
        "TeS_MTN": 0.0,
        "TedS_MTN": 97.94,
        "TR3_MTN": 0.0,
        "TeRd_MTN": 0.0,
        "TS_MTN": 103.08999999999999,
        "TeS_ORANGE": 0.0,
        "TedS_ORANGE": 98.04,
        "TR3_ORANGE": 0.0,
        "TeRd_ORANGE": 95.1,
        "TS_ORANGE": 96.08,
        "rang_TeS_ORANGE": 1,
        "rang_TeS_MTN": 1,
        "rang_TeS_MOOV": 3,
        "rang_TedS_ORANGE": 1,
        "rang_TedS_MTN": 2,
        "rang_TedS_MOOV": 3,
        "rang_TR3_ORANGE": 1,
        "rang_TR3_MTN": 1,
        "rang_TR3_MOOV": 1,
        "rang_TS_ORANGE": 2,
        "rang_TS_MTN": 1,
        "rang_TS_MOOV": 3,
        "rang_TeRd_ORANGE": 1,
        "rang_TeRd_MTN": 3,
        "rang_TeRd_MOOV": 2
      },
      "id": 42
    },
    {
      "type": "Feature",
      "geometry": {
        "coordinates": [
          -5.32173,
          6.01042
        ],
        "type": "Point"
      },
      "properties": {
        "ADM0_FR": "GOH-DJIBOUA",
        "ADM0_PCODE": "CI06",
        "ADM1_FR": "LOH-DJIBOUA",
        "ADM1_PCODE": "CI122",
        "ADM2_FR": "DIVO",
        "ADM2_PCODE": "CI2201",
        "ADM3_FR": "DIDOKO",
        "ADM3_PCODE": "CI220102",
        "ADM4_FR": "DIDOKO",
        "ADM4_PCODE": "C1988",
        "centerLat": 6.02042,
        "centerLng": -5.31173,
        "pop": 7071,
        "TeS_MOOV": 0.0,
        "TedS_MOOV": 99.05000000000001,
        "TR3_MOOV": 9.520000000000001,
        "TeRd_MOOV": 88.57000000000001,
        "TS_MOOV": 89.52,
        "TeS_MTN": 0.0,
        "TedS_MTN": 100.0,
        "TR3_MTN": 0.0,
        "TeRd_MTN": 90.83,
        "TS_MTN": 90.83,
        "TeS_ORANGE": 0.0,
        "TedS_ORANGE": 100.0,
        "TR3_ORANGE": 0.0,
        "TeRd_ORANGE": 100.0,
        "TS_ORANGE": 100.0,
        "rang_TeS_ORANGE": 1,
        "rang_TeS_MTN": 1,
        "rang_TeS_MOOV": 1,
        "rang_TedS_ORANGE": 1,
        "rang_TedS_MTN": 1,
        "rang_TedS_MOOV": 3,
        "rang_TR3_ORANGE": 1,
        "rang_TR3_MTN": 1,
        "rang_TR3_MOOV": 3,
        "rang_TS_ORANGE": 1,
        "rang_TS_MTN": 2,
        "rang_TS_MOOV": 3,
        "rang_TeRd_ORANGE": 1,
        "rang_TeRd_MTN": 2,
        "rang_TeRd_MOOV": 3
      },
      "id": 43
    },
    {
      "type": "Feature",
      "geometry": {
        "coordinates": [
          -4.7146099999999995,
          6.635400000000001
        ],
        "type": "Point"
      },
      "properties": {
        "ADM0_FR": "LACS",
        "ADM0_PCODE": "CI07",
        "ADM1_FR": "N'ZI",
        "ADM1_PCODE": "CI127",
        "ADM2_FR": "DIMBOKRO",
        "ADM2_PCODE": "CI2702",
        "ADM3_FR": "DIMBOKRO",
        "ADM3_PCODE": "CI270203",
        "ADM4_FR": "DIMBOKRO",
        "ADM4_PCODE": "C2073",
        "centerLat": 6.6454,
        "centerLng": -4.70461,
        "pop": 48860,
        "TeS_MOOV": 0.0,
        "TedS_MOOV": 99.11,
        "TR3_MOOV": 0.0,
        "TeRd_MOOV": 97.77,
        "TS_MOOV": 99.11,
        "TeS_MTN": 0.45999999999999996,
        "TedS_MTN": 99.53999999999999,
        "TR3_MTN": 0.0,
        "TeRd_MTN": 9.22,
        "TS_MTN": 100.46,
        "TeS_ORANGE": 0.0,
        "TedS_ORANGE": 99.55000000000001,
        "TR3_ORANGE": 0.0,
        "TeRd_ORANGE": 99.55000000000001,
        "TS_ORANGE": 99.55000000000001,
        "rang_TeS_ORANGE": 1,
        "rang_TeS_MTN": 3,
        "rang_TeS_MOOV": 1,
        "rang_TedS_ORANGE": 1,
        "rang_TedS_MTN": 2,
        "rang_TedS_MOOV": 3,
        "rang_TR3_ORANGE": 1,
        "rang_TR3_MTN": 1,
        "rang_TR3_MOOV": 1,
        "rang_TS_ORANGE": 2,
        "rang_TS_MTN": 1,
        "rang_TS_MOOV": 3,
        "rang_TeRd_ORANGE": 1,
        "rang_TeRd_MTN": 3,
        "rang_TeRd_MOOV": 2
      },
      "id": 44
    },
    {
      "type": "Feature",
      "geometry": {
        "coordinates": [
          -7.35262,
          6.73496
        ],
        "type": "Point"
      },
      "properties": {
        "ADM0_FR": "MONTAGNES",
        "ADM0_PCODE": "CI09",
        "ADM1_FR": "GUEMON",
        "ADM1_PCODE": "CI116",
        "ADM2_FR": "DUEKOUE",
        "ADM2_PCODE": "CI1602",
        "ADM3_FR": "DUEKOUE",
        "ADM3_PCODE": "CI160202",
        "ADM4_FR": "DUEKOUE",
        "ADM4_PCODE": "C2425",
        "centerLat": 6.74496,
        "centerLng": -7.34262,
        "pop": 90274,
        "TeS_MOOV": 0.0,
        "TedS_MOOV": 85.6,
        "TR3_MOOV": 0.0,
        "TeRd_MOOV": 88.8,
        "TS_MOOV": 93.2,
        "TeS_MTN": 0.0,
        "TedS_MTN": 98.42999999999999,
        "TR3_MTN": 0.0,
        "TeRd_MTN": 98.42999999999999,
        "TS_MTN": 98.82,
        "TeS_ORANGE": 0.0,
        "TedS_ORANGE": 97.19,
        "TR3_ORANGE": 0.0,
        "TeRd_ORANGE": 97.59,
        "TS_ORANGE": 97.59,
        "rang_TeS_ORANGE": 1,
        "rang_TeS_MTN": 1,
        "rang_TeS_MOOV": 1,
        "rang_TedS_ORANGE": 2,
        "rang_TedS_MTN": 1,
        "rang_TedS_MOOV": 3,
        "rang_TR3_ORANGE": 1,
        "rang_TR3_MTN": 1,
        "rang_TR3_MOOV": 1,
        "rang_TS_ORANGE": 2,
        "rang_TS_MTN": 1,
        "rang_TS_MOOV": 3,
        "rang_TeRd_ORANGE": 2,
        "rang_TeRd_MTN": 1,
        "rang_TeRd_MOOV": 3
      },
      "id": 45
    },
    {
      "type": "Feature",
      "geometry": {
        "coordinates": [
          -5.2076199999999995,
          9.58226
        ],
        "type": "Point"
      },
      "properties": {
        "ADM0_FR": "SAVANES",
        "ADM0_PCODE": "CI11",
        "ADM1_FR": "TCHOLOGO",
        "ADM1_PCODE": "CI131",
        "ADM2_FR": "FERKESSEDOUGOU",
        "ADM2_PCODE": "CI3101",
        "ADM3_FR": "FERKESSEDOUGOU",
        "ADM3_PCODE": "CI310101",
        "ADM4_FR": "FERKESSÉDOUGOU",
        "ADM4_PCODE": "C2603",
        "centerLat": 9.59226,
        "centerLng": -5.19762,
        "pop": 55910,
        "TeS_MOOV": 0.0,
        "TedS_MOOV": 99.21,
        "TR3_MOOV": 0.0,
        "TeRd_MOOV": 98.41,
        "TS_MOOV": 98.41,
        "TeS_MTN": 0.0,
        "TedS_MTN": 99.21,
        "TR3_MTN": 0.0,
        "TeRd_MTN": 100.0,
        "TS_MTN": 100.0,
        "TeS_ORANGE": 0.0,
        "TedS_ORANGE": 99.61,
        "TR3_ORANGE": 0.0,
        "TeRd_ORANGE": 100.0,
        "TS_ORANGE": 100.0,
        "rang_TeS_ORANGE": 1,
        "rang_TeS_MTN": 1,
        "rang_TeS_MOOV": 1,
        "rang_TedS_ORANGE": 1,
        "rang_TedS_MTN": 2,
        "rang_TedS_MOOV": 2,
        "rang_TR3_ORANGE": 1,
        "rang_TR3_MTN": 1,
        "rang_TR3_MOOV": 1,
        "rang_TS_ORANGE": 1,
        "rang_TS_MTN": 1,
        "rang_TS_MOOV": 3,
        "rang_TeRd_ORANGE": 1,
        "rang_TeRd_MTN": 1,
        "rang_TeRd_MOOV": 3
      },
      "id": 46
    },
    {
      "type": "Feature",
      "geometry": {
        "coordinates": [
          -5.596509999999999,
          5.0955900000000005
        ],
        "type": "Point"
      },
      "properties": {
        "ADM0_FR": "BAS-SASSANDRA",
        "ADM0_PCODE": "CI01",
        "ADM1_FR": "GBOKLE",
        "ADM1_PCODE": "CI112",
        "ADM2_FR": "FRESCO",
        "ADM2_PCODE": "CI1201",
        "ADM3_FR": "FRESCO",
        "ADM3_PCODE": "CI120102",
        "ADM4_FR": "FRESCO",
        "ADM4_PCODE": "C2691",
        "centerLat": 5.10559,
        "centerLng": -5.58651,
        "pop": 8533,
        "TeS_MOOV": 0.0,
        "TedS_MOOV": 99.52,
        "TR3_MOOV": 0.0,
        "TeRd_MOOV": 99.03999999999999,
        "TS_MOOV": 99.52,
        "TeS_MTN": 0.0,
        "TedS_MTN": 100.0,
        "TR3_MTN": 0.0,
        "TeRd_MTN": 98.98,
        "TS_MTN": 98.98,
        "TeS_ORANGE": 0.0,
        "TedS_ORANGE": 99.03999999999999,
        "TR3_ORANGE": 3.37,
        "TeRd_ORANGE": 96.63000000000001,
        "TS_ORANGE": 97.6,
        "rang_TeS_ORANGE": 1,
        "rang_TeS_MTN": 1,
        "rang_TeS_MOOV": 1,
        "rang_TedS_ORANGE": 3,
        "rang_TedS_MTN": 1,
        "rang_TedS_MOOV": 2,
        "rang_TR3_ORANGE": 3,
        "rang_TR3_MTN": 1,
        "rang_TR3_MOOV": 1,
        "rang_TS_ORANGE": 3,
        "rang_TS_MTN": 2,
        "rang_TS_MOOV": 1,
        "rang_TeRd_ORANGE": 3,
        "rang_TeRd_MTN": 2,
        "rang_TeRd_MOOV": 1
      },
      "id": 47
    },
    {
      "type": "Feature",
      "geometry": {
        "coordinates": [
          -5.954359999999999,
          6.11836
        ],
        "type": "Point"
      },
      "properties": {
        "ADM0_FR": "GOH-DJIBOUA",
        "ADM0_PCODE": "CI06",
        "ADM1_FR": "GOH",
        "ADM1_PCODE": "CI113",
        "ADM2_FR": "GAGNOA",
        "ADM2_PCODE": "CI1301",
        "ADM3_FR": "GAGNOA",
        "ADM3_PCODE": "CI130106",
        "ADM4_FR": "GAGNOA",
        "ADM4_PCODE": "C2707",
        "centerLat": 6.12836,
        "centerLng": -5.94436,
        "pop": 160465,
        "TeS_MOOV": 0.38999999999999996,
        "TedS_MOOV": 95.67,
        "TR3_MOOV": 1.97,
        "TeRd_MOOV": 94.88,
        "TS_MOOV": 97.24000000000001,
        "TeS_MTN": 0.0,
        "TedS_MTN": 99.05000000000001,
        "TR3_MTN": 0.0,
        "TeRd_MTN": 99.05000000000001,
        "TS_MTN": 99.05000000000001,
        "TeS_ORANGE": 0.0,
        "TedS_ORANGE": 96.67,
        "TR3_ORANGE": 0.0,
        "TeRd_ORANGE": 97.14,
        "TS_ORANGE": 97.14,
        "rang_TeS_ORANGE": 1,
        "rang_TeS_MTN": 1,
        "rang_TeS_MOOV": 3,
        "rang_TedS_ORANGE": 2,
        "rang_TedS_MTN": 1,
        "rang_TedS_MOOV": 3,
        "rang_TR3_ORANGE": 1,
        "rang_TR3_MTN": 1,
        "rang_TR3_MOOV": 3,
        "rang_TS_ORANGE": 3,
        "rang_TS_MTN": 1,
        "rang_TS_MOOV": 2,
        "rang_TeRd_ORANGE": 2,
        "rang_TeRd_MTN": 1,
        "rang_TeRd_MOOV": 3
      },
      "id": 48
    },
    {
      "type": "Feature",
      "geometry": {
        "coordinates": [
          -8.34,
          7.5600000000000005
        ],
        "type": "Point"
      },
      "properties": {
        "ADM0_FR": "MONTAGNES",
        "ADM0_PCODE": "CI09",
        "ADM1_FR": "TONKPI",
        "ADM1_PCODE": "CI132",
        "ADM2_FR": "DANANE",
        "ADM2_PCODE": "CI3202",
        "ADM3_FR": "KOUAN-HOULE",
        "ADM3_PCODE": "CI320204",
        "ADM4_FR": "GBAPLEU",
        "ADM4_PCODE": "C2878",
        "centerLat": 7.57,
        "centerLng": -8.33,
        "pop": 2358,
        "TeS_MOOV": 0.0,
        "TedS_MOOV": 99.35000000000001,
        "TR3_MOOV": 0.0,
        "TeRd_MOOV": 98.7,
        "TS_MOOV": 98.7,
        "TeS_MTN": 0.0,
        "TedS_MTN": 100.0,
        "TR3_MTN": 0.0,
        "TeRd_MTN": 100.0,
        "TS_MTN": 100.0,
        "TeS_ORANGE": 0.0,
        "TedS_ORANGE": 98.68,
        "TR3_ORANGE": 0.0,
        "TeRd_ORANGE": 99.33999999999999,
        "TS_ORANGE": 99.33999999999999,
        "rang_TeS_ORANGE": 1,
        "rang_TeS_MTN": 1,
        "rang_TeS_MOOV": 1,
        "rang_TedS_ORANGE": 3,
        "rang_TedS_MTN": 1,
        "rang_TedS_MOOV": 2,
        "rang_TR3_ORANGE": 1,
        "rang_TR3_MTN": 1,
        "rang_TR3_MOOV": 1,
        "rang_TS_ORANGE": 2,
        "rang_TS_MTN": 1,
        "rang_TS_MOOV": 3,
        "rang_TeRd_ORANGE": 2,
        "rang_TeRd_MTN": 1,
        "rang_TeRd_MOOV": 3
      },
      "id": 49
    },
    {
      "type": "Feature",
      "geometry": {
        "coordinates": [
          -5.71737,
          6.46414
        ],
        "type": "Point"
      },
      "properties": {
        "ADM0_FR": "GOH-DJIBOUA",
        "ADM0_PCODE": "CI06",
        "ADM1_FR": "GOH",
        "ADM1_PCODE": "CI113",
        "ADM2_FR": "OUME",
        "ADM2_PCODE": "CI1302",
        "ADM3_FR": "GUEPAHOUO",
        "ADM3_PCODE": "CI130203",
        "ADM4_FR": "GUÉPAHOUO",
        "ADM4_PCODE": "C3445",
        "centerLat": 6.47414,
        "centerLng": -5.70737,
        "pop": 20143,
        "TeS_MOOV": 0.0,
        "TedS_MOOV": 99.38,
        "TR3_MOOV": 0.0,
        "TeRd_MOOV": 97.5,
        "TS_MOOV": 97.5,
        "TeS_MTN": 0.0,
        "TedS_MTN": 73.61,
        "TR3_MTN": 21.529999999999998,
        "TeRd_MTN": 70.14,
        "TS_MTN": 78.47,
        "TeS_ORANGE": 0.0,
        "TedS_ORANGE": 96.88,
        "TR3_ORANGE": 0.0,
        "TeRd_ORANGE": 95.0,
        "TS_ORANGE": 96.88,
        "rang_TeS_ORANGE": 1,
        "rang_TeS_MTN": 1,
        "rang_TeS_MOOV": 1,
        "rang_TedS_ORANGE": 2,
        "rang_TedS_MTN": 3,
        "rang_TedS_MOOV": 1,
        "rang_TR3_ORANGE": 1,
        "rang_TR3_MTN": 3,
        "rang_TR3_MOOV": 1,
        "rang_TS_ORANGE": 2,
        "rang_TS_MTN": 3,
        "rang_TS_MOOV": 1,
        "rang_TeRd_ORANGE": 2,
        "rang_TeRd_MTN": 3,
        "rang_TeRd_MOOV": 1
      },
      "id": 50
    },
    {
      "type": "Feature",
      "geometry": {
        "coordinates": [
          -7.49625,
          6.53472
        ],
        "type": "Point"
      },
      "properties": {
        "ADM0_FR": "MONTAGNES",
        "ADM0_PCODE": "CI09",
        "ADM1_FR": "CAVALLY",
        "ADM1_PCODE": "CI109",
        "ADM2_FR": "GUIGLO",
        "ADM2_PCODE": "CI0902",
        "ADM3_FR": "GUIGLO",
        "ADM3_PCODE": "CI090201",
        "ADM4_FR": "GUIGLO",
        "ADM4_PCODE": "C3495",
        "centerLat": 6.54472,
        "centerLng": -7.48625,
        "pop": 52544,
        "TeS_MOOV": 1.67,
        "TedS_MOOV": 76.61,
        "TR3_MOOV": 0.0,
        "TeRd_MOOV": 89.83,
        "TS_MOOV": 98.31,
        "TeS_MTN": 0.0,
        "TedS_MTN": 97.28,
        "TR3_MTN": 0.0,
        "TeRd_MTN": 98.64,
        "TS_MTN": 98.64,
        "TeS_ORANGE": 0.0,
        "TedS_ORANGE": 98.68,
        "TR3_ORANGE": 0.0,
        "TeRd_ORANGE": 80.92,
        "TS_ORANGE": 80.92,
        "rang_TeS_ORANGE": 1,
        "rang_TeS_MTN": 1,
        "rang_TeS_MOOV": 3,
        "rang_TedS_ORANGE": 1,
        "rang_TedS_MTN": 2,
        "rang_TedS_MOOV": 3,
        "rang_TR3_ORANGE": 1,
        "rang_TR3_MTN": 1,
        "rang_TR3_MOOV": 1,
        "rang_TS_ORANGE": 3,
        "rang_TS_MTN": 1,
        "rang_TS_MOOV": 2,
        "rang_TeRd_ORANGE": 3,
        "rang_TeRd_MTN": 1,
        "rang_TeRd_MOOV": 2
      },
      "id": 51
    },
    {
      "type": "Feature",
      "geometry": {
        "coordinates": [
          -4.42967,
          5.19547
        ],
        "type": "Point"
      },
      "properties": {
        "ADM0_FR": "LAGUNES",
        "ADM0_PCODE": "CI08",
        "ADM1_FR": "GRANDS-PONTS",
        "ADM1_PCODE": "CI115",
        "ADM2_FR": "JACQUEVILLE",
        "ADM2_PCODE": "CI1503",
        "ADM3_FR": "JACQUEVILLE",
        "ADM3_PCODE": "CI150301",
        "ADM4_FR": "JACQUEVILLE",
        "ADM4_PCODE": "C3604",
        "centerLat": 5.20547,
        "centerLng": -4.41967,
        "pop": 11096,
        "TeS_MOOV": 1.82,
        "TedS_MOOV": 99.38,
        "TR3_MOOV": 1.8499999999999999,
        "TeRd_MOOV": 98.15,
        "TS_MOOV": 98.15,
        "TeS_MTN": 0.0,
        "TedS_MTN": 98.13,
        "TR3_MTN": 0.0,
        "TeRd_MTN": 98.75,
        "TS_MTN": 98.75,
        "TeS_ORANGE": 0.0,
        "TedS_ORANGE": 96.88,
        "TR3_ORANGE": 0.0,
        "TeRd_ORANGE": 96.88,
        "TS_ORANGE": 98.75,
        "rang_TeS_ORANGE": 1,
        "rang_TeS_MTN": 1,
        "rang_TeS_MOOV": 3,
        "rang_TedS_ORANGE": 3,
        "rang_TedS_MTN": 2,
        "rang_TedS_MOOV": 1,
        "rang_TR3_ORANGE": 1,
        "rang_TR3_MTN": 1,
        "rang_TR3_MOOV": 3,
        "rang_TS_ORANGE": 1,
        "rang_TS_MTN": 1,
        "rang_TS_MOOV": 3,
        "rang_TeRd_ORANGE": 3,
        "rang_TeRd_MTN": 1,
        "rang_TeRd_MOOV": 2
      },
      "id": 52
    },
    {
      "type": "Feature",
      "geometry": {
        "coordinates": [
          -7.72485,
          6.559270000000001
        ],
        "type": "Point"
      },
      "properties": {
        "ADM0_FR": "MONTAGNES",
        "ADM0_PCODE": "CI09",
        "ADM1_FR": "CAVALLY",
        "ADM1_PCODE": "CI109",
        "ADM2_FR": "GUIGLO",
        "ADM2_PCODE": "CI0902",
        "ADM3_FR": "KAADE",
        "ADM3_PCODE": "CI090203",
        "ADM4_FR": "KAADE",
        "ADM4_PCODE": "C3609",
        "centerLat": 6.56927,
        "centerLng": -7.71485,
        "pop": 6853,
        "TeS_MOOV": 0.0,
        "TedS_MOOV": 72.82,
        "TR3_MOOV": 0.0,
        "TeRd_MOOV": 91.25999999999999,
        "TS_MOOV": 99.03,
        "TeS_MTN": 0.0,
        "TedS_MTN": 70.87,
        "TR3_MTN": 0.0,
        "TeRd_MTN": 80.58,
        "TS_MTN": 98.06,
        "TeS_ORANGE": 0.0,
        "TedS_ORANGE": 100.0,
        "TR3_ORANGE": 0.0,
        "TeRd_ORANGE": 100.0,
        "TS_ORANGE": 100.0,
        "rang_TeS_ORANGE": 1,
        "rang_TeS_MTN": 1,
        "rang_TeS_MOOV": 1,
        "rang_TedS_ORANGE": 1,
        "rang_TedS_MTN": 3,
        "rang_TedS_MOOV": 2,
        "rang_TR3_ORANGE": 1,
        "rang_TR3_MTN": 1,
        "rang_TR3_MOOV": 1,
        "rang_TS_ORANGE": 1,
        "rang_TS_MTN": 3,
        "rang_TS_MOOV": 2,
        "rang_TeRd_ORANGE": 1,
        "rang_TeRd_MTN": 3,
        "rang_TeRd_MOOV": 2
      },
      "id": 53
    },
    {
      "type": "Feature",
      "geometry": {
        "coordinates": [
          -6.61449,
          8.469520000000001
        ],
        "type": "Point"
      },
      "properties": {
        "ADM0_FR": "WOROBA",
        "ADM0_PCODE": "CI13",
        "ADM1_FR": "WORODOUGOU",
        "ADM1_PCODE": "CI133",
        "ADM2_FR": "KANI",
        "ADM2_PCODE": "CI3301",
        "ADM3_FR": "KANI",
        "ADM3_PCODE": "CI330101",
        "ADM4_FR": "KANI",
        "ADM4_PCODE": "C3786",
        "centerLat": 8.47952,
        "centerLng": -6.60449,
        "pop": 8908,
        "TeS_MOOV": 0.0,
        "TedS_MOOV": 96.04,
        "TR3_MOOV": 75.25,
        "TeRd_MOOV": 23.76,
        "TS_MOOV": 24.75,
        "TeS_MTN": 0.0,
        "TedS_MTN": 99.00999999999999,
        "TR3_MTN": 75.25,
        "TeRd_MTN": 0.0,
        "TS_MTN": 24.75,
        "TeS_ORANGE": 0.0,
        "TedS_ORANGE": 100.0,
        "TR3_ORANGE": 1.9800000000000002,
        "TeRd_ORANGE": 98.02,
        "TS_ORANGE": 100.0,
        "rang_TeS_ORANGE": 1,
        "rang_TeS_MTN": 1,
        "rang_TeS_MOOV": 1,
        "rang_TedS_ORANGE": 1,
        "rang_TedS_MTN": 2,
        "rang_TedS_MOOV": 3,
        "rang_TR3_ORANGE": 1,
        "rang_TR3_MTN": 2,
        "rang_TR3_MOOV": 2,
        "rang_TS_ORANGE": 1,
        "rang_TS_MTN": 2,
        "rang_TS_MOOV": 2,
        "rang_TeRd_ORANGE": 1,
        "rang_TeRd_MTN": 3,
        "rang_TeRd_MOOV": 2
      },
      "id": 54
    },
    {
      "type": "Feature",
      "geometry": {
        "coordinates": [
          -7.52257,
          9.80604
        ],
        "type": "Point"
      },
      "properties": {
        "ADM0_FR": "DENGUELE",
        "ADM0_PCODE": "CI03",
        "ADM1_FR": "FOLON",
        "ADM1_PCODE": "CI110",
        "ADM2_FR": "KANIASSO",
        "ADM2_PCODE": "CI1001",
        "ADM3_FR": "KANIASSO",
        "ADM3_PCODE": "CI100102",
        "ADM4_FR": "KANIASSO",
        "ADM4_PCODE": "C3788",
        "centerLat": 9.81604,
        "centerLng": -7.51257,
        "pop": 2545,
        "TeS_MOOV": 5.1499999999999995,
        "TedS_MOOV": 66.3,
        "TR3_MOOV": 0.0,
        "TeRd_MOOV": 79.35,
        "TS_MOOV": 100.0,
        "TeS_MTN": 0.0,
        "TedS_MTN": 100.0,
        "TR3_MTN": 0.0,
        "TeRd_MTN": 95.15,
        "TS_MTN": 100.0,
        "TeS_ORANGE": 0.0,
        "TedS_ORANGE": 100.0,
        "TR3_ORANGE": 0.0,
        "TeRd_ORANGE": 100.0,
        "TS_ORANGE": 100.0,
        "rang_TeS_ORANGE": 1,
        "rang_TeS_MTN": 1,
        "rang_TeS_MOOV": 3,
        "rang_TedS_ORANGE": 1,
        "rang_TedS_MTN": 1,
        "rang_TedS_MOOV": 3,
        "rang_TR3_ORANGE": 1,
        "rang_TR3_MTN": 1,
        "rang_TR3_MOOV": 1,
        "rang_TS_ORANGE": 1,
        "rang_TS_MTN": 1,
        "rang_TS_MOOV": 1,
        "rang_TeRd_ORANGE": 1,
        "rang_TeRd_MTN": 2,
        "rang_TeRd_MOOV": 3
      },
      "id": 55
    },
    {
      "type": "Feature",
      "geometry": {
        "coordinates": [
          -6.22759,
          9.8183
        ],
        "type": "Point"
      },
      "properties": {
        "ADM0_FR": "SAVANES",
        "ADM0_PCODE": "CI11",
        "ADM1_FR": "BAGOUE",
        "ADM1_PCODE": "CI105",
        "ADM2_FR": "BOUNDIALI",
        "ADM2_PCODE": "CI0501",
        "ADM3_FR": "KASSERE",
        "ADM3_PCODE": "CI050104",
        "ADM4_FR": "KASSERE",
        "ADM4_PCODE": "C3865",
        "centerLat": 9.8283,
        "centerLng": -6.21759,
        "pop": 7911,
        "TeS_MOOV": 0.0,
        "TedS_MOOV": 97.52,
        "TR3_MOOV": 0.83,
        "TeRd_MOOV": 99.17,
        "TS_MOOV": 99.17,
        "TeS_MTN": 0.0,
        "TedS_MTN": 99.17,
        "TR3_MTN": 0.0,
        "TeRd_MTN": 100.0,
        "TS_MTN": 100.0,
        "TeS_ORANGE": 0.0,
        "TedS_ORANGE": 100.0,
        "TR3_ORANGE": 0.0,
        "TeRd_ORANGE": 100.0,
        "TS_ORANGE": 100.0,
        "rang_TeS_ORANGE": 1,
        "rang_TeS_MTN": 1,
        "rang_TeS_MOOV": 1,
        "rang_TedS_ORANGE": 1,
        "rang_TedS_MTN": 2,
        "rang_TedS_MOOV": 3,
        "rang_TR3_ORANGE": 1,
        "rang_TR3_MTN": 1,
        "rang_TR3_MOOV": 3,
        "rang_TS_ORANGE": 1,
        "rang_TS_MTN": 1,
        "rang_TS_MOOV": 3,
        "rang_TeRd_ORANGE": 1,
        "rang_TeRd_MTN": 1,
        "rang_TeRd_MOOV": 3
      },
      "id": 56
    },
    {
      "type": "Feature",
      "geometry": {
        "coordinates": [
          -5.11206,
          8.12861
        ],
        "type": "Point"
      },
      "properties": {
        "ADM0_FR": "VALLEE DU BANDAMA",
        "ADM0_PCODE": "CI12",
        "ADM1_FR": "HAMBOL",
        "ADM1_PCODE": "CI117",
        "ADM2_FR": "KATIOLA",
        "ADM2_PCODE": "CI1702",
        "ADM3_FR": "KATIOLA",
        "ADM3_PCODE": "CI170201",
        "ADM4_FR": "KATIOLA",
        "ADM4_PCODE": "C3915",
        "centerLat": 8.13861,
        "centerLng": -5.10206,
        "pop": 40319,
        "TeS_MOOV": 0.0,
        "TedS_MOOV": 99.0,
        "TR3_MOOV": 0.0,
        "TeRd_MOOV": 99.5,
        "TS_MOOV": 100.0,
        "TeS_MTN": 0.0,
        "TedS_MTN": 100.0,
        "TR3_MTN": 0.0,
        "TeRd_MTN": 98.50999999999999,
        "TS_MTN": 98.50999999999999,
        "TeS_ORANGE": 1.46,
        "TedS_ORANGE": 99.51,
        "TR3_ORANGE": 0.9900000000000001,
        "TeRd_ORANGE": 98.52,
        "TS_ORANGE": 99.00999999999999,
        "rang_TeS_ORANGE": 3,
        "rang_TeS_MTN": 1,
        "rang_TeS_MOOV": 1,
        "rang_TedS_ORANGE": 2,
        "rang_TedS_MTN": 1,
        "rang_TedS_MOOV": 3,
        "rang_TR3_ORANGE": 3,
        "rang_TR3_MTN": 1,
        "rang_TR3_MOOV": 1,
        "rang_TS_ORANGE": 2,
        "rang_TS_MTN": 3,
        "rang_TS_MOOV": 1,
        "rang_TeRd_ORANGE": 2,
        "rang_TeRd_MTN": 3,
        "rang_TeRd_MOOV": 1
      },
      "id": 57
    },
    {
      "type": "Feature",
      "geometry": {
        "coordinates": [
          -4.62251,
          9.14113
        ],
        "type": "Point"
      },
      "properties": {
        "ADM0_FR": "SAVANES",
        "ADM0_PCODE": "CI11",
        "ADM1_FR": "TCHOLOGO",
        "ADM1_PCODE": "CI131",
        "ADM2_FR": "KONG",
        "ADM2_PCODE": "CI3102",
        "ADM3_FR": "KONG",
        "ADM3_PCODE": "CI310201",
        "ADM4_FR": "KONG",
        "ADM4_PCODE": "C4324",
        "centerLat": 9.15113,
        "centerLng": -4.61251,
        "pop": 11774,
        "TeS_MOOV": 0.0,
        "TedS_MOOV": 100.0,
        "TR3_MOOV": 0.0,
        "TeRd_MOOV": 98.00999999999999,
        "TS_MOOV": 98.68,
        "TeS_MTN": 0.0,
        "TedS_MTN": 97.35000000000001,
        "TR3_MTN": 0.0,
        "TeRd_MTN": 98.68,
        "TS_MTN": 98.68,
        "TeS_ORANGE": 0.0,
        "TedS_ORANGE": 100.0,
        "TR3_ORANGE": 0.0,
        "TeRd_ORANGE": 100.0,
        "TS_ORANGE": 100.0,
        "rang_TeS_ORANGE": 1,
        "rang_TeS_MTN": 1,
        "rang_TeS_MOOV": 1,
        "rang_TedS_ORANGE": 1,
        "rang_TedS_MTN": 3,
        "rang_TedS_MOOV": 1,
        "rang_TR3_ORANGE": 1,
        "rang_TR3_MTN": 1,
        "rang_TR3_MOOV": 1,
        "rang_TS_ORANGE": 1,
        "rang_TS_MTN": 2,
        "rang_TS_MOOV": 2,
        "rang_TeRd_ORANGE": 1,
        "rang_TeRd_MTN": 2,
        "rang_TeRd_MOOV": 3
      },
      "id": 58
    },
    {
      "type": "Feature",
      "geometry": {
        "coordinates": [
          -7.47,
          8.540000000000001
        ],
        "type": "Point"
      },
      "properties": {
        "ADM0_FR": "ZANZAN",
        "ADM0_PCODE": "CI14",
        "ADM1_FR": "BOUNKANI",
        "ADM1_PCODE": "CI108",
        "ADM2_FR": "DOROPO",
        "ADM2_PCODE": "CI0802",
        "ADM3_FR": "NIAMOUE",
        "ADM3_PCODE": "CI080204",
        "ADM4_FR": "KORO",
        "ADM4_PCODE": "C4420",
        "centerLat": 8.55,
        "centerLng": -7.46,
        "pop": 257,
        "TeS_MOOV": 0.0,
        "TedS_MOOV": 100.0,
        "TR3_MOOV": 0.0,
        "TeRd_MOOV": 94.06,
        "TS_MOOV": 94.06,
        "TeS_MTN": 0.0,
        "TedS_MTN": 100.0,
        "TR3_MTN": 0.0,
        "TeRd_MTN": 0.0,
        "TS_MTN": 99.00999999999999,
        "TeS_ORANGE": 0.0,
        "TedS_ORANGE": 100.0,
        "TR3_ORANGE": 0.0,
        "TeRd_ORANGE": 98.02,
        "TS_ORANGE": 98.02,
        "rang_TeS_ORANGE": 1,
        "rang_TeS_MTN": 1,
        "rang_TeS_MOOV": 1,
        "rang_TedS_ORANGE": 1,
        "rang_TedS_MTN": 1,
        "rang_TedS_MOOV": 1,
        "rang_TR3_ORANGE": 1,
        "rang_TR3_MTN": 1,
        "rang_TR3_MOOV": 1,
        "rang_TS_ORANGE": 2,
        "rang_TS_MTN": 1,
        "rang_TS_MOOV": 3,
        "rang_TeRd_ORANGE": 1,
        "rang_TeRd_MTN": 3,
        "rang_TeRd_MOOV": 2
      },
      "id": 59
    },
    {
      "type": "Feature",
      "geometry": {
        "coordinates": [
          -3.26314,
          7.47698
        ],
        "type": "Point"
      },
      "properties": {
        "ADM0_FR": "ZANZAN",
        "ADM0_PCODE": "CI14",
        "ADM1_FR": "GONTOUGO",
        "ADM1_PCODE": "CI114",
        "ADM2_FR": "KOUN-FAO",
        "ADM2_PCODE": "CI1402",
        "ADM3_FR": "KOUN-FAO",
        "ADM3_PCODE": "CI140201",
        "ADM4_FR": "KOUN-FAO",
        "ADM4_PCODE": "C4714",
        "centerLat": 7.48698,
        "centerLng": -3.25314,
        "pop": 5488,
        "TeS_MOOV": 0.0,
        "TedS_MOOV": 99.00999999999999,
        "TR3_MOOV": 0.0,
        "TeRd_MOOV": 95.05,
        "TS_MOOV": 95.05,
        "TeS_MTN": 0.0,
        "TedS_MTN": 99.00999999999999,
        "TR3_MTN": 0.0,
        "TeRd_MTN": 100.0,
        "TS_MTN": 100.0,
        "TeS_ORANGE": 0.0,
        "TedS_ORANGE": 100.0,
        "TR3_ORANGE": 0.0,
        "TeRd_ORANGE": 99.00999999999999,
        "TS_ORANGE": 100.0,
        "rang_TeS_ORANGE": 1,
        "rang_TeS_MTN": 1,
        "rang_TeS_MOOV": 1,
        "rang_TedS_ORANGE": 1,
        "rang_TedS_MTN": 2,
        "rang_TedS_MOOV": 2,
        "rang_TR3_ORANGE": 1,
        "rang_TR3_MTN": 1,
        "rang_TR3_MOOV": 1,
        "rang_TS_ORANGE": 1,
        "rang_TS_MTN": 1,
        "rang_TS_MOOV": 3,
        "rang_TeRd_ORANGE": 2,
        "rang_TeRd_MTN": 1,
        "rang_TeRd_MOOV": 3
      },
      "id": 60
    },
    {
      "type": "Feature",
      "geometry": {
        "coordinates": [
          -6.42316,
          9.88214
        ],
        "type": "Point"
      },
      "properties": {
        "ADM0_FR": "SAVANES",
        "ADM0_PCODE": "CI11",
        "ADM1_FR": "BAGOUE",
        "ADM1_PCODE": "CI105",
        "ADM2_FR": "KOUTO",
        "ADM2_PCODE": "CI0502",
        "ADM3_FR": "KOUTO",
        "ADM3_PCODE": "CI050201",
        "ADM4_FR": "KOUTO",
        "ADM4_PCODE": "C4751",
        "centerLat": 9.89214,
        "centerLng": -6.41316,
        "pop": 10989,
        "TeS_MOOV": 0.0,
        "TedS_MOOV": 100.0,
        "TR3_MOOV": 13.61,
        "TeRd_MOOV": 85.03,
        "TS_MOOV": 100.0,
        "TeS_MTN": 0.0,
        "TedS_MTN": 99.32,
        "TR3_MTN": 0.0,
        "TeRd_MTN": 99.32,
        "TS_MTN": 99.32,
        "TeS_ORANGE": 0.0,
        "TedS_ORANGE": 99.31,
        "TR3_ORANGE": 0.0,
        "TeRd_ORANGE": 99.31,
        "TS_ORANGE": 99.31,
        "rang_TeS_ORANGE": 1,
        "rang_TeS_MTN": 1,
        "rang_TeS_MOOV": 1,
        "rang_TedS_ORANGE": 3,
        "rang_TedS_MTN": 2,
        "rang_TedS_MOOV": 1,
        "rang_TR3_ORANGE": 1,
        "rang_TR3_MTN": 1,
        "rang_TR3_MOOV": 3,
        "rang_TS_ORANGE": 3,
        "rang_TS_MTN": 2,
        "rang_TS_MOOV": 1,
        "rang_TeRd_ORANGE": 2,
        "rang_TeRd_MTN": 1,
        "rang_TeRd_MOOV": 3
      },
      "id": 61
    },
    {
      "type": "Feature",
      "geometry": {
        "coordinates": [
          -2.9699999999999998,
          8.28
        ],
        "type": "Point"
      },
      "properties": {
        "ADM0_FR": "ZANZAN",
        "ADM0_PCODE": "CI14",
        "ADM1_FR": "GONTOUGO",
        "ADM1_PCODE": "CI114",
        "ADM2_FR": "BONDOUKOU",
        "ADM2_PCODE": "CI1401",
        "ADM3_FR": "LAOUDI-BA",
        "ADM3_PCODE": "CI140105",
        "ADM4_FR": "LAOUDI-BA",
        "ADM4_PCODE": "C5014",
        "centerLat": 8.29,
        "centerLng": -2.96,
        "pop": 8625,
        "TeS_MOOV": 0.0,
        "TedS_MOOV": 100.0,
        "TR3_MOOV": 0.0,
        "TeRd_MOOV": 88.12,
        "TS_MOOV": 100.0,
        "TeS_MTN": 0.0,
        "TedS_MTN": 100.0,
        "TR3_MTN": 0.0,
        "TeRd_MTN": 0.0,
        "TS_MTN": 97.03,
        "TeS_ORANGE": 0.0,
        "TedS_ORANGE": 100.0,
        "TR3_ORANGE": 0.0,
        "TeRd_ORANGE": 95.05,
        "TS_ORANGE": 95.05,
        "rang_TeS_ORANGE": 1,
        "rang_TeS_MTN": 1,
        "rang_TeS_MOOV": 1,
        "rang_TedS_ORANGE": 1,
        "rang_TedS_MTN": 1,
        "rang_TedS_MOOV": 1,
        "rang_TR3_ORANGE": 1,
        "rang_TR3_MTN": 1,
        "rang_TR3_MOOV": 1,
        "rang_TS_ORANGE": 3,
        "rang_TS_MTN": 2,
        "rang_TS_MOOV": 1,
        "rang_TeRd_ORANGE": 1,
        "rang_TeRd_MTN": 3,
        "rang_TeRd_MOOV": 2
      },
      "id": 62
    },
    {
      "type": "Feature",
      "geometry": {
        "coordinates": [
          -5.27549,
          6.949050000000001
        ],
        "type": "Point"
      },
      "properties": {
        "ADM0_FR": "DISTRICT AUTONOME DE YAMOUSSOUKRO",
        "ADM0_PCODE": "CI05",
        "ADM1_FR": "DISTRICT AUTONOME DE YAMOUSSOUKRO",
        "ADM1_PCODE": "CI102",
        "ADM2_FR": "ATTIEGOUAKRO",
        "ADM2_PCODE": "CI0201",
        "ADM3_FR": "LOLOBO",
        "ADM3_PCODE": "CI020102",
        "ADM4_FR": "LOLOBO",
        "ADM4_PCODE": "C5168",
        "centerLat": 6.95905,
        "centerLng": -5.26549,
        "pop": 4136,
        "TeS_MOOV": 0.0,
        "TedS_MOOV": 100.0,
        "TR3_MOOV": 0.0,
        "TeRd_MOOV": 99.00999999999999,
        "TS_MOOV": 99.00999999999999,
        "TeS_MTN": 0.0,
        "TedS_MTN": 98.0,
        "TR3_MTN": 0.0,
        "TeRd_MTN": 87.0,
        "TS_MTN": 101.0,
        "TeS_ORANGE": 0.0,
        "TedS_ORANGE": 100.0,
        "TR3_ORANGE": 0.0,
        "TeRd_ORANGE": 100.0,
        "TS_ORANGE": 100.0,
        "rang_TeS_ORANGE": 1,
        "rang_TeS_MTN": 1,
        "rang_TeS_MOOV": 1,
        "rang_TedS_ORANGE": 1,
        "rang_TedS_MTN": 3,
        "rang_TedS_MOOV": 1,
        "rang_TR3_ORANGE": 1,
        "rang_TR3_MTN": 1,
        "rang_TR3_MOOV": 1,
        "rang_TS_ORANGE": 2,
        "rang_TS_MTN": 1,
        "rang_TS_MOOV": 3,
        "rang_TeRd_ORANGE": 1,
        "rang_TeRd_MTN": 3,
        "rang_TeRd_MOOV": 2
      },
      "id": 63
    },
    {
      "type": "Feature",
      "geometry": {
        "coordinates": [
          -6.42972,
          5.67286
        ],
        "type": "Point"
      },
      "properties": {
        "ADM0_FR": "BAS-SASSANDRA",
        "ADM0_PCODE": "CI01",
        "ADM1_FR": "NAWA",
        "ADM1_PCODE": "CI126",
        "ADM2_FR": "SOUBRE",
        "ADM2_PCODE": "CI2604",
        "ADM3_FR": "OKROUYO",
        "ADM3_PCODE": "CI260405",
        "ADM4_FR": "MABÉHIRI 1",
        "ADM4_PCODE": "C5236",
        "centerLat": 5.68286,
        "centerLng": -6.41972,
        "pop": 17909,
        "TeS_MOOV": 0.0,
        "TedS_MOOV": 100.0,
        "TR3_MOOV": 0.0,
        "TeRd_MOOV": 100.0,
        "TS_MOOV": 100.0,
        "TeS_MTN": 0.0,
        "TedS_MTN": 86.67,
        "TR3_MTN": 0.0,
        "TeRd_MTN": 93.33,
        "TS_MTN": 100.0,
        "TeS_ORANGE": 0.0,
        "TedS_ORANGE": 100.0,
        "TR3_ORANGE": 0.0,
        "TeRd_ORANGE": 97.14,
        "TS_ORANGE": 97.14,
        "rang_TeS_ORANGE": 1,
        "rang_TeS_MTN": 1,
        "rang_TeS_MOOV": 1,
        "rang_TedS_ORANGE": 1,
        "rang_TedS_MTN": 3,
        "rang_TedS_MOOV": 1,
        "rang_TR3_ORANGE": 1,
        "rang_TR3_MTN": 1,
        "rang_TR3_MOOV": 1,
        "rang_TS_ORANGE": 3,
        "rang_TS_MTN": 1,
        "rang_TS_MOOV": 1,
        "rang_TeRd_ORANGE": 2,
        "rang_TeRd_MTN": 3,
        "rang_TeRd_MOOV": 1
      },
      "id": 64
    },
    {
      "type": "Feature",
      "geometry": {
        "coordinates": [
          -6.950959999999999,
          9.6016
        ],
        "type": "Point"
      },
      "properties": {
        "ADM0_FR": "DENGUELE",
        "ADM0_PCODE": "CI03",
        "ADM1_FR": "KABADOUGOU",
        "ADM1_PCODE": "CI121",
        "ADM2_FR": "MADINANI",
        "ADM2_PCODE": "CI2102",
        "ADM3_FR": "MADINANI",
        "ADM3_PCODE": "CI210201",
        "ADM4_FR": "MADINANI",
        "ADM4_PCODE": "C5251",
        "centerLat": 9.6116,
        "centerLng": -6.94096,
        "pop": 6710,
        "TeS_MOOV": 0.0,
        "TedS_MOOV": 100.0,
        "TR3_MOOV": 3.3099999999999996,
        "TeRd_MOOV": 96.03,
        "TS_MOOV": 96.03,
        "TeS_MTN": 0.0,
        "TedS_MTN": 95.36,
        "TR3_MTN": 0.0,
        "TeRd_MTN": 3.3099999999999996,
        "TS_MTN": 95.36,
        "TeS_ORANGE": 0.0,
        "TedS_ORANGE": 100.0,
        "TR3_ORANGE": 0.0,
        "TeRd_ORANGE": 100.0,
        "TS_ORANGE": 100.0,
        "rang_TeS_ORANGE": 1,
        "rang_TeS_MTN": 1,
        "rang_TeS_MOOV": 1,
        "rang_TedS_ORANGE": 1,
        "rang_TedS_MTN": 3,
        "rang_TedS_MOOV": 1,
        "rang_TR3_ORANGE": 1,
        "rang_TR3_MTN": 1,
        "rang_TR3_MOOV": 3,
        "rang_TS_ORANGE": 1,
        "rang_TS_MTN": 3,
        "rang_TS_MOOV": 2,
        "rang_TeRd_ORANGE": 1,
        "rang_TeRd_MTN": 3,
        "rang_TeRd_MOOV": 2
      },
      "id": 65
    },
    {
      "type": "Feature",
      "geometry": {
        "coordinates": [
          -7.56442,
          7.39545
        ],
        "type": "Point"
      },
      "properties": {
        "ADM0_FR": "MONTAGNES",
        "ADM0_PCODE": "CI09",
        "ADM1_FR": "TONKPI",
        "ADM1_PCODE": "CI132",
        "ADM2_FR": "MAN",
        "ADM2_PCODE": "CI3203",
        "ADM3_FR": "MAN",
        "ADM3_PCODE": "CI320301",
        "ADM4_FR": "MAN",
        "ADM4_PCODE": "C5323",
        "centerLat": 7.40545,
        "centerLng": -7.55442,
        "pop": 149041,
        "TeS_MOOV": 0.0,
        "TedS_MOOV": 97.03,
        "TR3_MOOV": 0.25,
        "TeRd_MOOV": 96.04,
        "TS_MOOV": 97.28,
        "TeS_MTN": 0.0,
        "TedS_MTN": 93.61,
        "TR3_MTN": 0.51,
        "TeRd_MTN": 95.39999999999999,
        "TS_MTN": 97.7,
        "TeS_ORANGE": 0.0,
        "TedS_ORANGE": 99.27,
        "TR3_ORANGE": 13.69,
        "TeRd_ORANGE": 85.82,
        "TS_ORANGE": 86.31,
        "rang_TeS_ORANGE": 1,
        "rang_TeS_MTN": 1,
        "rang_TeS_MOOV": 1,
        "rang_TedS_ORANGE": 1,
        "rang_TedS_MTN": 3,
        "rang_TedS_MOOV": 2,
        "rang_TR3_ORANGE": 3,
        "rang_TR3_MTN": 2,
        "rang_TR3_MOOV": 1,
        "rang_TS_ORANGE": 3,
        "rang_TS_MTN": 1,
        "rang_TS_MOOV": 2,
        "rang_TeRd_ORANGE": 3,
        "rang_TeRd_MTN": 2,
        "rang_TeRd_MOOV": 1
      },
      "id": 66
    },
    {
      "type": "Feature",
      "geometry": {
        "coordinates": [
          -6.6266099999999994,
          8.656930000000001
        ],
        "type": "Point"
      },
      "properties": {
        "ADM0_FR": "WOROBA",
        "ADM0_PCODE": "CI13",
        "ADM1_FR": "WORODOUGOU",
        "ADM1_PCODE": "CI133",
        "ADM2_FR": "KANI",
        "ADM2_PCODE": "CI3301",
        "ADM3_FR": "KANI",
        "ADM3_PCODE": "CI330101",
        "ADM4_FR": "MANABRI",
        "ADM4_PCODE": "C5326",
        "centerLat": 8.66693,
        "centerLng": -6.61661,
        "pop": 2611,
        "TeS_MOOV": 1.94,
        "TedS_MOOV": 96.04,
        "TR3_MOOV": 0.9900000000000001,
        "TeRd_MOOV": 91.09,
        "TS_MOOV": 96.04,
        "TeS_MTN": 0.0,
        "TedS_MTN": 72.64,
        "TR3_MTN": 0.0,
        "TeRd_MTN": 0.0,
        "TS_MTN": 95.28,
        "TeS_ORANGE": 0.9299999999999999,
        "TedS_ORANGE": 98.11,
        "TR3_ORANGE": 0.0,
        "TeRd_ORANGE": 98.11,
        "TS_ORANGE": 99.06,
        "rang_TeS_ORANGE": 2,
        "rang_TeS_MTN": 1,
        "rang_TeS_MOOV": 3,
        "rang_TedS_ORANGE": 1,
        "rang_TedS_MTN": 3,
        "rang_TedS_MOOV": 2,
        "rang_TR3_ORANGE": 1,
        "rang_TR3_MTN": 1,
        "rang_TR3_MOOV": 3,
        "rang_TS_ORANGE": 1,
        "rang_TS_MTN": 3,
        "rang_TS_MOOV": 2,
        "rang_TeRd_ORANGE": 1,
        "rang_TeRd_MTN": 3,
        "rang_TeRd_MOOV": 2
      },
      "id": 67
    },
    {
      "type": "Feature",
      "geometry": {
        "coordinates": [
          -6.65906,
          6.92244
        ],
        "type": "Point"
      },
      "properties": {
        "ADM0_FR": "WOROBA",
        "ADM0_PCODE": "CI13",
        "ADM1_FR": "WORODOUGOU",
        "ADM1_PCODE": "CI133",
        "ADM2_FR": "SEGUELA",
        "ADM2_PCODE": "CI3302",
        "ADM3_FR": "WOROFLA",
        "ADM3_PCODE": "CI330207",
        "ADM4_FR": "MANKONO",
        "ADM4_PCODE": "C5355",
        "centerLat": 6.93244,
        "centerLng": -6.64906,
        "pop": 1576,
        "TeS_MOOV": 0.65,
        "TedS_MOOV": 100.0,
        "TR3_MOOV": 0.0,
        "TeRd_MOOV": 98.68,
        "TS_MOOV": 98.68,
        "TeS_MTN": 3.95,
        "TedS_MTN": 97.26,
        "TR3_MTN": 2.74,
        "TeRd_MTN": 99.32,
        "TS_MTN": 99.32,
        "TeS_ORANGE": 0.62,
        "TedS_ORANGE": 99.38,
        "TR3_ORANGE": 2.48,
        "TeRd_ORANGE": 97.52,
        "TS_ORANGE": 98.14,
        "rang_TeS_ORANGE": 1,
        "rang_TeS_MTN": 3,
        "rang_TeS_MOOV": 2,
        "rang_TedS_ORANGE": 2,
        "rang_TedS_MTN": 3,
        "rang_TedS_MOOV": 1,
        "rang_TR3_ORANGE": 2,
        "rang_TR3_MTN": 3,
        "rang_TR3_MOOV": 1,
        "rang_TS_ORANGE": 3,
        "rang_TS_MTN": 1,
        "rang_TS_MOOV": 2,
        "rang_TeRd_ORANGE": 3,
        "rang_TeRd_MTN": 1,
        "rang_TeRd_MOOV": 2
      },
      "id": 68
    },
    {
      "type": "Feature",
      "geometry": {
        "coordinates": [
          -4.35,
          7.45
        ],
        "type": "Point"
      },
      "properties": {
        "ADM0_FR": "LACS",
        "ADM0_PCODE": "CI07",
        "ADM1_FR": "IFFOU",
        "ADM1_PCODE": "CI119",
        "ADM2_FR": "M'BAHIAKRO",
        "ADM2_PCODE": "CI1902",
        "ADM3_FR": "M'BAHIAKRO",
        "ADM3_PCODE": "CI190201",
        "ADM4_FR": "M'BAHIAKRO",
        "ADM4_PCODE": "C5412",
        "centerLat": 7.46,
        "centerLng": -4.34,
        "pop": 14894,
        "TeS_MOOV": 0.0,
        "TedS_MOOV": 99.0,
        "TR3_MOOV": 0.0,
        "TeRd_MOOV": 99.0,
        "TS_MOOV": 99.0,
        "TeS_MTN": 0.0,
        "TedS_MTN": 99.0,
        "TR3_MTN": 0.0,
        "TeRd_MTN": 0.0,
        "TS_MTN": 99.5,
        "TeS_ORANGE": 0.0,
        "TedS_ORANGE": 100.0,
        "TR3_ORANGE": 0.0,
        "TeRd_ORANGE": 100.0,
        "TS_ORANGE": 100.0,
        "rang_TeS_ORANGE": 1,
        "rang_TeS_MTN": 1,
        "rang_TeS_MOOV": 1,
        "rang_TedS_ORANGE": 1,
        "rang_TedS_MTN": 2,
        "rang_TedS_MOOV": 2,
        "rang_TR3_ORANGE": 1,
        "rang_TR3_MTN": 1,
        "rang_TR3_MOOV": 1,
        "rang_TS_ORANGE": 1,
        "rang_TS_MTN": 2,
        "rang_TS_MOOV": 3,
        "rang_TeRd_ORANGE": 1,
        "rang_TeRd_MTN": 3,
        "rang_TeRd_MOOV": 2
      },
      "id": 69
    },
    {
      "type": "Feature",
      "geometry": {
        "coordinates": [
          -5.24186,
          8.7662
        ],
        "type": "Point"
      },
      "properties": {
        "ADM0_FR": "VALLEE DU BANDAMA",
        "ADM0_PCODE": "CI12",
        "ADM1_FR": "HAMBOL",
        "ADM1_PCODE": "CI117",
        "ADM2_FR": "NIAKARAMADOUGOU",
        "ADM2_PCODE": "CI1703",
        "ADM3_FR": "ARIKOKAHA",
        "ADM3_PCODE": "CI170302",
        "ADM4_FR": "NANGONIEKAHA",
        "ADM4_PCODE": "C5751",
        "centerLat": 8.7762,
        "centerLng": -5.23186,
        "pop": 3099,
        "TeS_MOOV": 0.0,
        "TedS_MOOV": 96.04,
        "TR3_MOOV": 0.0,
        "TeRd_MOOV": 94.06,
        "TS_MOOV": 94.06,
        "TeS_MTN": 0.0,
        "TedS_MTN": 99.00999999999999,
        "TR3_MTN": 0.0,
        "TeRd_MTN": 100.0,
        "TS_MTN": 100.0,
        "TeS_ORANGE": 0.0,
        "TedS_ORANGE": 100.0,
        "TR3_ORANGE": 0.0,
        "TeRd_ORANGE": 100.0,
        "TS_ORANGE": 100.0,
        "rang_TeS_ORANGE": 1,
        "rang_TeS_MTN": 1,
        "rang_TeS_MOOV": 1,
        "rang_TedS_ORANGE": 1,
        "rang_TedS_MTN": 2,
        "rang_TedS_MOOV": 3,
        "rang_TR3_ORANGE": 1,
        "rang_TR3_MTN": 1,
        "rang_TR3_MOOV": 1,
        "rang_TS_ORANGE": 1,
        "rang_TS_MTN": 1,
        "rang_TS_MOOV": 3,
        "rang_TeRd_ORANGE": 1,
        "rang_TeRd_MTN": 1,
        "rang_TeRd_MOOV": 3
      },
      "id": 70
    },
    {
      "type": "Feature",
      "geometry": {
        "coordinates": [
          -4.49,
          9.39
        ],
        "type": "Point"
      },
      "properties": {
        "ADM0_FR": "SAVANES",
        "ADM0_PCODE": "CI11",
        "ADM1_FR": "TCHOLOGO",
        "ADM1_PCODE": "CI131",
        "ADM2_FR": "KONG",
        "ADM2_PCODE": "CI3102",
        "ADM3_FR": "SIKOLO",
        "ADM3_PCODE": "CI310204",
        "ADM4_FR": "NASSIAN",
        "ADM4_PCODE": "C5771",
        "centerLat": 9.4,
        "centerLng": -4.48,
        "pop": 1161,
        "TeS_MOOV": 9.9,
        "TedS_MOOV": 96.7,
        "TR3_MOOV": 0.0,
        "TeRd_MOOV": 97.8,
        "TS_MOOV": 100.0,
        "TeS_MTN": 0.0,
        "TedS_MTN": 84.16,
        "TR3_MTN": 0.0,
        "TeRd_MTN": 97.03,
        "TS_MTN": 100.0,
        "TeS_ORANGE": 0.0,
        "TedS_ORANGE": 100.0,
        "TR3_ORANGE": 0.0,
        "TeRd_ORANGE": 99.00999999999999,
        "TS_ORANGE": 99.00999999999999,
        "rang_TeS_ORANGE": 1,
        "rang_TeS_MTN": 1,
        "rang_TeS_MOOV": 3,
        "rang_TedS_ORANGE": 1,
        "rang_TedS_MTN": 3,
        "rang_TedS_MOOV": 2,
        "rang_TR3_ORANGE": 1,
        "rang_TR3_MTN": 1,
        "rang_TR3_MOOV": 1,
        "rang_TS_ORANGE": 3,
        "rang_TS_MTN": 1,
        "rang_TS_MOOV": 1,
        "rang_TeRd_ORANGE": 1,
        "rang_TeRd_MTN": 3,
        "rang_TeRd_MOOV": 2
      },
      "id": 71
    },
    {
      "type": "Feature",
      "geometry": {
        "coordinates": [
          -5.3,
          8.65
        ],
        "type": "Point"
      },
      "properties": {
        "ADM0_FR": "VALLEE DU BANDAMA",
        "ADM0_PCODE": "CI12",
        "ADM1_FR": "HAMBOL",
        "ADM1_PCODE": "CI117",
        "ADM2_FR": "NIAKARAMADOUGOU",
        "ADM2_PCODE": "CI1703",
        "ADM3_FR": "NIAKARAMADOUGOU",
        "ADM3_PCODE": "CI170301",
        "ADM4_FR": "NIAKARAMADOUGOU",
        "ADM4_PCODE": "C5977",
        "centerLat": 8.66,
        "centerLng": -5.29,
        "pop": 16812,
        "TeS_MOOV": 0.0,
        "TedS_MOOV": 98.11,
        "TR3_MOOV": 0.0,
        "TeRd_MOOV": 96.86,
        "TS_MOOV": 96.86,
        "TeS_MTN": 0.0,
        "TedS_MTN": 33.11,
        "TR3_MTN": 0.0,
        "TeRd_MTN": 95.36,
        "TS_MTN": 100.0,
        "TeS_ORANGE": 0.0,
        "TedS_ORANGE": 100.0,
        "TR3_ORANGE": 0.0,
        "TeRd_ORANGE": 100.0,
        "TS_ORANGE": 100.0,
        "rang_TeS_ORANGE": 1,
        "rang_TeS_MTN": 1,
        "rang_TeS_MOOV": 1,
        "rang_TedS_ORANGE": 1,
        "rang_TedS_MTN": 3,
        "rang_TedS_MOOV": 2,
        "rang_TR3_ORANGE": 1,
        "rang_TR3_MTN": 1,
        "rang_TR3_MOOV": 1,
        "rang_TS_ORANGE": 1,
        "rang_TS_MTN": 1,
        "rang_TS_MOOV": 3,
        "rang_TeRd_ORANGE": 1,
        "rang_TeRd_MTN": 3,
        "rang_TeRd_MOOV": 2
      },
      "id": 72
    },
    {
      "type": "Feature",
      "geometry": {
        "coordinates": [
          -5.69071,
          5.343710000000001
        ],
        "type": "Point"
      },
      "properties": {
        "ADM0_FR": "BAS-SASSANDRA",
        "ADM0_PCODE": "CI01",
        "ADM1_FR": "GBOKLE",
        "ADM1_PCODE": "CI112",
        "ADM2_FR": "FRESCO",
        "ADM2_PCODE": "CI1201",
        "ADM3_FR": "DAHIRI",
        "ADM3_PCODE": "CI120101",
        "ADM4_FR": "OKROMODOU",
        "ADM4_PCODE": "C6234",
        "centerLat": 5.35371,
        "centerLng": -5.68071,
        "pop": 13054,
        "TeS_MOOV": 0.0,
        "TedS_MOOV": 100.0,
        "TR3_MOOV": 0.0,
        "TeRd_MOOV": 100.0,
        "TS_MOOV": 100.0,
        "TeS_MTN": 0.0,
        "TedS_MTN": 100.0,
        "TR3_MTN": 0.0,
        "TeRd_MTN": 100.0,
        "TS_MTN": 100.0,
        "TeS_ORANGE": 0.0,
        "TedS_ORANGE": 98.1,
        "TR3_ORANGE": 0.0,
        "TeRd_ORANGE": 98.1,
        "TS_ORANGE": 98.1,
        "rang_TeS_ORANGE": 1,
        "rang_TeS_MTN": 1,
        "rang_TeS_MOOV": 1,
        "rang_TedS_ORANGE": 3,
        "rang_TedS_MTN": 1,
        "rang_TedS_MOOV": 1,
        "rang_TR3_ORANGE": 1,
        "rang_TR3_MTN": 1,
        "rang_TR3_MOOV": 1,
        "rang_TS_ORANGE": 3,
        "rang_TS_MTN": 1,
        "rang_TS_MOOV": 1,
        "rang_TeRd_ORANGE": 3,
        "rang_TeRd_MTN": 1,
        "rang_TeRd_MOOV": 1
      },
      "id": 73
    },
    {
      "type": "Feature",
      "geometry": {
        "coordinates": [
          -5.16419,
          9.95711
        ],
        "type": "Point"
      },
      "properties": {
        "ADM0_FR": "SAVANES",
        "ADM0_PCODE": "CI11",
        "ADM1_FR": "TCHOLOGO",
        "ADM1_PCODE": "CI131",
        "ADM2_FR": "OUANGOLODOUGOU",
        "ADM2_PCODE": "CI3103",
        "ADM3_FR": "OUANGOLODOUGOU",
        "ADM3_PCODE": "CI310301",
        "ADM4_FR": "OUANGOLODOUGOU",
        "ADM4_PCODE": "C6291",
        "centerLat": 9.96711,
        "centerLng": -5.15419,
        "pop": 37991,
        "TeS_MOOV": 0.0,
        "TedS_MOOV": 100.0,
        "TR3_MOOV": 0.66,
        "TeRd_MOOV": 97.35000000000001,
        "TS_MOOV": 97.35000000000001,
        "TeS_MTN": 0.0,
        "TedS_MTN": 97.35000000000001,
        "TR3_MTN": 0.0,
        "TeRd_MTN": 96.69,
        "TS_MTN": 96.69,
        "TeS_ORANGE": 0.0,
        "TedS_ORANGE": 99.33999999999999,
        "TR3_ORANGE": 0.66,
        "TeRd_ORANGE": 98.68,
        "TS_ORANGE": 99.33999999999999,
        "rang_TeS_ORANGE": 1,
        "rang_TeS_MTN": 1,
        "rang_TeS_MOOV": 1,
        "rang_TedS_ORANGE": 2,
        "rang_TedS_MTN": 3,
        "rang_TedS_MOOV": 1,
        "rang_TR3_ORANGE": 2,
        "rang_TR3_MTN": 1,
        "rang_TR3_MOOV": 2,
        "rang_TS_ORANGE": 1,
        "rang_TS_MTN": 3,
        "rang_TS_MOOV": 2,
        "rang_TeRd_ORANGE": 1,
        "rang_TeRd_MTN": 3,
        "rang_TeRd_MOOV": 2
      },
      "id": 74
    },
    {
      "type": "Feature",
      "geometry": {
        "coordinates": [
          -5.42528,
          6.3735
        ],
        "type": "Point"
      },
      "properties": {
        "ADM0_FR": "GOH-DJIBOUA",
        "ADM0_PCODE": "CI06",
        "ADM1_FR": "GOH",
        "ADM1_PCODE": "CI113",
        "ADM2_FR": "OUME",
        "ADM2_PCODE": "CI1302",
        "ADM3_FR": "OUME",
        "ADM3_PCODE": "CI130201",
        "ADM4_FR": "OUMÉ",
        "ADM4_PCODE": "C6363",
        "centerLat": 6.3835,
        "centerLng": -5.41528,
        "pop": 45210,
        "TeS_MOOV": 0.97,
        "TedS_MOOV": 93.17,
        "TR3_MOOV": 0.0,
        "TeRd_MOOV": 98.05,
        "TS_MOOV": 100.0,
        "TeS_MTN": 0.0,
        "TedS_MTN": 100.0,
        "TR3_MTN": 0.0,
        "TeRd_MTN": 100.0,
        "TS_MTN": 100.0,
        "TeS_ORANGE": 0.0,
        "TedS_ORANGE": 98.1,
        "TR3_ORANGE": 0.0,
        "TeRd_ORANGE": 99.05000000000001,
        "TS_ORANGE": 99.52,
        "rang_TeS_ORANGE": 1,
        "rang_TeS_MTN": 1,
        "rang_TeS_MOOV": 3,
        "rang_TedS_ORANGE": 2,
        "rang_TedS_MTN": 1,
        "rang_TedS_MOOV": 3,
        "rang_TR3_ORANGE": 1,
        "rang_TR3_MTN": 1,
        "rang_TR3_MOOV": 1,
        "rang_TS_ORANGE": 3,
        "rang_TS_MTN": 1,
        "rang_TS_MOOV": 1,
        "rang_TeRd_ORANGE": 2,
        "rang_TeRd_MTN": 1,
        "rang_TeRd_MOOV": 3
      },
      "id": 75
    },
    {
      "type": "Feature",
      "geometry": {
        "coordinates": [
          -6.10211,
          4.94198
        ],
        "type": "Point"
      },
      "properties": {
        "ADM0_FR": "BAS-SASSANDRA",
        "ADM0_PCODE": "CI01",
        "ADM1_FR": "GBOKLE",
        "ADM1_PCODE": "CI112",
        "ADM2_FR": "SASSANDRA",
        "ADM2_PCODE": "CI1202",
        "ADM3_FR": "SASSANDRA",
        "ADM3_PCODE": "CI120201",
        "ADM4_FR": "SASSANDRA",
        "ADM4_PCODE": "C6835",
        "centerLat": 4.95198,
        "centerLng": -6.09211,
        "pop": 26608,
        "TeS_MOOV": 0.0,
        "TedS_MOOV": 98.08,
        "TR3_MOOV": 0.0,
        "TeRd_MOOV": 95.77,
        "TS_MOOV": 96.54,
        "TeS_MTN": 0.0,
        "TedS_MTN": 98.46000000000001,
        "TR3_MTN": 0.0,
        "TeRd_MTN": 98.08,
        "TS_MTN": 98.08,
        "TeS_ORANGE": 0.0,
        "TedS_ORANGE": 96.54,
        "TR3_ORANGE": 0.0,
        "TeRd_ORANGE": 95.0,
        "TS_ORANGE": 95.0,
        "rang_TeS_ORANGE": 1,
        "rang_TeS_MTN": 1,
        "rang_TeS_MOOV": 1,
        "rang_TedS_ORANGE": 3,
        "rang_TedS_MTN": 1,
        "rang_TedS_MOOV": 2,
        "rang_TR3_ORANGE": 1,
        "rang_TR3_MTN": 1,
        "rang_TR3_MOOV": 1,
        "rang_TS_ORANGE": 3,
        "rang_TS_MTN": 1,
        "rang_TS_MOOV": 2,
        "rang_TeRd_ORANGE": 3,
        "rang_TeRd_MTN": 1,
        "rang_TeRd_MOOV": 2
      },
      "id": 76
    },
    {
      "type": "Feature",
      "geometry": {
        "coordinates": [
          -6.683129999999999,
          7.95253
        ],
        "type": "Point"
      },
      "properties": {
        "ADM0_FR": "WOROBA",
        "ADM0_PCODE": "CI13",
        "ADM1_FR": "WORODOUGOU",
        "ADM1_PCODE": "CI133",
        "ADM2_FR": "SEGUELA",
        "ADM2_PCODE": "CI3302",
        "ADM3_FR": "SEGUELA",
        "ADM3_PCODE": "CI330201",
        "ADM4_FR": "SÉGUÉLA",
        "ADM4_PCODE": "C6882",
        "centerLat": 7.96253,
        "centerLng": -6.67313,
        "pop": 46189,
        "TeS_MOOV": 7.35,
        "TedS_MOOV": 93.65,
        "TR3_MOOV": 0.0,
        "TeRd_MOOV": 37.3,
        "TS_MOOV": 38.1,
        "TeS_MTN": 2.4299999999999997,
        "TedS_MTN": 96.52,
        "TR3_MTN": 0.0,
        "TeRd_MTN": 12.44,
        "TS_MTN": 97.50999999999999,
        "TeS_ORANGE": 0.0,
        "TedS_ORANGE": 100.0,
        "TR3_ORANGE": 0.0,
        "TeRd_ORANGE": 100.0,
        "TS_ORANGE": 100.0,
        "rang_TeS_ORANGE": 1,
        "rang_TeS_MTN": 2,
        "rang_TeS_MOOV": 3,
        "rang_TedS_ORANGE": 1,
        "rang_TedS_MTN": 2,
        "rang_TedS_MOOV": 3,
        "rang_TR3_ORANGE": 1,
        "rang_TR3_MTN": 1,
        "rang_TR3_MOOV": 1,
        "rang_TS_ORANGE": 1,
        "rang_TS_MTN": 2,
        "rang_TS_MOOV": 3,
        "rang_TeRd_ORANGE": 1,
        "rang_TeRd_MTN": 3,
        "rang_TeRd_MOOV": 2
      },
      "id": 77
    },
    {
      "type": "Feature",
      "geometry": {
        "coordinates": [
          -5.395589999999999,
          9.57325
        ],
        "type": "Point"
      },
      "properties": {
        "ADM0_FR": "SAVANES",
        "ADM0_PCODE": "CI11",
        "ADM1_FR": "PORO",
        "ADM1_PCODE": "CI128",
        "ADM2_FR": "SINEMATIALI",
        "ADM2_PCODE": "CI2804",
        "ADM3_FR": "SINEMATIALI",
        "ADM3_PCODE": "CI280401",
        "ADM4_FR": "SINEMATIALI",
        "ADM4_PCODE": "C7043",
        "centerLat": 9.58325,
        "centerLng": -5.38559,
        "pop": 10167,
        "TeS_MOOV": 0.0,
        "TedS_MOOV": 99.31,
        "TR3_MOOV": 0.0,
        "TeRd_MOOV": 99.31,
        "TS_MOOV": 99.31,
        "TeS_MTN": 0.0,
        "TedS_MTN": 98.61999999999999,
        "TR3_MTN": 0.0,
        "TeRd_MTN": 100.0,
        "TS_MTN": 100.0,
        "TeS_ORANGE": 0.0,
        "TedS_ORANGE": 100.0,
        "TR3_ORANGE": 0.0,
        "TeRd_ORANGE": 100.0,
        "TS_ORANGE": 100.0,
        "rang_TeS_ORANGE": 1,
        "rang_TeS_MTN": 1,
        "rang_TeS_MOOV": 1,
        "rang_TedS_ORANGE": 1,
        "rang_TedS_MTN": 3,
        "rang_TedS_MOOV": 2,
        "rang_TR3_ORANGE": 1,
        "rang_TR3_MTN": 1,
        "rang_TR3_MOOV": 1,
        "rang_TS_ORANGE": 1,
        "rang_TS_MTN": 1,
        "rang_TS_MOOV": 3,
        "rang_TeRd_ORANGE": 1,
        "rang_TeRd_MTN": 1,
        "rang_TeRd_MOOV": 3
      },
      "id": 78
    },
    {
      "type": "Feature",
      "geometry": {
        "coordinates": [
          -5.17212,
          9.060220000000001
        ],
        "type": "Point"
      },
      "properties": {
        "ADM0_FR": "VALLEE DU BANDAMA",
        "ADM0_PCODE": "CI12",
        "ADM1_FR": "HAMBOL",
        "ADM1_PCODE": "CI117",
        "ADM2_FR": "NIAKARAMADOUGOU",
        "ADM2_PCODE": "CI1703",
        "ADM3_FR": "TAFIRE",
        "ADM3_PCODE": "CI170305",
        "ADM4_FR": "TAFIRE",
        "ADM4_PCODE": "C7314",
        "centerLat": 9.07022,
        "centerLng": -5.16212,
        "pop": 17191,
        "TeS_MOOV": 0.0,
        "TedS_MOOV": 100.0,
        "TR3_MOOV": 0.0,
        "TeRd_MOOV": 99.33999999999999,
        "TS_MOOV": 100.0,
        "TeS_MTN": 0.0,
        "TedS_MTN": 99.33999999999999,
        "TR3_MTN": 0.0,
        "TeRd_MTN": 99.33999999999999,
        "TS_MTN": 100.0,
        "TeS_ORANGE": 0.0,
        "TedS_ORANGE": 99.33999999999999,
        "TR3_ORANGE": 0.0,
        "TeRd_ORANGE": 100.0,
        "TS_ORANGE": 100.0,
        "rang_TeS_ORANGE": 1,
        "rang_TeS_MTN": 1,
        "rang_TeS_MOOV": 1,
        "rang_TedS_ORANGE": 2,
        "rang_TedS_MTN": 2,
        "rang_TedS_MOOV": 1,
        "rang_TR3_ORANGE": 1,
        "rang_TR3_MTN": 1,
        "rang_TR3_MOOV": 1,
        "rang_TS_ORANGE": 1,
        "rang_TS_MTN": 1,
        "rang_TS_MOOV": 1,
        "rang_TeRd_ORANGE": 1,
        "rang_TeRd_MTN": 2,
        "rang_TeRd_MOOV": 2
      },
      "id": 79
    },
    {
      "type": "Feature",
      "geometry": {
        "coordinates": [
          -3.1778899999999997,
          7.79253
        ],
        "type": "Point"
      },
      "properties": {
        "ADM0_FR": "ZANZAN",
        "ADM0_PCODE": "CI14",
        "ADM1_FR": "GONTOUGO",
        "ADM1_PCODE": "CI114",
        "ADM2_FR": "TANDA",
        "ADM2_PCODE": "CI1404",
        "ADM3_FR": "TANDA",
        "ADM3_PCODE": "CI140401",
        "ADM4_FR": "TANDA",
        "ADM4_PCODE": "C7386",
        "centerLat": 7.80253,
        "centerLng": -3.16789,
        "pop": 27659,
        "TeS_MOOV": 0.0,
        "TedS_MOOV": 99.5,
        "TR3_MOOV": 0.0,
        "TeRd_MOOV": 95.52000000000001,
        "TS_MOOV": 95.52000000000001,
        "TeS_MTN": 0.0,
        "TedS_MTN": 99.51,
        "TR3_MTN": 0.0,
        "TeRd_MTN": 98.54,
        "TS_MTN": 98.54,
        "TeS_ORANGE": 0.0,
        "TedS_ORANGE": 100.0,
        "TR3_ORANGE": 0.0,
        "TeRd_ORANGE": 100.0,
        "TS_ORANGE": 100.0,
        "rang_TeS_ORANGE": 1,
        "rang_TeS_MTN": 1,
        "rang_TeS_MOOV": 1,
        "rang_TedS_ORANGE": 1,
        "rang_TedS_MTN": 2,
        "rang_TedS_MOOV": 3,
        "rang_TR3_ORANGE": 1,
        "rang_TR3_MTN": 1,
        "rang_TR3_MOOV": 1,
        "rang_TS_ORANGE": 1,
        "rang_TS_MTN": 2,
        "rang_TS_MOOV": 3,
        "rang_TeRd_ORANGE": 1,
        "rang_TeRd_MTN": 2,
        "rang_TeRd_MOOV": 3
      },
      "id": 80
    },
    {
      "type": "Feature",
      "geometry": {
        "coordinates": [
          -3.2141499999999996,
          7.33925
        ],
        "type": "Point"
      },
      "properties": {
        "ADM0_FR": "ZANZAN",
        "ADM0_PCODE": "CI14",
        "ADM1_FR": "GONTOUGO",
        "ADM1_PCODE": "CI114",
        "ADM2_FR": "KOUN-FAO",
        "ADM2_PCODE": "CI1402",
        "ADM3_FR": "TANKESSE",
        "ADM3_PCODE": "CI140205",
        "ADM4_FR": "TANKESSÉ",
        "ADM4_PCODE": "C7396",
        "centerLat": 7.34925,
        "centerLng": -3.20415,
        "pop": 5387,
        "TeS_MOOV": 0.0,
        "TedS_MOOV": 100.0,
        "TR3_MOOV": 0.0,
        "TeRd_MOOV": 100.0,
        "TS_MOOV": 100.0,
        "TeS_MTN": 0.0,
        "TedS_MTN": 99.33999999999999,
        "TR3_MTN": 0.0,
        "TeRd_MTN": 100.0,
        "TS_MTN": 100.0,
        "TeS_ORANGE": 0.0,
        "TedS_ORANGE": 100.0,
        "TR3_ORANGE": 0.0,
        "TeRd_ORANGE": 99.33999999999999,
        "TS_ORANGE": 100.0,
        "rang_TeS_ORANGE": 1,
        "rang_TeS_MTN": 1,
        "rang_TeS_MOOV": 1,
        "rang_TedS_ORANGE": 1,
        "rang_TedS_MTN": 3,
        "rang_TedS_MOOV": 1,
        "rang_TR3_ORANGE": 1,
        "rang_TR3_MTN": 1,
        "rang_TR3_MOOV": 1,
        "rang_TS_ORANGE": 1,
        "rang_TS_MTN": 1,
        "rang_TS_MOOV": 1,
        "rang_TeRd_ORANGE": 3,
        "rang_TeRd_MTN": 1,
        "rang_TeRd_MOOV": 1
      },
      "id": 81
    },
    {
      "type": "Feature",
      "geometry": {
        "coordinates": [
          -6.5220199999999995,
          6.37542
        ],
        "type": "Point"
      },
      "properties": {
        "ADM0_FR": "SASSANDRA-MARAHOUE",
        "ADM0_PCODE": "CI10",
        "ADM1_FR": "HAUT-SASSANDRA",
        "ADM1_PCODE": "CI118",
        "ADM2_FR": "ISSIA",
        "ADM2_PCODE": "CI1802",
        "ADM3_FR": "TAPEGUIA",
        "ADM3_PCODE": "CI180207",
        "ADM4_FR": "TAPEGUIA",
        "ADM4_PCODE": "C7415",
        "centerLat": 6.38542,
        "centerLng": -6.51202,
        "pop": 2459,
        "TeS_MOOV": 0.0,
        "TedS_MOOV": 90.48,
        "TR3_MOOV": 0.0,
        "TeRd_MOOV": 95.24000000000001,
        "TS_MOOV": 100.0,
        "TeS_MTN": 0.0,
        "TedS_MTN": 96.19,
        "TR3_MTN": 0.0,
        "TeRd_MTN": 96.19,
        "TS_MTN": 97.14,
        "TeS_ORANGE": 0.0,
        "TedS_ORANGE": 99.06,
        "TR3_ORANGE": 0.0,
        "TeRd_ORANGE": 99.06,
        "TS_ORANGE": 100.0,
        "rang_TeS_ORANGE": 1,
        "rang_TeS_MTN": 1,
        "rang_TeS_MOOV": 1,
        "rang_TedS_ORANGE": 1,
        "rang_TedS_MTN": 2,
        "rang_TedS_MOOV": 3,
        "rang_TR3_ORANGE": 1,
        "rang_TR3_MTN": 1,
        "rang_TR3_MOOV": 1,
        "rang_TS_ORANGE": 1,
        "rang_TS_MTN": 3,
        "rang_TS_MOOV": 1,
        "rang_TeRd_ORANGE": 1,
        "rang_TeRd_MTN": 2,
        "rang_TeRd_MOOV": 3
      },
      "id": 82
    },
    {
      "type": "Feature",
      "geometry": {
        "coordinates": [
          -4.83379,
          5.88299
        ],
        "type": "Point"
      },
      "properties": {
        "ADM0_FR": "LAGUNES",
        "ADM0_PCODE": "CI08",
        "ADM1_FR": "AGNEBY-TIASSA",
        "ADM1_PCODE": "CI103",
        "ADM2_FR": "TIASSALE",
        "ADM2_PCODE": "CI0304",
        "ADM3_FR": "TIASSALE",
        "ADM3_PCODE": "CI030401",
        "ADM4_FR": "TIASSALÉ",
        "ADM4_PCODE": "C7555",
        "centerLat": 5.89299,
        "centerLng": -4.82379,
        "pop": 20057,
        "TeS_MOOV": 9.76,
        "TedS_MOOV": 85.41,
        "TR3_MOOV": 1.08,
        "TeRd_MOOV": 92.97,
        "TS_MOOV": 99.46000000000001,
        "TeS_MTN": 0.0,
        "TedS_MTN": 99.53,
        "TR3_MTN": 0.0,
        "TeRd_MTN": 99.06,
        "TS_MTN": 99.06,
        "TeS_ORANGE": 0.0,
        "TedS_ORANGE": 99.05000000000001,
        "TR3_ORANGE": 0.0,
        "TeRd_ORANGE": 100.0,
        "TS_ORANGE": 100.0,
        "rang_TeS_ORANGE": 1,
        "rang_TeS_MTN": 1,
        "rang_TeS_MOOV": 3,
        "rang_TedS_ORANGE": 2,
        "rang_TedS_MTN": 1,
        "rang_TedS_MOOV": 3,
        "rang_TR3_ORANGE": 1,
        "rang_TR3_MTN": 1,
        "rang_TR3_MOOV": 3,
        "rang_TS_ORANGE": 1,
        "rang_TS_MTN": 3,
        "rang_TS_MOOV": 2,
        "rang_TeRd_ORANGE": 1,
        "rang_TeRd_MTN": 2,
        "rang_TeRd_MOOV": 3
      },
      "id": 83
    },
    {
      "type": "Feature",
      "geometry": {
        "coordinates": [
          -5.87217,
          6.07533
        ],
        "type": "Point"
      },
      "properties": {
        "ADM0_FR": "GOH-DJIBOUA",
        "ADM0_PCODE": "CI06",
        "ADM1_FR": "GOH",
        "ADM1_PCODE": "CI113",
        "ADM2_FR": "GAGNOA",
        "ADM2_PCODE": "CI1301",
        "ADM3_FR": "GAGNOA",
        "ADM3_PCODE": "CI130106",
        "ADM4_FR": "TIPADIPA",
        "ADM4_PCODE": "C7732",
        "centerLat": 6.08533,
        "centerLng": -5.86217,
        "pop": 2108,
        "TeS_MOOV": 0.0,
        "TedS_MOOV": 97.14,
        "TR3_MOOV": 0.0,
        "TeRd_MOOV": 96.19,
        "TS_MOOV": 100.0,
        "TeS_MTN": 0.0,
        "TedS_MTN": 94.28999999999999,
        "TR3_MTN": 0.0,
        "TeRd_MTN": 96.19,
        "TS_MTN": 98.1,
        "TeS_ORANGE": 0.0,
        "TedS_ORANGE": 79.41,
        "TR3_ORANGE": 0.0,
        "TeRd_ORANGE": 90.2,
        "TS_ORANGE": 97.06,
        "rang_TeS_ORANGE": 1,
        "rang_TeS_MTN": 1,
        "rang_TeS_MOOV": 1,
        "rang_TedS_ORANGE": 3,
        "rang_TedS_MTN": 2,
        "rang_TedS_MOOV": 1,
        "rang_TR3_ORANGE": 1,
        "rang_TR3_MTN": 1,
        "rang_TR3_MOOV": 1,
        "rang_TS_ORANGE": 3,
        "rang_TS_MTN": 2,
        "rang_TS_MOOV": 1,
        "rang_TeRd_ORANGE": 3,
        "rang_TeRd_MTN": 1,
        "rang_TeRd_MOOV": 1
      },
      "id": 84
    },
    {
      "type": "Feature",
      "geometry": {
        "coordinates": [
          -7.69063,
          8.27504
        ],
        "type": "Point"
      },
      "properties": {
        "ADM0_FR": "WOROBA",
        "ADM0_PCODE": "CI13",
        "ADM1_FR": "BAFING",
        "ADM1_PCODE": "CI104",
        "ADM2_FR": "TOUBA",
        "ADM2_PCODE": "CI0403",
        "ADM3_FR": "TOUBA",
        "ADM3_PCODE": "CI040301",
        "ADM4_FR": "TOUBA",
        "ADM4_PCODE": "C7832",
        "centerLat": 8.28504,
        "centerLng": -7.68063,
        "pop": 22361,
        "TeS_MOOV": 0.0,
        "TedS_MOOV": 96.53,
        "TR3_MOOV": 0.0,
        "TeRd_MOOV": 96.53,
        "TS_MOOV": 97.03,
        "TeS_MTN": 0.0,
        "TedS_MTN": 97.52,
        "TR3_MTN": 0.0,
        "TeRd_MTN": 0.0,
        "TS_MTN": 99.5,
        "TeS_ORANGE": 0.0,
        "TedS_ORANGE": 100.0,
        "TR3_ORANGE": 0.0,
        "TeRd_ORANGE": 100.0,
        "TS_ORANGE": 100.0,
        "rang_TeS_ORANGE": 1,
        "rang_TeS_MTN": 1,
        "rang_TeS_MOOV": 1,
        "rang_TedS_ORANGE": 1,
        "rang_TedS_MTN": 2,
        "rang_TedS_MOOV": 3,
        "rang_TR3_ORANGE": 1,
        "rang_TR3_MTN": 1,
        "rang_TR3_MOOV": 1,
        "rang_TS_ORANGE": 1,
        "rang_TS_MTN": 2,
        "rang_TS_MOOV": 3,
        "rang_TeRd_ORANGE": 1,
        "rang_TeRd_MTN": 3,
        "rang_TeRd_MOOV": 2
      },
      "id": 85
    },
    {
      "type": "Feature",
      "geometry": {
        "coordinates": [
          -6.49051,
          7.3674800000000005
        ],
        "type": "Point"
      },
      "properties": {
        "ADM0_FR": "SASSANDRA-MARAHOUE",
        "ADM0_PCODE": "CI10",
        "ADM1_FR": "HAUT-SASSANDRA",
        "ADM1_PCODE": "CI118",
        "ADM2_FR": "VAVOUA",
        "ADM2_PCODE": "CI1803",
        "ADM3_FR": "VAVOUA",
        "ADM3_PCODE": "CI180301",
        "ADM4_FR": "VAVOUA",
        "ADM4_PCODE": "C7965",
        "centerLat": 7.37748,
        "centerLng": -6.48051,
        "pop": 67096,
        "TeS_MOOV": 1.01,
        "TedS_MOOV": 52.55,
        "TR3_MOOV": 0.0,
        "TeRd_MOOV": 71.43,
        "TS_MOOV": 94.39,
        "TeS_MTN": 0.72,
        "TedS_MTN": 94.89,
        "TR3_MTN": 0.73,
        "TeRd_MTN": 97.81,
        "TS_MTN": 97.81,
        "TeS_ORANGE": 0.0,
        "TedS_ORANGE": 100.0,
        "TR3_ORANGE": 0.0,
        "TeRd_ORANGE": 100.0,
        "TS_ORANGE": 100.0,
        "rang_TeS_ORANGE": 1,
        "rang_TeS_MTN": 2,
        "rang_TeS_MOOV": 3,
        "rang_TedS_ORANGE": 1,
        "rang_TedS_MTN": 2,
        "rang_TedS_MOOV": 3,
        "rang_TR3_ORANGE": 1,
        "rang_TR3_MTN": 3,
        "rang_TR3_MOOV": 1,
        "rang_TS_ORANGE": 1,
        "rang_TS_MTN": 2,
        "rang_TS_MOOV": 3,
        "rang_TeRd_ORANGE": 1,
        "rang_TeRd_MTN": 2,
        "rang_TeRd_MOOV": 3
      },
      "id": 86
    },
    {
      "type": "Feature",
      "geometry": {
        "coordinates": [
          -6.61062,
          5.94007
        ],
        "type": "Point"
      },
      "properties": {
        "ADM0_FR": "BAS-SASSANDRA",
        "ADM0_PCODE": "CI01",
        "ADM1_FR": "NAWA",
        "ADM1_PCODE": "CI126",
        "ADM2_FR": "SOUBRE",
        "ADM2_PCODE": "CI2604",
        "ADM3_FR": "SOUBRE",
        "ADM3_PCODE": "CI260401",
        "ADM4_FR": "YABAYO",
        "ADM4_PCODE": "C8048",
        "centerLat": 5.95007,
        "centerLng": -6.60062,
        "pop": 20086,
        "TeS_MOOV": 0.0,
        "TedS_MOOV": 100.0,
        "TR3_MOOV": 0.0,
        "TeRd_MOOV": 99.38,
        "TS_MOOV": 99.38,
        "TeS_MTN": 0.0,
        "TedS_MTN": 98.75,
        "TR3_MTN": 0.0,
        "TeRd_MTN": 100.0,
        "TS_MTN": 100.0,
        "TeS_ORANGE": 0.0,
        "TedS_ORANGE": 98.13,
        "TR3_ORANGE": 0.0,
        "TeRd_ORANGE": 97.5,
        "TS_ORANGE": 97.5,
        "rang_TeS_ORANGE": 1,
        "rang_TeS_MTN": 1,
        "rang_TeS_MOOV": 1,
        "rang_TedS_ORANGE": 3,
        "rang_TedS_MTN": 2,
        "rang_TedS_MOOV": 1,
        "rang_TR3_ORANGE": 1,
        "rang_TR3_MTN": 1,
        "rang_TR3_MOOV": 1,
        "rang_TS_ORANGE": 3,
        "rang_TS_MTN": 1,
        "rang_TS_MOOV": 2,
        "rang_TeRd_ORANGE": 3,
        "rang_TeRd_MTN": 1,
        "rang_TeRd_MOOV": 2
      },
      "id": 87
    },
    {
      "type": "Feature",
      "geometry": {
        "coordinates": [
          -5.28786,
          6.808190000000001
        ],
        "type": "Point"
      },
      "properties": {
        "ADM0_FR": "DISTRICT AUTONOME DE YAMOUSSOUKRO",
        "ADM0_PCODE": "CI05",
        "ADM1_FR": "DISTRICT AUTONOME DE YAMOUSSOUKRO",
        "ADM1_PCODE": "CI102",
        "ADM2_FR": "YAMOUSSOUKRO",
        "ADM2_PCODE": "CI0202",
        "ADM3_FR": "YAMOUSSOUKRO",
        "ADM3_PCODE": "CI020201",
        "ADM4_FR": "YAMOUSSOUKRO",
        "ADM4_PCODE": "C8092",
        "centerLat": 6.81819,
        "centerLng": -5.27786,
        "pop": 212670,
        "TeS_MOOV": 0.0,
        "TedS_MOOV": 97.27,
        "TR3_MOOV": 2.48,
        "TeRd_MOOV": 96.03,
        "TS_MOOV": 96.03,
        "TeS_MTN": 0.0,
        "TedS_MTN": 97.88,
        "TR3_MTN": 0.0,
        "TeRd_MTN": 98.09,
        "TS_MTN": 98.09,
        "TeS_ORANGE": 0.0,
        "TedS_ORANGE": 99.17,
        "TR3_ORANGE": 2.07,
        "TeRd_ORANGE": 97.50999999999999,
        "TS_ORANGE": 97.50999999999999,
        "rang_TeS_ORANGE": 1,
        "rang_TeS_MTN": 1,
        "rang_TeS_MOOV": 1,
        "rang_TedS_ORANGE": 1,
        "rang_TedS_MTN": 2,
        "rang_TedS_MOOV": 3,
        "rang_TR3_ORANGE": 2,
        "rang_TR3_MTN": 1,
        "rang_TR3_MOOV": 3,
        "rang_TS_ORANGE": 2,
        "rang_TS_MTN": 1,
        "rang_TS_MOOV": 3,
        "rang_TeRd_ORANGE": 2,
        "rang_TeRd_MTN": 1,
        "rang_TeRd_MOOV": 3
      },
      "id": 88
    },
    {
      "type": "Feature",
      "geometry": {
        "coordinates": [
          -5.41398,
          6.86876
        ],
        "type": "Point"
      },
      "properties": {
        "ADM0_FR": "DISTRICT AUTONOME DE YAMOUSSOUKRO",
        "ADM0_PCODE": "CI05",
        "ADM1_FR": "DISTRICT AUTONOME DE YAMOUSSOUKRO",
        "ADM1_PCODE": "CI102",
        "ADM2_FR": "YAMOUSSOUKRO",
        "ADM2_PCODE": "CI0202",
        "ADM3_FR": "YAMOUSSOUKRO",
        "ADM3_PCODE": "CI020201",
        "ADM4_FR": "ZATTA",
        "ADM4_PCODE": "C8337",
        "centerLat": 6.87876,
        "centerLng": -5.40398,
        "pop": 8391,
        "TeS_MOOV": 0.0,
        "TedS_MOOV": 100.0,
        "TR3_MOOV": 0.0,
        "TeRd_MOOV": 99.00999999999999,
        "TS_MOOV": 99.00999999999999,
        "TeS_MTN": 0.0,
        "TedS_MTN": 89.9,
        "TR3_MTN": 0.0,
        "TeRd_MTN": 65.66,
        "TS_MTN": 101.01,
        "TeS_ORANGE": 0.0,
        "TedS_ORANGE": 100.0,
        "TR3_ORANGE": 0.0,
        "TeRd_ORANGE": 100.0,
        "TS_ORANGE": 100.0,
        "rang_TeS_ORANGE": 1,
        "rang_TeS_MTN": 1,
        "rang_TeS_MOOV": 1,
        "rang_TedS_ORANGE": 1,
        "rang_TedS_MTN": 3,
        "rang_TedS_MOOV": 1,
        "rang_TR3_ORANGE": 1,
        "rang_TR3_MTN": 1,
        "rang_TR3_MOOV": 1,
        "rang_TS_ORANGE": 2,
        "rang_TS_MTN": 1,
        "rang_TS_MOOV": 3,
        "rang_TeRd_ORANGE": 1,
        "rang_TeRd_MTN": 3,
        "rang_TeRd_MOOV": 2
      },
      "id": 89
    }
  ]
}