{
  "type": "FeatureCollection",
  "features": [
    {
      "type": "Feature",
      "geometry": {
        "coordinates": [
          -4.02585,
          5.42515
        ],
        "type": "Point"
      },
      "properties": {
        "ADM0_FR": "DISTRICT AUTONOME D'ABIDJAN",
        "ADM0_PCODE": "CI04",
        "ADM1_FR": "DISTRICT AUTONOME D'ABIDJAN",
        "ADM1_PCODE": "CI101",
        "ADM2_FR": "ABIDJAN",
        "ADM2_PCODE": "CI0101",
        "ADM3_FR": "ABIDJAN",
        "ADM3_PCODE": "CI010101",
        "ADM4_FR": "ABOBO",
        "ADM4_PCODE": "C0029",
        "centerLat": 5.43515,
        "centerLng": -4.01585,
        "pop": 1030658,
        "TeS_MOOV": 0.0,
        "TedS_MOOV": 92.77,
        "TR3_MOOV": 0.0,
        "TeRd_MOOV": 91.67,
        "TS_MOOV": 100.0,
        "TeS_MTN": 0.0,
        "TedS_MTN": 95.77,
        "TR3_MTN": 0.0,
        "TeRd_MTN": 96.71,
        "TS_MTN": 100.0,
        "TeS_ORANGE": 0.0,
        "TedS_ORANGE": 99.38,
        "TR3_ORANGE": 2.02,
        "TeRd_ORANGE": 90.19,
        "TS_ORANGE": 100.0,
        "rang_TeS_ORANGE": 1,
        "rang_TeS_MTN": 1,
        "rang_TeS_MOOV": 1,
        "rang_TedS_ORANGE": 1,
        "rang_TedS_MTN": 2,
        "rang_TedS_MOOV": 3,
        "rang_TR3_ORANGE": 3,
        "rang_TR3_MTN": 1,
        "rang_TR3_MOOV": 1,
        "rang_TS_ORANGE": 1,
        "rang_TS_MTN": 1,
        "rang_TS_MOOV": 1,
        "rang_TeRd_ORANGE": 3,
        "rang_TeRd_MTN": 1,
        "rang_TeRd_MOOV": 2
      },
      "id": 1
    },
    {
      "type": "Feature",
      "geometry": {
        "coordinates": [
          -4.0298799999999995,
          5.361870000000001
        ],
        "type": "Point"
      },
      "properties": {
        "ADM0_FR": "DISTRICT AUTONOME D'ABIDJAN",
        "ADM0_PCODE": "CI04",
        "ADM1_FR": "DISTRICT AUTONOME D'ABIDJAN",
        "ADM1_PCODE": "CI101",
        "ADM2_FR": "ABIDJAN",
        "ADM2_PCODE": "CI0101",
        "ADM3_FR": "ABIDJAN",
        "ADM3_PCODE": "CI010101",
        "ADM4_FR": "ADJAME",
        "ADM4_PCODE": "C0133",
        "centerLat": 5.37187,
        "centerLng": -4.01988,
        "pop": 372978,
        "TeS_MOOV": 0.0,
        "TedS_MOOV": 76.69,
        "TR3_MOOV": 0.0,
        "TeRd_MOOV": 92.23,
        "TS_MOOV": 100.0,
        "TeS_MTN": 0.0,
        "TedS_MTN": 97.43,
        "TR3_MTN": 0.77,
        "TeRd_MTN": 95.89,
        "TS_MTN": 99.22999999999999,
        "TeS_ORANGE": 0.0,
        "TedS_ORANGE": 97.24000000000001,
        "TR3_ORANGE": 1.5,
        "TeRd_ORANGE": 64.16,
        "TS_ORANGE": 99.75,
        "rang_TeS_ORANGE": 1,
        "rang_TeS_MTN": 1,
        "rang_TeS_MOOV": 1,
        "rang_TedS_ORANGE": 2,
        "rang_TedS_MTN": 1,
        "rang_TedS_MOOV": 3,
        "rang_TR3_ORANGE": 3,
        "rang_TR3_MTN": 2,
        "rang_TR3_MOOV": 1,
        "rang_TS_ORANGE": 2,
        "rang_TS_MTN": 3,
        "rang_TS_MOOV": 1,
        "rang_TeRd_ORANGE": 3,
        "rang_TeRd_MTN": 1,
        "rang_TeRd_MOOV": 2
      },
      "id": 2
    },
    {
      "type": "Feature",
      "geometry": {
        "coordinates": [
          -4.06488,
          5.48466
        ],
        "type": "Point"
      },
      "properties": {
        "ADM0_FR": "DISTRICT AUTONOME D'ABIDJAN",
        "ADM0_PCODE": "CI04",
        "ADM1_FR": "DISTRICT AUTONOME D'ABIDJAN",
        "ADM1_PCODE": "CI101",
        "ADM2_FR": "ABIDJAN",
        "ADM2_PCODE": "CI0101",
        "ADM3_FR": "ANYAMA",
        "ADM3_PCODE": "CI010102",
        "ADM4_FR": "ANYAMA",
        "ADM4_PCODE": "C0570",
        "centerLat": 5.49466,
        "centerLng": -4.05488,
        "pop": 103297,
        "TeS_MOOV": 0.0,
        "TedS_MOOV": 94.89,
        "TR3_MOOV": 0.0,
        "TeRd_MOOV": 71.06,
        "TS_MOOV": 100.0,
        "TeS_MTN": 0.0,
        "TedS_MTN": 96.55,
        "TR3_MTN": 0.0,
        "TeRd_MTN": 98.28,
        "TS_MTN": 100.0,
        "TeS_ORANGE": 0.0,
        "TedS_ORANGE": 98.72,
        "TR3_ORANGE": 1.28,
        "TeRd_ORANGE": 94.04,
        "TS_ORANGE": 99.57000000000001,
        "rang_TeS_ORANGE": 1,
        "rang_TeS_MTN": 1,
        "rang_TeS_MOOV": 1,
        "rang_TedS_ORANGE": 1,
        "rang_TedS_MTN": 2,
        "rang_TedS_MOOV": 3,
        "rang_TR3_ORANGE": 3,
        "rang_TR3_MTN": 1,
        "rang_TR3_MOOV": 1,
        "rang_TS_ORANGE": 3,
        "rang_TS_MTN": 1,
        "rang_TS_MOOV": 1,
        "rang_TeRd_ORANGE": 2,
        "rang_TeRd_MTN": 1,
        "rang_TeRd_MOOV": 3
      },
      "id": 3
    },
    {
      "type": "Feature",
      "geometry": {
        "coordinates": [
          -4.06198,
          5.37219
        ],
        "type": "Point"
      },
      "properties": {
        "ADM0_FR": "DISTRICT AUTONOME D'ABIDJAN",
        "ADM0_PCODE": "CI04",
        "ADM1_FR": "DISTRICT AUTONOME D'ABIDJAN",
        "ADM1_PCODE": "CI101",
        "ADM2_FR": "ABIDJAN",
        "ADM2_PCODE": "CI0101",
        "ADM3_FR": "ABIDJAN",
        "ADM3_PCODE": "CI010101",
        "ADM4_FR": "ATTECOUBE",
        "ADM4_PCODE": "C0734",
        "centerLat": 5.38219,
        "centerLng": -4.05198,
        "pop": 260911,
        "TeS_MOOV": 0.76,
        "TedS_MOOV": 48.089999999999996,
        "TR3_MOOV": 0.38,
        "TeRd_MOOV": 47.33,
        "TS_MOOV": 99.62,
        "TeS_MTN": 0.0,
        "TedS_MTN": 96.67999999999999,
        "TR3_MTN": 0.0,
        "TeRd_MTN": 96.67999999999999,
        "TS_MTN": 100.0,
        "TeS_ORANGE": 0.37,
        "TedS_ORANGE": 96.69,
        "TR3_ORANGE": 0.74,
        "TeRd_ORANGE": 55.15,
        "TS_ORANGE": 100.0,
        "rang_TeS_ORANGE": 2,
        "rang_TeS_MTN": 1,
        "rang_TeS_MOOV": 3,
        "rang_TedS_ORANGE": 1,
        "rang_TedS_MTN": 2,
        "rang_TedS_MOOV": 3,
        "rang_TR3_ORANGE": 3,
        "rang_TR3_MTN": 1,
        "rang_TR3_MOOV": 2,
        "rang_TS_ORANGE": 1,
        "rang_TS_MTN": 1,
        "rang_TS_MOOV": 3,
        "rang_TeRd_ORANGE": 2,
        "rang_TeRd_MTN": 1,
        "rang_TeRd_MOOV": 3
      },
      "id": 4
    },
    {
      "type": "Feature",
      "geometry": {
        "coordinates": [
          -3.90704,
          5.349
        ],
        "type": "Point"
      },
      "properties": {
        "ADM0_FR": "DISTRICT AUTONOME D'ABIDJAN",
        "ADM0_PCODE": "CI04",
        "ADM1_FR": "DISTRICT AUTONOME D'ABIDJAN",
        "ADM1_PCODE": "CI101",
        "ADM2_FR": "ABIDJAN",
        "ADM2_PCODE": "CI0101",
        "ADM3_FR": "BINGERVILLE",
        "ADM3_PCODE": "CI010103",
        "ADM4_FR": "BINGERVILLE",
        "ADM4_PCODE": "C1214",
        "centerLat": 5.359,
        "centerLng": -3.89704,
        "pop": 64015,
        "TeS_MOOV": 0.0,
        "TedS_MOOV": 95.47,
        "TR3_MOOV": 0.0,
        "TeRd_MOOV": 75.07000000000001,
        "TS_MOOV": 96.6,
        "TeS_MTN": 0.0,
        "TedS_MTN": 96.14,
        "TR3_MTN": 0.0,
        "TeRd_MTN": 98.55000000000001,
        "TS_MTN": 100.0,
        "TeS_ORANGE": 0.0,
        "TedS_ORANGE": 99.52,
        "TR3_ORANGE": 4.05,
        "TeRd_ORANGE": 75.48,
        "TS_ORANGE": 96.67,
        "rang_TeS_ORANGE": 1,
        "rang_TeS_MTN": 1,
        "rang_TeS_MOOV": 1,
        "rang_TedS_ORANGE": 1,
        "rang_TedS_MTN": 2,
        "rang_TedS_MOOV": 3,
        "rang_TR3_ORANGE": 3,
        "rang_TR3_MTN": 1,
        "rang_TR3_MOOV": 1,
        "rang_TS_ORANGE": 2,
        "rang_TS_MTN": 1,
        "rang_TS_MOOV": 3,
        "rang_TeRd_ORANGE": 2,
        "rang_TeRd_MTN": 1,
        "rang_TeRd_MOOV": 3
      },
      "id": 5
    },
    {
      "type": "Feature",
      "geometry": {
        "coordinates": [
          -3.97089,
          5.363
        ],
        "type": "Point"
      },
      "properties": {
        "ADM0_FR": "DISTRICT AUTONOME D'ABIDJAN",
        "ADM0_PCODE": "CI04",
        "ADM1_FR": "DISTRICT AUTONOME D'ABIDJAN",
        "ADM1_PCODE": "CI101",
        "ADM2_FR": "ABIDJAN",
        "ADM2_PCODE": "CI0101",
        "ADM3_FR": "ABIDJAN",
        "ADM3_PCODE": "CI010101",
        "ADM4_FR": "COCODY",
        "ADM4_PCODE": "C1672",
        "centerLat": 5.373,
        "centerLng": -3.96089,
        "pop": 447055,
        "TeS_MOOV": 0.0,
        "TedS_MOOV": 89.35,
        "TR3_MOOV": 0.0,
        "TeRd_MOOV": 67.17999999999999,
        "TS_MOOV": 100.0,
        "TeS_MTN": 0.0,
        "TedS_MTN": 95.86,
        "TR3_MTN": 0.0,
        "TeRd_MTN": 96.03,
        "TS_MTN": 99.83,
        "TeS_ORANGE": 0.0,
        "TedS_ORANGE": 97.42,
        "TR3_ORANGE": 2.23,
        "TeRd_ORANGE": 76.29,
        "TS_ORANGE": 99.48,
        "rang_TeS_ORANGE": 1,
        "rang_TeS_MTN": 1,
        "rang_TeS_MOOV": 1,
        "rang_TedS_ORANGE": 1,
        "rang_TedS_MTN": 2,
        "rang_TedS_MOOV": 3,
        "rang_TR3_ORANGE": 3,
        "rang_TR3_MTN": 1,
        "rang_TR3_MOOV": 1,
        "rang_TS_ORANGE": 3,
        "rang_TS_MTN": 2,
        "rang_TS_MOOV": 1,
        "rang_TeRd_ORANGE": 2,
        "rang_TeRd_MTN": 1,
        "rang_TeRd_MOOV": 3
      },
      "id": 6
    },
    {
      "type": "Feature",
      "geometry": {
        "coordinates": [
          -3.73689,
          5.18266
        ],
        "type": "Point"
      },
      "properties": {
        "ADM0_FR": "COMOE",
        "ADM0_PCODE": "CI02",
        "ADM1_FR": "SUD-COMOE",
        "ADM1_PCODE": "CI130",
        "ADM2_FR": "GRAND-BASSAM",
        "ADM2_PCODE": "CI3003",
        "ADM3_FR": "GRAND-BASSAM",
        "ADM3_PCODE": "CI300303",
        "ADM4_FR": "GRAND-BASSAM",
        "ADM4_PCODE": "C3367",
        "centerLat": 5.19266,
        "centerLng": -3.72689,
        "pop": 74671,
        "TeS_MOOV": 0.0,
        "TedS_MOOV": 74.49,
        "TR3_MOOV": 0.0,
        "TeRd_MOOV": 63.27,
        "TS_MOOV": 100.0,
        "TeS_MTN": 0.0,
        "TedS_MTN": 98.0,
        "TR3_MTN": 0.0,
        "TeRd_MTN": 97.0,
        "TS_MTN": 100.0,
        "TeS_ORANGE": 0.0,
        "TedS_ORANGE": 97.97,
        "TR3_ORANGE": 1.02,
        "TeRd_ORANGE": 40.1,
        "TS_ORANGE": 100.0,
        "rang_TeS_ORANGE": 1,
        "rang_TeS_MTN": 1,
        "rang_TeS_MOOV": 1,
        "rang_TedS_ORANGE": 2,
        "rang_TedS_MTN": 1,
        "rang_TedS_MOOV": 3,
        "rang_TR3_ORANGE": 3,
        "rang_TR3_MTN": 1,
        "rang_TR3_MOOV": 1,
        "rang_TS_ORANGE": 1,
        "rang_TS_MTN": 1,
        "rang_TS_MOOV": 1,
        "rang_TeRd_ORANGE": 3,
        "rang_TeRd_MTN": 1,
        "rang_TeRd_MOOV": 2
      },
      "id": 7
    },
    {
      "type": "Feature",
      "geometry": {
        "coordinates": [
          -3.95836,
          5.29249
        ],
        "type": "Point"
      },
      "properties": {
        "ADM0_FR": "DISTRICT AUTONOME D'ABIDJAN",
        "ADM0_PCODE": "CI04",
        "ADM1_FR": "DISTRICT AUTONOME D'ABIDJAN",
        "ADM1_PCODE": "CI101",
        "ADM2_FR": "ABIDJAN",
        "ADM2_PCODE": "CI0101",
        "ADM3_FR": "ABIDJAN",
        "ADM3_PCODE": "CI010101",
        "ADM4_FR": "KOUMASSI",
        "ADM4_PCODE": "C4694",
        "centerLat": 5.30249,
        "centerLng": -3.94836,
        "pop": 433139,
        "TeS_MOOV": 0.0,
        "TedS_MOOV": 92.47,
        "TR3_MOOV": 2.0500000000000003,
        "TeRd_MOOV": 73.97,
        "TS_MOOV": 97.95,
        "TeS_MTN": 0.0,
        "TedS_MTN": 95.76,
        "TR3_MTN": 0.0,
        "TeRd_MTN": 95.05,
        "TS_MTN": 100.0,
        "TeS_ORANGE": 0.35000000000000003,
        "TedS_ORANGE": 98.95,
        "TR3_ORANGE": 1.05,
        "TeRd_ORANGE": 70.38,
        "TS_ORANGE": 99.65,
        "rang_TeS_ORANGE": 3,
        "rang_TeS_MTN": 1,
        "rang_TeS_MOOV": 1,
        "rang_TedS_ORANGE": 1,
        "rang_TedS_MTN": 2,
        "rang_TedS_MOOV": 3,
        "rang_TR3_ORANGE": 2,
        "rang_TR3_MTN": 1,
        "rang_TR3_MOOV": 3,
        "rang_TS_ORANGE": 2,
        "rang_TS_MTN": 1,
        "rang_TS_MOOV": 3,
        "rang_TeRd_ORANGE": 3,
        "rang_TeRd_MTN": 1,
        "rang_TeRd_MOOV": 2
      },
      "id": 8
    },
    {
      "type": "Feature",
      "geometry": {
        "coordinates": [
          -3.99251,
          5.28932
        ],
        "type": "Point"
      },
      "properties": {
        "ADM0_FR": "DISTRICT AUTONOME D'ABIDJAN",
        "ADM0_PCODE": "CI04",
        "ADM1_FR": "DISTRICT AUTONOME D'ABIDJAN",
        "ADM1_PCODE": "CI101",
        "ADM2_FR": "ABIDJAN",
        "ADM2_PCODE": "CI0101",
        "ADM3_FR": "ABIDJAN",
        "ADM3_PCODE": "CI010101",
        "ADM4_FR": "MARCORY",
        "ADM4_PCODE": "C5375",
        "centerLat": 5.29932,
        "centerLng": -3.98251,
        "pop": 249858,
        "TeS_MOOV": 0.0,
        "TedS_MOOV": 90.75,
        "TR3_MOOV": 0.36,
        "TeRd_MOOV": 71.17,
        "TS_MOOV": 99.64,
        "TeS_MTN": 0.0,
        "TedS_MTN": 100.0,
        "TR3_MTN": 0.0,
        "TeRd_MTN": 96.78999999999999,
        "TS_MTN": 100.0,
        "TeS_ORANGE": 0.0,
        "TedS_ORANGE": 98.57000000000001,
        "TR3_ORANGE": 0.36,
        "TeRd_ORANGE": 71.43,
        "TS_ORANGE": 100.0,
        "rang_TeS_ORANGE": 1,
        "rang_TeS_MTN": 1,
        "rang_TeS_MOOV": 1,
        "rang_TedS_ORANGE": 2,
        "rang_TedS_MTN": 1,
        "rang_TedS_MOOV": 3,
        "rang_TR3_ORANGE": 2,
        "rang_TR3_MTN": 1,
        "rang_TR3_MOOV": 2,
        "rang_TS_ORANGE": 1,
        "rang_TS_MTN": 1,
        "rang_TS_MOOV": 3,
        "rang_TeRd_ORANGE": 2,
        "rang_TeRd_MTN": 1,
        "rang_TeRd_MOOV": 3
      },
      "id": 9
    },
    {
      "type": "Feature",
      "geometry": {
        "coordinates": [
          -4.0316399999999994,
          5.31517
        ],
        "type": "Point"
      },
      "properties": {
        "ADM0_FR": "DISTRICT AUTONOME D'ABIDJAN",
        "ADM0_PCODE": "CI04",
        "ADM1_FR": "DISTRICT AUTONOME D'ABIDJAN",
        "ADM1_PCODE": "CI101",
        "ADM2_FR": "ABIDJAN",
        "ADM2_PCODE": "CI0101",
        "ADM3_FR": "ABIDJAN",
        "ADM3_PCODE": "CI010101",
        "ADM4_FR": "PLATEAU",
        "ADM4_PCODE": "C6556",
        "centerLat": 5.32517,
        "centerLng": -4.02164,
        "pop": 7488,
        "TeS_MOOV": 0.0,
        "TedS_MOOV": 72.89999999999999,
        "TR3_MOOV": 0.0,
        "TeRd_MOOV": 83.23,
        "TS_MOOV": 100.0,
        "TeS_MTN": 0.0,
        "TedS_MTN": 97.58,
        "TR3_MTN": 3.0300000000000002,
        "TeRd_MTN": 92.12,
        "TS_MTN": 96.97,
        "TeS_ORANGE": 0.0,
        "TedS_ORANGE": 91.93,
        "TR3_ORANGE": 1.8599999999999999,
        "TeRd_ORANGE": 65.84,
        "TS_ORANGE": 95.65,
        "rang_TeS_ORANGE": 1,
        "rang_TeS_MTN": 1,
        "rang_TeS_MOOV": 1,
        "rang_TedS_ORANGE": 2,
        "rang_TedS_MTN": 1,
        "rang_TedS_MOOV": 3,
        "rang_TR3_ORANGE": 2,
        "rang_TR3_MTN": 3,
        "rang_TR3_MOOV": 1,
        "rang_TS_ORANGE": 3,
        "rang_TS_MTN": 2,
        "rang_TS_MOOV": 1,
        "rang_TeRd_ORANGE": 3,
        "rang_TeRd_MTN": 1,
        "rang_TeRd_MOOV": 2
      },
      "id": 10
    },
    {
      "type": "Feature",
      "geometry": {
        "coordinates": [
          -3.968626,
          5.246881
        ],
        "type": "Point"
      },
      "properties": {
        "ADM0_FR": "DISTRICT AUTONOME D'ABIDJAN",
        "ADM0_PCODE": "CI04",
        "ADM1_FR": "DISTRICT AUTONOME D'ABIDJAN",
        "ADM1_PCODE": "CI101",
        "ADM2_FR": "ABIDJAN",
        "ADM2_PCODE": "CI0101",
        "ADM3_FR": "ABIDJAN",
        "ADM3_PCODE": "CI010101",
        "ADM4_FR": "PORT-BOUET",
        "ADM4_PCODE": "C6619",
        "centerLat": 5.256881,
        "centerLng": -3.958626,
        "pop": 419033,
        "TeS_MOOV": 0.0,
        "TedS_MOOV": 98.86,
        "TR3_MOOV": 28.410000000000004,
        "TeRd_MOOV": 73.86,
        "TS_MOOV": 100.0,
        "TeS_MTN": 0.0,
        "TedS_MTN": 93.10000000000001,
        "TR3_MTN": 0.0,
        "TeRd_MTN": 98.85000000000001,
        "TS_MTN": 100.0,
        "TeS_ORANGE": 0.0,
        "TedS_ORANGE": 97.7,
        "TR3_ORANGE": 29.89,
        "TeRd_ORANGE": 28.74,
        "TS_ORANGE": 98.85000000000001,
        "rang_TeS_ORANGE": 1,
        "rang_TeS_MTN": 1,
        "rang_TeS_MOOV": 1,
        "rang_TedS_ORANGE": 2,
        "rang_TedS_MTN": 3,
        "rang_TedS_MOOV": 1,
        "rang_TR3_ORANGE": 3,
        "rang_TR3_MTN": 1,
        "rang_TR3_MOOV": 2,
        "rang_TS_ORANGE": 3,
        "rang_TS_MTN": 1,
        "rang_TS_MOOV": 1,
        "rang_TeRd_ORANGE": 3,
        "rang_TeRd_MTN": 1,
        "rang_TeRd_MOOV": 2
      },
      "id": 11
    },
    {
      "type": "Feature",
      "geometry": {
        "coordinates": [
          -4.02044,
          5.2809800000000005
        ],
        "type": "Point"
      },
      "properties": {
        "ADM0_FR": "DISTRICT AUTONOME D'ABIDJAN",
        "ADM0_PCODE": "CI04",
        "ADM1_FR": "DISTRICT AUTONOME D'ABIDJAN",
        "ADM1_PCODE": "CI101",
        "ADM2_FR": "ABIDJAN",
        "ADM2_PCODE": "CI0101",
        "ADM3_FR": "ABIDJAN",
        "ADM3_PCODE": "CI010101",
        "ADM4_FR": "TREICHVILLE",
        "ADM4_PCODE": "C7913",
        "centerLat": 5.29098,
        "centerLng": -4.01044,
        "pop": 102580,
        "TeS_MOOV": 0.0,
        "TedS_MOOV": 96.58,
        "TR3_MOOV": 0.0,
        "TeRd_MOOV": 65.07,
        "TS_MOOV": 100.0,
        "TeS_MTN": 0.0,
        "TedS_MTN": 97.94,
        "TR3_MTN": 0.0,
        "TeRd_MTN": 97.25,
        "TS_MTN": 100.0,
        "TeS_ORANGE": 0.74,
        "TedS_ORANGE": 98.50999999999999,
        "TR3_ORANGE": 2.9899999999999998,
        "TeRd_ORANGE": 74.25,
        "TS_ORANGE": 99.63,
        "rang_TeS_ORANGE": 3,
        "rang_TeS_MTN": 1,
        "rang_TeS_MOOV": 1,
        "rang_TedS_ORANGE": 1,
        "rang_TedS_MTN": 2,
        "rang_TedS_MOOV": 3,
        "rang_TR3_ORANGE": 3,
        "rang_TR3_MTN": 1,
        "rang_TR3_MOOV": 1,
        "rang_TS_ORANGE": 3,
        "rang_TS_MTN": 1,
        "rang_TS_MOOV": 1,
        "rang_TeRd_ORANGE": 2,
        "rang_TeRd_MTN": 1,
        "rang_TeRd_MOOV": 3
      },
      "id": 12
    },
    {
      "type": "Feature",
      "geometry": {
        "coordinates": [
          -4.10015,
          5.2984800000000005
        ],
        "type": "Point"
      },
      "properties": {
        "ADM0_FR": "DISTRICT AUTONOME D'ABIDJAN",
        "ADM0_PCODE": "CI04",
        "ADM1_FR": "DISTRICT AUTONOME D'ABIDJAN",
        "ADM1_PCODE": "CI101",
        "ADM2_FR": "ABIDJAN",
        "ADM2_PCODE": "CI0101",
        "ADM3_FR": "ABIDJAN",
        "ADM3_PCODE": "CI010101",
        "ADM4_FR": "YOPOUGON",
        "ADM4_PCODE": "C8230",
        "centerLat": 5.30848,
        "centerLng": -4.09015,
        "pop": 1071543,
        "TeS_MOOV": 0.2,
        "TedS_MOOV": 65.62,
        "TR3_MOOV": 0.38999999999999996,
        "TeRd_MOOV": 69.74000000000001,
        "TS_MOOV": 99.61,
        "TeS_MTN": 0.0,
        "TedS_MTN": 98.17,
        "TR3_MTN": 0.0,
        "TeRd_MTN": 97.25,
        "TS_MTN": 100.0,
        "TeS_ORANGE": 0.0,
        "TedS_ORANGE": 94.78999999999999,
        "TR3_ORANGE": 1.6199999999999999,
        "TeRd_ORANGE": 71.45,
        "TS_ORANGE": 99.82,
        "rang_TeS_ORANGE": 1,
        "rang_TeS_MTN": 1,
        "rang_TeS_MOOV": 3,
        "rang_TedS_ORANGE": 2,
        "rang_TedS_MTN": 1,
        "rang_TedS_MOOV": 3,
        "rang_TR3_ORANGE": 3,
        "rang_TR3_MTN": 1,
        "rang_TR3_MOOV": 2,
        "rang_TS_ORANGE": 2,
        "rang_TS_MTN": 1,
        "rang_TS_MOOV": 3,
        "rang_TeRd_ORANGE": 2,
        "rang_TeRd_MTN": 1,
        "rang_TeRd_MOOV": 3
      },
      "id": 13
    },
    {
      "type": "Feature",
      "geometry": {
        "coordinates": [
          -3.50676,
          6.7183600000000006
        ],
        "type": "Point"
      },
      "properties": {
        "ADM0_FR": "COMOE",
        "ADM0_PCODE": "CI02",
        "ADM1_FR": "INDENIE-DJUABLIN",
        "ADM1_PCODE": "CI120",
        "ADM2_FR": "ABENGOUROU",
        "ADM2_PCODE": "CI2001",
        "ADM3_FR": "ABENGOUROU",
        "ADM3_PCODE": "CI200101",
        "ADM4_FR": "ABENGOUROU",
        "ADM4_PCODE": "C0014",
        "centerLat": 6.72836,
        "centerLng": -3.49676,
        "pop": 100910,
        "TeS_MOOV": 0.0,
        "TedS_MOOV": 71.69,
        "TR3_MOOV": 0.0,
        "TeRd_MOOV": 42.17,
        "TS_MOOV": 75.0,
        "TeS_MTN": 0.0,
        "TedS_MTN": 98.79,
        "TR3_MTN": 0.0,
        "TeRd_MTN": 97.88,
        "TS_MTN": 100.0,
        "TeS_ORANGE": 0.0,
        "TedS_ORANGE": 9.89,
        "TR3_ORANGE": 1.41,
        "TeRd_ORANGE": 91.86999999999999,
        "TS_ORANGE": 98.59,
        "rang_TeS_ORANGE": 1,
        "rang_TeS_MTN": 1,
        "rang_TeS_MOOV": 1,
        "rang_TedS_ORANGE": 3,
        "rang_TedS_MTN": 1,
        "rang_TedS_MOOV": 2,
        "rang_TR3_ORANGE": 3,
        "rang_TR3_MTN": 1,
        "rang_TR3_MOOV": 1,
        "rang_TS_ORANGE": 2,
        "rang_TS_MTN": 1,
        "rang_TS_MOOV": 3,
        "rang_TeRd_ORANGE": 2,
        "rang_TeRd_MTN": 1,
        "rang_TeRd_MOOV": 3
      },
      "id": 14
    },
    {
      "type": "Feature",
      "geometry": {
        "coordinates": [
          -3.21677,
          5.46457
        ],
        "type": "Point"
      },
      "properties": {
        "ADM0_FR": "COMOE",
        "ADM0_PCODE": "CI02",
        "ADM1_FR": "SUD-COMOE",
        "ADM1_PCODE": "CI130",
        "ADM2_FR": "ABOISSO",
        "ADM2_PCODE": "CI3001",
        "ADM3_FR": "ABOISSO",
        "ADM3_PCODE": "CI300101",
        "ADM4_FR": "ABOISSO",
        "ADM4_PCODE": "C0033",
        "centerLat": 5.47457,
        "centerLng": -3.20677,
        "pop": 45688,
        "TeS_MOOV": 0.0,
        "TedS_MOOV": 88.56,
        "TR3_MOOV": 39.85,
        "TeRd_MOOV": 31.369999999999997,
        "TS_MOOV": 60.150000000000006,
        "TeS_MTN": 0.0,
        "TedS_MTN": 92.0,
        "TR3_MTN": 0.0,
        "TeRd_MTN": 92.0,
        "TS_MTN": 100.0,
        "TeS_ORANGE": 0.0,
        "TedS_ORANGE": 98.79,
        "TR3_ORANGE": 1.82,
        "TeRd_ORANGE": 38.79,
        "TS_ORANGE": 100.0,
        "rang_TeS_ORANGE": 1,
        "rang_TeS_MTN": 1,
        "rang_TeS_MOOV": 1,
        "rang_TedS_ORANGE": 1,
        "rang_TedS_MTN": 2,
        "rang_TedS_MOOV": 3,
        "rang_TR3_ORANGE": 2,
        "rang_TR3_MTN": 1,
        "rang_TR3_MOOV": 3,
        "rang_TS_ORANGE": 1,
        "rang_TS_MTN": 1,
        "rang_TS_MOOV": 3,
        "rang_TeRd_ORANGE": 2,
        "rang_TeRd_MTN": 1,
        "rang_TeRd_MOOV": 3
      },
      "id": 15
    },
    {
      "type": "Feature",
      "geometry": {
        "coordinates": [
          -3.31166,
          5.276730000000001
        ],
        "type": "Point"
      },
      "properties": {
        "ADM0_FR": "COMOE",
        "ADM0_PCODE": "CI02",
        "ADM1_FR": "SUD-COMOE",
        "ADM1_PCODE": "CI130",
        "ADM2_FR": "ADIAKE",
        "ADM2_PCODE": "CI3002",
        "ADM3_FR": "ADIAKE",
        "ADM3_PCODE": "CI300201",
        "ADM4_FR": "ADIAKÉ",
        "ADM4_PCODE": "C0106",
        "centerLat": 5.28673,
        "centerLng": -3.30166,
        "pop": 19055,
        "TeS_MOOV": 0.0,
        "TedS_MOOV": 77.25,
        "TR3_MOOV": 0.0,
        "TeRd_MOOV": 34.73,
        "TS_MOOV": 100.0,
        "TeS_MTN": 0.0,
        "TedS_MTN": 89.82,
        "TR3_MTN": 0.0,
        "TeRd_MTN": 97.6,
        "TS_MTN": 100.0,
        "TeS_ORANGE": 0.0,
        "TedS_ORANGE": 88.1,
        "TR3_ORANGE": 2.3800000000000003,
        "TeRd_ORANGE": 64.88000000000001,
        "TS_ORANGE": 88.69,
        "rang_TeS_ORANGE": 1,
        "rang_TeS_MTN": 1,
        "rang_TeS_MOOV": 1,
        "rang_TedS_ORANGE": 2,
        "rang_TedS_MTN": 1,
        "rang_TedS_MOOV": 3,
        "rang_TR3_ORANGE": 3,
        "rang_TR3_MTN": 1,
        "rang_TR3_MOOV": 1,
        "rang_TS_ORANGE": 3,
        "rang_TS_MTN": 1,
        "rang_TS_MOOV": 1,
        "rang_TeRd_ORANGE": 2,
        "rang_TeRd_MTN": 1,
        "rang_TeRd_MOOV": 3
      },
      "id": 16
    },
    {
      "type": "Feature",
      "geometry": {
        "coordinates": [
          -3.87622,
          6.099600000000001
        ],
        "type": "Point"
      },
      "properties": {
        "ADM0_FR": "LAGUNES",
        "ADM0_PCODE": "CI08",
        "ADM1_FR": "LA ME",
        "ADM1_PCODE": "CI124",
        "ADM2_FR": "ADZOPE",
        "ADM2_PCODE": "CI2401",
        "ADM3_FR": "ADZOPE",
        "ADM3_PCODE": "CI240101",
        "ADM4_FR": "ADZOPE",
        "ADM4_PCODE": "C0176",
        "centerLat": 6.1096,
        "centerLng": -3.86622,
        "pop": 58722,
        "TeS_MOOV": 0.0,
        "TedS_MOOV": 98.35000000000001,
        "TR3_MOOV": 0.0,
        "TeRd_MOOV": 40.08,
        "TS_MOOV": 100.0,
        "TeS_MTN": 0.0,
        "TedS_MTN": 97.47,
        "TR3_MTN": 0.0,
        "TeRd_MTN": 99.16,
        "TS_MTN": 100.0,
        "TeS_ORANGE": 0.0,
        "TedS_ORANGE": 97.46000000000001,
        "TR3_ORANGE": 2.54,
        "TeRd_ORANGE": 37.71,
        "TS_ORANGE": 100.0,
        "rang_TeS_ORANGE": 1,
        "rang_TeS_MTN": 1,
        "rang_TeS_MOOV": 1,
        "rang_TedS_ORANGE": 3,
        "rang_TedS_MTN": 2,
        "rang_TedS_MOOV": 1,
        "rang_TR3_ORANGE": 3,
        "rang_TR3_MTN": 1,
        "rang_TR3_MOOV": 1,
        "rang_TS_ORANGE": 1,
        "rang_TS_MTN": 1,
        "rang_TS_MOOV": 1,
        "rang_TeRd_ORANGE": 3,
        "rang_TeRd_MTN": 1,
        "rang_TeRd_MOOV": 2
      },
      "id": 17
    },
    {
      "type": "Feature",
      "geometry": {
        "coordinates": [
          -3.52942,
          7.74001
        ],
        "type": "Point"
      },
      "properties": {
        "ADM0_FR": "ZANZAN",
        "ADM0_PCODE": "CI14",
        "ADM1_FR": "GONTOUGO",
        "ADM1_PCODE": "CI114",
        "ADM2_FR": "KOUN-FAO",
        "ADM2_PCODE": "CI1402",
        "ADM3_FR": "KOUASSI-DATEKRO",
        "ADM3_PCODE": "CI140204",
        "ADM4_FR": "AFFÉRY",
        "ADM4_PCODE": "C0184",
        "centerLat": 7.75001,
        "centerLng": -3.51942,
        "pop": 442,
        "TeS_MOOV": 0.0,
        "TedS_MOOV": 75.74,
        "TR3_MOOV": 0.0,
        "TeRd_MOOV": 47.79,
        "TS_MOOV": 100.0,
        "TeS_MTN": 0.0,
        "TedS_MTN": 0.0,
        "TR3_MTN": 0.0,
        "TeRd_MTN": 100.0,
        "TS_MTN": 100.0,
        "TeS_ORANGE": 0.0,
        "TedS_ORANGE": 10.37,
        "TR3_ORANGE": 0.0,
        "TeRd_ORANGE": 11.110000000000001,
        "TS_ORANGE": 100.0,
        "rang_TeS_ORANGE": 1,
        "rang_TeS_MTN": 1,
        "rang_TeS_MOOV": 1,
        "rang_TedS_ORANGE": 2,
        "rang_TedS_MTN": 3,
        "rang_TedS_MOOV": 1,
        "rang_TR3_ORANGE": 1,
        "rang_TR3_MTN": 1,
        "rang_TR3_MOOV": 1,
        "rang_TS_ORANGE": 1,
        "rang_TS_MTN": 1,
        "rang_TS_MOOV": 1,
        "rang_TeRd_ORANGE": 3,
        "rang_TeRd_MTN": 1,
        "rang_TeRd_MOOV": 2
      },
      "id": 18
    },
    {
      "type": "Feature",
      "geometry": {
        "coordinates": [
          -3.21278,
          7.119870000000001
        ],
        "type": "Point"
      },
      "properties": {
        "ADM0_FR": "COMOE",
        "ADM0_PCODE": "CI02",
        "ADM1_FR": "INDENIE-DJUABLIN",
        "ADM1_PCODE": "CI120",
        "ADM2_FR": "AGNIBILEKROU",
        "ADM2_PCODE": "CI2002",
        "ADM3_FR": "AGNIBILEKROU",
        "ADM3_PCODE": "CI200201",
        "ADM4_FR": "AGNIBILEKROU",
        "ADM4_PCODE": "C0224",
        "centerLat": 7.12987,
        "centerLng": -3.20278,
        "pop": 48611,
        "TeS_MOOV": 0.0,
        "TedS_MOOV": 14.29,
        "TR3_MOOV": 0.0,
        "TeRd_MOOV": 9.71,
        "TS_MOOV": 16.57,
        "TeS_MTN": 0.0,
        "TedS_MTN": 99.42999999999999,
        "TR3_MTN": 0.0,
        "TeRd_MTN": 97.71,
        "TS_MTN": 100.0,
        "TeS_ORANGE": 0.0,
        "TedS_ORANGE": 99.42999999999999,
        "TR3_ORANGE": 2.86,
        "TeRd_ORANGE": 87.42999999999999,
        "TS_ORANGE": 100.0,
        "rang_TeS_ORANGE": 1,
        "rang_TeS_MTN": 1,
        "rang_TeS_MOOV": 1,
        "rang_TedS_ORANGE": 1,
        "rang_TedS_MTN": 1,
        "rang_TedS_MOOV": 3,
        "rang_TR3_ORANGE": 3,
        "rang_TR3_MTN": 1,
        "rang_TR3_MOOV": 1,
        "rang_TS_ORANGE": 1,
        "rang_TS_MTN": 1,
        "rang_TS_MOOV": 3,
        "rang_TeRd_ORANGE": 2,
        "rang_TeRd_MTN": 1,
        "rang_TeRd_MOOV": 3
      },
      "id": 19
    },
    {
      "type": "Feature",
      "geometry": {
        "coordinates": [
          -3.8977899999999996,
          6.37525
        ],
        "type": "Point"
      },
      "properties": {
        "ADM0_FR": "LAGUNES",
        "ADM0_PCODE": "CI08",
        "ADM1_FR": "LA ME",
        "ADM1_PCODE": "CI124",
        "ADM2_FR": "AKOUPE",
        "ADM2_PCODE": "CI2402",
        "ADM3_FR": "AKOUPE",
        "ADM3_PCODE": "CI240202",
        "ADM4_FR": "AKOUPE",
        "ADM4_PCODE": "C0363",
        "centerLat": 6.38525,
        "centerLng": -3.88779,
        "pop": 26668,
        "TeS_MOOV": 0.0,
        "TedS_MOOV": 98.4,
        "TR3_MOOV": 0.0,
        "TeRd_MOOV": 41.6,
        "TS_MOOV": 100.0,
        "TeS_MTN": 0.0,
        "TedS_MTN": 96.8,
        "TR3_MTN": 0.0,
        "TeRd_MTN": 96.8,
        "TS_MTN": 100.0,
        "TeS_ORANGE": 0.0,
        "TedS_ORANGE": 12.0,
        "TR3_ORANGE": 2.4,
        "TeRd_ORANGE": 84.8,
        "TS_ORANGE": 100.0,
        "rang_TeS_ORANGE": 1,
        "rang_TeS_MTN": 1,
        "rang_TeS_MOOV": 1,
        "rang_TedS_ORANGE": 3,
        "rang_TedS_MTN": 2,
        "rang_TedS_MOOV": 1,
        "rang_TR3_ORANGE": 3,
        "rang_TR3_MTN": 1,
        "rang_TR3_MOOV": 1,
        "rang_TS_ORANGE": 1,
        "rang_TS_MTN": 1,
        "rang_TS_MOOV": 1,
        "rang_TeRd_ORANGE": 2,
        "rang_TeRd_MTN": 1,
        "rang_TeRd_MOOV": 3
      },
      "id": 20
    },
    {
      "type": "Feature",
      "geometry": {
        "coordinates": [
          -3.9795399999999996,
          6.66259
        ],
        "type": "Point"
      },
      "properties": {
        "ADM0_FR": "LACS",
        "ADM0_PCODE": "CI07",
        "ADM1_FR": "MORONOU",
        "ADM1_PCODE": "CI125",
        "ADM2_FR": "ARRAH",
        "ADM2_PCODE": "CI2501",
        "ADM3_FR": "ARRAH",
        "ADM3_PCODE": "CI250101",
        "ADM4_FR": "ARRAH",
        "ADM4_PCODE": "C0600",
        "centerLat": 6.67259,
        "centerLng": -3.96954,
        "pop": 24122,
        "TeS_MOOV": 0.0,
        "TedS_MOOV": 94.89,
        "TR3_MOOV": 0.0,
        "TeRd_MOOV": 95.45,
        "TS_MOOV": 100.0,
        "TeS_MTN": 0.0,
        "TedS_MTN": 81.82000000000001,
        "TR3_MTN": 0.0,
        "TeRd_MTN": 100.0,
        "TS_MTN": 100.0,
        "TeS_ORANGE": 0.0,
        "TedS_ORANGE": 97.13000000000001,
        "TR3_ORANGE": 1.72,
        "TeRd_ORANGE": 72.41,
        "TS_ORANGE": 98.28,
        "rang_TeS_ORANGE": 1,
        "rang_TeS_MTN": 1,
        "rang_TeS_MOOV": 1,
        "rang_TedS_ORANGE": 1,
        "rang_TedS_MTN": 3,
        "rang_TedS_MOOV": 2,
        "rang_TR3_ORANGE": 3,
        "rang_TR3_MTN": 1,
        "rang_TR3_MOOV": 1,
        "rang_TS_ORANGE": 3,
        "rang_TS_MTN": 1,
        "rang_TS_MOOV": 1,
        "rang_TeRd_ORANGE": 3,
        "rang_TeRd_MTN": 1,
        "rang_TeRd_MOOV": 2
      },
      "id": 21
    },
    {
      "type": "Feature",
      "geometry": {
        "coordinates": [
          -4.09075,
          5.63569
        ],
        "type": "Point"
      },
      "properties": {
        "ADM0_FR": "LAGUNES",
        "ADM0_PCODE": "CI08",
        "ADM1_FR": "AGNEBY-TIASSA",
        "ADM1_PCODE": "CI103",
        "ADM2_FR": "AGBOVILLE",
        "ADM2_PCODE": "CI0301",
        "ADM3_FR": "AZAGUIE",
        "ADM3_PCODE": "CI030105",
        "ADM4_FR": "AZAGUIÉ",
        "ADM4_PCODE": "C0780",
        "centerLat": 5.64569,
        "centerLng": -4.08075,
        "pop": 13876,
        "TeS_MOOV": 0.0,
        "TedS_MOOV": 100.0,
        "TR3_MOOV": 0.61,
        "TeRd_MOOV": 98.18,
        "TS_MOOV": 99.39,
        "TeS_MTN": 1.79,
        "TedS_MTN": 44.24,
        "TR3_MTN": 3.64,
        "TeRd_MTN": 88.48,
        "TS_MTN": 96.97,
        "TeS_ORANGE": 0.0,
        "TedS_ORANGE": 97.58,
        "TR3_ORANGE": 3.64,
        "TeRd_ORANGE": 3.64,
        "TS_ORANGE": 98.79,
        "rang_TeS_ORANGE": 1,
        "rang_TeS_MTN": 3,
        "rang_TeS_MOOV": 1,
        "rang_TedS_ORANGE": 2,
        "rang_TedS_MTN": 3,
        "rang_TedS_MOOV": 1,
        "rang_TR3_ORANGE": 2,
        "rang_TR3_MTN": 2,
        "rang_TR3_MOOV": 1,
        "rang_TS_ORANGE": 2,
        "rang_TS_MTN": 3,
        "rang_TS_MOOV": 1,
        "rang_TeRd_ORANGE": 3,
        "rang_TeRd_MTN": 2,
        "rang_TeRd_MOOV": 1
      },
      "id": 22
    },
    {
      "type": "Feature",
      "geometry": {
        "coordinates": [
          -6.0368699999999995,
          5.42337
        ],
        "type": "Point"
      },
      "properties": {
        "ADM0_FR": "BAS-SASSANDRA",
        "ADM0_PCODE": "CI01",
        "ADM1_FR": "NAWA",
        "ADM1_PCODE": "CI126",
        "ADM2_FR": "GUEYO",
        "ADM2_PCODE": "CI2602",
        "ADM3_FR": "DABOUYO",
        "ADM3_PCODE": "CI260202",
        "ADM4_FR": "BALÉKO",
        "ADM4_PCODE": "C0888",
        "centerLat": 5.43337,
        "centerLng": -6.02687,
        "pop": 4971,
        "TeS_MOOV": 0.0,
        "TedS_MOOV": 100.0,
        "TR3_MOOV": 0.0,
        "TeRd_MOOV": 31.680000000000003,
        "TS_MOOV": 100.0,
        "TeS_MTN": 0.0,
        "TedS_MTN": 99.00999999999999,
        "TR3_MTN": 0.0,
        "TeRd_MTN": 99.00999999999999,
        "TS_MTN": 100.0,
        "TeS_ORANGE": 0.0,
        "TedS_ORANGE": 98.02,
        "TR3_ORANGE": 2.97,
        "TeRd_ORANGE": 26.729999999999997,
        "TS_ORANGE": 100.0,
        "rang_TeS_ORANGE": 1,
        "rang_TeS_MTN": 1,
        "rang_TeS_MOOV": 1,
        "rang_TedS_ORANGE": 3,
        "rang_TedS_MTN": 2,
        "rang_TedS_MOOV": 1,
        "rang_TR3_ORANGE": 3,
        "rang_TR3_MTN": 1,
        "rang_TR3_MOOV": 1,
        "rang_TS_ORANGE": 1,
        "rang_TS_MTN": 1,
        "rang_TS_MOOV": 1,
        "rang_TeRd_ORANGE": 3,
        "rang_TeRd_MTN": 1,
        "rang_TeRd_MOOV": 2
      },
      "id": 23
    },
    {
      "type": "Feature",
      "geometry": {
        "coordinates": [
          -7.5,
          7.0
        ],
        "type": "Point"
      },
      "properties": {
        "ADM0_FR": "VALLEE DU BANDAMA",
        "ADM0_PCODE": "CI12",
        "ADM1_FR": "HAMBOL",
        "ADM1_PCODE": "CI117",
        "ADM2_FR": "DABAKALA",
        "ADM2_PCODE": "CI1701",
        "ADM3_FR": "TENDENE-BAMBARASSO",
        "ADM3_PCODE": "CI170109",
        "ADM4_FR": "BANGOLO",
        "ADM4_PCODE": "C0934",
        "centerLat": 7.01,
        "centerLng": -7.49,
        "pop": 900,
        "TeS_MOOV": 0.0,
        "TedS_MOOV": 73.11,
        "TR3_MOOV": 0.0,
        "TeRd_MOOV": 50.38,
        "TS_MOOV": 100.0,
        "TeS_MTN": 0.0,
        "TedS_MTN": 99.24,
        "TR3_MTN": 0.0,
        "TeRd_MTN": 98.47,
        "TS_MTN": 100.0,
        "TeS_ORANGE": 0.0,
        "TedS_ORANGE": 99.24,
        "TR3_ORANGE": 1.53,
        "TeRd_ORANGE": 35.88,
        "TS_ORANGE": 99.62,
        "rang_TeS_ORANGE": 1,
        "rang_TeS_MTN": 1,
        "rang_TeS_MOOV": 1,
        "rang_TedS_ORANGE": 1,
        "rang_TedS_MTN": 1,
        "rang_TedS_MOOV": 3,
        "rang_TR3_ORANGE": 3,
        "rang_TR3_MTN": 1,
        "rang_TR3_MOOV": 1,
        "rang_TS_ORANGE": 3,
        "rang_TS_MTN": 1,
        "rang_TS_MOOV": 1,
        "rang_TeRd_ORANGE": 3,
        "rang_TeRd_MTN": 1,
        "rang_TeRd_MOOV": 2
      },
      "id": 24
    },
    {
      "type": "Feature",
      "geometry": {
        "coordinates": [
          -3.18341,
          9.01343
        ],
        "type": "Point"
      },
      "properties": {
        "ADM0_FR": "ZANZAN",
        "ADM0_PCODE": "CI14",
        "ADM1_FR": "BOUNKANI",
        "ADM1_PCODE": "CI108",
        "ADM2_FR": "BOUNA",
        "ADM2_PCODE": "CI0801",
        "ADM3_FR": "BOUNA",
        "ADM3_PCODE": "CI080102",
        "ADM4_FR": "BANIA",
        "ADM4_PCODE": "C0945",
        "centerLat": 9.02343,
        "centerLng": -3.17341,
        "pop": 644,
        "TeS_MOOV": 0.0,
        "TedS_MOOV": 86.61,
        "TR3_MOOV": 0.0,
        "TeRd_MOOV": 48.03,
        "TS_MOOV": 100.0,
        "TeS_MTN": 0.0,
        "TedS_MTN": 7.5600000000000005,
        "TR3_MTN": 0.0,
        "TeRd_MTN": 100.0,
        "TS_MTN": 100.0,
        "TeS_ORANGE": 0.0,
        "TedS_ORANGE": 98.45,
        "TR3_ORANGE": 3.1,
        "TeRd_ORANGE": 89.14999999999999,
        "TS_ORANGE": 100.0,
        "rang_TeS_ORANGE": 1,
        "rang_TeS_MTN": 1,
        "rang_TeS_MOOV": 1,
        "rang_TedS_ORANGE": 1,
        "rang_TedS_MTN": 3,
        "rang_TedS_MOOV": 2,
        "rang_TR3_ORANGE": 3,
        "rang_TR3_MTN": 1,
        "rang_TR3_MOOV": 1,
        "rang_TS_ORANGE": 1,
        "rang_TS_MTN": 1,
        "rang_TS_MOOV": 1,
        "rang_TeRd_ORANGE": 2,
        "rang_TeRd_MTN": 1,
        "rang_TeRd_MOOV": 3
      },
      "id": 25
    },
    {
      "type": "Feature",
      "geometry": {
        "coordinates": [
          -5.58393,
          7.6608600000000004
        ],
        "type": "Point"
      },
      "properties": {
        "ADM0_FR": "VALLEE DU BANDAMA",
        "ADM0_PCODE": "CI12",
        "ADM1_FR": "GBEKE",
        "ADM1_PCODE": "CI111",
        "ADM2_FR": "BEOUMI",
        "ADM2_PCODE": "CI1101",
        "ADM3_FR": "BEOUMI",
        "ADM3_PCODE": "CI110102",
        "ADM4_FR": "BÉOUMI",
        "ADM4_PCODE": "C1124",
        "centerLat": 7.67086,
        "centerLng": -5.57393,
        "pop": 25526,
        "TeS_MOOV": 0.0,
        "TedS_MOOV": 86.33999999999999,
        "TR3_MOOV": 0.0,
        "TeRd_MOOV": 46.45,
        "TS_MOOV": 100.0,
        "TeS_MTN": 0.5700000000000001,
        "TedS_MTN": 95.39999999999999,
        "TR3_MTN": 0.0,
        "TeRd_MTN": 96.55,
        "TS_MTN": 100.0,
        "TeS_ORANGE": 0.5599999999999999,
        "TedS_ORANGE": 99.42999999999999,
        "TR3_ORANGE": 2.8400000000000003,
        "TeRd_ORANGE": 34.089999999999996,
        "TS_ORANGE": 99.42999999999999,
        "rang_TeS_ORANGE": 2,
        "rang_TeS_MTN": 3,
        "rang_TeS_MOOV": 1,
        "rang_TedS_ORANGE": 1,
        "rang_TedS_MTN": 2,
        "rang_TedS_MOOV": 3,
        "rang_TR3_ORANGE": 3,
        "rang_TR3_MTN": 1,
        "rang_TR3_MOOV": 1,
        "rang_TS_ORANGE": 3,
        "rang_TS_MTN": 1,
        "rang_TS_MOOV": 1,
        "rang_TeRd_ORANGE": 3,
        "rang_TeRd_MTN": 1,
        "rang_TeRd_MOOV": 2
      },
      "id": 26
    },
    {
      "type": "Feature",
      "geometry": {
        "coordinates": [
          -8.01319,
          6.56065
        ],
        "type": "Point"
      },
      "properties": {
        "ADM0_FR": "MONTAGNES",
        "ADM0_PCODE": "CI09",
        "ADM1_FR": "CAVALLY",
        "ADM1_PCODE": "CI109",
        "ADM2_FR": "BLOLEQUIN",
        "ADM2_PCODE": "CI0901",
        "ADM3_FR": "BLOLEQUIN",
        "ADM3_PCODE": "CI090101",
        "ADM4_FR": "BLOLÉQUIN",
        "ADM4_PCODE": "C1290",
        "centerLat": 6.57065,
        "centerLng": -8.00319,
        "pop": 32262,
        "TeS_MOOV": 0.0,
        "TedS_MOOV": 1.03,
        "TR3_MOOV": 0.0,
        "TeRd_MOOV": 37.63,
        "TS_MOOV": 100.0,
        "TeS_MTN": 0.0,
        "TedS_MTN": 89.19,
        "TR3_MTN": 0.0,
        "TeRd_MTN": 89.19,
        "TS_MTN": 89.73,
        "TeS_ORANGE": 0.0,
        "TedS_ORANGE": 99.47,
        "TR3_ORANGE": 25.669999999999998,
        "TeRd_ORANGE": 58.29,
        "TS_ORANGE": 91.44,
        "rang_TeS_ORANGE": 1,
        "rang_TeS_MTN": 1,
        "rang_TeS_MOOV": 1,
        "rang_TedS_ORANGE": 1,
        "rang_TedS_MTN": 2,
        "rang_TedS_MOOV": 3,
        "rang_TR3_ORANGE": 3,
        "rang_TR3_MTN": 1,
        "rang_TR3_MOOV": 1,
        "rang_TS_ORANGE": 2,
        "rang_TS_MTN": 3,
        "rang_TS_MOOV": 1,
        "rang_TeRd_ORANGE": 2,
        "rang_TeRd_MTN": 1,
        "rang_TeRd_MOOV": 3
      },
      "id": 27
    },
    {
      "type": "Feature",
      "geometry": {
        "coordinates": [
          -4.50751,
          7.05267
        ],
        "type": "Point"
      },
      "properties": {
        "ADM0_FR": "LACS",
        "ADM0_PCODE": "CI07",
        "ADM1_FR": "N'ZI",
        "ADM1_PCODE": "CI127",
        "ADM2_FR": "BOCANDA",
        "ADM2_PCODE": "CI2701",
        "ADM3_FR": "BOCANDA",
        "ADM3_PCODE": "CI270102",
        "ADM4_FR": "BOCANDA",
        "ADM4_PCODE": "C1317",
        "centerLat": 7.06267,
        "centerLng": -4.49751,
        "pop": 10684,
        "TeS_MOOV": 0.0,
        "TedS_MOOV": 94.12,
        "TR3_MOOV": 0.0,
        "TeRd_MOOV": 62.5,
        "TS_MOOV": 100.0,
        "TeS_MTN": 0.0,
        "TedS_MTN": 99.32,
        "TR3_MTN": 0.0,
        "TeRd_MTN": 99.32,
        "TS_MTN": 100.0,
        "TeS_ORANGE": 0.0,
        "TedS_ORANGE": 97.83,
        "TR3_ORANGE": 3.62,
        "TeRd_ORANGE": 51.449999999999996,
        "TS_ORANGE": 100.0,
        "rang_TeS_ORANGE": 1,
        "rang_TeS_MTN": 1,
        "rang_TeS_MOOV": 1,
        "rang_TedS_ORANGE": 2,
        "rang_TedS_MTN": 1,
        "rang_TedS_MOOV": 3,
        "rang_TR3_ORANGE": 3,
        "rang_TR3_MTN": 1,
        "rang_TR3_MOOV": 1,
        "rang_TS_ORANGE": 1,
        "rang_TS_MTN": 1,
        "rang_TS_MOOV": 1,
        "rang_TeRd_ORANGE": 3,
        "rang_TeRd_MTN": 1,
        "rang_TeRd_MOOV": 2
      },
      "id": 28
    },
    {
      "type": "Feature",
      "geometry": {
        "coordinates": [
          -2.8099999999999996,
          8.03
        ],
        "type": "Point"
      },
      "properties": {
        "ADM0_FR": "COMOE",
        "ADM0_PCODE": "CI02",
        "ADM1_FR": "SUD-COMOE",
        "ADM1_PCODE": "CI130",
        "ADM2_FR": "ADIAKE",
        "ADM2_PCODE": "CI3002",
        "ADM3_FR": "ADIAKE",
        "ADM3_PCODE": "CI300201",
        "ADM4_FR": "BONDOUKOU",
        "ADM4_PCODE": "C1424",
        "centerLat": 8.04,
        "centerLng": -2.8,
        "pop": 1837,
        "TeS_MOOV": 0.0,
        "TedS_MOOV": 100.0,
        "TR3_MOOV": 0.0,
        "TeRd_MOOV": 39.839999999999996,
        "TS_MOOV": 100.0,
        "TeS_MTN": 0.0,
        "TedS_MTN": 96.03,
        "TR3_MTN": 0.0,
        "TeRd_MTN": 98.41,
        "TS_MTN": 100.0,
        "TeS_ORANGE": 0.0,
        "TedS_ORANGE": 98.4,
        "TR3_ORANGE": 4.0,
        "TeRd_ORANGE": 72.0,
        "TS_ORANGE": 98.4,
        "rang_TeS_ORANGE": 1,
        "rang_TeS_MTN": 1,
        "rang_TeS_MOOV": 1,
        "rang_TedS_ORANGE": 2,
        "rang_TedS_MTN": 3,
        "rang_TedS_MOOV": 1,
        "rang_TR3_ORANGE": 3,
        "rang_TR3_MTN": 1,
        "rang_TR3_MOOV": 1,
        "rang_TS_ORANGE": 3,
        "rang_TS_MTN": 1,
        "rang_TS_MOOV": 1,
        "rang_TeRd_ORANGE": 2,
        "rang_TeRd_MTN": 1,
        "rang_TeRd_MOOV": 3
      },
      "id": 29
    },
    {
      "type": "Feature",
      "geometry": {
        "coordinates": [
          -4.72884,
          8.36181
        ],
        "type": "Point"
      },
      "properties": {
        "ADM0_FR": "VALLEE DU BANDAMA",
        "ADM0_PCODE": "CI12",
        "ADM1_FR": "HAMBOL",
        "ADM1_PCODE": "CI117",
        "ADM2_FR": "DABAKALA",
        "ADM2_PCODE": "CI1701",
        "ADM3_FR": "BONIEREDOUGOU",
        "ADM3_PCODE": "CI170102",
        "ADM4_FR": "BONIÉRÉDOUGOU",
        "ADM4_PCODE": "C1442",
        "centerLat": 8.37181,
        "centerLng": -4.71884,
        "pop": 3002,
        "TeS_MOOV": 0.0,
        "TedS_MOOV": 82.61,
        "TR3_MOOV": 0.0,
        "TeRd_MOOV": 21.740000000000002,
        "TS_MOOV": 100.0,
        "TeS_MTN": 0.0,
        "TedS_MTN": 65.22,
        "TR3_MTN": 1.7399999999999998,
        "TeRd_MTN": 93.91000000000001,
        "TS_MTN": 100.0,
        "TeS_ORANGE": 0.0,
        "TedS_ORANGE": 93.91000000000001,
        "TR3_ORANGE": 3.4799999999999995,
        "TeRd_ORANGE": 59.13,
        "TS_ORANGE": 98.26,
        "rang_TeS_ORANGE": 1,
        "rang_TeS_MTN": 1,
        "rang_TeS_MOOV": 1,
        "rang_TedS_ORANGE": 1,
        "rang_TedS_MTN": 3,
        "rang_TedS_MOOV": 2,
        "rang_TR3_ORANGE": 3,
        "rang_TR3_MTN": 2,
        "rang_TR3_MOOV": 1,
        "rang_TS_ORANGE": 3,
        "rang_TS_MTN": 1,
        "rang_TS_MOOV": 1,
        "rang_TeRd_ORANGE": 2,
        "rang_TeRd_MTN": 1,
        "rang_TeRd_MOOV": 3
      },
      "id": 30
    },
    {
      "type": "Feature",
      "geometry": {
        "coordinates": [
          -6.0547699999999995,
          6.917190000000001
        ],
        "type": "Point"
      },
      "properties": {
        "ADM0_FR": "SASSANDRA-MARAHOUE",
        "ADM0_PCODE": "CI10",
        "ADM1_FR": "MARAHOUE",
        "ADM1_PCODE": "CI123",
        "ADM2_FR": "BOUAFLE",
        "ADM2_PCODE": "CI2301",
        "ADM3_FR": "BONON",
        "ADM3_PCODE": "CI230102",
        "ADM4_FR": "BONON",
        "ADM4_PCODE": "C1450",
        "centerLat": 6.92719,
        "centerLng": -6.04477,
        "pop": 92523,
        "TeS_MOOV": 1.24,
        "TedS_MOOV": 63.519999999999996,
        "TR3_MOOV": 0.0,
        "TeRd_MOOV": 52.83,
        "TS_MOOV": 100.0,
        "TeS_MTN": 0.0,
        "TedS_MTN": 100.0,
        "TR3_MTN": 0.0,
        "TeRd_MTN": 96.86,
        "TS_MTN": 100.0,
        "TeS_ORANGE": 0.0,
        "TedS_ORANGE": 100.0,
        "TR3_ORANGE": 0.63,
        "TeRd_ORANGE": 93.71000000000001,
        "TS_ORANGE": 100.0,
        "rang_TeS_ORANGE": 1,
        "rang_TeS_MTN": 1,
        "rang_TeS_MOOV": 3,
        "rang_TedS_ORANGE": 1,
        "rang_TedS_MTN": 1,
        "rang_TedS_MOOV": 3,
        "rang_TR3_ORANGE": 3,
        "rang_TR3_MTN": 1,
        "rang_TR3_MOOV": 1,
        "rang_TS_ORANGE": 1,
        "rang_TS_MTN": 1,
        "rang_TS_MOOV": 1,
        "rang_TeRd_ORANGE": 2,
        "rang_TeRd_MTN": 1,
        "rang_TeRd_MOOV": 3
      },
      "id": 31
    },
    {
      "type": "Feature",
      "geometry": {
        "coordinates": [
          -3.6047599999999997,
          5.26193
        ],
        "type": "Point"
      },
      "properties": {
        "ADM0_FR": "COMOE",
        "ADM0_PCODE": "CI02",
        "ADM1_FR": "SUD-COMOE",
        "ADM1_PCODE": "CI130",
        "ADM2_FR": "GRAND-BASSAM",
        "ADM2_PCODE": "CI3003",
        "ADM3_FR": "BONOUA",
        "ADM3_PCODE": "CI300302",
        "ADM4_FR": "BONOUA",
        "ADM4_PCODE": "C1451",
        "centerLat": 5.27193,
        "centerLng": -3.59476,
        "pop": 38135,
        "TeS_MOOV": 0.0,
        "TedS_MOOV": 96.52,
        "TR3_MOOV": 0.0,
        "TeRd_MOOV": 44.35,
        "TS_MOOV": 100.0,
        "TeS_MTN": 0.0,
        "TedS_MTN": 98.29,
        "TR3_MTN": 0.0,
        "TeRd_MTN": 94.87,
        "TS_MTN": 100.0,
        "TeS_ORANGE": 0.0,
        "TedS_ORANGE": 90.35,
        "TR3_ORANGE": 1.7500000000000002,
        "TeRd_ORANGE": 76.32,
        "TS_ORANGE": 93.86,
        "rang_TeS_ORANGE": 1,
        "rang_TeS_MTN": 1,
        "rang_TeS_MOOV": 1,
        "rang_TedS_ORANGE": 3,
        "rang_TedS_MTN": 1,
        "rang_TedS_MOOV": 2,
        "rang_TR3_ORANGE": 3,
        "rang_TR3_MTN": 1,
        "rang_TR3_MOOV": 1,
        "rang_TS_ORANGE": 3,
        "rang_TS_MTN": 1,
        "rang_TS_MOOV": 1,
        "rang_TeRd_ORANGE": 2,
        "rang_TeRd_MTN": 1,
        "rang_TeRd_MOOV": 3
      },
      "id": 32
    },
    {
      "type": "Feature",
      "geometry": {
        "coordinates": [
          -5.32106,
          7.84095
        ],
        "type": "Point"
      },
      "properties": {
        "ADM0_FR": "VALLEE DU BANDAMA",
        "ADM0_PCODE": "CI12",
        "ADM1_FR": "GBEKE",
        "ADM1_PCODE": "CI111",
        "ADM2_FR": "BOTRO",
        "ADM2_PCODE": "CI1102",
        "ADM3_FR": "BOTRO",
        "ADM3_PCODE": "CI110201",
        "ADM4_FR": "BOTRO",
        "ADM4_PCODE": "C1497",
        "centerLat": 7.85095,
        "centerLng": -5.31106,
        "pop": 10006,
        "TeS_MOOV": 0.0,
        "TedS_MOOV": 91.03999999999999,
        "TR3_MOOV": 0.0,
        "TeRd_MOOV": 58.209999999999994,
        "TS_MOOV": 100.0,
        "TeS_MTN": 2.21,
        "TedS_MTN": 93.23,
        "TR3_MTN": 0.0,
        "TeRd_MTN": 94.74000000000001,
        "TS_MTN": 100.0,
        "TeS_ORANGE": 0.0,
        "TedS_ORANGE": 100.0,
        "TR3_ORANGE": 1.44,
        "TeRd_ORANGE": 91.36999999999999,
        "TS_ORANGE": 100.0,
        "rang_TeS_ORANGE": 1,
        "rang_TeS_MTN": 3,
        "rang_TeS_MOOV": 1,
        "rang_TedS_ORANGE": 1,
        "rang_TedS_MTN": 2,
        "rang_TedS_MOOV": 3,
        "rang_TR3_ORANGE": 3,
        "rang_TR3_MTN": 1,
        "rang_TR3_MOOV": 1,
        "rang_TS_ORANGE": 1,
        "rang_TS_MTN": 1,
        "rang_TS_MOOV": 1,
        "rang_TeRd_ORANGE": 2,
        "rang_TeRd_MTN": 1,
        "rang_TeRd_MOOV": 3
      },
      "id": 33
    },
    {
      "type": "Feature",
      "geometry": {
        "coordinates": [
          -5.7613199999999996,
          6.97414
        ],
        "type": "Point"
      },
      "properties": {
        "ADM0_FR": "SASSANDRA-MARAHOUE",
        "ADM0_PCODE": "CI10",
        "ADM1_FR": "MARAHOUE",
        "ADM1_PCODE": "CI123",
        "ADM2_FR": "BOUAFLE",
        "ADM2_PCODE": "CI2301",
        "ADM3_FR": "BOUAFLE",
        "ADM3_PCODE": "CI230103",
        "ADM4_FR": "BOUAFLÉ",
        "ADM4_PCODE": "C1503",
        "centerLat": 6.98414,
        "centerLng": -5.75132,
        "pop": 80389,
        "TeS_MOOV": 0.0,
        "TedS_MOOV": 98.75,
        "TR3_MOOV": 0.0,
        "TeRd_MOOV": 72.5,
        "TS_MOOV": 100.0,
        "TeS_MTN": 0.0,
        "TedS_MTN": 99.17,
        "TR3_MTN": 0.0,
        "TeRd_MTN": 99.17,
        "TS_MTN": 100.0,
        "TeS_ORANGE": 0.0,
        "TedS_ORANGE": 100.0,
        "TR3_ORANGE": 0.83,
        "TeRd_ORANGE": 82.08,
        "TS_ORANGE": 100.0,
        "rang_TeS_ORANGE": 1,
        "rang_TeS_MTN": 1,
        "rang_TeS_MOOV": 1,
        "rang_TedS_ORANGE": 1,
        "rang_TedS_MTN": 2,
        "rang_TedS_MOOV": 3,
        "rang_TR3_ORANGE": 3,
        "rang_TR3_MTN": 1,
        "rang_TR3_MOOV": 1,
        "rang_TS_ORANGE": 1,
        "rang_TS_MTN": 1,
        "rang_TS_MOOV": 1,
        "rang_TeRd_ORANGE": 2,
        "rang_TeRd_MTN": 1,
        "rang_TeRd_MOOV": 3
      },
      "id": 34
    },
    {
      "type": "Feature",
      "geometry": {
        "coordinates": [
          -5.03961,
          7.67791
        ],
        "type": "Point"
      },
      "properties": {
        "ADM0_FR": "VALLEE DU BANDAMA",
        "ADM0_PCODE": "CI12",
        "ADM1_FR": "GBEKE",
        "ADM1_PCODE": "CI111",
        "ADM2_FR": "BOUAKE",
        "ADM2_PCODE": "CI1103",
        "ADM3_FR": "BOUAKE",
        "ADM3_PCODE": "CI110301",
        "ADM4_FR": "BOUAKÉ",
        "ADM4_PCODE": "C1507",
        "centerLat": 7.68791,
        "centerLng": -5.02961,
        "pop": 536719,
        "TeS_MOOV": 0.0,
        "TedS_MOOV": 78.69,
        "TR3_MOOV": 1.05,
        "TeRd_MOOV": 44.940000000000005,
        "TS_MOOV": 98.95,
        "TeS_MTN": 0.0,
        "TedS_MTN": 97.66,
        "TR3_MTN": 0.0,
        "TeRd_MTN": 97.66,
        "TS_MTN": 100.0,
        "TeS_ORANGE": 0.0,
        "TedS_ORANGE": 99.16,
        "TR3_ORANGE": 1.26,
        "TeRd_ORANGE": 57.26,
        "TS_ORANGE": 99.37,
        "rang_TeS_ORANGE": 1,
        "rang_TeS_MTN": 1,
        "rang_TeS_MOOV": 1,
        "rang_TedS_ORANGE": 1,
        "rang_TedS_MTN": 2,
        "rang_TedS_MOOV": 3,
        "rang_TR3_ORANGE": 3,
        "rang_TR3_MTN": 1,
        "rang_TR3_MOOV": 2,
        "rang_TS_ORANGE": 2,
        "rang_TS_MTN": 1,
        "rang_TS_MOOV": 3,
        "rang_TeRd_ORANGE": 2,
        "rang_TeRd_MTN": 1,
        "rang_TeRd_MOOV": 3
      },
      "id": 35
    },
    {
      "type": "Feature",
      "geometry": {
        "coordinates": [
          -3.0090899999999996,
          9.25864
        ],
        "type": "Point"
      },
      "properties": {
        "ADM0_FR": "ZANZAN",
        "ADM0_PCODE": "CI14",
        "ADM1_FR": "BOUNKANI",
        "ADM1_PCODE": "CI108",
        "ADM2_FR": "BOUNA",
        "ADM2_PCODE": "CI0801",
        "ADM3_FR": "BOUNA",
        "ADM3_PCODE": "CI080102",
        "ADM4_FR": "BOUNA",
        "ADM4_PCODE": "C1550",
        "centerLat": 9.26864,
        "centerLng": -2.99909,
        "pop": 18755,
        "TeS_MOOV": 0.0,
        "TedS_MOOV": 95.43,
        "TR3_MOOV": 0.0,
        "TeRd_MOOV": 63.43,
        "TS_MOOV": 100.0,
        "TeS_MTN": 0.0,
        "TedS_MTN": 83.43,
        "TR3_MTN": 0.0,
        "TeRd_MTN": 99.42999999999999,
        "TS_MTN": 100.0,
        "TeS_ORANGE": 0.0,
        "TedS_ORANGE": 98.86,
        "TR3_ORANGE": 2.29,
        "TeRd_ORANGE": 42.29,
        "TS_ORANGE": 98.86,
        "rang_TeS_ORANGE": 1,
        "rang_TeS_MTN": 1,
        "rang_TeS_MOOV": 1,
        "rang_TedS_ORANGE": 1,
        "rang_TedS_MTN": 3,
        "rang_TedS_MOOV": 2,
        "rang_TR3_ORANGE": 3,
        "rang_TR3_MTN": 1,
        "rang_TR3_MOOV": 1,
        "rang_TS_ORANGE": 3,
        "rang_TS_MTN": 1,
        "rang_TS_MOOV": 1,
        "rang_TeRd_ORANGE": 3,
        "rang_TeRd_MTN": 1,
        "rang_TeRd_MOOV": 2
      },
      "id": 36
    },
    {
      "type": "Feature",
      "geometry": {
        "coordinates": [
          -6.49411,
          9.51143
        ],
        "type": "Point"
      },
      "properties": {
        "ADM0_FR": "SAVANES",
        "ADM0_PCODE": "CI11",
        "ADM1_FR": "BAGOUE",
        "ADM1_PCODE": "CI105",
        "ADM2_FR": "BOUNDIALI",
        "ADM2_PCODE": "CI0501",
        "ADM3_FR": "BOUNDIALI",
        "ADM3_PCODE": "CI050102",
        "ADM4_FR": "BOUNDIALI",
        "ADM4_PCODE": "C1557",
        "centerLat": 9.52143,
        "centerLng": -6.48411,
        "pop": 39962,
        "TeS_MOOV": 0.0,
        "TedS_MOOV": 85.79,
        "TR3_MOOV": 0.0,
        "TeRd_MOOV": 37.91,
        "TS_MOOV": 100.0,
        "TeS_MTN": 0.0,
        "TedS_MTN": 98.0,
        "TR3_MTN": 0.0,
        "TeRd_MTN": 97.75,
        "TS_MTN": 100.0,
        "TeS_ORANGE": 0.0,
        "TedS_ORANGE": 99.0,
        "TR3_ORANGE": 1.25,
        "TeRd_ORANGE": 72.92999999999999,
        "TS_ORANGE": 99.75,
        "rang_TeS_ORANGE": 1,
        "rang_TeS_MTN": 1,
        "rang_TeS_MOOV": 1,
        "rang_TedS_ORANGE": 1,
        "rang_TedS_MTN": 2,
        "rang_TedS_MOOV": 3,
        "rang_TR3_ORANGE": 3,
        "rang_TR3_MTN": 1,
        "rang_TR3_MOOV": 1,
        "rang_TS_ORANGE": 3,
        "rang_TS_MTN": 1,
        "rang_TS_MOOV": 1,
        "rang_TeRd_ORANGE": 2,
        "rang_TeRd_MTN": 1,
        "rang_TeRd_MOOV": 3
      },
      "id": 37
    },
    {
      "type": "Feature",
      "geometry": {
        "coordinates": [
          -5.55,
          6.91
        ],
        "type": "Point"
      },
      "properties": {
        "ADM0_FR": "SASSANDRA-MARAHOUE",
        "ADM0_PCODE": "CI10",
        "ADM1_FR": "MARAHOUE",
        "ADM1_PCODE": "CI123",
        "ADM2_FR": "BOUAFLE",
        "ADM2_PCODE": "CI2301",
        "ADM3_FR": "BOUAFLE",
        "ADM3_PCODE": "CI230103",
        "ADM4_FR": "BOZI",
        "ADM4_PCODE": "C1583",
        "centerLat": 6.92,
        "centerLng": -5.54,
        "pop": 3982,
        "TeS_MOOV": 0.0,
        "TedS_MOOV": 84.71,
        "TR3_MOOV": 0.0,
        "TeRd_MOOV": 62.35000000000001,
        "TS_MOOV": 100.0,
        "TeS_MTN": 0.0,
        "TedS_MTN": 95.65,
        "TR3_MTN": 0.0,
        "TeRd_MTN": 96.52,
        "TS_MTN": 100.0,
        "TeS_ORANGE": 0.0,
        "TedS_ORANGE": 100.0,
        "TR3_ORANGE": 1.7399999999999998,
        "TeRd_ORANGE": 82.61,
        "TS_ORANGE": 100.0,
        "rang_TeS_ORANGE": 1,
        "rang_TeS_MTN": 1,
        "rang_TeS_MOOV": 1,
        "rang_TedS_ORANGE": 1,
        "rang_TedS_MTN": 2,
        "rang_TedS_MOOV": 3,
        "rang_TR3_ORANGE": 3,
        "rang_TR3_MTN": 1,
        "rang_TR3_MOOV": 1,
        "rang_TS_ORANGE": 1,
        "rang_TS_MTN": 1,
        "rang_TS_MOOV": 1,
        "rang_TeRd_ORANGE": 2,
        "rang_TeRd_MTN": 1,
        "rang_TeRd_MOOV": 3
      },
      "id": 38
    },
    {
      "type": "Feature",
      "geometry": {
        "coordinates": [
          -4.83699,
          7.63178
        ],
        "type": "Point"
      },
      "properties": {
        "ADM0_FR": "VALLEE DU BANDAMA",
        "ADM0_PCODE": "CI12",
        "ADM1_FR": "GBEKE",
        "ADM1_PCODE": "CI111",
        "ADM2_FR": "BOUAKE",
        "ADM2_PCODE": "CI1103",
        "ADM3_FR": "BROBO",
        "ADM3_PCODE": "CI110303",
        "ADM4_FR": "BROBO",
        "ADM4_PCODE": "C1615",
        "centerLat": 7.64178,
        "centerLng": -4.82699,
        "pop": 8009,
        "TeS_MOOV": 0.0,
        "TedS_MOOV": 7.199999999999999,
        "TR3_MOOV": 0.0,
        "TeRd_MOOV": 99.2,
        "TS_MOOV": 100.0,
        "TeS_MTN": 0.0,
        "TedS_MTN": 24.0,
        "TR3_MTN": 0.0,
        "TeRd_MTN": 96.0,
        "TS_MTN": 100.0,
        "TeS_ORANGE": 0.0,
        "TedS_ORANGE": 99.2,
        "TR3_ORANGE": 1.6,
        "TeRd_ORANGE": 88.0,
        "TS_ORANGE": 100.0,
        "rang_TeS_ORANGE": 1,
        "rang_TeS_MTN": 1,
        "rang_TeS_MOOV": 1,
        "rang_TedS_ORANGE": 1,
        "rang_TedS_MTN": 2,
        "rang_TedS_MOOV": 3,
        "rang_TR3_ORANGE": 3,
        "rang_TR3_MTN": 1,
        "rang_TR3_MOOV": 1,
        "rang_TS_ORANGE": 1,
        "rang_TS_MTN": 1,
        "rang_TS_MOOV": 1,
        "rang_TeRd_ORANGE": 3,
        "rang_TeRd_MTN": 2,
        "rang_TeRd_MOOV": 1
      },
      "id": 39
    },
    {
      "type": "Feature",
      "geometry": {
        "coordinates": [
          -7.01892,
          6.23932
        ],
        "type": "Point"
      },
      "properties": {
        "ADM0_FR": "BAS-SASSANDRA",
        "ADM0_PCODE": "CI01",
        "ADM1_FR": "NAWA",
        "ADM1_PCODE": "CI126",
        "ADM2_FR": "BUYO",
        "ADM2_PCODE": "CI2601",
        "ADM3_FR": "BUYO",
        "ADM3_PCODE": "CI260101",
        "ADM4_FR": "BUYO",
        "ADM4_PCODE": "C1656",
        "centerLat": 6.24932,
        "centerLng": -7.00892,
        "pop": 25339,
        "TeS_MOOV": 1.02,
        "TedS_MOOV": 75.9,
        "TR3_MOOV": 0.0,
        "TeRd_MOOV": 31.28,
        "TS_MOOV": 100.0,
        "TeS_MTN": 0.0,
        "TedS_MTN": 99.03999999999999,
        "TR3_MTN": 0.0,
        "TeRd_MTN": 97.61,
        "TS_MTN": 100.0,
        "TeS_ORANGE": 0.0,
        "TedS_ORANGE": 98.56,
        "TR3_ORANGE": 1.44,
        "TeRd_ORANGE": 85.58,
        "TS_ORANGE": 100.0,
        "rang_TeS_ORANGE": 1,
        "rang_TeS_MTN": 1,
        "rang_TeS_MOOV": 3,
        "rang_TedS_ORANGE": 2,
        "rang_TedS_MTN": 1,
        "rang_TedS_MOOV": 3,
        "rang_TR3_ORANGE": 3,
        "rang_TR3_MTN": 1,
        "rang_TR3_MOOV": 1,
        "rang_TS_ORANGE": 1,
        "rang_TS_MTN": 1,
        "rang_TS_MOOV": 1,
        "rang_TeRd_ORANGE": 2,
        "rang_TeRd_MTN": 1,
        "rang_TeRd_MOOV": 3
      },
      "id": 40
    },
    {
      "type": "Feature",
      "geometry": {
        "coordinates": [
          -4.43938,
          8.35405
        ],
        "type": "Point"
      },
      "properties": {
        "ADM0_FR": "VALLEE DU BANDAMA",
        "ADM0_PCODE": "CI12",
        "ADM1_FR": "HAMBOL",
        "ADM1_PCODE": "CI117",
        "ADM2_FR": "DABAKALA",
        "ADM2_PCODE": "CI1701",
        "ADM3_FR": "DABAKALA",
        "ADM3_PCODE": "CI170103",
        "ADM4_FR": "DABAKALA",
        "ADM4_PCODE": "C1689",
        "centerLat": 8.36405,
        "centerLng": -4.42938,
        "pop": 14134,
        "TeS_MOOV": 0.0,
        "TedS_MOOV": 69.71000000000001,
        "TR3_MOOV": 0.0,
        "TeRd_MOOV": 44.0,
        "TS_MOOV": 100.0,
        "TeS_MTN": 0.0,
        "TedS_MTN": 96.13000000000001,
        "TR3_MTN": 0.0,
        "TeRd_MTN": 98.34,
        "TS_MTN": 100.0,
        "TeS_ORANGE": 0.5499999999999999,
        "TedS_ORANGE": 98.9,
        "TR3_ORANGE": 3.3099999999999996,
        "TeRd_ORANGE": 75.14,
        "TS_ORANGE": 100.0,
        "rang_TeS_ORANGE": 3,
        "rang_TeS_MTN": 1,
        "rang_TeS_MOOV": 1,
        "rang_TedS_ORANGE": 1,
        "rang_TedS_MTN": 2,
        "rang_TedS_MOOV": 3,
        "rang_TR3_ORANGE": 3,
        "rang_TR3_MTN": 1,
        "rang_TR3_MOOV": 1,
        "rang_TS_ORANGE": 1,
        "rang_TS_MTN": 1,
        "rang_TS_MOOV": 1,
        "rang_TeRd_ORANGE": 2,
        "rang_TeRd_MTN": 1,
        "rang_TeRd_MOOV": 3
      },
      "id": 41
    },
    {
      "type": "Feature",
      "geometry": {
        "coordinates": [
          -6.4586,
          6.878150000000001
        ],
        "type": "Point"
      },
      "properties": {
        "ADM0_FR": "SASSANDRA-MARAHOUE",
        "ADM0_PCODE": "CI10",
        "ADM1_FR": "HAUT-SASSANDRA",
        "ADM1_PCODE": "CI118",
        "ADM2_FR": "DALOA",
        "ADM2_PCODE": "CI1801",
        "ADM3_FR": "DALOA",
        "ADM3_PCODE": "CI180102",
        "ADM4_FR": "DALOA",
        "ADM4_PCODE": "C1779",
        "centerLat": 6.88815,
        "centerLng": -6.4486,
        "pop": 245360,
        "TeS_MOOV": 0.0,
        "TedS_MOOV": 97.31,
        "TR3_MOOV": 0.0,
        "TeRd_MOOV": 34.98,
        "TS_MOOV": 99.1,
        "TeS_MTN": 0.0,
        "TedS_MTN": 90.09,
        "TR3_MTN": 0.0,
        "TeRd_MTN": 99.1,
        "TS_MTN": 100.0,
        "TeS_ORANGE": 0.0,
        "TedS_ORANGE": 99.1,
        "TR3_ORANGE": 24.77,
        "TeRd_ORANGE": 39.64,
        "TS_ORANGE": 76.13,
        "rang_TeS_ORANGE": 1,
        "rang_TeS_MTN": 1,
        "rang_TeS_MOOV": 1,
        "rang_TedS_ORANGE": 1,
        "rang_TedS_MTN": 3,
        "rang_TedS_MOOV": 2,
        "rang_TR3_ORANGE": 3,
        "rang_TR3_MTN": 1,
        "rang_TR3_MOOV": 1,
        "rang_TS_ORANGE": 3,
        "rang_TS_MTN": 1,
        "rang_TS_MOOV": 2,
        "rang_TeRd_ORANGE": 2,
        "rang_TeRd_MTN": 1,
        "rang_TeRd_MOOV": 3
      },
      "id": 42
    },
    {
      "type": "Feature",
      "geometry": {
        "coordinates": [
          -8.17032,
          7.25075
        ],
        "type": "Point"
      },
      "properties": {
        "ADM0_FR": "MONTAGNES",
        "ADM0_PCODE": "CI09",
        "ADM1_FR": "TONKPI",
        "ADM1_PCODE": "CI132",
        "ADM2_FR": "DANANE",
        "ADM2_PCODE": "CI3202",
        "ADM3_FR": "DANANE",
        "ADM3_PCODE": "CI320202",
        "ADM4_FR": "DANANÉ",
        "ADM4_PCODE": "C1791",
        "centerLat": 7.26075,
        "centerLng": -8.16032,
        "pop": 60645,
        "TeS_MOOV": 0.0,
        "TedS_MOOV": 65.25,
        "TR3_MOOV": 0.0,
        "TeRd_MOOV": 82.24000000000001,
        "TS_MOOV": 100.0,
        "TeS_MTN": 0.0,
        "TedS_MTN": 98.87,
        "TR3_MTN": 0.0,
        "TeRd_MTN": 97.74000000000001,
        "TS_MTN": 100.0,
        "TeS_ORANGE": 0.0,
        "TedS_ORANGE": 97.35000000000001,
        "TR3_ORANGE": 1.1400000000000001,
        "TeRd_ORANGE": 0.0,
        "TS_ORANGE": 99.62,
        "rang_TeS_ORANGE": 1,
        "rang_TeS_MTN": 1,
        "rang_TeS_MOOV": 1,
        "rang_TedS_ORANGE": 2,
        "rang_TedS_MTN": 1,
        "rang_TedS_MOOV": 3,
        "rang_TR3_ORANGE": 3,
        "rang_TR3_MTN": 1,
        "rang_TR3_MOOV": 1,
        "rang_TS_ORANGE": 3,
        "rang_TS_MTN": 1,
        "rang_TS_MOOV": 1,
        "rang_TeRd_ORANGE": 3,
        "rang_TeRd_MTN": 1,
        "rang_TeRd_MOOV": 2
      },
      "id": 43
    },
    {
      "type": "Feature",
      "geometry": {
        "coordinates": [
          -3.97247,
          7.04411
        ],
        "type": "Point"
      },
      "properties": {
        "ADM0_FR": "LACS",
        "ADM0_PCODE": "CI07",
        "ADM1_FR": "IFFOU",
        "ADM1_PCODE": "CI119",
        "ADM2_FR": "DAOUKRO",
        "ADM2_PCODE": "CI1901",
        "ADM3_FR": "DAOUKRO",
        "ADM3_PCODE": "CI190103",
        "ADM4_FR": "DAOUKRO",
        "ADM4_PCODE": "C1821",
        "centerLat": 7.05411,
        "centerLng": -3.96247,
        "pop": 44342,
        "TeS_MOOV": 0.0,
        "TedS_MOOV": 94.38,
        "TR3_MOOV": 0.0,
        "TeRd_MOOV": 30.34,
        "TS_MOOV": 100.0,
        "TeS_MTN": 0.0,
        "TedS_MTN": 85.79,
        "TR3_MTN": 0.0,
        "TeRd_MTN": 98.36,
        "TS_MTN": 100.0,
        "TeS_ORANGE": 0.5499999999999999,
        "TedS_ORANGE": 98.34,
        "TR3_ORANGE": 3.8699999999999997,
        "TeRd_ORANGE": 70.17,
        "TS_ORANGE": 100.0,
        "rang_TeS_ORANGE": 3,
        "rang_TeS_MTN": 1,
        "rang_TeS_MOOV": 1,
        "rang_TedS_ORANGE": 1,
        "rang_TedS_MTN": 3,
        "rang_TedS_MOOV": 2,
        "rang_TR3_ORANGE": 3,
        "rang_TR3_MTN": 1,
        "rang_TR3_MOOV": 1,
        "rang_TS_ORANGE": 1,
        "rang_TS_MTN": 1,
        "rang_TS_MOOV": 1,
        "rang_TeRd_ORANGE": 2,
        "rang_TeRd_MTN": 1,
        "rang_TeRd_MOOV": 3
      },
      "id": 44
    },
    {
      "type": "Feature",
      "geometry": {
        "coordinates": [
          -6.389209999999999,
          10.4269
        ],
        "type": "Point"
      },
      "properties": {
        "ADM0_FR": "SAVANES",
        "ADM0_PCODE": "CI11",
        "ADM1_FR": "BAGOUE",
        "ADM1_PCODE": "CI105",
        "ADM2_FR": "TENGRELA",
        "ADM2_PCODE": "CI0503",
        "ADM3_FR": "TENGRELA",
        "ADM3_PCODE": "CI050301",
        "ADM4_FR": "DARANIANI",
        "ADM4_PCODE": "C1831",
        "centerLat": 10.4369,
        "centerLng": -6.37921,
        "pop": 440,
        "TeS_MOOV": 0.0,
        "TedS_MOOV": 0.0,
        "TR3_MOOV": 0.0,
        "TeRd_MOOV": 18.18,
        "TS_MOOV": 100.0,
        "TeS_MTN": 0.0,
        "TedS_MTN": 71.43,
        "TR3_MTN": 0.0,
        "TeRd_MTN": 94.12,
        "TS_MTN": 99.16,
        "TeS_ORANGE": 0.0,
        "TedS_ORANGE": 98.32,
        "TR3_ORANGE": 0.0,
        "TeRd_ORANGE": 76.47,
        "TS_ORANGE": 100.0,
        "rang_TeS_ORANGE": 1,
        "rang_TeS_MTN": 1,
        "rang_TeS_MOOV": 1,
        "rang_TedS_ORANGE": 1,
        "rang_TedS_MTN": 2,
        "rang_TedS_MOOV": 3,
        "rang_TR3_ORANGE": 1,
        "rang_TR3_MTN": 1,
        "rang_TR3_MOOV": 1,
        "rang_TS_ORANGE": 1,
        "rang_TS_MTN": 3,
        "rang_TS_MOOV": 1,
        "rang_TeRd_ORANGE": 2,
        "rang_TeRd_MTN": 1,
        "rang_TeRd_MOOV": 3
      },
      "id": 45
    },
    {
      "type": "Feature",
      "geometry": {
        "coordinates": [
          -6.2642999999999995,
          8.93791
        ],
        "type": "Point"
      },
      "properties": {
        "ADM0_FR": "WOROBA",
        "ADM0_PCODE": "CI13",
        "ADM1_FR": "BERE",
        "ADM1_PCODE": "CI107",
        "ADM2_FR": "DIANRA",
        "ADM2_PCODE": "CI0701",
        "ADM3_FR": "DIANRA",
        "ADM3_PCODE": "CI070101",
        "ADM4_FR": "DIANRA",
        "ADM4_PCODE": "C1947",
        "centerLat": 8.94791,
        "centerLng": -6.2543,
        "pop": 25880,
        "TeS_MOOV": 0.0,
        "TedS_MOOV": 0.0,
        "TR3_MOOV": 0.0,
        "TeRd_MOOV": 40.46,
        "TS_MOOV": 100.0,
        "TeS_MTN": 0.0,
        "TedS_MTN": 98.83999999999999,
        "TR3_MTN": 0.0,
        "TeRd_MTN": 98.83999999999999,
        "TS_MTN": 100.0,
        "TeS_ORANGE": 0.0,
        "TedS_ORANGE": 97.67,
        "TR3_ORANGE": 0.58,
        "TeRd_ORANGE": 48.84,
        "TS_ORANGE": 100.0,
        "rang_TeS_ORANGE": 1,
        "rang_TeS_MTN": 1,
        "rang_TeS_MOOV": 1,
        "rang_TedS_ORANGE": 2,
        "rang_TedS_MTN": 1,
        "rang_TedS_MOOV": 3,
        "rang_TR3_ORANGE": 3,
        "rang_TR3_MTN": 1,
        "rang_TR3_MOOV": 1,
        "rang_TS_ORANGE": 1,
        "rang_TS_MTN": 1,
        "rang_TS_MOOV": 1,
        "rang_TeRd_ORANGE": 2,
        "rang_TeRd_MTN": 1,
        "rang_TeRd_MOOV": 3
      },
      "id": 46
    },
    {
      "type": "Feature",
      "geometry": {
        "coordinates": [
          -2.9898,
          5.64752
        ],
        "type": "Point"
      },
      "properties": {
        "ADM0_FR": "COMOE",
        "ADM0_PCODE": "CI02",
        "ADM1_FR": "SUD-COMOE",
        "ADM1_PCODE": "CI130",
        "ADM2_FR": "ABOISSO",
        "ADM2_PCODE": "CI3001",
        "ADM3_FR": "MAFERE",
        "ADM3_PCODE": "CI300107",
        "ADM4_FR": "DIBY",
        "ADM4_PCODE": "C1973",
        "centerLat": 5.65752,
        "centerLng": -2.9798,
        "pop": 6570,
        "TeS_MOOV": 0.0,
        "TedS_MOOV": 0.0,
        "TR3_MOOV": 0.0,
        "TeRd_MOOV": 20.150000000000002,
        "TS_MOOV": 100.0,
        "TeS_MTN": 0.0,
        "TedS_MTN": 0.0,
        "TR3_MTN": 0.0,
        "TeRd_MTN": 100.0,
        "TS_MTN": 100.0,
        "TeS_ORANGE": 0.7100000000000001,
        "TedS_ORANGE": 71.43,
        "TR3_ORANGE": 1.43,
        "TeRd_ORANGE": 76.42999999999999,
        "TS_ORANGE": 99.29,
        "rang_TeS_ORANGE": 3,
        "rang_TeS_MTN": 1,
        "rang_TeS_MOOV": 1,
        "rang_TedS_ORANGE": 1,
        "rang_TedS_MTN": 2,
        "rang_TedS_MOOV": 2,
        "rang_TR3_ORANGE": 3,
        "rang_TR3_MTN": 1,
        "rang_TR3_MOOV": 1,
        "rang_TS_ORANGE": 3,
        "rang_TS_MTN": 1,
        "rang_TS_MOOV": 1,
        "rang_TeRd_ORANGE": 2,
        "rang_TeRd_MTN": 1,
        "rang_TeRd_MOOV": 3
      },
      "id": 47
    },
    {
      "type": "Feature",
      "geometry": {
        "coordinates": [
          -4.9083499999999995,
          7.1192
        ],
        "type": "Point"
      },
      "properties": {
        "ADM0_FR": "LACS",
        "ADM0_PCODE": "CI07",
        "ADM1_FR": "BELIER",
        "ADM1_PCODE": "CI106",
        "ADM2_FR": "DIDIEVI",
        "ADM2_PCODE": "CI0601",
        "ADM3_FR": "DIDIEVI",
        "ADM3_PCODE": "CI060102",
        "ADM4_FR": "DIDIÉVI",
        "ADM4_PCODE": "C1986",
        "centerLat": 7.1292,
        "centerLng": -4.89835,
        "pop": 7917,
        "TeS_MOOV": 0.0,
        "TedS_MOOV": 0.0,
        "TR3_MOOV": 0.0,
        "TeRd_MOOV": 53.14,
        "TS_MOOV": 100.0,
        "TeS_MTN": 0.0,
        "TedS_MTN": 96.57,
        "TR3_MTN": 0.0,
        "TeRd_MTN": 96.57,
        "TS_MTN": 100.0,
        "TeS_ORANGE": 0.0,
        "TedS_ORANGE": 100.0,
        "TR3_ORANGE": 0.0,
        "TeRd_ORANGE": 93.71000000000001,
        "TS_ORANGE": 100.0,
        "rang_TeS_ORANGE": 1,
        "rang_TeS_MTN": 1,
        "rang_TeS_MOOV": 1,
        "rang_TedS_ORANGE": 1,
        "rang_TedS_MTN": 2,
        "rang_TedS_MOOV": 3,
        "rang_TR3_ORANGE": 1,
        "rang_TR3_MTN": 1,
        "rang_TR3_MOOV": 1,
        "rang_TS_ORANGE": 1,
        "rang_TS_MTN": 1,
        "rang_TS_MOOV": 1,
        "rang_TeRd_ORANGE": 2,
        "rang_TeRd_MTN": 1,
        "rang_TeRd_MOOV": 3
      },
      "id": 48
    },
    {
      "type": "Feature",
      "geometry": {
        "coordinates": [
          -5.58273,
          6.2767100000000005
        ],
        "type": "Point"
      },
      "properties": {
        "ADM0_FR": "GOH-DJIBOUA",
        "ADM0_PCODE": "CI06",
        "ADM1_FR": "GOH",
        "ADM1_PCODE": "CI113",
        "ADM2_FR": "OUME",
        "ADM2_PCODE": "CI1302",
        "ADM3_FR": "DIEGONEFLA",
        "ADM3_PCODE": "CI130202",
        "ADM4_FR": "DIÉGONÉFLA",
        "ADM4_PCODE": "C1998",
        "centerLat": 6.28671,
        "centerLng": -5.57273,
        "pop": 33523,
        "TeS_MOOV": 0.0,
        "TedS_MOOV": 0.0,
        "TR3_MOOV": 0.0,
        "TeRd_MOOV": 32.379999999999995,
        "TS_MOOV": 100.0,
        "TeS_MTN": 0.0,
        "TedS_MTN": 95.24000000000001,
        "TR3_MTN": 0.0,
        "TeRd_MTN": 93.33,
        "TS_MTN": 100.0,
        "TeS_ORANGE": 0.0,
        "TedS_ORANGE": 93.33,
        "TR3_ORANGE": 1.9,
        "TeRd_ORANGE": 92.38,
        "TS_ORANGE": 98.1,
        "rang_TeS_ORANGE": 1,
        "rang_TeS_MTN": 1,
        "rang_TeS_MOOV": 1,
        "rang_TedS_ORANGE": 2,
        "rang_TedS_MTN": 1,
        "rang_TedS_MOOV": 3,
        "rang_TR3_ORANGE": 3,
        "rang_TR3_MTN": 1,
        "rang_TR3_MOOV": 1,
        "rang_TS_ORANGE": 3,
        "rang_TS_MTN": 1,
        "rang_TS_MOOV": 1,
        "rang_TeRd_ORANGE": 2,
        "rang_TeRd_MTN": 1,
        "rang_TeRd_MOOV": 3
      },
      "id": 49
    },
    {
      "type": "Feature",
      "geometry": {
        "coordinates": [
          -5.78662,
          9.05715
        ],
        "type": "Point"
      },
      "properties": {
        "ADM0_FR": "SAVANES",
        "ADM0_PCODE": "CI11",
        "ADM1_FR": "PORO",
        "ADM1_PCODE": "CI128",
        "ADM2_FR": "DIKODOUGOU",
        "ADM2_PCODE": "CI2801",
        "ADM3_FR": "DIKODOUGOU",
        "ADM3_PCODE": "CI280102",
        "ADM4_FR": "DIKODOUGOU",
        "ADM4_PCODE": "C2061",
        "centerLat": 9.06715,
        "centerLng": -5.77662,
        "pop": 13953,
        "TeS_MOOV": 0.0,
        "TedS_MOOV": 56.36,
        "TR3_MOOV": 30.3,
        "TeRd_MOOV": 38.18,
        "TS_MOOV": 69.69999999999999,
        "TeS_MTN": 0.0,
        "TedS_MTN": 61.82,
        "TR3_MTN": 0.0,
        "TeRd_MTN": 97.58,
        "TS_MTN": 100.0,
        "TeS_ORANGE": 0.0,
        "TedS_ORANGE": 100.0,
        "TR3_ORANGE": 0.61,
        "TeRd_ORANGE": 55.76,
        "TS_ORANGE": 99.39,
        "rang_TeS_ORANGE": 1,
        "rang_TeS_MTN": 1,
        "rang_TeS_MOOV": 1,
        "rang_TedS_ORANGE": 1,
        "rang_TedS_MTN": 2,
        "rang_TedS_MOOV": 3,
        "rang_TR3_ORANGE": 2,
        "rang_TR3_MTN": 1,
        "rang_TR3_MOOV": 3,
        "rang_TS_ORANGE": 2,
        "rang_TS_MTN": 1,
        "rang_TS_MOOV": 3,
        "rang_TeRd_ORANGE": 2,
        "rang_TeRd_MTN": 1,
        "rang_TeRd_MOOV": 3
      },
      "id": 50
    },
    {
      "type": "Feature",
      "geometry": {
        "coordinates": [
          -4.7146099999999995,
          6.635400000000001
        ],
        "type": "Point"
      },
      "properties": {
        "ADM0_FR": "LACS",
        "ADM0_PCODE": "CI07",
        "ADM1_FR": "N'ZI",
        "ADM1_PCODE": "CI127",
        "ADM2_FR": "DIMBOKRO",
        "ADM2_PCODE": "CI2702",
        "ADM3_FR": "DIMBOKRO",
        "ADM3_PCODE": "CI270203",
        "ADM4_FR": "DIMBOKRO",
        "ADM4_PCODE": "C2073",
        "centerLat": 6.6454,
        "centerLng": -4.70461,
        "pop": 48860,
        "TeS_MOOV": 0.0,
        "TedS_MOOV": 98.32,
        "TR3_MOOV": 0.0,
        "TeRd_MOOV": 51.959999999999994,
        "TS_MOOV": 100.0,
        "TeS_MTN": 0.0,
        "TedS_MTN": 100.0,
        "TR3_MTN": 0.0,
        "TeRd_MTN": 97.77,
        "TS_MTN": 100.0,
        "TeS_ORANGE": 0.0,
        "TedS_ORANGE": 99.44,
        "TR3_ORANGE": 3.39,
        "TeRd_ORANGE": 22.03,
        "TS_ORANGE": 99.44,
        "rang_TeS_ORANGE": 1,
        "rang_TeS_MTN": 1,
        "rang_TeS_MOOV": 1,
        "rang_TedS_ORANGE": 2,
        "rang_TedS_MTN": 1,
        "rang_TedS_MOOV": 3,
        "rang_TR3_ORANGE": 3,
        "rang_TR3_MTN": 1,
        "rang_TR3_MOOV": 1,
        "rang_TS_ORANGE": 3,
        "rang_TS_MTN": 1,
        "rang_TS_MOOV": 1,
        "rang_TeRd_ORANGE": 3,
        "rang_TeRd_MTN": 1,
        "rang_TeRd_MOOV": 2
      },
      "id": 51
    },
    {
      "type": "Feature",
      "geometry": {
        "coordinates": [
          -5.36702,
          5.82833
        ],
        "type": "Point"
      },
      "properties": {
        "ADM0_FR": "GOH-DJIBOUA",
        "ADM0_PCODE": "CI06",
        "ADM1_FR": "LOH-DJIBOUA",
        "ADM1_PCODE": "CI122",
        "ADM2_FR": "DIVO",
        "ADM2_PCODE": "CI2201",
        "ADM3_FR": "DIVO",
        "ADM3_PCODE": "CI220103",
        "ADM4_FR": "DIVO",
        "ADM4_PCODE": "C2117",
        "centerLat": 5.83833,
        "centerLng": -5.35702,
        "pop": 105397,
        "TeS_MOOV": 0.0,
        "TedS_MOOV": 100.0,
        "TR3_MOOV": 0.0,
        "TeRd_MOOV": 99.48,
        "TS_MOOV": 100.0,
        "TeS_MTN": 0.29,
        "TedS_MTN": 98.54,
        "TR3_MTN": 0.0,
        "TeRd_MTN": 80.12,
        "TS_MTN": 100.0,
        "TeS_ORANGE": 0.0,
        "TedS_ORANGE": 98.96000000000001,
        "TR3_ORANGE": 1.82,
        "TeRd_ORANGE": 26.75,
        "TS_ORANGE": 100.0,
        "rang_TeS_ORANGE": 1,
        "rang_TeS_MTN": 3,
        "rang_TeS_MOOV": 1,
        "rang_TedS_ORANGE": 2,
        "rang_TedS_MTN": 3,
        "rang_TedS_MOOV": 1,
        "rang_TR3_ORANGE": 3,
        "rang_TR3_MTN": 1,
        "rang_TR3_MOOV": 1,
        "rang_TS_ORANGE": 1,
        "rang_TS_MTN": 1,
        "rang_TS_MOOV": 1,
        "rang_TeRd_ORANGE": 3,
        "rang_TeRd_MTN": 2,
        "rang_TeRd_MOOV": 1
      },
      "id": 52
    },
    {
      "type": "Feature",
      "geometry": {
        "coordinates": [
          -5.08205,
          7.50697
        ],
        "type": "Point"
      },
      "properties": {
        "ADM0_FR": "VALLEE DU BANDAMA",
        "ADM0_PCODE": "CI12",
        "ADM1_FR": "GBEKE",
        "ADM1_PCODE": "CI111",
        "ADM2_FR": "BOUAKE",
        "ADM2_PCODE": "CI1103",
        "ADM3_FR": "DJEBONOUA",
        "ADM3_PCODE": "CI110304",
        "ADM4_FR": "DJEBONOUA",
        "ADM4_PCODE": "C2159",
        "centerLat": 7.51697,
        "centerLng": -5.07205,
        "pop": 3648,
        "TeS_MOOV": 0.0,
        "TedS_MOOV": 25.22,
        "TR3_MOOV": 0.0,
        "TeRd_MOOV": 46.96,
        "TS_MOOV": 100.0,
        "TeS_MTN": 0.0,
        "TedS_MTN": 46.089999999999996,
        "TR3_MTN": 0.0,
        "TeRd_MTN": 98.26,
        "TS_MTN": 100.0,
        "TeS_ORANGE": 0.0,
        "TedS_ORANGE": 99.13,
        "TR3_ORANGE": 1.7399999999999998,
        "TeRd_ORANGE": 98.26,
        "TS_ORANGE": 100.0,
        "rang_TeS_ORANGE": 1,
        "rang_TeS_MTN": 1,
        "rang_TeS_MOOV": 1,
        "rang_TedS_ORANGE": 1,
        "rang_TedS_MTN": 2,
        "rang_TedS_MOOV": 3,
        "rang_TR3_ORANGE": 3,
        "rang_TR3_MTN": 1,
        "rang_TR3_MOOV": 1,
        "rang_TS_ORANGE": 1,
        "rang_TS_MTN": 1,
        "rang_TS_MOOV": 1,
        "rang_TeRd_ORANGE": 1,
        "rang_TeRd_MTN": 1,
        "rang_TeRd_MOOV": 3
      },
      "id": 53
    },
    {
      "type": "Feature",
      "geometry": {
        "coordinates": [
          -5.12627,
          6.46235
        ],
        "type": "Point"
      },
      "properties": {
        "ADM0_FR": "LACS",
        "ADM0_PCODE": "CI07",
        "ADM1_FR": "BELIER",
        "ADM1_PCODE": "CI106",
        "ADM2_FR": "DJEKANOU",
        "ADM2_PCODE": "CI0602",
        "ADM3_FR": "DJEKANOU",
        "ADM3_PCODE": "CI060202",
        "ADM4_FR": "DJÉKANOU",
        "ADM4_PCODE": "C2171",
        "centerLat": 6.47235,
        "centerLng": -5.11627,
        "pop": 3981,
        "TeS_MOOV": 0.0,
        "TedS_MOOV": 31.669999999999998,
        "TR3_MOOV": 1.67,
        "TeRd_MOOV": 31.669999999999998,
        "TS_MOOV": 100.0,
        "TeS_MTN": 0.0,
        "TedS_MTN": 87.5,
        "TR3_MTN": 0.0,
        "TeRd_MTN": 95.0,
        "TS_MTN": 100.0,
        "TeS_ORANGE": 0.0,
        "TedS_ORANGE": 99.16,
        "TR3_ORANGE": 0.84,
        "TeRd_ORANGE": 7.5600000000000005,
        "TS_ORANGE": 100.0,
        "rang_TeS_ORANGE": 1,
        "rang_TeS_MTN": 1,
        "rang_TeS_MOOV": 1,
        "rang_TedS_ORANGE": 1,
        "rang_TedS_MTN": 2,
        "rang_TedS_MOOV": 3,
        "rang_TR3_ORANGE": 2,
        "rang_TR3_MTN": 1,
        "rang_TR3_MOOV": 3,
        "rang_TS_ORANGE": 1,
        "rang_TS_MTN": 1,
        "rang_TS_MOOV": 1,
        "rang_TeRd_ORANGE": 3,
        "rang_TeRd_MTN": 1,
        "rang_TeRd_MOOV": 2
      },
      "id": 54
    },
    {
      "type": "Feature",
      "geometry": {
        "coordinates": [
          -3.35132,
          9.79814
        ],
        "type": "Point"
      },
      "properties": {
        "ADM0_FR": "ZANZAN",
        "ADM0_PCODE": "CI14",
        "ADM1_FR": "BOUNKANI",
        "ADM1_PCODE": "CI108",
        "ADM2_FR": "DOROPO",
        "ADM2_PCODE": "CI0802",
        "ADM3_FR": "DOROPO",
        "ADM3_PCODE": "CI080202",
        "ADM4_FR": "DOROPO",
        "ADM4_PCODE": "C2324",
        "centerLat": 9.80814,
        "centerLng": -3.34132,
        "pop": 14388,
        "TeS_MOOV": 0.8099999999999999,
        "TedS_MOOV": 0.0,
        "TR3_MOOV": 0.0,
        "TeRd_MOOV": 26.02,
        "TS_MOOV": 100.0,
        "TeS_MTN": 0.79,
        "TedS_MTN": 76.0,
        "TR3_MTN": 0.0,
        "TeRd_MTN": 88.8,
        "TS_MTN": 100.0,
        "TeS_ORANGE": 0.0,
        "TedS_ORANGE": 99.18,
        "TR3_ORANGE": 0.8200000000000001,
        "TeRd_ORANGE": 7.380000000000001,
        "TS_ORANGE": 99.18,
        "rang_TeS_ORANGE": 1,
        "rang_TeS_MTN": 2,
        "rang_TeS_MOOV": 3,
        "rang_TedS_ORANGE": 1,
        "rang_TedS_MTN": 2,
        "rang_TedS_MOOV": 3,
        "rang_TR3_ORANGE": 3,
        "rang_TR3_MTN": 1,
        "rang_TR3_MOOV": 1,
        "rang_TS_ORANGE": 3,
        "rang_TS_MTN": 1,
        "rang_TS_MOOV": 1,
        "rang_TeRd_ORANGE": 3,
        "rang_TeRd_MTN": 1,
        "rang_TeRd_MOOV": 2
      },
      "id": 55
    },
    {
      "type": "Feature",
      "geometry": {
        "coordinates": [
          -6.5523299999999995,
          8.11173
        ],
        "type": "Point"
      },
      "properties": {
        "ADM0_FR": "WOROBA",
        "ADM0_PCODE": "CI13",
        "ADM1_FR": "WORODOUGOU",
        "ADM1_PCODE": "CI133",
        "ADM2_FR": "SEGUELA",
        "ADM2_PCODE": "CI3302",
        "ADM3_FR": "DUALLA",
        "ADM3_PCODE": "CI330203",
        "ADM4_FR": "DUALLA",
        "ADM4_PCODE": "C2423",
        "centerLat": 8.12173,
        "centerLng": -6.54233,
        "pop": 1915,
        "TeS_MOOV": 0.0,
        "TedS_MOOV": 12.17,
        "TR3_MOOV": 0.0,
        "TeRd_MOOV": 29.57,
        "TS_MOOV": 91.3,
        "TeS_MTN": 0.0,
        "TedS_MTN": 100.0,
        "TR3_MTN": 0.0,
        "TeRd_MTN": 99.15,
        "TS_MTN": 100.0,
        "TeS_ORANGE": 0.0,
        "TedS_ORANGE": 12.17,
        "TR3_ORANGE": 3.4799999999999995,
        "TeRd_ORANGE": 85.22,
        "TS_ORANGE": 99.13,
        "rang_TeS_ORANGE": 1,
        "rang_TeS_MTN": 1,
        "rang_TeS_MOOV": 1,
        "rang_TedS_ORANGE": 2,
        "rang_TedS_MTN": 1,
        "rang_TedS_MOOV": 2,
        "rang_TR3_ORANGE": 3,
        "rang_TR3_MTN": 1,
        "rang_TR3_MOOV": 1,
        "rang_TS_ORANGE": 2,
        "rang_TS_MTN": 1,
        "rang_TS_MOOV": 3,
        "rang_TeRd_ORANGE": 2,
        "rang_TeRd_MTN": 1,
        "rang_TeRd_MOOV": 3
      },
      "id": 56
    },
    {
      "type": "Feature",
      "geometry": {
        "coordinates": [
          -7.35262,
          6.73496
        ],
        "type": "Point"
      },
      "properties": {
        "ADM0_FR": "MONTAGNES",
        "ADM0_PCODE": "CI09",
        "ADM1_FR": "GUEMON",
        "ADM1_PCODE": "CI116",
        "ADM2_FR": "DUEKOUE",
        "ADM2_PCODE": "CI1602",
        "ADM3_FR": "DUEKOUE",
        "ADM3_PCODE": "CI160202",
        "ADM4_FR": "DUEKOUE",
        "ADM4_PCODE": "C2425",
        "centerLat": 6.74496,
        "centerLng": -7.34262,
        "pop": 90274,
        "TeS_MOOV": 0.0,
        "TedS_MOOV": 98.96000000000001,
        "TR3_MOOV": 0.0,
        "TeRd_MOOV": 44.1,
        "TS_MOOV": 100.0,
        "TeS_MTN": 0.0,
        "TedS_MTN": 98.57000000000001,
        "TR3_MTN": 0.0,
        "TeRd_MTN": 96.78999999999999,
        "TS_MTN": 100.0,
        "TeS_ORANGE": 0.0,
        "TedS_ORANGE": 99.29,
        "TR3_ORANGE": 2.1399999999999997,
        "TeRd_ORANGE": 86.79,
        "TS_ORANGE": 70.0,
        "rang_TeS_ORANGE": 1,
        "rang_TeS_MTN": 1,
        "rang_TeS_MOOV": 1,
        "rang_TedS_ORANGE": 1,
        "rang_TedS_MTN": 3,
        "rang_TedS_MOOV": 2,
        "rang_TR3_ORANGE": 3,
        "rang_TR3_MTN": 1,
        "rang_TR3_MOOV": 1,
        "rang_TS_ORANGE": 3,
        "rang_TS_MTN": 1,
        "rang_TS_MOOV": 1,
        "rang_TeRd_ORANGE": 2,
        "rang_TeRd_MTN": 1,
        "rang_TeRd_MOOV": 3
      },
      "id": 57
    },
    {
      "type": "Feature",
      "geometry": {
        "coordinates": [
          -4.52,
          5.680000000000001
        ],
        "type": "Point"
      },
      "properties": {
        "ADM0_FR": "LAGUNES",
        "ADM0_PCODE": "CI08",
        "ADM1_FR": "AGNEBY-TIASSA",
        "ADM1_PCODE": "CI103",
        "ADM2_FR": "SIKENSI",
        "ADM2_PCODE": "CI0302",
        "ADM3_FR": "SIKENSI",
        "ADM3_PCODE": "CI030201",
        "ADM4_FR": "ELLIBOU",
        "ADM4_PCODE": "C2485",
        "centerLat": 5.69,
        "centerLng": -4.51,
        "pop": 5875,
        "TeS_MOOV": 0.0,
        "TedS_MOOV": 100.0,
        "TR3_MOOV": 0.0,
        "TeRd_MOOV": 95.96000000000001,
        "TS_MOOV": 100.0,
        "TeS_MTN": 0.0,
        "TedS_MTN": 99.08,
        "TR3_MTN": 0.0,
        "TeRd_MTN": 97.25,
        "TS_MTN": 100.0,
        "TeS_ORANGE": 0.0,
        "TedS_ORANGE": 100.0,
        "TR3_ORANGE": 0.0,
        "TeRd_ORANGE": 95.41,
        "TS_ORANGE": 71.56,
        "rang_TeS_ORANGE": 1,
        "rang_TeS_MTN": 1,
        "rang_TeS_MOOV": 1,
        "rang_TedS_ORANGE": 1,
        "rang_TedS_MTN": 3,
        "rang_TedS_MOOV": 1,
        "rang_TR3_ORANGE": 1,
        "rang_TR3_MTN": 1,
        "rang_TR3_MOOV": 1,
        "rang_TS_ORANGE": 3,
        "rang_TS_MTN": 1,
        "rang_TS_MOOV": 1,
        "rang_TeRd_ORANGE": 3,
        "rang_TeRd_MTN": 1,
        "rang_TeRd_MOOV": 2
      },
      "id": 58
    },
    {
      "type": "Feature",
      "geometry": {
        "coordinates": [
          -7.38694,
          7.37819
        ],
        "type": "Point"
      },
      "properties": {
        "ADM0_FR": "MONTAGNES",
        "ADM0_PCODE": "CI09",
        "ADM1_FR": "GUEMON",
        "ADM1_PCODE": "CI116",
        "ADM2_FR": "FACOBLY",
        "ADM2_PCODE": "CI1603",
        "ADM3_FR": "FACOBLY",
        "ADM3_PCODE": "CI160301",
        "ADM4_FR": "FACOBLY",
        "ADM4_PCODE": "C2527",
        "centerLat": 7.38819,
        "centerLng": -7.37694,
        "pop": 4536,
        "TeS_MOOV": 0.0,
        "TedS_MOOV": 97.25,
        "TR3_MOOV": 0.0,
        "TeRd_MOOV": 35.78,
        "TS_MOOV": 100.0,
        "TeS_MTN": 0.0,
        "TedS_MTN": 97.27,
        "TR3_MTN": 0.0,
        "TeRd_MTN": 98.18,
        "TS_MTN": 100.0,
        "TeS_ORANGE": 0.0,
        "TedS_ORANGE": 98.18,
        "TR3_ORANGE": 1.82,
        "TeRd_ORANGE": 0.0,
        "TS_ORANGE": 100.0,
        "rang_TeS_ORANGE": 1,
        "rang_TeS_MTN": 1,
        "rang_TeS_MOOV": 1,
        "rang_TedS_ORANGE": 1,
        "rang_TedS_MTN": 2,
        "rang_TedS_MOOV": 3,
        "rang_TR3_ORANGE": 3,
        "rang_TR3_MTN": 1,
        "rang_TR3_MOOV": 1,
        "rang_TS_ORANGE": 1,
        "rang_TS_MTN": 1,
        "rang_TS_MOOV": 1,
        "rang_TeRd_ORANGE": 3,
        "rang_TeRd_MTN": 1,
        "rang_TeRd_MOOV": 2
      },
      "id": 59
    },
    {
      "type": "Feature",
      "geometry": {
        "coordinates": [
          -5.2076199999999995,
          9.58226
        ],
        "type": "Point"
      },
      "properties": {
        "ADM0_FR": "SAVANES",
        "ADM0_PCODE": "CI11",
        "ADM1_FR": "TCHOLOGO",
        "ADM1_PCODE": "CI131",
        "ADM2_FR": "FERKESSEDOUGOU",
        "ADM2_PCODE": "CI3101",
        "ADM3_FR": "FERKESSEDOUGOU",
        "ADM3_PCODE": "CI310101",
        "ADM4_FR": "FERKESSÉDOUGOU",
        "ADM4_PCODE": "C2603",
        "centerLat": 9.59226,
        "centerLng": -5.19762,
        "pop": 55910,
        "TeS_MOOV": 0.0,
        "TedS_MOOV": 98.00999999999999,
        "TR3_MOOV": 0.0,
        "TeRd_MOOV": 100.0,
        "TS_MOOV": 100.0,
        "TeS_MTN": 0.0,
        "TedS_MTN": 99.6,
        "TR3_MTN": 0.0,
        "TeRd_MTN": 98.39,
        "TS_MTN": 100.0,
        "TeS_ORANGE": 0.0,
        "TedS_ORANGE": 98.79,
        "TR3_ORANGE": 2.83,
        "TeRd_ORANGE": 80.97,
        "TS_ORANGE": 100.0,
        "rang_TeS_ORANGE": 1,
        "rang_TeS_MTN": 1,
        "rang_TeS_MOOV": 1,
        "rang_TedS_ORANGE": 2,
        "rang_TedS_MTN": 1,
        "rang_TedS_MOOV": 3,
        "rang_TR3_ORANGE": 3,
        "rang_TR3_MTN": 1,
        "rang_TR3_MOOV": 1,
        "rang_TS_ORANGE": 1,
        "rang_TS_MTN": 1,
        "rang_TS_MOOV": 1,
        "rang_TeRd_ORANGE": 3,
        "rang_TeRd_MTN": 2,
        "rang_TeRd_MOOV": 1
      },
      "id": 60
    },
    {
      "type": "Feature",
      "geometry": {
        "coordinates": [
          -5.596509999999999,
          5.0955900000000005
        ],
        "type": "Point"
      },
      "properties": {
        "ADM0_FR": "BAS-SASSANDRA",
        "ADM0_PCODE": "CI01",
        "ADM1_FR": "GBOKLE",
        "ADM1_PCODE": "CI112",
        "ADM2_FR": "FRESCO",
        "ADM2_PCODE": "CI1201",
        "ADM3_FR": "FRESCO",
        "ADM3_PCODE": "CI120102",
        "ADM4_FR": "FRESCO",
        "ADM4_PCODE": "C2691",
        "centerLat": 5.10559,
        "centerLng": -5.58651,
        "pop": 8533,
        "TeS_MOOV": 0.0,
        "TedS_MOOV": 99.35000000000001,
        "TR3_MOOV": 0.0,
        "TeRd_MOOV": 62.580000000000005,
        "TS_MOOV": 100.0,
        "TeS_MTN": 0.0,
        "TedS_MTN": 71.43,
        "TR3_MTN": 0.0,
        "TeRd_MTN": 78.57,
        "TS_MTN": 82.14,
        "TeS_ORANGE": 0.0,
        "TedS_ORANGE": 100.0,
        "TR3_ORANGE": 0.65,
        "TeRd_ORANGE": 54.190000000000005,
        "TS_ORANGE": 100.0,
        "rang_TeS_ORANGE": 1,
        "rang_TeS_MTN": 1,
        "rang_TeS_MOOV": 1,
        "rang_TedS_ORANGE": 1,
        "rang_TedS_MTN": 3,
        "rang_TedS_MOOV": 2,
        "rang_TR3_ORANGE": 3,
        "rang_TR3_MTN": 1,
        "rang_TR3_MOOV": 1,
        "rang_TS_ORANGE": 1,
        "rang_TS_MTN": 3,
        "rang_TS_MOOV": 1,
        "rang_TeRd_ORANGE": 3,
        "rang_TeRd_MTN": 1,
        "rang_TeRd_MOOV": 2
      },
      "id": 61
    },
    {
      "type": "Feature",
      "geometry": {
        "coordinates": [
          -5.954359999999999,
          6.11836
        ],
        "type": "Point"
      },
      "properties": {
        "ADM0_FR": "GOH-DJIBOUA",
        "ADM0_PCODE": "CI06",
        "ADM1_FR": "GOH",
        "ADM1_PCODE": "CI113",
        "ADM2_FR": "GAGNOA",
        "ADM2_PCODE": "CI1301",
        "ADM3_FR": "GAGNOA",
        "ADM3_PCODE": "CI130106",
        "ADM4_FR": "GAGNOA",
        "ADM4_PCODE": "C2707",
        "centerLat": 6.12836,
        "centerLng": -5.94436,
        "pop": 160465,
        "TeS_MOOV": 0.0,
        "TedS_MOOV": 96.97,
        "TR3_MOOV": 0.0,
        "TeRd_MOOV": 42.42,
        "TS_MOOV": 100.0,
        "TeS_MTN": 0.0,
        "TedS_MTN": 99.39,
        "TR3_MTN": 0.0,
        "TeRd_MTN": 99.39,
        "TS_MTN": 100.0,
        "TeS_ORANGE": 0.0,
        "TedS_ORANGE": 99.39,
        "TR3_ORANGE": 1.82,
        "TeRd_ORANGE": 85.45,
        "TS_ORANGE": 98.79,
        "rang_TeS_ORANGE": 1,
        "rang_TeS_MTN": 1,
        "rang_TeS_MOOV": 1,
        "rang_TedS_ORANGE": 1,
        "rang_TedS_MTN": 1,
        "rang_TedS_MOOV": 3,
        "rang_TR3_ORANGE": 3,
        "rang_TR3_MTN": 1,
        "rang_TR3_MOOV": 1,
        "rang_TS_ORANGE": 3,
        "rang_TS_MTN": 1,
        "rang_TS_MOOV": 1,
        "rang_TeRd_ORANGE": 2,
        "rang_TeRd_MTN": 1,
        "rang_TeRd_MOOV": 3
      },
      "id": 62
    },
    {
      "type": "Feature",
      "geometry": {
        "coordinates": [
          -8.34,
          7.5600000000000005
        ],
        "type": "Point"
      },
      "properties": {
        "ADM0_FR": "MONTAGNES",
        "ADM0_PCODE": "CI09",
        "ADM1_FR": "TONKPI",
        "ADM1_PCODE": "CI132",
        "ADM2_FR": "DANANE",
        "ADM2_PCODE": "CI3202",
        "ADM3_FR": "KOUAN-HOULE",
        "ADM3_PCODE": "CI320204",
        "ADM4_FR": "GBAPLEU",
        "ADM4_PCODE": "C2878",
        "centerLat": 7.57,
        "centerLng": -8.33,
        "pop": 2358,
        "TeS_MOOV": 0.0,
        "TedS_MOOV": 91.43,
        "TR3_MOOV": 0.5700000000000001,
        "TeRd_MOOV": 46.86,
        "TS_MOOV": 99.42999999999999,
        "TeS_MTN": 0.0,
        "TedS_MTN": 68.92,
        "TR3_MTN": 0.0,
        "TeRd_MTN": 75.68,
        "TS_MTN": 76.35,
        "TeS_ORANGE": 0.0,
        "TedS_ORANGE": 98.83999999999999,
        "TR3_ORANGE": 1.73,
        "TeRd_ORANGE": 75.72,
        "TS_ORANGE": 98.83999999999999,
        "rang_TeS_ORANGE": 1,
        "rang_TeS_MTN": 1,
        "rang_TeS_MOOV": 1,
        "rang_TedS_ORANGE": 1,
        "rang_TedS_MTN": 3,
        "rang_TedS_MOOV": 2,
        "rang_TR3_ORANGE": 3,
        "rang_TR3_MTN": 1,
        "rang_TR3_MOOV": 2,
        "rang_TS_ORANGE": 2,
        "rang_TS_MTN": 3,
        "rang_TS_MOOV": 1,
        "rang_TeRd_ORANGE": 1,
        "rang_TeRd_MTN": 2,
        "rang_TeRd_MOOV": 3
      },
      "id": 63
    },
    {
      "type": "Feature",
      "geometry": {
        "coordinates": [
          -6.45827,
          9.8241
        ],
        "type": "Point"
      },
      "properties": {
        "ADM0_FR": "SAVANES",
        "ADM0_PCODE": "CI11",
        "ADM1_FR": "BAGOUE",
        "ADM1_PCODE": "CI105",
        "ADM2_FR": "KOUTO",
        "ADM2_PCODE": "CI0502",
        "ADM3_FR": "GBON",
        "ADM3_PCODE": "CI050203",
        "ADM4_FR": "GBON",
        "ADM4_PCODE": "C2986",
        "centerLat": 9.8341,
        "centerLng": -6.44827,
        "pop": 9615,
        "TeS_MOOV": 0.0,
        "TedS_MOOV": 71.3,
        "TR3_MOOV": 0.0,
        "TeRd_MOOV": 47.83,
        "TS_MOOV": 100.0,
        "TeS_MTN": 0.0,
        "TedS_MTN": 66.67,
        "TR3_MTN": 0.0,
        "TeRd_MTN": 98.25,
        "TS_MTN": 100.0,
        "TeS_ORANGE": 0.0,
        "TedS_ORANGE": 99.11999999999999,
        "TR3_ORANGE": 3.51,
        "TeRd_ORANGE": 6.140000000000001,
        "TS_ORANGE": 100.0,
        "rang_TeS_ORANGE": 1,
        "rang_TeS_MTN": 1,
        "rang_TeS_MOOV": 1,
        "rang_TedS_ORANGE": 1,
        "rang_TedS_MTN": 3,
        "rang_TedS_MOOV": 2,
        "rang_TR3_ORANGE": 3,
        "rang_TR3_MTN": 1,
        "rang_TR3_MOOV": 1,
        "rang_TS_ORANGE": 1,
        "rang_TS_MTN": 1,
        "rang_TS_MOOV": 1,
        "rang_TeRd_ORANGE": 3,
        "rang_TeRd_MTN": 1,
        "rang_TeRd_MOOV": 2
      },
      "id": 64
    },
    {
      "type": "Feature",
      "geometry": {
        "coordinates": [
          -5.97948,
          6.93469
        ],
        "type": "Point"
      },
      "properties": {
        "ADM0_FR": "SASSANDRA-MARAHOUE",
        "ADM0_PCODE": "CI10",
        "ADM1_FR": "MARAHOUE",
        "ADM1_PCODE": "CI123",
        "ADM2_FR": "BOUAFLE",
        "ADM2_PCODE": "CI2301",
        "ADM3_FR": "BONON",
        "ADM3_PCODE": "CI230102",
        "ADM4_FR": "GOBAZRA",
        "ADM4_PCODE": "C3147",
        "centerLat": 6.94469,
        "centerLng": -5.96948,
        "pop": 3978,
        "TeS_MOOV": 0.0,
        "TedS_MOOV": 4.2,
        "TR3_MOOV": 12.61,
        "TeRd_MOOV": 15.97,
        "TS_MOOV": 99.16,
        "TeS_MTN": 0.0,
        "TedS_MTN": 90.68,
        "TR3_MTN": 0.0,
        "TeRd_MTN": 88.98,
        "TS_MTN": 100.0,
        "TeS_ORANGE": 0.0,
        "TedS_ORANGE": 98.32,
        "TR3_ORANGE": 2.52,
        "TeRd_ORANGE": 69.75,
        "TS_ORANGE": 100.0,
        "rang_TeS_ORANGE": 1,
        "rang_TeS_MTN": 1,
        "rang_TeS_MOOV": 1,
        "rang_TedS_ORANGE": 1,
        "rang_TedS_MTN": 2,
        "rang_TedS_MOOV": 3,
        "rang_TR3_ORANGE": 2,
        "rang_TR3_MTN": 1,
        "rang_TR3_MOOV": 3,
        "rang_TS_ORANGE": 1,
        "rang_TS_MTN": 1,
        "rang_TS_MOOV": 3,
        "rang_TeRd_ORANGE": 2,
        "rang_TeRd_MTN": 1,
        "rang_TeRd_MOOV": 3
      },
      "id": 65
    },
    {
      "type": "Feature",
      "geometry": {
        "coordinates": [
          -6.2554,
          6.89526
        ],
        "type": "Point"
      },
      "properties": {
        "ADM0_FR": "SASSANDRA-MARAHOUE",
        "ADM0_PCODE": "CI10",
        "ADM1_FR": "HAUT-SASSANDRA",
        "ADM1_PCODE": "CI118",
        "ADM2_FR": "DALOA",
        "ADM2_PCODE": "CI1801",
        "ADM3_FR": "GONATE",
        "ADM3_PCODE": "CI180105",
        "ADM4_FR": "GONATÉ",
        "ADM4_PCODE": "C3235",
        "centerLat": 6.90526,
        "centerLng": -6.2454,
        "pop": 19161,
        "TeS_MOOV": 0.0,
        "TedS_MOOV": 82.12,
        "TR3_MOOV": 0.0,
        "TeRd_MOOV": 50.839999999999996,
        "TS_MOOV": 100.0,
        "TeS_MTN": 0.0,
        "TedS_MTN": 98.92999999999999,
        "TR3_MTN": 0.0,
        "TeRd_MTN": 98.4,
        "TS_MTN": 100.0,
        "TeS_ORANGE": 0.0,
        "TedS_ORANGE": 98.4,
        "TR3_ORANGE": 1.6,
        "TeRd_ORANGE": 76.47,
        "TS_ORANGE": 99.47,
        "rang_TeS_ORANGE": 1,
        "rang_TeS_MTN": 1,
        "rang_TeS_MOOV": 1,
        "rang_TedS_ORANGE": 2,
        "rang_TedS_MTN": 1,
        "rang_TedS_MOOV": 3,
        "rang_TR3_ORANGE": 3,
        "rang_TR3_MTN": 1,
        "rang_TR3_MOOV": 1,
        "rang_TS_ORANGE": 3,
        "rang_TS_MTN": 1,
        "rang_TS_MOOV": 1,
        "rang_TeRd_ORANGE": 2,
        "rang_TeRd_MTN": 1,
        "rang_TeRd_MOOV": 3
      },
      "id": 66
    },
    {
      "type": "Feature",
      "geometry": {
        "coordinates": [
          -5.01208,
          5.23919
        ],
        "type": "Point"
      },
      "properties": {
        "ADM0_FR": "LAGUNES",
        "ADM0_PCODE": "CI08",
        "ADM1_FR": "GRANDS-PONTS",
        "ADM1_PCODE": "CI115",
        "ADM2_FR": "GRAND-LAHOU",
        "ADM2_PCODE": "CI1502",
        "ADM3_FR": "GRAND-LAHOU",
        "ADM3_PCODE": "CI150204",
        "ADM4_FR": "GRAND-LAHOU",
        "ADM4_PCODE": "C3376",
        "centerLat": 5.24919,
        "centerLng": -5.00208,
        "pop": 28470,
        "TeS_MOOV": 0.0,
        "TedS_MOOV": 100.0,
        "TR3_MOOV": 0.0,
        "TeRd_MOOV": 54.84,
        "TS_MOOV": 100.0,
        "TeS_MTN": 0.0,
        "TedS_MTN": 58.97,
        "TR3_MTN": 0.0,
        "TeRd_MTN": 96.15,
        "TS_MTN": 100.0,
        "TeS_ORANGE": 0.0,
        "TedS_ORANGE": 98.06,
        "TR3_ORANGE": 0.65,
        "TeRd_ORANGE": 90.97,
        "TS_ORANGE": 100.0,
        "rang_TeS_ORANGE": 1,
        "rang_TeS_MTN": 1,
        "rang_TeS_MOOV": 1,
        "rang_TedS_ORANGE": 2,
        "rang_TedS_MTN": 3,
        "rang_TedS_MOOV": 1,
        "rang_TR3_ORANGE": 3,
        "rang_TR3_MTN": 1,
        "rang_TR3_MOOV": 1,
        "rang_TS_ORANGE": 1,
        "rang_TS_MTN": 1,
        "rang_TS_MOOV": 1,
        "rang_TeRd_ORANGE": 2,
        "rang_TeRd_MTN": 1,
        "rang_TeRd_MOOV": 3
      },
      "id": 67
    },
    {
      "type": "Feature",
      "geometry": {
        "coordinates": [
          -6.934699999999999,
          4.64053
        ],
        "type": "Point"
      },
      "properties": {
        "ADM0_FR": "BAS-SASSANDRA",
        "ADM0_PCODE": "CI01",
        "ADM1_FR": "SAN-PEDRO",
        "ADM1_PCODE": "CI129",
        "ADM2_FR": "SAN-PEDRO",
        "ADM2_PCODE": "CI2901",
        "ADM3_FR": "GRAND-BEREBY",
        "ADM3_PCODE": "CI290105",
        "ADM4_FR": "GRAND-BÉRÉBY",
        "ADM4_PCODE": "C3368",
        "centerLat": 4.65053,
        "centerLng": -6.9247,
        "pop": 9338,
        "TeS_MOOV": 0.0,
        "TedS_MOOV": 98.71,
        "TR3_MOOV": 0.0,
        "TeRd_MOOV": 74.83999999999999,
        "TS_MOOV": 100.0,
        "TeS_MTN": 0.0,
        "TedS_MTN": 98.06,
        "TR3_MTN": 0.0,
        "TeRd_MTN": 97.42,
        "TS_MTN": 100.0,
        "TeS_ORANGE": 0.0,
        "TedS_ORANGE": 100.0,
        "TR3_ORANGE": 0.65,
        "TeRd_ORANGE": 81.28999999999999,
        "TS_ORANGE": 100.0,
        "rang_TeS_ORANGE": 1,
        "rang_TeS_MTN": 1,
        "rang_TeS_MOOV": 1,
        "rang_TedS_ORANGE": 1,
        "rang_TedS_MTN": 3,
        "rang_TedS_MOOV": 2,
        "rang_TR3_ORANGE": 3,
        "rang_TR3_MTN": 1,
        "rang_TR3_MOOV": 1,
        "rang_TS_ORANGE": 1,
        "rang_TS_MTN": 1,
        "rang_TS_MOOV": 1,
        "rang_TeRd_ORANGE": 2,
        "rang_TeRd_MTN": 1,
        "rang_TeRd_MOOV": 3
      },
      "id": 68
    },
    {
      "type": "Feature",
      "geometry": {
        "coordinates": [
          -6.965599999999999,
          6.7301400000000005
        ],
        "type": "Point"
      },
      "properties": {
        "ADM0_FR": "SASSANDRA-MARAHOUE",
        "ADM0_PCODE": "CI10",
        "ADM1_FR": "HAUT-SASSANDRA",
        "ADM1_PCODE": "CI118",
        "ADM2_FR": "ZOUKOUGBEU",
        "ADM2_PCODE": "CI1804",
        "ADM3_FR": "GUESSABO",
        "ADM3_PCODE": "CI180404",
        "ADM4_FR": "GUESSABO",
        "ADM4_PCODE": "C3447",
        "centerLat": 6.74014,
        "centerLng": -6.9556,
        "pop": 13843,
        "TeS_MOOV": 0.0,
        "TedS_MOOV": 78.46,
        "TR3_MOOV": 0.0,
        "TeRd_MOOV": 35.38,
        "TS_MOOV": 100.0,
        "TeS_MTN": 0.0,
        "TedS_MTN": 97.69,
        "TR3_MTN": 0.0,
        "TeRd_MTN": 96.15,
        "TS_MTN": 100.0,
        "TeS_ORANGE": 0.0,
        "TedS_ORANGE": 100.0,
        "TR3_ORANGE": 0.77,
        "TeRd_ORANGE": 78.46,
        "TS_ORANGE": 97.69,
        "rang_TeS_ORANGE": 1,
        "rang_TeS_MTN": 1,
        "rang_TeS_MOOV": 1,
        "rang_TedS_ORANGE": 1,
        "rang_TedS_MTN": 2,
        "rang_TedS_MOOV": 3,
        "rang_TR3_ORANGE": 3,
        "rang_TR3_MTN": 1,
        "rang_TR3_MOOV": 1,
        "rang_TS_ORANGE": 3,
        "rang_TS_MTN": 1,
        "rang_TS_MOOV": 1,
        "rang_TeRd_ORANGE": 2,
        "rang_TeRd_MTN": 1,
        "rang_TeRd_MOOV": 3
      },
      "id": 69
    },
    {
      "type": "Feature",
      "geometry": {
        "coordinates": [
          -7.13,
          6.73
        ],
        "type": "Point"
      },
      "properties": {
        "ADM0_FR": "MONTAGNES",
        "ADM0_PCODE": "CI09",
        "ADM1_FR": "CAVALLY",
        "ADM1_PCODE": "CI109",
        "ADM2_FR": "GUIGLO",
        "ADM2_PCODE": "CI0902",
        "ADM3_FR": "KAADE",
        "ADM3_PCODE": "CI090203",
        "ADM4_FR": "GUÉZON",
        "ADM4_PCODE": "C3475",
        "centerLat": 6.74,
        "centerLng": -7.12,
        "pop": 1144,
        "TeS_MOOV": 0.0,
        "TedS_MOOV": 90.91,
        "TR3_MOOV": 0.0,
        "TeRd_MOOV": 25.0,
        "TS_MOOV": 100.0,
        "TeS_MTN": 0.0,
        "TedS_MTN": 99.22,
        "TR3_MTN": 0.0,
        "TeRd_MTN": 100.0,
        "TS_MTN": 100.0,
        "TeS_ORANGE": 0.0,
        "TedS_ORANGE": 100.0,
        "TR3_ORANGE": 3.15,
        "TeRd_ORANGE": 77.95,
        "TS_ORANGE": 100.0,
        "rang_TeS_ORANGE": 1,
        "rang_TeS_MTN": 1,
        "rang_TeS_MOOV": 1,
        "rang_TedS_ORANGE": 1,
        "rang_TedS_MTN": 2,
        "rang_TedS_MOOV": 3,
        "rang_TR3_ORANGE": 3,
        "rang_TR3_MTN": 1,
        "rang_TR3_MOOV": 1,
        "rang_TS_ORANGE": 1,
        "rang_TS_MTN": 1,
        "rang_TS_MOOV": 1,
        "rang_TeRd_ORANGE": 2,
        "rang_TeRd_MTN": 1,
        "rang_TeRd_MOOV": 3
      },
      "id": 70
    },
    {
      "type": "Feature",
      "geometry": {
        "coordinates": [
          -7.49625,
          6.53472
        ],
        "type": "Point"
      },
      "properties": {
        "ADM0_FR": "MONTAGNES",
        "ADM0_PCODE": "CI09",
        "ADM1_FR": "CAVALLY",
        "ADM1_PCODE": "CI109",
        "ADM2_FR": "GUIGLO",
        "ADM2_PCODE": "CI0902",
        "ADM3_FR": "GUIGLO",
        "ADM3_PCODE": "CI090201",
        "ADM4_FR": "GUIGLO",
        "ADM4_PCODE": "C3495",
        "centerLat": 6.54472,
        "centerLng": -7.48625,
        "pop": 52544,
        "TeS_MOOV": 0.0,
        "TedS_MOOV": 100.0,
        "TR3_MOOV": 0.0,
        "TeRd_MOOV": 33.86,
        "TS_MOOV": 100.0,
        "TeS_MTN": 0.0,
        "TedS_MTN": 97.61,
        "TR3_MTN": 0.0,
        "TeRd_MTN": 96.02000000000001,
        "TS_MTN": 98.41,
        "TeS_ORANGE": 0.0,
        "TedS_ORANGE": 96.41,
        "TR3_ORANGE": 1.2,
        "TeRd_ORANGE": 0.0,
        "TS_ORANGE": 99.2,
        "rang_TeS_ORANGE": 1,
        "rang_TeS_MTN": 1,
        "rang_TeS_MOOV": 1,
        "rang_TedS_ORANGE": 3,
        "rang_TedS_MTN": 2,
        "rang_TedS_MOOV": 1,
        "rang_TR3_ORANGE": 3,
        "rang_TR3_MTN": 1,
        "rang_TR3_MOOV": 1,
        "rang_TS_ORANGE": 2,
        "rang_TS_MTN": 3,
        "rang_TS_MOOV": 1,
        "rang_TeRd_ORANGE": 3,
        "rang_TeRd_MTN": 1,
        "rang_TeRd_MOOV": 2
      },
      "id": 71
    },
    {
      "type": "Feature",
      "geometry": {
        "coordinates": [
          -7.7335199999999995,
          6.55732
        ],
        "type": "Point"
      },
      "properties": {
        "ADM0_FR": "MONTAGNES",
        "ADM0_PCODE": "CI09",
        "ADM1_FR": "CAVALLY",
        "ADM1_PCODE": "CI109",
        "ADM2_FR": "GUIGLO",
        "ADM2_PCODE": "CI0902",
        "ADM3_FR": "KAADE",
        "ADM3_PCODE": "CI090203",
        "ADM4_FR": "GUINKIN",
        "ADM4_PCODE": "C3519",
        "centerLat": 6.56732,
        "centerLng": -7.72352,
        "pop": 5964,
        "TeS_MOOV": 0.0,
        "TedS_MOOV": 100.0,
        "TR3_MOOV": 30.0,
        "TeRd_MOOV": 13.0,
        "TS_MOOV": 70.0,
        "TeS_MTN": 0.0,
        "TedS_MTN": 74.26,
        "TR3_MTN": 0.0,
        "TeRd_MTN": 99.00999999999999,
        "TS_MTN": 100.0,
        "TeS_ORANGE": 0.0,
        "TedS_ORANGE": 92.16,
        "TR3_ORANGE": 0.0,
        "TeRd_ORANGE": 84.31,
        "TS_ORANGE": 100.0,
        "rang_TeS_ORANGE": 1,
        "rang_TeS_MTN": 1,
        "rang_TeS_MOOV": 1,
        "rang_TedS_ORANGE": 2,
        "rang_TedS_MTN": 3,
        "rang_TedS_MOOV": 1,
        "rang_TR3_ORANGE": 1,
        "rang_TR3_MTN": 1,
        "rang_TR3_MOOV": 3,
        "rang_TS_ORANGE": 1,
        "rang_TS_MTN": 1,
        "rang_TS_MOOV": 3,
        "rang_TeRd_ORANGE": 2,
        "rang_TeRd_MTN": 1,
        "rang_TeRd_MOOV": 3
      },
      "id": 72
    },
    {
      "type": "Feature",
      "geometry": {
        "coordinates": [
          -6.59904,
          6.47762
        ],
        "type": "Point"
      },
      "properties": {
        "ADM0_FR": "SASSANDRA-MARAHOUE",
        "ADM0_PCODE": "CI10",
        "ADM1_FR": "HAUT-SASSANDRA",
        "ADM1_PCODE": "CI118",
        "ADM2_FR": "ISSIA",
        "ADM2_PCODE": "CI1802",
        "ADM3_FR": "ISSIA",
        "ADM3_PCODE": "CI180201",
        "ADM4_FR": "ISSIA",
        "ADM4_PCODE": "C3598",
        "centerLat": 6.48762,
        "centerLng": -6.58904,
        "pop": 52660,
        "TeS_MOOV": 0.0,
        "TedS_MOOV": 90.46,
        "TR3_MOOV": 0.0,
        "TeRd_MOOV": 56.11000000000001,
        "TS_MOOV": 100.0,
        "TeS_MTN": 0.0,
        "TedS_MTN": 93.77,
        "TR3_MTN": 0.0,
        "TeRd_MTN": 94.55,
        "TS_MTN": 99.61,
        "TeS_ORANGE": 0.0,
        "TedS_ORANGE": 97.72999999999999,
        "TR3_ORANGE": 1.52,
        "TeRd_ORANGE": 40.53,
        "TS_ORANGE": 98.48,
        "rang_TeS_ORANGE": 1,
        "rang_TeS_MTN": 1,
        "rang_TeS_MOOV": 1,
        "rang_TedS_ORANGE": 1,
        "rang_TedS_MTN": 2,
        "rang_TedS_MOOV": 3,
        "rang_TR3_ORANGE": 3,
        "rang_TR3_MTN": 1,
        "rang_TR3_MOOV": 1,
        "rang_TS_ORANGE": 3,
        "rang_TS_MTN": 2,
        "rang_TS_MOOV": 1,
        "rang_TeRd_ORANGE": 3,
        "rang_TeRd_MTN": 1,
        "rang_TeRd_MOOV": 2
      },
      "id": 73
    },
    {
      "type": "Feature",
      "geometry": {
        "coordinates": [
          -4.42967,
          5.19547
        ],
        "type": "Point"
      },
      "properties": {
        "ADM0_FR": "LAGUNES",
        "ADM0_PCODE": "CI08",
        "ADM1_FR": "GRANDS-PONTS",
        "ADM1_PCODE": "CI115",
        "ADM2_FR": "JACQUEVILLE",
        "ADM2_PCODE": "CI1503",
        "ADM3_FR": "JACQUEVILLE",
        "ADM3_PCODE": "CI150301",
        "ADM4_FR": "JACQUEVILLE",
        "ADM4_PCODE": "C3604",
        "centerLat": 5.20547,
        "centerLng": -4.41967,
        "pop": 11096,
        "TeS_MOOV": 0.0,
        "TedS_MOOV": 100.0,
        "TR3_MOOV": 0.0,
        "TeRd_MOOV": 54.21,
        "TS_MOOV": 100.0,
        "TeS_MTN": 0.0,
        "TedS_MTN": 97.37,
        "TR3_MTN": 0.0,
        "TeRd_MTN": 96.84,
        "TS_MTN": 100.0,
        "TeS_ORANGE": 0.0,
        "TedS_ORANGE": 96.32,
        "TR3_ORANGE": 64.74,
        "TeRd_ORANGE": 0.0,
        "TS_ORANGE": 99.47,
        "rang_TeS_ORANGE": 1,
        "rang_TeS_MTN": 1,
        "rang_TeS_MOOV": 1,
        "rang_TedS_ORANGE": 3,
        "rang_TedS_MTN": 2,
        "rang_TedS_MOOV": 1,
        "rang_TR3_ORANGE": 3,
        "rang_TR3_MTN": 1,
        "rang_TR3_MOOV": 1,
        "rang_TS_ORANGE": 3,
        "rang_TS_MTN": 1,
        "rang_TS_MOOV": 1,
        "rang_TeRd_ORANGE": 3,
        "rang_TeRd_MTN": 1,
        "rang_TeRd_MOOV": 2
      },
      "id": 74
    },
    {
      "type": "Feature",
      "geometry": {
        "coordinates": [
          -6.61449,
          8.469520000000001
        ],
        "type": "Point"
      },
      "properties": {
        "ADM0_FR": "WOROBA",
        "ADM0_PCODE": "CI13",
        "ADM1_FR": "WORODOUGOU",
        "ADM1_PCODE": "CI133",
        "ADM2_FR": "KANI",
        "ADM2_PCODE": "CI3301",
        "ADM3_FR": "KANI",
        "ADM3_PCODE": "CI330101",
        "ADM4_FR": "KANI",
        "ADM4_PCODE": "C3786",
        "centerLat": 8.47952,
        "centerLng": -6.60449,
        "pop": 8908,
        "TeS_MOOV": 0.84,
        "TedS_MOOV": 66.10000000000001,
        "TR3_MOOV": 0.0,
        "TeRd_MOOV": 33.900000000000006,
        "TS_MOOV": 100.0,
        "TeS_MTN": 0.0,
        "TedS_MTN": 98.36,
        "TR3_MTN": 0.0,
        "TeRd_MTN": 98.36,
        "TS_MTN": 100.0,
        "TeS_ORANGE": 0.0,
        "TedS_ORANGE": 99.19,
        "TR3_ORANGE": 1.63,
        "TeRd_ORANGE": 80.49,
        "TS_ORANGE": 100.0,
        "rang_TeS_ORANGE": 1,
        "rang_TeS_MTN": 1,
        "rang_TeS_MOOV": 3,
        "rang_TedS_ORANGE": 1,
        "rang_TedS_MTN": 2,
        "rang_TedS_MOOV": 3,
        "rang_TR3_ORANGE": 3,
        "rang_TR3_MTN": 1,
        "rang_TR3_MOOV": 1,
        "rang_TS_ORANGE": 1,
        "rang_TS_MTN": 1,
        "rang_TS_MOOV": 1,
        "rang_TeRd_ORANGE": 2,
        "rang_TeRd_MTN": 1,
        "rang_TeRd_MOOV": 3
      },
      "id": 75
    },
    {
      "type": "Feature",
      "geometry": {
        "coordinates": [
          -5.11206,
          8.12861
        ],
        "type": "Point"
      },
      "properties": {
        "ADM0_FR": "VALLEE DU BANDAMA",
        "ADM0_PCODE": "CI12",
        "ADM1_FR": "HAMBOL",
        "ADM1_PCODE": "CI117",
        "ADM2_FR": "KATIOLA",
        "ADM2_PCODE": "CI1702",
        "ADM3_FR": "KATIOLA",
        "ADM3_PCODE": "CI170201",
        "ADM4_FR": "KATIOLA",
        "ADM4_PCODE": "C3915",
        "centerLat": 8.13861,
        "centerLng": -5.10206,
        "pop": 40319,
        "TeS_MOOV": 0.0,
        "TedS_MOOV": 84.0,
        "TR3_MOOV": 0.0,
        "TeRd_MOOV": 39.43,
        "TS_MOOV": 100.0,
        "TeS_MTN": 0.0,
        "TedS_MTN": 98.29,
        "TR3_MTN": 0.0,
        "TeRd_MTN": 98.29,
        "TS_MTN": 100.0,
        "TeS_ORANGE": 0.0,
        "TedS_ORANGE": 98.29,
        "TR3_ORANGE": 1.1400000000000001,
        "TeRd_ORANGE": 81.14,
        "TS_ORANGE": 100.0,
        "rang_TeS_ORANGE": 1,
        "rang_TeS_MTN": 1,
        "rang_TeS_MOOV": 1,
        "rang_TedS_ORANGE": 1,
        "rang_TedS_MTN": 1,
        "rang_TedS_MOOV": 3,
        "rang_TR3_ORANGE": 3,
        "rang_TR3_MTN": 1,
        "rang_TR3_MOOV": 1,
        "rang_TS_ORANGE": 1,
        "rang_TS_MTN": 1,
        "rang_TS_MOOV": 1,
        "rang_TeRd_ORANGE": 2,
        "rang_TeRd_MTN": 1,
        "rang_TeRd_MOOV": 3
      },
      "id": 76
    },
    {
      "type": "Feature",
      "geometry": {
        "coordinates": [
          -3.3007299999999997,
          9.67684
        ],
        "type": "Point"
      },
      "properties": {
        "ADM0_FR": "ZANZAN",
        "ADM0_PCODE": "CI14",
        "ADM1_FR": "BOUNKANI",
        "ADM1_PCODE": "CI108",
        "ADM2_FR": "DOROPO",
        "ADM2_PCODE": "CI0802",
        "ADM3_FR": "DOROPO",
        "ADM3_PCODE": "CI080202",
        "ADM4_FR": "KODO",
        "ADM4_PCODE": "C4109",
        "centerLat": 9.68684,
        "centerLng": -3.29073,
        "pop": 604,
        "TeS_MOOV": 0.0,
        "TedS_MOOV": 0.0,
        "TR3_MOOV": 0.0,
        "TeRd_MOOV": 19.67,
        "TS_MOOV": 89.34,
        "TeS_MTN": 0.0,
        "TedS_MTN": 0.0,
        "TR3_MTN": 0.0,
        "TeRd_MTN": 100.0,
        "TS_MTN": 100.0,
        "TeS_ORANGE": 0.0,
        "TedS_ORANGE": 95.87,
        "TR3_ORANGE": 0.0,
        "TeRd_ORANGE": 43.8,
        "TS_ORANGE": 100.0,
        "rang_TeS_ORANGE": 1,
        "rang_TeS_MTN": 1,
        "rang_TeS_MOOV": 1,
        "rang_TedS_ORANGE": 1,
        "rang_TedS_MTN": 2,
        "rang_TedS_MOOV": 2,
        "rang_TR3_ORANGE": 1,
        "rang_TR3_MTN": 1,
        "rang_TR3_MOOV": 1,
        "rang_TS_ORANGE": 1,
        "rang_TS_MTN": 1,
        "rang_TS_MOOV": 3,
        "rang_TeRd_ORANGE": 2,
        "rang_TeRd_MTN": 1,
        "rang_TeRd_MOOV": 3
      },
      "id": 77
    },
    {
      "type": "Feature",
      "geometry": {
        "coordinates": [
          -6.4731499999999995,
          9.75592
        ],
        "type": "Point"
      },
      "properties": {
        "ADM0_FR": "SAVANES",
        "ADM0_PCODE": "CI11",
        "ADM1_FR": "BAGOUE",
        "ADM1_PCODE": "CI105",
        "ADM2_FR": "KOUTO",
        "ADM2_PCODE": "CI0502",
        "ADM3_FR": "KOLIA",
        "ADM3_PCODE": "CI050204",
        "ADM4_FR": "KOLIA",
        "ADM4_PCODE": "C4231",
        "centerLat": 9.76592,
        "centerLng": -6.46315,
        "pop": 12124,
        "TeS_MOOV": 0.0,
        "TedS_MOOV": 69.57,
        "TR3_MOOV": 0.0,
        "TeRd_MOOV": 44.35,
        "TS_MOOV": 100.0,
        "TeS_MTN": 0.0,
        "TedS_MTN": 69.57,
        "TR3_MTN": 0.0,
        "TeRd_MTN": 44.35,
        "TS_MTN": 100.0,
        "TeS_ORANGE": 0.0,
        "TedS_ORANGE": 99.13,
        "TR3_ORANGE": 3.4799999999999995,
        "TeRd_ORANGE": 71.3,
        "TS_ORANGE": 100.0,
        "rang_TeS_ORANGE": 1,
        "rang_TeS_MTN": 1,
        "rang_TeS_MOOV": 1,
        "rang_TedS_ORANGE": 1,
        "rang_TedS_MTN": 2,
        "rang_TedS_MOOV": 2,
        "rang_TR3_ORANGE": 3,
        "rang_TR3_MTN": 1,
        "rang_TR3_MOOV": 1,
        "rang_TS_ORANGE": 1,
        "rang_TS_MTN": 1,
        "rang_TS_MOOV": 1,
        "rang_TeRd_ORANGE": 1,
        "rang_TeRd_MTN": 2,
        "rang_TeRd_MOOV": 2
      },
      "id": 78
    },
    {
      "type": "Feature",
      "geometry": {
        "coordinates": [
          -4.62251,
          9.14113
        ],
        "type": "Point"
      },
      "properties": {
        "ADM0_FR": "SAVANES",
        "ADM0_PCODE": "CI11",
        "ADM1_FR": "TCHOLOGO",
        "ADM1_PCODE": "CI131",
        "ADM2_FR": "KONG",
        "ADM2_PCODE": "CI3102",
        "ADM3_FR": "KONG",
        "ADM3_PCODE": "CI310201",
        "ADM4_FR": "KONG",
        "ADM4_PCODE": "C4324",
        "centerLat": 9.15113,
        "centerLng": -4.61251,
        "pop": 11774,
        "TeS_MOOV": 1.67,
        "TedS_MOOV": 54.24,
        "TR3_MOOV": 0.0,
        "TeRd_MOOV": 28.810000000000002,
        "TS_MOOV": 100.0,
        "TeS_MTN": 0.0,
        "TedS_MTN": 67.5,
        "TR3_MTN": 0.0,
        "TeRd_MTN": 97.5,
        "TS_MTN": 100.0,
        "TeS_ORANGE": 0.0,
        "TedS_ORANGE": 99.17,
        "TR3_ORANGE": 0.83,
        "TeRd_ORANGE": 93.33,
        "TS_ORANGE": 100.0,
        "rang_TeS_ORANGE": 1,
        "rang_TeS_MTN": 1,
        "rang_TeS_MOOV": 3,
        "rang_TedS_ORANGE": 1,
        "rang_TedS_MTN": 2,
        "rang_TedS_MOOV": 3,
        "rang_TR3_ORANGE": 3,
        "rang_TR3_MTN": 1,
        "rang_TR3_MOOV": 1,
        "rang_TS_ORANGE": 1,
        "rang_TS_MTN": 1,
        "rang_TS_MOOV": 1,
        "rang_TeRd_ORANGE": 2,
        "rang_TeRd_MTN": 1,
        "rang_TeRd_MOOV": 3
      },
      "id": 79
    },
    {
      "type": "Feature",
      "geometry": {
        "coordinates": [
          -5.6475,
          9.44799
        ],
        "type": "Point"
      },
      "properties": {
        "ADM0_FR": "SAVANES",
        "ADM0_PCODE": "CI11",
        "ADM1_FR": "PORO",
        "ADM1_PCODE": "CI128",
        "ADM2_FR": "KORHOGO",
        "ADM2_PCODE": "CI2802",
        "ADM3_FR": "KORHOGO",
        "ADM3_PCODE": "CI280201",
        "ADM4_FR": "KORHOGO",
        "ADM4_PCODE": "C4410",
        "centerLat": 9.45799,
        "centerLng": -5.6375,
        "pop": 243048,
        "TeS_MOOV": 0.0,
        "TedS_MOOV": 96.94,
        "TR3_MOOV": 0.0,
        "TeRd_MOOV": 52.55,
        "TS_MOOV": 100.0,
        "TeS_MTN": 0.0,
        "TedS_MTN": 94.64,
        "TR3_MTN": 0.0,
        "TeRd_MTN": 97.96000000000001,
        "TS_MTN": 100.0,
        "TeS_ORANGE": 0.0,
        "TedS_ORANGE": 98.72,
        "TR3_ORANGE": 1.02,
        "TeRd_ORANGE": 65.82000000000001,
        "TS_ORANGE": 100.0,
        "rang_TeS_ORANGE": 1,
        "rang_TeS_MTN": 1,
        "rang_TeS_MOOV": 1,
        "rang_TedS_ORANGE": 1,
        "rang_TedS_MTN": 3,
        "rang_TedS_MOOV": 2,
        "rang_TR3_ORANGE": 3,
        "rang_TR3_MTN": 1,
        "rang_TR3_MOOV": 1,
        "rang_TS_ORANGE": 1,
        "rang_TS_MTN": 1,
        "rang_TS_MOOV": 1,
        "rang_TeRd_ORANGE": 2,
        "rang_TeRd_MTN": 1,
        "rang_TeRd_MOOV": 3
      },
      "id": 80
    },
    {
      "type": "Feature",
      "geometry": {
        "coordinates": [
          -7.47,
          8.540000000000001
        ],
        "type": "Point"
      },
      "properties": {
        "ADM0_FR": "ZANZAN",
        "ADM0_PCODE": "CI14",
        "ADM1_FR": "BOUNKANI",
        "ADM1_PCODE": "CI108",
        "ADM2_FR": "DOROPO",
        "ADM2_PCODE": "CI0802",
        "ADM3_FR": "NIAMOUE",
        "ADM3_PCODE": "CI080204",
        "ADM4_FR": "KORO",
        "ADM4_PCODE": "C4420",
        "centerLat": 8.55,
        "centerLng": -7.46,
        "pop": 257,
        "TeS_MOOV": 0.9299999999999999,
        "TedS_MOOV": 83.17999999999999,
        "TR3_MOOV": 0.0,
        "TeRd_MOOV": 32.71,
        "TS_MOOV": 100.0,
        "TeS_MTN": 0.0,
        "TedS_MTN": 100.0,
        "TR3_MTN": 0.0,
        "TeRd_MTN": 89.91,
        "TS_MTN": 100.0,
        "TeS_ORANGE": 0.0,
        "TedS_ORANGE": 99.1,
        "TR3_ORANGE": 2.7,
        "TeRd_ORANGE": 66.67,
        "TS_ORANGE": 99.1,
        "rang_TeS_ORANGE": 1,
        "rang_TeS_MTN": 1,
        "rang_TeS_MOOV": 3,
        "rang_TedS_ORANGE": 2,
        "rang_TedS_MTN": 1,
        "rang_TedS_MOOV": 3,
        "rang_TR3_ORANGE": 3,
        "rang_TR3_MTN": 1,
        "rang_TR3_MOOV": 1,
        "rang_TS_ORANGE": 3,
        "rang_TS_MTN": 1,
        "rang_TS_MOOV": 1,
        "rang_TeRd_ORANGE": 2,
        "rang_TeRd_MTN": 1,
        "rang_TeRd_MOOV": 3
      },
      "id": 81
    },
    {
      "type": "Feature",
      "geometry": {
        "coordinates": [
          -4.14201,
          6.68809
        ],
        "type": "Point"
      },
      "properties": {
        "ADM0_FR": "LACS",
        "ADM0_PCODE": "CI07",
        "ADM1_FR": "MORONOU",
        "ADM1_PCODE": "CI125",
        "ADM2_FR": "ARRAH",
        "ADM2_PCODE": "CI2501",
        "ADM3_FR": "KOTOBI",
        "ADM3_PCODE": "CI250102",
        "ADM4_FR": "KOTOBI",
        "ADM4_PCODE": "C4464",
        "centerLat": 6.69809,
        "centerLng": -4.13201,
        "pop": 6764,
        "TeS_MOOV": 0.0,
        "TedS_MOOV": 92.31,
        "TR3_MOOV": 0.0,
        "TeRd_MOOV": 59.230000000000004,
        "TS_MOOV": 100.0,
        "TeS_MTN": 0.0,
        "TedS_MTN": 80.0,
        "TR3_MTN": 83.85000000000001,
        "TeRd_MTN": 14.62,
        "TS_MTN": 15.379999999999999,
        "TeS_ORANGE": 0.0,
        "TedS_ORANGE": 95.38,
        "TR3_ORANGE": 6.15,
        "TeRd_ORANGE": 2.31,
        "TS_ORANGE": 99.22999999999999,
        "rang_TeS_ORANGE": 1,
        "rang_TeS_MTN": 1,
        "rang_TeS_MOOV": 1,
        "rang_TedS_ORANGE": 1,
        "rang_TedS_MTN": 3,
        "rang_TedS_MOOV": 2,
        "rang_TR3_ORANGE": 2,
        "rang_TR3_MTN": 3,
        "rang_TR3_MOOV": 1,
        "rang_TS_ORANGE": 2,
        "rang_TS_MTN": 3,
        "rang_TS_MOOV": 1,
        "rang_TeRd_ORANGE": 3,
        "rang_TeRd_MTN": 2,
        "rang_TeRd_MOOV": 1
      },
      "id": 82
    },
    {
      "type": "Feature",
      "geometry": {
        "coordinates": [
          -7.40649,
          10.1127
        ],
        "type": "Point"
      },
      "properties": {
        "ADM0_FR": "DENGUELE",
        "ADM0_PCODE": "CI03",
        "ADM1_FR": "FOLON",
        "ADM1_PCODE": "CI110",
        "ADM2_FR": "MINIGNAN",
        "ADM2_PCODE": "CI1002",
        "ADM3_FR": "TIENKO",
        "ADM3_PCODE": "CI100204",
        "ADM4_FR": "KOTOULA",
        "ADM4_PCODE": "C4480",
        "centerLat": 10.1227,
        "centerLng": -7.39649,
        "pop": 1331,
        "TeS_MOOV": 0.0,
        "TedS_MOOV": 91.38,
        "TR3_MOOV": 0.0,
        "TeRd_MOOV": 30.17,
        "TS_MOOV": 100.0,
        "TeS_MTN": 0.0,
        "TedS_MTN": 99.14,
        "TR3_MTN": 0.0,
        "TeRd_MTN": 97.41,
        "TS_MTN": 100.0,
        "TeS_ORANGE": 0.0,
        "TedS_ORANGE": 98.28,
        "TR3_ORANGE": 0.0,
        "TeRd_ORANGE": 74.14,
        "TS_ORANGE": 100.0,
        "rang_TeS_ORANGE": 1,
        "rang_TeS_MTN": 1,
        "rang_TeS_MOOV": 1,
        "rang_TedS_ORANGE": 2,
        "rang_TedS_MTN": 1,
        "rang_TedS_MOOV": 3,
        "rang_TR3_ORANGE": 1,
        "rang_TR3_MTN": 1,
        "rang_TR3_MOOV": 1,
        "rang_TS_ORANGE": 1,
        "rang_TS_MTN": 1,
        "rang_TS_MOOV": 1,
        "rang_TeRd_ORANGE": 2,
        "rang_TeRd_MTN": 1,
        "rang_TeRd_MOOV": 3
      },
      "id": 83
    },
    {
      "type": "Feature",
      "geometry": {
        "coordinates": [
          -3.5362999999999998,
          7.80794
        ],
        "type": "Point"
      },
      "properties": {
        "ADM0_FR": "ZANZAN",
        "ADM0_PCODE": "CI14",
        "ADM1_FR": "GONTOUGO",
        "ADM1_PCODE": "CI114",
        "ADM2_FR": "KOUN-FAO",
        "ADM2_PCODE": "CI1402",
        "ADM3_FR": "KOUASSI-DATEKRO",
        "ADM3_PCODE": "CI140204",
        "ADM4_FR": "KOUASSI-DATEKRO",
        "ADM4_PCODE": "C4593",
        "centerLat": 7.81794,
        "centerLng": -3.5263,
        "pop": 6145,
        "TeS_MOOV": 0.0,
        "TedS_MOOV": 96.67,
        "TR3_MOOV": 0.0,
        "TeRd_MOOV": 41.67,
        "TS_MOOV": 100.0,
        "TeS_MTN": 0.0,
        "TedS_MTN": 0.83,
        "TR3_MTN": 0.0,
        "TeRd_MTN": 100.0,
        "TS_MTN": 100.0,
        "TeS_ORANGE": 0.0,
        "TedS_ORANGE": 97.5,
        "TR3_ORANGE": 1.67,
        "TeRd_ORANGE": 12.5,
        "TS_ORANGE": 99.17,
        "rang_TeS_ORANGE": 1,
        "rang_TeS_MTN": 1,
        "rang_TeS_MOOV": 1,
        "rang_TedS_ORANGE": 1,
        "rang_TedS_MTN": 3,
        "rang_TedS_MOOV": 2,
        "rang_TR3_ORANGE": 3,
        "rang_TR3_MTN": 1,
        "rang_TR3_MOOV": 1,
        "rang_TS_ORANGE": 3,
        "rang_TS_MTN": 1,
        "rang_TS_MOOV": 1,
        "rang_TeRd_ORANGE": 3,
        "rang_TeRd_MTN": 1,
        "rang_TeRd_MOOV": 2
      },
      "id": 84
    },
    {
      "type": "Feature",
      "geometry": {
        "coordinates": [
          -7.24513,
          7.24525
        ],
        "type": "Point"
      },
      "properties": {
        "ADM0_FR": "MONTAGNES",
        "ADM0_PCODE": "CI09",
        "ADM1_FR": "GUEMON",
        "ADM1_PCODE": "CI116",
        "ADM2_FR": "KOUIBLY",
        "ADM2_PCODE": "CI1604",
        "ADM3_FR": "KOUIBLY",
        "ADM3_PCODE": "CI160401",
        "ADM4_FR": "KOUIBLY",
        "ADM4_PCODE": "C4656",
        "centerLat": 7.25525,
        "centerLng": -7.23513,
        "pop": 11830,
        "TeS_MOOV": 0.0,
        "TedS_MOOV": 87.92999999999999,
        "TR3_MOOV": 0.0,
        "TeRd_MOOV": 72.41,
        "TS_MOOV": 100.0,
        "TeS_MTN": 0.0,
        "TedS_MTN": 98.25,
        "TR3_MTN": 0.0,
        "TeRd_MTN": 98.25,
        "TS_MTN": 100.0,
        "TeS_ORANGE": 0.0,
        "TedS_ORANGE": 100.0,
        "TR3_ORANGE": 0.8699999999999999,
        "TeRd_ORANGE": 0.0,
        "TS_ORANGE": 99.13,
        "rang_TeS_ORANGE": 1,
        "rang_TeS_MTN": 1,
        "rang_TeS_MOOV": 1,
        "rang_TedS_ORANGE": 1,
        "rang_TedS_MTN": 2,
        "rang_TedS_MOOV": 3,
        "rang_TR3_ORANGE": 3,
        "rang_TR3_MTN": 1,
        "rang_TR3_MOOV": 1,
        "rang_TS_ORANGE": 3,
        "rang_TS_MTN": 1,
        "rang_TS_MOOV": 1,
        "rang_TeRd_ORANGE": 3,
        "rang_TeRd_MTN": 1,
        "rang_TeRd_MOOV": 2
      },
      "id": 85
    },
    {
      "type": "Feature",
      "geometry": {
        "coordinates": [
          -3.26314,
          7.47698
        ],
        "type": "Point"
      },
      "properties": {
        "ADM0_FR": "ZANZAN",
        "ADM0_PCODE": "CI14",
        "ADM1_FR": "GONTOUGO",
        "ADM1_PCODE": "CI114",
        "ADM2_FR": "KOUN-FAO",
        "ADM2_PCODE": "CI1402",
        "ADM3_FR": "KOUN-FAO",
        "ADM3_PCODE": "CI140201",
        "ADM4_FR": "KOUN-FAO",
        "ADM4_PCODE": "C4714",
        "centerLat": 7.48698,
        "centerLng": -3.25314,
        "pop": 5488,
        "TeS_MOOV": 0.0,
        "TedS_MOOV": 85.83,
        "TR3_MOOV": 0.0,
        "TeRd_MOOV": 36.67,
        "TS_MOOV": 100.0,
        "TeS_MTN": 0.0,
        "TedS_MTN": 100.0,
        "TR3_MTN": 1.67,
        "TeRd_MTN": 95.83,
        "TS_MTN": 99.17,
        "TeS_ORANGE": 0.0,
        "TedS_ORANGE": 98.33,
        "TR3_ORANGE": 6.67,
        "TeRd_ORANGE": 11.67,
        "TS_ORANGE": 97.5,
        "rang_TeS_ORANGE": 1,
        "rang_TeS_MTN": 1,
        "rang_TeS_MOOV": 1,
        "rang_TedS_ORANGE": 2,
        "rang_TedS_MTN": 1,
        "rang_TedS_MOOV": 3,
        "rang_TR3_ORANGE": 3,
        "rang_TR3_MTN": 2,
        "rang_TR3_MOOV": 1,
        "rang_TS_ORANGE": 3,
        "rang_TS_MTN": 2,
        "rang_TS_MOOV": 1,
        "rang_TeRd_ORANGE": 3,
        "rang_TeRd_MTN": 1,
        "rang_TeRd_MOOV": 2
      },
      "id": 86
    },
    {
      "type": "Feature",
      "geometry": {
        "coordinates": [
          -5.8462,
          7.78041
        ],
        "type": "Point"
      },
      "properties": {
        "ADM0_FR": "WOROBA",
        "ADM0_PCODE": "CI13",
        "ADM1_FR": "BERE",
        "ADM1_PCODE": "CI107",
        "ADM2_FR": "KOUNAHIRI",
        "ADM2_PCODE": "CI0702",
        "ADM3_FR": "KOUNAHIRI",
        "ADM3_PCODE": "CI070201",
        "ADM4_FR": "KOUNAHIRI",
        "ADM4_PCODE": "C4707",
        "centerLat": 7.79041,
        "centerLng": -5.8362,
        "pop": 5483,
        "TeS_MOOV": 0.0,
        "TedS_MOOV": 90.97,
        "TR3_MOOV": 0.0,
        "TeRd_MOOV": 50.0,
        "TS_MOOV": 100.0,
        "TeS_MTN": 0.0,
        "TedS_MTN": 79.59,
        "TR3_MTN": 0.0,
        "TeRd_MTN": 91.84,
        "TS_MTN": 100.0,
        "TeS_ORANGE": 0.0,
        "TedS_ORANGE": 99.35000000000001,
        "TR3_ORANGE": 1.3,
        "TeRd_ORANGE": 81.17,
        "TS_ORANGE": 98.7,
        "rang_TeS_ORANGE": 1,
        "rang_TeS_MTN": 1,
        "rang_TeS_MOOV": 1,
        "rang_TedS_ORANGE": 1,
        "rang_TedS_MTN": 3,
        "rang_TedS_MOOV": 2,
        "rang_TR3_ORANGE": 3,
        "rang_TR3_MTN": 1,
        "rang_TR3_MOOV": 1,
        "rang_TS_ORANGE": 3,
        "rang_TS_MTN": 1,
        "rang_TS_MOOV": 1,
        "rang_TeRd_ORANGE": 2,
        "rang_TeRd_MTN": 1,
        "rang_TeRd_MOOV": 3
      },
      "id": 87
    },
    {
      "type": "Feature",
      "geometry": {
        "coordinates": [
          -6.42316,
          9.88214
        ],
        "type": "Point"
      },
      "properties": {
        "ADM0_FR": "SAVANES",
        "ADM0_PCODE": "CI11",
        "ADM1_FR": "BAGOUE",
        "ADM1_PCODE": "CI105",
        "ADM2_FR": "KOUTO",
        "ADM2_PCODE": "CI0502",
        "ADM3_FR": "KOUTO",
        "ADM3_PCODE": "CI050201",
        "ADM4_FR": "KOUTO",
        "ADM4_PCODE": "C4751",
        "centerLat": 9.89214,
        "centerLng": -6.41316,
        "pop": 10989,
        "TeS_MOOV": 0.0,
        "TedS_MOOV": 33.910000000000004,
        "TR3_MOOV": 0.0,
        "TeRd_MOOV": 30.43,
        "TS_MOOV": 100.0,
        "TeS_MTN": 0.0,
        "TedS_MTN": 97.39,
        "TR3_MTN": 0.0,
        "TeRd_MTN": 96.52,
        "TS_MTN": 100.0,
        "TeS_ORANGE": 0.0,
        "TedS_ORANGE": 97.39,
        "TR3_ORANGE": 5.220000000000001,
        "TeRd_ORANGE": 46.96,
        "TS_ORANGE": 100.0,
        "rang_TeS_ORANGE": 1,
        "rang_TeS_MTN": 1,
        "rang_TeS_MOOV": 1,
        "rang_TedS_ORANGE": 1,
        "rang_TedS_MTN": 1,
        "rang_TedS_MOOV": 3,
        "rang_TR3_ORANGE": 3,
        "rang_TR3_MTN": 1,
        "rang_TR3_MOOV": 1,
        "rang_TS_ORANGE": 1,
        "rang_TS_MTN": 1,
        "rang_TS_MOOV": 1,
        "rang_TeRd_ORANGE": 2,
        "rang_TeRd_MTN": 1,
        "rang_TeRd_MOOV": 3
      },
      "id": 88
    },
    {
      "type": "Feature",
      "geometry": {
        "coordinates": [
          -5.69383,
          5.83907
        ],
        "type": "Point"
      },
      "properties": {
        "ADM0_FR": "GOH-DJIBOUA",
        "ADM0_PCODE": "CI06",
        "ADM1_FR": "LOH-DJIBOUA",
        "ADM1_PCODE": "CI122",
        "ADM2_FR": "LAKOTA",
        "ADM2_PCODE": "CI2203",
        "ADM3_FR": "LAKOTA",
        "ADM3_PCODE": "CI220301",
        "ADM4_FR": "LAKOTA",
        "ADM4_PCODE": "C4974",
        "centerLat": 5.84907,
        "centerLng": -5.68383,
        "pop": 24976,
        "TeS_MOOV": 0.0,
        "TedS_MOOV": 99.62,
        "TR3_MOOV": 0.0,
        "TeRd_MOOV": 61.150000000000006,
        "TS_MOOV": 100.0,
        "TeS_MTN": 0.0,
        "TedS_MTN": 98.03,
        "TR3_MTN": 0.0,
        "TeRd_MTN": 96.85000000000001,
        "TS_MTN": 100.0,
        "TeS_ORANGE": 0.0,
        "TedS_ORANGE": 99.61,
        "TR3_ORANGE": 0.38999999999999996,
        "TeRd_ORANGE": 54.900000000000006,
        "TS_ORANGE": 98.82,
        "rang_TeS_ORANGE": 1,
        "rang_TeS_MTN": 1,
        "rang_TeS_MOOV": 1,
        "rang_TedS_ORANGE": 2,
        "rang_TedS_MTN": 3,
        "rang_TedS_MOOV": 1,
        "rang_TR3_ORANGE": 3,
        "rang_TR3_MTN": 1,
        "rang_TR3_MOOV": 1,
        "rang_TS_ORANGE": 3,
        "rang_TS_MTN": 1,
        "rang_TS_MOOV": 1,
        "rang_TeRd_ORANGE": 3,
        "rang_TeRd_MTN": 1,
        "rang_TeRd_MOOV": 2
      },
      "id": 89
    },
    {
      "type": "Feature",
      "geometry": {
        "coordinates": [
          -5.09457,
          10.1359
        ],
        "type": "Point"
      },
      "properties": {
        "ADM0_FR": "SAVANES",
        "ADM0_PCODE": "CI11",
        "ADM1_FR": "TCHOLOGO",
        "ADM1_PCODE": "CI131",
        "ADM2_FR": "OUANGOLODOUGOU",
        "ADM2_PCODE": "CI3103",
        "ADM3_FR": "KAOUARA",
        "ADM3_PCODE": "CI310303",
        "ADM4_FR": "LALÉRABA",
        "ADM4_PCODE": "C4977",
        "centerLat": 10.1459,
        "centerLng": -5.08457,
        "pop": 1120,
        "TeS_MOOV": 0.0,
        "TedS_MOOV": 51.970000000000006,
        "TR3_MOOV": 0.0,
        "TeRd_MOOV": 70.08,
        "TS_MOOV": 100.0,
        "TeS_MTN": 0.0,
        "TedS_MTN": 83.46000000000001,
        "TR3_MTN": 0.0,
        "TeRd_MTN": 100.0,
        "TS_MTN": 100.0,
        "TeS_ORANGE": 0.0,
        "TedS_ORANGE": 100.0,
        "TR3_ORANGE": 1.5699999999999998,
        "TeRd_ORANGE": 2.36,
        "TS_ORANGE": 100.0,
        "rang_TeS_ORANGE": 1,
        "rang_TeS_MTN": 1,
        "rang_TeS_MOOV": 1,
        "rang_TedS_ORANGE": 1,
        "rang_TedS_MTN": 2,
        "rang_TedS_MOOV": 3,
        "rang_TR3_ORANGE": 3,
        "rang_TR3_MTN": 1,
        "rang_TR3_MOOV": 1,
        "rang_TS_ORANGE": 1,
        "rang_TS_MTN": 1,
        "rang_TS_MOOV": 1,
        "rang_TeRd_ORANGE": 3,
        "rang_TeRd_MTN": 1,
        "rang_TeRd_MOOV": 2
      },
      "id": 90
    },
    {
      "type": "Feature",
      "geometry": {
        "coordinates": [
          -5.04188,
          7.07418
        ],
        "type": "Point"
      },
      "properties": {
        "ADM0_FR": "LACS",
        "ADM0_PCODE": "CI07",
        "ADM1_FR": "BELIER",
        "ADM1_PCODE": "CI106",
        "ADM2_FR": "TIEBISSOU",
        "ADM2_PCODE": "CI0603",
        "ADM3_FR": "LOMOKANKRO",
        "ADM3_PCODE": "CI060302",
        "ADM4_FR": "LOMOKANKRO",
        "ADM4_PCODE": "C5174",
        "centerLat": 7.08418,
        "centerLng": -5.03188,
        "pop": 1282,
        "TeS_MOOV": 0.0,
        "TedS_MOOV": 0.0,
        "TR3_MOOV": 0.0,
        "TeRd_MOOV": 27.589999999999996,
        "TS_MOOV": 100.0,
        "TeS_MTN": 0.0,
        "TedS_MTN": 38.26,
        "TR3_MTN": 0.0,
        "TeRd_MTN": 100.0,
        "TS_MTN": 100.0,
        "TeS_ORANGE": 0.86,
        "TedS_ORANGE": 96.52,
        "TR3_ORANGE": 2.6100000000000003,
        "TeRd_ORANGE": 86.09,
        "TS_ORANGE": 100.0,
        "rang_TeS_ORANGE": 3,
        "rang_TeS_MTN": 1,
        "rang_TeS_MOOV": 1,
        "rang_TedS_ORANGE": 1,
        "rang_TedS_MTN": 2,
        "rang_TedS_MOOV": 3,
        "rang_TR3_ORANGE": 3,
        "rang_TR3_MTN": 1,
        "rang_TR3_MOOV": 1,
        "rang_TS_ORANGE": 1,
        "rang_TS_MTN": 1,
        "rang_TS_MOOV": 1,
        "rang_TeRd_ORANGE": 2,
        "rang_TeRd_MTN": 1,
        "rang_TeRd_MOOV": 3
      },
      "id": 91
    },
    {
      "type": "Feature",
      "geometry": {
        "coordinates": [
          -4.98627,
          6.36756
        ],
        "type": "Point"
      },
      "properties": {
        "ADM0_FR": "LACS",
        "ADM0_PCODE": "CI07",
        "ADM1_FR": "BELIER",
        "ADM1_PCODE": "CI106",
        "ADM2_FR": "TOUMODI",
        "ADM2_PCODE": "CI0604",
        "ADM3_FR": "TOUMODI",
        "ADM3_PCODE": "CI060401",
        "ADM4_FR": "LOMO-SUD",
        "ADM4_PCODE": "C5179",
        "centerLat": 6.37756,
        "centerLng": -4.97627,
        "pop": 373,
        "TeS_MOOV": 0.0,
        "TedS_MOOV": 97.41,
        "TR3_MOOV": 0.0,
        "TeRd_MOOV": 66.38,
        "TS_MOOV": 100.0,
        "TeS_MTN": 0.0,
        "TedS_MTN": 0.0,
        "TR3_MTN": 0.0,
        "TeRd_MTN": 0.0,
        "TS_MTN": 0.0,
        "TeS_ORANGE": 0.0,
        "TedS_ORANGE": 100.0,
        "TR3_ORANGE": 0.88,
        "TeRd_ORANGE": 97.37,
        "TS_ORANGE": 99.11999999999999,
        "rang_TeS_ORANGE": 1,
        "rang_TeS_MTN": 1,
        "rang_TeS_MOOV": 1,
        "rang_TedS_ORANGE": 1,
        "rang_TedS_MTN": 3,
        "rang_TedS_MOOV": 2,
        "rang_TR3_ORANGE": 3,
        "rang_TR3_MTN": 1,
        "rang_TR3_MOOV": 1,
        "rang_TS_ORANGE": 2,
        "rang_TS_MTN": 3,
        "rang_TS_MOOV": 1,
        "rang_TeRd_ORANGE": 1,
        "rang_TeRd_MTN": 3,
        "rang_TeRd_MOOV": 2
      },
      "id": 92
    },
    {
      "type": "Feature",
      "geometry": {
        "coordinates": [
          -6.950959999999999,
          9.6016
        ],
        "type": "Point"
      },
      "properties": {
        "ADM0_FR": "DENGUELE",
        "ADM0_PCODE": "CI03",
        "ADM1_FR": "KABADOUGOU",
        "ADM1_PCODE": "CI121",
        "ADM2_FR": "MADINANI",
        "ADM2_PCODE": "CI2102",
        "ADM3_FR": "MADINANI",
        "ADM3_PCODE": "CI210201",
        "ADM4_FR": "MADINANI",
        "ADM4_PCODE": "C5251",
        "centerLat": 9.6116,
        "centerLng": -6.94096,
        "pop": 6710,
        "TeS_MOOV": 0.0,
        "TedS_MOOV": 68.51,
        "TR3_MOOV": 0.0,
        "TeRd_MOOV": 58.56,
        "TS_MOOV": 100.0,
        "TeS_MTN": 0.54,
        "TedS_MTN": 43.78,
        "TR3_MTN": 0.0,
        "TeRd_MTN": 86.49,
        "TS_MTN": 100.0,
        "TeS_ORANGE": 0.5499999999999999,
        "TedS_ORANGE": 95.6,
        "TR3_ORANGE": 0.5499999999999999,
        "TeRd_ORANGE": 98.35000000000001,
        "TS_ORANGE": 100.0,
        "rang_TeS_ORANGE": 3,
        "rang_TeS_MTN": 2,
        "rang_TeS_MOOV": 1,
        "rang_TedS_ORANGE": 1,
        "rang_TedS_MTN": 3,
        "rang_TedS_MOOV": 2,
        "rang_TR3_ORANGE": 3,
        "rang_TR3_MTN": 1,
        "rang_TR3_MOOV": 1,
        "rang_TS_ORANGE": 1,
        "rang_TS_MTN": 1,
        "rang_TS_MOOV": 1,
        "rang_TeRd_ORANGE": 1,
        "rang_TeRd_MTN": 2,
        "rang_TeRd_MOOV": 3
      },
      "id": 93
    },
    {
      "type": "Feature",
      "geometry": {
        "coordinates": [
          -5.852469999999999,
          7.39332
        ],
        "type": "Point"
      },
      "properties": {
        "ADM0_FR": "SASSANDRA-MARAHOUE",
        "ADM0_PCODE": "CI10",
        "ADM1_FR": "MARAHOUE",
        "ADM1_PCODE": "CI123",
        "ADM2_FR": "ZUENOULA",
        "ADM2_PCODE": "CI2303",
        "ADM3_FR": "MAMINIGUI",
        "ADM3_PCODE": "CI230305",
        "ADM4_FR": "MAMINIGUI",
        "ADM4_PCODE": "C5310",
        "centerLat": 7.40332,
        "centerLng": -5.84247,
        "pop": 5319,
        "TeS_MOOV": 0.0,
        "TedS_MOOV": 96.12,
        "TR3_MOOV": 0.97,
        "TeRd_MOOV": 66.99000000000001,
        "TS_MOOV": 99.03,
        "TeS_MTN": 0.95,
        "TedS_MTN": 53.849999999999994,
        "TR3_MTN": 0.0,
        "TeRd_MTN": 100.0,
        "TS_MTN": 100.0,
        "TeS_ORANGE": 7.02,
        "TedS_ORANGE": 100.0,
        "TR3_ORANGE": 1.8900000000000001,
        "TeRd_ORANGE": 50.94,
        "TS_ORANGE": 100.0,
        "rang_TeS_ORANGE": 3,
        "rang_TeS_MTN": 2,
        "rang_TeS_MOOV": 1,
        "rang_TedS_ORANGE": 1,
        "rang_TedS_MTN": 3,
        "rang_TedS_MOOV": 2,
        "rang_TR3_ORANGE": 3,
        "rang_TR3_MTN": 1,
        "rang_TR3_MOOV": 2,
        "rang_TS_ORANGE": 1,
        "rang_TS_MTN": 1,
        "rang_TS_MOOV": 3,
        "rang_TeRd_ORANGE": 3,
        "rang_TeRd_MTN": 1,
        "rang_TeRd_MOOV": 2
      },
      "id": 94
    },
    {
      "type": "Feature",
      "geometry": {
        "coordinates": [
          -7.56442,
          7.39545
        ],
        "type": "Point"
      },
      "properties": {
        "ADM0_FR": "MONTAGNES",
        "ADM0_PCODE": "CI09",
        "ADM1_FR": "TONKPI",
        "ADM1_PCODE": "CI132",
        "ADM2_FR": "MAN",
        "ADM2_PCODE": "CI3203",
        "ADM3_FR": "MAN",
        "ADM3_PCODE": "CI320301",
        "ADM4_FR": "MAN",
        "ADM4_PCODE": "C5323",
        "centerLat": 7.40545,
        "centerLng": -7.55442,
        "pop": 149041,
        "TeS_MOOV": 0.0,
        "TedS_MOOV": 99.14,
        "TR3_MOOV": 0.0,
        "TeRd_MOOV": 58.17,
        "TS_MOOV": 100.0,
        "TeS_MTN": 0.0,
        "TedS_MTN": 98.54,
        "TR3_MTN": 0.0,
        "TeRd_MTN": 97.96000000000001,
        "TS_MTN": 100.0,
        "TeS_ORANGE": 0.0,
        "TedS_ORANGE": 88.42999999999999,
        "TR3_ORANGE": 1.1900000000000002,
        "TeRd_ORANGE": 78.03999999999999,
        "TS_ORANGE": 92.88,
        "rang_TeS_ORANGE": 1,
        "rang_TeS_MTN": 1,
        "rang_TeS_MOOV": 1,
        "rang_TedS_ORANGE": 3,
        "rang_TedS_MTN": 2,
        "rang_TedS_MOOV": 1,
        "rang_TR3_ORANGE": 3,
        "rang_TR3_MTN": 1,
        "rang_TR3_MOOV": 1,
        "rang_TS_ORANGE": 3,
        "rang_TS_MTN": 1,
        "rang_TS_MOOV": 1,
        "rang_TeRd_ORANGE": 2,
        "rang_TeRd_MTN": 1,
        "rang_TeRd_MOOV": 3
      },
      "id": 95
    },
    {
      "type": "Feature",
      "geometry": {
        "coordinates": [
          -6.65906,
          6.92244
        ],
        "type": "Point"
      },
      "properties": {
        "ADM0_FR": "WOROBA",
        "ADM0_PCODE": "CI13",
        "ADM1_FR": "WORODOUGOU",
        "ADM1_PCODE": "CI133",
        "ADM2_FR": "SEGUELA",
        "ADM2_PCODE": "CI3302",
        "ADM3_FR": "WOROFLA",
        "ADM3_PCODE": "CI330207",
        "ADM4_FR": "MANKONO",
        "ADM4_PCODE": "C5355",
        "centerLat": 6.93244,
        "centerLng": -6.64906,
        "pop": 1576,
        "TeS_MOOV": 0.0,
        "TedS_MOOV": 83.33,
        "TR3_MOOV": 0.0,
        "TeRd_MOOV": 76.67,
        "TS_MOOV": 100.0,
        "TeS_MTN": 0.0,
        "TedS_MTN": 98.33,
        "TR3_MTN": 0.0,
        "TeRd_MTN": 98.33,
        "TS_MTN": 100.0,
        "TeS_ORANGE": 0.0,
        "TedS_ORANGE": 97.77,
        "TR3_ORANGE": 1.68,
        "TeRd_ORANGE": 88.27000000000001,
        "TS_ORANGE": 100.0,
        "rang_TeS_ORANGE": 1,
        "rang_TeS_MTN": 1,
        "rang_TeS_MOOV": 1,
        "rang_TedS_ORANGE": 2,
        "rang_TedS_MTN": 1,
        "rang_TedS_MOOV": 3,
        "rang_TR3_ORANGE": 3,
        "rang_TR3_MTN": 1,
        "rang_TR3_MOOV": 1,
        "rang_TS_ORANGE": 1,
        "rang_TS_MTN": 1,
        "rang_TS_MOOV": 1,
        "rang_TeRd_ORANGE": 2,
        "rang_TeRd_MTN": 1,
        "rang_TeRd_MOOV": 3
      },
      "id": 96
    },
    {
      "type": "Feature",
      "geometry": {
        "coordinates": [
          -4.35,
          7.45
        ],
        "type": "Point"
      },
      "properties": {
        "ADM0_FR": "LACS",
        "ADM0_PCODE": "CI07",
        "ADM1_FR": "IFFOU",
        "ADM1_PCODE": "CI119",
        "ADM2_FR": "M'BAHIAKRO",
        "ADM2_PCODE": "CI1902",
        "ADM3_FR": "M'BAHIAKRO",
        "ADM3_PCODE": "CI190201",
        "ADM4_FR": "M'BAHIAKRO",
        "ADM4_PCODE": "C5412",
        "centerLat": 7.46,
        "centerLng": -4.34,
        "pop": 14894,
        "TeS_MOOV": 0.0,
        "TedS_MOOV": 62.629999999999995,
        "TR3_MOOV": 0.0,
        "TeRd_MOOV": 41.92,
        "TS_MOOV": 100.0,
        "TeS_MTN": 0.0,
        "TedS_MTN": 100.0,
        "TR3_MTN": 0.0,
        "TeRd_MTN": 96.97,
        "TS_MTN": 100.0,
        "TeS_ORANGE": 0.0,
        "TedS_ORANGE": 99.49,
        "TR3_ORANGE": 2.02,
        "TeRd_ORANGE": 1.52,
        "TS_ORANGE": 100.0,
        "rang_TeS_ORANGE": 1,
        "rang_TeS_MTN": 1,
        "rang_TeS_MOOV": 1,
        "rang_TedS_ORANGE": 2,
        "rang_TedS_MTN": 1,
        "rang_TedS_MOOV": 3,
        "rang_TR3_ORANGE": 3,
        "rang_TR3_MTN": 1,
        "rang_TR3_MOOV": 1,
        "rang_TS_ORANGE": 1,
        "rang_TS_MTN": 1,
        "rang_TS_MOOV": 1,
        "rang_TeRd_ORANGE": 3,
        "rang_TeRd_MTN": 1,
        "rang_TeRd_MOOV": 2
      },
      "id": 97
    },
    {
      "type": "Feature",
      "geometry": {
        "coordinates": [
          -4.37,
          6.46
        ],
        "type": "Point"
      },
      "properties": {
        "ADM0_FR": "LACS",
        "ADM0_PCODE": "CI07",
        "ADM1_FR": "MORONOU",
        "ADM1_PCODE": "CI125",
        "ADM2_FR": "M'BATTO",
        "ADM2_PCODE": "CI2503",
        "ADM3_FR": "M'BATTO",
        "ADM3_PCODE": "CI250301",
        "ADM4_FR": "M'BATTO",
        "ADM4_PCODE": "C5421",
        "centerLat": 6.47,
        "centerLng": -4.36,
        "pop": 18300,
        "TeS_MOOV": 0.0,
        "TedS_MOOV": 93.71000000000001,
        "TR3_MOOV": 0.0,
        "TeRd_MOOV": 89.14,
        "TS_MOOV": 100.0,
        "TeS_MTN": 0.0,
        "TedS_MTN": 98.29,
        "TR3_MTN": 0.0,
        "TeRd_MTN": 98.86,
        "TS_MTN": 100.0,
        "TeS_ORANGE": 0.0,
        "TedS_ORANGE": 98.86,
        "TR3_ORANGE": 4.0,
        "TeRd_ORANGE": 61.14000000000001,
        "TS_ORANGE": 94.86,
        "rang_TeS_ORANGE": 1,
        "rang_TeS_MTN": 1,
        "rang_TeS_MOOV": 1,
        "rang_TedS_ORANGE": 1,
        "rang_TedS_MTN": 2,
        "rang_TedS_MOOV": 3,
        "rang_TR3_ORANGE": 3,
        "rang_TR3_MTN": 1,
        "rang_TR3_MOOV": 1,
        "rang_TS_ORANGE": 3,
        "rang_TS_MTN": 1,
        "rang_TS_MOOV": 1,
        "rang_TeRd_ORANGE": 3,
        "rang_TeRd_MTN": 1,
        "rang_TeRd_MOOV": 2
      },
      "id": 98
    },
    {
      "type": "Feature",
      "geometry": {
        "coordinates": [
          -6.566339999999999,
          5.39618
        ],
        "type": "Point"
      },
      "properties": {
        "ADM0_FR": "BAS-SASSANDRA",
        "ADM0_PCODE": "CI01",
        "ADM1_FR": "NAWA",
        "ADM1_PCODE": "CI126",
        "ADM2_FR": "MEAGUI",
        "ADM2_PCODE": "CI2603",
        "ADM3_FR": "MEAGUI",
        "ADM3_PCODE": "CI260301",
        "ADM4_FR": "MÉAGUI",
        "ADM4_PCODE": "C5452",
        "centerLat": 5.40618,
        "centerLng": -6.55634,
        "pop": 57367,
        "TeS_MOOV": 0.0,
        "TedS_MOOV": 81.61,
        "TR3_MOOV": 0.0,
        "TeRd_MOOV": 47.980000000000004,
        "TS_MOOV": 100.0,
        "TeS_MTN": 0.0,
        "TedS_MTN": 98.67,
        "TR3_MTN": 0.0,
        "TeRd_MTN": 97.78,
        "TS_MTN": 100.0,
        "TeS_ORANGE": 0.0,
        "TedS_ORANGE": 96.44,
        "TR3_ORANGE": 0.89,
        "TeRd_ORANGE": 71.56,
        "TS_ORANGE": 100.0,
        "rang_TeS_ORANGE": 1,
        "rang_TeS_MTN": 1,
        "rang_TeS_MOOV": 1,
        "rang_TedS_ORANGE": 2,
        "rang_TedS_MTN": 1,
        "rang_TedS_MOOV": 3,
        "rang_TR3_ORANGE": 3,
        "rang_TR3_MTN": 1,
        "rang_TR3_MOOV": 1,
        "rang_TS_ORANGE": 1,
        "rang_TS_MTN": 1,
        "rang_TS_MOOV": 1,
        "rang_TeRd_ORANGE": 2,
        "rang_TeRd_MTN": 1,
        "rang_TeRd_MOOV": 3
      },
      "id": 99
    },
    {
      "type": "Feature",
      "geometry": {
        "coordinates": [
          -3.68957,
          5.17624
        ],
        "type": "Point"
      },
      "properties": {
        "ADM0_FR": "COMOE",
        "ADM0_PCODE": "CI02",
        "ADM1_FR": "SUD-COMOE",
        "ADM1_PCODE": "CI130",
        "ADM2_FR": "GRAND-BASSAM",
        "ADM2_PCODE": "CI3003",
        "ADM3_FR": "GRAND-BASSAM",
        "ADM3_PCODE": "CI300303",
        "ADM4_FR": "MONDOUKOU",
        "ADM4_PCODE": "C5561",
        "centerLat": 5.18624,
        "centerLng": -3.67957,
        "pop": 1400,
        "TeS_MOOV": 0.0,
        "TedS_MOOV": 60.22,
        "TR3_MOOV": 0.0,
        "TeRd_MOOV": 24.73,
        "TS_MOOV": 97.85000000000001,
        "TeS_MTN": 0.0,
        "TedS_MTN": 11.93,
        "TR3_MTN": 0.0,
        "TeRd_MTN": 96.33,
        "TS_MTN": 100.0,
        "TeS_ORANGE": 0.0,
        "TedS_ORANGE": 100.0,
        "TR3_ORANGE": 0.0,
        "TeRd_ORANGE": 92.06,
        "TS_ORANGE": 100.0,
        "rang_TeS_ORANGE": 1,
        "rang_TeS_MTN": 1,
        "rang_TeS_MOOV": 1,
        "rang_TedS_ORANGE": 1,
        "rang_TedS_MTN": 3,
        "rang_TedS_MOOV": 2,
        "rang_TR3_ORANGE": 1,
        "rang_TR3_MTN": 1,
        "rang_TR3_MOOV": 1,
        "rang_TS_ORANGE": 1,
        "rang_TS_MTN": 1,
        "rang_TS_MOOV": 3,
        "rang_TeRd_ORANGE": 2,
        "rang_TeRd_MTN": 1,
        "rang_TeRd_MOOV": 3
      },
      "id": 100
    },
    {
      "type": "Feature",
      "geometry": {
        "coordinates": [
          -4.9818,
          6.31154
        ],
        "type": "Point"
      },
      "properties": {
        "ADM0_FR": "LACS",
        "ADM0_PCODE": "CI07",
        "ADM1_FR": "BELIER",
        "ADM1_PCODE": "CI106",
        "ADM2_FR": "TOUMODI",
        "ADM2_PCODE": "CI0604",
        "ADM3_FR": "KPOUEBO",
        "ADM3_PCODE": "CI060404",
        "ADM4_FR": "MORONOU",
        "ADM4_PCODE": "C5589",
        "centerLat": 6.32154,
        "centerLng": -4.9718,
        "pop": 4642,
        "TeS_MOOV": 0.0,
        "TedS_MOOV": 95.05,
        "TR3_MOOV": 0.0,
        "TeRd_MOOV": 66.34,
        "TS_MOOV": 100.0,
        "TeS_MTN": 0.0,
        "TedS_MTN": 45.540000000000006,
        "TR3_MTN": 0.0,
        "TeRd_MTN": 100.0,
        "TS_MTN": 100.0,
        "TeS_ORANGE": 1.0,
        "TedS_ORANGE": 98.99,
        "TR3_ORANGE": 1.01,
        "TeRd_ORANGE": 54.55,
        "TS_ORANGE": 100.0,
        "rang_TeS_ORANGE": 3,
        "rang_TeS_MTN": 1,
        "rang_TeS_MOOV": 1,
        "rang_TedS_ORANGE": 1,
        "rang_TedS_MTN": 3,
        "rang_TedS_MOOV": 2,
        "rang_TR3_ORANGE": 3,
        "rang_TR3_MTN": 1,
        "rang_TR3_MOOV": 1,
        "rang_TS_ORANGE": 1,
        "rang_TS_MTN": 1,
        "rang_TS_MOOV": 1,
        "rang_TeRd_ORANGE": 3,
        "rang_TeRd_MTN": 1,
        "rang_TeRd_MOOV": 2
      },
      "id": 101
    },
    {
      "type": "Feature",
      "geometry": {
        "coordinates": [
          -6.558317,
          4.912005000000001
        ],
        "type": "Point"
      },
      "properties": {
        "ADM0_FR": "BAS-SASSANDRA",
        "ADM0_PCODE": "CI01",
        "ADM1_FR": "SAN-PEDRO",
        "ADM1_PCODE": "CI129",
        "ADM2_FR": "SAN-PEDRO",
        "ADM2_PCODE": "CI2901",
        "ADM3_FR": "SAN-PEDRO",
        "ADM3_PCODE": "CI290101",
        "ADM4_FR": "MOUSSADOUGOU",
        "ADM4_PCODE": "C5605",
        "centerLat": 4.922005,
        "centerLng": -6.548317,
        "pop": 16344,
        "TeS_MOOV": 0.0,
        "TedS_MOOV": 98.15,
        "TR3_MOOV": 0.0,
        "TeRd_MOOV": 81.47999999999999,
        "TS_MOOV": 100.0,
        "TeS_MTN": 0.0,
        "TedS_MTN": 99.07000000000001,
        "TR3_MTN": 0.9299999999999999,
        "TeRd_MTN": 96.3,
        "TS_MTN": 100.0,
        "TeS_ORANGE": 0.0,
        "TedS_ORANGE": 91.67,
        "TR3_ORANGE": 0.9299999999999999,
        "TeRd_ORANGE": 93.52000000000001,
        "TS_ORANGE": 100.0,
        "rang_TeS_ORANGE": 1,
        "rang_TeS_MTN": 1,
        "rang_TeS_MOOV": 1,
        "rang_TedS_ORANGE": 3,
        "rang_TedS_MTN": 1,
        "rang_TedS_MOOV": 2,
        "rang_TR3_ORANGE": 2,
        "rang_TR3_MTN": 2,
        "rang_TR3_MOOV": 1,
        "rang_TS_ORANGE": 1,
        "rang_TS_MTN": 1,
        "rang_TS_MOOV": 1,
        "rang_TeRd_ORANGE": 2,
        "rang_TeRd_MTN": 1,
        "rang_TeRd_MOOV": 3
      },
      "id": 102
    },
    {
      "type": "Feature",
      "geometry": {
        "coordinates": [
          -4.49,
          9.39
        ],
        "type": "Point"
      },
      "properties": {
        "ADM0_FR": "SAVANES",
        "ADM0_PCODE": "CI11",
        "ADM1_FR": "TCHOLOGO",
        "ADM1_PCODE": "CI131",
        "ADM2_FR": "KONG",
        "ADM2_PCODE": "CI3102",
        "ADM3_FR": "SIKOLO",
        "ADM3_PCODE": "CI310204",
        "ADM4_FR": "NASSIAN",
        "ADM4_PCODE": "C5771",
        "centerLat": 9.4,
        "centerLng": -4.48,
        "pop": 1161,
        "TeS_MOOV": 0.0,
        "TedS_MOOV": 92.62,
        "TR3_MOOV": 0.0,
        "TeRd_MOOV": 98.36,
        "TS_MOOV": 100.0,
        "TeS_MTN": 0.0,
        "TedS_MTN": 7.5,
        "TR3_MTN": 0.0,
        "TeRd_MTN": 100.0,
        "TS_MTN": 100.0,
        "TeS_ORANGE": 0.0,
        "TedS_ORANGE": 98.4,
        "TR3_ORANGE": 0.8,
        "TeRd_ORANGE": 6.4,
        "TS_ORANGE": 99.2,
        "rang_TeS_ORANGE": 1,
        "rang_TeS_MTN": 1,
        "rang_TeS_MOOV": 1,
        "rang_TedS_ORANGE": 1,
        "rang_TedS_MTN": 3,
        "rang_TedS_MOOV": 2,
        "rang_TR3_ORANGE": 3,
        "rang_TR3_MTN": 1,
        "rang_TR3_MOOV": 1,
        "rang_TS_ORANGE": 3,
        "rang_TS_MTN": 1,
        "rang_TS_MOOV": 1,
        "rang_TeRd_ORANGE": 3,
        "rang_TeRd_MTN": 1,
        "rang_TeRd_MOOV": 2
      },
      "id": 103
    },
    {
      "type": "Feature",
      "geometry": {
        "coordinates": [
          -4.77,
          5.86
        ],
        "type": "Point"
      },
      "properties": {
        "ADM0_FR": "LAGUNES",
        "ADM0_PCODE": "CI08",
        "ADM1_FR": "AGNEBY-TIASSA",
        "ADM1_PCODE": "CI103",
        "ADM2_FR": "TIASSALE",
        "ADM2_PCODE": "CI0304",
        "ADM3_FR": "N'DOUCI",
        "ADM3_PCODE": "CI030404",
        "ADM4_FR": "N'DOUCI",
        "ADM4_PCODE": "C5846",
        "centerLat": 5.87,
        "centerLng": -4.76,
        "pop": 27112,
        "TeS_MOOV": 0.0,
        "TedS_MOOV": 98.52,
        "TR3_MOOV": 0.0,
        "TeRd_MOOV": 62.22,
        "TS_MOOV": 100.0,
        "TeS_MTN": 0.0,
        "TedS_MTN": 100.0,
        "TR3_MTN": 0.0,
        "TeRd_MTN": 100.0,
        "TS_MTN": 100.0,
        "TeS_ORANGE": 0.0,
        "TedS_ORANGE": 99.29,
        "TR3_ORANGE": 7.140000000000001,
        "TeRd_ORANGE": 25.71,
        "TS_ORANGE": 94.28999999999999,
        "rang_TeS_ORANGE": 1,
        "rang_TeS_MTN": 1,
        "rang_TeS_MOOV": 1,
        "rang_TedS_ORANGE": 2,
        "rang_TedS_MTN": 1,
        "rang_TedS_MOOV": 3,
        "rang_TR3_ORANGE": 3,
        "rang_TR3_MTN": 1,
        "rang_TR3_MOOV": 1,
        "rang_TS_ORANGE": 3,
        "rang_TS_MTN": 1,
        "rang_TS_MOOV": 1,
        "rang_TeRd_ORANGE": 3,
        "rang_TeRd_MTN": 1,
        "rang_TeRd_MOOV": 2
      },
      "id": 104
    },
    {
      "type": "Feature",
      "geometry": {
        "coordinates": [
          -5.1499999999999995,
          7.2700000000000005
        ],
        "type": "Point"
      },
      "properties": {
        "ADM0_FR": "LACS",
        "ADM0_PCODE": "CI07",
        "ADM1_FR": "BELIER",
        "ADM1_PCODE": "CI106",
        "ADM2_FR": "TIEBISSOU",
        "ADM2_PCODE": "CI0603",
        "ADM3_FR": "TIEBISSOU",
        "ADM3_PCODE": "CI060301",
        "ADM4_FR": "N'GATTADOLIKRO",
        "ADM4_PCODE": "C5908",
        "centerLat": 7.28,
        "centerLng": -5.14,
        "pop": 2925,
        "TeS_MOOV": 0.0,
        "TedS_MOOV": 98.0,
        "TR3_MOOV": 0.0,
        "TeRd_MOOV": 64.0,
        "TS_MOOV": 100.0,
        "TeS_MTN": 0.0,
        "TedS_MTN": 91.0,
        "TR3_MTN": 0.0,
        "TeRd_MTN": 100.0,
        "TS_MTN": 100.0,
        "TeS_ORANGE": 0.0,
        "TedS_ORANGE": 96.0,
        "TR3_ORANGE": 3.0,
        "TeRd_ORANGE": 0.0,
        "TS_ORANGE": 98.0,
        "rang_TeS_ORANGE": 1,
        "rang_TeS_MTN": 1,
        "rang_TeS_MOOV": 1,
        "rang_TedS_ORANGE": 2,
        "rang_TedS_MTN": 3,
        "rang_TedS_MOOV": 1,
        "rang_TR3_ORANGE": 3,
        "rang_TR3_MTN": 1,
        "rang_TR3_MOOV": 1,
        "rang_TS_ORANGE": 3,
        "rang_TS_MTN": 1,
        "rang_TS_MOOV": 1,
        "rang_TeRd_ORANGE": 3,
        "rang_TeRd_MTN": 1,
        "rang_TeRd_MOOV": 2
      },
      "id": 105
    },
    {
      "type": "Feature",
      "geometry": {
        "coordinates": [
          -3.28,
          6.65
        ],
        "type": "Point"
      },
      "properties": {
        "ADM0_FR": "GOH-DJIBOUA",
        "ADM0_PCODE": "CI06",
        "ADM1_FR": "LOH-DJIBOUA",
        "ADM1_PCODE": "CI122",
        "ADM2_FR": "LAKOTA",
        "ADM2_PCODE": "CI2203",
        "ADM3_FR": "DJIDJI",
        "ADM3_PCODE": "CI220302",
        "ADM4_FR": "NIABLÉ",
        "ADM4_PCODE": "C5974",
        "centerLat": 6.66,
        "centerLng": -3.27,
        "pop": 777,
        "TeS_MOOV": 0.0,
        "TedS_MOOV": 92.12,
        "TR3_MOOV": 0.0,
        "TeRd_MOOV": 46.06,
        "TS_MOOV": 100.0,
        "TeS_MTN": 0.0,
        "TedS_MTN": 95.58,
        "TR3_MTN": 0.0,
        "TeRd_MTN": 96.69,
        "TS_MTN": 100.0,
        "TeS_ORANGE": 0.0,
        "TedS_ORANGE": 99.39,
        "TR3_ORANGE": 1.82,
        "TeRd_ORANGE": 91.52,
        "TS_ORANGE": 99.39,
        "rang_TeS_ORANGE": 1,
        "rang_TeS_MTN": 1,
        "rang_TeS_MOOV": 1,
        "rang_TedS_ORANGE": 1,
        "rang_TedS_MTN": 2,
        "rang_TedS_MOOV": 3,
        "rang_TR3_ORANGE": 3,
        "rang_TR3_MTN": 1,
        "rang_TR3_MOOV": 1,
        "rang_TS_ORANGE": 3,
        "rang_TS_MTN": 1,
        "rang_TS_MOOV": 1,
        "rang_TeRd_ORANGE": 2,
        "rang_TeRd_MTN": 1,
        "rang_TeRd_MOOV": 3
      },
      "id": 106
    },
    {
      "type": "Feature",
      "geometry": {
        "coordinates": [
          -5.633179999999999,
          10.1895
        ],
        "type": "Point"
      },
      "properties": {
        "ADM0_FR": "SAVANES",
        "ADM0_PCODE": "CI11",
        "ADM1_FR": "TCHOLOGO",
        "ADM1_PCODE": "CI131",
        "ADM2_FR": "OUANGOLODOUGOU",
        "ADM2_PCODE": "CI3103",
        "ADM3_FR": "NIELLE",
        "ADM3_PCODE": "CI310304",
        "ADM4_FR": "NIELLÉ",
        "ADM4_PCODE": "C6049",
        "centerLat": 10.1995,
        "centerLng": -5.62318,
        "pop": 19116,
        "TeS_MOOV": 0.0,
        "TedS_MOOV": 57.06,
        "TR3_MOOV": 0.0,
        "TeRd_MOOV": 30.0,
        "TS_MOOV": 100.0,
        "TeS_MTN": 0.0,
        "TedS_MTN": 91.18,
        "TR3_MTN": 0.0,
        "TeRd_MTN": 92.94,
        "TS_MTN": 97.06,
        "TeS_ORANGE": 0.0,
        "TedS_ORANGE": 100.0,
        "TR3_ORANGE": 1.7999999999999998,
        "TeRd_ORANGE": 65.27,
        "TS_ORANGE": 100.0,
        "rang_TeS_ORANGE": 1,
        "rang_TeS_MTN": 1,
        "rang_TeS_MOOV": 1,
        "rang_TedS_ORANGE": 1,
        "rang_TedS_MTN": 2,
        "rang_TedS_MOOV": 3,
        "rang_TR3_ORANGE": 3,
        "rang_TR3_MTN": 1,
        "rang_TR3_MOOV": 1,
        "rang_TS_ORANGE": 1,
        "rang_TS_MTN": 3,
        "rang_TS_MOOV": 1,
        "rang_TeRd_ORANGE": 2,
        "rang_TeRd_MTN": 1,
        "rang_TeRd_MOOV": 3
      },
      "id": 107
    },
    {
      "type": "Feature",
      "geometry": {
        "coordinates": [
          -2.79555,
          5.28329
        ],
        "type": "Point"
      },
      "properties": {
        "ADM0_FR": "COMOE",
        "ADM0_PCODE": "CI02",
        "ADM1_FR": "SUD-COMOE",
        "ADM1_PCODE": "CI130",
        "ADM2_FR": "TIAPOUM",
        "ADM2_PCODE": "CI3004",
        "ADM3_FR": "NOE",
        "ADM3_PCODE": "CI300402",
        "ADM4_FR": "NOÉ",
        "ADM4_PCODE": "C6109",
        "centerLat": 5.29329,
        "centerLng": -2.78555,
        "pop": 9411,
        "TeS_MOOV": 0.0,
        "TedS_MOOV": 9.8,
        "TR3_MOOV": 0.0,
        "TeRd_MOOV": 31.369999999999997,
        "TS_MOOV": 98.04,
        "TeS_MTN": 0.0,
        "TedS_MTN": 95.61,
        "TR3_MTN": 0.0,
        "TeRd_MTN": 93.86,
        "TS_MTN": 98.25,
        "TeS_ORANGE": 0.0,
        "TedS_ORANGE": 14.42,
        "TR3_ORANGE": 0.0,
        "TeRd_ORANGE": 84.61999999999999,
        "TS_ORANGE": 100.0,
        "rang_TeS_ORANGE": 1,
        "rang_TeS_MTN": 1,
        "rang_TeS_MOOV": 1,
        "rang_TedS_ORANGE": 2,
        "rang_TedS_MTN": 1,
        "rang_TedS_MOOV": 3,
        "rang_TR3_ORANGE": 1,
        "rang_TR3_MTN": 1,
        "rang_TR3_MOOV": 1,
        "rang_TS_ORANGE": 1,
        "rang_TS_MTN": 2,
        "rang_TS_MOOV": 3,
        "rang_TeRd_ORANGE": 2,
        "rang_TeRd_MTN": 1,
        "rang_TeRd_MOOV": 3
      },
      "id": 108
    },
    {
      "type": "Feature",
      "geometry": {
        "coordinates": [
          -4.83,
          6.0
        ],
        "type": "Point"
      },
      "properties": {
        "ADM0_FR": "LAGUNES",
        "ADM0_PCODE": "CI08",
        "ADM1_FR": "AGNEBY-TIASSA",
        "ADM1_PCODE": "CI103",
        "ADM2_FR": "TIASSALE",
        "ADM2_PCODE": "CI0304",
        "ADM3_FR": "TIASSALE",
        "ADM3_PCODE": "CI030401",
        "ADM4_FR": "N'ZIANOUAN",
        "ADM4_PCODE": "C6185",
        "centerLat": 6.01,
        "centerLng": -4.82,
        "pop": 12603,
        "TeS_MOOV": 0.0,
        "TedS_MOOV": 82.61,
        "TR3_MOOV": 0.0,
        "TeRd_MOOV": 34.78,
        "TS_MOOV": 100.0,
        "TeS_MTN": 0.0,
        "TedS_MTN": 98.26,
        "TR3_MTN": 0.0,
        "TeRd_MTN": 96.52,
        "TS_MTN": 100.0,
        "TeS_ORANGE": 0.0,
        "TedS_ORANGE": 99.13,
        "TR3_ORANGE": 2.6100000000000003,
        "TeRd_ORANGE": 71.3,
        "TS_ORANGE": 100.0,
        "rang_TeS_ORANGE": 1,
        "rang_TeS_MTN": 1,
        "rang_TeS_MOOV": 1,
        "rang_TedS_ORANGE": 1,
        "rang_TedS_MTN": 2,
        "rang_TedS_MOOV": 3,
        "rang_TR3_ORANGE": 3,
        "rang_TR3_MTN": 1,
        "rang_TR3_MOOV": 1,
        "rang_TS_ORANGE": 1,
        "rang_TS_MTN": 1,
        "rang_TS_MOOV": 1,
        "rang_TeRd_ORANGE": 2,
        "rang_TeRd_MTN": 1,
        "rang_TeRd_MOOV": 3
      },
      "id": 109
    },
    {
      "type": "Feature",
      "geometry": {
        "coordinates": [
          -7.57213,
          9.49687
        ],
        "type": "Point"
      },
      "properties": {
        "ADM0_FR": "DENGUELE",
        "ADM0_PCODE": "CI03",
        "ADM1_FR": "KABADOUGOU",
        "ADM1_PCODE": "CI121",
        "ADM2_FR": "ODIENNE",
        "ADM2_PCODE": "CI2103",
        "ADM3_FR": "ODIENNE",
        "ADM3_PCODE": "CI210301",
        "ADM4_FR": "ODIENNE",
        "ADM4_PCODE": "C6210",
        "centerLat": 9.50687,
        "centerLng": -7.56213,
        "pop": 42173,
        "TeS_MOOV": 0.0,
        "TedS_MOOV": 84.57000000000001,
        "TR3_MOOV": 0.0,
        "TeRd_MOOV": 72.0,
        "TS_MOOV": 100.0,
        "TeS_MTN": 0.0,
        "TedS_MTN": 96.57,
        "TR3_MTN": 0.0,
        "TeRd_MTN": 96.57,
        "TS_MTN": 100.0,
        "TeS_ORANGE": 0.0,
        "TedS_ORANGE": 98.86,
        "TR3_ORANGE": 2.29,
        "TeRd_ORANGE": 86.86,
        "TS_ORANGE": 99.42999999999999,
        "rang_TeS_ORANGE": 1,
        "rang_TeS_MTN": 1,
        "rang_TeS_MOOV": 1,
        "rang_TedS_ORANGE": 1,
        "rang_TedS_MTN": 2,
        "rang_TedS_MOOV": 3,
        "rang_TR3_ORANGE": 3,
        "rang_TR3_MTN": 1,
        "rang_TR3_MOOV": 1,
        "rang_TS_ORANGE": 3,
        "rang_TS_MTN": 1,
        "rang_TS_MOOV": 1,
        "rang_TeRd_ORANGE": 2,
        "rang_TeRd_MTN": 1,
        "rang_TeRd_MOOV": 3
      },
      "id": 110
    },
    {
      "type": "Feature",
      "geometry": {
        "coordinates": [
          -6.2848999999999995,
          5.71016
        ],
        "type": "Point"
      },
      "properties": {
        "ADM0_FR": "BAS-SASSANDRA",
        "ADM0_PCODE": "CI01",
        "ADM1_FR": "NAWA",
        "ADM1_PCODE": "CI126",
        "ADM2_FR": "SOUBRE",
        "ADM2_PCODE": "CI2604",
        "ADM3_FR": "OKROUYO",
        "ADM3_PCODE": "CI260405",
        "ADM4_FR": "OTTAWA",
        "ADM4_PCODE": "C6258",
        "centerLat": 5.72016,
        "centerLng": -6.2749,
        "pop": 8167,
        "TeS_MOOV": 0.0,
        "TedS_MOOV": 54.400000000000006,
        "TR3_MOOV": 0.0,
        "TeRd_MOOV": 36.0,
        "TS_MOOV": 100.0,
        "TeS_MTN": 0.0,
        "TedS_MTN": 99.2,
        "TR3_MTN": 0.0,
        "TeRd_MTN": 99.2,
        "TS_MTN": 100.0,
        "TeS_ORANGE": 0.0,
        "TedS_ORANGE": 81.6,
        "TR3_ORANGE": 2.4,
        "TeRd_ORANGE": 59.199999999999996,
        "TS_ORANGE": 99.2,
        "rang_TeS_ORANGE": 1,
        "rang_TeS_MTN": 1,
        "rang_TeS_MOOV": 1,
        "rang_TedS_ORANGE": 2,
        "rang_TedS_MTN": 1,
        "rang_TedS_MOOV": 3,
        "rang_TR3_ORANGE": 3,
        "rang_TR3_MTN": 1,
        "rang_TR3_MOOV": 1,
        "rang_TS_ORANGE": 3,
        "rang_TS_MTN": 1,
        "rang_TS_MOOV": 1,
        "rang_TeRd_ORANGE": 2,
        "rang_TeRd_MTN": 1,
        "rang_TeRd_MOOV": 3
      },
      "id": 111
    },
    {
      "type": "Feature",
      "geometry": {
        "coordinates": [
          -5.16419,
          9.95711
        ],
        "type": "Point"
      },
      "properties": {
        "ADM0_FR": "SAVANES",
        "ADM0_PCODE": "CI11",
        "ADM1_FR": "TCHOLOGO",
        "ADM1_PCODE": "CI131",
        "ADM2_FR": "OUANGOLODOUGOU",
        "ADM2_PCODE": "CI3103",
        "ADM3_FR": "OUANGOLODOUGOU",
        "ADM3_PCODE": "CI310301",
        "ADM4_FR": "OUANGOLODOUGOU",
        "ADM4_PCODE": "C6291",
        "centerLat": 9.96711,
        "centerLng": -5.15419,
        "pop": 37991,
        "TeS_MOOV": 0.0,
        "TedS_MOOV": 100.0,
        "TR3_MOOV": 0.0,
        "TeRd_MOOV": 67.04,
        "TS_MOOV": 100.0,
        "TeS_MTN": 0.0,
        "TedS_MTN": 90.4,
        "TR3_MTN": 0.0,
        "TeRd_MTN": 96.61,
        "TS_MTN": 100.0,
        "TeS_ORANGE": 0.0,
        "TedS_ORANGE": 98.32,
        "TR3_ORANGE": 3.35,
        "TeRd_ORANGE": 53.06999999999999,
        "TS_ORANGE": 98.32,
        "rang_TeS_ORANGE": 1,
        "rang_TeS_MTN": 1,
        "rang_TeS_MOOV": 1,
        "rang_TedS_ORANGE": 2,
        "rang_TedS_MTN": 3,
        "rang_TedS_MOOV": 1,
        "rang_TR3_ORANGE": 3,
        "rang_TR3_MTN": 1,
        "rang_TR3_MOOV": 1,
        "rang_TS_ORANGE": 3,
        "rang_TS_MTN": 1,
        "rang_TS_MOOV": 1,
        "rang_TeRd_ORANGE": 3,
        "rang_TeRd_MTN": 1,
        "rang_TeRd_MOOV": 2
      },
      "id": 112
    },
    {
      "type": "Feature",
      "geometry": {
        "coordinates": [
          -4.0248099999999996,
          7.28754
        ],
        "type": "Point"
      },
      "properties": {
        "ADM0_FR": "LACS",
        "ADM0_PCODE": "CI07",
        "ADM1_FR": "IFFOU",
        "ADM1_PCODE": "CI119",
        "ADM2_FR": "DAOUKRO",
        "ADM2_PCODE": "CI1901",
        "ADM3_FR": "OUELLE",
        "ADM3_PCODE": "CI190106",
        "ADM4_FR": "OUELLE",
        "ADM4_PCODE": "C6331",
        "centerLat": 7.29754,
        "centerLng": -4.01481,
        "pop": 6543,
        "TeS_MOOV": 0.0,
        "TedS_MOOV": 91.67,
        "TR3_MOOV": 0.0,
        "TeRd_MOOV": 100.0,
        "TS_MOOV": 100.0,
        "TeS_MTN": 0.0,
        "TedS_MTN": 85.83,
        "TR3_MTN": 0.0,
        "TeRd_MTN": 95.83,
        "TS_MTN": 100.0,
        "TeS_ORANGE": 0.0,
        "TedS_ORANGE": 98.33,
        "TR3_ORANGE": 2.5,
        "TeRd_ORANGE": 8.33,
        "TS_ORANGE": 99.17,
        "rang_TeS_ORANGE": 1,
        "rang_TeS_MTN": 1,
        "rang_TeS_MOOV": 1,
        "rang_TedS_ORANGE": 1,
        "rang_TedS_MTN": 3,
        "rang_TedS_MOOV": 2,
        "rang_TR3_ORANGE": 3,
        "rang_TR3_MTN": 1,
        "rang_TR3_MOOV": 1,
        "rang_TS_ORANGE": 3,
        "rang_TS_MTN": 1,
        "rang_TS_MOOV": 1,
        "rang_TeRd_ORANGE": 3,
        "rang_TeRd_MTN": 2,
        "rang_TeRd_MOOV": 1
      },
      "id": 113
    },
    {
      "type": "Feature",
      "geometry": {
        "coordinates": [
          -5.42528,
          6.3735
        ],
        "type": "Point"
      },
      "properties": {
        "ADM0_FR": "GOH-DJIBOUA",
        "ADM0_PCODE": "CI06",
        "ADM1_FR": "GOH",
        "ADM1_PCODE": "CI113",
        "ADM2_FR": "OUME",
        "ADM2_PCODE": "CI1302",
        "ADM3_FR": "OUME",
        "ADM3_PCODE": "CI130201",
        "ADM4_FR": "OUMÉ",
        "ADM4_PCODE": "C6363",
        "centerLat": 6.3835,
        "centerLng": -5.41528,
        "pop": 45210,
        "TeS_MOOV": 0.0,
        "TedS_MOOV": 98.86,
        "TR3_MOOV": 0.0,
        "TeRd_MOOV": 67.43,
        "TS_MOOV": 100.0,
        "TeS_MTN": 0.0,
        "TedS_MTN": 97.66,
        "TR3_MTN": 0.58,
        "TeRd_MTN": 96.49,
        "TS_MTN": 99.42,
        "TeS_ORANGE": 0.0,
        "TedS_ORANGE": 100.0,
        "TR3_ORANGE": 8.67,
        "TeRd_ORANGE": 0.0,
        "TS_ORANGE": 96.53,
        "rang_TeS_ORANGE": 1,
        "rang_TeS_MTN": 1,
        "rang_TeS_MOOV": 1,
        "rang_TedS_ORANGE": 1,
        "rang_TedS_MTN": 3,
        "rang_TedS_MOOV": 2,
        "rang_TR3_ORANGE": 3,
        "rang_TR3_MTN": 2,
        "rang_TR3_MOOV": 1,
        "rang_TS_ORANGE": 3,
        "rang_TS_MTN": 2,
        "rang_TS_MOOV": 1,
        "rang_TeRd_ORANGE": 3,
        "rang_TeRd_MTN": 1,
        "rang_TeRd_MOOV": 2
      },
      "id": 114
    },
    {
      "type": "Feature",
      "geometry": {
        "coordinates": [
          -5.94268,
          6.303640000000001
        ],
        "type": "Point"
      },
      "properties": {
        "ADM0_FR": "GOH-DJIBOUA",
        "ADM0_PCODE": "CI06",
        "ADM1_FR": "GOH",
        "ADM1_PCODE": "CI113",
        "ADM2_FR": "GAGNOA",
        "ADM2_PCODE": "CI1301",
        "ADM3_FR": "OURAGAHIO",
        "ADM3_PCODE": "CI130110",
        "ADM4_FR": "OURAGAHIO",
        "ADM4_PCODE": "C6381",
        "centerLat": 6.31364,
        "centerLng": -5.93268,
        "pop": 11253,
        "TeS_MOOV": 0.0,
        "TedS_MOOV": 80.49,
        "TR3_MOOV": 0.0,
        "TeRd_MOOV": 67.07,
        "TS_MOOV": 100.0,
        "TeS_MTN": 0.0,
        "TedS_MTN": 3.05,
        "TR3_MTN": 0.0,
        "TeRd_MTN": 71.95,
        "TS_MTN": 100.0,
        "TeS_ORANGE": 0.0,
        "TedS_ORANGE": 98.78,
        "TR3_ORANGE": 1.22,
        "TeRd_ORANGE": 53.05,
        "TS_ORANGE": 100.0,
        "rang_TeS_ORANGE": 1,
        "rang_TeS_MTN": 1,
        "rang_TeS_MOOV": 1,
        "rang_TedS_ORANGE": 1,
        "rang_TedS_MTN": 3,
        "rang_TedS_MOOV": 2,
        "rang_TR3_ORANGE": 3,
        "rang_TR3_MTN": 1,
        "rang_TR3_MOOV": 1,
        "rang_TS_ORANGE": 1,
        "rang_TS_MTN": 1,
        "rang_TS_MOOV": 1,
        "rang_TeRd_ORANGE": 3,
        "rang_TeRd_MTN": 1,
        "rang_TeRd_MOOV": 2
      },
      "id": 115
    },
    {
      "type": "Feature",
      "geometry": {
        "coordinates": [
          -4.94745,
          6.15742
        ],
        "type": "Point"
      },
      "properties": {
        "ADM0_FR": "LAGUNES",
        "ADM0_PCODE": "CI08",
        "ADM1_FR": "AGNEBY-TIASSA",
        "ADM1_PCODE": "CI103",
        "ADM2_FR": "TAABO",
        "ADM2_PCODE": "CI0303",
        "ADM3_FR": "PACCOBO",
        "ADM3_PCODE": "CI030302",
        "ADM4_FR": "PACOBO",
        "ADM4_PCODE": "C6405",
        "centerLat": 6.16742,
        "centerLng": -4.93745,
        "pop": 1710,
        "TeS_MOOV": 0.0,
        "TedS_MOOV": 98.2,
        "TR3_MOOV": 0.0,
        "TeRd_MOOV": 65.77,
        "TS_MOOV": 100.0,
        "TeS_MTN": 0.0,
        "TedS_MTN": 72.97,
        "TR3_MTN": 0.0,
        "TeRd_MTN": 100.0,
        "TS_MTN": 100.0,
        "TeS_ORANGE": 0.0,
        "TedS_ORANGE": 99.1,
        "TR3_ORANGE": 2.7,
        "TeRd_ORANGE": 87.39,
        "TS_ORANGE": 100.0,
        "rang_TeS_ORANGE": 1,
        "rang_TeS_MTN": 1,
        "rang_TeS_MOOV": 1,
        "rang_TedS_ORANGE": 1,
        "rang_TedS_MTN": 3,
        "rang_TedS_MOOV": 2,
        "rang_TR3_ORANGE": 3,
        "rang_TR3_MTN": 1,
        "rang_TR3_MOOV": 1,
        "rang_TS_ORANGE": 1,
        "rang_TS_MTN": 1,
        "rang_TS_MOOV": 1,
        "rang_TeRd_ORANGE": 2,
        "rang_TeRd_MTN": 1,
        "rang_TeRd_MOOV": 3
      },
      "id": 116
    },
    {
      "type": "Feature",
      "geometry": {
        "coordinates": [
          -4.3157,
          6.062530000000001
        ],
        "type": "Point"
      },
      "properties": {
        "ADM0_FR": "LAGUNES",
        "ADM0_PCODE": "CI08",
        "ADM1_FR": "AGNEBY-TIASSA",
        "ADM1_PCODE": "CI103",
        "ADM2_FR": "AGBOVILLE",
        "ADM2_PCODE": "CI0301",
        "ADM3_FR": "RUBINO",
        "ADM3_PCODE": "CI030111",
        "ADM4_FR": "RUBINO",
        "ADM4_PCODE": "C6669",
        "centerLat": 6.07253,
        "centerLng": -4.3057,
        "pop": 14025,
        "TeS_MOOV": 0.0,
        "TedS_MOOV": 82.35,
        "TR3_MOOV": 0.0,
        "TeRd_MOOV": 76.47,
        "TS_MOOV": 100.0,
        "TeS_MTN": 0.0,
        "TedS_MTN": 99.41,
        "TR3_MTN": 0.0,
        "TeRd_MTN": 98.82,
        "TS_MTN": 100.0,
        "TeS_ORANGE": 0.0,
        "TedS_ORANGE": 94.67,
        "TR3_ORANGE": 4.14,
        "TeRd_ORANGE": 69.23,
        "TS_ORANGE": 100.0,
        "rang_TeS_ORANGE": 1,
        "rang_TeS_MTN": 1,
        "rang_TeS_MOOV": 1,
        "rang_TedS_ORANGE": 2,
        "rang_TedS_MTN": 1,
        "rang_TedS_MOOV": 3,
        "rang_TR3_ORANGE": 3,
        "rang_TR3_MTN": 1,
        "rang_TR3_MOOV": 1,
        "rang_TS_ORANGE": 1,
        "rang_TS_MTN": 1,
        "rang_TS_MOOV": 1,
        "rang_TeRd_ORANGE": 3,
        "rang_TeRd_MTN": 1,
        "rang_TeRd_MOOV": 2
      },
      "id": 117
    },
    {
      "type": "Feature",
      "geometry": {
        "coordinates": [
          -5.30194,
          7.4458
        ],
        "type": "Point"
      },
      "properties": {
        "ADM0_FR": "VALLEE DU BANDAMA",
        "ADM0_PCODE": "CI12",
        "ADM1_FR": "GBEKE",
        "ADM1_PCODE": "CI111",
        "ADM2_FR": "SAKASSOU",
        "ADM2_PCODE": "CI1104",
        "ADM3_FR": "SAKASSOU",
        "ADM3_PCODE": "CI110401",
        "ADM4_FR": "SAKASSOU",
        "ADM4_PCODE": "C6712",
        "centerLat": 7.4558,
        "centerLng": -5.29194,
        "pop": 13186,
        "TeS_MOOV": 0.0,
        "TedS_MOOV": 99.33,
        "TR3_MOOV": 0.0,
        "TeRd_MOOV": 66.67,
        "TS_MOOV": 100.0,
        "TeS_MTN": 0.0,
        "TedS_MTN": 98.68,
        "TR3_MTN": 0.0,
        "TeRd_MTN": 0.0,
        "TS_MTN": 100.0,
        "TeS_ORANGE": 0.0,
        "TedS_ORANGE": 98.67,
        "TR3_ORANGE": 2.67,
        "TeRd_ORANGE": 90.67,
        "TS_ORANGE": 99.33,
        "rang_TeS_ORANGE": 1,
        "rang_TeS_MTN": 1,
        "rang_TeS_MOOV": 1,
        "rang_TedS_ORANGE": 3,
        "rang_TedS_MTN": 2,
        "rang_TedS_MOOV": 1,
        "rang_TR3_ORANGE": 3,
        "rang_TR3_MTN": 1,
        "rang_TR3_MOOV": 1,
        "rang_TS_ORANGE": 3,
        "rang_TS_MTN": 1,
        "rang_TS_MOOV": 1,
        "rang_TeRd_ORANGE": 1,
        "rang_TeRd_MTN": 3,
        "rang_TeRd_MOOV": 2
      },
      "id": 118
    },
    {
      "type": "Feature",
      "geometry": {
        "coordinates": [
          -6.6499999999999995,
          5.37
        ],
        "type": "Point"
      },
      "properties": {
        "ADM0_FR": "DISTRICT AUTONOME DE YAMOUSSOUKRO",
        "ADM0_PCODE": "CI05",
        "ADM1_FR": "DISTRICT AUTONOME DE YAMOUSSOUKRO",
        "ADM1_PCODE": "CI102",
        "ADM2_FR": "ATTIEGOUAKRO",
        "ADM2_PCODE": "CI0201",
        "ADM3_FR": "LOLOBO",
        "ADM3_PCODE": "CI020102",
        "ADM4_FR": "SAKIARÉ",
        "ADM4_PCODE": "C6714",
        "centerLat": 5.38,
        "centerLng": -6.64,
        "pop": 3684,
        "TeS_MOOV": 0.0,
        "TedS_MOOV": 96.33,
        "TR3_MOOV": 0.0,
        "TeRd_MOOV": 74.31,
        "TS_MOOV": 100.0,
        "TeS_MTN": 0.0,
        "TedS_MTN": 87.03999999999999,
        "TR3_MTN": 0.9299999999999999,
        "TeRd_MTN": 97.22,
        "TS_MTN": 100.0,
        "TeS_ORANGE": 0.0,
        "TedS_ORANGE": 100.0,
        "TR3_ORANGE": 5.56,
        "TeRd_ORANGE": 81.47999999999999,
        "TS_ORANGE": 99.07000000000001,
        "rang_TeS_ORANGE": 1,
        "rang_TeS_MTN": 1,
        "rang_TeS_MOOV": 1,
        "rang_TedS_ORANGE": 1,
        "rang_TedS_MTN": 3,
        "rang_TedS_MOOV": 2,
        "rang_TR3_ORANGE": 3,
        "rang_TR3_MTN": 2,
        "rang_TR3_MOOV": 1,
        "rang_TS_ORANGE": 3,
        "rang_TS_MTN": 1,
        "rang_TS_MOOV": 1,
        "rang_TeRd_ORANGE": 2,
        "rang_TeRd_MTN": 1,
        "rang_TeRd_MOOV": 3
      },
      "id": 119
    },
    {
      "type": "Feature",
      "geometry": {
        "coordinates": [
          -5.897749999999999,
          8.80244
        ],
        "type": "Point"
      },
      "properties": {
        "ADM0_FR": "SAVANES",
        "ADM0_PCODE": "CI11",
        "ADM1_FR": "PORO",
        "ADM1_PCODE": "CI128",
        "ADM2_FR": "DIKODOUGOU",
        "ADM2_PCODE": "CI2801",
        "ADM3_FR": "DIKODOUGOU",
        "ADM3_PCODE": "CI280102",
        "ADM4_FR": "SAMATIGUILA",
        "ADM4_PCODE": "C6741",
        "centerLat": 8.81244,
        "centerLng": -5.88775,
        "pop": 652,
        "TeS_MOOV": 0.0,
        "TedS_MOOV": 0.6,
        "TR3_MOOV": 0.0,
        "TeRd_MOOV": 46.989999999999995,
        "TS_MOOV": 100.0,
        "TeS_MTN": 0.0,
        "TedS_MTN": 98.18,
        "TR3_MTN": 0.0,
        "TeRd_MTN": 98.79,
        "TS_MTN": 100.0,
        "TeS_ORANGE": 0.0,
        "TedS_ORANGE": 98.2,
        "TR3_ORANGE": 1.7999999999999998,
        "TeRd_ORANGE": 83.83,
        "TS_ORANGE": 98.8,
        "rang_TeS_ORANGE": 1,
        "rang_TeS_MTN": 1,
        "rang_TeS_MOOV": 1,
        "rang_TedS_ORANGE": 1,
        "rang_TedS_MTN": 2,
        "rang_TedS_MOOV": 3,
        "rang_TR3_ORANGE": 3,
        "rang_TR3_MTN": 1,
        "rang_TR3_MOOV": 1,
        "rang_TS_ORANGE": 3,
        "rang_TS_MTN": 1,
        "rang_TS_MOOV": 1,
        "rang_TeRd_ORANGE": 2,
        "rang_TeRd_MTN": 1,
        "rang_TeRd_MOOV": 3
      },
      "id": 120
    },
    {
      "type": "Feature",
      "geometry": {
        "coordinates": [
          -6.6297299999999995,
          4.72809
        ],
        "type": "Point"
      },
      "properties": {
        "ADM0_FR": "BAS-SASSANDRA",
        "ADM0_PCODE": "CI01",
        "ADM1_FR": "SAN-PEDRO",
        "ADM1_PCODE": "CI129",
        "ADM2_FR": "SAN-PEDRO",
        "ADM2_PCODE": "CI2901",
        "ADM3_FR": "SAN-PEDRO",
        "ADM3_PCODE": "CI290101",
        "ADM4_FR": "SAN-PEDRO",
        "ADM4_PCODE": "C6807",
        "centerLat": 4.73809,
        "centerLng": -6.61973,
        "pop": 164944,
        "TeS_MOOV": 0.0,
        "TedS_MOOV": 91.79,
        "TR3_MOOV": 0.0,
        "TeRd_MOOV": 48.76,
        "TS_MOOV": 99.5,
        "TeS_MTN": 0.0,
        "TedS_MTN": 97.75,
        "TR3_MTN": 0.0,
        "TeRd_MTN": 97.25,
        "TS_MTN": 100.0,
        "TeS_ORANGE": 0.0,
        "TedS_ORANGE": 98.76,
        "TR3_ORANGE": 1.49,
        "TeRd_ORANGE": 75.68,
        "TS_ORANGE": 99.5,
        "rang_TeS_ORANGE": 1,
        "rang_TeS_MTN": 1,
        "rang_TeS_MOOV": 1,
        "rang_TedS_ORANGE": 1,
        "rang_TedS_MTN": 2,
        "rang_TedS_MOOV": 3,
        "rang_TR3_ORANGE": 3,
        "rang_TR3_MTN": 1,
        "rang_TR3_MOOV": 1,
        "rang_TS_ORANGE": 2,
        "rang_TS_MTN": 1,
        "rang_TS_MOOV": 2,
        "rang_TeRd_ORANGE": 2,
        "rang_TeRd_MTN": 1,
        "rang_TeRd_MOOV": 3
      },
      "id": 121
    },
    {
      "type": "Feature",
      "geometry": {
        "coordinates": [
          -6.10211,
          4.94198
        ],
        "type": "Point"
      },
      "properties": {
        "ADM0_FR": "BAS-SASSANDRA",
        "ADM0_PCODE": "CI01",
        "ADM1_FR": "GBOKLE",
        "ADM1_PCODE": "CI112",
        "ADM2_FR": "SASSANDRA",
        "ADM2_PCODE": "CI1202",
        "ADM3_FR": "SASSANDRA",
        "ADM3_PCODE": "CI120201",
        "ADM4_FR": "SASSANDRA",
        "ADM4_PCODE": "C6835",
        "centerLat": 4.95198,
        "centerLng": -6.09211,
        "pop": 26608,
        "TeS_MOOV": 0.0,
        "TedS_MOOV": 99.51,
        "TR3_MOOV": 0.0,
        "TeRd_MOOV": 64.88000000000001,
        "TS_MOOV": 100.0,
        "TeS_MTN": 0.0,
        "TedS_MTN": 88.89,
        "TR3_MTN": 0.0,
        "TeRd_MTN": 95.24000000000001,
        "TS_MTN": 97.88,
        "TeS_ORANGE": 0.0,
        "TedS_ORANGE": 97.50999999999999,
        "TR3_ORANGE": 1.49,
        "TeRd_ORANGE": 82.59,
        "TS_ORANGE": 100.0,
        "rang_TeS_ORANGE": 1,
        "rang_TeS_MTN": 1,
        "rang_TeS_MOOV": 1,
        "rang_TedS_ORANGE": 2,
        "rang_TedS_MTN": 3,
        "rang_TedS_MOOV": 1,
        "rang_TR3_ORANGE": 3,
        "rang_TR3_MTN": 1,
        "rang_TR3_MOOV": 1,
        "rang_TS_ORANGE": 1,
        "rang_TS_MTN": 3,
        "rang_TS_MOOV": 1,
        "rang_TeRd_ORANGE": 2,
        "rang_TeRd_MTN": 1,
        "rang_TeRd_MOOV": 3
      },
      "id": 122
    },
    {
      "type": "Feature",
      "geometry": {
        "coordinates": [
          -6.683129999999999,
          7.95253
        ],
        "type": "Point"
      },
      "properties": {
        "ADM0_FR": "WOROBA",
        "ADM0_PCODE": "CI13",
        "ADM1_FR": "WORODOUGOU",
        "ADM1_PCODE": "CI133",
        "ADM2_FR": "SEGUELA",
        "ADM2_PCODE": "CI3302",
        "ADM3_FR": "SEGUELA",
        "ADM3_PCODE": "CI330201",
        "ADM4_FR": "SÉGUÉLA",
        "ADM4_PCODE": "C6882",
        "centerLat": 7.96253,
        "centerLng": -6.67313,
        "pop": 46189,
        "TeS_MOOV": 0.0,
        "TedS_MOOV": 7.430000000000001,
        "TR3_MOOV": 0.0,
        "TeRd_MOOV": 74.86,
        "TS_MOOV": 100.0,
        "TeS_MTN": 0.0,
        "TedS_MTN": 96.0,
        "TR3_MTN": 0.0,
        "TeRd_MTN": 96.57,
        "TS_MTN": 100.0,
        "TeS_ORANGE": 0.0,
        "TedS_ORANGE": 99.42999999999999,
        "TR3_ORANGE": 1.1400000000000001,
        "TeRd_ORANGE": 78.29,
        "TS_ORANGE": 100.0,
        "rang_TeS_ORANGE": 1,
        "rang_TeS_MTN": 1,
        "rang_TeS_MOOV": 1,
        "rang_TedS_ORANGE": 1,
        "rang_TedS_MTN": 2,
        "rang_TedS_MOOV": 3,
        "rang_TR3_ORANGE": 3,
        "rang_TR3_MTN": 1,
        "rang_TR3_MOOV": 1,
        "rang_TS_ORANGE": 1,
        "rang_TS_MTN": 1,
        "rang_TS_MOOV": 1,
        "rang_TeRd_ORANGE": 2,
        "rang_TeRd_MTN": 1,
        "rang_TeRd_MOOV": 3
      },
      "id": 123
    },
    {
      "type": "Feature",
      "geometry": {
        "coordinates": [
          -4.58207,
          5.66065
        ],
        "type": "Point"
      },
      "properties": {
        "ADM0_FR": "LAGUNES",
        "ADM0_PCODE": "CI08",
        "ADM1_FR": "AGNEBY-TIASSA",
        "ADM1_PCODE": "CI103",
        "ADM2_FR": "SIKENSI",
        "ADM2_PCODE": "CI0302",
        "ADM3_FR": "SIKENSI",
        "ADM3_PCODE": "CI030201",
        "ADM4_FR": "SIKENSI",
        "ADM4_PCODE": "C7019",
        "centerLat": 5.67065,
        "centerLng": -4.57207,
        "pop": 7308,
        "TeS_MOOV": 0.0,
        "TedS_MOOV": 94.44,
        "TR3_MOOV": 0.0,
        "TeRd_MOOV": 43.830000000000005,
        "TS_MOOV": 100.0,
        "TeS_MTN": 0.62,
        "TedS_MTN": 97.52,
        "TR3_MTN": 0.0,
        "TeRd_MTN": 99.38,
        "TS_MTN": 100.0,
        "TeS_ORANGE": 0.0,
        "TedS_ORANGE": 100.0,
        "TR3_ORANGE": 2.4699999999999998,
        "TeRd_ORANGE": 17.9,
        "TS_ORANGE": 100.0,
        "rang_TeS_ORANGE": 1,
        "rang_TeS_MTN": 3,
        "rang_TeS_MOOV": 1,
        "rang_TedS_ORANGE": 1,
        "rang_TedS_MTN": 2,
        "rang_TedS_MOOV": 3,
        "rang_TR3_ORANGE": 3,
        "rang_TR3_MTN": 1,
        "rang_TR3_MOOV": 1,
        "rang_TS_ORANGE": 1,
        "rang_TS_MTN": 1,
        "rang_TS_MOOV": 1,
        "rang_TeRd_ORANGE": 3,
        "rang_TeRd_MTN": 1,
        "rang_TeRd_MOOV": 2
      },
      "id": 124
    },
    {
      "type": "Feature",
      "geometry": {
        "coordinates": [
          -5.395589999999999,
          9.57325
        ],
        "type": "Point"
      },
      "properties": {
        "ADM0_FR": "SAVANES",
        "ADM0_PCODE": "CI11",
        "ADM1_FR": "PORO",
        "ADM1_PCODE": "CI128",
        "ADM2_FR": "SINEMATIALI",
        "ADM2_PCODE": "CI2804",
        "ADM3_FR": "SINEMATIALI",
        "ADM3_PCODE": "CI280401",
        "ADM4_FR": "SINEMATIALI",
        "ADM4_PCODE": "C7043",
        "centerLat": 9.58325,
        "centerLng": -5.38559,
        "pop": 10167,
        "TeS_MOOV": 0.59,
        "TedS_MOOV": 94.08,
        "TR3_MOOV": 0.0,
        "TeRd_MOOV": 42.01,
        "TS_MOOV": 100.0,
        "TeS_MTN": 0.0,
        "TedS_MTN": 96.47,
        "TR3_MTN": 0.0,
        "TeRd_MTN": 98.24000000000001,
        "TS_MTN": 100.0,
        "TeS_ORANGE": 0.0,
        "TedS_ORANGE": 100.0,
        "TR3_ORANGE": 4.71,
        "TeRd_ORANGE": 91.75999999999999,
        "TS_ORANGE": 100.0,
        "rang_TeS_ORANGE": 1,
        "rang_TeS_MTN": 1,
        "rang_TeS_MOOV": 3,
        "rang_TedS_ORANGE": 1,
        "rang_TedS_MTN": 2,
        "rang_TedS_MOOV": 3,
        "rang_TR3_ORANGE": 3,
        "rang_TR3_MTN": 1,
        "rang_TR3_MOOV": 1,
        "rang_TS_ORANGE": 1,
        "rang_TS_MTN": 1,
        "rang_TS_MOOV": 1,
        "rang_TeRd_ORANGE": 2,
        "rang_TeRd_MTN": 1,
        "rang_TeRd_MOOV": 3
      },
      "id": 125
    },
    {
      "type": "Feature",
      "geometry": {
        "coordinates": [
          -5.92517,
          6.61035
        ],
        "type": "Point"
      },
      "properties": {
        "ADM0_FR": "SASSANDRA-MARAHOUE",
        "ADM0_PCODE": "CI10",
        "ADM1_FR": "MARAHOUE",
        "ADM1_PCODE": "CI123",
        "ADM2_FR": "SINFRA",
        "ADM2_PCODE": "CI2302",
        "ADM3_FR": "SINFRA",
        "ADM3_PCODE": "CI230201",
        "ADM4_FR": "SINFRA",
        "ADM4_PCODE": "C7045",
        "centerLat": 6.62035,
        "centerLng": -5.91517,
        "pop": 80658,
        "TeS_MOOV": 0.0,
        "TedS_MOOV": 99.33,
        "TR3_MOOV": 0.0,
        "TeRd_MOOV": 72.48,
        "TS_MOOV": 100.0,
        "TeS_MTN": 0.0,
        "TedS_MTN": 98.64,
        "TR3_MTN": 0.0,
        "TeRd_MTN": 99.32,
        "TS_MTN": 100.0,
        "TeS_ORANGE": 0.0,
        "TedS_ORANGE": 98.65,
        "TR3_ORANGE": 3.38,
        "TeRd_ORANGE": 0.0,
        "TS_ORANGE": 98.65,
        "rang_TeS_ORANGE": 1,
        "rang_TeS_MTN": 1,
        "rang_TeS_MOOV": 1,
        "rang_TedS_ORANGE": 2,
        "rang_TedS_MTN": 3,
        "rang_TedS_MOOV": 1,
        "rang_TR3_ORANGE": 3,
        "rang_TR3_MTN": 1,
        "rang_TR3_MOOV": 1,
        "rang_TS_ORANGE": 3,
        "rang_TS_MTN": 1,
        "rang_TS_MOOV": 1,
        "rang_TeRd_ORANGE": 3,
        "rang_TeRd_MTN": 1,
        "rang_TeRd_MOOV": 2
      },
      "id": 126
    },
    {
      "type": "Feature",
      "geometry": {
        "coordinates": [
          -4.92951,
          6.08382
        ],
        "type": "Point"
      },
      "properties": {
        "ADM0_FR": "LAGUNES",
        "ADM0_PCODE": "CI08",
        "ADM1_FR": "AGNEBY-TIASSA",
        "ADM1_PCODE": "CI103",
        "ADM2_FR": "TAABO",
        "ADM2_PCODE": "CI0303",
        "ADM3_FR": "PACCOBO",
        "ADM3_PCODE": "CI030302",
        "ADM4_FR": "SINGROBO",
        "ADM4_PCODE": "C7054",
        "centerLat": 6.09382,
        "centerLng": -4.91951,
        "pop": 2799,
        "TeS_MOOV": 0.0,
        "TedS_MOOV": 99.05000000000001,
        "TR3_MOOV": 0.0,
        "TeRd_MOOV": 97.14,
        "TS_MOOV": 100.0,
        "TeS_MTN": 0.0,
        "TedS_MTN": 45.71,
        "TR3_MTN": 0.0,
        "TeRd_MTN": 100.0,
        "TS_MTN": 100.0,
        "TeS_ORANGE": 0.0,
        "TedS_ORANGE": 100.0,
        "TR3_ORANGE": 0.0,
        "TeRd_ORANGE": 82.86,
        "TS_ORANGE": 100.0,
        "rang_TeS_ORANGE": 1,
        "rang_TeS_MTN": 1,
        "rang_TeS_MOOV": 1,
        "rang_TedS_ORANGE": 1,
        "rang_TedS_MTN": 3,
        "rang_TedS_MOOV": 2,
        "rang_TR3_ORANGE": 1,
        "rang_TR3_MTN": 1,
        "rang_TR3_MOOV": 1,
        "rang_TS_ORANGE": 1,
        "rang_TS_MTN": 1,
        "rang_TS_MOOV": 1,
        "rang_TeRd_ORANGE": 3,
        "rang_TeRd_MTN": 1,
        "rang_TeRd_MOOV": 2
      },
      "id": 127
    },
    {
      "type": "Feature",
      "geometry": {
        "coordinates": [
          -6.6,
          5.7700000000000005
        ],
        "type": "Point"
      },
      "properties": {
        "ADM0_FR": "COMOE",
        "ADM0_PCODE": "CI02",
        "ADM1_FR": "SUD-COMOE",
        "ADM1_PCODE": "CI130",
        "ADM2_FR": "ABOISSO",
        "ADM2_PCODE": "CI3001",
        "ADM3_FR": "BIANOUAN",
        "ADM3_PCODE": "CI300105",
        "ADM4_FR": "SOUBRÉ",
        "ADM4_PCODE": "C7241",
        "centerLat": 5.78,
        "centerLng": -6.59,
        "pop": 1421,
        "TeS_MOOV": 0.0,
        "TedS_MOOV": 98.54,
        "TR3_MOOV": 0.0,
        "TeRd_MOOV": 96.1,
        "TS_MOOV": 100.0,
        "TeS_MTN": 0.0,
        "TedS_MTN": 96.1,
        "TR3_MTN": 0.0,
        "TeRd_MTN": 95.61,
        "TS_MTN": 100.0,
        "TeS_ORANGE": 0.0,
        "TedS_ORANGE": 97.56,
        "TR3_ORANGE": 0.0,
        "TeRd_ORANGE": 40.98,
        "TS_ORANGE": 100.0,
        "rang_TeS_ORANGE": 1,
        "rang_TeS_MTN": 1,
        "rang_TeS_MOOV": 1,
        "rang_TedS_ORANGE": 2,
        "rang_TedS_MTN": 3,
        "rang_TedS_MOOV": 1,
        "rang_TR3_ORANGE": 1,
        "rang_TR3_MTN": 1,
        "rang_TR3_MOOV": 1,
        "rang_TS_ORANGE": 1,
        "rang_TS_MTN": 1,
        "rang_TS_MOOV": 1,
        "rang_TeRd_ORANGE": 3,
        "rang_TeRd_MTN": 2,
        "rang_TeRd_MOOV": 1
      },
      "id": 128
    },
    {
      "type": "Feature",
      "geometry": {
        "coordinates": [
          -3.0809699999999998,
          7.98062
        ],
        "type": "Point"
      },
      "properties": {
        "ADM0_FR": "ZANZAN",
        "ADM0_PCODE": "CI14",
        "ADM1_FR": "GONTOUGO",
        "ADM1_PCODE": "CI114",
        "ADM2_FR": "BONDOUKOU",
        "ADM2_PCODE": "CI1401",
        "ADM3_FR": "TABAGNE",
        "ADM3_PCODE": "CI140109",
        "ADM4_FR": "TABAGNE",
        "ADM4_PCODE": "C7298",
        "centerLat": 7.99062,
        "centerLng": -3.07097,
        "pop": 4950,
        "TeS_MOOV": 0.0,
        "TedS_MOOV": 45.0,
        "TR3_MOOV": 0.0,
        "TeRd_MOOV": 46.67,
        "TS_MOOV": 100.0,
        "TeS_MTN": 0.0,
        "TedS_MTN": 94.17,
        "TR3_MTN": 0.0,
        "TeRd_MTN": 100.0,
        "TS_MTN": 100.0,
        "TeS_ORANGE": 0.0,
        "TedS_ORANGE": 98.32,
        "TR3_ORANGE": 4.2,
        "TeRd_ORANGE": 78.14999999999999,
        "TS_ORANGE": 99.16,
        "rang_TeS_ORANGE": 1,
        "rang_TeS_MTN": 1,
        "rang_TeS_MOOV": 1,
        "rang_TedS_ORANGE": 1,
        "rang_TedS_MTN": 2,
        "rang_TedS_MOOV": 3,
        "rang_TR3_ORANGE": 3,
        "rang_TR3_MTN": 1,
        "rang_TR3_MOOV": 1,
        "rang_TS_ORANGE": 3,
        "rang_TS_MTN": 1,
        "rang_TS_MOOV": 1,
        "rang_TeRd_ORANGE": 2,
        "rang_TeRd_MTN": 1,
        "rang_TeRd_MOOV": 3
      },
      "id": 129
    },
    {
      "type": "Feature",
      "geometry": {
        "coordinates": [
          -7.36615,
          4.404520000000001
        ],
        "type": "Point"
      },
      "properties": {
        "ADM0_FR": "BAS-SASSANDRA",
        "ADM0_PCODE": "CI01",
        "ADM1_FR": "SAN-PEDRO",
        "ADM1_PCODE": "CI129",
        "ADM2_FR": "TABOU",
        "ADM2_PCODE": "CI2902",
        "ADM3_FR": "TABOU",
        "ADM3_PCODE": "CI290201",
        "ADM4_FR": "TABOU",
        "ADM4_PCODE": "C7308",
        "centerLat": 4.41452,
        "centerLng": -7.35615,
        "pop": 22733,
        "TeS_MOOV": 0.0,
        "TedS_MOOV": 97.33000000000001,
        "TR3_MOOV": 0.0,
        "TeRd_MOOV": 48.0,
        "TS_MOOV": 100.0,
        "TeS_MTN": 0.0,
        "TedS_MTN": 95.74000000000001,
        "TR3_MTN": 0.0,
        "TeRd_MTN": 97.87,
        "TS_MTN": 100.0,
        "TeS_ORANGE": 0.0,
        "TedS_ORANGE": 91.5,
        "TR3_ORANGE": 2.6100000000000003,
        "TeRd_ORANGE": 36.6,
        "TS_ORANGE": 90.85,
        "rang_TeS_ORANGE": 1,
        "rang_TeS_MTN": 1,
        "rang_TeS_MOOV": 1,
        "rang_TedS_ORANGE": 3,
        "rang_TedS_MTN": 2,
        "rang_TedS_MOOV": 1,
        "rang_TR3_ORANGE": 3,
        "rang_TR3_MTN": 1,
        "rang_TR3_MOOV": 1,
        "rang_TS_ORANGE": 3,
        "rang_TS_MTN": 1,
        "rang_TS_MOOV": 1,
        "rang_TeRd_ORANGE": 3,
        "rang_TeRd_MTN": 1,
        "rang_TeRd_MOOV": 2
      },
      "id": 130
    },
    {
      "type": "Feature",
      "geometry": {
        "coordinates": [
          -5.17212,
          9.060220000000001
        ],
        "type": "Point"
      },
      "properties": {
        "ADM0_FR": "VALLEE DU BANDAMA",
        "ADM0_PCODE": "CI12",
        "ADM1_FR": "HAMBOL",
        "ADM1_PCODE": "CI117",
        "ADM2_FR": "NIAKARAMADOUGOU",
        "ADM2_PCODE": "CI1703",
        "ADM3_FR": "TAFIRE",
        "ADM3_PCODE": "CI170305",
        "ADM4_FR": "TAFIRE",
        "ADM4_PCODE": "C7314",
        "centerLat": 9.07022,
        "centerLng": -5.16212,
        "pop": 17191,
        "TeS_MOOV": 0.0,
        "TedS_MOOV": 56.730000000000004,
        "TR3_MOOV": 0.0,
        "TeRd_MOOV": 35.67,
        "TS_MOOV": 100.0,
        "TeS_MTN": 0.0,
        "TedS_MTN": 97.65,
        "TR3_MTN": 0.0,
        "TeRd_MTN": 97.65,
        "TS_MTN": 100.0,
        "TeS_ORANGE": 0.0,
        "TedS_ORANGE": 98.82,
        "TR3_ORANGE": 0.0,
        "TeRd_ORANGE": 75.29,
        "TS_ORANGE": 100.0,
        "rang_TeS_ORANGE": 1,
        "rang_TeS_MTN": 1,
        "rang_TeS_MOOV": 1,
        "rang_TedS_ORANGE": 1,
        "rang_TedS_MTN": 2,
        "rang_TedS_MOOV": 3,
        "rang_TR3_ORANGE": 1,
        "rang_TR3_MTN": 1,
        "rang_TR3_MOOV": 1,
        "rang_TS_ORANGE": 1,
        "rang_TS_MTN": 1,
        "rang_TS_MOOV": 1,
        "rang_TeRd_ORANGE": 2,
        "rang_TeRd_MTN": 1,
        "rang_TeRd_MOOV": 3
      },
      "id": 131
    },
    {
      "type": "Feature",
      "geometry": {
        "coordinates": [
          -7.46579,
          5.86385
        ],
        "type": "Point"
      },
      "properties": {
        "ADM0_FR": "MONTAGNES",
        "ADM0_PCODE": "CI09",
        "ADM1_FR": "CAVALLY",
        "ADM1_PCODE": "CI109",
        "ADM2_FR": "TAÏ",
        "ADM2_PCODE": "CI0903",
        "ADM3_FR": "TAÏ",
        "ADM3_PCODE": "CI090301",
        "ADM4_FR": "TAI",
        "ADM4_PCODE": "C7345",
        "centerLat": 5.87385,
        "centerLng": -7.45579,
        "pop": 5917,
        "TeS_MOOV": 0.0,
        "TedS_MOOV": 76.86,
        "TR3_MOOV": 0.0,
        "TeRd_MOOV": 49.59,
        "TS_MOOV": 100.0,
        "TeS_MTN": 0.0,
        "TedS_MTN": 98.35000000000001,
        "TR3_MTN": 0.0,
        "TeRd_MTN": 99.17,
        "TS_MTN": 100.0,
        "TeS_ORANGE": 0.0,
        "TedS_ORANGE": 97.54,
        "TR3_ORANGE": 0.0,
        "TeRd_ORANGE": 27.87,
        "TS_ORANGE": 99.18,
        "rang_TeS_ORANGE": 1,
        "rang_TeS_MTN": 1,
        "rang_TeS_MOOV": 1,
        "rang_TedS_ORANGE": 2,
        "rang_TedS_MTN": 1,
        "rang_TedS_MOOV": 3,
        "rang_TR3_ORANGE": 1,
        "rang_TR3_MTN": 1,
        "rang_TR3_MOOV": 1,
        "rang_TS_ORANGE": 3,
        "rang_TS_MTN": 1,
        "rang_TS_MOOV": 1,
        "rang_TeRd_ORANGE": 3,
        "rang_TeRd_MTN": 1,
        "rang_TeRd_MOOV": 2
      },
      "id": 132
    },
    {
      "type": "Feature",
      "geometry": {
        "coordinates": [
          -3.1778899999999997,
          7.79253
        ],
        "type": "Point"
      },
      "properties": {
        "ADM0_FR": "ZANZAN",
        "ADM0_PCODE": "CI14",
        "ADM1_FR": "GONTOUGO",
        "ADM1_PCODE": "CI114",
        "ADM2_FR": "TANDA",
        "ADM2_PCODE": "CI1404",
        "ADM3_FR": "TANDA",
        "ADM3_PCODE": "CI140401",
        "ADM4_FR": "TANDA",
        "ADM4_PCODE": "C7386",
        "centerLat": 7.80253,
        "centerLng": -3.16789,
        "pop": 27659,
        "TeS_MOOV": 1.94,
        "TedS_MOOV": 4.37,
        "TR3_MOOV": 0.97,
        "TeRd_MOOV": 16.5,
        "TS_MOOV": 90.29,
        "TeS_MTN": 0.0,
        "TedS_MTN": 99.46000000000001,
        "TR3_MTN": 0.0,
        "TeRd_MTN": 96.77,
        "TS_MTN": 100.0,
        "TeS_ORANGE": 0.0,
        "TedS_ORANGE": 97.95,
        "TR3_ORANGE": 4.1000000000000005,
        "TeRd_ORANGE": 76.92,
        "TS_ORANGE": 100.0,
        "rang_TeS_ORANGE": 1,
        "rang_TeS_MTN": 1,
        "rang_TeS_MOOV": 3,
        "rang_TedS_ORANGE": 2,
        "rang_TedS_MTN": 1,
        "rang_TedS_MOOV": 3,
        "rang_TR3_ORANGE": 3,
        "rang_TR3_MTN": 1,
        "rang_TR3_MOOV": 2,
        "rang_TS_ORANGE": 1,
        "rang_TS_MTN": 1,
        "rang_TS_MOOV": 3,
        "rang_TeRd_ORANGE": 2,
        "rang_TeRd_MTN": 1,
        "rang_TeRd_MOOV": 3
      },
      "id": 133
    },
    {
      "type": "Feature",
      "geometry": {
        "coordinates": [
          -4.83379,
          5.88299
        ],
        "type": "Point"
      },
      "properties": {
        "ADM0_FR": "LAGUNES",
        "ADM0_PCODE": "CI08",
        "ADM1_FR": "AGNEBY-TIASSA",
        "ADM1_PCODE": "CI103",
        "ADM2_FR": "TIASSALE",
        "ADM2_PCODE": "CI0304",
        "ADM3_FR": "TIASSALE",
        "ADM3_PCODE": "CI030401",
        "ADM4_FR": "TIASSALÉ",
        "ADM4_PCODE": "C7555",
        "centerLat": 5.89299,
        "centerLng": -4.82379,
        "pop": 20057,
        "TeS_MOOV": 0.72,
        "TedS_MOOV": 84.78,
        "TR3_MOOV": 0.0,
        "TeRd_MOOV": 98.55000000000001,
        "TS_MOOV": 100.0,
        "TeS_MTN": 0.0,
        "TedS_MTN": 97.86,
        "TR3_MTN": 0.0,
        "TeRd_MTN": 10.0,
        "TS_MTN": 100.0,
        "TeS_ORANGE": 0.0,
        "TedS_ORANGE": 98.55000000000001,
        "TR3_ORANGE": 1.4500000000000002,
        "TeRd_ORANGE": 84.78,
        "TS_ORANGE": 100.0,
        "rang_TeS_ORANGE": 1,
        "rang_TeS_MTN": 1,
        "rang_TeS_MOOV": 3,
        "rang_TedS_ORANGE": 1,
        "rang_TedS_MTN": 2,
        "rang_TedS_MOOV": 3,
        "rang_TR3_ORANGE": 3,
        "rang_TR3_MTN": 1,
        "rang_TR3_MOOV": 1,
        "rang_TS_ORANGE": 1,
        "rang_TS_MTN": 1,
        "rang_TS_MOOV": 1,
        "rang_TeRd_ORANGE": 2,
        "rang_TeRd_MTN": 3,
        "rang_TeRd_MOOV": 1
      },
      "id": 134
    },
    {
      "type": "Feature",
      "geometry": {
        "coordinates": [
          -4.67225,
          7.70436
        ],
        "type": "Point"
      },
      "properties": {
        "ADM0_FR": "LACS",
        "ADM0_PCODE": "CI07",
        "ADM1_FR": "BELIER",
        "ADM1_PCODE": "CI106",
        "ADM2_FR": "TIEBISSOU",
        "ADM2_PCODE": "CI0603",
        "ADM3_FR": "TIEBISSOU",
        "ADM3_PCODE": "CI060301",
        "ADM4_FR": "TIÉBISSOU",
        "ADM4_PCODE": "C7574",
        "centerLat": 7.71436,
        "centerLng": -4.66225,
        "pop": 18832,
        "TeS_MOOV": 0.0,
        "TedS_MOOV": 80.92,
        "TR3_MOOV": 0.0,
        "TeRd_MOOV": 100.0,
        "TS_MOOV": 100.0,
        "TeS_MTN": 0.0,
        "TedS_MTN": 95.49,
        "TR3_MTN": 0.0,
        "TeRd_MTN": 99.25,
        "TS_MTN": 100.0,
        "TeS_ORANGE": 0.0,
        "TedS_ORANGE": 98.03,
        "TR3_ORANGE": 1.97,
        "TeRd_ORANGE": 67.11,
        "TS_ORANGE": 100.0,
        "rang_TeS_ORANGE": 1,
        "rang_TeS_MTN": 1,
        "rang_TeS_MOOV": 1,
        "rang_TedS_ORANGE": 1,
        "rang_TedS_MTN": 2,
        "rang_TedS_MOOV": 3,
        "rang_TR3_ORANGE": 3,
        "rang_TR3_MTN": 1,
        "rang_TR3_MOOV": 1,
        "rang_TS_ORANGE": 1,
        "rang_TS_MTN": 1,
        "rang_TS_MOOV": 1,
        "rang_TeRd_ORANGE": 3,
        "rang_TeRd_MTN": 2,
        "rang_TeRd_MOOV": 1
      },
      "id": 135
    },
    {
      "type": "Feature",
      "geometry": {
        "coordinates": [
          -7.32834,
          9.53501
        ],
        "type": "Point"
      },
      "properties": {
        "ADM0_FR": "DENGUELE",
        "ADM0_PCODE": "CI03",
        "ADM1_FR": "KABADOUGOU",
        "ADM1_PCODE": "CI121",
        "ADM2_FR": "ODIENNE",
        "ADM2_PCODE": "CI2103",
        "ADM3_FR": "TIEME",
        "ADM3_PCODE": "CI210305",
        "ADM4_FR": "TIEME",
        "ADM4_PCODE": "C7613",
        "centerLat": 9.54501,
        "centerLng": -7.31834,
        "pop": 6267,
        "TeS_MOOV": 0.0,
        "TedS_MOOV": 62.61,
        "TR3_MOOV": 0.0,
        "TeRd_MOOV": 66.09,
        "TS_MOOV": 100.0,
        "TeS_MTN": 0.0,
        "TedS_MTN": 97.41,
        "TR3_MTN": 0.0,
        "TeRd_MTN": 97.41,
        "TS_MTN": 100.0,
        "TeS_ORANGE": 0.0,
        "TedS_ORANGE": 98.26,
        "TR3_ORANGE": 0.0,
        "TeRd_ORANGE": 96.52,
        "TS_ORANGE": 100.0,
        "rang_TeS_ORANGE": 1,
        "rang_TeS_MTN": 1,
        "rang_TeS_MOOV": 1,
        "rang_TedS_ORANGE": 1,
        "rang_TedS_MTN": 2,
        "rang_TedS_MOOV": 3,
        "rang_TR3_ORANGE": 1,
        "rang_TR3_MTN": 1,
        "rang_TR3_MOOV": 1,
        "rang_TS_ORANGE": 1,
        "rang_TS_MTN": 1,
        "rang_TS_MOOV": 1,
        "rang_TeRd_ORANGE": 2,
        "rang_TeRd_MTN": 1,
        "rang_TeRd_MOOV": 3
      },
      "id": 136
    },
    {
      "type": "Feature",
      "geometry": {
        "coordinates": [
          -6.42061,
          10.479000000000001
        ],
        "type": "Point"
      },
      "properties": {
        "ADM0_FR": "SAVANES",
        "ADM0_PCODE": "CI11",
        "ADM1_FR": "BAGOUE",
        "ADM1_PCODE": "CI105",
        "ADM2_FR": "TENGRELA",
        "ADM2_PCODE": "CI0503",
        "ADM3_FR": "TENGRELA",
        "ADM3_PCODE": "CI050301",
        "ADM4_FR": "TENGRELA",
        "ADM4_PCODE": "C7513",
        "centerLat": 10.489,
        "centerLng": -6.41061,
        "pop": 40323,
        "TeS_MOOV": 0.5599999999999999,
        "TedS_MOOV": 64.2,
        "TR3_MOOV": 0.0,
        "TeRd_MOOV": 63.07000000000001,
        "TS_MOOV": 100.0,
        "TeS_MTN": 6.21,
        "TedS_MTN": 98.8,
        "TR3_MTN": 3.61,
        "TeRd_MTN": 95.17999999999999,
        "TS_MTN": 96.39,
        "TeS_ORANGE": 0.0,
        "TedS_ORANGE": 97.78,
        "TR3_ORANGE": 2.78,
        "TeRd_ORANGE": 93.33,
        "TS_ORANGE": 98.89,
        "rang_TeS_ORANGE": 1,
        "rang_TeS_MTN": 3,
        "rang_TeS_MOOV": 2,
        "rang_TedS_ORANGE": 2,
        "rang_TedS_MTN": 1,
        "rang_TedS_MOOV": 3,
        "rang_TR3_ORANGE": 2,
        "rang_TR3_MTN": 3,
        "rang_TR3_MOOV": 1,
        "rang_TS_ORANGE": 2,
        "rang_TS_MTN": 3,
        "rang_TS_MOOV": 1,
        "rang_TeRd_ORANGE": 2,
        "rang_TeRd_MTN": 1,
        "rang_TeRd_MOOV": 3
      },
      "id": 137
    },
    {
      "type": "Feature",
      "geometry": {
        "coordinates": [
          -5.6542699999999995,
          6.34398
        ],
        "type": "Point"
      },
      "properties": {
        "ADM0_FR": "GOH-DJIBOUA",
        "ADM0_PCODE": "CI06",
        "ADM1_FR": "GOH",
        "ADM1_PCODE": "CI113",
        "ADM2_FR": "OUME",
        "ADM2_PCODE": "CI1302",
        "ADM3_FR": "TONLA",
        "ADM3_PCODE": "CI130204",
        "ADM4_FR": "TONLA",
        "ADM4_PCODE": "C7785",
        "centerLat": 6.35398,
        "centerLng": -5.64427,
        "pop": 7300,
        "TeS_MOOV": 0.95,
        "TedS_MOOV": 0.0,
        "TR3_MOOV": 0.0,
        "TeRd_MOOV": 23.080000000000002,
        "TS_MOOV": 100.0,
        "TeS_MTN": 0.0,
        "TedS_MTN": 17.14,
        "TR3_MTN": 0.0,
        "TeRd_MTN": 84.76,
        "TS_MTN": 100.0,
        "TeS_ORANGE": 0.0,
        "TedS_ORANGE": 98.17,
        "TR3_ORANGE": 2.75,
        "TeRd_ORANGE": 76.14999999999999,
        "TS_ORANGE": 100.0,
        "rang_TeS_ORANGE": 1,
        "rang_TeS_MTN": 1,
        "rang_TeS_MOOV": 3,
        "rang_TedS_ORANGE": 1,
        "rang_TedS_MTN": 2,
        "rang_TedS_MOOV": 3,
        "rang_TR3_ORANGE": 3,
        "rang_TR3_MTN": 1,
        "rang_TR3_MOOV": 1,
        "rang_TS_ORANGE": 1,
        "rang_TS_MTN": 1,
        "rang_TS_MOOV": 1,
        "rang_TeRd_ORANGE": 2,
        "rang_TeRd_MTN": 1,
        "rang_TeRd_MOOV": 3
      },
      "id": 138
    },
    {
      "type": "Feature",
      "geometry": {
        "coordinates": [
          -7.69063,
          8.27504
        ],
        "type": "Point"
      },
      "properties": {
        "ADM0_FR": "WOROBA",
        "ADM0_PCODE": "CI13",
        "ADM1_FR": "BAFING",
        "ADM1_PCODE": "CI104",
        "ADM2_FR": "TOUBA",
        "ADM2_PCODE": "CI0403",
        "ADM3_FR": "TOUBA",
        "ADM3_PCODE": "CI040301",
        "ADM4_FR": "TOUBA",
        "ADM4_PCODE": "C7832",
        "centerLat": 8.28504,
        "centerLng": -7.68063,
        "pop": 22361,
        "TeS_MOOV": 0.0,
        "TedS_MOOV": 85.98,
        "TR3_MOOV": 0.0,
        "TeRd_MOOV": 80.81,
        "TS_MOOV": 100.0,
        "TeS_MTN": 0.0,
        "TedS_MTN": 98.15,
        "TR3_MTN": 0.0,
        "TeRd_MTN": 97.42,
        "TS_MTN": 100.0,
        "TeS_ORANGE": 0.0,
        "TedS_ORANGE": 99.26,
        "TR3_ORANGE": 1.48,
        "TeRd_ORANGE": 86.67,
        "TS_ORANGE": 100.0,
        "rang_TeS_ORANGE": 1,
        "rang_TeS_MTN": 1,
        "rang_TeS_MOOV": 1,
        "rang_TedS_ORANGE": 1,
        "rang_TedS_MTN": 2,
        "rang_TedS_MOOV": 3,
        "rang_TR3_ORANGE": 3,
        "rang_TR3_MTN": 1,
        "rang_TR3_MOOV": 1,
        "rang_TS_ORANGE": 1,
        "rang_TS_MTN": 1,
        "rang_TS_MOOV": 1,
        "rang_TeRd_ORANGE": 2,
        "rang_TeRd_MTN": 1,
        "rang_TeRd_MOOV": 3
      },
      "id": 139
    },
    {
      "type": "Feature",
      "geometry": {
        "coordinates": [
          -8.42519,
          6.572
        ],
        "type": "Point"
      },
      "properties": {
        "ADM0_FR": "MONTAGNES",
        "ADM0_PCODE": "CI09",
        "ADM1_FR": "CAVALLY",
        "ADM1_PCODE": "CI109",
        "ADM2_FR": "TOULEPLEU",
        "ADM2_PCODE": "CI0904",
        "ADM3_FR": "TOULEPLEU",
        "ADM3_PCODE": "CI090401",
        "ADM4_FR": "TOULEPLEU",
        "ADM4_PCODE": "C7852",
        "centerLat": 6.582,
        "centerLng": -8.41519,
        "pop": 6784,
        "TeS_MOOV": 0.0,
        "TedS_MOOV": 100.0,
        "TR3_MOOV": 0.0,
        "TeRd_MOOV": 50.0,
        "TS_MOOV": 100.0,
        "TeS_MTN": 0.0,
        "TedS_MTN": 100.0,
        "TR3_MTN": 0.0,
        "TeRd_MTN": 100.0,
        "TS_MTN": 100.0,
        "TeS_ORANGE": 0.0,
        "TedS_ORANGE": 96.05,
        "TR3_ORANGE": 3.29,
        "TeRd_ORANGE": 0.0,
        "TS_ORANGE": 96.05,
        "rang_TeS_ORANGE": 1,
        "rang_TeS_MTN": 1,
        "rang_TeS_MOOV": 1,
        "rang_TedS_ORANGE": 3,
        "rang_TedS_MTN": 1,
        "rang_TedS_MOOV": 1,
        "rang_TR3_ORANGE": 3,
        "rang_TR3_MTN": 1,
        "rang_TR3_MOOV": 1,
        "rang_TS_ORANGE": 3,
        "rang_TS_MTN": 1,
        "rang_TS_MOOV": 1,
        "rang_TeRd_ORANGE": 3,
        "rang_TeRd_MTN": 1,
        "rang_TeRd_MOOV": 2
      },
      "id": 140
    },
    {
      "type": "Feature",
      "geometry": {
        "coordinates": [
          -5.0281899999999995,
          6.5502400000000005
        ],
        "type": "Point"
      },
      "properties": {
        "ADM0_FR": "LACS",
        "ADM0_PCODE": "CI07",
        "ADM1_FR": "BELIER",
        "ADM1_PCODE": "CI106",
        "ADM2_FR": "TOUMODI",
        "ADM2_PCODE": "CI0604",
        "ADM3_FR": "TOUMODI",
        "ADM3_PCODE": "CI060401",
        "ADM4_FR": "TOUMODI",
        "ADM4_PCODE": "C7862",
        "centerLat": 6.56024,
        "centerLng": -5.01819,
        "pop": 43189,
        "TeS_MOOV": 1.08,
        "TedS_MOOV": 8.74,
        "TR3_MOOV": 0.0,
        "TeRd_MOOV": 89.62,
        "TS_MOOV": 100.0,
        "TeS_MTN": 0.0,
        "TedS_MTN": 98.39,
        "TR3_MTN": 0.0,
        "TeRd_MTN": 96.77,
        "TS_MTN": 100.0,
        "TeS_ORANGE": 0.0,
        "TedS_ORANGE": 98.38,
        "TR3_ORANGE": 1.08,
        "TeRd_ORANGE": 91.89,
        "TS_ORANGE": 100.0,
        "rang_TeS_ORANGE": 1,
        "rang_TeS_MTN": 1,
        "rang_TeS_MOOV": 3,
        "rang_TedS_ORANGE": 2,
        "rang_TedS_MTN": 1,
        "rang_TedS_MOOV": 3,
        "rang_TR3_ORANGE": 3,
        "rang_TR3_MTN": 1,
        "rang_TR3_MOOV": 1,
        "rang_TS_ORANGE": 1,
        "rang_TS_MTN": 1,
        "rang_TS_MOOV": 1,
        "rang_TeRd_ORANGE": 2,
        "rang_TeRd_MTN": 1,
        "rang_TeRd_MOOV": 3
      },
      "id": 141
    },
    {
      "type": "Feature",
      "geometry": {
        "coordinates": [
          -6.49051,
          7.3674800000000005
        ],
        "type": "Point"
      },
      "properties": {
        "ADM0_FR": "SASSANDRA-MARAHOUE",
        "ADM0_PCODE": "CI10",
        "ADM1_FR": "HAUT-SASSANDRA",
        "ADM1_PCODE": "CI118",
        "ADM2_FR": "VAVOUA",
        "ADM2_PCODE": "CI1803",
        "ADM3_FR": "VAVOUA",
        "ADM3_PCODE": "CI180301",
        "ADM4_FR": "VAVOUA",
        "ADM4_PCODE": "C7965",
        "centerLat": 7.37748,
        "centerLng": -6.48051,
        "pop": 67096,
        "TeS_MOOV": 0.0,
        "TedS_MOOV": 100.0,
        "TR3_MOOV": 1.96,
        "TeRd_MOOV": 66.67,
        "TS_MOOV": 98.04,
        "TeS_MTN": 0.0,
        "TedS_MTN": 97.86,
        "TR3_MTN": 2.67,
        "TeRd_MTN": 52.94,
        "TS_MTN": 97.33000000000001,
        "TeS_ORANGE": 0.0,
        "TedS_ORANGE": 100.0,
        "TR3_ORANGE": 3.1399999999999997,
        "TeRd_ORANGE": 79.22,
        "TS_ORANGE": 98.04,
        "rang_TeS_ORANGE": 1,
        "rang_TeS_MTN": 1,
        "rang_TeS_MOOV": 1,
        "rang_TedS_ORANGE": 1,
        "rang_TedS_MTN": 3,
        "rang_TedS_MOOV": 1,
        "rang_TR3_ORANGE": 3,
        "rang_TR3_MTN": 2,
        "rang_TR3_MOOV": 1,
        "rang_TS_ORANGE": 1,
        "rang_TS_MTN": 3,
        "rang_TS_MOOV": 1,
        "rang_TeRd_ORANGE": 1,
        "rang_TeRd_MTN": 3,
        "rang_TeRd_MOOV": 2
      },
      "id": 142
    },
    {
      "type": "Feature",
      "geometry": {
        "coordinates": [
          -3.96,
          5.8
        ],
        "type": "Point"
      },
      "properties": {
        "ADM0_FR": "LAGUNES",
        "ADM0_PCODE": "CI08",
        "ADM1_FR": "LA ME",
        "ADM1_PCODE": "CI124",
        "ADM2_FR": "ADZOPE",
        "ADM2_PCODE": "CI2401",
        "ADM3_FR": "YAKASSE-ME",
        "ADM3_PCODE": "CI240106",
        "ADM4_FR": "YAKASSE-ME",
        "ADM4_PCODE": "C8076",
        "centerLat": 5.81,
        "centerLng": -3.95,
        "pop": 9823,
        "TeS_MOOV": 0.0,
        "TedS_MOOV": 99.03999999999999,
        "TR3_MOOV": 0.0,
        "TeRd_MOOV": 41.349999999999994,
        "TS_MOOV": 100.0,
        "TeS_MTN": 0.0,
        "TedS_MTN": 99.06,
        "TR3_MTN": 0.0,
        "TeRd_MTN": 96.23,
        "TS_MTN": 100.0,
        "TeS_ORANGE": 0.0,
        "TedS_ORANGE": 98.1,
        "TR3_ORANGE": 2.86,
        "TeRd_ORANGE": 90.48,
        "TS_ORANGE": 86.67,
        "rang_TeS_ORANGE": 1,
        "rang_TeS_MTN": 1,
        "rang_TeS_MOOV": 1,
        "rang_TedS_ORANGE": 3,
        "rang_TedS_MTN": 1,
        "rang_TedS_MOOV": 2,
        "rang_TR3_ORANGE": 3,
        "rang_TR3_MTN": 1,
        "rang_TR3_MOOV": 1,
        "rang_TS_ORANGE": 3,
        "rang_TS_MTN": 1,
        "rang_TS_MOOV": 1,
        "rang_TeRd_ORANGE": 2,
        "rang_TeRd_MTN": 1,
        "rang_TeRd_MOOV": 3
      },
      "id": 143
    },
    {
      "type": "Feature",
      "geometry": {
        "coordinates": [
          -5.28786,
          6.808190000000001
        ],
        "type": "Point"
      },
      "properties": {
        "ADM0_FR": "DISTRICT AUTONOME DE YAMOUSSOUKRO",
        "ADM0_PCODE": "CI05",
        "ADM1_FR": "DISTRICT AUTONOME DE YAMOUSSOUKRO",
        "ADM1_PCODE": "CI102",
        "ADM2_FR": "YAMOUSSOUKRO",
        "ADM2_PCODE": "CI0202",
        "ADM3_FR": "YAMOUSSOUKRO",
        "ADM3_PCODE": "CI020201",
        "ADM4_FR": "YAMOUSSOUKRO",
        "ADM4_PCODE": "C8092",
        "centerLat": 6.81819,
        "centerLng": -5.27786,
        "pop": 212670,
        "TeS_MOOV": 0.0,
        "TedS_MOOV": 98.29,
        "TR3_MOOV": 0.0,
        "TeRd_MOOV": 72.57000000000001,
        "TS_MOOV": 100.0,
        "TeS_MTN": 0.0,
        "TedS_MTN": 96.57,
        "TR3_MTN": 0.0,
        "TeRd_MTN": 96.86,
        "TS_MTN": 100.0,
        "TeS_ORANGE": 0.0,
        "TedS_ORANGE": 100.0,
        "TR3_ORANGE": 4.0,
        "TeRd_ORANGE": 38.0,
        "TS_ORANGE": 100.0,
        "rang_TeS_ORANGE": 1,
        "rang_TeS_MTN": 1,
        "rang_TeS_MOOV": 1,
        "rang_TedS_ORANGE": 1,
        "rang_TedS_MTN": 3,
        "rang_TedS_MOOV": 2,
        "rang_TR3_ORANGE": 3,
        "rang_TR3_MTN": 1,
        "rang_TR3_MOOV": 1,
        "rang_TS_ORANGE": 1,
        "rang_TS_MTN": 1,
        "rang_TS_MOOV": 1,
        "rang_TeRd_ORANGE": 3,
        "rang_TeRd_MTN": 1,
        "rang_TeRd_MOOV": 2
      },
      "id": 144
    },
    {
      "type": "Feature",
      "geometry": {
        "coordinates": [
          -5.27,
          5.78
        ],
        "type": "Point"
      },
      "properties": {
        "ADM0_FR": "DISTRICT AUTONOME DE YAMOUSSOUKRO",
        "ADM0_PCODE": "CI05",
        "ADM1_FR": "DISTRICT AUTONOME DE YAMOUSSOUKRO",
        "ADM1_PCODE": "CI102",
        "ADM2_FR": "YAMOUSSOUKRO",
        "ADM2_PCODE": "CI0202",
        "ADM3_FR": "KOSSOU",
        "ADM3_PCODE": "CI020202",
        "ADM4_FR": "YOBOUÉKRO",
        "ADM4_PCODE": "C8202",
        "centerLat": 5.79,
        "centerLng": -5.26,
        "pop": 932,
        "TeS_MOOV": 0.0,
        "TedS_MOOV": 66.09,
        "TR3_MOOV": 0.0,
        "TeRd_MOOV": 45.22,
        "TS_MOOV": 100.0,
        "TeS_MTN": 0.8699999999999999,
        "TedS_MTN": 27.189999999999998,
        "TR3_MTN": 0.88,
        "TeRd_MTN": 91.23,
        "TS_MTN": 100.0,
        "TeS_ORANGE": 0.0,
        "TedS_ORANGE": 98.26,
        "TR3_ORANGE": 5.220000000000001,
        "TeRd_ORANGE": 63.480000000000004,
        "TS_ORANGE": 100.0,
        "rang_TeS_ORANGE": 1,
        "rang_TeS_MTN": 3,
        "rang_TeS_MOOV": 1,
        "rang_TedS_ORANGE": 1,
        "rang_TedS_MTN": 3,
        "rang_TedS_MOOV": 2,
        "rang_TR3_ORANGE": 3,
        "rang_TR3_MTN": 2,
        "rang_TR3_MOOV": 1,
        "rang_TS_ORANGE": 1,
        "rang_TS_MTN": 1,
        "rang_TS_MOOV": 1,
        "rang_TeRd_ORANGE": 2,
        "rang_TeRd_MTN": 1,
        "rang_TeRd_MOOV": 3
      },
      "id": 145
    },
    {
      "type": "Feature",
      "geometry": {
        "coordinates": [
          -5.42187,
          6.72205
        ],
        "type": "Point"
      },
      "properties": {
        "ADM0_FR": "DISTRICT AUTONOME DE YAMOUSSOUKRO",
        "ADM0_PCODE": "CI05",
        "ADM1_FR": "DISTRICT AUTONOME DE YAMOUSSOUKRO",
        "ADM1_PCODE": "CI102",
        "ADM2_FR": "YAMOUSSOUKRO",
        "ADM2_PCODE": "CI0202",
        "ADM3_FR": "YAMOUSSOUKRO",
        "ADM3_PCODE": "CI020201",
        "ADM4_FR": "ZAMBAKRO",
        "ADM4_PCODE": "C8294",
        "centerLat": 6.73205,
        "centerLng": -5.41187,
        "pop": 7947,
        "TeS_MOOV": 0.0,
        "TedS_MOOV": 87.18,
        "TR3_MOOV": 0.0,
        "TeRd_MOOV": 84.61999999999999,
        "TS_MOOV": 100.0,
        "TeS_MTN": 4.130000000000001,
        "TedS_MTN": 36.21,
        "TR3_MTN": 0.0,
        "TeRd_MTN": 92.24,
        "TS_MTN": 100.0,
        "TeS_ORANGE": 0.0,
        "TedS_ORANGE": 90.42999999999999,
        "TR3_ORANGE": 3.4799999999999995,
        "TeRd_ORANGE": 0.0,
        "TS_ORANGE": 100.0,
        "rang_TeS_ORANGE": 1,
        "rang_TeS_MTN": 3,
        "rang_TeS_MOOV": 1,
        "rang_TedS_ORANGE": 1,
        "rang_TedS_MTN": 3,
        "rang_TedS_MOOV": 2,
        "rang_TR3_ORANGE": 3,
        "rang_TR3_MTN": 1,
        "rang_TR3_MOOV": 1,
        "rang_TS_ORANGE": 1,
        "rang_TS_MTN": 1,
        "rang_TS_MOOV": 1,
        "rang_TeRd_ORANGE": 3,
        "rang_TeRd_MTN": 1,
        "rang_TeRd_MOOV": 2
      },
      "id": 146
    },
    {
      "type": "Feature",
      "geometry": {
        "coordinates": [
          -5.41398,
          6.86876
        ],
        "type": "Point"
      },
      "properties": {
        "ADM0_FR": "DISTRICT AUTONOME DE YAMOUSSOUKRO",
        "ADM0_PCODE": "CI05",
        "ADM1_FR": "DISTRICT AUTONOME DE YAMOUSSOUKRO",
        "ADM1_PCODE": "CI102",
        "ADM2_FR": "YAMOUSSOUKRO",
        "ADM2_PCODE": "CI0202",
        "ADM3_FR": "YAMOUSSOUKRO",
        "ADM3_PCODE": "CI020201",
        "ADM4_FR": "ZATTA",
        "ADM4_PCODE": "C8337",
        "centerLat": 6.87876,
        "centerLng": -5.40398,
        "pop": 8391,
        "TeS_MOOV": 0.0,
        "TedS_MOOV": 100.0,
        "TR3_MOOV": 0.0,
        "TeRd_MOOV": 70.3,
        "TS_MOOV": 100.0,
        "TeS_MTN": 1.01,
        "TedS_MTN": 35.709999999999994,
        "TR3_MTN": 0.0,
        "TeRd_MTN": 95.92,
        "TS_MTN": 100.0,
        "TeS_ORANGE": 0.0,
        "TedS_ORANGE": 100.0,
        "TR3_ORANGE": 1.0,
        "TeRd_ORANGE": 88.0,
        "TS_ORANGE": 100.0,
        "rang_TeS_ORANGE": 1,
        "rang_TeS_MTN": 3,
        "rang_TeS_MOOV": 1,
        "rang_TedS_ORANGE": 1,
        "rang_TedS_MTN": 3,
        "rang_TedS_MOOV": 1,
        "rang_TR3_ORANGE": 3,
        "rang_TR3_MTN": 1,
        "rang_TR3_MOOV": 1,
        "rang_TS_ORANGE": 1,
        "rang_TS_MTN": 1,
        "rang_TS_MOOV": 1,
        "rang_TeRd_ORANGE": 2,
        "rang_TeRd_MTN": 1,
        "rang_TeRd_MOOV": 3
      },
      "id": 147
    },
    {
      "type": "Feature",
      "geometry": {
        "coordinates": [
          -5.85068,
          6.44013
        ],
        "type": "Point"
      },
      "properties": {
        "ADM0_FR": "GOH-DJIBOUA",
        "ADM0_PCODE": "CI06",
        "ADM1_FR": "GOH",
        "ADM1_PCODE": "CI113",
        "ADM2_FR": "GAGNOA",
        "ADM2_PCODE": "CI1301",
        "ADM3_FR": "YOPOHUE",
        "ADM3_PCODE": "CI130112",
        "ADM4_FR": "ZIPLIGNAN",
        "ADM4_PCODE": "C8434",
        "centerLat": 6.45013,
        "centerLng": -5.84068,
        "pop": 6750,
        "TeS_MOOV": 0.0,
        "TedS_MOOV": 2.86,
        "TR3_MOOV": 0.0,
        "TeRd_MOOV": 63.81,
        "TS_MOOV": 100.0,
        "TeS_MTN": 0.96,
        "TedS_MTN": 89.32,
        "TR3_MTN": 0.0,
        "TeRd_MTN": 100.0,
        "TS_MTN": 100.0,
        "TeS_ORANGE": 0.0,
        "TedS_ORANGE": 24.560000000000002,
        "TR3_ORANGE": 5.26,
        "TeRd_ORANGE": 26.32,
        "TS_ORANGE": 59.650000000000006,
        "rang_TeS_ORANGE": 1,
        "rang_TeS_MTN": 3,
        "rang_TeS_MOOV": 1,
        "rang_TedS_ORANGE": 2,
        "rang_TedS_MTN": 1,
        "rang_TedS_MOOV": 3,
        "rang_TR3_ORANGE": 3,
        "rang_TR3_MTN": 1,
        "rang_TR3_MOOV": 1,
        "rang_TS_ORANGE": 3,
        "rang_TS_MTN": 1,
        "rang_TS_MOOV": 1,
        "rang_TeRd_ORANGE": 3,
        "rang_TeRd_MTN": 1,
        "rang_TeRd_MOOV": 2
      },
      "id": 148
    },
    {
      "type": "Feature",
      "geometry": {
        "coordinates": [
          -8.21892,
          6.909870000000001
        ],
        "type": "Point"
      },
      "properties": {
        "ADM0_FR": "MONTAGNES",
        "ADM0_PCODE": "CI09",
        "ADM1_FR": "TONKPI",
        "ADM1_PCODE": "CI132",
        "ADM2_FR": "ZOUAN-HOUNIEN",
        "ADM2_PCODE": "CI3205",
        "ADM3_FR": "ZOUAN-HOUNIEN",
        "ADM3_PCODE": "CI320501",
        "ADM4_FR": "ZOUAN-HOUNIEN",
        "ADM4_PCODE": "C8485",
        "centerLat": 6.91987,
        "centerLng": -8.20892,
        "pop": 22872,
        "TeS_MOOV": 0.0,
        "TedS_MOOV": 12.879999999999999,
        "TR3_MOOV": 0.0,
        "TeRd_MOOV": 53.37,
        "TS_MOOV": 100.0,
        "TeS_MTN": 0.0,
        "TedS_MTN": 99.38,
        "TR3_MTN": 0.0,
        "TeRd_MTN": 98.13,
        "TS_MTN": 100.0,
        "TeS_ORANGE": 0.0,
        "TedS_ORANGE": 98.11,
        "TR3_ORANGE": 0.63,
        "TeRd_ORANGE": 10.059999999999999,
        "TS_ORANGE": 98.11,
        "rang_TeS_ORANGE": 1,
        "rang_TeS_MTN": 1,
        "rang_TeS_MOOV": 1,
        "rang_TedS_ORANGE": 2,
        "rang_TedS_MTN": 1,
        "rang_TedS_MOOV": 3,
        "rang_TR3_ORANGE": 3,
        "rang_TR3_MTN": 1,
        "rang_TR3_MOOV": 1,
        "rang_TS_ORANGE": 3,
        "rang_TS_MTN": 1,
        "rang_TS_MOOV": 1,
        "rang_TeRd_ORANGE": 3,
        "rang_TeRd_MTN": 1,
        "rang_TeRd_MOOV": 2
      },
      "id": 149
    },
    {
      "type": "Feature",
      "geometry": {
        "coordinates": [
          -6.05748,
          7.4208300000000005
        ],
        "type": "Point"
      },
      "properties": {
        "ADM0_FR": "SASSANDRA-MARAHOUE",
        "ADM0_PCODE": "CI10",
        "ADM1_FR": "MARAHOUE",
        "ADM1_PCODE": "CI123",
        "ADM2_FR": "ZUENOULA",
        "ADM2_PCODE": "CI2303",
        "ADM3_FR": "ZUENOULA",
        "ADM3_PCODE": "CI230301",
        "ADM4_FR": "ZUÉNOULA",
        "ADM4_PCODE": "C8516",
        "centerLat": 7.43083,
        "centerLng": -6.04748,
        "pop": 34018,
        "TeS_MOOV": 0.0,
        "TedS_MOOV": 3.38,
        "TR3_MOOV": 0.0,
        "TeRd_MOOV": 93.24,
        "TS_MOOV": 100.0,
        "TeS_MTN": 0.0,
        "TedS_MTN": 97.97,
        "TR3_MTN": 0.0,
        "TeRd_MTN": 97.3,
        "TS_MTN": 100.0,
        "TeS_ORANGE": 0.0,
        "TedS_ORANGE": 99.32,
        "TR3_ORANGE": 2.7,
        "TeRd_ORANGE": 77.03,
        "TS_ORANGE": 99.32,
        "rang_TeS_ORANGE": 1,
        "rang_TeS_MTN": 1,
        "rang_TeS_MOOV": 1,
        "rang_TedS_ORANGE": 1,
        "rang_TedS_MTN": 2,
        "rang_TedS_MOOV": 3,
        "rang_TR3_ORANGE": 3,
        "rang_TR3_MTN": 1,
        "rang_TR3_MOOV": 1,
        "rang_TS_ORANGE": 3,
        "rang_TS_MTN": 1,
        "rang_TS_MOOV": 1,
        "rang_TeRd_ORANGE": 3,
        "rang_TeRd_MTN": 1,
        "rang_TeRd_MOOV": 2
      },
      "id": 150
    }
  ]
}