{
  "type": "FeatureCollection",
  "features": [
    {
      "type": "Feature",
      "geometry": {
        "coordinates": [
          -4.01585,
          5.44515
        ],
        "type": "Point"
      },
      "properties": {
        "ADM0_FR": "DISTRICT AUTONOME D'ABIDJAN",
        "ADM0_PCODE": "CI04",
        "ADM1_FR": "DISTRICT AUTONOME D'ABIDJAN",
        "ADM1_PCODE": "CI101",
        "ADM2_FR": "ABIDJAN",
        "ADM2_PCODE": "CI0101",
        "ADM3_FR": "ABIDJAN",
        "ADM3_PCODE": "CI010101",
        "ADM4_FR": "ABOBO",
        "ADM4_PCODE": "C0029",
        "centerLat": 5.43515,
        "centerLng": -4.01585,
        "pop": 1030658,
        "Te_MOOV": 3.7800000000000002,
        "Tbd_MOOV": 65.27,
        "Tc_MOOV": 0.8699999999999999,
        "Tq_MOOV": 0.44999999999999996,
        "Te_MTN": 2.54,
        "Tbd_MTN": 85.65,
        "Tc_MTN": 0.43,
        "Tq_MTN": 10.5,
        "Te_ORANGE": 4.58,
        "Tbd_ORANGE": 89.08,
        "Tc_ORANGE": 0.0,
        "Tq_ORANGE": 5.0200000000000005,
        "rang_Te_ORANGE": 3,
        "rang_Te_MTN": 1,
        "rang_Te_MOOV": 2,
        "rang_Tc_ORANGE": 1,
        "rang_Tc_MTN": 2,
        "rang_Tc_MOOV": 3,
        "rang_Tbd_ORANGE": 1,
        "rang_Tbd_MTN": 2,
        "rang_Tbd_MOOV": 3,
        "rang_Tq_ORANGE": 2,
        "rang_Tq_MTN": 3,
        "rang_Tq_MOOV": 1
      },
      "id": 1
    },
    {
      "type": "Feature",
      "geometry": {
        "coordinates": [
          -4.01988,
          5.38187
        ],
        "type": "Point"
      },
      "properties": {
        "ADM0_FR": "DISTRICT AUTONOME D'ABIDJAN",
        "ADM0_PCODE": "CI04",
        "ADM1_FR": "DISTRICT AUTONOME D'ABIDJAN",
        "ADM1_PCODE": "CI101",
        "ADM2_FR": "ABIDJAN",
        "ADM2_PCODE": "CI0101",
        "ADM3_FR": "ABIDJAN",
        "ADM3_PCODE": "CI010101",
        "ADM4_FR": "ADJAME",
        "ADM4_PCODE": "C0133",
        "centerLat": 5.37187,
        "centerLng": -4.01988,
        "pop": 372978,
        "Te_MOOV": 2.19,
        "Tbd_MOOV": 70.52000000000001,
        "Tc_MOOV": 0.0,
        "Tq_MOOV": 1.13,
        "Te_MTN": 1.4500000000000002,
        "Tbd_MTN": 91.14,
        "Tc_MTN": 0.37,
        "Tq_MTN": 8.61,
        "Te_ORANGE": 0.74,
        "Tbd_ORANGE": 77.99000000000001,
        "Tc_ORANGE": 0.0,
        "Tq_ORANGE": 5.6000000000000005,
        "rang_Te_ORANGE": 1,
        "rang_Te_MTN": 2,
        "rang_Te_MOOV": 3,
        "rang_Tc_ORANGE": 1,
        "rang_Tc_MTN": 3,
        "rang_Tc_MOOV": 1,
        "rang_Tbd_ORANGE": 2,
        "rang_Tbd_MTN": 1,
        "rang_Tbd_MOOV": 3,
        "rang_Tq_ORANGE": 2,
        "rang_Tq_MTN": 3,
        "rang_Tq_MOOV": 1
      },
      "id": 2
    },
    {
      "type": "Feature",
      "geometry": {
        "coordinates": [
          -4.05488,
          5.504659999999999
        ],
        "type": "Point"
      },
      "properties": {
        "ADM0_FR": "DISTRICT AUTONOME D'ABIDJAN",
        "ADM0_PCODE": "CI04",
        "ADM1_FR": "DISTRICT AUTONOME D'ABIDJAN",
        "ADM1_PCODE": "CI101",
        "ADM2_FR": "ABIDJAN",
        "ADM2_PCODE": "CI0101",
        "ADM3_FR": "ANYAMA",
        "ADM3_PCODE": "CI010102",
        "ADM4_FR": "ANYAMA",
        "ADM4_PCODE": "C0570",
        "centerLat": 5.49466,
        "centerLng": -4.05488,
        "pop": 103297,
        "Te_MOOV": 3.6999999999999997,
        "Tbd_MOOV": 87.91,
        "Tc_MOOV": 0.0,
        "Tq_MOOV": 0.0,
        "Te_MTN": 1.08,
        "Tbd_MTN": 95.05,
        "Tc_MTN": 0.54,
        "Tq_MTN": 2.76,
        "Te_ORANGE": 0.53,
        "Tbd_ORANGE": 96.26,
        "Tc_ORANGE": 0.0,
        "Tq_ORANGE": 2.15,
        "rang_Te_ORANGE": 1,
        "rang_Te_MTN": 2,
        "rang_Te_MOOV": 3,
        "rang_Tc_ORANGE": 1,
        "rang_Tc_MTN": 3,
        "rang_Tc_MOOV": 1,
        "rang_Tbd_ORANGE": 1,
        "rang_Tbd_MTN": 2,
        "rang_Tbd_MOOV": 3,
        "rang_Tq_ORANGE": 2,
        "rang_Tq_MTN": 3,
        "rang_Tq_MOOV": 1
      },
      "id": 3
    },
    {
      "type": "Feature",
      "geometry": {
        "coordinates": [
          -4.05198,
          5.392189999999999
        ],
        "type": "Point"
      },
      "properties": {
        "ADM0_FR": "DISTRICT AUTONOME D'ABIDJAN",
        "ADM0_PCODE": "CI04",
        "ADM1_FR": "DISTRICT AUTONOME D'ABIDJAN",
        "ADM1_PCODE": "CI101",
        "ADM2_FR": "ABIDJAN",
        "ADM2_PCODE": "CI0101",
        "ADM3_FR": "ABIDJAN",
        "ADM3_PCODE": "CI010101",
        "ADM4_FR": "ATTECOUBE",
        "ADM4_PCODE": "C0734",
        "centerLat": 5.38219,
        "centerLng": -4.05198,
        "pop": 260911,
        "Te_MOOV": 5.029999999999999,
        "Tbd_MOOV": 58.06,
        "Tc_MOOV": 0.0,
        "Tq_MOOV": 1.6199999999999999,
        "Te_MTN": 0.0,
        "Tbd_MTN": 92.39,
        "Tc_MTN": 1.02,
        "Tq_MTN": 3.08,
        "Te_ORANGE": 2.53,
        "Tbd_ORANGE": 81.25,
        "Tc_ORANGE": 0.0,
        "Tq_ORANGE": 2.07,
        "rang_Te_ORANGE": 2,
        "rang_Te_MTN": 1,
        "rang_Te_MOOV": 3,
        "rang_Tc_ORANGE": 1,
        "rang_Tc_MTN": 3,
        "rang_Tc_MOOV": 1,
        "rang_Tbd_ORANGE": 2,
        "rang_Tbd_MTN": 1,
        "rang_Tbd_MOOV": 3,
        "rang_Tq_ORANGE": 2,
        "rang_Tq_MTN": 3,
        "rang_Tq_MOOV": 1
      },
      "id": 4
    },
    {
      "type": "Feature",
      "geometry": {
        "coordinates": [
          -3.89704,
          5.369
        ],
        "type": "Point"
      },
      "properties": {
        "ADM0_FR": "DISTRICT AUTONOME D'ABIDJAN",
        "ADM0_PCODE": "CI04",
        "ADM1_FR": "DISTRICT AUTONOME D'ABIDJAN",
        "ADM1_PCODE": "CI101",
        "ADM2_FR": "ABIDJAN",
        "ADM2_PCODE": "CI0101",
        "ADM3_FR": "BINGERVILLE",
        "ADM3_PCODE": "CI010103",
        "ADM4_FR": "BINGERVILLE",
        "ADM4_PCODE": "C1214",
        "centerLat": 5.359,
        "centerLng": -3.89704,
        "pop": 64015,
        "Te_MOOV": 3.4799999999999995,
        "Tbd_MOOV": 76.02,
        "Tc_MOOV": 0.8999999999999999,
        "Tq_MOOV": 1.38,
        "Te_MTN": 1.5699999999999998,
        "Tbd_MTN": 91.16,
        "Tc_MTN": 0.8,
        "Tq_MTN": 9.719999999999999,
        "Te_ORANGE": 4.37,
        "Tbd_ORANGE": 70.54,
        "Tc_ORANGE": 0.0,
        "Tq_ORANGE": 7.920000000000001,
        "rang_Te_ORANGE": 3,
        "rang_Te_MTN": 1,
        "rang_Te_MOOV": 2,
        "rang_Tc_ORANGE": 1,
        "rang_Tc_MTN": 2,
        "rang_Tc_MOOV": 3,
        "rang_Tbd_ORANGE": 3,
        "rang_Tbd_MTN": 1,
        "rang_Tbd_MOOV": 2,
        "rang_Tq_ORANGE": 2,
        "rang_Tq_MTN": 3,
        "rang_Tq_MOOV": 1
      },
      "id": 5
    },
    {
      "type": "Feature",
      "geometry": {
        "coordinates": [
          -3.96089,
          5.383
        ],
        "type": "Point"
      },
      "properties": {
        "ADM0_FR": "DISTRICT AUTONOME D'ABIDJAN",
        "ADM0_PCODE": "CI04",
        "ADM1_FR": "DISTRICT AUTONOME D'ABIDJAN",
        "ADM1_PCODE": "CI101",
        "ADM2_FR": "ABIDJAN",
        "ADM2_PCODE": "CI0101",
        "ADM3_FR": "ABIDJAN",
        "ADM3_PCODE": "CI010101",
        "ADM4_FR": "COCODY",
        "ADM4_PCODE": "C1672",
        "centerLat": 5.373,
        "centerLng": -3.96089,
        "pop": 447055,
        "Te_MOOV": 1.6099999999999999,
        "Tbd_MOOV": 83.28999999999999,
        "Tc_MOOV": 0.8200000000000001,
        "Tq_MOOV": 2.79,
        "Te_MTN": 1.6099999999999999,
        "Tbd_MTN": 92.33,
        "Tc_MTN": 0.8200000000000001,
        "Tq_MTN": 3.1199999999999997,
        "Te_ORANGE": 1.08,
        "Tbd_ORANGE": 79.62,
        "Tc_ORANGE": 0.8200000000000001,
        "Tq_ORANGE": 8.260000000000002,
        "rang_Te_ORANGE": 1,
        "rang_Te_MTN": 2,
        "rang_Te_MOOV": 2,
        "rang_Tc_ORANGE": 1,
        "rang_Tc_MTN": 1,
        "rang_Tc_MOOV": 1,
        "rang_Tbd_ORANGE": 3,
        "rang_Tbd_MTN": 1,
        "rang_Tbd_MOOV": 2,
        "rang_Tq_ORANGE": 3,
        "rang_Tq_MTN": 2,
        "rang_Tq_MOOV": 1
      },
      "id": 6
    },
    {
      "type": "Feature",
      "geometry": {
        "coordinates": [
          -3.72689,
          5.20266
        ],
        "type": "Point"
      },
      "properties": {
        "ADM0_FR": "COMOE",
        "ADM0_PCODE": "CI02",
        "ADM1_FR": "SUD-COMOE",
        "ADM1_PCODE": "CI130",
        "ADM2_FR": "GRAND-BASSAM",
        "ADM2_PCODE": "CI3003",
        "ADM3_FR": "GRAND-BASSAM",
        "ADM3_PCODE": "CI300303",
        "ADM4_FR": "GRAND-BASSAM",
        "ADM4_PCODE": "C3367",
        "centerLat": 5.19266,
        "centerLng": -3.72689,
        "pop": 74671,
        "Te_MOOV": 0.0,
        "Tbd_MOOV": 82.1,
        "Tc_MOOV": 1.22,
        "Tq_MOOV": 1.8800000000000001,
        "Te_MTN": 0.6,
        "Tbd_MTN": 94.55,
        "Tc_MTN": 0.0,
        "Tq_MTN": 7.2700000000000005,
        "Te_ORANGE": 1.83,
        "Tbd_ORANGE": 76.4,
        "Tc_ORANGE": 0.0,
        "Tq_ORANGE": 0.63,
        "rang_Te_ORANGE": 3,
        "rang_Te_MTN": 2,
        "rang_Te_MOOV": 1,
        "rang_Tc_ORANGE": 1,
        "rang_Tc_MTN": 1,
        "rang_Tc_MOOV": 3,
        "rang_Tbd_ORANGE": 3,
        "rang_Tbd_MTN": 1,
        "rang_Tbd_MOOV": 2,
        "rang_Tq_ORANGE": 1,
        "rang_Tq_MTN": 3,
        "rang_Tq_MOOV": 2
      },
      "id": 7
    },
    {
      "type": "Feature",
      "geometry": {
        "coordinates": [
          -3.94836,
          5.3124899999999995
        ],
        "type": "Point"
      },
      "properties": {
        "ADM0_FR": "DISTRICT AUTONOME D'ABIDJAN",
        "ADM0_PCODE": "CI04",
        "ADM1_FR": "DISTRICT AUTONOME D'ABIDJAN",
        "ADM1_PCODE": "CI101",
        "ADM2_FR": "ABIDJAN",
        "ADM2_PCODE": "CI0101",
        "ADM3_FR": "ABIDJAN",
        "ADM3_PCODE": "CI010101",
        "ADM4_FR": "KOUMASSI",
        "ADM4_PCODE": "C4694",
        "centerLat": 5.30249,
        "centerLng": -3.94836,
        "pop": 433139,
        "Te_MOOV": 2.63,
        "Tbd_MOOV": 65.75999999999999,
        "Tc_MOOV": 0.0,
        "Tq_MOOV": 2.17,
        "Te_MTN": 0.53,
        "Tbd_MTN": 95.19,
        "Tc_MTN": 0.53,
        "Tq_MTN": 0.0,
        "Te_ORANGE": 5.79,
        "Tbd_ORANGE": 78.21000000000001,
        "Tc_ORANGE": 0.5599999999999999,
        "Tq_ORANGE": 1.69,
        "rang_Te_ORANGE": 3,
        "rang_Te_MTN": 1,
        "rang_Te_MOOV": 2,
        "rang_Tc_ORANGE": 3,
        "rang_Tc_MTN": 2,
        "rang_Tc_MOOV": 1,
        "rang_Tbd_ORANGE": 2,
        "rang_Tbd_MTN": 1,
        "rang_Tbd_MOOV": 3,
        "rang_Tq_ORANGE": 2,
        "rang_Tq_MTN": 1,
        "rang_Tq_MOOV": 3
      },
      "id": 8
    },
    {
      "type": "Feature",
      "geometry": {
        "coordinates": [
          -3.98251,
          5.30932
        ],
        "type": "Point"
      },
      "properties": {
        "ADM0_FR": "DISTRICT AUTONOME D'ABIDJAN",
        "ADM0_PCODE": "CI04",
        "ADM1_FR": "DISTRICT AUTONOME D'ABIDJAN",
        "ADM1_PCODE": "CI101",
        "ADM2_FR": "ABIDJAN",
        "ADM2_PCODE": "CI0101",
        "ADM3_FR": "ABIDJAN",
        "ADM3_PCODE": "CI010101",
        "ADM4_FR": "MARCORY",
        "ADM4_PCODE": "C5375",
        "centerLat": 5.29932,
        "centerLng": -3.98251,
        "pop": 249858,
        "Te_MOOV": 3.61,
        "Tbd_MOOV": 74.33,
        "Tc_MOOV": 0.0,
        "Tq_MOOV": 1.08,
        "Te_MTN": 1.02,
        "Tbd_MTN": 88.6,
        "Tc_MTN": 1.55,
        "Tq_MTN": 2.65,
        "Te_ORANGE": 13.469999999999999,
        "Tbd_ORANGE": 58.08,
        "Tc_ORANGE": 0.6,
        "Tq_ORANGE": 12.35,
        "rang_Te_ORANGE": 3,
        "rang_Te_MTN": 1,
        "rang_Te_MOOV": 2,
        "rang_Tc_ORANGE": 2,
        "rang_Tc_MTN": 3,
        "rang_Tc_MOOV": 1,
        "rang_Tbd_ORANGE": 3,
        "rang_Tbd_MTN": 1,
        "rang_Tbd_MOOV": 2,
        "rang_Tq_ORANGE": 3,
        "rang_Tq_MTN": 2,
        "rang_Tq_MOOV": 1
      },
      "id": 9
    },
    {
      "type": "Feature",
      "geometry": {
        "coordinates": [
          -4.02164,
          5.33517
        ],
        "type": "Point"
      },
      "properties": {
        "ADM0_FR": "DISTRICT AUTONOME D'ABIDJAN",
        "ADM0_PCODE": "CI04",
        "ADM1_FR": "DISTRICT AUTONOME D'ABIDJAN",
        "ADM1_PCODE": "CI101",
        "ADM2_FR": "ABIDJAN",
        "ADM2_PCODE": "CI0101",
        "ADM3_FR": "ABIDJAN",
        "ADM3_PCODE": "CI010101",
        "ADM4_FR": "PLATEAU",
        "ADM4_PCODE": "C6556",
        "centerLat": 5.32517,
        "centerLng": -4.02164,
        "pop": 7488,
        "Te_MOOV": 1.46,
        "Tbd_MOOV": 77.03999999999999,
        "Tc_MOOV": 2.22,
        "Tq_MOOV": 0.0,
        "Te_MTN": 0.73,
        "Tbd_MTN": 96.32,
        "Tc_MTN": 0.0,
        "Tq_MTN": 0.74,
        "Te_ORANGE": 7.580000000000001,
        "Tbd_ORANGE": 80.33,
        "Tc_ORANGE": 0.8200000000000001,
        "Tq_ORANGE": 8.4,
        "rang_Te_ORANGE": 3,
        "rang_Te_MTN": 1,
        "rang_Te_MOOV": 2,
        "rang_Tc_ORANGE": 2,
        "rang_Tc_MTN": 1,
        "rang_Tc_MOOV": 3,
        "rang_Tbd_ORANGE": 2,
        "rang_Tbd_MTN": 1,
        "rang_Tbd_MOOV": 3,
        "rang_Tq_ORANGE": 3,
        "rang_Tq_MTN": 2,
        "rang_Tq_MOOV": 1
      },
      "id": 10
    },
    {
      "type": "Feature",
      "geometry": {
        "coordinates": [
          -3.958626,
          5.266881
        ],
        "type": "Point"
      },
      "properties": {
        "ADM0_FR": "DISTRICT AUTONOME D'ABIDJAN",
        "ADM0_PCODE": "CI04",
        "ADM1_FR": "DISTRICT AUTONOME D'ABIDJAN",
        "ADM1_PCODE": "CI101",
        "ADM2_FR": "ABIDJAN",
        "ADM2_PCODE": "CI0101",
        "ADM3_FR": "ABIDJAN",
        "ADM3_PCODE": "CI010101",
        "ADM4_FR": "PORT-BOUET",
        "ADM4_PCODE": "C6619",
        "centerLat": 5.256881,
        "centerLng": -3.958626,
        "pop": 419033,
        "Te_MOOV": 2.6,
        "Tbd_MOOV": 69.02000000000001,
        "Tc_MOOV": 0.0,
        "Tq_MOOV": 9.78,
        "Te_MTN": 4.760000000000001,
        "Tbd_MTN": 91.57,
        "Tc_MTN": 0.5599999999999999,
        "Tq_MTN": 1.69,
        "Te_ORANGE": 8.95,
        "Tbd_ORANGE": 76.88000000000001,
        "Tc_ORANGE": 2.8899999999999997,
        "Tq_ORANGE": 4.19,
        "rang_Te_ORANGE": 3,
        "rang_Te_MTN": 2,
        "rang_Te_MOOV": 1,
        "rang_Tc_ORANGE": 3,
        "rang_Tc_MTN": 2,
        "rang_Tc_MOOV": 1,
        "rang_Tbd_ORANGE": 2,
        "rang_Tbd_MTN": 1,
        "rang_Tbd_MOOV": 3,
        "rang_Tq_ORANGE": 2,
        "rang_Tq_MTN": 1,
        "rang_Tq_MOOV": 3
      },
      "id": 11
    },
    {
      "type": "Feature",
      "geometry": {
        "coordinates": [
          -4.01044,
          5.30098
        ],
        "type": "Point"
      },
      "properties": {
        "ADM0_FR": "DISTRICT AUTONOME D'ABIDJAN",
        "ADM0_PCODE": "CI04",
        "ADM1_FR": "DISTRICT AUTONOME D'ABIDJAN",
        "ADM1_PCODE": "CI101",
        "ADM2_FR": "ABIDJAN",
        "ADM2_PCODE": "CI0101",
        "ADM3_FR": "ABIDJAN",
        "ADM3_PCODE": "CI010101",
        "ADM4_FR": "TREICHVILLE",
        "ADM4_PCODE": "C7913",
        "centerLat": 5.29098,
        "centerLng": -4.01044,
        "pop": 102580,
        "Te_MOOV": 0.49,
        "Tbd_MOOV": 72.55,
        "Tc_MOOV": 0.0,
        "Tq_MOOV": 0.49,
        "Te_MTN": 0.49,
        "Tbd_MTN": 90.64,
        "Tc_MTN": 0.0,
        "Tq_MTN": 1.49,
        "Te_ORANGE": 3.4299999999999997,
        "Tbd_ORANGE": 68.02,
        "Tc_ORANGE": 0.0,
        "Tq_ORANGE": 1.53,
        "rang_Te_ORANGE": 3,
        "rang_Te_MTN": 1,
        "rang_Te_MOOV": 1,
        "rang_Tc_ORANGE": 1,
        "rang_Tc_MTN": 1,
        "rang_Tc_MOOV": 1,
        "rang_Tbd_ORANGE": 3,
        "rang_Tbd_MTN": 1,
        "rang_Tbd_MOOV": 2,
        "rang_Tq_ORANGE": 3,
        "rang_Tq_MTN": 2,
        "rang_Tq_MOOV": 1
      },
      "id": 12
    },
    {
      "type": "Feature",
      "geometry": {
        "coordinates": [
          -4.09015,
          5.31848
        ],
        "type": "Point"
      },
      "properties": {
        "ADM0_FR": "DISTRICT AUTONOME D'ABIDJAN",
        "ADM0_PCODE": "CI04",
        "ADM1_FR": "DISTRICT AUTONOME D'ABIDJAN",
        "ADM1_PCODE": "CI101",
        "ADM2_FR": "ABIDJAN",
        "ADM2_PCODE": "CI0101",
        "ADM3_FR": "ABIDJAN",
        "ADM3_PCODE": "CI010101",
        "ADM4_FR": "YOPOUGON",
        "ADM4_PCODE": "C8230",
        "centerLat": 5.30848,
        "centerLng": -4.09015,
        "pop": 1071543,
        "Te_MOOV": 4.1000000000000005,
        "Tbd_MOOV": 63.72,
        "Tc_MOOV": 3.38,
        "Tq_MOOV": 0.95,
        "Te_MTN": 1.52,
        "Tbd_MTN": 89.8,
        "Tc_MTN": 0.66,
        "Tq_MTN": 7.109999999999999,
        "Te_ORANGE": 4.34,
        "Tbd_ORANGE": 74.38,
        "Tc_ORANGE": 0.22999999999999998,
        "Tq_ORANGE": 5.489999999999999,
        "rang_Te_ORANGE": 3,
        "rang_Te_MTN": 1,
        "rang_Te_MOOV": 2,
        "rang_Tc_ORANGE": 1,
        "rang_Tc_MTN": 2,
        "rang_Tc_MOOV": 3,
        "rang_Tbd_ORANGE": 2,
        "rang_Tbd_MTN": 1,
        "rang_Tbd_MOOV": 3,
        "rang_Tq_ORANGE": 2,
        "rang_Tq_MTN": 3,
        "rang_Tq_MOOV": 1
      },
      "id": 13
    },
    {
      "type": "Feature",
      "geometry": {
        "coordinates": [
          -3.49676,
          6.73836
        ],
        "type": "Point"
      },
      "properties": {
        "ADM0_FR": "COMOE",
        "ADM0_PCODE": "CI02",
        "ADM1_FR": "INDENIE-DJUABLIN",
        "ADM1_PCODE": "CI120",
        "ADM2_FR": "ABENGOUROU",
        "ADM2_PCODE": "CI2001",
        "ADM3_FR": "ABENGOUROU",
        "ADM3_PCODE": "CI200101",
        "ADM4_FR": "ABENGOUROU",
        "ADM4_PCODE": "C0014",
        "centerLat": 6.72836,
        "centerLng": -3.49676,
        "pop": 100910,
        "Te_MOOV": 0.24,
        "Tbd_MOOV": 78.23,
        "Tc_MOOV": 0.0,
        "Tq_MOOV": 0.0,
        "Te_MTN": 0.51,
        "Tbd_MTN": 85.64,
        "Tc_MTN": 0.0,
        "Tq_MTN": 0.0,
        "Te_ORANGE": 2.59,
        "Tbd_ORANGE": 66.67,
        "Tc_ORANGE": 0.0,
        "Tq_ORANGE": 0.0,
        "rang_Te_ORANGE": 3,
        "rang_Te_MTN": 2,
        "rang_Te_MOOV": 1,
        "rang_Tc_ORANGE": 1,
        "rang_Tc_MTN": 1,
        "rang_Tc_MOOV": 1,
        "rang_Tbd_ORANGE": 3,
        "rang_Tbd_MTN": 1,
        "rang_Tbd_MOOV": 2,
        "rang_Tq_ORANGE": 1,
        "rang_Tq_MTN": 1,
        "rang_Tq_MOOV": 1
      },
      "id": 14
    },
    {
      "type": "Feature",
      "geometry": {
        "coordinates": [
          -3.20677,
          5.48457
        ],
        "type": "Point"
      },
      "properties": {
        "ADM0_FR": "COMOE",
        "ADM0_PCODE": "CI02",
        "ADM1_FR": "SUD-COMOE",
        "ADM1_PCODE": "CI130",
        "ADM2_FR": "ABOISSO",
        "ADM2_PCODE": "CI3001",
        "ADM3_FR": "ABOISSO",
        "ADM3_PCODE": "CI300101",
        "ADM4_FR": "ABOISSO",
        "ADM4_PCODE": "C0033",
        "centerLat": 5.47457,
        "centerLng": -3.20677,
        "pop": 45688,
        "Te_MOOV": 0.66,
        "Tbd_MOOV": 95.33,
        "Tc_MOOV": 0.0,
        "Tq_MOOV": 0.0,
        "Te_MTN": 0.0,
        "Tbd_MTN": 82.1,
        "Tc_MTN": 0.0,
        "Tq_MTN": 1.23,
        "Te_ORANGE": 3.1399999999999997,
        "Tbd_ORANGE": 62.99,
        "Tc_ORANGE": 0.0,
        "Tq_ORANGE": 1.32,
        "rang_Te_ORANGE": 3,
        "rang_Te_MTN": 1,
        "rang_Te_MOOV": 2,
        "rang_Tc_ORANGE": 1,
        "rang_Tc_MTN": 1,
        "rang_Tc_MOOV": 1,
        "rang_Tbd_ORANGE": 3,
        "rang_Tbd_MTN": 2,
        "rang_Tbd_MOOV": 1,
        "rang_Tq_ORANGE": 3,
        "rang_Tq_MTN": 2,
        "rang_Tq_MOOV": 1
      },
      "id": 15
    },
    {
      "type": "Feature",
      "geometry": {
        "coordinates": [
          -3.30166,
          5.29673
        ],
        "type": "Point"
      },
      "properties": {
        "ADM0_FR": "COMOE",
        "ADM0_PCODE": "CI02",
        "ADM1_FR": "SUD-COMOE",
        "ADM1_PCODE": "CI130",
        "ADM2_FR": "ADIAKE",
        "ADM2_PCODE": "CI3002",
        "ADM3_FR": "ADIAKE",
        "ADM3_PCODE": "CI300201",
        "ADM4_FR": "ADIAKÉ",
        "ADM4_PCODE": "C0106",
        "centerLat": 5.28673,
        "centerLng": -3.30166,
        "pop": 19055,
        "Te_MOOV": 1.7999999999999998,
        "Tbd_MOOV": 87.2,
        "Tc_MOOV": 0.0,
        "Tq_MOOV": 4.2700000000000005,
        "Te_MTN": 1.79,
        "Tbd_MTN": 88.34,
        "Tc_MTN": 0.0,
        "Tq_MTN": 0.62,
        "Te_ORANGE": 2.98,
        "Tbd_ORANGE": 67.47999999999999,
        "Tc_ORANGE": 0.61,
        "Tq_ORANGE": 0.0,
        "rang_Te_ORANGE": 3,
        "rang_Te_MTN": 1,
        "rang_Te_MOOV": 2,
        "rang_Tc_ORANGE": 3,
        "rang_Tc_MTN": 1,
        "rang_Tc_MOOV": 1,
        "rang_Tbd_ORANGE": 3,
        "rang_Tbd_MTN": 1,
        "rang_Tbd_MOOV": 2,
        "rang_Tq_ORANGE": 1,
        "rang_Tq_MTN": 2,
        "rang_Tq_MOOV": 3
      },
      "id": 16
    },
    {
      "type": "Feature",
      "geometry": {
        "coordinates": [
          -3.86622,
          6.1196
        ],
        "type": "Point"
      },
      "properties": {
        "ADM0_FR": "LAGUNES",
        "ADM0_PCODE": "CI08",
        "ADM1_FR": "LA ME",
        "ADM1_PCODE": "CI124",
        "ADM2_FR": "ADZOPE",
        "ADM2_PCODE": "CI2401",
        "ADM3_FR": "ADZOPE",
        "ADM3_PCODE": "CI240101",
        "ADM4_FR": "ADZOPE",
        "ADM4_PCODE": "C0176",
        "centerLat": 6.1096,
        "centerLng": -3.86622,
        "pop": 58722,
        "Te_MOOV": 1.52,
        "Tbd_MOOV": 77.99000000000001,
        "Tc_MOOV": 0.38999999999999996,
        "Tq_MOOV": 3.1,
        "Te_MTN": 0.0,
        "Tbd_MTN": 88.85,
        "Tc_MTN": 0.37,
        "Tq_MTN": 7.01,
        "Te_ORANGE": 3.36,
        "Tbd_ORANGE": 65.25,
        "Tc_ORANGE": 0.0,
        "Tq_ORANGE": 0.7799999999999999,
        "rang_Te_ORANGE": 3,
        "rang_Te_MTN": 1,
        "rang_Te_MOOV": 2,
        "rang_Tc_ORANGE": 1,
        "rang_Tc_MTN": 2,
        "rang_Tc_MOOV": 3,
        "rang_Tbd_ORANGE": 3,
        "rang_Tbd_MTN": 1,
        "rang_Tbd_MOOV": 2,
        "rang_Tq_ORANGE": 1,
        "rang_Tq_MTN": 3,
        "rang_Tq_MOOV": 2
      },
      "id": 17
    },
    {
      "type": "Feature",
      "geometry": {
        "coordinates": [
          -3.51942,
          7.760009999999999
        ],
        "type": "Point"
      },
      "properties": {
        "ADM0_FR": "ZANZAN",
        "ADM0_PCODE": "CI14",
        "ADM1_FR": "GONTOUGO",
        "ADM1_PCODE": "CI114",
        "ADM2_FR": "KOUN-FAO",
        "ADM2_PCODE": "CI1402",
        "ADM3_FR": "KOUASSI-DATEKRO",
        "ADM3_PCODE": "CI140204",
        "ADM4_FR": "AFFÉRY",
        "ADM4_PCODE": "C0184",
        "centerLat": 7.75001,
        "centerLng": -3.51942,
        "pop": 442,
        "Te_MOOV": 1.1900000000000002,
        "Tbd_MOOV": 75.9,
        "Tc_MOOV": 1.2,
        "Tq_MOOV": 5.489999999999999,
        "Te_MTN": 0.0,
        "Tbd_MTN": 90.64,
        "Tc_MTN": 0.0,
        "Tq_MTN": 5.29,
        "Te_ORANGE": 6.4,
        "Tbd_ORANGE": 74.53,
        "Tc_ORANGE": 0.0,
        "Tq_ORANGE": 5.66,
        "rang_Te_ORANGE": 3,
        "rang_Te_MTN": 1,
        "rang_Te_MOOV": 2,
        "rang_Tc_ORANGE": 1,
        "rang_Tc_MTN": 1,
        "rang_Tc_MOOV": 3,
        "rang_Tbd_ORANGE": 3,
        "rang_Tbd_MTN": 1,
        "rang_Tbd_MOOV": 2,
        "rang_Tq_ORANGE": 3,
        "rang_Tq_MTN": 1,
        "rang_Tq_MOOV": 2
      },
      "id": 18
    },
    {
      "type": "Feature",
      "geometry": {
        "coordinates": [
          -3.20278,
          7.13987
        ],
        "type": "Point"
      },
      "properties": {
        "ADM0_FR": "COMOE",
        "ADM0_PCODE": "CI02",
        "ADM1_FR": "INDENIE-DJUABLIN",
        "ADM1_PCODE": "CI120",
        "ADM2_FR": "AGNIBILEKROU",
        "ADM2_PCODE": "CI2002",
        "ADM3_FR": "AGNIBILEKROU",
        "ADM3_PCODE": "CI200201",
        "ADM4_FR": "AGNIBILEKROU",
        "ADM4_PCODE": "C0224",
        "centerLat": 7.12987,
        "centerLng": -3.20278,
        "pop": 48611,
        "Te_MOOV": 1.9,
        "Tbd_MOOV": 47.74,
        "Tc_MOOV": 0.0,
        "Tq_MOOV": 14.97,
        "Te_MTN": 2.21,
        "Tbd_MTN": 83.85000000000001,
        "Tc_MTN": 0.0,
        "Tq_MTN": 7.75,
        "Te_ORANGE": 3.6999999999999997,
        "Tbd_ORANGE": 77.56,
        "Tc_ORANGE": 0.0,
        "Tq_ORANGE": 0.64,
        "rang_Te_ORANGE": 3,
        "rang_Te_MTN": 2,
        "rang_Te_MOOV": 1,
        "rang_Tc_ORANGE": 1,
        "rang_Tc_MTN": 1,
        "rang_Tc_MOOV": 1,
        "rang_Tbd_ORANGE": 2,
        "rang_Tbd_MTN": 1,
        "rang_Tbd_MOOV": 3,
        "rang_Tq_ORANGE": 1,
        "rang_Tq_MTN": 2,
        "rang_Tq_MOOV": 3
      },
      "id": 19
    },
    {
      "type": "Feature",
      "geometry": {
        "coordinates": [
          -3.88779,
          6.39525
        ],
        "type": "Point"
      },
      "properties": {
        "ADM0_FR": "LAGUNES",
        "ADM0_PCODE": "CI08",
        "ADM1_FR": "LA ME",
        "ADM1_PCODE": "CI124",
        "ADM2_FR": "AKOUPE",
        "ADM2_PCODE": "CI2402",
        "ADM3_FR": "AKOUPE",
        "ADM3_PCODE": "CI240202",
        "ADM4_FR": "AKOUPE",
        "ADM4_PCODE": "C0363",
        "centerLat": 6.38525,
        "centerLng": -3.88779,
        "pop": 26668,
        "Te_MOOV": 1.8499999999999999,
        "Tbd_MOOV": 97.48,
        "Tc_MOOV": 0.63,
        "Tq_MOOV": 1.27,
        "Te_MTN": 10.059999999999999,
        "Tbd_MTN": 48.89,
        "Tc_MTN": 0.0,
        "Tq_MTN": 17.29,
        "Te_ORANGE": 1.23,
        "Tbd_ORANGE": 67.08,
        "Tc_ORANGE": 0.0,
        "Tq_ORANGE": 0.0,
        "rang_Te_ORANGE": 1,
        "rang_Te_MTN": 3,
        "rang_Te_MOOV": 2,
        "rang_Tc_ORANGE": 1,
        "rang_Tc_MTN": 1,
        "rang_Tc_MOOV": 3,
        "rang_Tbd_ORANGE": 2,
        "rang_Tbd_MTN": 3,
        "rang_Tbd_MOOV": 1,
        "rang_Tq_ORANGE": 1,
        "rang_Tq_MTN": 3,
        "rang_Tq_MOOV": 2
      },
      "id": 20
    },
    {
      "type": "Feature",
      "geometry": {
        "coordinates": [
          -3.96954,
          6.682589999999999
        ],
        "type": "Point"
      },
      "properties": {
        "ADM0_FR": "LACS",
        "ADM0_PCODE": "CI07",
        "ADM1_FR": "MORONOU",
        "ADM1_PCODE": "CI125",
        "ADM2_FR": "ARRAH",
        "ADM2_PCODE": "CI2501",
        "ADM3_FR": "ARRAH",
        "ADM3_PCODE": "CI250101",
        "ADM4_FR": "ARRAH",
        "ADM4_PCODE": "C0600",
        "centerLat": 6.67259,
        "centerLng": -3.96954,
        "pop": 24122,
        "Te_MOOV": 0.0,
        "Tbd_MOOV": 67.5,
        "Tc_MOOV": 0.0,
        "Tq_MOOV": 1.25,
        "Te_MTN": 0.63,
        "Tbd_MTN": 93.08,
        "Tc_MTN": 0.0,
        "Tq_MTN": 0.0,
        "Te_ORANGE": 1.8800000000000001,
        "Tbd_ORANGE": 30.570000000000004,
        "Tc_ORANGE": 0.0,
        "Tq_ORANGE": 0.64,
        "rang_Te_ORANGE": 3,
        "rang_Te_MTN": 2,
        "rang_Te_MOOV": 1,
        "rang_Tc_ORANGE": 1,
        "rang_Tc_MTN": 1,
        "rang_Tc_MOOV": 1,
        "rang_Tbd_ORANGE": 3,
        "rang_Tbd_MTN": 1,
        "rang_Tbd_MOOV": 2,
        "rang_Tq_ORANGE": 2,
        "rang_Tq_MTN": 1,
        "rang_Tq_MOOV": 3
      },
      "id": 21
    },
    {
      "type": "Feature",
      "geometry": {
        "coordinates": [
          -4.08075,
          5.65569
        ],
        "type": "Point"
      },
      "properties": {
        "ADM0_FR": "LAGUNES",
        "ADM0_PCODE": "CI08",
        "ADM1_FR": "AGNEBY-TIASSA",
        "ADM1_PCODE": "CI103",
        "ADM2_FR": "AGBOVILLE",
        "ADM2_PCODE": "CI0301",
        "ADM3_FR": "AZAGUIE",
        "ADM3_PCODE": "CI030105",
        "ADM4_FR": "AZAGUIÉ",
        "ADM4_PCODE": "C0780",
        "centerLat": 5.64569,
        "centerLng": -4.08075,
        "pop": 13876,
        "Te_MOOV": 1.17,
        "Tbd_MOOV": 14.680000000000001,
        "Tc_MOOV": 0.38999999999999996,
        "Tq_MOOV": 3.5900000000000003,
        "Te_MTN": 3.6900000000000004,
        "Tbd_MTN": 94.04,
        "Tc_MTN": 0.43,
        "Tq_MTN": 9.65,
        "Te_ORANGE": 5.58,
        "Tbd_ORANGE": 91.56,
        "Tc_ORANGE": 0.0,
        "Tq_ORANGE": 1.29,
        "rang_Te_ORANGE": 3,
        "rang_Te_MTN": 2,
        "rang_Te_MOOV": 1,
        "rang_Tc_ORANGE": 1,
        "rang_Tc_MTN": 3,
        "rang_Tc_MOOV": 2,
        "rang_Tbd_ORANGE": 2,
        "rang_Tbd_MTN": 1,
        "rang_Tbd_MOOV": 3,
        "rang_Tq_ORANGE": 1,
        "rang_Tq_MTN": 3,
        "rang_Tq_MOOV": 2
      },
      "id": 22
    },
    {
      "type": "Feature",
      "geometry": {
        "coordinates": [
          -6.02687,
          5.44337
        ],
        "type": "Point"
      },
      "properties": {
        "ADM0_FR": "BAS-SASSANDRA",
        "ADM0_PCODE": "CI01",
        "ADM1_FR": "NAWA",
        "ADM1_PCODE": "CI126",
        "ADM2_FR": "GUEYO",
        "ADM2_PCODE": "CI2602",
        "ADM3_FR": "DABOUYO",
        "ADM3_PCODE": "CI260202",
        "ADM4_FR": "BALÉKO",
        "ADM4_PCODE": "C0888",
        "centerLat": 5.43337,
        "centerLng": -6.02687,
        "pop": 4971,
        "Te_MOOV": 0.0,
        "Tbd_MOOV": 85.0,
        "Tc_MOOV": 0.0,
        "Tq_MOOV": 17.5,
        "Te_MTN": 12.5,
        "Tbd_MTN": 63.81,
        "Tc_MTN": 0.95,
        "Tq_MTN": 0.0,
        "Te_ORANGE": 21.37,
        "Tbd_ORANGE": 26.090000000000003,
        "Tc_ORANGE": 0.0,
        "Tq_ORANGE": 2.1999999999999997,
        "rang_Te_ORANGE": 3,
        "rang_Te_MTN": 2,
        "rang_Te_MOOV": 1,
        "rang_Tc_ORANGE": 1,
        "rang_Tc_MTN": 3,
        "rang_Tc_MOOV": 1,
        "rang_Tbd_ORANGE": 3,
        "rang_Tbd_MTN": 2,
        "rang_Tbd_MOOV": 1,
        "rang_Tq_ORANGE": 2,
        "rang_Tq_MTN": 1,
        "rang_Tq_MOOV": 3
      },
      "id": 23
    },
    {
      "type": "Feature",
      "geometry": {
        "coordinates": [
          -7.49,
          7.02
        ],
        "type": "Point"
      },
      "properties": {
        "ADM0_FR": "VALLEE DU BANDAMA",
        "ADM0_PCODE": "CI12",
        "ADM1_FR": "HAMBOL",
        "ADM1_PCODE": "CI117",
        "ADM2_FR": "DABAKALA",
        "ADM2_PCODE": "CI1701",
        "ADM3_FR": "TENDENE-BAMBARASSO",
        "ADM3_PCODE": "CI170109",
        "ADM4_FR": "BANGOLO",
        "ADM4_PCODE": "C0934",
        "centerLat": 7.01,
        "centerLng": -7.49,
        "pop": 900,
        "Te_MOOV": 1.11,
        "Tbd_MOOV": 77.99000000000001,
        "Tc_MOOV": 0.0,
        "Tq_MOOV": 25.840000000000003,
        "Te_MTN": 0.74,
        "Tbd_MTN": 94.01,
        "Tc_MTN": 0.0,
        "Tq_MTN": 21.72,
        "Te_ORANGE": 7.8100000000000005,
        "Tbd_ORANGE": 15.32,
        "Tc_ORANGE": 0.4,
        "Tq_ORANGE": 5.6899999999999995,
        "rang_Te_ORANGE": 3,
        "rang_Te_MTN": 1,
        "rang_Te_MOOV": 2,
        "rang_Tc_ORANGE": 3,
        "rang_Tc_MTN": 1,
        "rang_Tc_MOOV": 1,
        "rang_Tbd_ORANGE": 3,
        "rang_Tbd_MTN": 1,
        "rang_Tbd_MOOV": 2,
        "rang_Tq_ORANGE": 1,
        "rang_Tq_MTN": 2,
        "rang_Tq_MOOV": 3
      },
      "id": 24
    },
    {
      "type": "Feature",
      "geometry": {
        "coordinates": [
          -3.17341,
          9.03343
        ],
        "type": "Point"
      },
      "properties": {
        "ADM0_FR": "ZANZAN",
        "ADM0_PCODE": "CI14",
        "ADM1_FR": "BOUNKANI",
        "ADM1_PCODE": "CI108",
        "ADM2_FR": "BOUNA",
        "ADM2_PCODE": "CI0801",
        "ADM3_FR": "BOUNA",
        "ADM3_PCODE": "CI080102",
        "ADM4_FR": "BANIA",
        "ADM4_PCODE": "C0945",
        "centerLat": 9.02343,
        "centerLng": -3.17341,
        "pop": 644,
        "Te_MOOV": 0.0,
        "Tbd_MOOV": 34.29,
        "Tc_MOOV": 0.0,
        "Tq_MOOV": 0.0,
        "Te_MTN": 0.0,
        "Tbd_MTN": 94.55,
        "Tc_MTN": 0.0,
        "Tq_MTN": 0.0,
        "Te_ORANGE": 1.32,
        "Tbd_ORANGE": 41.33,
        "Tc_ORANGE": 0.0,
        "Tq_ORANGE": 0.0,
        "rang_Te_ORANGE": 3,
        "rang_Te_MTN": 1,
        "rang_Te_MOOV": 1,
        "rang_Tc_ORANGE": 1,
        "rang_Tc_MTN": 1,
        "rang_Tc_MOOV": 1,
        "rang_Tbd_ORANGE": 2,
        "rang_Tbd_MTN": 1,
        "rang_Tbd_MOOV": 3,
        "rang_Tq_ORANGE": 1,
        "rang_Tq_MTN": 1,
        "rang_Tq_MOOV": 1
      },
      "id": 25
    },
    {
      "type": "Feature",
      "geometry": {
        "coordinates": [
          -5.57393,
          7.68086
        ],
        "type": "Point"
      },
      "properties": {
        "ADM0_FR": "VALLEE DU BANDAMA",
        "ADM0_PCODE": "CI12",
        "ADM1_FR": "GBEKE",
        "ADM1_PCODE": "CI111",
        "ADM2_FR": "BEOUMI",
        "ADM2_PCODE": "CI1101",
        "ADM3_FR": "BEOUMI",
        "ADM3_PCODE": "CI110102",
        "ADM4_FR": "BÉOUMI",
        "ADM4_PCODE": "C1124",
        "centerLat": 7.67086,
        "centerLng": -5.57393,
        "pop": 25526,
        "Te_MOOV": 1.09,
        "Tbd_MOOV": 71.59,
        "Tc_MOOV": 1.0999999999999999,
        "Tq_MOOV": 10.47,
        "Te_MTN": 22.650000000000002,
        "Tbd_MTN": 60.74,
        "Tc_MTN": 2.9000000000000004,
        "Tq_MTN": 1.53,
        "Te_ORANGE": 5.9799999999999995,
        "Tbd_ORANGE": 65.32,
        "Tc_ORANGE": 0.58,
        "Tq_ORANGE": 4.12,
        "rang_Te_ORANGE": 2,
        "rang_Te_MTN": 3,
        "rang_Te_MOOV": 1,
        "rang_Tc_ORANGE": 1,
        "rang_Tc_MTN": 3,
        "rang_Tc_MOOV": 2,
        "rang_Tbd_ORANGE": 2,
        "rang_Tbd_MTN": 3,
        "rang_Tbd_MOOV": 1,
        "rang_Tq_ORANGE": 2,
        "rang_Tq_MTN": 1,
        "rang_Tq_MOOV": 3
      },
      "id": 26
    },
    {
      "type": "Feature",
      "geometry": {
        "coordinates": [
          -8.00319,
          6.5806499999999994
        ],
        "type": "Point"
      },
      "properties": {
        "ADM0_FR": "MONTAGNES",
        "ADM0_PCODE": "CI09",
        "ADM1_FR": "CAVALLY",
        "ADM1_PCODE": "CI109",
        "ADM2_FR": "BLOLEQUIN",
        "ADM2_PCODE": "CI0901",
        "ADM3_FR": "BLOLEQUIN",
        "ADM3_PCODE": "CI090101",
        "ADM4_FR": "BLOLÉQUIN",
        "ADM4_PCODE": "C1290",
        "centerLat": 6.57065,
        "centerLng": -8.00319,
        "pop": 32262,
        "Te_MOOV": 0.0,
        "Tbd_MOOV": 82.72,
        "Tc_MOOV": 0.0,
        "Tq_MOOV": 19.139999999999997,
        "Te_MTN": 5.56,
        "Tbd_MTN": 67.32000000000001,
        "Tc_MTN": 0.65,
        "Tq_MTN": 0.0,
        "Te_ORANGE": 10.69,
        "Tbd_ORANGE": 24.65,
        "Tc_ORANGE": 0.0,
        "Tq_ORANGE": 0.0,
        "rang_Te_ORANGE": 3,
        "rang_Te_MTN": 2,
        "rang_Te_MOOV": 1,
        "rang_Tc_ORANGE": 1,
        "rang_Tc_MTN": 3,
        "rang_Tc_MOOV": 1,
        "rang_Tbd_ORANGE": 3,
        "rang_Tbd_MTN": 2,
        "rang_Tbd_MOOV": 1,
        "rang_Tq_ORANGE": 1,
        "rang_Tq_MTN": 1,
        "rang_Tq_MOOV": 3
      },
      "id": 27
    },
    {
      "type": "Feature",
      "geometry": {
        "coordinates": [
          -4.49751,
          7.07267
        ],
        "type": "Point"
      },
      "properties": {
        "ADM0_FR": "LACS",
        "ADM0_PCODE": "CI07",
        "ADM1_FR": "N'ZI",
        "ADM1_PCODE": "CI127",
        "ADM2_FR": "BOCANDA",
        "ADM2_PCODE": "CI2701",
        "ADM3_FR": "BOCANDA",
        "ADM3_PCODE": "CI270102",
        "ADM4_FR": "BOCANDA",
        "ADM4_PCODE": "C1317",
        "centerLat": 7.06267,
        "centerLng": -4.49751,
        "pop": 10684,
        "Te_MOOV": 0.0,
        "Tbd_MOOV": 93.71000000000001,
        "Tc_MOOV": 0.0,
        "Tq_MOOV": 2.52,
        "Te_MTN": 0.0,
        "Tbd_MTN": 89.29,
        "Tc_MTN": 0.0,
        "Tq_MTN": 0.0,
        "Te_ORANGE": 0.62,
        "Tbd_ORANGE": 23.75,
        "Tc_ORANGE": 0.0,
        "Tq_ORANGE": 2.5,
        "rang_Te_ORANGE": 3,
        "rang_Te_MTN": 1,
        "rang_Te_MOOV": 1,
        "rang_Tc_ORANGE": 1,
        "rang_Tc_MTN": 1,
        "rang_Tc_MOOV": 1,
        "rang_Tbd_ORANGE": 3,
        "rang_Tbd_MTN": 2,
        "rang_Tbd_MOOV": 1,
        "rang_Tq_ORANGE": 2,
        "rang_Tq_MTN": 1,
        "rang_Tq_MOOV": 3
      },
      "id": 28
    },
    {
      "type": "Feature",
      "geometry": {
        "coordinates": [
          -2.8,
          8.049999999999999
        ],
        "type": "Point"
      },
      "properties": {
        "ADM0_FR": "COMOE",
        "ADM0_PCODE": "CI02",
        "ADM1_FR": "SUD-COMOE",
        "ADM1_PCODE": "CI130",
        "ADM2_FR": "ADIAKE",
        "ADM2_PCODE": "CI3002",
        "ADM3_FR": "ADIAKE",
        "ADM3_PCODE": "CI300201",
        "ADM4_FR": "BONDOUKOU",
        "ADM4_PCODE": "C1424",
        "centerLat": 8.04,
        "centerLng": -2.8,
        "pop": 1837,
        "Te_MOOV": 3.39,
        "Tbd_MOOV": 78.95,
        "Tc_MOOV": 0.88,
        "Tq_MOOV": 34.510000000000005,
        "Te_MTN": 1.68,
        "Tbd_MTN": 91.45,
        "Tc_MTN": 0.8500000000000001,
        "Tq_MTN": 0.0,
        "Te_ORANGE": 3.3099999999999996,
        "Tbd_ORANGE": 77.78,
        "Tc_ORANGE": 0.8500000000000001,
        "Tq_ORANGE": 2.59,
        "rang_Te_ORANGE": 2,
        "rang_Te_MTN": 1,
        "rang_Te_MOOV": 3,
        "rang_Tc_ORANGE": 1,
        "rang_Tc_MTN": 1,
        "rang_Tc_MOOV": 3,
        "rang_Tbd_ORANGE": 3,
        "rang_Tbd_MTN": 1,
        "rang_Tbd_MOOV": 2,
        "rang_Tq_ORANGE": 2,
        "rang_Tq_MTN": 1,
        "rang_Tq_MOOV": 3
      },
      "id": 29
    },
    {
      "type": "Feature",
      "geometry": {
        "coordinates": [
          -4.71884,
          8.38181
        ],
        "type": "Point"
      },
      "properties": {
        "ADM0_FR": "VALLEE DU BANDAMA",
        "ADM0_PCODE": "CI12",
        "ADM1_FR": "HAMBOL",
        "ADM1_PCODE": "CI117",
        "ADM2_FR": "DABAKALA",
        "ADM2_PCODE": "CI1701",
        "ADM3_FR": "BONIEREDOUGOU",
        "ADM3_PCODE": "CI170102",
        "ADM4_FR": "BONIÉRÉDOUGOU",
        "ADM4_PCODE": "C1442",
        "centerLat": 8.37181,
        "centerLng": -4.71884,
        "pop": 3002,
        "Te_MOOV": 0.0,
        "Tbd_MOOV": 93.22,
        "Tc_MOOV": 0.0,
        "Tq_MOOV": 0.0,
        "Te_MTN": 0.0,
        "Tbd_MTN": 88.14,
        "Tc_MTN": 0.0,
        "Tq_MTN": 0.0,
        "Te_ORANGE": 11.110000000000001,
        "Tbd_ORANGE": 61.61,
        "Tc_ORANGE": 0.0,
        "Tq_ORANGE": 0.89,
        "rang_Te_ORANGE": 3,
        "rang_Te_MTN": 1,
        "rang_Te_MOOV": 1,
        "rang_Tc_ORANGE": 1,
        "rang_Tc_MTN": 1,
        "rang_Tc_MOOV": 1,
        "rang_Tbd_ORANGE": 3,
        "rang_Tbd_MTN": 2,
        "rang_Tbd_MOOV": 1,
        "rang_Tq_ORANGE": 3,
        "rang_Tq_MTN": 1,
        "rang_Tq_MOOV": 1
      },
      "id": 30
    },
    {
      "type": "Feature",
      "geometry": {
        "coordinates": [
          -6.04477,
          6.93719
        ],
        "type": "Point"
      },
      "properties": {
        "ADM0_FR": "SASSANDRA-MARAHOUE",
        "ADM0_PCODE": "CI10",
        "ADM1_FR": "MARAHOUE",
        "ADM1_PCODE": "CI123",
        "ADM2_FR": "BOUAFLE",
        "ADM2_PCODE": "CI2301",
        "ADM3_FR": "BONON",
        "ADM3_PCODE": "CI230102",
        "ADM4_FR": "BONON",
        "ADM4_PCODE": "C1450",
        "centerLat": 6.92719,
        "centerLng": -6.04477,
        "pop": 92523,
        "Te_MOOV": 1.7399999999999998,
        "Tbd_MOOV": 28.57,
        "Tc_MOOV": 0.59,
        "Tq_MOOV": 16.17,
        "Te_MTN": 0.59,
        "Tbd_MTN": 88.69,
        "Tc_MTN": 0.0,
        "Tq_MTN": 1.78,
        "Te_ORANGE": 1.16,
        "Tbd_ORANGE": 84.71,
        "Tc_ORANGE": 0.0,
        "Tq_ORANGE": 4.14,
        "rang_Te_ORANGE": 2,
        "rang_Te_MTN": 1,
        "rang_Te_MOOV": 3,
        "rang_Tc_ORANGE": 1,
        "rang_Tc_MTN": 1,
        "rang_Tc_MOOV": 3,
        "rang_Tbd_ORANGE": 2,
        "rang_Tbd_MTN": 1,
        "rang_Tbd_MOOV": 3,
        "rang_Tq_ORANGE": 2,
        "rang_Tq_MTN": 1,
        "rang_Tq_MOOV": 3
      },
      "id": 31
    },
    {
      "type": "Feature",
      "geometry": {
        "coordinates": [
          -3.59476,
          5.28193
        ],
        "type": "Point"
      },
      "properties": {
        "ADM0_FR": "COMOE",
        "ADM0_PCODE": "CI02",
        "ADM1_FR": "SUD-COMOE",
        "ADM1_PCODE": "CI130",
        "ADM2_FR": "GRAND-BASSAM",
        "ADM2_PCODE": "CI3003",
        "ADM3_FR": "BONOUA",
        "ADM3_PCODE": "CI300302",
        "ADM4_FR": "BONOUA",
        "ADM4_PCODE": "C1451",
        "centerLat": 5.27193,
        "centerLng": -3.59476,
        "pop": 38135,
        "Te_MOOV": 1.28,
        "Tbd_MOOV": 73.38,
        "Tc_MOOV": 0.0,
        "Tq_MOOV": 26.8,
        "Te_MTN": 0.0,
        "Tbd_MTN": 96.88,
        "Tc_MTN": 0.0,
        "Tq_MTN": 0.64,
        "Te_ORANGE": 0.64,
        "Tbd_ORANGE": 87.1,
        "Tc_ORANGE": 0.0,
        "Tq_ORANGE": 0.65,
        "rang_Te_ORANGE": 2,
        "rang_Te_MTN": 1,
        "rang_Te_MOOV": 3,
        "rang_Tc_ORANGE": 1,
        "rang_Tc_MTN": 1,
        "rang_Tc_MOOV": 1,
        "rang_Tbd_ORANGE": 2,
        "rang_Tbd_MTN": 1,
        "rang_Tbd_MOOV": 3,
        "rang_Tq_ORANGE": 2,
        "rang_Tq_MTN": 1,
        "rang_Tq_MOOV": 3
      },
      "id": 32
    },
    {
      "type": "Feature",
      "geometry": {
        "coordinates": [
          -5.31106,
          7.86095
        ],
        "type": "Point"
      },
      "properties": {
        "ADM0_FR": "VALLEE DU BANDAMA",
        "ADM0_PCODE": "CI12",
        "ADM1_FR": "GBEKE",
        "ADM1_PCODE": "CI111",
        "ADM2_FR": "BOTRO",
        "ADM2_PCODE": "CI1102",
        "ADM3_FR": "BOTRO",
        "ADM3_PCODE": "CI110201",
        "ADM4_FR": "BOTRO",
        "ADM4_PCODE": "C1497",
        "centerLat": 7.85095,
        "centerLng": -5.31106,
        "pop": 10006,
        "Te_MOOV": 0.0,
        "Tbd_MOOV": 95.97,
        "Tc_MOOV": 0.8099999999999999,
        "Tq_MOOV": 4.07,
        "Te_MTN": 16.13,
        "Tbd_MTN": 64.95,
        "Tc_MTN": 1.02,
        "Tq_MTN": 4.12,
        "Te_ORANGE": 10.48,
        "Tbd_ORANGE": 77.48,
        "Tc_ORANGE": 0.8999999999999999,
        "Tq_ORANGE": 6.36,
        "rang_Te_ORANGE": 2,
        "rang_Te_MTN": 3,
        "rang_Te_MOOV": 1,
        "rang_Tc_ORANGE": 2,
        "rang_Tc_MTN": 3,
        "rang_Tc_MOOV": 1,
        "rang_Tbd_ORANGE": 2,
        "rang_Tbd_MTN": 3,
        "rang_Tbd_MOOV": 1,
        "rang_Tq_ORANGE": 3,
        "rang_Tq_MTN": 2,
        "rang_Tq_MOOV": 1
      },
      "id": 33
    },
    {
      "type": "Feature",
      "geometry": {
        "coordinates": [
          -5.75132,
          6.99414
        ],
        "type": "Point"
      },
      "properties": {
        "ADM0_FR": "SASSANDRA-MARAHOUE",
        "ADM0_PCODE": "CI10",
        "ADM1_FR": "MARAHOUE",
        "ADM1_PCODE": "CI123",
        "ADM2_FR": "BOUAFLE",
        "ADM2_PCODE": "CI2301",
        "ADM3_FR": "BOUAFLE",
        "ADM3_PCODE": "CI230103",
        "ADM4_FR": "BOUAFLÉ",
        "ADM4_PCODE": "C1503",
        "centerLat": 6.98414,
        "centerLng": -5.75132,
        "pop": 80389,
        "Te_MOOV": 0.0,
        "Tbd_MOOV": 47.260000000000005,
        "Tc_MOOV": 0.0,
        "Tq_MOOV": 3.7900000000000005,
        "Te_MTN": 1.04,
        "Tbd_MTN": 79.65,
        "Tc_MTN": 0.7000000000000001,
        "Tq_MTN": 1.43,
        "Te_ORANGE": 1.05,
        "Tbd_ORANGE": 88.34,
        "Tc_ORANGE": 0.0,
        "Tq_ORANGE": 3.52,
        "rang_Te_ORANGE": 3,
        "rang_Te_MTN": 2,
        "rang_Te_MOOV": 1,
        "rang_Tc_ORANGE": 1,
        "rang_Tc_MTN": 3,
        "rang_Tc_MOOV": 1,
        "rang_Tbd_ORANGE": 1,
        "rang_Tbd_MTN": 2,
        "rang_Tbd_MOOV": 3,
        "rang_Tq_ORANGE": 2,
        "rang_Tq_MTN": 1,
        "rang_Tq_MOOV": 3
      },
      "id": 34
    },
    {
      "type": "Feature",
      "geometry": {
        "coordinates": [
          -5.02961,
          7.697909999999999
        ],
        "type": "Point"
      },
      "properties": {
        "ADM0_FR": "VALLEE DU BANDAMA",
        "ADM0_PCODE": "CI12",
        "ADM1_FR": "GBEKE",
        "ADM1_PCODE": "CI111",
        "ADM2_FR": "BOUAKE",
        "ADM2_PCODE": "CI1103",
        "ADM3_FR": "BOUAKE",
        "ADM3_PCODE": "CI110301",
        "ADM4_FR": "BOUAKÉ",
        "ADM4_PCODE": "C1507",
        "centerLat": 7.68791,
        "centerLng": -5.02961,
        "pop": 536719,
        "Te_MOOV": 0.9900000000000001,
        "Tbd_MOOV": 79.56,
        "Tc_MOOV": 0.5,
        "Tq_MOOV": 11.110000000000001,
        "Te_MTN": 2.12,
        "Tbd_MTN": 83.97,
        "Tc_MTN": 1.0,
        "Tq_MTN": 2.54,
        "Te_ORANGE": 2.78,
        "Tbd_ORANGE": 71.89,
        "Tc_ORANGE": 0.16999999999999998,
        "Tq_ORANGE": 3.55,
        "rang_Te_ORANGE": 3,
        "rang_Te_MTN": 2,
        "rang_Te_MOOV": 1,
        "rang_Tc_ORANGE": 1,
        "rang_Tc_MTN": 3,
        "rang_Tc_MOOV": 2,
        "rang_Tbd_ORANGE": 3,
        "rang_Tbd_MTN": 1,
        "rang_Tbd_MOOV": 2,
        "rang_Tq_ORANGE": 2,
        "rang_Tq_MTN": 1,
        "rang_Tq_MOOV": 3
      },
      "id": 35
    },
    {
      "type": "Feature",
      "geometry": {
        "coordinates": [
          -2.99909,
          9.27864
        ],
        "type": "Point"
      },
      "properties": {
        "ADM0_FR": "ZANZAN",
        "ADM0_PCODE": "CI14",
        "ADM1_FR": "BOUNKANI",
        "ADM1_PCODE": "CI108",
        "ADM2_FR": "BOUNA",
        "ADM2_PCODE": "CI0801",
        "ADM3_FR": "BOUNA",
        "ADM3_PCODE": "CI080102",
        "ADM4_FR": "BOUNA",
        "ADM4_PCODE": "C1550",
        "centerLat": 9.26864,
        "centerLng": -2.99909,
        "pop": 18755,
        "Te_MOOV": 1.0999999999999999,
        "Tbd_MOOV": 79.89,
        "Tc_MOOV": 0.0,
        "Tq_MOOV": 0.5599999999999999,
        "Te_MTN": 1.1199999999999999,
        "Tbd_MTN": 90.96,
        "Tc_MTN": 0.0,
        "Tq_MTN": 0.0,
        "Te_ORANGE": 0.5499999999999999,
        "Tbd_ORANGE": 25.0,
        "Tc_ORANGE": 0.0,
        "Tq_ORANGE": 0.0,
        "rang_Te_ORANGE": 1,
        "rang_Te_MTN": 3,
        "rang_Te_MOOV": 2,
        "rang_Tc_ORANGE": 1,
        "rang_Tc_MTN": 1,
        "rang_Tc_MOOV": 1,
        "rang_Tbd_ORANGE": 3,
        "rang_Tbd_MTN": 1,
        "rang_Tbd_MOOV": 2,
        "rang_Tq_ORANGE": 1,
        "rang_Tq_MTN": 1,
        "rang_Tq_MOOV": 3
      },
      "id": 36
    },
    {
      "type": "Feature",
      "geometry": {
        "coordinates": [
          -6.48411,
          9.53143
        ],
        "type": "Point"
      },
      "properties": {
        "ADM0_FR": "SAVANES",
        "ADM0_PCODE": "CI11",
        "ADM1_FR": "BAGOUE",
        "ADM1_PCODE": "CI105",
        "ADM2_FR": "BOUNDIALI",
        "ADM2_PCODE": "CI0501",
        "ADM3_FR": "BOUNDIALI",
        "ADM3_PCODE": "CI050102",
        "ADM4_FR": "BOUNDIALI",
        "ADM4_PCODE": "C1557",
        "centerLat": 9.52143,
        "centerLng": -6.48411,
        "pop": 39962,
        "Te_MOOV": 0.0,
        "Tbd_MOOV": 92.95,
        "Tc_MOOV": 0.0,
        "Tq_MOOV": 1.5,
        "Te_MTN": 2.7199999999999998,
        "Tbd_MTN": 84.52,
        "Tc_MTN": 0.65,
        "Tq_MTN": 0.0,
        "Te_ORANGE": 3.65,
        "Tbd_ORANGE": 77.06,
        "Tc_ORANGE": 0.22,
        "Tq_ORANGE": 0.22,
        "rang_Te_ORANGE": 3,
        "rang_Te_MTN": 2,
        "rang_Te_MOOV": 1,
        "rang_Tc_ORANGE": 2,
        "rang_Tc_MTN": 3,
        "rang_Tc_MOOV": 1,
        "rang_Tbd_ORANGE": 3,
        "rang_Tbd_MTN": 2,
        "rang_Tbd_MOOV": 1,
        "rang_Tq_ORANGE": 2,
        "rang_Tq_MTN": 1,
        "rang_Tq_MOOV": 3
      },
      "id": 37
    },
    {
      "type": "Feature",
      "geometry": {
        "coordinates": [
          -5.54,
          6.93
        ],
        "type": "Point"
      },
      "properties": {
        "ADM0_FR": "SASSANDRA-MARAHOUE",
        "ADM0_PCODE": "CI10",
        "ADM1_FR": "MARAHOUE",
        "ADM1_PCODE": "CI123",
        "ADM2_FR": "BOUAFLE",
        "ADM2_PCODE": "CI2301",
        "ADM3_FR": "BOUAFLE",
        "ADM3_PCODE": "CI230103",
        "ADM4_FR": "BOZI",
        "ADM4_PCODE": "C1583",
        "centerLat": 6.92,
        "centerLng": -5.54,
        "pop": 3982,
        "Te_MOOV": 0.8099999999999999,
        "Tbd_MOOV": 26.02,
        "Tc_MOOV": 0.8099999999999999,
        "Tq_MOOV": 8.260000000000002,
        "Te_MTN": 0.8,
        "Tbd_MTN": 81.3,
        "Tc_MTN": 0.0,
        "Tq_MTN": 0.0,
        "Te_ORANGE": 3.2,
        "Tbd_ORANGE": 85.0,
        "Tc_ORANGE": 0.0,
        "Tq_ORANGE": 4.96,
        "rang_Te_ORANGE": 3,
        "rang_Te_MTN": 1,
        "rang_Te_MOOV": 2,
        "rang_Tc_ORANGE": 1,
        "rang_Tc_MTN": 1,
        "rang_Tc_MOOV": 3,
        "rang_Tbd_ORANGE": 1,
        "rang_Tbd_MTN": 2,
        "rang_Tbd_MOOV": 3,
        "rang_Tq_ORANGE": 2,
        "rang_Tq_MTN": 1,
        "rang_Tq_MOOV": 3
      },
      "id": 38
    },
    {
      "type": "Feature",
      "geometry": {
        "coordinates": [
          -4.82699,
          7.65178
        ],
        "type": "Point"
      },
      "properties": {
        "ADM0_FR": "VALLEE DU BANDAMA",
        "ADM0_PCODE": "CI12",
        "ADM1_FR": "GBEKE",
        "ADM1_PCODE": "CI111",
        "ADM2_FR": "BOUAKE",
        "ADM2_PCODE": "CI1103",
        "ADM3_FR": "BROBO",
        "ADM3_PCODE": "CI110303",
        "ADM4_FR": "BROBO",
        "ADM4_PCODE": "C1615",
        "centerLat": 7.64178,
        "centerLng": -4.82699,
        "pop": 8009,
        "Te_MOOV": 2.04,
        "Tbd_MOOV": 74.47,
        "Tc_MOOV": 0.0,
        "Tq_MOOV": 1.08,
        "Te_MTN": 0.9900000000000001,
        "Tbd_MTN": 92.0,
        "Tc_MTN": 0.0,
        "Tq_MTN": 0.0,
        "Te_ORANGE": 0.98,
        "Tbd_ORANGE": 22.770000000000003,
        "Tc_ORANGE": 0.0,
        "Tq_ORANGE": 0.9900000000000001,
        "rang_Te_ORANGE": 1,
        "rang_Te_MTN": 2,
        "rang_Te_MOOV": 3,
        "rang_Tc_ORANGE": 1,
        "rang_Tc_MTN": 1,
        "rang_Tc_MOOV": 1,
        "rang_Tbd_ORANGE": 3,
        "rang_Tbd_MTN": 1,
        "rang_Tbd_MOOV": 2,
        "rang_Tq_ORANGE": 2,
        "rang_Tq_MTN": 1,
        "rang_Tq_MOOV": 3
      },
      "id": 39
    },
    {
      "type": "Feature",
      "geometry": {
        "coordinates": [
          -7.00892,
          6.25932
        ],
        "type": "Point"
      },
      "properties": {
        "ADM0_FR": "BAS-SASSANDRA",
        "ADM0_PCODE": "CI01",
        "ADM1_FR": "NAWA",
        "ADM1_PCODE": "CI126",
        "ADM2_FR": "BUYO",
        "ADM2_PCODE": "CI2601",
        "ADM3_FR": "BUYO",
        "ADM3_PCODE": "CI260101",
        "ADM4_FR": "BUYO",
        "ADM4_PCODE": "C1656",
        "centerLat": 6.24932,
        "centerLng": -7.00892,
        "pop": 25339,
        "Te_MOOV": 3.1300000000000003,
        "Tbd_MOOV": 84.97,
        "Tc_MOOV": 1.94,
        "Tq_MOOV": 29.53,
        "Te_MTN": 1.23,
        "Tbd_MTN": 29.189999999999998,
        "Tc_MTN": 0.0,
        "Tq_MTN": 0.0,
        "Te_ORANGE": 11.66,
        "Tbd_ORANGE": 24.310000000000002,
        "Tc_ORANGE": 0.0,
        "Tq_ORANGE": 1.39,
        "rang_Te_ORANGE": 3,
        "rang_Te_MTN": 1,
        "rang_Te_MOOV": 2,
        "rang_Tc_ORANGE": 1,
        "rang_Tc_MTN": 1,
        "rang_Tc_MOOV": 3,
        "rang_Tbd_ORANGE": 3,
        "rang_Tbd_MTN": 2,
        "rang_Tbd_MOOV": 1,
        "rang_Tq_ORANGE": 2,
        "rang_Tq_MTN": 1,
        "rang_Tq_MOOV": 3
      },
      "id": 40
    },
    {
      "type": "Feature",
      "geometry": {
        "coordinates": [
          -4.42938,
          8.37405
        ],
        "type": "Point"
      },
      "properties": {
        "ADM0_FR": "VALLEE DU BANDAMA",
        "ADM0_PCODE": "CI12",
        "ADM1_FR": "HAMBOL",
        "ADM1_PCODE": "CI117",
        "ADM2_FR": "DABAKALA",
        "ADM2_PCODE": "CI1701",
        "ADM3_FR": "DABAKALA",
        "ADM3_PCODE": "CI170103",
        "ADM4_FR": "DABAKALA",
        "ADM4_PCODE": "C1689",
        "centerLat": 8.36405,
        "centerLng": -4.42938,
        "pop": 14134,
        "Te_MOOV": 0.0,
        "Tbd_MOOV": 66.07,
        "Tc_MOOV": 0.0,
        "Tq_MOOV": 3.5700000000000003,
        "Te_MTN": 1.1900000000000002,
        "Tbd_MTN": 89.02,
        "Tc_MTN": 0.6,
        "Tq_MTN": 0.0,
        "Te_ORANGE": 5.26,
        "Tbd_ORANGE": 75.31,
        "Tc_ORANGE": 0.0,
        "Tq_ORANGE": 0.62,
        "rang_Te_ORANGE": 3,
        "rang_Te_MTN": 2,
        "rang_Te_MOOV": 1,
        "rang_Tc_ORANGE": 1,
        "rang_Tc_MTN": 3,
        "rang_Tc_MOOV": 1,
        "rang_Tbd_ORANGE": 2,
        "rang_Tbd_MTN": 1,
        "rang_Tbd_MOOV": 3,
        "rang_Tq_ORANGE": 2,
        "rang_Tq_MTN": 1,
        "rang_Tq_MOOV": 3
      },
      "id": 41
    },
    {
      "type": "Feature",
      "geometry": {
        "coordinates": [
          -6.4486,
          6.89815
        ],
        "type": "Point"
      },
      "properties": {
        "ADM0_FR": "SASSANDRA-MARAHOUE",
        "ADM0_PCODE": "CI10",
        "ADM1_FR": "HAUT-SASSANDRA",
        "ADM1_PCODE": "CI118",
        "ADM2_FR": "DALOA",
        "ADM2_PCODE": "CI1801",
        "ADM3_FR": "DALOA",
        "ADM3_PCODE": "CI180102",
        "ADM4_FR": "DALOA",
        "ADM4_PCODE": "C1779",
        "centerLat": 6.88815,
        "centerLng": -6.4486,
        "pop": 245360,
        "Te_MOOV": 0.91,
        "Tbd_MOOV": 76.83,
        "Tc_MOOV": 0.69,
        "Tq_MOOV": 2.55,
        "Te_MTN": 0.91,
        "Tbd_MTN": 71.89,
        "Tc_MTN": 0.0,
        "Tq_MTN": 4.390000000000001,
        "Te_ORANGE": 7.489999999999999,
        "Tbd_ORANGE": 59.24,
        "Tc_ORANGE": 0.51,
        "Tq_ORANGE": 9.92,
        "rang_Te_ORANGE": 3,
        "rang_Te_MTN": 1,
        "rang_Te_MOOV": 1,
        "rang_Tc_ORANGE": 2,
        "rang_Tc_MTN": 1,
        "rang_Tc_MOOV": 3,
        "rang_Tbd_ORANGE": 3,
        "rang_Tbd_MTN": 2,
        "rang_Tbd_MOOV": 1,
        "rang_Tq_ORANGE": 3,
        "rang_Tq_MTN": 2,
        "rang_Tq_MOOV": 1
      },
      "id": 42
    },
    {
      "type": "Feature",
      "geometry": {
        "coordinates": [
          -8.16032,
          7.27075
        ],
        "type": "Point"
      },
      "properties": {
        "ADM0_FR": "MONTAGNES",
        "ADM0_PCODE": "CI09",
        "ADM1_FR": "TONKPI",
        "ADM1_PCODE": "CI132",
        "ADM2_FR": "DANANE",
        "ADM2_PCODE": "CI3202",
        "ADM3_FR": "DANANE",
        "ADM3_PCODE": "CI320202",
        "ADM4_FR": "DANANÉ",
        "ADM4_PCODE": "C1791",
        "centerLat": 7.26075,
        "centerLng": -8.16032,
        "pop": 60645,
        "Te_MOOV": 0.0,
        "Tbd_MOOV": 56.3,
        "Tc_MOOV": 0.0,
        "Tq_MOOV": 12.22,
        "Te_MTN": 2.59,
        "Tbd_MTN": 79.54,
        "Tc_MTN": 0.38,
        "Tq_MTN": 48.25,
        "Te_ORANGE": 4.8500000000000005,
        "Tbd_ORANGE": 16.08,
        "Tc_ORANGE": 0.0,
        "Tq_ORANGE": 9.02,
        "rang_Te_ORANGE": 3,
        "rang_Te_MTN": 2,
        "rang_Te_MOOV": 1,
        "rang_Tc_ORANGE": 1,
        "rang_Tc_MTN": 3,
        "rang_Tc_MOOV": 1,
        "rang_Tbd_ORANGE": 3,
        "rang_Tbd_MTN": 1,
        "rang_Tbd_MOOV": 2,
        "rang_Tq_ORANGE": 1,
        "rang_Tq_MTN": 3,
        "rang_Tq_MOOV": 2
      },
      "id": 43
    },
    {
      "type": "Feature",
      "geometry": {
        "coordinates": [
          -3.96247,
          7.0641099999999994
        ],
        "type": "Point"
      },
      "properties": {
        "ADM0_FR": "LACS",
        "ADM0_PCODE": "CI07",
        "ADM1_FR": "IFFOU",
        "ADM1_PCODE": "CI119",
        "ADM2_FR": "DAOUKRO",
        "ADM2_PCODE": "CI1901",
        "ADM3_FR": "DAOUKRO",
        "ADM3_PCODE": "CI190103",
        "ADM4_FR": "DAOUKRO",
        "ADM4_PCODE": "C1821",
        "centerLat": 7.05411,
        "centerLng": -3.96247,
        "pop": 44342,
        "Te_MOOV": 0.0,
        "Tbd_MOOV": 95.63000000000001,
        "Tc_MOOV": 0.0,
        "Tq_MOOV": 0.0,
        "Te_MTN": 3.73,
        "Tbd_MTN": 75.89,
        "Tc_MTN": 0.0,
        "Tq_MTN": 0.0,
        "Te_ORANGE": 1.8599999999999999,
        "Tbd_ORANGE": 25.95,
        "Tc_ORANGE": 0.0,
        "Tq_ORANGE": 2.53,
        "rang_Te_ORANGE": 2,
        "rang_Te_MTN": 3,
        "rang_Te_MOOV": 1,
        "rang_Tc_ORANGE": 1,
        "rang_Tc_MTN": 1,
        "rang_Tc_MOOV": 1,
        "rang_Tbd_ORANGE": 3,
        "rang_Tbd_MTN": 2,
        "rang_Tbd_MOOV": 1,
        "rang_Tq_ORANGE": 3,
        "rang_Tq_MTN": 1,
        "rang_Tq_MOOV": 1
      },
      "id": 44
    },
    {
      "type": "Feature",
      "geometry": {
        "coordinates": [
          -6.37921,
          10.4469
        ],
        "type": "Point"
      },
      "properties": {
        "ADM0_FR": "SAVANES",
        "ADM0_PCODE": "CI11",
        "ADM1_FR": "BAGOUE",
        "ADM1_PCODE": "CI105",
        "ADM2_FR": "TENGRELA",
        "ADM2_PCODE": "CI0503",
        "ADM3_FR": "TENGRELA",
        "ADM3_PCODE": "CI050301",
        "ADM4_FR": "DARANIANI",
        "ADM4_PCODE": "C1831",
        "centerLat": 10.4369,
        "centerLng": -6.37921,
        "pop": 440,
        "Te_MOOV": 0.0,
        "Tbd_MOOV": 15.6,
        "Tc_MOOV": 0.0,
        "Tq_MOOV": 11.93,
        "Te_MTN": 5.220000000000001,
        "Tbd_MTN": 86.79,
        "Tc_MTN": 1.83,
        "Tq_MTN": 1.8900000000000001,
        "Te_ORANGE": 16.38,
        "Tbd_ORANGE": 50.519999999999996,
        "Tc_ORANGE": 0.0,
        "Tq_ORANGE": 0.0,
        "rang_Te_ORANGE": 3,
        "rang_Te_MTN": 2,
        "rang_Te_MOOV": 1,
        "rang_Tc_ORANGE": 1,
        "rang_Tc_MTN": 3,
        "rang_Tc_MOOV": 1,
        "rang_Tbd_ORANGE": 2,
        "rang_Tbd_MTN": 1,
        "rang_Tbd_MOOV": 3,
        "rang_Tq_ORANGE": 1,
        "rang_Tq_MTN": 2,
        "rang_Tq_MOOV": 3
      },
      "id": 45
    },
    {
      "type": "Feature",
      "geometry": {
        "coordinates": [
          -6.2543,
          8.95791
        ],
        "type": "Point"
      },
      "properties": {
        "ADM0_FR": "WOROBA",
        "ADM0_PCODE": "CI13",
        "ADM1_FR": "BERE",
        "ADM1_PCODE": "CI107",
        "ADM2_FR": "DIANRA",
        "ADM2_PCODE": "CI0701",
        "ADM3_FR": "DIANRA",
        "ADM3_PCODE": "CI070101",
        "ADM4_FR": "DIANRA",
        "ADM4_PCODE": "C1947",
        "centerLat": 8.94791,
        "centerLng": -6.2543,
        "pop": 25880,
        "Te_MOOV": 0.0,
        "Tbd_MOOV": 84.39,
        "Tc_MOOV": 0.58,
        "Tq_MOOV": 0.0,
        "Te_MTN": 0.0,
        "Tbd_MTN": 91.81,
        "Tc_MTN": 0.0,
        "Tq_MTN": 0.58,
        "Te_ORANGE": 4.14,
        "Tbd_ORANGE": 38.85,
        "Tc_ORANGE": 0.0,
        "Tq_ORANGE": 0.72,
        "rang_Te_ORANGE": 3,
        "rang_Te_MTN": 1,
        "rang_Te_MOOV": 1,
        "rang_Tc_ORANGE": 1,
        "rang_Tc_MTN": 1,
        "rang_Tc_MOOV": 3,
        "rang_Tbd_ORANGE": 3,
        "rang_Tbd_MTN": 1,
        "rang_Tbd_MOOV": 2,
        "rang_Tq_ORANGE": 3,
        "rang_Tq_MTN": 2,
        "rang_Tq_MOOV": 1
      },
      "id": 46
    },
    {
      "type": "Feature",
      "geometry": {
        "coordinates": [
          -2.9798,
          5.66752
        ],
        "type": "Point"
      },
      "properties": {
        "ADM0_FR": "COMOE",
        "ADM0_PCODE": "CI02",
        "ADM1_FR": "SUD-COMOE",
        "ADM1_PCODE": "CI130",
        "ADM2_FR": "ABOISSO",
        "ADM2_PCODE": "CI3001",
        "ADM3_FR": "MAFERE",
        "ADM3_PCODE": "CI300107",
        "ADM4_FR": "DIBY",
        "ADM4_PCODE": "C1973",
        "centerLat": 5.65752,
        "centerLng": -2.9798,
        "pop": 6570,
        "Te_MOOV": 0.0,
        "Tbd_MOOV": 5.08,
        "Tc_MOOV": 0.0,
        "Tq_MOOV": 4.2700000000000005,
        "Te_MTN": 0.0,
        "Tbd_MTN": 88.98,
        "Tc_MTN": 0.8500000000000001,
        "Tq_MTN": 9.41,
        "Te_ORANGE": 0.0,
        "Tbd_ORANGE": 81.2,
        "Tc_ORANGE": 0.0,
        "Tq_ORANGE": 0.0,
        "rang_Te_ORANGE": 1,
        "rang_Te_MTN": 1,
        "rang_Te_MOOV": 1,
        "rang_Tc_ORANGE": 1,
        "rang_Tc_MTN": 3,
        "rang_Tc_MOOV": 1,
        "rang_Tbd_ORANGE": 2,
        "rang_Tbd_MTN": 1,
        "rang_Tbd_MOOV": 3,
        "rang_Tq_ORANGE": 1,
        "rang_Tq_MTN": 3,
        "rang_Tq_MOOV": 2
      },
      "id": 47
    },
    {
      "type": "Feature",
      "geometry": {
        "coordinates": [
          -4.89835,
          7.1392
        ],
        "type": "Point"
      },
      "properties": {
        "ADM0_FR": "LACS",
        "ADM0_PCODE": "CI07",
        "ADM1_FR": "BELIER",
        "ADM1_PCODE": "CI106",
        "ADM2_FR": "DIDIEVI",
        "ADM2_PCODE": "CI0601",
        "ADM3_FR": "DIDIEVI",
        "ADM3_PCODE": "CI060102",
        "ADM4_FR": "DIDIÉVI",
        "ADM4_PCODE": "C1986",
        "centerLat": 7.1292,
        "centerLng": -4.89835,
        "pop": 7917,
        "Te_MOOV": 0.63,
        "Tbd_MOOV": 75.63,
        "Tc_MOOV": 0.63,
        "Tq_MOOV": 0.0,
        "Te_MTN": 12.35,
        "Tbd_MTN": 32.14,
        "Tc_MTN": 0.0,
        "Tq_MTN": 0.0,
        "Te_ORANGE": 0.61,
        "Tbd_ORANGE": 8.07,
        "Tc_ORANGE": 1.23,
        "Tq_ORANGE": 0.62,
        "rang_Te_ORANGE": 1,
        "rang_Te_MTN": 3,
        "rang_Te_MOOV": 2,
        "rang_Tc_ORANGE": 3,
        "rang_Tc_MTN": 1,
        "rang_Tc_MOOV": 2,
        "rang_Tbd_ORANGE": 3,
        "rang_Tbd_MTN": 2,
        "rang_Tbd_MOOV": 1,
        "rang_Tq_ORANGE": 3,
        "rang_Tq_MTN": 1,
        "rang_Tq_MOOV": 1
      },
      "id": 48
    },
    {
      "type": "Feature",
      "geometry": {
        "coordinates": [
          -5.57273,
          6.29671
        ],
        "type": "Point"
      },
      "properties": {
        "ADM0_FR": "GOH-DJIBOUA",
        "ADM0_PCODE": "CI06",
        "ADM1_FR": "GOH",
        "ADM1_PCODE": "CI113",
        "ADM2_FR": "OUME",
        "ADM2_PCODE": "CI1302",
        "ADM3_FR": "DIEGONEFLA",
        "ADM3_PCODE": "CI130202",
        "ADM4_FR": "DIÉGONÉFLA",
        "ADM4_PCODE": "C1998",
        "centerLat": 6.28671,
        "centerLng": -5.57273,
        "pop": 33523,
        "Te_MOOV": 0.0,
        "Tbd_MOOV": 53.769999999999996,
        "Tc_MOOV": 0.0,
        "Tq_MOOV": 5.66,
        "Te_MTN": 1.87,
        "Tbd_MTN": 73.33,
        "Tc_MTN": 0.0,
        "Tq_MTN": 0.0,
        "Te_ORANGE": 4.67,
        "Tbd_ORANGE": 88.24,
        "Tc_ORANGE": 0.0,
        "Tq_ORANGE": 5.88,
        "rang_Te_ORANGE": 3,
        "rang_Te_MTN": 2,
        "rang_Te_MOOV": 1,
        "rang_Tc_ORANGE": 1,
        "rang_Tc_MTN": 1,
        "rang_Tc_MOOV": 1,
        "rang_Tbd_ORANGE": 1,
        "rang_Tbd_MTN": 2,
        "rang_Tbd_MOOV": 3,
        "rang_Tq_ORANGE": 3,
        "rang_Tq_MTN": 1,
        "rang_Tq_MOOV": 2
      },
      "id": 49
    },
    {
      "type": "Feature",
      "geometry": {
        "coordinates": [
          -5.77662,
          9.07715
        ],
        "type": "Point"
      },
      "properties": {
        "ADM0_FR": "SAVANES",
        "ADM0_PCODE": "CI11",
        "ADM1_FR": "PORO",
        "ADM1_PCODE": "CI128",
        "ADM2_FR": "DIKODOUGOU",
        "ADM2_PCODE": "CI2801",
        "ADM3_FR": "DIKODOUGOU",
        "ADM3_PCODE": "CI280102",
        "ADM4_FR": "DIKODOUGOU",
        "ADM4_PCODE": "C2061",
        "centerLat": 9.06715,
        "centerLng": -5.77662,
        "pop": 13953,
        "Te_MOOV": 0.0,
        "Tbd_MOOV": 96.3,
        "Tc_MOOV": 0.0,
        "Tq_MOOV": 0.0,
        "Te_MTN": 0.0,
        "Tbd_MTN": 96.3,
        "Tc_MTN": 0.0,
        "Tq_MTN": 0.0,
        "Te_ORANGE": 3.5700000000000003,
        "Tbd_ORANGE": 66.05,
        "Tc_ORANGE": 0.0,
        "Tq_ORANGE": 1.25,
        "rang_Te_ORANGE": 3,
        "rang_Te_MTN": 1,
        "rang_Te_MOOV": 1,
        "rang_Tc_ORANGE": 1,
        "rang_Tc_MTN": 1,
        "rang_Tc_MOOV": 1,
        "rang_Tbd_ORANGE": 3,
        "rang_Tbd_MTN": 1,
        "rang_Tbd_MOOV": 1,
        "rang_Tq_ORANGE": 3,
        "rang_Tq_MTN": 1,
        "rang_Tq_MOOV": 1
      },
      "id": 50
    },
    {
      "type": "Feature",
      "geometry": {
        "coordinates": [
          -4.70461,
          6.6554
        ],
        "type": "Point"
      },
      "properties": {
        "ADM0_FR": "LACS",
        "ADM0_PCODE": "CI07",
        "ADM1_FR": "N'ZI",
        "ADM1_PCODE": "CI127",
        "ADM2_FR": "DIMBOKRO",
        "ADM2_PCODE": "CI2702",
        "ADM3_FR": "DIMBOKRO",
        "ADM3_PCODE": "CI270203",
        "ADM4_FR": "DIMBOKRO",
        "ADM4_PCODE": "C2073",
        "centerLat": 6.6454,
        "centerLng": -4.70461,
        "pop": 48860,
        "Te_MOOV": 0.0,
        "Tbd_MOOV": 82.5,
        "Tc_MOOV": 0.63,
        "Tq_MOOV": 1.8900000000000001,
        "Te_MTN": 2.48,
        "Tbd_MTN": 91.49000000000001,
        "Tc_MTN": 0.0,
        "Tq_MTN": 0.0,
        "Te_ORANGE": 0.61,
        "Tbd_ORANGE": 23.46,
        "Tc_ORANGE": 1.23,
        "Tq_ORANGE": 0.0,
        "rang_Te_ORANGE": 2,
        "rang_Te_MTN": 3,
        "rang_Te_MOOV": 1,
        "rang_Tc_ORANGE": 3,
        "rang_Tc_MTN": 1,
        "rang_Tc_MOOV": 2,
        "rang_Tbd_ORANGE": 3,
        "rang_Tbd_MTN": 1,
        "rang_Tbd_MOOV": 2,
        "rang_Tq_ORANGE": 1,
        "rang_Tq_MTN": 1,
        "rang_Tq_MOOV": 3
      },
      "id": 51
    },
    {
      "type": "Feature",
      "geometry": {
        "coordinates": [
          -5.35702,
          5.84833
        ],
        "type": "Point"
      },
      "properties": {
        "ADM0_FR": "GOH-DJIBOUA",
        "ADM0_PCODE": "CI06",
        "ADM1_FR": "LOH-DJIBOUA",
        "ADM1_PCODE": "CI122",
        "ADM2_FR": "DIVO",
        "ADM2_PCODE": "CI2201",
        "ADM3_FR": "DIVO",
        "ADM3_PCODE": "CI220103",
        "ADM4_FR": "DIVO",
        "ADM4_PCODE": "C2117",
        "centerLat": 5.83833,
        "centerLng": -5.35702,
        "pop": 105397,
        "Te_MOOV": 2.63,
        "Tbd_MOOV": 40.0,
        "Tc_MOOV": 5.1499999999999995,
        "Tq_MOOV": 1.04,
        "Te_MTN": 1.58,
        "Tbd_MTN": 87.19,
        "Tc_MTN": 6.859999999999999,
        "Tq_MTN": 63.01,
        "Te_ORANGE": 1.44,
        "Tbd_ORANGE": 88.83,
        "Tc_ORANGE": 7.28,
        "Tq_ORANGE": 6.84,
        "rang_Te_ORANGE": 1,
        "rang_Te_MTN": 2,
        "rang_Te_MOOV": 3,
        "rang_Tc_ORANGE": 3,
        "rang_Tc_MTN": 2,
        "rang_Tc_MOOV": 1,
        "rang_Tbd_ORANGE": 1,
        "rang_Tbd_MTN": 2,
        "rang_Tbd_MOOV": 3,
        "rang_Tq_ORANGE": 2,
        "rang_Tq_MTN": 3,
        "rang_Tq_MOOV": 1
      },
      "id": 52
    },
    {
      "type": "Feature",
      "geometry": {
        "coordinates": [
          -5.07205,
          7.5269699999999995
        ],
        "type": "Point"
      },
      "properties": {
        "ADM0_FR": "VALLEE DU BANDAMA",
        "ADM0_PCODE": "CI12",
        "ADM1_FR": "GBEKE",
        "ADM1_PCODE": "CI111",
        "ADM2_FR": "BOUAKE",
        "ADM2_PCODE": "CI1103",
        "ADM3_FR": "DJEBONOUA",
        "ADM3_PCODE": "CI110304",
        "ADM4_FR": "DJEBONOUA",
        "ADM4_PCODE": "C2159",
        "centerLat": 7.51697,
        "centerLng": -5.07205,
        "pop": 3648,
        "Te_MOOV": 0.0,
        "Tbd_MOOV": 40.0,
        "Tc_MOOV": 0.91,
        "Tq_MOOV": 52.290000000000006,
        "Te_MTN": 0.0,
        "Tbd_MTN": 80.0,
        "Tc_MTN": 0.0,
        "Tq_MTN": 0.0,
        "Te_ORANGE": 2.73,
        "Tbd_ORANGE": 68.22,
        "Tc_ORANGE": 0.0,
        "Tq_ORANGE": 2.8000000000000003,
        "rang_Te_ORANGE": 3,
        "rang_Te_MTN": 1,
        "rang_Te_MOOV": 1,
        "rang_Tc_ORANGE": 1,
        "rang_Tc_MTN": 1,
        "rang_Tc_MOOV": 3,
        "rang_Tbd_ORANGE": 2,
        "rang_Tbd_MTN": 1,
        "rang_Tbd_MOOV": 3,
        "rang_Tq_ORANGE": 2,
        "rang_Tq_MTN": 1,
        "rang_Tq_MOOV": 3
      },
      "id": 53
    },
    {
      "type": "Feature",
      "geometry": {
        "coordinates": [
          -5.11627,
          6.482349999999999
        ],
        "type": "Point"
      },
      "properties": {
        "ADM0_FR": "LACS",
        "ADM0_PCODE": "CI07",
        "ADM1_FR": "BELIER",
        "ADM1_PCODE": "CI106",
        "ADM2_FR": "DJEKANOU",
        "ADM2_PCODE": "CI0602",
        "ADM3_FR": "DJEKANOU",
        "ADM3_PCODE": "CI060202",
        "ADM4_FR": "DJÉKANOU",
        "ADM4_PCODE": "C2171",
        "centerLat": 6.47235,
        "centerLng": -5.11627,
        "pop": 3981,
        "Te_MOOV": 5.08,
        "Tbd_MOOV": 91.96,
        "Tc_MOOV": 0.89,
        "Tq_MOOV": 0.0,
        "Te_MTN": 11.110000000000001,
        "Tbd_MTN": 76.77000000000001,
        "Tc_MTN": 0.0,
        "Tq_MTN": 0.0,
        "Te_ORANGE": 0.84,
        "Tbd_ORANGE": 22.88,
        "Tc_ORANGE": 0.0,
        "Tq_ORANGE": 0.0,
        "rang_Te_ORANGE": 1,
        "rang_Te_MTN": 3,
        "rang_Te_MOOV": 2,
        "rang_Tc_ORANGE": 1,
        "rang_Tc_MTN": 1,
        "rang_Tc_MOOV": 3,
        "rang_Tbd_ORANGE": 3,
        "rang_Tbd_MTN": 2,
        "rang_Tbd_MOOV": 1,
        "rang_Tq_ORANGE": 1,
        "rang_Tq_MTN": 1,
        "rang_Tq_MOOV": 1
      },
      "id": 54
    },
    {
      "type": "Feature",
      "geometry": {
        "coordinates": [
          -3.34132,
          9.81814
        ],
        "type": "Point"
      },
      "properties": {
        "ADM0_FR": "ZANZAN",
        "ADM0_PCODE": "CI14",
        "ADM1_FR": "BOUNKANI",
        "ADM1_PCODE": "CI108",
        "ADM2_FR": "DOROPO",
        "ADM2_PCODE": "CI0802",
        "ADM3_FR": "DOROPO",
        "ADM3_PCODE": "CI080202",
        "ADM4_FR": "DOROPO",
        "ADM4_PCODE": "C2324",
        "centerLat": 9.80814,
        "centerLng": -3.34132,
        "pop": 14388,
        "Te_MOOV": 15.129999999999999,
        "Tbd_MOOV": 36.63,
        "Tc_MOOV": 0.0,
        "Tq_MOOV": 1.9800000000000002,
        "Te_MTN": 1.6500000000000001,
        "Tbd_MTN": 83.89999999999999,
        "Tc_MTN": 0.0,
        "Tq_MTN": 1.72,
        "Te_ORANGE": 0.83,
        "Tbd_ORANGE": 68.07,
        "Tc_ORANGE": 0.0,
        "Tq_ORANGE": 0.0,
        "rang_Te_ORANGE": 1,
        "rang_Te_MTN": 2,
        "rang_Te_MOOV": 3,
        "rang_Tc_ORANGE": 1,
        "rang_Tc_MTN": 1,
        "rang_Tc_MOOV": 1,
        "rang_Tbd_ORANGE": 2,
        "rang_Tbd_MTN": 1,
        "rang_Tbd_MOOV": 3,
        "rang_Tq_ORANGE": 1,
        "rang_Tq_MTN": 2,
        "rang_Tq_MOOV": 3
      },
      "id": 55
    },
    {
      "type": "Feature",
      "geometry": {
        "coordinates": [
          -6.54233,
          8.13173
        ],
        "type": "Point"
      },
      "properties": {
        "ADM0_FR": "WOROBA",
        "ADM0_PCODE": "CI13",
        "ADM1_FR": "WORODOUGOU",
        "ADM1_PCODE": "CI133",
        "ADM2_FR": "SEGUELA",
        "ADM2_PCODE": "CI3302",
        "ADM3_FR": "DUALLA",
        "ADM3_PCODE": "CI330203",
        "ADM4_FR": "DUALLA",
        "ADM4_PCODE": "C2423",
        "centerLat": 8.12173,
        "centerLng": -6.54233,
        "pop": 1915,
        "Te_MOOV": 0.0,
        "Tbd_MOOV": 98.13,
        "Tc_MOOV": 0.9299999999999999,
        "Tq_MOOV": 0.0,
        "Te_MTN": 0.9299999999999999,
        "Tbd_MTN": 92.52,
        "Tc_MTN": 0.0,
        "Tq_MTN": 32.08,
        "Te_ORANGE": 8.18,
        "Tbd_ORANGE": 74.26,
        "Tc_ORANGE": 0.0,
        "Tq_ORANGE": 1.0,
        "rang_Te_ORANGE": 3,
        "rang_Te_MTN": 2,
        "rang_Te_MOOV": 1,
        "rang_Tc_ORANGE": 1,
        "rang_Tc_MTN": 1,
        "rang_Tc_MOOV": 3,
        "rang_Tbd_ORANGE": 3,
        "rang_Tbd_MTN": 2,
        "rang_Tbd_MOOV": 1,
        "rang_Tq_ORANGE": 2,
        "rang_Tq_MTN": 3,
        "rang_Tq_MOOV": 1
      },
      "id": 56
    },
    {
      "type": "Feature",
      "geometry": {
        "coordinates": [
          -7.34262,
          6.75496
        ],
        "type": "Point"
      },
      "properties": {
        "ADM0_FR": "MONTAGNES",
        "ADM0_PCODE": "CI09",
        "ADM1_FR": "GUEMON",
        "ADM1_PCODE": "CI116",
        "ADM2_FR": "DUEKOUE",
        "ADM2_PCODE": "CI1602",
        "ADM3_FR": "DUEKOUE",
        "ADM3_PCODE": "CI160202",
        "ADM4_FR": "DUEKOUE",
        "ADM4_PCODE": "C2425",
        "centerLat": 6.74496,
        "centerLng": -7.34262,
        "pop": 90274,
        "Te_MOOV": 0.38,
        "Tbd_MOOV": 73.48,
        "Tc_MOOV": 0.38,
        "Tq_MOOV": 5.319999999999999,
        "Te_MTN": 3.6999999999999997,
        "Tbd_MTN": 18.15,
        "Tc_MTN": 0.0,
        "Tq_MTN": 29.84,
        "Te_ORANGE": 4.44,
        "Tbd_ORANGE": 24.42,
        "Tc_ORANGE": 0.0,
        "Tq_ORANGE": 3.88,
        "rang_Te_ORANGE": 3,
        "rang_Te_MTN": 2,
        "rang_Te_MOOV": 1,
        "rang_Tc_ORANGE": 1,
        "rang_Tc_MTN": 1,
        "rang_Tc_MOOV": 3,
        "rang_Tbd_ORANGE": 2,
        "rang_Tbd_MTN": 3,
        "rang_Tbd_MOOV": 1,
        "rang_Tq_ORANGE": 1,
        "rang_Tq_MTN": 3,
        "rang_Tq_MOOV": 2
      },
      "id": 57
    },
    {
      "type": "Feature",
      "geometry": {
        "coordinates": [
          -4.51,
          5.7
        ],
        "type": "Point"
      },
      "properties": {
        "ADM0_FR": "LAGUNES",
        "ADM0_PCODE": "CI08",
        "ADM1_FR": "AGNEBY-TIASSA",
        "ADM1_PCODE": "CI103",
        "ADM2_FR": "SIKENSI",
        "ADM2_PCODE": "CI0302",
        "ADM3_FR": "SIKENSI",
        "ADM3_PCODE": "CI030201",
        "ADM4_FR": "ELLIBOU",
        "ADM4_PCODE": "C2485",
        "centerLat": 5.69,
        "centerLng": -4.51,
        "pop": 5875,
        "Te_MOOV": 0.0,
        "Tbd_MOOV": 43.69,
        "Tc_MOOV": 0.0,
        "Tq_MOOV": 0.0,
        "Te_MTN": 0.0,
        "Tbd_MTN": 90.38000000000001,
        "Tc_MTN": 0.0,
        "Tq_MTN": 4.8500000000000005,
        "Te_ORANGE": 2.86,
        "Tbd_ORANGE": 85.15,
        "Tc_ORANGE": 0.98,
        "Tq_ORANGE": 10.2,
        "rang_Te_ORANGE": 3,
        "rang_Te_MTN": 1,
        "rang_Te_MOOV": 1,
        "rang_Tc_ORANGE": 3,
        "rang_Tc_MTN": 1,
        "rang_Tc_MOOV": 1,
        "rang_Tbd_ORANGE": 2,
        "rang_Tbd_MTN": 1,
        "rang_Tbd_MOOV": 3,
        "rang_Tq_ORANGE": 3,
        "rang_Tq_MTN": 2,
        "rang_Tq_MOOV": 1
      },
      "id": 58
    },
    {
      "type": "Feature",
      "geometry": {
        "coordinates": [
          -7.37694,
          7.39819
        ],
        "type": "Point"
      },
      "properties": {
        "ADM0_FR": "MONTAGNES",
        "ADM0_PCODE": "CI09",
        "ADM1_FR": "GUEMON",
        "ADM1_PCODE": "CI116",
        "ADM2_FR": "FACOBLY",
        "ADM2_PCODE": "CI1603",
        "ADM3_FR": "FACOBLY",
        "ADM3_PCODE": "CI160301",
        "ADM4_FR": "FACOBLY",
        "ADM4_PCODE": "C2527",
        "centerLat": 7.38819,
        "centerLng": -7.37694,
        "pop": 4536,
        "Te_MOOV": 0.95,
        "Tbd_MOOV": 60.58,
        "Tc_MOOV": 0.0,
        "Tq_MOOV": 13.459999999999999,
        "Te_MTN": 2.83,
        "Tbd_MTN": 91.25999999999999,
        "Tc_MTN": 0.0,
        "Tq_MTN": 26.21,
        "Te_ORANGE": 1.94,
        "Tbd_ORANGE": 14.85,
        "Tc_ORANGE": 0.0,
        "Tq_ORANGE": 4.95,
        "rang_Te_ORANGE": 2,
        "rang_Te_MTN": 3,
        "rang_Te_MOOV": 1,
        "rang_Tc_ORANGE": 1,
        "rang_Tc_MTN": 1,
        "rang_Tc_MOOV": 1,
        "rang_Tbd_ORANGE": 3,
        "rang_Tbd_MTN": 1,
        "rang_Tbd_MOOV": 2,
        "rang_Tq_ORANGE": 1,
        "rang_Tq_MTN": 3,
        "rang_Tq_MOOV": 2
      },
      "id": 59
    },
    {
      "type": "Feature",
      "geometry": {
        "coordinates": [
          -5.19762,
          9.60226
        ],
        "type": "Point"
      },
      "properties": {
        "ADM0_FR": "SAVANES",
        "ADM0_PCODE": "CI11",
        "ADM1_FR": "TCHOLOGO",
        "ADM1_PCODE": "CI131",
        "ADM2_FR": "FERKESSEDOUGOU",
        "ADM2_PCODE": "CI3101",
        "ADM3_FR": "FERKESSEDOUGOU",
        "ADM3_PCODE": "CI310101",
        "ADM4_FR": "FERKESSÉDOUGOU",
        "ADM4_PCODE": "C2603",
        "centerLat": 9.59226,
        "centerLng": -5.19762,
        "pop": 55910,
        "Te_MOOV": 1.17,
        "Tbd_MOOV": 90.16,
        "Tc_MOOV": 0.0,
        "Tq_MOOV": 1.18,
        "Te_MTN": 0.38999999999999996,
        "Tbd_MTN": 87.83999999999999,
        "Tc_MTN": 0.0,
        "Tq_MTN": 0.7799999999999999,
        "Te_ORANGE": 4.279999999999999,
        "Tbd_ORANGE": 78.86,
        "Tc_ORANGE": 0.0,
        "Tq_ORANGE": 0.41000000000000003,
        "rang_Te_ORANGE": 3,
        "rang_Te_MTN": 1,
        "rang_Te_MOOV": 2,
        "rang_Tc_ORANGE": 1,
        "rang_Tc_MTN": 1,
        "rang_Tc_MOOV": 1,
        "rang_Tbd_ORANGE": 3,
        "rang_Tbd_MTN": 2,
        "rang_Tbd_MOOV": 1,
        "rang_Tq_ORANGE": 1,
        "rang_Tq_MTN": 2,
        "rang_Tq_MOOV": 3
      },
      "id": 60
    },
    {
      "type": "Feature",
      "geometry": {
        "coordinates": [
          -5.58651,
          5.11559
        ],
        "type": "Point"
      },
      "properties": {
        "ADM0_FR": "BAS-SASSANDRA",
        "ADM0_PCODE": "CI01",
        "ADM1_FR": "GBOKLE",
        "ADM1_PCODE": "CI112",
        "ADM2_FR": "FRESCO",
        "ADM2_PCODE": "CI1201",
        "ADM3_FR": "FRESCO",
        "ADM3_PCODE": "CI120102",
        "ADM4_FR": "FRESCO",
        "ADM4_PCODE": "C2691",
        "centerLat": 5.10559,
        "centerLng": -5.58651,
        "pop": 8533,
        "Te_MOOV": 0.61,
        "Tbd_MOOV": 97.56,
        "Tc_MOOV": 0.61,
        "Tq_MOOV": 0.61,
        "Te_MTN": 7.9799999999999995,
        "Tbd_MTN": 81.88,
        "Tc_MTN": 1.3299999999999998,
        "Tq_MTN": 0.6799999999999999,
        "Te_ORANGE": 16.36,
        "Tbd_ORANGE": 42.03,
        "Tc_ORANGE": 1.4500000000000002,
        "Tq_ORANGE": 6.67,
        "rang_Te_ORANGE": 3,
        "rang_Te_MTN": 2,
        "rang_Te_MOOV": 1,
        "rang_Tc_ORANGE": 3,
        "rang_Tc_MTN": 2,
        "rang_Tc_MOOV": 1,
        "rang_Tbd_ORANGE": 3,
        "rang_Tbd_MTN": 2,
        "rang_Tbd_MOOV": 1,
        "rang_Tq_ORANGE": 3,
        "rang_Tq_MTN": 2,
        "rang_Tq_MOOV": 1
      },
      "id": 61
    },
    {
      "type": "Feature",
      "geometry": {
        "coordinates": [
          -5.94436,
          6.13836
        ],
        "type": "Point"
      },
      "properties": {
        "ADM0_FR": "GOH-DJIBOUA",
        "ADM0_PCODE": "CI06",
        "ADM1_FR": "GOH",
        "ADM1_PCODE": "CI113",
        "ADM2_FR": "GAGNOA",
        "ADM2_PCODE": "CI1301",
        "ADM3_FR": "GAGNOA",
        "ADM3_PCODE": "CI130106",
        "ADM4_FR": "GAGNOA",
        "ADM4_PCODE": "C2707",
        "centerLat": 6.12836,
        "centerLng": -5.94436,
        "pop": 160465,
        "Te_MOOV": 0.0,
        "Tbd_MOOV": 46.67,
        "Tc_MOOV": 0.51,
        "Tq_MOOV": 11.4,
        "Te_MTN": 3.54,
        "Tbd_MTN": 98.22,
        "Tc_MTN": 0.52,
        "Tq_MTN": 6.38,
        "Te_ORANGE": 1.52,
        "Tbd_ORANGE": 89.18,
        "Tc_ORANGE": 0.0,
        "Tq_ORANGE": 3.1300000000000003,
        "rang_Te_ORANGE": 2,
        "rang_Te_MTN": 3,
        "rang_Te_MOOV": 1,
        "rang_Tc_ORANGE": 1,
        "rang_Tc_MTN": 3,
        "rang_Tc_MOOV": 2,
        "rang_Tbd_ORANGE": 2,
        "rang_Tbd_MTN": 1,
        "rang_Tbd_MOOV": 3,
        "rang_Tq_ORANGE": 1,
        "rang_Tq_MTN": 2,
        "rang_Tq_MOOV": 3
      },
      "id": 62
    },
    {
      "type": "Feature",
      "geometry": {
        "coordinates": [
          -8.33,
          7.58
        ],
        "type": "Point"
      },
      "properties": {
        "ADM0_FR": "MONTAGNES",
        "ADM0_PCODE": "CI09",
        "ADM1_FR": "TONKPI",
        "ADM1_PCODE": "CI132",
        "ADM2_FR": "DANANE",
        "ADM2_PCODE": "CI3202",
        "ADM3_FR": "KOUAN-HOULE",
        "ADM3_PCODE": "CI320204",
        "ADM4_FR": "GBAPLEU",
        "ADM4_PCODE": "C2878",
        "centerLat": 7.57,
        "centerLng": -8.33,
        "pop": 2358,
        "Te_MOOV": 6.58,
        "Tbd_MOOV": 25.0,
        "Tc_MOOV": 0.0,
        "Tq_MOOV": 100.0,
        "Te_MTN": 10.59,
        "Tbd_MTN": 80.25999999999999,
        "Tc_MTN": 0.66,
        "Tq_MTN": 59.870000000000005,
        "Te_ORANGE": 3.55,
        "Tbd_ORANGE": 16.56,
        "Tc_ORANGE": 1.23,
        "Tq_ORANGE": 8.07,
        "rang_Te_ORANGE": 1,
        "rang_Te_MTN": 3,
        "rang_Te_MOOV": 2,
        "rang_Tc_ORANGE": 3,
        "rang_Tc_MTN": 2,
        "rang_Tc_MOOV": 1,
        "rang_Tbd_ORANGE": 3,
        "rang_Tbd_MTN": 1,
        "rang_Tbd_MOOV": 2,
        "rang_Tq_ORANGE": 1,
        "rang_Tq_MTN": 2,
        "rang_Tq_MOOV": 3
      },
      "id": 63
    },
    {
      "type": "Feature",
      "geometry": {
        "coordinates": [
          -6.44827,
          9.8441
        ],
        "type": "Point"
      },
      "properties": {
        "ADM0_FR": "SAVANES",
        "ADM0_PCODE": "CI11",
        "ADM1_FR": "BAGOUE",
        "ADM1_PCODE": "CI105",
        "ADM2_FR": "KOUTO",
        "ADM2_PCODE": "CI0502",
        "ADM3_FR": "GBON",
        "ADM3_PCODE": "CI050203",
        "ADM4_FR": "GBON",
        "ADM4_PCODE": "C2986",
        "centerLat": 9.8341,
        "centerLng": -6.44827,
        "pop": 9615,
        "Te_MOOV": 0.0,
        "Tbd_MOOV": 90.98,
        "Tc_MOOV": 0.8200000000000001,
        "Tq_MOOV": 0.83,
        "Te_MTN": 0.0,
        "Tbd_MTN": 89.34,
        "Tc_MTN": 0.0,
        "Tq_MTN": 0.0,
        "Te_ORANGE": 3.3300000000000005,
        "Tbd_ORANGE": 67.24,
        "Tc_ORANGE": 0.0,
        "Tq_ORANGE": 0.86,
        "rang_Te_ORANGE": 3,
        "rang_Te_MTN": 1,
        "rang_Te_MOOV": 1,
        "rang_Tc_ORANGE": 1,
        "rang_Tc_MTN": 1,
        "rang_Tc_MOOV": 3,
        "rang_Tbd_ORANGE": 3,
        "rang_Tbd_MTN": 2,
        "rang_Tbd_MOOV": 1,
        "rang_Tq_ORANGE": 3,
        "rang_Tq_MTN": 1,
        "rang_Tq_MOOV": 2
      },
      "id": 64
    },
    {
      "type": "Feature",
      "geometry": {
        "coordinates": [
          -5.96948,
          6.954689999999999
        ],
        "type": "Point"
      },
      "properties": {
        "ADM0_FR": "SASSANDRA-MARAHOUE",
        "ADM0_PCODE": "CI10",
        "ADM1_FR": "MARAHOUE",
        "ADM1_PCODE": "CI123",
        "ADM2_FR": "BOUAFLE",
        "ADM2_PCODE": "CI2301",
        "ADM3_FR": "BONON",
        "ADM3_PCODE": "CI230102",
        "ADM4_FR": "GOBAZRA",
        "ADM4_PCODE": "C3147",
        "centerLat": 6.94469,
        "centerLng": -5.96948,
        "pop": 3978,
        "Te_MOOV": 2.27,
        "Tbd_MOOV": 17.83,
        "Tc_MOOV": 0.0,
        "Tq_MOOV": 69.53,
        "Te_MTN": 1.5,
        "Tbd_MTN": 87.02,
        "Tc_MTN": 0.76,
        "Tq_MTN": 0.77,
        "Te_ORANGE": 2.26,
        "Tbd_ORANGE": 90.77,
        "Tc_ORANGE": 0.0,
        "Tq_ORANGE": 0.0,
        "rang_Te_ORANGE": 2,
        "rang_Te_MTN": 1,
        "rang_Te_MOOV": 3,
        "rang_Tc_ORANGE": 1,
        "rang_Tc_MTN": 3,
        "rang_Tc_MOOV": 1,
        "rang_Tbd_ORANGE": 1,
        "rang_Tbd_MTN": 2,
        "rang_Tbd_MOOV": 3,
        "rang_Tq_ORANGE": 1,
        "rang_Tq_MTN": 2,
        "rang_Tq_MOOV": 3
      },
      "id": 65
    },
    {
      "type": "Feature",
      "geometry": {
        "coordinates": [
          -6.2454,
          6.91526
        ],
        "type": "Point"
      },
      "properties": {
        "ADM0_FR": "SASSANDRA-MARAHOUE",
        "ADM0_PCODE": "CI10",
        "ADM1_FR": "HAUT-SASSANDRA",
        "ADM1_PCODE": "CI118",
        "ADM2_FR": "DALOA",
        "ADM2_PCODE": "CI1801",
        "ADM3_FR": "GONATE",
        "ADM3_PCODE": "CI180105",
        "ADM4_FR": "GONATÉ",
        "ADM4_PCODE": "C3235",
        "centerLat": 6.90526,
        "centerLng": -6.2454,
        "pop": 19161,
        "Te_MOOV": 0.65,
        "Tbd_MOOV": 62.99,
        "Tc_MOOV": 1.3,
        "Tq_MOOV": 1.32,
        "Te_MTN": 5.19,
        "Tbd_MTN": 52.410000000000004,
        "Tc_MTN": 1.37,
        "Tq_MTN": 4.2,
        "Te_ORANGE": 2.6100000000000003,
        "Tbd_ORANGE": 31.540000000000003,
        "Tc_ORANGE": 1.34,
        "Tq_ORANGE": 11.72,
        "rang_Te_ORANGE": 2,
        "rang_Te_MTN": 3,
        "rang_Te_MOOV": 1,
        "rang_Tc_ORANGE": 2,
        "rang_Tc_MTN": 3,
        "rang_Tc_MOOV": 1,
        "rang_Tbd_ORANGE": 3,
        "rang_Tbd_MTN": 2,
        "rang_Tbd_MOOV": 1,
        "rang_Tq_ORANGE": 3,
        "rang_Tq_MTN": 2,
        "rang_Tq_MOOV": 1
      },
      "id": 66
    },
    {
      "type": "Feature",
      "geometry": {
        "coordinates": [
          -5.00208,
          5.259189999999999
        ],
        "type": "Point"
      },
      "properties": {
        "ADM0_FR": "LAGUNES",
        "ADM0_PCODE": "CI08",
        "ADM1_FR": "GRANDS-PONTS",
        "ADM1_PCODE": "CI115",
        "ADM2_FR": "GRAND-LAHOU",
        "ADM2_PCODE": "CI1502",
        "ADM3_FR": "GRAND-LAHOU",
        "ADM3_PCODE": "CI150204",
        "ADM4_FR": "GRAND-LAHOU",
        "ADM4_PCODE": "C3376",
        "centerLat": 5.24919,
        "centerLng": -5.00208,
        "pop": 28470,
        "Te_MOOV": 1.8800000000000001,
        "Tbd_MOOV": 95.54,
        "Tc_MOOV": 0.0,
        "Tq_MOOV": 0.64,
        "Te_MTN": 13.66,
        "Tbd_MTN": 64.75,
        "Tc_MTN": 2.88,
        "Tq_MTN": 30.3,
        "Te_ORANGE": 21.43,
        "Tbd_ORANGE": 21.490000000000002,
        "Tc_ORANGE": 0.83,
        "Tq_ORANGE": 8.33,
        "rang_Te_ORANGE": 3,
        "rang_Te_MTN": 2,
        "rang_Te_MOOV": 1,
        "rang_Tc_ORANGE": 2,
        "rang_Tc_MTN": 3,
        "rang_Tc_MOOV": 1,
        "rang_Tbd_ORANGE": 3,
        "rang_Tbd_MTN": 2,
        "rang_Tbd_MOOV": 1,
        "rang_Tq_ORANGE": 2,
        "rang_Tq_MTN": 3,
        "rang_Tq_MOOV": 1
      },
      "id": 67
    },
    {
      "type": "Feature",
      "geometry": {
        "coordinates": [
          -6.9247,
          4.66053
        ],
        "type": "Point"
      },
      "properties": {
        "ADM0_FR": "BAS-SASSANDRA",
        "ADM0_PCODE": "CI01",
        "ADM1_FR": "SAN-PEDRO",
        "ADM1_PCODE": "CI129",
        "ADM2_FR": "SAN-PEDRO",
        "ADM2_PCODE": "CI2901",
        "ADM3_FR": "GRAND-BEREBY",
        "ADM3_PCODE": "CI290105",
        "ADM4_FR": "GRAND-BÉRÉBY",
        "ADM4_PCODE": "C3368",
        "centerLat": 4.65053,
        "centerLng": -6.9247,
        "pop": 9338,
        "Te_MOOV": 1.8599999999999999,
        "Tbd_MOOV": 24.2,
        "Tc_MOOV": 0.0,
        "Tq_MOOV": 0.64,
        "Te_MTN": 3.6999999999999997,
        "Tbd_MTN": 30.769999999999996,
        "Tc_MTN": 0.64,
        "Tq_MTN": 0.65,
        "Te_ORANGE": 9.43,
        "Tbd_ORANGE": 23.78,
        "Tc_ORANGE": 0.0,
        "Tq_ORANGE": 15.379999999999999,
        "rang_Te_ORANGE": 3,
        "rang_Te_MTN": 2,
        "rang_Te_MOOV": 1,
        "rang_Tc_ORANGE": 1,
        "rang_Tc_MTN": 3,
        "rang_Tc_MOOV": 1,
        "rang_Tbd_ORANGE": 3,
        "rang_Tbd_MTN": 1,
        "rang_Tbd_MOOV": 2,
        "rang_Tq_ORANGE": 3,
        "rang_Tq_MTN": 2,
        "rang_Tq_MOOV": 1
      },
      "id": 68
    },
    {
      "type": "Feature",
      "geometry": {
        "coordinates": [
          -6.9556,
          6.75014
        ],
        "type": "Point"
      },
      "properties": {
        "ADM0_FR": "SASSANDRA-MARAHOUE",
        "ADM0_PCODE": "CI10",
        "ADM1_FR": "HAUT-SASSANDRA",
        "ADM1_PCODE": "CI118",
        "ADM2_FR": "ZOUKOUGBEU",
        "ADM2_PCODE": "CI1804",
        "ADM3_FR": "GUESSABO",
        "ADM3_PCODE": "CI180404",
        "ADM4_FR": "GUESSABO",
        "ADM4_PCODE": "C3447",
        "centerLat": 6.74014,
        "centerLng": -6.9556,
        "pop": 13843,
        "Te_MOOV": 0.0,
        "Tbd_MOOV": 72.07000000000001,
        "Tc_MOOV": 0.89,
        "Tq_MOOV": 3.6999999999999997,
        "Te_MTN": 0.0,
        "Tbd_MTN": 77.88000000000001,
        "Tc_MTN": 0.0,
        "Tq_MTN": 15.040000000000001,
        "Te_ORANGE": 12.5,
        "Tbd_ORANGE": 65.31,
        "Tc_ORANGE": 0.0,
        "Tq_ORANGE": 4.08,
        "rang_Te_ORANGE": 3,
        "rang_Te_MTN": 1,
        "rang_Te_MOOV": 1,
        "rang_Tc_ORANGE": 1,
        "rang_Tc_MTN": 1,
        "rang_Tc_MOOV": 3,
        "rang_Tbd_ORANGE": 3,
        "rang_Tbd_MTN": 1,
        "rang_Tbd_MOOV": 2,
        "rang_Tq_ORANGE": 2,
        "rang_Tq_MTN": 3,
        "rang_Tq_MOOV": 1
      },
      "id": 69
    },
    {
      "type": "Feature",
      "geometry": {
        "coordinates": [
          -7.12,
          6.75
        ],
        "type": "Point"
      },
      "properties": {
        "ADM0_FR": "MONTAGNES",
        "ADM0_PCODE": "CI09",
        "ADM1_FR": "CAVALLY",
        "ADM1_PCODE": "CI109",
        "ADM2_FR": "GUIGLO",
        "ADM2_PCODE": "CI0902",
        "ADM3_FR": "KAADE",
        "ADM3_PCODE": "CI090203",
        "ADM4_FR": "GUÉZON",
        "ADM4_PCODE": "C3475",
        "centerLat": 6.74,
        "centerLng": -7.12,
        "pop": 1144,
        "Te_MOOV": 0.0,
        "Tbd_MOOV": 90.0,
        "Tc_MOOV": 0.0,
        "Tq_MOOV": 2.75,
        "Te_MTN": 0.91,
        "Tbd_MTN": 48.620000000000005,
        "Tc_MTN": 0.0,
        "Tq_MTN": 0.0,
        "Te_ORANGE": 0.0,
        "Tbd_ORANGE": 47.22,
        "Tc_ORANGE": 0.0,
        "Tq_ORANGE": 6.54,
        "rang_Te_ORANGE": 1,
        "rang_Te_MTN": 3,
        "rang_Te_MOOV": 1,
        "rang_Tc_ORANGE": 1,
        "rang_Tc_MTN": 1,
        "rang_Tc_MOOV": 1,
        "rang_Tbd_ORANGE": 3,
        "rang_Tbd_MTN": 2,
        "rang_Tbd_MOOV": 1,
        "rang_Tq_ORANGE": 3,
        "rang_Tq_MTN": 1,
        "rang_Tq_MOOV": 2
      },
      "id": 70
    },
    {
      "type": "Feature",
      "geometry": {
        "coordinates": [
          -7.48625,
          6.55472
        ],
        "type": "Point"
      },
      "properties": {
        "ADM0_FR": "MONTAGNES",
        "ADM0_PCODE": "CI09",
        "ADM1_FR": "CAVALLY",
        "ADM1_PCODE": "CI109",
        "ADM2_FR": "GUIGLO",
        "ADM2_PCODE": "CI0902",
        "ADM3_FR": "GUIGLO",
        "ADM3_PCODE": "CI090201",
        "ADM4_FR": "GUIGLO",
        "ADM4_PCODE": "C3495",
        "centerLat": 6.54472,
        "centerLng": -7.48625,
        "pop": 52544,
        "Te_MOOV": 0.38,
        "Tbd_MOOV": 90.14999999999999,
        "Tc_MOOV": 0.38,
        "Tq_MOOV": 13.74,
        "Te_MTN": 0.76,
        "Tbd_MTN": 85.11,
        "Tc_MTN": 0.0,
        "Tq_MTN": 0.0,
        "Te_ORANGE": 3.44,
        "Tbd_ORANGE": 67.58999999999999,
        "Tc_ORANGE": 0.79,
        "Tq_ORANGE": 3.5900000000000003,
        "rang_Te_ORANGE": 3,
        "rang_Te_MTN": 2,
        "rang_Te_MOOV": 1,
        "rang_Tc_ORANGE": 3,
        "rang_Tc_MTN": 1,
        "rang_Tc_MOOV": 2,
        "rang_Tbd_ORANGE": 3,
        "rang_Tbd_MTN": 2,
        "rang_Tbd_MOOV": 1,
        "rang_Tq_ORANGE": 2,
        "rang_Tq_MTN": 1,
        "rang_Tq_MOOV": 3
      },
      "id": 71
    },
    {
      "type": "Feature",
      "geometry": {
        "coordinates": [
          -7.72352,
          6.577319999999999
        ],
        "type": "Point"
      },
      "properties": {
        "ADM0_FR": "MONTAGNES",
        "ADM0_PCODE": "CI09",
        "ADM1_FR": "CAVALLY",
        "ADM1_PCODE": "CI109",
        "ADM2_FR": "GUIGLO",
        "ADM2_PCODE": "CI0902",
        "ADM3_FR": "KAADE",
        "ADM3_PCODE": "CI090203",
        "ADM4_FR": "GUINKIN",
        "ADM4_PCODE": "C3519",
        "centerLat": 6.56732,
        "centerLng": -7.72352,
        "pop": 5964,
        "Te_MOOV": 0.0,
        "Tbd_MOOV": 92.97999999999999,
        "Tc_MOOV": 0.0,
        "Tq_MOOV": 15.040000000000001,
        "Te_MTN": 0.0,
        "Tbd_MTN": 77.19,
        "Tc_MTN": 0.0,
        "Tq_MTN": 0.0,
        "Te_ORANGE": 4.390000000000001,
        "Tbd_ORANGE": 76.14999999999999,
        "Tc_ORANGE": 0.0,
        "Tq_ORANGE": 4.590000000000001,
        "rang_Te_ORANGE": 3,
        "rang_Te_MTN": 1,
        "rang_Te_MOOV": 1,
        "rang_Tc_ORANGE": 1,
        "rang_Tc_MTN": 1,
        "rang_Tc_MOOV": 1,
        "rang_Tbd_ORANGE": 3,
        "rang_Tbd_MTN": 2,
        "rang_Tbd_MOOV": 1,
        "rang_Tq_ORANGE": 2,
        "rang_Tq_MTN": 1,
        "rang_Tq_MOOV": 3
      },
      "id": 72
    },
    {
      "type": "Feature",
      "geometry": {
        "coordinates": [
          -6.58904,
          6.4976199999999995
        ],
        "type": "Point"
      },
      "properties": {
        "ADM0_FR": "SASSANDRA-MARAHOUE",
        "ADM0_PCODE": "CI10",
        "ADM1_FR": "HAUT-SASSANDRA",
        "ADM1_PCODE": "CI118",
        "ADM2_FR": "ISSIA",
        "ADM2_PCODE": "CI1802",
        "ADM3_FR": "ISSIA",
        "ADM3_PCODE": "CI180201",
        "ADM4_FR": "ISSIA",
        "ADM4_PCODE": "C3598",
        "centerLat": 6.48762,
        "centerLng": -6.58904,
        "pop": 52660,
        "Te_MOOV": 0.74,
        "Tbd_MOOV": 85.56,
        "Tc_MOOV": 0.0,
        "Tq_MOOV": 19.78,
        "Te_MTN": 3.9899999999999998,
        "Tbd_MTN": 87.17,
        "Tc_MTN": 0.75,
        "Tq_MTN": 3.7900000000000005,
        "Te_ORANGE": 4.03,
        "Tbd_ORANGE": 66.03,
        "Tc_ORANGE": 0.38,
        "Tq_ORANGE": 4.2299999999999995,
        "rang_Te_ORANGE": 3,
        "rang_Te_MTN": 2,
        "rang_Te_MOOV": 1,
        "rang_Tc_ORANGE": 2,
        "rang_Tc_MTN": 3,
        "rang_Tc_MOOV": 1,
        "rang_Tbd_ORANGE": 3,
        "rang_Tbd_MTN": 1,
        "rang_Tbd_MOOV": 2,
        "rang_Tq_ORANGE": 2,
        "rang_Tq_MTN": 1,
        "rang_Tq_MOOV": 3
      },
      "id": 73
    },
    {
      "type": "Feature",
      "geometry": {
        "coordinates": [
          -4.41967,
          5.21547
        ],
        "type": "Point"
      },
      "properties": {
        "ADM0_FR": "LAGUNES",
        "ADM0_PCODE": "CI08",
        "ADM1_FR": "GRANDS-PONTS",
        "ADM1_PCODE": "CI115",
        "ADM2_FR": "JACQUEVILLE",
        "ADM2_PCODE": "CI1503",
        "ADM3_FR": "JACQUEVILLE",
        "ADM3_PCODE": "CI150301",
        "ADM4_FR": "JACQUEVILLE",
        "ADM4_PCODE": "C3604",
        "centerLat": 5.20547,
        "centerLng": -4.41967,
        "pop": 11096,
        "Te_MOOV": 1.21,
        "Tbd_MOOV": 96.93,
        "Tc_MOOV": 0.0,
        "Tq_MOOV": 0.0,
        "Te_MTN": 1.21,
        "Tbd_MTN": 95.09,
        "Tc_MTN": 0.61,
        "Tq_MTN": 0.0,
        "Te_ORANGE": 13.209999999999999,
        "Tbd_ORANGE": 36.5,
        "Tc_ORANGE": 0.0,
        "Tq_ORANGE": 9.56,
        "rang_Te_ORANGE": 3,
        "rang_Te_MTN": 1,
        "rang_Te_MOOV": 1,
        "rang_Tc_ORANGE": 1,
        "rang_Tc_MTN": 3,
        "rang_Tc_MOOV": 1,
        "rang_Tbd_ORANGE": 3,
        "rang_Tbd_MTN": 2,
        "rang_Tbd_MOOV": 1,
        "rang_Tq_ORANGE": 3,
        "rang_Tq_MTN": 1,
        "rang_Tq_MOOV": 1
      },
      "id": 74
    },
    {
      "type": "Feature",
      "geometry": {
        "coordinates": [
          -6.60449,
          8.48952
        ],
        "type": "Point"
      },
      "properties": {
        "ADM0_FR": "WOROBA",
        "ADM0_PCODE": "CI13",
        "ADM1_FR": "WORODOUGOU",
        "ADM1_PCODE": "CI133",
        "ADM2_FR": "KANI",
        "ADM2_PCODE": "CI3301",
        "ADM3_FR": "KANI",
        "ADM3_PCODE": "CI330101",
        "ADM4_FR": "KANI",
        "ADM4_PCODE": "C3786",
        "centerLat": 8.47952,
        "centerLng": -6.60449,
        "pop": 8908,
        "Te_MOOV": 0.0,
        "Tbd_MOOV": 94.59,
        "Tc_MOOV": 0.0,
        "Tq_MOOV": 2.7,
        "Te_MTN": 0.0,
        "Tbd_MTN": 85.45,
        "Tc_MTN": 0.0,
        "Tq_MTN": 9.17,
        "Te_ORANGE": 1.7999999999999998,
        "Tbd_ORANGE": 72.48,
        "Tc_ORANGE": 0.0,
        "Tq_ORANGE": 4.590000000000001,
        "rang_Te_ORANGE": 3,
        "rang_Te_MTN": 1,
        "rang_Te_MOOV": 1,
        "rang_Tc_ORANGE": 1,
        "rang_Tc_MTN": 1,
        "rang_Tc_MOOV": 1,
        "rang_Tbd_ORANGE": 3,
        "rang_Tbd_MTN": 2,
        "rang_Tbd_MOOV": 1,
        "rang_Tq_ORANGE": 2,
        "rang_Tq_MTN": 3,
        "rang_Tq_MOOV": 1
      },
      "id": 75
    },
    {
      "type": "Feature",
      "geometry": {
        "coordinates": [
          -5.10206,
          8.14861
        ],
        "type": "Point"
      },
      "properties": {
        "ADM0_FR": "VALLEE DU BANDAMA",
        "ADM0_PCODE": "CI12",
        "ADM1_FR": "HAMBOL",
        "ADM1_PCODE": "CI117",
        "ADM2_FR": "KATIOLA",
        "ADM2_PCODE": "CI1702",
        "ADM3_FR": "KATIOLA",
        "ADM3_PCODE": "CI170201",
        "ADM4_FR": "KATIOLA",
        "ADM4_PCODE": "C3915",
        "centerLat": 8.13861,
        "centerLng": -5.10206,
        "pop": 40319,
        "Te_MOOV": 0.0,
        "Tbd_MOOV": 82.08,
        "Tc_MOOV": 0.58,
        "Tq_MOOV": 6.98,
        "Te_MTN": 1.1400000000000001,
        "Tbd_MTN": 96.53,
        "Tc_MTN": 0.0,
        "Tq_MTN": 0.58,
        "Te_ORANGE": 4.569999999999999,
        "Tbd_ORANGE": 72.46000000000001,
        "Tc_ORANGE": 0.0,
        "Tq_ORANGE": 0.6,
        "rang_Te_ORANGE": 3,
        "rang_Te_MTN": 2,
        "rang_Te_MOOV": 1,
        "rang_Tc_ORANGE": 1,
        "rang_Tc_MTN": 1,
        "rang_Tc_MOOV": 3,
        "rang_Tbd_ORANGE": 3,
        "rang_Tbd_MTN": 1,
        "rang_Tbd_MOOV": 2,
        "rang_Tq_ORANGE": 2,
        "rang_Tq_MTN": 1,
        "rang_Tq_MOOV": 3
      },
      "id": 76
    },
    {
      "type": "Feature",
      "geometry": {
        "coordinates": [
          -3.29073,
          9.69684
        ],
        "type": "Point"
      },
      "properties": {
        "ADM0_FR": "ZANZAN",
        "ADM0_PCODE": "CI14",
        "ADM1_FR": "BOUNKANI",
        "ADM1_PCODE": "CI108",
        "ADM2_FR": "DOROPO",
        "ADM2_PCODE": "CI0802",
        "ADM3_FR": "DOROPO",
        "ADM3_PCODE": "CI080202",
        "ADM4_FR": "KODO",
        "ADM4_PCODE": "C4109",
        "centerLat": 9.68684,
        "centerLng": -3.29073,
        "pop": 604,
        "Te_MOOV": 4.35,
        "Tbd_MOOV": 49.54,
        "Tc_MOOV": 0.0,
        "Tq_MOOV": 0.0,
        "Te_MTN": 0.0,
        "Tbd_MTN": 77.95,
        "Tc_MTN": 0.7799999999999999,
        "Tq_MTN": 0.8099999999999999,
        "Te_ORANGE": 0.8999999999999999,
        "Tbd_ORANGE": 27.27,
        "Tc_ORANGE": 0.0,
        "Tq_ORANGE": 1.41,
        "rang_Te_ORANGE": 2,
        "rang_Te_MTN": 1,
        "rang_Te_MOOV": 3,
        "rang_Tc_ORANGE": 1,
        "rang_Tc_MTN": 3,
        "rang_Tc_MOOV": 1,
        "rang_Tbd_ORANGE": 3,
        "rang_Tbd_MTN": 1,
        "rang_Tbd_MOOV": 2,
        "rang_Tq_ORANGE": 3,
        "rang_Tq_MTN": 2,
        "rang_Tq_MOOV": 1
      },
      "id": 77
    },
    {
      "type": "Feature",
      "geometry": {
        "coordinates": [
          -6.46315,
          9.77592
        ],
        "type": "Point"
      },
      "properties": {
        "ADM0_FR": "SAVANES",
        "ADM0_PCODE": "CI11",
        "ADM1_FR": "BAGOUE",
        "ADM1_PCODE": "CI105",
        "ADM2_FR": "KOUTO",
        "ADM2_PCODE": "CI0502",
        "ADM3_FR": "KOLIA",
        "ADM3_PCODE": "CI050204",
        "ADM4_FR": "KOLIA",
        "ADM4_PCODE": "C4231",
        "centerLat": 9.76592,
        "centerLng": -6.46315,
        "pop": 12124,
        "Te_MOOV": 0.0,
        "Tbd_MOOV": 26.669999999999998,
        "Tc_MOOV": 0.0,
        "Tq_MOOV": 39.17,
        "Te_MTN": 0.0,
        "Tbd_MTN": 26.669999999999998,
        "Tc_MTN": 0.0,
        "Tq_MTN": 39.17,
        "Te_ORANGE": 2.5,
        "Tbd_ORANGE": 66.67,
        "Tc_ORANGE": 0.8500000000000001,
        "Tq_ORANGE": 0.86,
        "rang_Te_ORANGE": 3,
        "rang_Te_MTN": 1,
        "rang_Te_MOOV": 1,
        "rang_Tc_ORANGE": 3,
        "rang_Tc_MTN": 1,
        "rang_Tc_MOOV": 1,
        "rang_Tbd_ORANGE": 1,
        "rang_Tbd_MTN": 2,
        "rang_Tbd_MOOV": 2,
        "rang_Tq_ORANGE": 1,
        "rang_Tq_MTN": 2,
        "rang_Tq_MOOV": 2
      },
      "id": 78
    },
    {
      "type": "Feature",
      "geometry": {
        "coordinates": [
          -4.61251,
          9.16113
        ],
        "type": "Point"
      },
      "properties": {
        "ADM0_FR": "SAVANES",
        "ADM0_PCODE": "CI11",
        "ADM1_FR": "TCHOLOGO",
        "ADM1_PCODE": "CI131",
        "ADM2_FR": "KONG",
        "ADM2_PCODE": "CI3102",
        "ADM3_FR": "KONG",
        "ADM3_PCODE": "CI310201",
        "ADM4_FR": "KONG",
        "ADM4_PCODE": "C4324",
        "centerLat": 9.15113,
        "centerLng": -4.61251,
        "pop": 11774,
        "Te_MOOV": 0.0,
        "Tbd_MOOV": 92.65,
        "Tc_MOOV": 0.74,
        "Tq_MOOV": 0.0,
        "Te_MTN": 0.74,
        "Tbd_MTN": 80.74,
        "Tc_MTN": 0.0,
        "Tq_MTN": 0.74,
        "Te_ORANGE": 2.21,
        "Tbd_ORANGE": 66.92,
        "Tc_ORANGE": 0.0,
        "Tq_ORANGE": 0.75,
        "rang_Te_ORANGE": 3,
        "rang_Te_MTN": 2,
        "rang_Te_MOOV": 1,
        "rang_Tc_ORANGE": 1,
        "rang_Tc_MTN": 1,
        "rang_Tc_MOOV": 3,
        "rang_Tbd_ORANGE": 3,
        "rang_Tbd_MTN": 2,
        "rang_Tbd_MOOV": 1,
        "rang_Tq_ORANGE": 3,
        "rang_Tq_MTN": 2,
        "rang_Tq_MOOV": 1
      },
      "id": 79
    },
    {
      "type": "Feature",
      "geometry": {
        "coordinates": [
          -5.6375,
          9.46799
        ],
        "type": "Point"
      },
      "properties": {
        "ADM0_FR": "SAVANES",
        "ADM0_PCODE": "CI11",
        "ADM1_FR": "PORO",
        "ADM1_PCODE": "CI128",
        "ADM2_FR": "KORHOGO",
        "ADM2_PCODE": "CI2802",
        "ADM3_FR": "KORHOGO",
        "ADM3_PCODE": "CI280201",
        "ADM4_FR": "KORHOGO",
        "ADM4_PCODE": "C4410",
        "centerLat": 9.45799,
        "centerLng": -5.6375,
        "pop": 243048,
        "Te_MOOV": 4.36,
        "Tbd_MOOV": 73.32,
        "Tc_MOOV": 0.0,
        "Tq_MOOV": 5.64,
        "Te_MTN": 3.37,
        "Tbd_MTN": 82.59,
        "Tc_MTN": 0.47000000000000003,
        "Tq_MTN": 2.13,
        "Te_ORANGE": 5.24,
        "Tbd_ORANGE": 60.529999999999994,
        "Tc_ORANGE": 0.26,
        "Tq_ORANGE": 1.06,
        "rang_Te_ORANGE": 3,
        "rang_Te_MTN": 1,
        "rang_Te_MOOV": 2,
        "rang_Tc_ORANGE": 2,
        "rang_Tc_MTN": 3,
        "rang_Tc_MOOV": 1,
        "rang_Tbd_ORANGE": 3,
        "rang_Tbd_MTN": 1,
        "rang_Tbd_MOOV": 2,
        "rang_Tq_ORANGE": 1,
        "rang_Tq_MTN": 2,
        "rang_Tq_MOOV": 3
      },
      "id": 80
    },
    {
      "type": "Feature",
      "geometry": {
        "coordinates": [
          -7.46,
          8.56
        ],
        "type": "Point"
      },
      "properties": {
        "ADM0_FR": "ZANZAN",
        "ADM0_PCODE": "CI14",
        "ADM1_FR": "BOUNKANI",
        "ADM1_PCODE": "CI108",
        "ADM2_FR": "DOROPO",
        "ADM2_PCODE": "CI0802",
        "ADM3_FR": "NIAMOUE",
        "ADM3_PCODE": "CI080204",
        "ADM4_FR": "KORO",
        "ADM4_PCODE": "C4420",
        "centerLat": 8.55,
        "centerLng": -7.46,
        "pop": 257,
        "Te_MOOV": 1.4500000000000002,
        "Tbd_MOOV": 97.78999999999999,
        "Tc_MOOV": 0.0,
        "Tq_MOOV": 0.0,
        "Te_MTN": 0.0,
        "Tbd_MTN": 88.24,
        "Tc_MTN": 0.0,
        "Tq_MTN": 11.03,
        "Te_ORANGE": 2.94,
        "Tbd_ORANGE": 66.67,
        "Tc_ORANGE": 0.0,
        "Tq_ORANGE": 0.0,
        "rang_Te_ORANGE": 3,
        "rang_Te_MTN": 1,
        "rang_Te_MOOV": 2,
        "rang_Tc_ORANGE": 1,
        "rang_Tc_MTN": 1,
        "rang_Tc_MOOV": 1,
        "rang_Tbd_ORANGE": 3,
        "rang_Tbd_MTN": 2,
        "rang_Tbd_MOOV": 1,
        "rang_Tq_ORANGE": 1,
        "rang_Tq_MTN": 3,
        "rang_Tq_MOOV": 1
      },
      "id": 81
    },
    {
      "type": "Feature",
      "geometry": {
        "coordinates": [
          -4.13201,
          6.708089999999999
        ],
        "type": "Point"
      },
      "properties": {
        "ADM0_FR": "LACS",
        "ADM0_PCODE": "CI07",
        "ADM1_FR": "MORONOU",
        "ADM1_PCODE": "CI125",
        "ADM2_FR": "ARRAH",
        "ADM2_PCODE": "CI2501",
        "ADM3_FR": "KOTOBI",
        "ADM3_PCODE": "CI250102",
        "ADM4_FR": "KOTOBI",
        "ADM4_PCODE": "C4464",
        "centerLat": 6.69809,
        "centerLng": -4.13201,
        "pop": 6764,
        "Te_MOOV": 0.0,
        "Tbd_MOOV": 89.66,
        "Tc_MOOV": 0.86,
        "Tq_MOOV": 0.88,
        "Te_MTN": 0.8699999999999999,
        "Tbd_MTN": 68.14,
        "Tc_MTN": 0.88,
        "Tq_MTN": 0.0,
        "Te_ORANGE": 0.8699999999999999,
        "Tbd_ORANGE": 28.95,
        "Tc_ORANGE": 0.0,
        "Tq_ORANGE": 0.0,
        "rang_Te_ORANGE": 2,
        "rang_Te_MTN": 2,
        "rang_Te_MOOV": 1,
        "rang_Tc_ORANGE": 1,
        "rang_Tc_MTN": 3,
        "rang_Tc_MOOV": 2,
        "rang_Tbd_ORANGE": 3,
        "rang_Tbd_MTN": 2,
        "rang_Tbd_MOOV": 1,
        "rang_Tq_ORANGE": 1,
        "rang_Tq_MTN": 1,
        "rang_Tq_MOOV": 3
      },
      "id": 82
    },
    {
      "type": "Feature",
      "geometry": {
        "coordinates": [
          -7.39649,
          10.1327
        ],
        "type": "Point"
      },
      "properties": {
        "ADM0_FR": "DENGUELE",
        "ADM0_PCODE": "CI03",
        "ADM1_FR": "FOLON",
        "ADM1_PCODE": "CI110",
        "ADM2_FR": "MINIGNAN",
        "ADM2_PCODE": "CI1002",
        "ADM3_FR": "TIENKO",
        "ADM3_PCODE": "CI100204",
        "ADM4_FR": "KOTOULA",
        "ADM4_PCODE": "C4480",
        "centerLat": 10.1227,
        "centerLng": -7.39649,
        "pop": 1331,
        "Te_MOOV": 2.59,
        "Tbd_MOOV": 93.04,
        "Tc_MOOV": 0.0,
        "Tq_MOOV": 0.0,
        "Te_MTN": 0.0,
        "Tbd_MTN": 99.14,
        "Tc_MTN": 0.0,
        "Tq_MTN": 0.0,
        "Te_ORANGE": 3.45,
        "Tbd_ORANGE": 78.57,
        "Tc_ORANGE": 0.89,
        "Tq_ORANGE": 1.7999999999999998,
        "rang_Te_ORANGE": 3,
        "rang_Te_MTN": 1,
        "rang_Te_MOOV": 2,
        "rang_Tc_ORANGE": 3,
        "rang_Tc_MTN": 1,
        "rang_Tc_MOOV": 1,
        "rang_Tbd_ORANGE": 3,
        "rang_Tbd_MTN": 1,
        "rang_Tbd_MOOV": 2,
        "rang_Tq_ORANGE": 3,
        "rang_Tq_MTN": 1,
        "rang_Tq_MOOV": 1
      },
      "id": 83
    },
    {
      "type": "Feature",
      "geometry": {
        "coordinates": [
          -3.5263,
          7.82794
        ],
        "type": "Point"
      },
      "properties": {
        "ADM0_FR": "ZANZAN",
        "ADM0_PCODE": "CI14",
        "ADM1_FR": "GONTOUGO",
        "ADM1_PCODE": "CI114",
        "ADM2_FR": "KOUN-FAO",
        "ADM2_PCODE": "CI1402",
        "ADM3_FR": "KOUASSI-DATEKRO",
        "ADM3_PCODE": "CI140204",
        "ADM4_FR": "KOUASSI-DATEKRO",
        "ADM4_PCODE": "C4593",
        "centerLat": 7.81794,
        "centerLng": -3.5263,
        "pop": 6145,
        "Te_MOOV": 0.83,
        "Tbd_MOOV": 97.48,
        "Tc_MOOV": 0.0,
        "Tq_MOOV": 0.84,
        "Te_MTN": 0.0,
        "Tbd_MTN": 99.17,
        "Tc_MTN": 0.0,
        "Tq_MTN": 1.67,
        "Te_ORANGE": 0.8200000000000001,
        "Tbd_ORANGE": 71.89999999999999,
        "Tc_ORANGE": 0.0,
        "Tq_ORANGE": 0.0,
        "rang_Te_ORANGE": 2,
        "rang_Te_MTN": 1,
        "rang_Te_MOOV": 3,
        "rang_Tc_ORANGE": 1,
        "rang_Tc_MTN": 1,
        "rang_Tc_MOOV": 1,
        "rang_Tbd_ORANGE": 3,
        "rang_Tbd_MTN": 1,
        "rang_Tbd_MOOV": 2,
        "rang_Tq_ORANGE": 1,
        "rang_Tq_MTN": 3,
        "rang_Tq_MOOV": 2
      },
      "id": 84
    },
    {
      "type": "Feature",
      "geometry": {
        "coordinates": [
          -7.23513,
          7.26525
        ],
        "type": "Point"
      },
      "properties": {
        "ADM0_FR": "MONTAGNES",
        "ADM0_PCODE": "CI09",
        "ADM1_FR": "GUEMON",
        "ADM1_PCODE": "CI116",
        "ADM2_FR": "KOUIBLY",
        "ADM2_PCODE": "CI1604",
        "ADM3_FR": "KOUIBLY",
        "ADM3_PCODE": "CI160401",
        "ADM4_FR": "KOUIBLY",
        "ADM4_PCODE": "C4656",
        "centerLat": 7.25525,
        "centerLng": -7.23513,
        "pop": 11830,
        "Te_MOOV": 0.0,
        "Tbd_MOOV": 78.23,
        "Tc_MOOV": 0.8099999999999999,
        "Tq_MOOV": 9.76,
        "Te_MTN": 0.83,
        "Tbd_MTN": 65.0,
        "Tc_MTN": 0.0,
        "Tq_MTN": 23.330000000000002,
        "Te_ORANGE": 5.65,
        "Tbd_ORANGE": 13.68,
        "Tc_ORANGE": 0.0,
        "Tq_ORANGE": 2.56,
        "rang_Te_ORANGE": 3,
        "rang_Te_MTN": 2,
        "rang_Te_MOOV": 1,
        "rang_Tc_ORANGE": 1,
        "rang_Tc_MTN": 1,
        "rang_Tc_MOOV": 3,
        "rang_Tbd_ORANGE": 3,
        "rang_Tbd_MTN": 2,
        "rang_Tbd_MOOV": 1,
        "rang_Tq_ORANGE": 1,
        "rang_Tq_MTN": 3,
        "rang_Tq_MOOV": 2
      },
      "id": 85
    },
    {
      "type": "Feature",
      "geometry": {
        "coordinates": [
          -3.25314,
          7.49698
        ],
        "type": "Point"
      },
      "properties": {
        "ADM0_FR": "ZANZAN",
        "ADM0_PCODE": "CI14",
        "ADM1_FR": "GONTOUGO",
        "ADM1_PCODE": "CI114",
        "ADM2_FR": "KOUN-FAO",
        "ADM2_PCODE": "CI1402",
        "ADM3_FR": "KOUN-FAO",
        "ADM3_PCODE": "CI140201",
        "ADM4_FR": "KOUN-FAO",
        "ADM4_PCODE": "C4714",
        "centerLat": 7.48698,
        "centerLng": -3.25314,
        "pop": 5488,
        "Te_MOOV": 7.08,
        "Tbd_MOOV": 91.35,
        "Tc_MOOV": 2.86,
        "Tq_MOOV": 0.0,
        "Te_MTN": 0.8500000000000001,
        "Tbd_MTN": 95.73,
        "Tc_MTN": 0.0,
        "Tq_MTN": 0.0,
        "Te_ORANGE": 0.0,
        "Tbd_ORANGE": 73.5,
        "Tc_ORANGE": 0.0,
        "Tq_ORANGE": 0.0,
        "rang_Te_ORANGE": 1,
        "rang_Te_MTN": 2,
        "rang_Te_MOOV": 3,
        "rang_Tc_ORANGE": 1,
        "rang_Tc_MTN": 1,
        "rang_Tc_MOOV": 3,
        "rang_Tbd_ORANGE": 3,
        "rang_Tbd_MTN": 1,
        "rang_Tbd_MOOV": 2,
        "rang_Tq_ORANGE": 1,
        "rang_Tq_MTN": 1,
        "rang_Tq_MOOV": 1
      },
      "id": 86
    },
    {
      "type": "Feature",
      "geometry": {
        "coordinates": [
          -5.8362,
          7.800409999999999
        ],
        "type": "Point"
      },
      "properties": {
        "ADM0_FR": "WOROBA",
        "ADM0_PCODE": "CI13",
        "ADM1_FR": "BERE",
        "ADM1_PCODE": "CI107",
        "ADM2_FR": "KOUNAHIRI",
        "ADM2_PCODE": "CI0702",
        "ADM3_FR": "KOUNAHIRI",
        "ADM3_PCODE": "CI070201",
        "ADM4_FR": "KOUNAHIRI",
        "ADM4_PCODE": "C4707",
        "centerLat": 7.79041,
        "centerLng": -5.8362,
        "pop": 5483,
        "Te_MOOV": 0.79,
        "Tbd_MOOV": 96.83,
        "Tc_MOOV": 0.0,
        "Tq_MOOV": 0.79,
        "Te_MTN": 3.91,
        "Tbd_MTN": 74.59,
        "Tc_MTN": 0.0,
        "Tq_MTN": 13.33,
        "Te_ORANGE": 1.5599999999999998,
        "Tbd_ORANGE": 76.19,
        "Tc_ORANGE": 0.0,
        "Tq_ORANGE": 0.79,
        "rang_Te_ORANGE": 2,
        "rang_Te_MTN": 3,
        "rang_Te_MOOV": 1,
        "rang_Tc_ORANGE": 1,
        "rang_Tc_MTN": 1,
        "rang_Tc_MOOV": 1,
        "rang_Tbd_ORANGE": 2,
        "rang_Tbd_MTN": 3,
        "rang_Tbd_MOOV": 1,
        "rang_Tq_ORANGE": 1,
        "rang_Tq_MTN": 3,
        "rang_Tq_MOOV": 1
      },
      "id": 87
    },
    {
      "type": "Feature",
      "geometry": {
        "coordinates": [
          -6.41316,
          9.90214
        ],
        "type": "Point"
      },
      "properties": {
        "ADM0_FR": "SAVANES",
        "ADM0_PCODE": "CI11",
        "ADM1_FR": "BAGOUE",
        "ADM1_PCODE": "CI105",
        "ADM2_FR": "KOUTO",
        "ADM2_PCODE": "CI0502",
        "ADM3_FR": "KOUTO",
        "ADM3_PCODE": "CI050201",
        "ADM4_FR": "KOUTO",
        "ADM4_PCODE": "C4751",
        "centerLat": 9.89214,
        "centerLng": -6.41316,
        "pop": 10989,
        "Te_MOOV": 1.63,
        "Tbd_MOOV": 90.83,
        "Tc_MOOV": 1.6500000000000001,
        "Tq_MOOV": 1.69,
        "Te_MTN": 0.0,
        "Tbd_MTN": 86.89,
        "Tc_MTN": 0.0,
        "Tq_MTN": 0.0,
        "Te_ORANGE": 4.760000000000001,
        "Tbd_ORANGE": 54.169999999999995,
        "Tc_ORANGE": 0.0,
        "Tq_ORANGE": 11.97,
        "rang_Te_ORANGE": 3,
        "rang_Te_MTN": 1,
        "rang_Te_MOOV": 2,
        "rang_Tc_ORANGE": 1,
        "rang_Tc_MTN": 1,
        "rang_Tc_MOOV": 3,
        "rang_Tbd_ORANGE": 3,
        "rang_Tbd_MTN": 2,
        "rang_Tbd_MOOV": 1,
        "rang_Tq_ORANGE": 3,
        "rang_Tq_MTN": 1,
        "rang_Tq_MOOV": 2
      },
      "id": 88
    },
    {
      "type": "Feature",
      "geometry": {
        "coordinates": [
          -5.68383,
          5.85907
        ],
        "type": "Point"
      },
      "properties": {
        "ADM0_FR": "GOH-DJIBOUA",
        "ADM0_PCODE": "CI06",
        "ADM1_FR": "LOH-DJIBOUA",
        "ADM1_PCODE": "CI122",
        "ADM2_FR": "LAKOTA",
        "ADM2_PCODE": "CI2203",
        "ADM3_FR": "LAKOTA",
        "ADM3_PCODE": "CI220301",
        "ADM4_FR": "LAKOTA",
        "ADM4_PCODE": "C4974",
        "centerLat": 5.84907,
        "centerLng": -5.68383,
        "pop": 24976,
        "Te_MOOV": 0.69,
        "Tbd_MOOV": 30.56,
        "Tc_MOOV": 0.69,
        "Tq_MOOV": 0.0,
        "Te_MTN": 0.33999999999999997,
        "Tbd_MTN": 96.53,
        "Tc_MTN": 0.69,
        "Tq_MTN": 3.81,
        "Te_ORANGE": 2.76,
        "Tbd_ORANGE": 85.11,
        "Tc_ORANGE": 0.0,
        "Tq_ORANGE": 2.1399999999999997,
        "rang_Te_ORANGE": 3,
        "rang_Te_MTN": 1,
        "rang_Te_MOOV": 2,
        "rang_Tc_ORANGE": 1,
        "rang_Tc_MTN": 2,
        "rang_Tc_MOOV": 2,
        "rang_Tbd_ORANGE": 2,
        "rang_Tbd_MTN": 1,
        "rang_Tbd_MOOV": 3,
        "rang_Tq_ORANGE": 2,
        "rang_Tq_MTN": 3,
        "rang_Tq_MOOV": 1
      },
      "id": 89
    },
    {
      "type": "Feature",
      "geometry": {
        "coordinates": [
          -5.08457,
          10.155899999999999
        ],
        "type": "Point"
      },
      "properties": {
        "ADM0_FR": "SAVANES",
        "ADM0_PCODE": "CI11",
        "ADM1_FR": "TCHOLOGO",
        "ADM1_PCODE": "CI131",
        "ADM2_FR": "OUANGOLODOUGOU",
        "ADM2_PCODE": "CI3103",
        "ADM3_FR": "KAOUARA",
        "ADM3_PCODE": "CI310303",
        "ADM4_FR": "LALÉRABA",
        "ADM4_PCODE": "C4977",
        "centerLat": 10.1459,
        "centerLng": -5.08457,
        "pop": 1120,
        "Te_MOOV": 1.59,
        "Tbd_MOOV": 96.64,
        "Tc_MOOV": 0.0,
        "Tq_MOOV": 0.0,
        "Te_MTN": 7.75,
        "Tbd_MTN": 84.87,
        "Tc_MTN": 0.0,
        "Tq_MTN": 0.0,
        "Te_ORANGE": 5.6899999999999995,
        "Tbd_ORANGE": 64.35,
        "Tc_ORANGE": 0.0,
        "Tq_ORANGE": 3.4799999999999995,
        "rang_Te_ORANGE": 2,
        "rang_Te_MTN": 3,
        "rang_Te_MOOV": 1,
        "rang_Tc_ORANGE": 1,
        "rang_Tc_MTN": 1,
        "rang_Tc_MOOV": 1,
        "rang_Tbd_ORANGE": 3,
        "rang_Tbd_MTN": 2,
        "rang_Tbd_MOOV": 1,
        "rang_Tq_ORANGE": 3,
        "rang_Tq_MTN": 1,
        "rang_Tq_MOOV": 1
      },
      "id": 90
    },
    {
      "type": "Feature",
      "geometry": {
        "coordinates": [
          -5.03188,
          7.09418
        ],
        "type": "Point"
      },
      "properties": {
        "ADM0_FR": "LACS",
        "ADM0_PCODE": "CI07",
        "ADM1_FR": "BELIER",
        "ADM1_PCODE": "CI106",
        "ADM2_FR": "TIEBISSOU",
        "ADM2_PCODE": "CI0603",
        "ADM3_FR": "LOMOKANKRO",
        "ADM3_PCODE": "CI060302",
        "ADM4_FR": "LOMOKANKRO",
        "ADM4_PCODE": "C5174",
        "centerLat": 7.08418,
        "centerLng": -5.03188,
        "pop": 1282,
        "Te_MOOV": 4.63,
        "Tbd_MOOV": 20.39,
        "Tc_MOOV": 0.0,
        "Tq_MOOV": 0.0,
        "Te_MTN": 0.0,
        "Tbd_MTN": 96.23,
        "Tc_MTN": 0.0,
        "Tq_MTN": 0.0,
        "Te_ORANGE": 0.0,
        "Tbd_ORANGE": 23.080000000000002,
        "Tc_ORANGE": 0.0,
        "Tq_ORANGE": 0.0,
        "rang_Te_ORANGE": 1,
        "rang_Te_MTN": 1,
        "rang_Te_MOOV": 3,
        "rang_Tc_ORANGE": 1,
        "rang_Tc_MTN": 1,
        "rang_Tc_MOOV": 1,
        "rang_Tbd_ORANGE": 2,
        "rang_Tbd_MTN": 1,
        "rang_Tbd_MOOV": 3,
        "rang_Tq_ORANGE": 1,
        "rang_Tq_MTN": 1,
        "rang_Tq_MOOV": 1
      },
      "id": 91
    },
    {
      "type": "Feature",
      "geometry": {
        "coordinates": [
          -4.97627,
          6.38756
        ],
        "type": "Point"
      },
      "properties": {
        "ADM0_FR": "LACS",
        "ADM0_PCODE": "CI07",
        "ADM1_FR": "BELIER",
        "ADM1_PCODE": "CI106",
        "ADM2_FR": "TOUMODI",
        "ADM2_PCODE": "CI0604",
        "ADM3_FR": "TOUMODI",
        "ADM3_PCODE": "CI060401",
        "ADM4_FR": "LOMO-SUD",
        "ADM4_PCODE": "C5179",
        "centerLat": 6.37756,
        "centerLng": -4.97627,
        "pop": 373,
        "Te_MOOV": 0.0,
        "Tbd_MOOV": 47.660000000000004,
        "Tc_MOOV": 0.9299999999999999,
        "Tq_MOOV": 0.9400000000000001,
        "Te_MTN": 0.9299999999999999,
        "Tbd_MTN": 95.28,
        "Tc_MTN": 0.0,
        "Tq_MTN": 1.8900000000000001,
        "Te_ORANGE": 0.9299999999999999,
        "Tbd_ORANGE": 86.79,
        "Tc_ORANGE": 0.9400000000000001,
        "Tq_ORANGE": 9.520000000000001,
        "rang_Te_ORANGE": 2,
        "rang_Te_MTN": 2,
        "rang_Te_MOOV": 1,
        "rang_Tc_ORANGE": 3,
        "rang_Tc_MTN": 1,
        "rang_Tc_MOOV": 2,
        "rang_Tbd_ORANGE": 2,
        "rang_Tbd_MTN": 1,
        "rang_Tbd_MOOV": 3,
        "rang_Tq_ORANGE": 3,
        "rang_Tq_MTN": 2,
        "rang_Tq_MOOV": 1
      },
      "id": 92
    },
    {
      "type": "Feature",
      "geometry": {
        "coordinates": [
          -6.94096,
          9.621599999999999
        ],
        "type": "Point"
      },
      "properties": {
        "ADM0_FR": "DENGUELE",
        "ADM0_PCODE": "CI03",
        "ADM1_FR": "KABADOUGOU",
        "ADM1_PCODE": "CI121",
        "ADM2_FR": "MADINANI",
        "ADM2_PCODE": "CI2102",
        "ADM3_FR": "MADINANI",
        "ADM3_PCODE": "CI210201",
        "ADM4_FR": "MADINANI",
        "ADM4_PCODE": "C5251",
        "centerLat": 9.6116,
        "centerLng": -6.94096,
        "pop": 6710,
        "Te_MOOV": 3.37,
        "Tbd_MOOV": 84.66,
        "Tc_MOOV": 1.7399999999999998,
        "Tq_MOOV": 1.26,
        "Te_MTN": 4.71,
        "Tbd_MTN": 91.82000000000001,
        "Tc_MTN": 0.62,
        "Tq_MTN": 0.63,
        "Te_ORANGE": 9.15,
        "Tbd_ORANGE": 80.54,
        "Tc_ORANGE": 0.0,
        "Tq_ORANGE": 0.0,
        "rang_Te_ORANGE": 3,
        "rang_Te_MTN": 2,
        "rang_Te_MOOV": 1,
        "rang_Tc_ORANGE": 1,
        "rang_Tc_MTN": 2,
        "rang_Tc_MOOV": 3,
        "rang_Tbd_ORANGE": 3,
        "rang_Tbd_MTN": 1,
        "rang_Tbd_MOOV": 2,
        "rang_Tq_ORANGE": 1,
        "rang_Tq_MTN": 2,
        "rang_Tq_MOOV": 3
      },
      "id": 93
    },
    {
      "type": "Feature",
      "geometry": {
        "coordinates": [
          -5.84247,
          7.41332
        ],
        "type": "Point"
      },
      "properties": {
        "ADM0_FR": "SASSANDRA-MARAHOUE",
        "ADM0_PCODE": "CI10",
        "ADM1_FR": "MARAHOUE",
        "ADM1_PCODE": "CI123",
        "ADM2_FR": "ZUENOULA",
        "ADM2_PCODE": "CI2303",
        "ADM3_FR": "MAMINIGUI",
        "ADM3_PCODE": "CI230305",
        "ADM4_FR": "MAMINIGUI",
        "ADM4_PCODE": "C5310",
        "centerLat": 7.40332,
        "centerLng": -5.84247,
        "pop": 5319,
        "Te_MOOV": 4.760000000000001,
        "Tbd_MOOV": 36.67,
        "Tc_MOOV": 0.83,
        "Tq_MOOV": 0.8500000000000001,
        "Te_MTN": 0.0,
        "Tbd_MTN": 85.0,
        "Tc_MTN": 0.0,
        "Tq_MTN": 0.0,
        "Te_ORANGE": 0.8099999999999999,
        "Tbd_ORANGE": 92.67999999999999,
        "Tc_ORANGE": 0.0,
        "Tq_ORANGE": 2.44,
        "rang_Te_ORANGE": 2,
        "rang_Te_MTN": 1,
        "rang_Te_MOOV": 3,
        "rang_Tc_ORANGE": 1,
        "rang_Tc_MTN": 1,
        "rang_Tc_MOOV": 3,
        "rang_Tbd_ORANGE": 1,
        "rang_Tbd_MTN": 2,
        "rang_Tbd_MOOV": 3,
        "rang_Tq_ORANGE": 3,
        "rang_Tq_MTN": 1,
        "rang_Tq_MOOV": 2
      },
      "id": 94
    },
    {
      "type": "Feature",
      "geometry": {
        "coordinates": [
          -7.55442,
          7.41545
        ],
        "type": "Point"
      },
      "properties": {
        "ADM0_FR": "MONTAGNES",
        "ADM0_PCODE": "CI09",
        "ADM1_FR": "TONKPI",
        "ADM1_PCODE": "CI132",
        "ADM2_FR": "MAN",
        "ADM2_PCODE": "CI3203",
        "ADM3_FR": "MAN",
        "ADM3_PCODE": "CI320301",
        "ADM4_FR": "MAN",
        "ADM4_PCODE": "C5323",
        "centerLat": 7.40545,
        "centerLng": -7.55442,
        "pop": 149041,
        "Te_MOOV": 3.49,
        "Tbd_MOOV": 83.74000000000001,
        "Tc_MOOV": 2.17,
        "Tq_MOOV": 7.670000000000001,
        "Te_MTN": 3.94,
        "Tbd_MTN": 72.33000000000001,
        "Tc_MTN": 0.96,
        "Tq_MTN": 3.15,
        "Te_ORANGE": 7.89,
        "Tbd_ORANGE": 9.87,
        "Tc_ORANGE": 0.26,
        "Tq_ORANGE": 4.45,
        "rang_Te_ORANGE": 3,
        "rang_Te_MTN": 2,
        "rang_Te_MOOV": 1,
        "rang_Tc_ORANGE": 1,
        "rang_Tc_MTN": 2,
        "rang_Tc_MOOV": 3,
        "rang_Tbd_ORANGE": 3,
        "rang_Tbd_MTN": 2,
        "rang_Tbd_MOOV": 1,
        "rang_Tq_ORANGE": 2,
        "rang_Tq_MTN": 1,
        "rang_Tq_MOOV": 3
      },
      "id": 95
    },
    {
      "type": "Feature",
      "geometry": {
        "coordinates": [
          -6.64906,
          6.9424399999999995
        ],
        "type": "Point"
      },
      "properties": {
        "ADM0_FR": "WOROBA",
        "ADM0_PCODE": "CI13",
        "ADM1_FR": "WORODOUGOU",
        "ADM1_PCODE": "CI133",
        "ADM2_FR": "SEGUELA",
        "ADM2_PCODE": "CI3302",
        "ADM3_FR": "WOROFLA",
        "ADM3_PCODE": "CI330207",
        "ADM4_FR": "MANKONO",
        "ADM4_PCODE": "C5355",
        "centerLat": 6.93244,
        "centerLng": -6.64906,
        "pop": 1576,
        "Te_MOOV": 0.0,
        "Tbd_MOOV": 94.97,
        "Tc_MOOV": 0.0,
        "Tq_MOOV": 1.68,
        "Te_MTN": 0.0,
        "Tbd_MTN": 89.94,
        "Tc_MTN": 0.5599999999999999,
        "Tq_MTN": 8.469999999999999,
        "Te_ORANGE": 5.59,
        "Tbd_ORANGE": 85.8,
        "Tc_ORANGE": 1.78,
        "Tq_ORANGE": 5.42,
        "rang_Te_ORANGE": 3,
        "rang_Te_MTN": 1,
        "rang_Te_MOOV": 1,
        "rang_Tc_ORANGE": 3,
        "rang_Tc_MTN": 2,
        "rang_Tc_MOOV": 1,
        "rang_Tbd_ORANGE": 3,
        "rang_Tbd_MTN": 2,
        "rang_Tbd_MOOV": 1,
        "rang_Tq_ORANGE": 2,
        "rang_Tq_MTN": 3,
        "rang_Tq_MOOV": 1
      },
      "id": 96
    },
    {
      "type": "Feature",
      "geometry": {
        "coordinates": [
          -4.34,
          7.47
        ],
        "type": "Point"
      },
      "properties": {
        "ADM0_FR": "LACS",
        "ADM0_PCODE": "CI07",
        "ADM1_FR": "IFFOU",
        "ADM1_PCODE": "CI119",
        "ADM2_FR": "M'BAHIAKRO",
        "ADM2_PCODE": "CI1902",
        "ADM3_FR": "M'BAHIAKRO",
        "ADM3_PCODE": "CI190201",
        "ADM4_FR": "M'BAHIAKRO",
        "ADM4_PCODE": "C5412",
        "centerLat": 7.46,
        "centerLng": -4.34,
        "pop": 14894,
        "Te_MOOV": 0.0,
        "Tbd_MOOV": 91.19,
        "Tc_MOOV": 0.0,
        "Tq_MOOV": 0.0,
        "Te_MTN": 1.8499999999999999,
        "Tbd_MTN": 91.67,
        "Tc_MTN": 0.0,
        "Tq_MTN": 0.0,
        "Te_ORANGE": 0.62,
        "Tbd_ORANGE": 32.5,
        "Tc_ORANGE": 0.0,
        "Tq_ORANGE": 0.0,
        "rang_Te_ORANGE": 2,
        "rang_Te_MTN": 3,
        "rang_Te_MOOV": 1,
        "rang_Tc_ORANGE": 1,
        "rang_Tc_MTN": 1,
        "rang_Tc_MOOV": 1,
        "rang_Tbd_ORANGE": 3,
        "rang_Tbd_MTN": 1,
        "rang_Tbd_MOOV": 2,
        "rang_Tq_ORANGE": 1,
        "rang_Tq_MTN": 1,
        "rang_Tq_MOOV": 1
      },
      "id": 97
    },
    {
      "type": "Feature",
      "geometry": {
        "coordinates": [
          -4.36,
          6.4799999999999995
        ],
        "type": "Point"
      },
      "properties": {
        "ADM0_FR": "LACS",
        "ADM0_PCODE": "CI07",
        "ADM1_FR": "MORONOU",
        "ADM1_PCODE": "CI125",
        "ADM2_FR": "M'BATTO",
        "ADM2_PCODE": "CI2503",
        "ADM3_FR": "M'BATTO",
        "ADM3_PCODE": "CI250301",
        "ADM4_FR": "M'BATTO",
        "ADM4_PCODE": "C5421",
        "centerLat": 6.47,
        "centerLng": -4.36,
        "pop": 18300,
        "Te_MOOV": 0.63,
        "Tbd_MOOV": 98.11,
        "Tc_MOOV": 0.0,
        "Tq_MOOV": 6.29,
        "Te_MTN": 0.61,
        "Tbd_MTN": 73.08,
        "Tc_MTN": 0.0,
        "Tq_MTN": 1.28,
        "Te_ORANGE": 3.6799999999999997,
        "Tbd_ORANGE": 21.15,
        "Tc_ORANGE": 0.0,
        "Tq_ORANGE": 0.0,
        "rang_Te_ORANGE": 3,
        "rang_Te_MTN": 1,
        "rang_Te_MOOV": 2,
        "rang_Tc_ORANGE": 1,
        "rang_Tc_MTN": 1,
        "rang_Tc_MOOV": 1,
        "rang_Tbd_ORANGE": 3,
        "rang_Tbd_MTN": 2,
        "rang_Tbd_MOOV": 1,
        "rang_Tq_ORANGE": 1,
        "rang_Tq_MTN": 2,
        "rang_Tq_MOOV": 3
      },
      "id": 98
    },
    {
      "type": "Feature",
      "geometry": {
        "coordinates": [
          -6.55634,
          5.41618
        ],
        "type": "Point"
      },
      "properties": {
        "ADM0_FR": "BAS-SASSANDRA",
        "ADM0_PCODE": "CI01",
        "ADM1_FR": "NAWA",
        "ADM1_PCODE": "CI126",
        "ADM2_FR": "MEAGUI",
        "ADM2_PCODE": "CI2603",
        "ADM3_FR": "MEAGUI",
        "ADM3_PCODE": "CI260301",
        "ADM4_FR": "MÉAGUI",
        "ADM4_PCODE": "C5452",
        "centerLat": 5.40618,
        "centerLng": -6.55634,
        "pop": 57367,
        "Te_MOOV": 1.16,
        "Tbd_MOOV": 79.22,
        "Tc_MOOV": 0.0,
        "Tq_MOOV": 29.53,
        "Te_MTN": 3.46,
        "Tbd_MTN": 70.8,
        "Tc_MTN": 0.0,
        "Tq_MTN": 86.07000000000001,
        "Te_ORANGE": 3.8600000000000003,
        "Tbd_ORANGE": 69.48,
        "Tc_ORANGE": 0.0,
        "Tq_ORANGE": 2.44,
        "rang_Te_ORANGE": 3,
        "rang_Te_MTN": 2,
        "rang_Te_MOOV": 1,
        "rang_Tc_ORANGE": 1,
        "rang_Tc_MTN": 1,
        "rang_Tc_MOOV": 1,
        "rang_Tbd_ORANGE": 3,
        "rang_Tbd_MTN": 2,
        "rang_Tbd_MOOV": 1,
        "rang_Tq_ORANGE": 1,
        "rang_Tq_MTN": 3,
        "rang_Tq_MOOV": 2
      },
      "id": 99
    },
    {
      "type": "Feature",
      "geometry": {
        "coordinates": [
          -3.67957,
          5.1962399999999995
        ],
        "type": "Point"
      },
      "properties": {
        "ADM0_FR": "COMOE",
        "ADM0_PCODE": "CI02",
        "ADM1_FR": "SUD-COMOE",
        "ADM1_PCODE": "CI130",
        "ADM2_FR": "GRAND-BASSAM",
        "ADM2_PCODE": "CI3003",
        "ADM3_FR": "GRAND-BASSAM",
        "ADM3_PCODE": "CI300303",
        "ADM4_FR": "MONDOUKOU",
        "ADM4_PCODE": "C5561",
        "centerLat": 5.18624,
        "centerLng": -3.67957,
        "pop": 1400,
        "Te_MOOV": 2.11,
        "Tbd_MOOV": 86.02,
        "Tc_MOOV": 0.0,
        "Tq_MOOV": 5.38,
        "Te_MTN": 1.06,
        "Tbd_MTN": 82.61,
        "Tc_MTN": 0.0,
        "Tq_MTN": 0.0,
        "Te_ORANGE": 0.0,
        "Tbd_ORANGE": 87.37,
        "Tc_ORANGE": 0.0,
        "Tq_ORANGE": 0.0,
        "rang_Te_ORANGE": 1,
        "rang_Te_MTN": 2,
        "rang_Te_MOOV": 3,
        "rang_Tc_ORANGE": 1,
        "rang_Tc_MTN": 1,
        "rang_Tc_MOOV": 1,
        "rang_Tbd_ORANGE": 1,
        "rang_Tbd_MTN": 3,
        "rang_Tbd_MOOV": 2,
        "rang_Tq_ORANGE": 1,
        "rang_Tq_MTN": 1,
        "rang_Tq_MOOV": 3
      },
      "id": 100
    },
    {
      "type": "Feature",
      "geometry": {
        "coordinates": [
          -4.9718,
          6.3315399999999995
        ],
        "type": "Point"
      },
      "properties": {
        "ADM0_FR": "LACS",
        "ADM0_PCODE": "CI07",
        "ADM1_FR": "BELIER",
        "ADM1_PCODE": "CI106",
        "ADM2_FR": "TOUMODI",
        "ADM2_PCODE": "CI0604",
        "ADM3_FR": "KPOUEBO",
        "ADM3_PCODE": "CI060404",
        "ADM4_FR": "MORONOU",
        "ADM4_PCODE": "C5589",
        "centerLat": 6.32154,
        "centerLng": -4.9718,
        "pop": 4642,
        "Te_MOOV": 0.0,
        "Tbd_MOOV": 20.29,
        "Tc_MOOV": 0.0,
        "Tq_MOOV": 1.4500000000000002,
        "Te_MTN": 0.0,
        "Tbd_MTN": 93.27,
        "Tc_MTN": 0.95,
        "Tq_MTN": 1.92,
        "Te_ORANGE": 25.71,
        "Tbd_ORANGE": 88.46000000000001,
        "Tc_ORANGE": 0.0,
        "Tq_ORANGE": 10.530000000000001,
        "rang_Te_ORANGE": 3,
        "rang_Te_MTN": 1,
        "rang_Te_MOOV": 1,
        "rang_Tc_ORANGE": 1,
        "rang_Tc_MTN": 3,
        "rang_Tc_MOOV": 1,
        "rang_Tbd_ORANGE": 2,
        "rang_Tbd_MTN": 1,
        "rang_Tbd_MOOV": 3,
        "rang_Tq_ORANGE": 3,
        "rang_Tq_MTN": 2,
        "rang_Tq_MOOV": 1
      },
      "id": 101
    },
    {
      "type": "Feature",
      "geometry": {
        "coordinates": [
          -6.548317,
          4.932005
        ],
        "type": "Point"
      },
      "properties": {
        "ADM0_FR": "BAS-SASSANDRA",
        "ADM0_PCODE": "CI01",
        "ADM1_FR": "SAN-PEDRO",
        "ADM1_PCODE": "CI129",
        "ADM2_FR": "SAN-PEDRO",
        "ADM2_PCODE": "CI2901",
        "ADM3_FR": "SAN-PEDRO",
        "ADM3_PCODE": "CI290101",
        "ADM4_FR": "MOUSSADOUGOU",
        "ADM4_PCODE": "C5605",
        "centerLat": 4.922005,
        "centerLng": -6.548317,
        "pop": 16344,
        "Te_MOOV": 0.0,
        "Tbd_MOOV": 96.97,
        "Tc_MOOV": 0.0,
        "Tq_MOOV": 0.0,
        "Te_MTN": 7.07,
        "Tbd_MTN": 86.96000000000001,
        "Tc_MTN": 0.0,
        "Tq_MTN": 0.0,
        "Te_ORANGE": 11.219999999999999,
        "Tbd_ORANGE": 13.79,
        "Tc_ORANGE": 1.15,
        "Tq_ORANGE": 5.81,
        "rang_Te_ORANGE": 3,
        "rang_Te_MTN": 2,
        "rang_Te_MOOV": 1,
        "rang_Tc_ORANGE": 3,
        "rang_Tc_MTN": 1,
        "rang_Tc_MOOV": 1,
        "rang_Tbd_ORANGE": 3,
        "rang_Tbd_MTN": 2,
        "rang_Tbd_MOOV": 1,
        "rang_Tq_ORANGE": 3,
        "rang_Tq_MTN": 1,
        "rang_Tq_MOOV": 1
      },
      "id": 102
    },
    {
      "type": "Feature",
      "geometry": {
        "coordinates": [
          -4.48,
          9.41
        ],
        "type": "Point"
      },
      "properties": {
        "ADM0_FR": "SAVANES",
        "ADM0_PCODE": "CI11",
        "ADM1_FR": "TCHOLOGO",
        "ADM1_PCODE": "CI131",
        "ADM2_FR": "KONG",
        "ADM2_PCODE": "CI3102",
        "ADM3_FR": "SIKOLO",
        "ADM3_PCODE": "CI310204",
        "ADM4_FR": "NASSIAN",
        "ADM4_PCODE": "C5771",
        "centerLat": 9.4,
        "centerLng": -4.48,
        "pop": 1161,
        "Te_MOOV": 3.42,
        "Tbd_MOOV": 98.22999999999999,
        "Tc_MOOV": 0.0,
        "Tq_MOOV": 1.77,
        "Te_MTN": 0.0,
        "Tbd_MTN": 93.22,
        "Tc_MTN": 0.0,
        "Tq_MTN": 0.0,
        "Te_ORANGE": 2.52,
        "Tbd_ORANGE": 77.59,
        "Tc_ORANGE": 0.0,
        "Tq_ORANGE": 0.0,
        "rang_Te_ORANGE": 2,
        "rang_Te_MTN": 1,
        "rang_Te_MOOV": 3,
        "rang_Tc_ORANGE": 1,
        "rang_Tc_MTN": 1,
        "rang_Tc_MOOV": 1,
        "rang_Tbd_ORANGE": 3,
        "rang_Tbd_MTN": 2,
        "rang_Tbd_MOOV": 1,
        "rang_Tq_ORANGE": 1,
        "rang_Tq_MTN": 1,
        "rang_Tq_MOOV": 3
      },
      "id": 103
    },
    {
      "type": "Feature",
      "geometry": {
        "coordinates": [
          -4.76,
          5.88
        ],
        "type": "Point"
      },
      "properties": {
        "ADM0_FR": "LAGUNES",
        "ADM0_PCODE": "CI08",
        "ADM1_FR": "AGNEBY-TIASSA",
        "ADM1_PCODE": "CI103",
        "ADM2_FR": "TIASSALE",
        "ADM2_PCODE": "CI0304",
        "ADM3_FR": "N'DOUCI",
        "ADM3_PCODE": "CI030404",
        "ADM4_FR": "N'DOUCI",
        "ADM4_PCODE": "C5846",
        "centerLat": 5.87,
        "centerLng": -4.76,
        "pop": 27112,
        "Te_MOOV": 6.959999999999999,
        "Tbd_MOOV": 19.31,
        "Tc_MOOV": 4.760000000000001,
        "Tq_MOOV": 18.98,
        "Te_MTN": 0.9400000000000001,
        "Tbd_MTN": 83.81,
        "Tc_MTN": 0.0,
        "Tq_MTN": 13.33,
        "Te_ORANGE": 1.91,
        "Tbd_ORANGE": 89.61,
        "Tc_ORANGE": 0.0,
        "Tq_ORANGE": 5.92,
        "rang_Te_ORANGE": 2,
        "rang_Te_MTN": 1,
        "rang_Te_MOOV": 3,
        "rang_Tc_ORANGE": 1,
        "rang_Tc_MTN": 1,
        "rang_Tc_MOOV": 3,
        "rang_Tbd_ORANGE": 1,
        "rang_Tbd_MTN": 2,
        "rang_Tbd_MOOV": 3,
        "rang_Tq_ORANGE": 1,
        "rang_Tq_MTN": 2,
        "rang_Tq_MOOV": 3
      },
      "id": 104
    },
    {
      "type": "Feature",
      "geometry": {
        "coordinates": [
          -5.14,
          7.29
        ],
        "type": "Point"
      },
      "properties": {
        "ADM0_FR": "LACS",
        "ADM0_PCODE": "CI07",
        "ADM1_FR": "BELIER",
        "ADM1_PCODE": "CI106",
        "ADM2_FR": "TIEBISSOU",
        "ADM2_PCODE": "CI0603",
        "ADM3_FR": "TIEBISSOU",
        "ADM3_PCODE": "CI060301",
        "ADM4_FR": "N'GATTADOLIKRO",
        "ADM4_PCODE": "C5908",
        "centerLat": 7.28,
        "centerLng": -5.14,
        "pop": 2925,
        "Te_MOOV": 0.0,
        "Tbd_MOOV": 50.480000000000004,
        "Tc_MOOV": 0.0,
        "Tq_MOOV": 0.0,
        "Te_MTN": 0.95,
        "Tbd_MTN": 90.2,
        "Tc_MTN": 0.0,
        "Tq_MTN": 1.9800000000000002,
        "Te_ORANGE": 0.95,
        "Tbd_ORANGE": 87.5,
        "Tc_ORANGE": 0.0,
        "Tq_ORANGE": 3.85,
        "rang_Te_ORANGE": 2,
        "rang_Te_MTN": 2,
        "rang_Te_MOOV": 1,
        "rang_Tc_ORANGE": 1,
        "rang_Tc_MTN": 1,
        "rang_Tc_MOOV": 1,
        "rang_Tbd_ORANGE": 2,
        "rang_Tbd_MTN": 1,
        "rang_Tbd_MOOV": 3,
        "rang_Tq_ORANGE": 3,
        "rang_Tq_MTN": 2,
        "rang_Tq_MOOV": 1
      },
      "id": 105
    },
    {
      "type": "Feature",
      "geometry": {
        "coordinates": [
          -3.27,
          6.67
        ],
        "type": "Point"
      },
      "properties": {
        "ADM0_FR": "GOH-DJIBOUA",
        "ADM0_PCODE": "CI06",
        "ADM1_FR": "LOH-DJIBOUA",
        "ADM1_PCODE": "CI122",
        "ADM2_FR": "LAKOTA",
        "ADM2_PCODE": "CI2203",
        "ADM3_FR": "DJIDJI",
        "ADM3_PCODE": "CI220302",
        "ADM4_FR": "NIABLÉ",
        "ADM4_PCODE": "C5974",
        "centerLat": 6.66,
        "centerLng": -3.27,
        "pop": 777,
        "Te_MOOV": 1.8499999999999999,
        "Tbd_MOOV": 85.35000000000001,
        "Tc_MOOV": 0.0,
        "Tq_MOOV": 0.0,
        "Te_MTN": 1.18,
        "Tbd_MTN": 80.72,
        "Tc_MTN": 0.0,
        "Tq_MTN": 7.2700000000000005,
        "Te_ORANGE": 1.21,
        "Tbd_ORANGE": 82.82000000000001,
        "Tc_ORANGE": 0.0,
        "Tq_ORANGE": 0.62,
        "rang_Te_ORANGE": 2,
        "rang_Te_MTN": 1,
        "rang_Te_MOOV": 3,
        "rang_Tc_ORANGE": 1,
        "rang_Tc_MTN": 1,
        "rang_Tc_MOOV": 1,
        "rang_Tbd_ORANGE": 2,
        "rang_Tbd_MTN": 3,
        "rang_Tbd_MOOV": 1,
        "rang_Tq_ORANGE": 2,
        "rang_Tq_MTN": 3,
        "rang_Tq_MOOV": 1
      },
      "id": 106
    },
    {
      "type": "Feature",
      "geometry": {
        "coordinates": [
          -5.62318,
          10.2095
        ],
        "type": "Point"
      },
      "properties": {
        "ADM0_FR": "SAVANES",
        "ADM0_PCODE": "CI11",
        "ADM1_FR": "TCHOLOGO",
        "ADM1_PCODE": "CI131",
        "ADM2_FR": "OUANGOLODOUGOU",
        "ADM2_PCODE": "CI3103",
        "ADM3_FR": "NIELLE",
        "ADM3_PCODE": "CI310304",
        "ADM4_FR": "NIELLÉ",
        "ADM4_PCODE": "C6049",
        "centerLat": 10.1995,
        "centerLng": -5.62318,
        "pop": 19116,
        "Te_MOOV": 0.0,
        "Tbd_MOOV": 86.63,
        "Tc_MOOV": 0.0,
        "Tq_MOOV": 0.0,
        "Te_MTN": 5.17,
        "Tbd_MTN": 75.46000000000001,
        "Tc_MTN": 0.0,
        "Tq_MTN": 1.23,
        "Te_ORANGE": 24.58,
        "Tbd_ORANGE": 61.480000000000004,
        "Tc_ORANGE": 0.0,
        "Tq_ORANGE": 5.19,
        "rang_Te_ORANGE": 3,
        "rang_Te_MTN": 2,
        "rang_Te_MOOV": 1,
        "rang_Tc_ORANGE": 1,
        "rang_Tc_MTN": 1,
        "rang_Tc_MOOV": 1,
        "rang_Tbd_ORANGE": 3,
        "rang_Tbd_MTN": 2,
        "rang_Tbd_MOOV": 1,
        "rang_Tq_ORANGE": 3,
        "rang_Tq_MTN": 2,
        "rang_Tq_MOOV": 1
      },
      "id": 107
    },
    {
      "type": "Feature",
      "geometry": {
        "coordinates": [
          -2.78555,
          5.30329
        ],
        "type": "Point"
      },
      "properties": {
        "ADM0_FR": "COMOE",
        "ADM0_PCODE": "CI02",
        "ADM1_FR": "SUD-COMOE",
        "ADM1_PCODE": "CI130",
        "ADM2_FR": "TIAPOUM",
        "ADM2_PCODE": "CI3004",
        "ADM3_FR": "NOE",
        "ADM3_PCODE": "CI300402",
        "ADM4_FR": "NOÉ",
        "ADM4_PCODE": "C6109",
        "centerLat": 5.29329,
        "centerLng": -2.78555,
        "pop": 9411,
        "Te_MOOV": 4.31,
        "Tbd_MOOV": 97.3,
        "Tc_MOOV": 1.7999999999999998,
        "Tq_MOOV": 0.9199999999999999,
        "Te_MTN": 0.0,
        "Tbd_MTN": 95.12,
        "Tc_MTN": 0.0,
        "Tq_MTN": 0.0,
        "Te_ORANGE": 0.8099999999999999,
        "Tbd_ORANGE": 80.49,
        "Tc_ORANGE": 0.0,
        "Tq_ORANGE": 0.0,
        "rang_Te_ORANGE": 2,
        "rang_Te_MTN": 1,
        "rang_Te_MOOV": 3,
        "rang_Tc_ORANGE": 1,
        "rang_Tc_MTN": 1,
        "rang_Tc_MOOV": 3,
        "rang_Tbd_ORANGE": 3,
        "rang_Tbd_MTN": 2,
        "rang_Tbd_MOOV": 1,
        "rang_Tq_ORANGE": 1,
        "rang_Tq_MTN": 1,
        "rang_Tq_MOOV": 3
      },
      "id": 108
    },
    {
      "type": "Feature",
      "geometry": {
        "coordinates": [
          -4.82,
          6.02
        ],
        "type": "Point"
      },
      "properties": {
        "ADM0_FR": "LAGUNES",
        "ADM0_PCODE": "CI08",
        "ADM1_FR": "AGNEBY-TIASSA",
        "ADM1_PCODE": "CI103",
        "ADM2_FR": "TIASSALE",
        "ADM2_PCODE": "CI0304",
        "ADM3_FR": "TIASSALE",
        "ADM3_PCODE": "CI030401",
        "ADM4_FR": "N'ZIANOUAN",
        "ADM4_PCODE": "C6185",
        "centerLat": 6.01,
        "centerLng": -4.82,
        "pop": 12603,
        "Te_MOOV": 0.0,
        "Tbd_MOOV": 95.33,
        "Tc_MOOV": 0.0,
        "Tq_MOOV": 0.9299999999999999,
        "Te_MTN": 0.0,
        "Tbd_MTN": 77.98,
        "Tc_MTN": 0.0,
        "Tq_MTN": 3.6700000000000004,
        "Te_ORANGE": 0.0,
        "Tbd_ORANGE": 26.85,
        "Tc_ORANGE": 0.0,
        "Tq_ORANGE": 2.78,
        "rang_Te_ORANGE": 1,
        "rang_Te_MTN": 1,
        "rang_Te_MOOV": 1,
        "rang_Tc_ORANGE": 1,
        "rang_Tc_MTN": 1,
        "rang_Tc_MOOV": 1,
        "rang_Tbd_ORANGE": 3,
        "rang_Tbd_MTN": 2,
        "rang_Tbd_MOOV": 1,
        "rang_Tq_ORANGE": 2,
        "rang_Tq_MTN": 3,
        "rang_Tq_MOOV": 1
      },
      "id": 109
    },
    {
      "type": "Feature",
      "geometry": {
        "coordinates": [
          -7.56213,
          9.516869999999999
        ],
        "type": "Point"
      },
      "properties": {
        "ADM0_FR": "DENGUELE",
        "ADM0_PCODE": "CI03",
        "ADM1_FR": "KABADOUGOU",
        "ADM1_PCODE": "CI121",
        "ADM2_FR": "ODIENNE",
        "ADM2_PCODE": "CI2103",
        "ADM3_FR": "ODIENNE",
        "ADM3_PCODE": "CI210301",
        "ADM4_FR": "ODIENNE",
        "ADM4_PCODE": "C6210",
        "centerLat": 9.50687,
        "centerLng": -7.56213,
        "pop": 42173,
        "Te_MOOV": 0.47000000000000003,
        "Tbd_MOOV": 89.57000000000001,
        "Tc_MOOV": 0.0,
        "Tq_MOOV": 0.47000000000000003,
        "Te_MTN": 0.9400000000000001,
        "Tbd_MTN": 87.98,
        "Tc_MTN": 0.0,
        "Tq_MTN": 25.480000000000004,
        "Te_ORANGE": 7.08,
        "Tbd_ORANGE": 62.94,
        "Tc_ORANGE": 0.0,
        "Tq_ORANGE": 0.0,
        "rang_Te_ORANGE": 3,
        "rang_Te_MTN": 2,
        "rang_Te_MOOV": 1,
        "rang_Tc_ORANGE": 1,
        "rang_Tc_MTN": 1,
        "rang_Tc_MOOV": 1,
        "rang_Tbd_ORANGE": 3,
        "rang_Tbd_MTN": 2,
        "rang_Tbd_MOOV": 1,
        "rang_Tq_ORANGE": 1,
        "rang_Tq_MTN": 3,
        "rang_Tq_MOOV": 2
      },
      "id": 110
    },
    {
      "type": "Feature",
      "geometry": {
        "coordinates": [
          -6.2749,
          5.73016
        ],
        "type": "Point"
      },
      "properties": {
        "ADM0_FR": "BAS-SASSANDRA",
        "ADM0_PCODE": "CI01",
        "ADM1_FR": "NAWA",
        "ADM1_PCODE": "CI126",
        "ADM2_FR": "SOUBRE",
        "ADM2_PCODE": "CI2604",
        "ADM3_FR": "OKROUYO",
        "ADM3_PCODE": "CI260405",
        "ADM4_FR": "OTTAWA",
        "ADM4_PCODE": "C6258",
        "centerLat": 5.72016,
        "centerLng": -6.2749,
        "pop": 8167,
        "Te_MOOV": 0.9400000000000001,
        "Tbd_MOOV": 84.61999999999999,
        "Tc_MOOV": 0.0,
        "Tq_MOOV": 17.31,
        "Te_MTN": 1.87,
        "Tbd_MTN": 40.949999999999996,
        "Tc_MTN": 0.0,
        "Tq_MTN": 0.0,
        "Te_ORANGE": 1.8900000000000001,
        "Tbd_ORANGE": 45.190000000000005,
        "Tc_ORANGE": 0.0,
        "Tq_ORANGE": 1.94,
        "rang_Te_ORANGE": 3,
        "rang_Te_MTN": 2,
        "rang_Te_MOOV": 1,
        "rang_Tc_ORANGE": 1,
        "rang_Tc_MTN": 1,
        "rang_Tc_MOOV": 1,
        "rang_Tbd_ORANGE": 2,
        "rang_Tbd_MTN": 3,
        "rang_Tbd_MOOV": 1,
        "rang_Tq_ORANGE": 2,
        "rang_Tq_MTN": 1,
        "rang_Tq_MOOV": 3
      },
      "id": 111
    },
    {
      "type": "Feature",
      "geometry": {
        "coordinates": [
          -5.15419,
          9.97711
        ],
        "type": "Point"
      },
      "properties": {
        "ADM0_FR": "SAVANES",
        "ADM0_PCODE": "CI11",
        "ADM1_FR": "TCHOLOGO",
        "ADM1_PCODE": "CI131",
        "ADM2_FR": "OUANGOLODOUGOU",
        "ADM2_PCODE": "CI3103",
        "ADM3_FR": "OUANGOLODOUGOU",
        "ADM3_PCODE": "CI310301",
        "ADM4_FR": "OUANGOLODOUGOU",
        "ADM4_PCODE": "C6291",
        "centerLat": 9.96711,
        "centerLng": -5.15419,
        "pop": 37991,
        "Te_MOOV": 10.76,
        "Tbd_MOOV": 76.25999999999999,
        "Tc_MOOV": 3.52,
        "Tq_MOOV": 5.319999999999999,
        "Te_MTN": 3.61,
        "Tbd_MTN": 70.59,
        "Tc_MTN": 0.0,
        "Tq_MTN": 0.54,
        "Te_ORANGE": 4.590000000000001,
        "Tbd_ORANGE": 78.07,
        "Tc_ORANGE": 0.0,
        "Tq_ORANGE": 4.81,
        "rang_Te_ORANGE": 2,
        "rang_Te_MTN": 1,
        "rang_Te_MOOV": 3,
        "rang_Tc_ORANGE": 1,
        "rang_Tc_MTN": 1,
        "rang_Tc_MOOV": 3,
        "rang_Tbd_ORANGE": 1,
        "rang_Tbd_MTN": 3,
        "rang_Tbd_MOOV": 2,
        "rang_Tq_ORANGE": 2,
        "rang_Tq_MTN": 1,
        "rang_Tq_MOOV": 3
      },
      "id": 112
    },
    {
      "type": "Feature",
      "geometry": {
        "coordinates": [
          -4.01481,
          7.3075399999999995
        ],
        "type": "Point"
      },
      "properties": {
        "ADM0_FR": "LACS",
        "ADM0_PCODE": "CI07",
        "ADM1_FR": "IFFOU",
        "ADM1_PCODE": "CI119",
        "ADM2_FR": "DAOUKRO",
        "ADM2_PCODE": "CI1901",
        "ADM3_FR": "OUELLE",
        "ADM3_PCODE": "CI190106",
        "ADM4_FR": "OUELLE",
        "ADM4_PCODE": "C6331",
        "centerLat": 7.29754,
        "centerLng": -4.01481,
        "pop": 6543,
        "Te_MOOV": 0.0,
        "Tbd_MOOV": 94.02000000000001,
        "Tc_MOOV": 0.0,
        "Tq_MOOV": 0.8500000000000001,
        "Te_MTN": 3.42,
        "Tbd_MTN": 64.42,
        "Tc_MTN": 0.0,
        "Tq_MTN": 0.0,
        "Te_ORANGE": 0.8500000000000001,
        "Tbd_ORANGE": 24.14,
        "Tc_ORANGE": 0.0,
        "Tq_ORANGE": 0.0,
        "rang_Te_ORANGE": 2,
        "rang_Te_MTN": 3,
        "rang_Te_MOOV": 1,
        "rang_Tc_ORANGE": 1,
        "rang_Tc_MTN": 1,
        "rang_Tc_MOOV": 1,
        "rang_Tbd_ORANGE": 3,
        "rang_Tbd_MTN": 2,
        "rang_Tbd_MOOV": 1,
        "rang_Tq_ORANGE": 1,
        "rang_Tq_MTN": 1,
        "rang_Tq_MOOV": 3
      },
      "id": 113
    },
    {
      "type": "Feature",
      "geometry": {
        "coordinates": [
          -5.41528,
          6.3934999999999995
        ],
        "type": "Point"
      },
      "properties": {
        "ADM0_FR": "GOH-DJIBOUA",
        "ADM0_PCODE": "CI06",
        "ADM1_FR": "GOH",
        "ADM1_PCODE": "CI113",
        "ADM2_FR": "OUME",
        "ADM2_PCODE": "CI1302",
        "ADM3_FR": "OUME",
        "ADM3_PCODE": "CI130201",
        "ADM4_FR": "OUMÉ",
        "ADM4_PCODE": "C6363",
        "centerLat": 6.3835,
        "centerLng": -5.41528,
        "pop": 45210,
        "Te_MOOV": 0.53,
        "Tbd_MOOV": 39.67,
        "Tc_MOOV": 0.54,
        "Tq_MOOV": 4.3999999999999995,
        "Te_MTN": 0.53,
        "Tbd_MTN": 82.8,
        "Tc_MTN": 0.0,
        "Tq_MTN": 0.0,
        "Te_ORANGE": 2.1399999999999997,
        "Tbd_ORANGE": 81.32000000000001,
        "Tc_ORANGE": 0.5499999999999999,
        "Tq_ORANGE": 6.67,
        "rang_Te_ORANGE": 3,
        "rang_Te_MTN": 1,
        "rang_Te_MOOV": 1,
        "rang_Tc_ORANGE": 3,
        "rang_Tc_MTN": 1,
        "rang_Tc_MOOV": 2,
        "rang_Tbd_ORANGE": 2,
        "rang_Tbd_MTN": 1,
        "rang_Tbd_MOOV": 3,
        "rang_Tq_ORANGE": 3,
        "rang_Tq_MTN": 1,
        "rang_Tq_MOOV": 2
      },
      "id": 114
    },
    {
      "type": "Feature",
      "geometry": {
        "coordinates": [
          -5.93268,
          6.32364
        ],
        "type": "Point"
      },
      "properties": {
        "ADM0_FR": "GOH-DJIBOUA",
        "ADM0_PCODE": "CI06",
        "ADM1_FR": "GOH",
        "ADM1_PCODE": "CI113",
        "ADM2_FR": "GAGNOA",
        "ADM2_PCODE": "CI1301",
        "ADM3_FR": "OURAGAHIO",
        "ADM3_PCODE": "CI130110",
        "ADM4_FR": "OURAGAHIO",
        "ADM4_PCODE": "C6381",
        "centerLat": 6.31364,
        "centerLng": -5.93268,
        "pop": 11253,
        "Te_MOOV": 0.6,
        "Tbd_MOOV": 46.39,
        "Tc_MOOV": 0.0,
        "Tq_MOOV": 1.2,
        "Te_MTN": 0.0,
        "Tbd_MTN": 90.42,
        "Tc_MTN": 0.0,
        "Tq_MTN": 1.2,
        "Te_ORANGE": 0.0,
        "Tbd_ORANGE": 88.62,
        "Tc_ORANGE": 0.0,
        "Tq_ORANGE": 8.43,
        "rang_Te_ORANGE": 1,
        "rang_Te_MTN": 1,
        "rang_Te_MOOV": 3,
        "rang_Tc_ORANGE": 1,
        "rang_Tc_MTN": 1,
        "rang_Tc_MOOV": 1,
        "rang_Tbd_ORANGE": 2,
        "rang_Tbd_MTN": 1,
        "rang_Tbd_MOOV": 3,
        "rang_Tq_ORANGE": 3,
        "rang_Tq_MTN": 1,
        "rang_Tq_MOOV": 1
      },
      "id": 115
    },
    {
      "type": "Feature",
      "geometry": {
        "coordinates": [
          -4.93745,
          6.17742
        ],
        "type": "Point"
      },
      "properties": {
        "ADM0_FR": "LAGUNES",
        "ADM0_PCODE": "CI08",
        "ADM1_FR": "AGNEBY-TIASSA",
        "ADM1_PCODE": "CI103",
        "ADM2_FR": "TAABO",
        "ADM2_PCODE": "CI0303",
        "ADM3_FR": "PACCOBO",
        "ADM3_PCODE": "CI030302",
        "ADM4_FR": "PACOBO",
        "ADM4_PCODE": "C6405",
        "centerLat": 6.16742,
        "centerLng": -4.93745,
        "pop": 1710,
        "Te_MOOV": 0.95,
        "Tbd_MOOV": 24.27,
        "Tc_MOOV": 0.0,
        "Tq_MOOV": 0.0,
        "Te_MTN": 0.0,
        "Tbd_MTN": 87.62,
        "Tc_MTN": 0.95,
        "Tq_MTN": 3.88,
        "Te_ORANGE": 22.86,
        "Tbd_ORANGE": 64.2,
        "Tc_ORANGE": 0.0,
        "Tq_ORANGE": 1.23,
        "rang_Te_ORANGE": 3,
        "rang_Te_MTN": 1,
        "rang_Te_MOOV": 2,
        "rang_Tc_ORANGE": 1,
        "rang_Tc_MTN": 3,
        "rang_Tc_MOOV": 1,
        "rang_Tbd_ORANGE": 2,
        "rang_Tbd_MTN": 1,
        "rang_Tbd_MOOV": 3,
        "rang_Tq_ORANGE": 2,
        "rang_Tq_MTN": 3,
        "rang_Tq_MOOV": 1
      },
      "id": 116
    },
    {
      "type": "Feature",
      "geometry": {
        "coordinates": [
          -4.3057,
          6.08253
        ],
        "type": "Point"
      },
      "properties": {
        "ADM0_FR": "LAGUNES",
        "ADM0_PCODE": "CI08",
        "ADM1_FR": "AGNEBY-TIASSA",
        "ADM1_PCODE": "CI103",
        "ADM2_FR": "AGBOVILLE",
        "ADM2_PCODE": "CI0301",
        "ADM3_FR": "RUBINO",
        "ADM3_PCODE": "CI030111",
        "ADM4_FR": "RUBINO",
        "ADM4_PCODE": "C6669",
        "centerLat": 6.07253,
        "centerLng": -4.3057,
        "pop": 14025,
        "Te_MOOV": 20.59,
        "Tbd_MOOV": 98.52,
        "Tc_MOOV": 0.74,
        "Tq_MOOV": 0.0,
        "Te_MTN": 1.76,
        "Tbd_MTN": 99.38,
        "Tc_MTN": 0.0,
        "Tq_MTN": 3.7699999999999996,
        "Te_ORANGE": 4.68,
        "Tbd_ORANGE": 80.36999999999999,
        "Tc_ORANGE": 0.0,
        "Tq_ORANGE": 1.8499999999999999,
        "rang_Te_ORANGE": 2,
        "rang_Te_MTN": 1,
        "rang_Te_MOOV": 3,
        "rang_Tc_ORANGE": 1,
        "rang_Tc_MTN": 1,
        "rang_Tc_MOOV": 3,
        "rang_Tbd_ORANGE": 3,
        "rang_Tbd_MTN": 1,
        "rang_Tbd_MOOV": 2,
        "rang_Tq_ORANGE": 2,
        "rang_Tq_MTN": 3,
        "rang_Tq_MOOV": 1
      },
      "id": 117
    },
    {
      "type": "Feature",
      "geometry": {
        "coordinates": [
          -5.29194,
          7.4658
        ],
        "type": "Point"
      },
      "properties": {
        "ADM0_FR": "VALLEE DU BANDAMA",
        "ADM0_PCODE": "CI12",
        "ADM1_FR": "GBEKE",
        "ADM1_PCODE": "CI111",
        "ADM2_FR": "SAKASSOU",
        "ADM2_PCODE": "CI1104",
        "ADM3_FR": "SAKASSOU",
        "ADM3_PCODE": "CI110401",
        "ADM4_FR": "SAKASSOU",
        "ADM4_PCODE": "C6712",
        "centerLat": 7.4558,
        "centerLng": -5.29194,
        "pop": 13186,
        "Te_MOOV": 0.65,
        "Tbd_MOOV": 41.449999999999996,
        "Tc_MOOV": 0.0,
        "Tq_MOOV": 7.19,
        "Te_MTN": 0.0,
        "Tbd_MTN": 92.21000000000001,
        "Tc_MTN": 0.0,
        "Tq_MTN": 0.0,
        "Te_ORANGE": 1.94,
        "Tbd_ORANGE": 75.66000000000001,
        "Tc_ORANGE": 0.0,
        "Tq_ORANGE": 1.3599999999999999,
        "rang_Te_ORANGE": 3,
        "rang_Te_MTN": 1,
        "rang_Te_MOOV": 2,
        "rang_Tc_ORANGE": 1,
        "rang_Tc_MTN": 1,
        "rang_Tc_MOOV": 1,
        "rang_Tbd_ORANGE": 2,
        "rang_Tbd_MTN": 1,
        "rang_Tbd_MOOV": 3,
        "rang_Tq_ORANGE": 2,
        "rang_Tq_MTN": 1,
        "rang_Tq_MOOV": 3
      },
      "id": 118
    },
    {
      "type": "Feature",
      "geometry": {
        "coordinates": [
          -6.64,
          5.39
        ],
        "type": "Point"
      },
      "properties": {
        "ADM0_FR": "DISTRICT AUTONOME DE YAMOUSSOUKRO",
        "ADM0_PCODE": "CI05",
        "ADM1_FR": "DISTRICT AUTONOME DE YAMOUSSOUKRO",
        "ADM1_PCODE": "CI102",
        "ADM2_FR": "ATTIEGOUAKRO",
        "ADM2_PCODE": "CI0201",
        "ADM3_FR": "LOLOBO",
        "ADM3_PCODE": "CI020102",
        "ADM4_FR": "SAKIARÉ",
        "ADM4_PCODE": "C6714",
        "centerLat": 5.38,
        "centerLng": -6.64,
        "pop": 3684,
        "Te_MOOV": 0.0,
        "Tbd_MOOV": 40.910000000000004,
        "Tc_MOOV": 0.0,
        "Tq_MOOV": 0.91,
        "Te_MTN": 0.9199999999999999,
        "Tbd_MTN": 95.37,
        "Tc_MTN": 1.8499999999999999,
        "Tq_MTN": 0.0,
        "Te_ORANGE": 0.91,
        "Tbd_ORANGE": 87.03999999999999,
        "Tc_ORANGE": 0.0,
        "Tq_ORANGE": 2.78,
        "rang_Te_ORANGE": 2,
        "rang_Te_MTN": 3,
        "rang_Te_MOOV": 1,
        "rang_Tc_ORANGE": 1,
        "rang_Tc_MTN": 3,
        "rang_Tc_MOOV": 1,
        "rang_Tbd_ORANGE": 2,
        "rang_Tbd_MTN": 1,
        "rang_Tbd_MOOV": 3,
        "rang_Tq_ORANGE": 3,
        "rang_Tq_MTN": 1,
        "rang_Tq_MOOV": 2
      },
      "id": 119
    },
    {
      "type": "Feature",
      "geometry": {
        "coordinates": [
          -5.88775,
          8.82244
        ],
        "type": "Point"
      },
      "properties": {
        "ADM0_FR": "SAVANES",
        "ADM0_PCODE": "CI11",
        "ADM1_FR": "PORO",
        "ADM1_PCODE": "CI128",
        "ADM2_FR": "DIKODOUGOU",
        "ADM2_PCODE": "CI2801",
        "ADM3_FR": "DIKODOUGOU",
        "ADM3_PCODE": "CI280102",
        "ADM4_FR": "SAMATIGUILA",
        "ADM4_PCODE": "C6741",
        "centerLat": 8.81244,
        "centerLng": -5.88775,
        "pop": 652,
        "Te_MOOV": 0.0,
        "Tbd_MOOV": 87.42999999999999,
        "Tc_MOOV": 0.0,
        "Tq_MOOV": 0.0,
        "Te_MTN": 3.5700000000000003,
        "Tbd_MTN": 83.95,
        "Tc_MTN": 0.0,
        "Tq_MTN": 16.150000000000002,
        "Te_ORANGE": 4.07,
        "Tbd_ORANGE": 66.67,
        "Tc_ORANGE": 0.61,
        "Tq_ORANGE": 8.59,
        "rang_Te_ORANGE": 3,
        "rang_Te_MTN": 2,
        "rang_Te_MOOV": 1,
        "rang_Tc_ORANGE": 3,
        "rang_Tc_MTN": 1,
        "rang_Tc_MOOV": 1,
        "rang_Tbd_ORANGE": 3,
        "rang_Tbd_MTN": 2,
        "rang_Tbd_MOOV": 1,
        "rang_Tq_ORANGE": 2,
        "rang_Tq_MTN": 3,
        "rang_Tq_MOOV": 1
      },
      "id": 120
    },
    {
      "type": "Feature",
      "geometry": {
        "coordinates": [
          -6.61973,
          4.7480899999999995
        ],
        "type": "Point"
      },
      "properties": {
        "ADM0_FR": "BAS-SASSANDRA",
        "ADM0_PCODE": "CI01",
        "ADM1_FR": "SAN-PEDRO",
        "ADM1_PCODE": "CI129",
        "ADM2_FR": "SAN-PEDRO",
        "ADM2_PCODE": "CI2901",
        "ADM3_FR": "SAN-PEDRO",
        "ADM3_PCODE": "CI290101",
        "ADM4_FR": "SAN-PEDRO",
        "ADM4_PCODE": "C6807",
        "centerLat": 4.73809,
        "centerLng": -6.61973,
        "pop": 164944,
        "Te_MOOV": 2.8400000000000003,
        "Tbd_MOOV": 60.49,
        "Tc_MOOV": 0.24,
        "Tq_MOOV": 3.6799999999999997,
        "Te_MTN": 2.8400000000000003,
        "Tbd_MTN": 81.95,
        "Tc_MTN": 0.24,
        "Tq_MTN": 3.6799999999999997,
        "Te_ORANGE": 8.559999999999999,
        "Tbd_ORANGE": 61.5,
        "Tc_ORANGE": 0.0,
        "Tq_ORANGE": 2.16,
        "rang_Te_ORANGE": 3,
        "rang_Te_MTN": 1,
        "rang_Te_MOOV": 1,
        "rang_Tc_ORANGE": 1,
        "rang_Tc_MTN": 2,
        "rang_Tc_MOOV": 2,
        "rang_Tbd_ORANGE": 2,
        "rang_Tbd_MTN": 1,
        "rang_Tbd_MOOV": 3,
        "rang_Tq_ORANGE": 1,
        "rang_Tq_MTN": 2,
        "rang_Tq_MOOV": 2
      },
      "id": 121
    },
    {
      "type": "Feature",
      "geometry": {
        "coordinates": [
          -6.09211,
          4.96198
        ],
        "type": "Point"
      },
      "properties": {
        "ADM0_FR": "BAS-SASSANDRA",
        "ADM0_PCODE": "CI01",
        "ADM1_FR": "GBOKLE",
        "ADM1_PCODE": "CI112",
        "ADM2_FR": "SASSANDRA",
        "ADM2_PCODE": "CI1202",
        "ADM3_FR": "SASSANDRA",
        "ADM3_PCODE": "CI120201",
        "ADM4_FR": "SASSANDRA",
        "ADM4_PCODE": "C6835",
        "centerLat": 4.95198,
        "centerLng": -6.09211,
        "pop": 26608,
        "Te_MOOV": 5.19,
        "Tbd_MOOV": 90.63,
        "Tc_MOOV": 0.7799999999999999,
        "Tq_MOOV": 1.18,
        "Te_MTN": 4.07,
        "Tbd_MTN": 23.74,
        "Tc_MTN": 0.38999999999999996,
        "Tq_MTN": 0.38999999999999996,
        "Te_ORANGE": 18.35,
        "Tbd_ORANGE": 21.560000000000002,
        "Tc_ORANGE": 1.38,
        "Tq_ORANGE": 11.32,
        "rang_Te_ORANGE": 3,
        "rang_Te_MTN": 1,
        "rang_Te_MOOV": 2,
        "rang_Tc_ORANGE": 3,
        "rang_Tc_MTN": 1,
        "rang_Tc_MOOV": 2,
        "rang_Tbd_ORANGE": 3,
        "rang_Tbd_MTN": 2,
        "rang_Tbd_MOOV": 1,
        "rang_Tq_ORANGE": 3,
        "rang_Tq_MTN": 1,
        "rang_Tq_MOOV": 2
      },
      "id": 122
    },
    {
      "type": "Feature",
      "geometry": {
        "coordinates": [
          -6.67313,
          7.97253
        ],
        "type": "Point"
      },
      "properties": {
        "ADM0_FR": "WOROBA",
        "ADM0_PCODE": "CI13",
        "ADM1_FR": "WORODOUGOU",
        "ADM1_PCODE": "CI133",
        "ADM2_FR": "SEGUELA",
        "ADM2_PCODE": "CI3302",
        "ADM3_FR": "SEGUELA",
        "ADM3_PCODE": "CI330201",
        "ADM4_FR": "SÉGUÉLA",
        "ADM4_PCODE": "C6882",
        "centerLat": 7.96253,
        "centerLng": -6.67313,
        "pop": 46189,
        "Te_MOOV": 0.0,
        "Tbd_MOOV": 79.39,
        "Tc_MOOV": 0.0,
        "Tq_MOOV": 14.63,
        "Te_MTN": 0.0,
        "Tbd_MTN": 94.51,
        "Tc_MTN": 1.21,
        "Tq_MTN": 35.4,
        "Te_ORANGE": 2.42,
        "Tbd_ORANGE": 73.91,
        "Tc_ORANGE": 0.0,
        "Tq_ORANGE": 0.62,
        "rang_Te_ORANGE": 3,
        "rang_Te_MTN": 1,
        "rang_Te_MOOV": 1,
        "rang_Tc_ORANGE": 1,
        "rang_Tc_MTN": 3,
        "rang_Tc_MOOV": 1,
        "rang_Tbd_ORANGE": 3,
        "rang_Tbd_MTN": 1,
        "rang_Tbd_MOOV": 2,
        "rang_Tq_ORANGE": 1,
        "rang_Tq_MTN": 3,
        "rang_Tq_MOOV": 2
      },
      "id": 123
    },
    {
      "type": "Feature",
      "geometry": {
        "coordinates": [
          -4.57207,
          5.68065
        ],
        "type": "Point"
      },
      "properties": {
        "ADM0_FR": "LAGUNES",
        "ADM0_PCODE": "CI08",
        "ADM1_FR": "AGNEBY-TIASSA",
        "ADM1_PCODE": "CI103",
        "ADM2_FR": "SIKENSI",
        "ADM2_PCODE": "CI0302",
        "ADM3_FR": "SIKENSI",
        "ADM3_PCODE": "CI030201",
        "ADM4_FR": "SIKENSI",
        "ADM4_PCODE": "C7019",
        "centerLat": 5.67065,
        "centerLng": -4.57207,
        "pop": 7308,
        "Te_MOOV": 0.63,
        "Tbd_MOOV": 41.77,
        "Tc_MOOV": 0.63,
        "Tq_MOOV": 0.65,
        "Te_MTN": 1.9,
        "Tbd_MTN": 86.45,
        "Tc_MTN": 0.0,
        "Tq_MTN": 0.65,
        "Te_ORANGE": 3.1300000000000003,
        "Tbd_ORANGE": 85.81,
        "Tc_ORANGE": 0.0,
        "Tq_ORANGE": 16.23,
        "rang_Te_ORANGE": 3,
        "rang_Te_MTN": 2,
        "rang_Te_MOOV": 1,
        "rang_Tc_ORANGE": 1,
        "rang_Tc_MTN": 1,
        "rang_Tc_MOOV": 3,
        "rang_Tbd_ORANGE": 2,
        "rang_Tbd_MTN": 1,
        "rang_Tbd_MOOV": 3,
        "rang_Tq_ORANGE": 3,
        "rang_Tq_MTN": 1,
        "rang_Tq_MOOV": 1
      },
      "id": 124
    },
    {
      "type": "Feature",
      "geometry": {
        "coordinates": [
          -5.38559,
          9.59325
        ],
        "type": "Point"
      },
      "properties": {
        "ADM0_FR": "SAVANES",
        "ADM0_PCODE": "CI11",
        "ADM1_FR": "PORO",
        "ADM1_PCODE": "CI128",
        "ADM2_FR": "SINEMATIALI",
        "ADM2_PCODE": "CI2804",
        "ADM3_FR": "SINEMATIALI",
        "ADM3_PCODE": "CI280401",
        "ADM4_FR": "SINEMATIALI",
        "ADM4_PCODE": "C7043",
        "centerLat": 9.58325,
        "centerLng": -5.38559,
        "pop": 10167,
        "Te_MOOV": 0.0,
        "Tbd_MOOV": 86.39,
        "Tc_MOOV": 0.0,
        "Tq_MOOV": 5.92,
        "Te_MTN": 0.0,
        "Tbd_MTN": 86.39,
        "Tc_MTN": 0.0,
        "Tq_MTN": 0.0,
        "Te_ORANGE": 1.76,
        "Tbd_ORANGE": 54.49,
        "Tc_ORANGE": 0.0,
        "Tq_ORANGE": 0.0,
        "rang_Te_ORANGE": 3,
        "rang_Te_MTN": 1,
        "rang_Te_MOOV": 1,
        "rang_Tc_ORANGE": 1,
        "rang_Tc_MTN": 1,
        "rang_Tc_MOOV": 1,
        "rang_Tbd_ORANGE": 3,
        "rang_Tbd_MTN": 1,
        "rang_Tbd_MOOV": 1,
        "rang_Tq_ORANGE": 1,
        "rang_Tq_MTN": 1,
        "rang_Tq_MOOV": 3
      },
      "id": 125
    },
    {
      "type": "Feature",
      "geometry": {
        "coordinates": [
          -5.91517,
          6.63035
        ],
        "type": "Point"
      },
      "properties": {
        "ADM0_FR": "SASSANDRA-MARAHOUE",
        "ADM0_PCODE": "CI10",
        "ADM1_FR": "MARAHOUE",
        "ADM1_PCODE": "CI123",
        "ADM2_FR": "SINFRA",
        "ADM2_PCODE": "CI2302",
        "ADM3_FR": "SINFRA",
        "ADM3_PCODE": "CI230201",
        "ADM4_FR": "SINFRA",
        "ADM4_PCODE": "C7045",
        "centerLat": 6.62035,
        "centerLng": -5.91517,
        "pop": 80658,
        "Te_MOOV": 0.5,
        "Tbd_MOOV": 45.96,
        "Tc_MOOV": 0.0,
        "Tq_MOOV": 1.01,
        "Te_MTN": 0.51,
        "Tbd_MTN": 86.8,
        "Tc_MTN": 0.0,
        "Tq_MTN": 1.55,
        "Te_ORANGE": 1.01,
        "Tbd_ORANGE": 83.16,
        "Tc_ORANGE": 0.0,
        "Tq_ORANGE": 7.180000000000001,
        "rang_Te_ORANGE": 3,
        "rang_Te_MTN": 2,
        "rang_Te_MOOV": 1,
        "rang_Tc_ORANGE": 1,
        "rang_Tc_MTN": 1,
        "rang_Tc_MOOV": 1,
        "rang_Tbd_ORANGE": 2,
        "rang_Tbd_MTN": 1,
        "rang_Tbd_MOOV": 3,
        "rang_Tq_ORANGE": 3,
        "rang_Tq_MTN": 2,
        "rang_Tq_MOOV": 1
      },
      "id": 126
    },
    {
      "type": "Feature",
      "geometry": {
        "coordinates": [
          -4.91951,
          6.10382
        ],
        "type": "Point"
      },
      "properties": {
        "ADM0_FR": "LAGUNES",
        "ADM0_PCODE": "CI08",
        "ADM1_FR": "AGNEBY-TIASSA",
        "ADM1_PCODE": "CI103",
        "ADM2_FR": "TAABO",
        "ADM2_PCODE": "CI0303",
        "ADM3_FR": "PACCOBO",
        "ADM3_PCODE": "CI030302",
        "ADM4_FR": "SINGROBO",
        "ADM4_PCODE": "C7054",
        "centerLat": 6.09382,
        "centerLng": -4.91951,
        "pop": 2799,
        "Te_MOOV": 0.0,
        "Tbd_MOOV": 40.0,
        "Tc_MOOV": 0.0,
        "Tq_MOOV": 0.0,
        "Te_MTN": 0.95,
        "Tbd_MTN": 84.47,
        "Tc_MTN": 0.0,
        "Tq_MTN": 15.53,
        "Te_ORANGE": 0.95,
        "Tbd_ORANGE": 84.47,
        "Tc_ORANGE": 0.0,
        "Tq_ORANGE": 15.53,
        "rang_Te_ORANGE": 2,
        "rang_Te_MTN": 2,
        "rang_Te_MOOV": 1,
        "rang_Tc_ORANGE": 1,
        "rang_Tc_MTN": 1,
        "rang_Tc_MOOV": 1,
        "rang_Tbd_ORANGE": 1,
        "rang_Tbd_MTN": 1,
        "rang_Tbd_MOOV": 3,
        "rang_Tq_ORANGE": 2,
        "rang_Tq_MTN": 2,
        "rang_Tq_MOOV": 1
      },
      "id": 127
    },
    {
      "type": "Feature",
      "geometry": {
        "coordinates": [
          -6.59,
          5.79
        ],
        "type": "Point"
      },
      "properties": {
        "ADM0_FR": "COMOE",
        "ADM0_PCODE": "CI02",
        "ADM1_FR": "SUD-COMOE",
        "ADM1_PCODE": "CI130",
        "ADM2_FR": "ABOISSO",
        "ADM2_PCODE": "CI3001",
        "ADM3_FR": "BIANOUAN",
        "ADM3_PCODE": "CI300105",
        "ADM4_FR": "SOUBRÉ",
        "ADM4_PCODE": "C7241",
        "centerLat": 5.78,
        "centerLng": -6.59,
        "pop": 1421,
        "Te_MOOV": 0.37,
        "Tbd_MOOV": 72.22,
        "Tc_MOOV": 0.37,
        "Tq_MOOV": 15.24,
        "Te_MTN": 4.760000000000001,
        "Tbd_MTN": 20.77,
        "Tc_MTN": 0.38,
        "Tq_MTN": 1.55,
        "Te_ORANGE": 8.12,
        "Tbd_ORANGE": 20.880000000000003,
        "Tc_ORANGE": 0.0,
        "Tq_ORANGE": 7.290000000000001,
        "rang_Te_ORANGE": 3,
        "rang_Te_MTN": 2,
        "rang_Te_MOOV": 1,
        "rang_Tc_ORANGE": 1,
        "rang_Tc_MTN": 3,
        "rang_Tc_MOOV": 2,
        "rang_Tbd_ORANGE": 2,
        "rang_Tbd_MTN": 3,
        "rang_Tbd_MOOV": 1,
        "rang_Tq_ORANGE": 2,
        "rang_Tq_MTN": 1,
        "rang_Tq_MOOV": 3
      },
      "id": 128
    },
    {
      "type": "Feature",
      "geometry": {
        "coordinates": [
          -3.07097,
          8.00062
        ],
        "type": "Point"
      },
      "properties": {
        "ADM0_FR": "ZANZAN",
        "ADM0_PCODE": "CI14",
        "ADM1_FR": "GONTOUGO",
        "ADM1_PCODE": "CI114",
        "ADM2_FR": "BONDOUKOU",
        "ADM2_PCODE": "CI1401",
        "ADM3_FR": "TABAGNE",
        "ADM3_PCODE": "CI140109",
        "ADM4_FR": "TABAGNE",
        "ADM4_PCODE": "C7298",
        "centerLat": 7.99062,
        "centerLng": -3.07097,
        "pop": 4950,
        "Te_MOOV": 10.92,
        "Tbd_MOOV": 85.85000000000001,
        "Tc_MOOV": 0.0,
        "Tq_MOOV": 45.28,
        "Te_MTN": 1.6400000000000001,
        "Tbd_MTN": 85.0,
        "Tc_MTN": 0.0,
        "Tq_MTN": 0.0,
        "Te_ORANGE": 0.8500000000000001,
        "Tbd_ORANGE": 78.45,
        "Tc_ORANGE": 0.0,
        "Tq_ORANGE": 0.0,
        "rang_Te_ORANGE": 1,
        "rang_Te_MTN": 2,
        "rang_Te_MOOV": 3,
        "rang_Tc_ORANGE": 1,
        "rang_Tc_MTN": 1,
        "rang_Tc_MOOV": 1,
        "rang_Tbd_ORANGE": 3,
        "rang_Tbd_MTN": 2,
        "rang_Tbd_MOOV": 1,
        "rang_Tq_ORANGE": 1,
        "rang_Tq_MTN": 1,
        "rang_Tq_MOOV": 3
      },
      "id": 129
    },
    {
      "type": "Feature",
      "geometry": {
        "coordinates": [
          -7.35615,
          4.42452
        ],
        "type": "Point"
      },
      "properties": {
        "ADM0_FR": "BAS-SASSANDRA",
        "ADM0_PCODE": "CI01",
        "ADM1_FR": "SAN-PEDRO",
        "ADM1_PCODE": "CI129",
        "ADM2_FR": "TABOU",
        "ADM2_PCODE": "CI2902",
        "ADM3_FR": "TABOU",
        "ADM3_PCODE": "CI290201",
        "ADM4_FR": "TABOU",
        "ADM4_PCODE": "C7308",
        "centerLat": 4.41452,
        "centerLng": -7.35615,
        "pop": 22733,
        "Te_MOOV": 2.55,
        "Tbd_MOOV": 61.44,
        "Tc_MOOV": 0.0,
        "Tq_MOOV": 1.31,
        "Te_MTN": 2.58,
        "Tbd_MTN": 90.73,
        "Tc_MTN": 0.0,
        "Tq_MTN": 0.66,
        "Te_ORANGE": 27.63,
        "Tbd_ORANGE": 27.27,
        "Tc_ORANGE": 0.0,
        "Tq_ORANGE": 20.369999999999997,
        "rang_Te_ORANGE": 3,
        "rang_Te_MTN": 2,
        "rang_Te_MOOV": 1,
        "rang_Tc_ORANGE": 1,
        "rang_Tc_MTN": 1,
        "rang_Tc_MOOV": 1,
        "rang_Tbd_ORANGE": 3,
        "rang_Tbd_MTN": 1,
        "rang_Tbd_MOOV": 2,
        "rang_Tq_ORANGE": 3,
        "rang_Tq_MTN": 1,
        "rang_Tq_MOOV": 2
      },
      "id": 130
    },
    {
      "type": "Feature",
      "geometry": {
        "coordinates": [
          -5.16212,
          9.08022
        ],
        "type": "Point"
      },
      "properties": {
        "ADM0_FR": "VALLEE DU BANDAMA",
        "ADM0_PCODE": "CI12",
        "ADM1_FR": "HAMBOL",
        "ADM1_PCODE": "CI117",
        "ADM2_FR": "NIAKARAMADOUGOU",
        "ADM2_PCODE": "CI1703",
        "ADM3_FR": "TAFIRE",
        "ADM3_PCODE": "CI170305",
        "ADM4_FR": "TAFIRE",
        "ADM4_PCODE": "C7314",
        "centerLat": 9.07022,
        "centerLng": -5.16212,
        "pop": 17191,
        "Te_MOOV": 0.0,
        "Tbd_MOOV": 96.3,
        "Tc_MOOV": 0.0,
        "Tq_MOOV": 0.0,
        "Te_MTN": 1.25,
        "Tbd_MTN": 81.65,
        "Tc_MTN": 0.0,
        "Tq_MTN": 0.0,
        "Te_ORANGE": 3.6799999999999997,
        "Tbd_ORANGE": 52.87,
        "Tc_ORANGE": 0.0,
        "Tq_ORANGE": 3.82,
        "rang_Te_ORANGE": 3,
        "rang_Te_MTN": 2,
        "rang_Te_MOOV": 1,
        "rang_Tc_ORANGE": 1,
        "rang_Tc_MTN": 1,
        "rang_Tc_MOOV": 1,
        "rang_Tbd_ORANGE": 3,
        "rang_Tbd_MTN": 2,
        "rang_Tbd_MOOV": 1,
        "rang_Tq_ORANGE": 3,
        "rang_Tq_MTN": 1,
        "rang_Tq_MOOV": 1
      },
      "id": 131
    },
    {
      "type": "Feature",
      "geometry": {
        "coordinates": [
          -7.45579,
          5.88385
        ],
        "type": "Point"
      },
      "properties": {
        "ADM0_FR": "MONTAGNES",
        "ADM0_PCODE": "CI09",
        "ADM1_FR": "CAVALLY",
        "ADM1_PCODE": "CI109",
        "ADM2_FR": "TAÏ",
        "ADM2_PCODE": "CI0903",
        "ADM3_FR": "TAÏ",
        "ADM3_PCODE": "CI090301",
        "ADM4_FR": "TAI",
        "ADM4_PCODE": "C7345",
        "centerLat": 5.87385,
        "centerLng": -7.45579,
        "pop": 5917,
        "Te_MOOV": 13.209999999999999,
        "Tbd_MOOV": 81.52000000000001,
        "Tc_MOOV": 2.17,
        "Tq_MOOV": 27.779999999999998,
        "Te_MTN": 1.82,
        "Tbd_MTN": 80.56,
        "Tc_MTN": 0.0,
        "Tq_MTN": 0.9299999999999999,
        "Te_ORANGE": 2.78,
        "Tbd_ORANGE": 23.810000000000002,
        "Tc_ORANGE": 0.0,
        "Tq_ORANGE": 3.81,
        "rang_Te_ORANGE": 2,
        "rang_Te_MTN": 1,
        "rang_Te_MOOV": 3,
        "rang_Tc_ORANGE": 1,
        "rang_Tc_MTN": 1,
        "rang_Tc_MOOV": 3,
        "rang_Tbd_ORANGE": 3,
        "rang_Tbd_MTN": 2,
        "rang_Tbd_MOOV": 1,
        "rang_Tq_ORANGE": 2,
        "rang_Tq_MTN": 1,
        "rang_Tq_MOOV": 3
      },
      "id": 132
    },
    {
      "type": "Feature",
      "geometry": {
        "coordinates": [
          -3.16789,
          7.81253
        ],
        "type": "Point"
      },
      "properties": {
        "ADM0_FR": "ZANZAN",
        "ADM0_PCODE": "CI14",
        "ADM1_FR": "GONTOUGO",
        "ADM1_PCODE": "CI114",
        "ADM2_FR": "TANDA",
        "ADM2_PCODE": "CI1404",
        "ADM3_FR": "TANDA",
        "ADM3_PCODE": "CI140401",
        "ADM4_FR": "TANDA",
        "ADM4_PCODE": "C7386",
        "centerLat": 7.80253,
        "centerLng": -3.16789,
        "pop": 27659,
        "Te_MOOV": 32.690000000000005,
        "Tbd_MOOV": 95.24000000000001,
        "Tc_MOOV": 0.0,
        "Tq_MOOV": 37.14,
        "Te_MTN": 1.16,
        "Tbd_MTN": 74.71,
        "Tc_MTN": 0.0,
        "Tq_MTN": 3.53,
        "Te_ORANGE": 18.709999999999997,
        "Tbd_ORANGE": 57.550000000000004,
        "Tc_ORANGE": 0.0,
        "Tq_ORANGE": 0.0,
        "rang_Te_ORANGE": 2,
        "rang_Te_MTN": 1,
        "rang_Te_MOOV": 3,
        "rang_Tc_ORANGE": 1,
        "rang_Tc_MTN": 1,
        "rang_Tc_MOOV": 1,
        "rang_Tbd_ORANGE": 3,
        "rang_Tbd_MTN": 2,
        "rang_Tbd_MOOV": 1,
        "rang_Tq_ORANGE": 1,
        "rang_Tq_MTN": 2,
        "rang_Tq_MOOV": 3
      },
      "id": 133
    },
    {
      "type": "Feature",
      "geometry": {
        "coordinates": [
          -4.82379,
          5.90299
        ],
        "type": "Point"
      },
      "properties": {
        "ADM0_FR": "LAGUNES",
        "ADM0_PCODE": "CI08",
        "ADM1_FR": "AGNEBY-TIASSA",
        "ADM1_PCODE": "CI103",
        "ADM2_FR": "TIASSALE",
        "ADM2_PCODE": "CI0304",
        "ADM3_FR": "TIASSALE",
        "ADM3_PCODE": "CI030401",
        "ADM4_FR": "TIASSALÉ",
        "ADM4_PCODE": "C7555",
        "centerLat": 5.89299,
        "centerLng": -4.82379,
        "pop": 20057,
        "Te_MOOV": 0.0,
        "Tbd_MOOV": 56.44,
        "Tc_MOOV": 1.21,
        "Tq_MOOV": 0.63,
        "Te_MTN": 0.0,
        "Tbd_MTN": 77.58,
        "Tc_MTN": 0.0,
        "Tq_MTN": 31.52,
        "Te_ORANGE": 3.01,
        "Tbd_ORANGE": 93.17,
        "Tc_ORANGE": 0.0,
        "Tq_ORANGE": 3.11,
        "rang_Te_ORANGE": 3,
        "rang_Te_MTN": 1,
        "rang_Te_MOOV": 1,
        "rang_Tc_ORANGE": 1,
        "rang_Tc_MTN": 1,
        "rang_Tc_MOOV": 3,
        "rang_Tbd_ORANGE": 1,
        "rang_Tbd_MTN": 2,
        "rang_Tbd_MOOV": 3,
        "rang_Tq_ORANGE": 2,
        "rang_Tq_MTN": 3,
        "rang_Tq_MOOV": 1
      },
      "id": 134
    },
    {
      "type": "Feature",
      "geometry": {
        "coordinates": [
          -4.66225,
          7.72436
        ],
        "type": "Point"
      },
      "properties": {
        "ADM0_FR": "LACS",
        "ADM0_PCODE": "CI07",
        "ADM1_FR": "BELIER",
        "ADM1_PCODE": "CI106",
        "ADM2_FR": "TIEBISSOU",
        "ADM2_PCODE": "CI0603",
        "ADM3_FR": "TIEBISSOU",
        "ADM3_PCODE": "CI060301",
        "ADM4_FR": "TIÉBISSOU",
        "ADM4_PCODE": "C7574",
        "centerLat": 7.71436,
        "centerLng": -4.66225,
        "pop": 18832,
        "Te_MOOV": 1.27,
        "Tbd_MOOV": 40.65,
        "Tc_MOOV": 0.0,
        "Tq_MOOV": 17.53,
        "Te_MTN": 0.0,
        "Tbd_MTN": 98.09,
        "Tc_MTN": 0.0,
        "Tq_MTN": 0.0,
        "Te_ORANGE": 0.64,
        "Tbd_ORANGE": 90.97,
        "Tc_ORANGE": 0.0,
        "Tq_ORANGE": 16.03,
        "rang_Te_ORANGE": 2,
        "rang_Te_MTN": 1,
        "rang_Te_MOOV": 3,
        "rang_Tc_ORANGE": 1,
        "rang_Tc_MTN": 1,
        "rang_Tc_MOOV": 1,
        "rang_Tbd_ORANGE": 2,
        "rang_Tbd_MTN": 1,
        "rang_Tbd_MOOV": 3,
        "rang_Tq_ORANGE": 2,
        "rang_Tq_MTN": 1,
        "rang_Tq_MOOV": 3
      },
      "id": 135
    },
    {
      "type": "Feature",
      "geometry": {
        "coordinates": [
          -7.31834,
          9.55501
        ],
        "type": "Point"
      },
      "properties": {
        "ADM0_FR": "DENGUELE",
        "ADM0_PCODE": "CI03",
        "ADM1_FR": "KABADOUGOU",
        "ADM1_PCODE": "CI121",
        "ADM2_FR": "ODIENNE",
        "ADM2_PCODE": "CI2103",
        "ADM3_FR": "TIEME",
        "ADM3_PCODE": "CI210305",
        "ADM4_FR": "TIEME",
        "ADM4_PCODE": "C7613",
        "centerLat": 9.54501,
        "centerLng": -7.31834,
        "pop": 6267,
        "Te_MOOV": 2.31,
        "Tbd_MOOV": 98.41,
        "Tc_MOOV": 0.0,
        "Tq_MOOV": 2.3800000000000003,
        "Te_MTN": 8.27,
        "Tbd_MTN": 90.16,
        "Tc_MTN": 0.8200000000000001,
        "Tq_MTN": 0.0,
        "Te_ORANGE": 17.2,
        "Tbd_ORANGE": 76.14999999999999,
        "Tc_ORANGE": 0.77,
        "Tq_ORANGE": 0.0,
        "rang_Te_ORANGE": 3,
        "rang_Te_MTN": 2,
        "rang_Te_MOOV": 1,
        "rang_Tc_ORANGE": 2,
        "rang_Tc_MTN": 3,
        "rang_Tc_MOOV": 1,
        "rang_Tbd_ORANGE": 3,
        "rang_Tbd_MTN": 2,
        "rang_Tbd_MOOV": 1,
        "rang_Tq_ORANGE": 1,
        "rang_Tq_MTN": 1,
        "rang_Tq_MOOV": 3
      },
      "id": 136
    },
    {
      "type": "Feature",
      "geometry": {
        "coordinates": [
          -6.41061,
          10.499
        ],
        "type": "Point"
      },
      "properties": {
        "ADM0_FR": "SAVANES",
        "ADM0_PCODE": "CI11",
        "ADM1_FR": "BAGOUE",
        "ADM1_PCODE": "CI105",
        "ADM2_FR": "TENGRELA",
        "ADM2_PCODE": "CI0503",
        "ADM3_FR": "TENGRELA",
        "ADM3_PCODE": "CI050301",
        "ADM4_FR": "TENGRELA",
        "ADM4_PCODE": "C7513",
        "centerLat": 10.489,
        "centerLng": -6.41061,
        "pop": 40323,
        "Te_MOOV": 1.67,
        "Tbd_MOOV": 78.53,
        "Tc_MOOV": 0.0,
        "Tq_MOOV": 3.39,
        "Te_MTN": 0.0,
        "Tbd_MTN": 75.57000000000001,
        "Tc_MTN": 0.0,
        "Tq_MTN": 0.5700000000000001,
        "Te_ORANGE": 5.0,
        "Tbd_ORANGE": 57.31,
        "Tc_ORANGE": 0.0,
        "Tq_ORANGE": 2.37,
        "rang_Te_ORANGE": 3,
        "rang_Te_MTN": 1,
        "rang_Te_MOOV": 2,
        "rang_Tc_ORANGE": 1,
        "rang_Tc_MTN": 1,
        "rang_Tc_MOOV": 1,
        "rang_Tbd_ORANGE": 3,
        "rang_Tbd_MTN": 2,
        "rang_Tbd_MOOV": 1,
        "rang_Tq_ORANGE": 2,
        "rang_Tq_MTN": 1,
        "rang_Tq_MOOV": 3
      },
      "id": 137
    },
    {
      "type": "Feature",
      "geometry": {
        "coordinates": [
          -5.64427,
          6.36398
        ],
        "type": "Point"
      },
      "properties": {
        "ADM0_FR": "GOH-DJIBOUA",
        "ADM0_PCODE": "CI06",
        "ADM1_FR": "GOH",
        "ADM1_PCODE": "CI113",
        "ADM2_FR": "OUME",
        "ADM2_PCODE": "CI1302",
        "ADM3_FR": "TONLA",
        "ADM3_PCODE": "CI130204",
        "ADM4_FR": "TONLA",
        "ADM4_PCODE": "C7785",
        "centerLat": 6.35398,
        "centerLng": -5.64427,
        "pop": 7300,
        "Te_MOOV": 1.71,
        "Tbd_MOOV": 15.65,
        "Tc_MOOV": 0.0,
        "Tq_MOOV": 99.13,
        "Te_MTN": 0.8500000000000001,
        "Tbd_MTN": 99.14,
        "Tc_MTN": 0.0,
        "Tq_MTN": 0.0,
        "Te_ORANGE": 0.0,
        "Tbd_ORANGE": 90.52,
        "Tc_ORANGE": 1.72,
        "Tq_ORANGE": 1.7500000000000002,
        "rang_Te_ORANGE": 1,
        "rang_Te_MTN": 2,
        "rang_Te_MOOV": 3,
        "rang_Tc_ORANGE": 3,
        "rang_Tc_MTN": 1,
        "rang_Tc_MOOV": 1,
        "rang_Tbd_ORANGE": 2,
        "rang_Tbd_MTN": 1,
        "rang_Tbd_MOOV": 3,
        "rang_Tq_ORANGE": 2,
        "rang_Tq_MTN": 1,
        "rang_Tq_MOOV": 3
      },
      "id": 138
    },
    {
      "type": "Feature",
      "geometry": {
        "coordinates": [
          -7.68063,
          8.29504
        ],
        "type": "Point"
      },
      "properties": {
        "ADM0_FR": "WOROBA",
        "ADM0_PCODE": "CI13",
        "ADM1_FR": "BAFING",
        "ADM1_PCODE": "CI104",
        "ADM2_FR": "TOUBA",
        "ADM2_PCODE": "CI0403",
        "ADM3_FR": "TOUBA",
        "ADM3_PCODE": "CI040301",
        "ADM4_FR": "TOUBA",
        "ADM4_PCODE": "C7832",
        "centerLat": 8.28504,
        "centerLng": -7.68063,
        "pop": 22361,
        "Te_MOOV": 0.0,
        "Tbd_MOOV": 94.74000000000001,
        "Tc_MOOV": 0.35000000000000003,
        "Tq_MOOV": 0.35000000000000003,
        "Te_MTN": 1.41,
        "Tbd_MTN": 83.45,
        "Tc_MTN": 2.15,
        "Tq_MTN": 0.0,
        "Te_ORANGE": 6.67,
        "Tbd_ORANGE": 71.8,
        "Tc_ORANGE": 0.0,
        "Tq_ORANGE": 1.5,
        "rang_Te_ORANGE": 3,
        "rang_Te_MTN": 2,
        "rang_Te_MOOV": 1,
        "rang_Tc_ORANGE": 1,
        "rang_Tc_MTN": 3,
        "rang_Tc_MOOV": 2,
        "rang_Tbd_ORANGE": 3,
        "rang_Tbd_MTN": 2,
        "rang_Tbd_MOOV": 1,
        "rang_Tq_ORANGE": 3,
        "rang_Tq_MTN": 1,
        "rang_Tq_MOOV": 2
      },
      "id": 139
    },
    {
      "type": "Feature",
      "geometry": {
        "coordinates": [
          -8.41519,
          6.592
        ],
        "type": "Point"
      },
      "properties": {
        "ADM0_FR": "MONTAGNES",
        "ADM0_PCODE": "CI09",
        "ADM1_FR": "CAVALLY",
        "ADM1_PCODE": "CI109",
        "ADM2_FR": "TOULEPLEU",
        "ADM2_PCODE": "CI0904",
        "ADM3_FR": "TOULEPLEU",
        "ADM3_PCODE": "CI090401",
        "ADM4_FR": "TOULEPLEU",
        "ADM4_PCODE": "C7852",
        "centerLat": 6.582,
        "centerLng": -8.41519,
        "pop": 6784,
        "Te_MOOV": 0.0,
        "Tbd_MOOV": 25.0,
        "Tc_MOOV": 0.0,
        "Tq_MOOV": 0.0,
        "Te_MTN": 5.489999999999999,
        "Tbd_MTN": 72.72999999999999,
        "Tc_MTN": 1.94,
        "Tq_MTN": 0.0,
        "Te_ORANGE": 6.25,
        "Tbd_ORANGE": 62.419999999999995,
        "Tc_ORANGE": 0.0,
        "Tq_ORANGE": 6.76,
        "rang_Te_ORANGE": 3,
        "rang_Te_MTN": 2,
        "rang_Te_MOOV": 1,
        "rang_Tc_ORANGE": 1,
        "rang_Tc_MTN": 3,
        "rang_Tc_MOOV": 1,
        "rang_Tbd_ORANGE": 2,
        "rang_Tbd_MTN": 1,
        "rang_Tbd_MOOV": 3,
        "rang_Tq_ORANGE": 3,
        "rang_Tq_MTN": 1,
        "rang_Tq_MOOV": 1
      },
      "id": 140
    },
    {
      "type": "Feature",
      "geometry": {
        "coordinates": [
          -5.01819,
          6.57024
        ],
        "type": "Point"
      },
      "properties": {
        "ADM0_FR": "LACS",
        "ADM0_PCODE": "CI07",
        "ADM1_FR": "BELIER",
        "ADM1_PCODE": "CI106",
        "ADM2_FR": "TOUMODI",
        "ADM2_PCODE": "CI0604",
        "ADM3_FR": "TOUMODI",
        "ADM3_PCODE": "CI060401",
        "ADM4_FR": "TOUMODI",
        "ADM4_PCODE": "C7862",
        "centerLat": 6.56024,
        "centerLng": -5.01819,
        "pop": 43189,
        "Te_MOOV": 0.63,
        "Tbd_MOOV": 81.53,
        "Tc_MOOV": 0.0,
        "Tq_MOOV": 2.55,
        "Te_MTN": 4.3999999999999995,
        "Tbd_MTN": 84.39999999999999,
        "Tc_MTN": 0.0,
        "Tq_MTN": 0.0,
        "Te_ORANGE": 0.0,
        "Tbd_ORANGE": 21.12,
        "Tc_ORANGE": 0.0,
        "Tq_ORANGE": 0.0,
        "rang_Te_ORANGE": 1,
        "rang_Te_MTN": 3,
        "rang_Te_MOOV": 2,
        "rang_Tc_ORANGE": 1,
        "rang_Tc_MTN": 1,
        "rang_Tc_MOOV": 1,
        "rang_Tbd_ORANGE": 3,
        "rang_Tbd_MTN": 1,
        "rang_Tbd_MOOV": 2,
        "rang_Tq_ORANGE": 1,
        "rang_Tq_MTN": 1,
        "rang_Tq_MOOV": 3
      },
      "id": 141
    },
    {
      "type": "Feature",
      "geometry": {
        "coordinates": [
          -6.48051,
          7.38748
        ],
        "type": "Point"
      },
      "properties": {
        "ADM0_FR": "SASSANDRA-MARAHOUE",
        "ADM0_PCODE": "CI10",
        "ADM1_FR": "HAUT-SASSANDRA",
        "ADM1_PCODE": "CI118",
        "ADM2_FR": "VAVOUA",
        "ADM2_PCODE": "CI1803",
        "ADM3_FR": "VAVOUA",
        "ADM3_PCODE": "CI180301",
        "ADM4_FR": "VAVOUA",
        "ADM4_PCODE": "C7965",
        "centerLat": 7.37748,
        "centerLng": -6.48051,
        "pop": 67096,
        "Te_MOOV": 0.38999999999999996,
        "Tbd_MOOV": 51.59,
        "Tc_MOOV": 0.38999999999999996,
        "Tq_MOOV": 2.83,
        "Te_MTN": 0.37,
        "Tbd_MTN": 98.5,
        "Tc_MTN": 0.38,
        "Tq_MTN": 1.5,
        "Te_ORANGE": 1.13,
        "Tbd_ORANGE": 89.69,
        "Tc_ORANGE": 0.0,
        "Tq_ORANGE": 1.9,
        "rang_Te_ORANGE": 3,
        "rang_Te_MTN": 1,
        "rang_Te_MOOV": 2,
        "rang_Tc_ORANGE": 1,
        "rang_Tc_MTN": 2,
        "rang_Tc_MOOV": 3,
        "rang_Tbd_ORANGE": 2,
        "rang_Tbd_MTN": 1,
        "rang_Tbd_MOOV": 3,
        "rang_Tq_ORANGE": 2,
        "rang_Tq_MTN": 1,
        "rang_Tq_MOOV": 3
      },
      "id": 142
    },
    {
      "type": "Feature",
      "geometry": {
        "coordinates": [
          -3.95,
          5.819999999999999
        ],
        "type": "Point"
      },
      "properties": {
        "ADM0_FR": "LAGUNES",
        "ADM0_PCODE": "CI08",
        "ADM1_FR": "LA ME",
        "ADM1_PCODE": "CI124",
        "ADM2_FR": "ADZOPE",
        "ADM2_PCODE": "CI2401",
        "ADM3_FR": "YAKASSE-ME",
        "ADM3_PCODE": "CI240106",
        "ADM4_FR": "YAKASSE-ME",
        "ADM4_PCODE": "C8076",
        "centerLat": 5.81,
        "centerLng": -3.95,
        "pop": 9823,
        "Te_MOOV": 1.67,
        "Tbd_MOOV": 96.61,
        "Tc_MOOV": 1.69,
        "Tq_MOOV": 0.0,
        "Te_MTN": 0.0,
        "Tbd_MTN": 92.36999999999999,
        "Tc_MTN": 0.84,
        "Tq_MTN": 2.6100000000000003,
        "Te_ORANGE": 5.83,
        "Tbd_ORANGE": 67.25999999999999,
        "Tc_ORANGE": 0.0,
        "Tq_ORANGE": 0.0,
        "rang_Te_ORANGE": 3,
        "rang_Te_MTN": 1,
        "rang_Te_MOOV": 2,
        "rang_Tc_ORANGE": 1,
        "rang_Tc_MTN": 2,
        "rang_Tc_MOOV": 3,
        "rang_Tbd_ORANGE": 3,
        "rang_Tbd_MTN": 2,
        "rang_Tbd_MOOV": 1,
        "rang_Tq_ORANGE": 1,
        "rang_Tq_MTN": 3,
        "rang_Tq_MOOV": 1
      },
      "id": 143
    },
    {
      "type": "Feature",
      "geometry": {
        "coordinates": [
          -5.27786,
          6.82819
        ],
        "type": "Point"
      },
      "properties": {
        "ADM0_FR": "DISTRICT AUTONOME DE YAMOUSSOUKRO",
        "ADM0_PCODE": "CI05",
        "ADM1_FR": "DISTRICT AUTONOME DE YAMOUSSOUKRO",
        "ADM1_PCODE": "CI102",
        "ADM2_FR": "YAMOUSSOUKRO",
        "ADM2_PCODE": "CI0202",
        "ADM3_FR": "YAMOUSSOUKRO",
        "ADM3_PCODE": "CI020201",
        "ADM4_FR": "YAMOUSSOUKRO",
        "ADM4_PCODE": "C8092",
        "centerLat": 6.81819,
        "centerLng": -5.27786,
        "pop": 212670,
        "Te_MOOV": 0.0,
        "Tbd_MOOV": 45.93,
        "Tc_MOOV": 0.49,
        "Tq_MOOV": 3.53,
        "Te_MTN": 0.97,
        "Tbd_MTN": 83.13000000000001,
        "Tc_MTN": 0.0,
        "Tq_MTN": 1.47,
        "Te_ORANGE": 1.97,
        "Tbd_ORANGE": 85.46000000000001,
        "Tc_ORANGE": 0.75,
        "Tq_ORANGE": 3.05,
        "rang_Te_ORANGE": 3,
        "rang_Te_MTN": 2,
        "rang_Te_MOOV": 1,
        "rang_Tc_ORANGE": 3,
        "rang_Tc_MTN": 1,
        "rang_Tc_MOOV": 2,
        "rang_Tbd_ORANGE": 1,
        "rang_Tbd_MTN": 2,
        "rang_Tbd_MOOV": 3,
        "rang_Tq_ORANGE": 2,
        "rang_Tq_MTN": 1,
        "rang_Tq_MOOV": 3
      },
      "id": 144
    },
    {
      "type": "Feature",
      "geometry": {
        "coordinates": [
          -5.26,
          5.8
        ],
        "type": "Point"
      },
      "properties": {
        "ADM0_FR": "DISTRICT AUTONOME DE YAMOUSSOUKRO",
        "ADM0_PCODE": "CI05",
        "ADM1_FR": "DISTRICT AUTONOME DE YAMOUSSOUKRO",
        "ADM1_PCODE": "CI102",
        "ADM2_FR": "YAMOUSSOUKRO",
        "ADM2_PCODE": "CI0202",
        "ADM3_FR": "KOSSOU",
        "ADM3_PCODE": "CI020202",
        "ADM4_FR": "YOBOUÉKRO",
        "ADM4_PCODE": "C8202",
        "centerLat": 5.79,
        "centerLng": -5.26,
        "pop": 932,
        "Te_MOOV": 0.0,
        "Tbd_MOOV": 90.74,
        "Tc_MOOV": 0.0,
        "Tq_MOOV": 1.8499999999999999,
        "Te_MTN": 9.35,
        "Tbd_MTN": 88.42,
        "Tc_MTN": 0.0,
        "Tq_MTN": 3.2300000000000004,
        "Te_ORANGE": 0.0,
        "Tbd_ORANGE": 15.740000000000002,
        "Tc_ORANGE": 0.0,
        "Tq_ORANGE": 4.67,
        "rang_Te_ORANGE": 1,
        "rang_Te_MTN": 3,
        "rang_Te_MOOV": 1,
        "rang_Tc_ORANGE": 1,
        "rang_Tc_MTN": 1,
        "rang_Tc_MOOV": 1,
        "rang_Tbd_ORANGE": 3,
        "rang_Tbd_MTN": 2,
        "rang_Tbd_MOOV": 1,
        "rang_Tq_ORANGE": 3,
        "rang_Tq_MTN": 2,
        "rang_Tq_MOOV": 1
      },
      "id": 145
    },
    {
      "type": "Feature",
      "geometry": {
        "coordinates": [
          -5.41187,
          6.74205
        ],
        "type": "Point"
      },
      "properties": {
        "ADM0_FR": "DISTRICT AUTONOME DE YAMOUSSOUKRO",
        "ADM0_PCODE": "CI05",
        "ADM1_FR": "DISTRICT AUTONOME DE YAMOUSSOUKRO",
        "ADM1_PCODE": "CI102",
        "ADM2_FR": "YAMOUSSOUKRO",
        "ADM2_PCODE": "CI0202",
        "ADM3_FR": "YAMOUSSOUKRO",
        "ADM3_PCODE": "CI020201",
        "ADM4_FR": "ZAMBAKRO",
        "ADM4_PCODE": "C8294",
        "centerLat": 6.73205,
        "centerLng": -5.41187,
        "pop": 7947,
        "Te_MOOV": 0.0,
        "Tbd_MOOV": 99.13,
        "Tc_MOOV": 0.0,
        "Tq_MOOV": 0.0,
        "Te_MTN": 9.92,
        "Tbd_MTN": 75.92999999999999,
        "Tc_MTN": 2.75,
        "Tq_MTN": 2.86,
        "Te_ORANGE": 12.4,
        "Tbd_ORANGE": 73.58,
        "Tc_ORANGE": 0.0,
        "Tq_ORANGE": 0.95,
        "rang_Te_ORANGE": 3,
        "rang_Te_MTN": 2,
        "rang_Te_MOOV": 1,
        "rang_Tc_ORANGE": 1,
        "rang_Tc_MTN": 3,
        "rang_Tc_MOOV": 1,
        "rang_Tbd_ORANGE": 3,
        "rang_Tbd_MTN": 2,
        "rang_Tbd_MOOV": 1,
        "rang_Tq_ORANGE": 2,
        "rang_Tq_MTN": 3,
        "rang_Tq_MOOV": 1
      },
      "id": 146
    },
    {
      "type": "Feature",
      "geometry": {
        "coordinates": [
          -5.40398,
          6.8887599999999996
        ],
        "type": "Point"
      },
      "properties": {
        "ADM0_FR": "DISTRICT AUTONOME DE YAMOUSSOUKRO",
        "ADM0_PCODE": "CI05",
        "ADM1_FR": "DISTRICT AUTONOME DE YAMOUSSOUKRO",
        "ADM1_PCODE": "CI102",
        "ADM2_FR": "YAMOUSSOUKRO",
        "ADM2_PCODE": "CI0202",
        "ADM3_FR": "YAMOUSSOUKRO",
        "ADM3_PCODE": "CI020201",
        "ADM4_FR": "ZATTA",
        "ADM4_PCODE": "C8337",
        "centerLat": 6.87876,
        "centerLng": -5.40398,
        "pop": 8391,
        "Te_MOOV": 0.0,
        "Tbd_MOOV": 31.5,
        "Tc_MOOV": 0.0,
        "Tq_MOOV": 0.79,
        "Te_MTN": 3.9699999999999998,
        "Tbd_MTN": 78.33,
        "Tc_MTN": 0.0,
        "Tq_MTN": 2.5,
        "Te_ORANGE": 3.15,
        "Tbd_ORANGE": 76.42,
        "Tc_ORANGE": 0.0,
        "Tq_ORANGE": 16.669999999999998,
        "rang_Te_ORANGE": 2,
        "rang_Te_MTN": 3,
        "rang_Te_MOOV": 1,
        "rang_Tc_ORANGE": 1,
        "rang_Tc_MTN": 1,
        "rang_Tc_MOOV": 1,
        "rang_Tbd_ORANGE": 2,
        "rang_Tbd_MTN": 1,
        "rang_Tbd_MOOV": 3,
        "rang_Tq_ORANGE": 3,
        "rang_Tq_MTN": 2,
        "rang_Tq_MOOV": 1
      },
      "id": 147
    },
    {
      "type": "Feature",
      "geometry": {
        "coordinates": [
          -5.84068,
          6.4601299999999995
        ],
        "type": "Point"
      },
      "properties": {
        "ADM0_FR": "GOH-DJIBOUA",
        "ADM0_PCODE": "CI06",
        "ADM1_FR": "GOH",
        "ADM1_PCODE": "CI113",
        "ADM2_FR": "GAGNOA",
        "ADM2_PCODE": "CI1301",
        "ADM3_FR": "YOPOHUE",
        "ADM3_PCODE": "CI130112",
        "ADM4_FR": "ZIPLIGNAN",
        "ADM4_PCODE": "C8434",
        "centerLat": 6.45013,
        "centerLng": -5.84068,
        "pop": 6750,
        "Te_MOOV": 0.0,
        "Tbd_MOOV": 43.059999999999995,
        "Tc_MOOV": 0.0,
        "Tq_MOOV": 0.0,
        "Te_MTN": 6.9,
        "Tbd_MTN": 84.44,
        "Tc_MTN": 1.48,
        "Tq_MTN": 1.5,
        "Te_ORANGE": 10.42,
        "Tbd_ORANGE": 81.39999999999999,
        "Tc_ORANGE": 0.0,
        "Tq_ORANGE": 15.629999999999999,
        "rang_Te_ORANGE": 3,
        "rang_Te_MTN": 2,
        "rang_Te_MOOV": 1,
        "rang_Tc_ORANGE": 1,
        "rang_Tc_MTN": 3,
        "rang_Tc_MOOV": 1,
        "rang_Tbd_ORANGE": 2,
        "rang_Tbd_MTN": 1,
        "rang_Tbd_MOOV": 3,
        "rang_Tq_ORANGE": 3,
        "rang_Tq_MTN": 2,
        "rang_Tq_MOOV": 1
      },
      "id": 148
    },
    {
      "type": "Feature",
      "geometry": {
        "coordinates": [
          -8.20892,
          6.92987
        ],
        "type": "Point"
      },
      "properties": {
        "ADM0_FR": "MONTAGNES",
        "ADM0_PCODE": "CI09",
        "ADM1_FR": "TONKPI",
        "ADM1_PCODE": "CI132",
        "ADM2_FR": "ZOUAN-HOUNIEN",
        "ADM2_PCODE": "CI3205",
        "ADM3_FR": "ZOUAN-HOUNIEN",
        "ADM3_PCODE": "CI320501",
        "ADM4_FR": "ZOUAN-HOUNIEN",
        "ADM4_PCODE": "C8485",
        "centerLat": 6.91987,
        "centerLng": -8.20892,
        "pop": 22872,
        "Te_MOOV": 6.08,
        "Tbd_MOOV": 56.8,
        "Tc_MOOV": 1.18,
        "Tq_MOOV": 30.36,
        "Te_MTN": 6.08,
        "Tbd_MTN": 56.8,
        "Tc_MTN": 1.18,
        "Tq_MTN": 30.36,
        "Te_ORANGE": 7.53,
        "Tbd_ORANGE": 14.530000000000001,
        "Tc_ORANGE": 0.0,
        "Tq_ORANGE": 2.34,
        "rang_Te_ORANGE": 3,
        "rang_Te_MTN": 1,
        "rang_Te_MOOV": 1,
        "rang_Tc_ORANGE": 1,
        "rang_Tc_MTN": 2,
        "rang_Tc_MOOV": 2,
        "rang_Tbd_ORANGE": 3,
        "rang_Tbd_MTN": 1,
        "rang_Tbd_MOOV": 1,
        "rang_Tq_ORANGE": 1,
        "rang_Tq_MTN": 2,
        "rang_Tq_MOOV": 2
      },
      "id": 149
    },
    {
      "type": "Feature",
      "geometry": {
        "coordinates": [
          -6.04748,
          7.44083
        ],
        "type": "Point"
      },
      "properties": {
        "ADM0_FR": "SASSANDRA-MARAHOUE",
        "ADM0_PCODE": "CI10",
        "ADM1_FR": "MARAHOUE",
        "ADM1_PCODE": "CI123",
        "ADM2_FR": "ZUENOULA",
        "ADM2_PCODE": "CI2303",
        "ADM3_FR": "ZUENOULA",
        "ADM3_PCODE": "CI230301",
        "ADM4_FR": "ZUÉNOULA",
        "ADM4_PCODE": "C8516",
        "centerLat": 7.43083,
        "centerLng": -6.04748,
        "pop": 34018,
        "Te_MOOV": 0.0,
        "Tbd_MOOV": 47.12,
        "Tc_MOOV": 0.0,
        "Tq_MOOV": 0.53,
        "Te_MTN": 1.08,
        "Tbd_MTN": 96.72,
        "Tc_MTN": 0.0,
        "Tq_MTN": 0.0,
        "Te_ORANGE": 1.05,
        "Tbd_ORANGE": 84.57000000000001,
        "Tc_ORANGE": 0.53,
        "Tq_ORANGE": 9.68,
        "rang_Te_ORANGE": 2,
        "rang_Te_MTN": 3,
        "rang_Te_MOOV": 1,
        "rang_Tc_ORANGE": 3,
        "rang_Tc_MTN": 1,
        "rang_Tc_MOOV": 1,
        "rang_Tbd_ORANGE": 2,
        "rang_Tbd_MTN": 1,
        "rang_Tbd_MOOV": 3,
        "rang_Tq_ORANGE": 3,
        "rang_Tq_MTN": 1,
        "rang_Tq_MOOV": 2
      },
      "id": 150
    }
  ]
}