{
  "type": "FeatureCollection",
  "features": [
    {
      "type": "Feature",
      "geometry": {
        "coordinates": [
          -4.01585,
          5.44515
        ],
        "type": "Point"
      },
      "properties": {
        "ADM0_FR": "DISTRICT AUTONOME D'ABIDJAN",
        "ADM0_PCODE": "CI04",
        "ADM1_FR": "DISTRICT AUTONOME D'ABIDJAN",
        "ADM1_PCODE": "CI101",
        "ADM2_FR": "ABIDJAN",
        "ADM2_PCODE": "CI0101",
        "ADM3_FR": "ABIDJAN",
        "ADM3_PCODE": "CI010101",
        "ADM4_FR": "ABOBO",
        "ADM4_PCODE": "C0029",
        "centerLat": 5.43515,
        "centerLng": -4.01585,
        "pop": 1030658,
        "Te_MOOV": 0.51,
        "Tbd_MOOV": 98.3,
        "Tc_MOOV": 1.1900000000000002,
        "Tq_MOOV": 1.21,
        "Te_MTN": 1.16,
        "Tbd_MTN": 96.13000000000001,
        "Tc_MTN": 0.33999999999999997,
        "Tq_MTN": 2.1999999999999997,
        "Te_ORANGE": 0.49,
        "Tbd_ORANGE": 99.83,
        "Tc_ORANGE": 0.0,
        "Tq_ORANGE": 0.33,
        "rang_Te_ORANGE": 1,
        "rang_Te_MTN": 3,
        "rang_Te_MOOV": 2,
        "rang_Tc_ORANGE": 1,
        "rang_Tc_MTN": 2,
        "rang_Tc_MOOV": 3,
        "rang_Tbd_ORANGE": 1,
        "rang_Tbd_MTN": 3,
        "rang_Tbd_MOOV": 2,
        "rang_Tq_ORANGE": 1,
        "rang_Tq_MTN": 3,
        "rang_Tq_MOOV": 2
      },
      "id": 1
    },
    {
      "type": "Feature",
      "geometry": {
        "coordinates": [
          -4.01988,
          5.38187
        ],
        "type": "Point"
      },
      "properties": {
        "ADM0_FR": "DISTRICT AUTONOME D'ABIDJAN",
        "ADM0_PCODE": "CI04",
        "ADM1_FR": "DISTRICT AUTONOME D'ABIDJAN",
        "ADM1_PCODE": "CI101",
        "ADM2_FR": "ABIDJAN",
        "ADM2_PCODE": "CI0101",
        "ADM3_FR": "ABIDJAN",
        "ADM3_PCODE": "CI010101",
        "ADM4_FR": "ADJAME",
        "ADM4_PCODE": "C0133",
        "centerLat": 5.37187,
        "centerLng": -4.01988,
        "pop": 372978,
        "Te_MOOV": 0.0,
        "Tbd_MOOV": 97.91,
        "Tc_MOOV": 1.49,
        "Tq_MOOV": 0.91,
        "Te_MTN": 0.0,
        "Tbd_MTN": 97.61999999999999,
        "Tc_MTN": 0.3,
        "Tq_MTN": 1.51,
        "Te_ORANGE": 0.0,
        "Tbd_ORANGE": 100.0,
        "Tc_ORANGE": 0.3,
        "Tq_ORANGE": 0.0,
        "rang_Te_ORANGE": 1,
        "rang_Te_MTN": 1,
        "rang_Te_MOOV": 1,
        "rang_Tc_ORANGE": 1,
        "rang_Tc_MTN": 1,
        "rang_Tc_MOOV": 3,
        "rang_Tbd_ORANGE": 1,
        "rang_Tbd_MTN": 3,
        "rang_Tbd_MOOV": 2,
        "rang_Tq_ORANGE": 1,
        "rang_Tq_MTN": 3,
        "rang_Tq_MOOV": 2
      },
      "id": 2
    },
    {
      "type": "Feature",
      "geometry": {
        "coordinates": [
          -4.05488,
          5.504659999999999
        ],
        "type": "Point"
      },
      "properties": {
        "ADM0_FR": "DISTRICT AUTONOME D'ABIDJAN",
        "ADM0_PCODE": "CI04",
        "ADM1_FR": "DISTRICT AUTONOME D'ABIDJAN",
        "ADM1_PCODE": "CI101",
        "ADM2_FR": "ABIDJAN",
        "ADM2_PCODE": "CI0101",
        "ADM3_FR": "ANYAMA",
        "ADM3_PCODE": "CI010102",
        "ADM4_FR": "ANYAMA",
        "ADM4_PCODE": "C0570",
        "centerLat": 5.49466,
        "centerLng": -4.05488,
        "pop": 103297,
        "Te_MOOV": 0.0,
        "Tbd_MOOV": 98.83999999999999,
        "Tc_MOOV": 0.38,
        "Tq_MOOV": 1.16,
        "Te_MTN": 0.0,
        "Tbd_MTN": 98.00999999999999,
        "Tc_MTN": 0.4,
        "Tq_MTN": 0.0,
        "Te_ORANGE": 0.0,
        "Tbd_ORANGE": 99.6,
        "Tc_ORANGE": 0.0,
        "Tq_ORANGE": 0.4,
        "rang_Te_ORANGE": 1,
        "rang_Te_MTN": 1,
        "rang_Te_MOOV": 1,
        "rang_Tc_ORANGE": 1,
        "rang_Tc_MTN": 3,
        "rang_Tc_MOOV": 2,
        "rang_Tbd_ORANGE": 1,
        "rang_Tbd_MTN": 3,
        "rang_Tbd_MOOV": 2,
        "rang_Tq_ORANGE": 2,
        "rang_Tq_MTN": 1,
        "rang_Tq_MOOV": 3
      },
      "id": 3
    },
    {
      "type": "Feature",
      "geometry": {
        "coordinates": [
          -4.05198,
          5.392189999999999
        ],
        "type": "Point"
      },
      "properties": {
        "ADM0_FR": "DISTRICT AUTONOME D'ABIDJAN",
        "ADM0_PCODE": "CI04",
        "ADM1_FR": "DISTRICT AUTONOME D'ABIDJAN",
        "ADM1_PCODE": "CI101",
        "ADM2_FR": "ABIDJAN",
        "ADM2_PCODE": "CI0101",
        "ADM3_FR": "ABIDJAN",
        "ADM3_PCODE": "CI010101",
        "ADM4_FR": "ATTECOUBE",
        "ADM4_PCODE": "C0734",
        "centerLat": 5.38219,
        "centerLng": -4.05198,
        "pop": 260911,
        "Te_MOOV": 0.0,
        "Tbd_MOOV": 99.67,
        "Tc_MOOV": 1.9900000000000002,
        "Tq_MOOV": 1.3599999999999999,
        "Te_MTN": 0.0,
        "Tbd_MTN": 96.67,
        "Tc_MTN": 0.33,
        "Tq_MTN": 0.0,
        "Te_ORANGE": 0.0,
        "Tbd_ORANGE": 100.0,
        "Tc_ORANGE": 1.66,
        "Tq_ORANGE": 0.0,
        "rang_Te_ORANGE": 1,
        "rang_Te_MTN": 1,
        "rang_Te_MOOV": 1,
        "rang_Tc_ORANGE": 2,
        "rang_Tc_MTN": 1,
        "rang_Tc_MOOV": 3,
        "rang_Tbd_ORANGE": 1,
        "rang_Tbd_MTN": 3,
        "rang_Tbd_MOOV": 2,
        "rang_Tq_ORANGE": 1,
        "rang_Tq_MTN": 1,
        "rang_Tq_MOOV": 3
      },
      "id": 4
    },
    {
      "type": "Feature",
      "geometry": {
        "coordinates": [
          -3.89704,
          5.369
        ],
        "type": "Point"
      },
      "properties": {
        "ADM0_FR": "DISTRICT AUTONOME D'ABIDJAN",
        "ADM0_PCODE": "CI04",
        "ADM1_FR": "DISTRICT AUTONOME D'ABIDJAN",
        "ADM1_PCODE": "CI101",
        "ADM2_FR": "ABIDJAN",
        "ADM2_PCODE": "CI0101",
        "ADM3_FR": "BINGERVILLE",
        "ADM3_PCODE": "CI010103",
        "ADM4_FR": "BINGERVILLE",
        "ADM4_PCODE": "C1214",
        "centerLat": 5.359,
        "centerLng": -3.89704,
        "pop": 64015,
        "Te_MOOV": 0.0,
        "Tbd_MOOV": 100.0,
        "Tc_MOOV": 0.0,
        "Tq_MOOV": 0.0,
        "Te_MTN": 0.38,
        "Tbd_MTN": 96.53,
        "Tc_MTN": 0.0,
        "Tq_MTN": 0.38999999999999996,
        "Te_ORANGE": 0.0,
        "Tbd_ORANGE": 100.0,
        "Tc_ORANGE": 0.38,
        "Tq_ORANGE": 0.0,
        "rang_Te_ORANGE": 1,
        "rang_Te_MTN": 3,
        "rang_Te_MOOV": 1,
        "rang_Tc_ORANGE": 3,
        "rang_Tc_MTN": 1,
        "rang_Tc_MOOV": 1,
        "rang_Tbd_ORANGE": 1,
        "rang_Tbd_MTN": 3,
        "rang_Tbd_MOOV": 1,
        "rang_Tq_ORANGE": 1,
        "rang_Tq_MTN": 3,
        "rang_Tq_MOOV": 1
      },
      "id": 5
    },
    {
      "type": "Feature",
      "geometry": {
        "coordinates": [
          -3.96089,
          5.383
        ],
        "type": "Point"
      },
      "properties": {
        "ADM0_FR": "DISTRICT AUTONOME D'ABIDJAN",
        "ADM0_PCODE": "CI04",
        "ADM1_FR": "DISTRICT AUTONOME D'ABIDJAN",
        "ADM1_PCODE": "CI101",
        "ADM2_FR": "ABIDJAN",
        "ADM2_PCODE": "CI0101",
        "ADM3_FR": "ABIDJAN",
        "ADM3_PCODE": "CI010101",
        "ADM4_FR": "COCODY",
        "ADM4_PCODE": "C1672",
        "centerLat": 5.373,
        "centerLng": -3.96089,
        "pop": 447055,
        "Te_MOOV": 0.3,
        "Tbd_MOOV": 96.67999999999999,
        "Tc_MOOV": 1.5,
        "Tq_MOOV": 0.31,
        "Te_MTN": 0.0,
        "Tbd_MTN": 98.8,
        "Tc_MTN": 0.0,
        "Tq_MTN": 0.0,
        "Te_ORANGE": 0.0,
        "Tbd_ORANGE": 99.7,
        "Tc_ORANGE": 0.0,
        "Tq_ORANGE": 0.0,
        "rang_Te_ORANGE": 1,
        "rang_Te_MTN": 1,
        "rang_Te_MOOV": 3,
        "rang_Tc_ORANGE": 1,
        "rang_Tc_MTN": 1,
        "rang_Tc_MOOV": 3,
        "rang_Tbd_ORANGE": 1,
        "rang_Tbd_MTN": 2,
        "rang_Tbd_MOOV": 3,
        "rang_Tq_ORANGE": 1,
        "rang_Tq_MTN": 1,
        "rang_Tq_MOOV": 3
      },
      "id": 6
    },
    {
      "type": "Feature",
      "geometry": {
        "coordinates": [
          -3.72689,
          5.20266
        ],
        "type": "Point"
      },
      "properties": {
        "ADM0_FR": "COMOE",
        "ADM0_PCODE": "CI02",
        "ADM1_FR": "SUD-COMOE",
        "ADM1_PCODE": "CI130",
        "ADM2_FR": "GRAND-BASSAM",
        "ADM2_PCODE": "CI3003",
        "ADM3_FR": "GRAND-BASSAM",
        "ADM3_PCODE": "CI300303",
        "ADM4_FR": "GRAND-BASSAM",
        "ADM4_PCODE": "C3367",
        "centerLat": 5.19266,
        "centerLng": -3.72689,
        "pop": 74671,
        "Te_MOOV": 0.38999999999999996,
        "Tbd_MOOV": 89.88000000000001,
        "Tc_MOOV": 4.279999999999999,
        "Tq_MOOV": 3.27,
        "Te_MTN": 0.38,
        "Tbd_MTN": 98.85000000000001,
        "Tc_MTN": 0.38,
        "Tq_MTN": 0.0,
        "Te_ORANGE": 0.0,
        "Tbd_ORANGE": 100.0,
        "Tc_ORANGE": 0.0,
        "Tq_ORANGE": 0.0,
        "rang_Te_ORANGE": 1,
        "rang_Te_MTN": 2,
        "rang_Te_MOOV": 3,
        "rang_Tc_ORANGE": 1,
        "rang_Tc_MTN": 2,
        "rang_Tc_MOOV": 3,
        "rang_Tbd_ORANGE": 1,
        "rang_Tbd_MTN": 2,
        "rang_Tbd_MOOV": 3,
        "rang_Tq_ORANGE": 1,
        "rang_Tq_MTN": 1,
        "rang_Tq_MOOV": 3
      },
      "id": 7
    },
    {
      "type": "Feature",
      "geometry": {
        "coordinates": [
          -3.94836,
          5.3124899999999995
        ],
        "type": "Point"
      },
      "properties": {
        "ADM0_FR": "DISTRICT AUTONOME D'ABIDJAN",
        "ADM0_PCODE": "CI04",
        "ADM1_FR": "DISTRICT AUTONOME D'ABIDJAN",
        "ADM1_PCODE": "CI101",
        "ADM2_FR": "ABIDJAN",
        "ADM2_PCODE": "CI0101",
        "ADM3_FR": "ABIDJAN",
        "ADM3_PCODE": "CI010101",
        "ADM4_FR": "KOUMASSI",
        "ADM4_PCODE": "C4694",
        "centerLat": 5.30249,
        "centerLng": -3.94836,
        "pop": 433139,
        "Te_MOOV": 0.33,
        "Tbd_MOOV": 98.33,
        "Tc_MOOV": 0.66,
        "Tq_MOOV": 0.0,
        "Te_MTN": 0.33,
        "Tbd_MTN": 99.67,
        "Tc_MTN": 0.33,
        "Tq_MTN": 0.33999999999999997,
        "Te_ORANGE": 0.33,
        "Tbd_ORANGE": 100.0,
        "Tc_ORANGE": 0.66,
        "Tq_ORANGE": 0.33,
        "rang_Te_ORANGE": 1,
        "rang_Te_MTN": 1,
        "rang_Te_MOOV": 1,
        "rang_Tc_ORANGE": 2,
        "rang_Tc_MTN": 1,
        "rang_Tc_MOOV": 2,
        "rang_Tbd_ORANGE": 1,
        "rang_Tbd_MTN": 2,
        "rang_Tbd_MOOV": 3,
        "rang_Tq_ORANGE": 2,
        "rang_Tq_MTN": 3,
        "rang_Tq_MOOV": 1
      },
      "id": 8
    },
    {
      "type": "Feature",
      "geometry": {
        "coordinates": [
          -3.98251,
          5.30932
        ],
        "type": "Point"
      },
      "properties": {
        "ADM0_FR": "DISTRICT AUTONOME D'ABIDJAN",
        "ADM0_PCODE": "CI04",
        "ADM1_FR": "DISTRICT AUTONOME D'ABIDJAN",
        "ADM1_PCODE": "CI101",
        "ADM2_FR": "ABIDJAN",
        "ADM2_PCODE": "CI0101",
        "ADM3_FR": "ABIDJAN",
        "ADM3_PCODE": "CI010101",
        "ADM4_FR": "MARCORY",
        "ADM4_PCODE": "C5375",
        "centerLat": 5.29932,
        "centerLng": -3.98251,
        "pop": 249858,
        "Te_MOOV": 0.0,
        "Tbd_MOOV": 97.0,
        "Tc_MOOV": 0.67,
        "Tq_MOOV": 0.0,
        "Te_MTN": 0.0,
        "Tbd_MTN": 96.95,
        "Tc_MTN": 0.66,
        "Tq_MTN": 0.0,
        "Te_ORANGE": 0.33,
        "Tbd_ORANGE": 99.67,
        "Tc_ORANGE": 0.0,
        "Tq_ORANGE": 0.0,
        "rang_Te_ORANGE": 3,
        "rang_Te_MTN": 1,
        "rang_Te_MOOV": 1,
        "rang_Tc_ORANGE": 1,
        "rang_Tc_MTN": 2,
        "rang_Tc_MOOV": 3,
        "rang_Tbd_ORANGE": 1,
        "rang_Tbd_MTN": 3,
        "rang_Tbd_MOOV": 2,
        "rang_Tq_ORANGE": 1,
        "rang_Tq_MTN": 1,
        "rang_Tq_MOOV": 1
      },
      "id": 9
    },
    {
      "type": "Feature",
      "geometry": {
        "coordinates": [
          -4.02164,
          5.33517
        ],
        "type": "Point"
      },
      "properties": {
        "ADM0_FR": "DISTRICT AUTONOME D'ABIDJAN",
        "ADM0_PCODE": "CI04",
        "ADM1_FR": "DISTRICT AUTONOME D'ABIDJAN",
        "ADM1_PCODE": "CI101",
        "ADM2_FR": "ABIDJAN",
        "ADM2_PCODE": "CI0101",
        "ADM3_FR": "ABIDJAN",
        "ADM3_PCODE": "CI010101",
        "ADM4_FR": "PLATEAU",
        "ADM4_PCODE": "C6556",
        "centerLat": 5.32517,
        "centerLng": -4.02164,
        "pop": 7488,
        "Te_MOOV": 0.0,
        "Tbd_MOOV": 99.38,
        "Tc_MOOV": 0.0,
        "Tq_MOOV": 2.5,
        "Te_MTN": 0.3,
        "Tbd_MTN": 99.08,
        "Tc_MTN": 0.0,
        "Tq_MTN": 0.31,
        "Te_ORANGE": 0.0,
        "Tbd_ORANGE": 100.0,
        "Tc_ORANGE": 0.3,
        "Tq_ORANGE": 0.0,
        "rang_Te_ORANGE": 1,
        "rang_Te_MTN": 3,
        "rang_Te_MOOV": 1,
        "rang_Tc_ORANGE": 3,
        "rang_Tc_MTN": 1,
        "rang_Tc_MOOV": 1,
        "rang_Tbd_ORANGE": 1,
        "rang_Tbd_MTN": 3,
        "rang_Tbd_MOOV": 2,
        "rang_Tq_ORANGE": 1,
        "rang_Tq_MTN": 2,
        "rang_Tq_MOOV": 3
      },
      "id": 10
    },
    {
      "type": "Feature",
      "geometry": {
        "coordinates": [
          -3.958626,
          5.266881
        ],
        "type": "Point"
      },
      "properties": {
        "ADM0_FR": "DISTRICT AUTONOME D'ABIDJAN",
        "ADM0_PCODE": "CI04",
        "ADM1_FR": "DISTRICT AUTONOME D'ABIDJAN",
        "ADM1_PCODE": "CI101",
        "ADM2_FR": "ABIDJAN",
        "ADM2_PCODE": "CI0101",
        "ADM3_FR": "ABIDJAN",
        "ADM3_PCODE": "CI010101",
        "ADM4_FR": "PORT-BOUET",
        "ADM4_PCODE": "C6619",
        "centerLat": 5.256881,
        "centerLng": -3.958626,
        "pop": 419033,
        "Te_MOOV": 0.6799999999999999,
        "Tbd_MOOV": 95.53,
        "Tc_MOOV": 3.44,
        "Tq_MOOV": 3.56,
        "Te_MTN": 0.0,
        "Tbd_MTN": 97.69,
        "Tc_MTN": 0.33,
        "Tq_MTN": 0.66,
        "Te_ORANGE": 0.0,
        "Tbd_ORANGE": 99.67,
        "Tc_ORANGE": 0.33,
        "Tq_ORANGE": 0.0,
        "rang_Te_ORANGE": 1,
        "rang_Te_MTN": 1,
        "rang_Te_MOOV": 3,
        "rang_Tc_ORANGE": 1,
        "rang_Tc_MTN": 1,
        "rang_Tc_MOOV": 3,
        "rang_Tbd_ORANGE": 1,
        "rang_Tbd_MTN": 2,
        "rang_Tbd_MOOV": 3,
        "rang_Tq_ORANGE": 1,
        "rang_Tq_MTN": 2,
        "rang_Tq_MOOV": 3
      },
      "id": 11
    },
    {
      "type": "Feature",
      "geometry": {
        "coordinates": [
          -4.01044,
          5.30098
        ],
        "type": "Point"
      },
      "properties": {
        "ADM0_FR": "DISTRICT AUTONOME D'ABIDJAN",
        "ADM0_PCODE": "CI04",
        "ADM1_FR": "DISTRICT AUTONOME D'ABIDJAN",
        "ADM1_PCODE": "CI101",
        "ADM2_FR": "ABIDJAN",
        "ADM2_PCODE": "CI0101",
        "ADM3_FR": "ABIDJAN",
        "ADM3_PCODE": "CI010101",
        "ADM4_FR": "TREICHVILLE",
        "ADM4_PCODE": "C7913",
        "centerLat": 5.29098,
        "centerLng": -4.01044,
        "pop": 102580,
        "Te_MOOV": 0.33,
        "Tbd_MOOV": 95.67,
        "Tc_MOOV": 1.97,
        "Tq_MOOV": 0.33999999999999997,
        "Te_MTN": 0.0,
        "Tbd_MTN": 97.38,
        "Tc_MTN": 0.32,
        "Tq_MTN": 0.0,
        "Te_ORANGE": 0.0,
        "Tbd_ORANGE": 100.0,
        "Tc_ORANGE": 0.0,
        "Tq_ORANGE": 0.0,
        "rang_Te_ORANGE": 1,
        "rang_Te_MTN": 1,
        "rang_Te_MOOV": 3,
        "rang_Tc_ORANGE": 1,
        "rang_Tc_MTN": 2,
        "rang_Tc_MOOV": 3,
        "rang_Tbd_ORANGE": 1,
        "rang_Tbd_MTN": 2,
        "rang_Tbd_MOOV": 3,
        "rang_Tq_ORANGE": 1,
        "rang_Tq_MTN": 1,
        "rang_Tq_MOOV": 3
      },
      "id": 12
    },
    {
      "type": "Feature",
      "geometry": {
        "coordinates": [
          -4.09015,
          5.31848
        ],
        "type": "Point"
      },
      "properties": {
        "ADM0_FR": "DISTRICT AUTONOME D'ABIDJAN",
        "ADM0_PCODE": "CI04",
        "ADM1_FR": "DISTRICT AUTONOME D'ABIDJAN",
        "ADM1_PCODE": "CI101",
        "ADM2_FR": "ABIDJAN",
        "ADM2_PCODE": "CI0101",
        "ADM3_FR": "ABIDJAN",
        "ADM3_PCODE": "CI010101",
        "ADM4_FR": "YOPOUGON",
        "ADM4_PCODE": "C8230",
        "centerLat": 5.30848,
        "centerLng": -4.09015,
        "pop": 1071543,
        "Te_MOOV": 0.32,
        "Tbd_MOOV": 97.74000000000001,
        "Tc_MOOV": 0.8099999999999999,
        "Tq_MOOV": 0.0,
        "Te_MTN": 0.33,
        "Tbd_MTN": 98.52,
        "Tc_MTN": 0.65,
        "Tq_MTN": 1.3299999999999998,
        "Te_ORANGE": 0.16,
        "Tbd_ORANGE": 99.35000000000001,
        "Tc_ORANGE": 0.32,
        "Tq_ORANGE": 0.16,
        "rang_Te_ORANGE": 1,
        "rang_Te_MTN": 3,
        "rang_Te_MOOV": 2,
        "rang_Tc_ORANGE": 1,
        "rang_Tc_MTN": 2,
        "rang_Tc_MOOV": 3,
        "rang_Tbd_ORANGE": 1,
        "rang_Tbd_MTN": 2,
        "rang_Tbd_MOOV": 3,
        "rang_Tq_ORANGE": 2,
        "rang_Tq_MTN": 3,
        "rang_Tq_MOOV": 1
      },
      "id": 13
    },
    {
      "type": "Feature",
      "geometry": {
        "coordinates": [
          -3.20677,
          5.48457
        ],
        "type": "Point"
      },
      "properties": {
        "ADM0_FR": "COMOE",
        "ADM0_PCODE": "CI02",
        "ADM1_FR": "SUD-COMOE",
        "ADM1_PCODE": "CI130",
        "ADM2_FR": "ABOISSO",
        "ADM2_PCODE": "CI3001",
        "ADM3_FR": "ABOISSO",
        "ADM3_PCODE": "CI300101",
        "ADM4_FR": "ABOISSO",
        "ADM4_PCODE": "C0033",
        "centerLat": 5.47457,
        "centerLng": -3.20677,
        "pop": 45688,
        "Te_MOOV": 0.0,
        "Tbd_MOOV": 100.0,
        "Tc_MOOV": 2.04,
        "Tq_MOOV": 0.0,
        "Te_MTN": 1.0,
        "Tbd_MTN": 99.5,
        "Tc_MTN": 0.5,
        "Tq_MTN": 0.0,
        "Te_ORANGE": 0.5,
        "Tbd_ORANGE": 98.99,
        "Tc_ORANGE": 0.5,
        "Tq_ORANGE": 0.0,
        "rang_Te_ORANGE": 2,
        "rang_Te_MTN": 3,
        "rang_Te_MOOV": 1,
        "rang_Tc_ORANGE": 1,
        "rang_Tc_MTN": 1,
        "rang_Tc_MOOV": 3,
        "rang_Tbd_ORANGE": 3,
        "rang_Tbd_MTN": 2,
        "rang_Tbd_MOOV": 1,
        "rang_Tq_ORANGE": 1,
        "rang_Tq_MTN": 1,
        "rang_Tq_MOOV": 1
      },
      "id": 14
    },
    {
      "type": "Feature",
      "geometry": {
        "coordinates": [
          -3.26414,
          5.438
        ],
        "type": "Point"
      },
      "properties": {
        "ADM0_FR": "COMOE",
        "ADM0_PCODE": "CI02",
        "ADM1_FR": "SUD-COMOE",
        "ADM1_PCODE": "CI130",
        "ADM2_FR": "ABOISSO",
        "ADM2_PCODE": "CI3001",
        "ADM3_FR": "ADAOU",
        "ADM3_PCODE": "CI300102",
        "ADM4_FR": "ADAOU",
        "ADM4_PCODE": "C0098",
        "centerLat": 5.428,
        "centerLng": -3.26414,
        "pop": 6093,
        "Te_MOOV": 0.0,
        "Tbd_MOOV": 100.0,
        "Tc_MOOV": 0.0,
        "Tq_MOOV": 0.0,
        "Te_MTN": 0.0,
        "Tbd_MTN": 94.06,
        "Tc_MTN": 1.9800000000000002,
        "Tq_MTN": 34.69,
        "Te_ORANGE": 0.9900000000000001,
        "Tbd_ORANGE": 99.0,
        "Tc_ORANGE": 0.0,
        "Tq_ORANGE": 0.0,
        "rang_Te_ORANGE": 3,
        "rang_Te_MTN": 1,
        "rang_Te_MOOV": 1,
        "rang_Tc_ORANGE": 1,
        "rang_Tc_MTN": 3,
        "rang_Tc_MOOV": 1,
        "rang_Tbd_ORANGE": 2,
        "rang_Tbd_MTN": 3,
        "rang_Tbd_MOOV": 1,
        "rang_Tq_ORANGE": 1,
        "rang_Tq_MTN": 3,
        "rang_Tq_MOOV": 1
      },
      "id": 15
    },
    {
      "type": "Feature",
      "geometry": {
        "coordinates": [
          -3.86622,
          6.1196
        ],
        "type": "Point"
      },
      "properties": {
        "ADM0_FR": "LAGUNES",
        "ADM0_PCODE": "CI08",
        "ADM1_FR": "LA ME",
        "ADM1_PCODE": "CI124",
        "ADM2_FR": "ADZOPE",
        "ADM2_PCODE": "CI2401",
        "ADM3_FR": "ADZOPE",
        "ADM3_PCODE": "CI240101",
        "ADM4_FR": "ADZOPE",
        "ADM4_PCODE": "C0176",
        "centerLat": 6.1096,
        "centerLng": -3.86622,
        "pop": 58722,
        "Te_MOOV": 0.38999999999999996,
        "Tbd_MOOV": 100.0,
        "Tc_MOOV": 1.1900000000000002,
        "Tq_MOOV": 1.6,
        "Te_MTN": 0.0,
        "Tbd_MTN": 98.82,
        "Tc_MTN": 0.0,
        "Tq_MTN": 0.38999999999999996,
        "Te_ORANGE": 0.7799999999999999,
        "Tbd_ORANGE": 99.61,
        "Tc_ORANGE": 0.0,
        "Tq_ORANGE": 0.0,
        "rang_Te_ORANGE": 3,
        "rang_Te_MTN": 1,
        "rang_Te_MOOV": 2,
        "rang_Tc_ORANGE": 1,
        "rang_Tc_MTN": 1,
        "rang_Tc_MOOV": 3,
        "rang_Tbd_ORANGE": 2,
        "rang_Tbd_MTN": 3,
        "rang_Tbd_MOOV": 1,
        "rang_Tq_ORANGE": 1,
        "rang_Tq_MTN": 2,
        "rang_Tq_MOOV": 3
      },
      "id": 16
    },
    {
      "type": "Feature",
      "geometry": {
        "coordinates": [
          -3.66061,
          5.51126
        ],
        "type": "Point"
      },
      "properties": {
        "ADM0_FR": "LAGUNES",
        "ADM0_PCODE": "CI08",
        "ADM1_FR": "LA ME",
        "ADM1_PCODE": "CI124",
        "ADM2_FR": "ALEPE",
        "ADM2_PCODE": "CI2403",
        "ADM3_FR": "ALEPE",
        "ADM3_PCODE": "CI240302",
        "ADM4_FR": "ALEPE",
        "ADM4_PCODE": "C0398",
        "centerLat": 5.50126,
        "centerLng": -3.66061,
        "pop": 9045,
        "Te_MOOV": 4.0,
        "Tbd_MOOV": 97.92,
        "Tc_MOOV": 0.0,
        "Tq_MOOV": 38.190000000000005,
        "Te_MTN": 0.67,
        "Tbd_MTN": 100.0,
        "Tc_MTN": 0.67,
        "Tq_MTN": 0.6799999999999999,
        "Te_ORANGE": 3.42,
        "Tbd_ORANGE": 100.0,
        "Tc_ORANGE": 0.0,
        "Tq_ORANGE": 0.0,
        "rang_Te_ORANGE": 2,
        "rang_Te_MTN": 1,
        "rang_Te_MOOV": 3,
        "rang_Tc_ORANGE": 1,
        "rang_Tc_MTN": 3,
        "rang_Tc_MOOV": 1,
        "rang_Tbd_ORANGE": 1,
        "rang_Tbd_MTN": 1,
        "rang_Tbd_MOOV": 3,
        "rang_Tq_ORANGE": 1,
        "rang_Tq_MTN": 2,
        "rang_Tq_MOOV": 3
      },
      "id": 17
    },
    {
      "type": "Feature",
      "geometry": {
        "coordinates": [
          -3.77405,
          6.23292
        ],
        "type": "Point"
      },
      "properties": {
        "ADM0_FR": "LAGUNES",
        "ADM0_PCODE": "CI08",
        "ADM1_FR": "LA ME",
        "ADM1_PCODE": "CI124",
        "ADM2_FR": "ADZOPE",
        "ADM2_PCODE": "CI2401",
        "ADM3_FR": "ADZOPE",
        "ADM3_PCODE": "CI240101",
        "ADM4_FR": "ANANGUIE",
        "ADM4_PCODE": "C0494",
        "centerLat": 6.22292,
        "centerLng": -3.77405,
        "pop": 10013,
        "Te_MOOV": 0.0,
        "Tbd_MOOV": 100.0,
        "Tc_MOOV": 0.0,
        "Tq_MOOV": 0.0,
        "Te_MTN": 0.0,
        "Tbd_MTN": 98.0,
        "Tc_MTN": 0.0,
        "Tq_MTN": 0.0,
        "Te_ORANGE": 0.0,
        "Tbd_ORANGE": 84.16,
        "Tc_ORANGE": 0.0,
        "Tq_ORANGE": 0.0,
        "rang_Te_ORANGE": 1,
        "rang_Te_MTN": 1,
        "rang_Te_MOOV": 1,
        "rang_Tc_ORANGE": 1,
        "rang_Tc_MTN": 1,
        "rang_Tc_MOOV": 1,
        "rang_Tbd_ORANGE": 3,
        "rang_Tbd_MTN": 2,
        "rang_Tbd_MOOV": 1,
        "rang_Tq_ORANGE": 1,
        "rang_Tq_MTN": 1,
        "rang_Tq_MOOV": 1
      },
      "id": 18
    },
    {
      "type": "Feature",
      "geometry": {
        "coordinates": [
          -4.25,
          7.29
        ],
        "type": "Point"
      },
      "properties": {
        "ADM0_FR": "LACS",
        "ADM0_PCODE": "CI07",
        "ADM1_FR": "IFFOU",
        "ADM1_PCODE": "CI119",
        "ADM2_FR": "DAOUKRO",
        "ADM2_PCODE": "CI1901",
        "ADM3_FR": "ANANDA",
        "ADM3_PCODE": "CI190102",
        "ADM4_FR": "ANANDA",
        "ADM4_PCODE": "C0492",
        "centerLat": 7.28,
        "centerLng": -4.25,
        "pop": 2917,
        "Te_MOOV": 0.0,
        "Tbd_MOOV": 100.0,
        "Tc_MOOV": 0.0,
        "Tq_MOOV": 0.0,
        "Te_MTN": 0.0,
        "Tbd_MTN": 99.00999999999999,
        "Tc_MTN": 0.0,
        "Tq_MTN": 0.0,
        "Te_ORANGE": 0.0,
        "Tbd_ORANGE": 100.0,
        "Tc_ORANGE": 0.0,
        "Tq_ORANGE": 0.0,
        "rang_Te_ORANGE": 1,
        "rang_Te_MTN": 1,
        "rang_Te_MOOV": 1,
        "rang_Tc_ORANGE": 1,
        "rang_Tc_MTN": 1,
        "rang_Tc_MOOV": 1,
        "rang_Tbd_ORANGE": 1,
        "rang_Tbd_MTN": 3,
        "rang_Tbd_MOOV": 1,
        "rang_Tq_ORANGE": 1,
        "rang_Tq_MTN": 1,
        "rang_Tq_MOOV": 1
      },
      "id": 19
    },
    {
      "type": "Feature",
      "geometry": {
        "coordinates": [
          -3.96954,
          6.682589999999999
        ],
        "type": "Point"
      },
      "properties": {
        "ADM0_FR": "LACS",
        "ADM0_PCODE": "CI07",
        "ADM1_FR": "MORONOU",
        "ADM1_PCODE": "CI125",
        "ADM2_FR": "ARRAH",
        "ADM2_PCODE": "CI2501",
        "ADM3_FR": "ARRAH",
        "ADM3_PCODE": "CI250101",
        "ADM4_FR": "ARRAH",
        "ADM4_PCODE": "C0600",
        "centerLat": 6.67259,
        "centerLng": -3.96954,
        "pop": 24122,
        "Te_MOOV": 0.0,
        "Tbd_MOOV": 100.0,
        "Tc_MOOV": 2.65,
        "Tq_MOOV": 0.0,
        "Te_MTN": 3.65,
        "Tbd_MTN": 98.47,
        "Tc_MTN": 0.76,
        "Tq_MTN": 0.76,
        "Te_ORANGE": 0.0,
        "Tbd_ORANGE": 98.68,
        "Tc_ORANGE": 0.0,
        "Tq_ORANGE": 0.67,
        "rang_Te_ORANGE": 1,
        "rang_Te_MTN": 3,
        "rang_Te_MOOV": 1,
        "rang_Tc_ORANGE": 1,
        "rang_Tc_MTN": 2,
        "rang_Tc_MOOV": 3,
        "rang_Tbd_ORANGE": 2,
        "rang_Tbd_MTN": 3,
        "rang_Tbd_MOOV": 1,
        "rang_Tq_ORANGE": 2,
        "rang_Tq_MTN": 3,
        "rang_Tq_MOOV": 1
      },
      "id": 20
    },
    {
      "type": "Feature",
      "geometry": {
        "coordinates": [
          -3.06216,
          9.24051
        ],
        "type": "Point"
      },
      "properties": {
        "ADM0_FR": "ZANZAN",
        "ADM0_PCODE": "CI14",
        "ADM1_FR": "BOUNKANI",
        "ADM1_PCODE": "CI108",
        "ADM2_FR": "BOUNA",
        "ADM2_PCODE": "CI0801",
        "ADM3_FR": "BOUNA",
        "ADM3_PCODE": "CI080102",
        "ADM4_FR": "ASSOUM 1",
        "ADM4_PCODE": "C0704",
        "centerLat": 9.23051,
        "centerLng": -3.06216,
        "pop": 1157,
        "Te_MOOV": 16.49,
        "Tbd_MOOV": 92.5,
        "Tc_MOOV": 0.0,
        "Tq_MOOV": 2.5,
        "Te_MTN": 3.0,
        "Tbd_MTN": 97.92,
        "Tc_MTN": 0.0,
        "Tq_MTN": 1.05,
        "Te_ORANGE": 5.94,
        "Tbd_ORANGE": 100.0,
        "Tc_ORANGE": 5.26,
        "Tq_ORANGE": 1.11,
        "rang_Te_ORANGE": 2,
        "rang_Te_MTN": 1,
        "rang_Te_MOOV": 3,
        "rang_Tc_ORANGE": 3,
        "rang_Tc_MTN": 1,
        "rang_Tc_MOOV": 1,
        "rang_Tbd_ORANGE": 1,
        "rang_Tbd_MTN": 2,
        "rang_Tbd_MOOV": 3,
        "rang_Tq_ORANGE": 2,
        "rang_Tq_MTN": 1,
        "rang_Tq_MOOV": 3
      },
      "id": 21
    },
    {
      "type": "Feature",
      "geometry": {
        "coordinates": [
          -4.08075,
          5.65569
        ],
        "type": "Point"
      },
      "properties": {
        "ADM0_FR": "LAGUNES",
        "ADM0_PCODE": "CI08",
        "ADM1_FR": "AGNEBY-TIASSA",
        "ADM1_PCODE": "CI103",
        "ADM2_FR": "AGBOVILLE",
        "ADM2_PCODE": "CI0301",
        "ADM3_FR": "AZAGUIE",
        "ADM3_PCODE": "CI030105",
        "ADM4_FR": "AZAGUIÉ",
        "ADM4_PCODE": "C0780",
        "centerLat": 5.64569,
        "centerLng": -4.08075,
        "pop": 13876,
        "Te_MOOV": 0.0,
        "Tbd_MOOV": 100.0,
        "Tc_MOOV": 0.0,
        "Tq_MOOV": 0.0,
        "Te_MTN": 1.9800000000000002,
        "Tbd_MTN": 100.0,
        "Tc_MTN": 0.0,
        "Tq_MTN": 0.0,
        "Te_ORANGE": 0.0,
        "Tbd_ORANGE": 100.0,
        "Tc_ORANGE": 0.0,
        "Tq_ORANGE": 0.0,
        "rang_Te_ORANGE": 1,
        "rang_Te_MTN": 3,
        "rang_Te_MOOV": 1,
        "rang_Tc_ORANGE": 1,
        "rang_Tc_MTN": 1,
        "rang_Tc_MOOV": 1,
        "rang_Tbd_ORANGE": 1,
        "rang_Tbd_MTN": 1,
        "rang_Tbd_MOOV": 1,
        "rang_Tq_ORANGE": 1,
        "rang_Tq_MTN": 1,
        "rang_Tq_MOOV": 1
      },
      "id": 22
    },
    {
      "type": "Feature",
      "geometry": {
        "coordinates": [
          -7.49,
          7.02
        ],
        "type": "Point"
      },
      "properties": {
        "ADM0_FR": "VALLEE DU BANDAMA",
        "ADM0_PCODE": "CI12",
        "ADM1_FR": "HAMBOL",
        "ADM1_PCODE": "CI117",
        "ADM2_FR": "DABAKALA",
        "ADM2_PCODE": "CI1701",
        "ADM3_FR": "TENDENE-BAMBARASSO",
        "ADM3_PCODE": "CI170109",
        "ADM4_FR": "BANGOLO",
        "ADM4_PCODE": "C0934",
        "centerLat": 7.01,
        "centerLng": -7.49,
        "pop": 900,
        "Te_MOOV": 25.71,
        "Tbd_MOOV": 52.53,
        "Tc_MOOV": 2.88,
        "Tq_MOOV": 49.45,
        "Te_MTN": 5.220000000000001,
        "Tbd_MTN": 98.29,
        "Tc_MTN": 0.0,
        "Tq_MTN": 2.6100000000000003,
        "Te_ORANGE": 1.8399999999999999,
        "Tbd_ORANGE": 98.75,
        "Tc_ORANGE": 1.8800000000000001,
        "Tq_ORANGE": 0.0,
        "rang_Te_ORANGE": 1,
        "rang_Te_MTN": 2,
        "rang_Te_MOOV": 3,
        "rang_Tc_ORANGE": 2,
        "rang_Tc_MTN": 1,
        "rang_Tc_MOOV": 3,
        "rang_Tbd_ORANGE": 1,
        "rang_Tbd_MTN": 2,
        "rang_Tbd_MOOV": 3,
        "rang_Tq_ORANGE": 1,
        "rang_Tq_MTN": 2,
        "rang_Tq_MOOV": 3
      },
      "id": 23
    },
    {
      "type": "Feature",
      "geometry": {
        "coordinates": [
          -4.9565,
          6.56747
        ],
        "type": "Point"
      },
      "properties": {
        "ADM0_FR": "LACS",
        "ADM0_PCODE": "CI07",
        "ADM1_FR": "BELIER",
        "ADM1_PCODE": "CI106",
        "ADM2_FR": "TOUMODI",
        "ADM2_PCODE": "CI0604",
        "ADM3_FR": "TOUMODI",
        "ADM3_PCODE": "CI060401",
        "ADM4_FR": "BENDRESSOU",
        "ADM4_PCODE": "C1096",
        "centerLat": 6.55747,
        "centerLng": -4.9565,
        "pop": 1097,
        "Te_MOOV": 5.26,
        "Tbd_MOOV": 72.72999999999999,
        "Tc_MOOV": 8.89,
        "Tq_MOOV": 25.0,
        "Te_MTN": 11.360000000000001,
        "Tbd_MTN": 96.15,
        "Tc_MTN": 0.0,
        "Tq_MTN": 1.3,
        "Te_ORANGE": 28.92,
        "Tbd_ORANGE": 94.83,
        "Tc_ORANGE": 5.08,
        "Tq_ORANGE": 3.7699999999999996,
        "rang_Te_ORANGE": 3,
        "rang_Te_MTN": 2,
        "rang_Te_MOOV": 1,
        "rang_Tc_ORANGE": 2,
        "rang_Tc_MTN": 1,
        "rang_Tc_MOOV": 3,
        "rang_Tbd_ORANGE": 2,
        "rang_Tbd_MTN": 1,
        "rang_Tbd_MOOV": 3,
        "rang_Tq_ORANGE": 2,
        "rang_Tq_MTN": 1,
        "rang_Tq_MOOV": 3
      },
      "id": 24
    },
    {
      "type": "Feature",
      "geometry": {
        "coordinates": [
          -5.57393,
          7.68086
        ],
        "type": "Point"
      },
      "properties": {
        "ADM0_FR": "VALLEE DU BANDAMA",
        "ADM0_PCODE": "CI12",
        "ADM1_FR": "GBEKE",
        "ADM1_PCODE": "CI111",
        "ADM2_FR": "BEOUMI",
        "ADM2_PCODE": "CI1101",
        "ADM3_FR": "BEOUMI",
        "ADM3_PCODE": "CI110102",
        "ADM4_FR": "BÉOUMI",
        "ADM4_PCODE": "C1124",
        "centerLat": 7.67086,
        "centerLng": -5.57393,
        "pop": 25526,
        "Te_MOOV": 0.66,
        "Tbd_MOOV": 99.33,
        "Tc_MOOV": 0.0,
        "Tq_MOOV": 0.67,
        "Te_MTN": 0.0,
        "Tbd_MTN": 99.33999999999999,
        "Tc_MTN": 0.0,
        "Tq_MTN": 0.0,
        "Te_ORANGE": 0.6799999999999999,
        "Tbd_ORANGE": 100.0,
        "Tc_ORANGE": 0.0,
        "Tq_ORANGE": 1.3599999999999999,
        "rang_Te_ORANGE": 3,
        "rang_Te_MTN": 1,
        "rang_Te_MOOV": 2,
        "rang_Tc_ORANGE": 1,
        "rang_Tc_MTN": 1,
        "rang_Tc_MOOV": 1,
        "rang_Tbd_ORANGE": 1,
        "rang_Tbd_MTN": 2,
        "rang_Tbd_MOOV": 3,
        "rang_Tq_ORANGE": 3,
        "rang_Tq_MTN": 1,
        "rang_Tq_MOOV": 2
      },
      "id": 25
    },
    {
      "type": "Feature",
      "geometry": {
        "coordinates": [
          -8.00319,
          6.5806499999999994
        ],
        "type": "Point"
      },
      "properties": {
        "ADM0_FR": "MONTAGNES",
        "ADM0_PCODE": "CI09",
        "ADM1_FR": "CAVALLY",
        "ADM1_PCODE": "CI109",
        "ADM2_FR": "BLOLEQUIN",
        "ADM2_PCODE": "CI0901",
        "ADM3_FR": "BLOLEQUIN",
        "ADM3_PCODE": "CI090101",
        "ADM4_FR": "BLOLÉQUIN",
        "ADM4_PCODE": "C1290",
        "centerLat": 6.57065,
        "centerLng": -8.00319,
        "pop": 32262,
        "Te_MOOV": 14.099999999999998,
        "Tbd_MOOV": 82.28999999999999,
        "Tc_MOOV": 2.4899999999999998,
        "Tq_MOOV": 50.57000000000001,
        "Te_MTN": 0.8999999999999999,
        "Tbd_MTN": 99.09,
        "Tc_MTN": 0.0,
        "Tq_MTN": 0.45999999999999996,
        "Te_ORANGE": 0.8,
        "Tbd_ORANGE": 99.6,
        "Tc_ORANGE": 0.0,
        "Tq_ORANGE": 12.45,
        "rang_Te_ORANGE": 1,
        "rang_Te_MTN": 2,
        "rang_Te_MOOV": 3,
        "rang_Tc_ORANGE": 1,
        "rang_Tc_MTN": 1,
        "rang_Tc_MOOV": 3,
        "rang_Tbd_ORANGE": 1,
        "rang_Tbd_MTN": 2,
        "rang_Tbd_MOOV": 3,
        "rang_Tq_ORANGE": 2,
        "rang_Tq_MTN": 1,
        "rang_Tq_MOOV": 3
      },
      "id": 26
    },
    {
      "type": "Feature",
      "geometry": {
        "coordinates": [
          -4.49751,
          7.07267
        ],
        "type": "Point"
      },
      "properties": {
        "ADM0_FR": "LACS",
        "ADM0_PCODE": "CI07",
        "ADM1_FR": "N'ZI",
        "ADM1_PCODE": "CI127",
        "ADM2_FR": "BOCANDA",
        "ADM2_PCODE": "CI2701",
        "ADM3_FR": "BOCANDA",
        "ADM3_PCODE": "CI270102",
        "ADM4_FR": "BOCANDA",
        "ADM4_PCODE": "C1317",
        "centerLat": 7.06267,
        "centerLng": -4.49751,
        "pop": 10684,
        "Te_MOOV": 0.0,
        "Tbd_MOOV": 92.0,
        "Tc_MOOV": 0.0,
        "Tq_MOOV": 0.0,
        "Te_MTN": 0.66,
        "Tbd_MTN": 99.33999999999999,
        "Tc_MTN": 0.0,
        "Tq_MTN": 0.0,
        "Te_ORANGE": 0.0,
        "Tbd_ORANGE": 99.33999999999999,
        "Tc_ORANGE": 0.0,
        "Tq_ORANGE": 0.0,
        "rang_Te_ORANGE": 1,
        "rang_Te_MTN": 3,
        "rang_Te_MOOV": 1,
        "rang_Tc_ORANGE": 1,
        "rang_Tc_MTN": 1,
        "rang_Tc_MOOV": 1,
        "rang_Tbd_ORANGE": 1,
        "rang_Tbd_MTN": 1,
        "rang_Tbd_MOOV": 3,
        "rang_Tq_ORANGE": 1,
        "rang_Tq_MTN": 1,
        "rang_Tq_MOOV": 1
      },
      "id": 27
    },
    {
      "type": "Feature",
      "geometry": {
        "coordinates": [
          -3.76,
          6.569999999999999
        ],
        "type": "Point"
      },
      "properties": {
        "ADM0_FR": "LAGUNES",
        "ADM0_PCODE": "CI08",
        "ADM1_FR": "LA ME",
        "ADM1_PCODE": "CI124",
        "ADM2_FR": "AKOUPE",
        "ADM2_PCODE": "CI2402",
        "ADM3_FR": "BECOUEFIN",
        "ADM3_PCODE": "CI240203",
        "ADM4_FR": "BONAHOUIN",
        "ADM4_PCODE": "C1419",
        "centerLat": 6.56,
        "centerLng": -3.76,
        "pop": 8574,
        "Te_MOOV": 0.0,
        "Tbd_MOOV": 100.0,
        "Tc_MOOV": 0.9900000000000001,
        "Tq_MOOV": 0.0,
        "Te_MTN": 0.0,
        "Tbd_MTN": 100.0,
        "Tc_MTN": 0.0,
        "Tq_MTN": 0.0,
        "Te_ORANGE": 0.0,
        "Tbd_ORANGE": 100.0,
        "Tc_ORANGE": 0.0,
        "Tq_ORANGE": 0.0,
        "rang_Te_ORANGE": 1,
        "rang_Te_MTN": 1,
        "rang_Te_MOOV": 1,
        "rang_Tc_ORANGE": 1,
        "rang_Tc_MTN": 1,
        "rang_Tc_MOOV": 3,
        "rang_Tbd_ORANGE": 1,
        "rang_Tbd_MTN": 1,
        "rang_Tbd_MOOV": 1,
        "rang_Tq_ORANGE": 1,
        "rang_Tq_MTN": 1,
        "rang_Tq_MOOV": 1
      },
      "id": 28
    },
    {
      "type": "Feature",
      "geometry": {
        "coordinates": [
          -2.8,
          8.049999999999999
        ],
        "type": "Point"
      },
      "properties": {
        "ADM0_FR": "COMOE",
        "ADM0_PCODE": "CI02",
        "ADM1_FR": "SUD-COMOE",
        "ADM1_PCODE": "CI130",
        "ADM2_FR": "ADIAKE",
        "ADM2_PCODE": "CI3002",
        "ADM3_FR": "ADIAKE",
        "ADM3_PCODE": "CI300201",
        "ADM4_FR": "BONDOUKOU",
        "ADM4_PCODE": "C1424",
        "centerLat": 8.04,
        "centerLng": -2.8,
        "pop": 1837,
        "Te_MOOV": 0.0,
        "Tbd_MOOV": 100.0,
        "Tc_MOOV": 0.5,
        "Tq_MOOV": 0.0,
        "Te_MTN": 0.0,
        "Tbd_MTN": 99.0,
        "Tc_MTN": 0.0,
        "Tq_MTN": 0.0,
        "Te_ORANGE": 0.0,
        "Tbd_ORANGE": 99.5,
        "Tc_ORANGE": 0.0,
        "Tq_ORANGE": 0.0,
        "rang_Te_ORANGE": 1,
        "rang_Te_MTN": 1,
        "rang_Te_MOOV": 1,
        "rang_Tc_ORANGE": 1,
        "rang_Tc_MTN": 1,
        "rang_Tc_MOOV": 3,
        "rang_Tbd_ORANGE": 2,
        "rang_Tbd_MTN": 3,
        "rang_Tbd_MOOV": 1,
        "rang_Tq_ORANGE": 1,
        "rang_Tq_MTN": 1,
        "rang_Tq_MOOV": 1
      },
      "id": 29
    },
    {
      "type": "Feature",
      "geometry": {
        "coordinates": [
          -4.205,
          6.65971
        ],
        "type": "Point"
      },
      "properties": {
        "ADM0_FR": "LACS",
        "ADM0_PCODE": "CI07",
        "ADM1_FR": "MORONOU",
        "ADM1_PCODE": "CI125",
        "ADM2_FR": "BONGOUANOU",
        "ADM2_PCODE": "CI2502",
        "ADM3_FR": "BONGOUANOU",
        "ADM3_PCODE": "CI250203",
        "ADM4_FR": "BONGOUANOU",
        "ADM4_PCODE": "C1436",
        "centerLat": 6.64971,
        "centerLng": -4.205,
        "pop": 28064,
        "Te_MOOV": -0.67,
        "Tbd_MOOV": 98.67,
        "Tc_MOOV": 0.0,
        "Tq_MOOV": 0.0,
        "Te_MTN": 0.0,
        "Tbd_MTN": 99.33999999999999,
        "Tc_MTN": 0.0,
        "Tq_MTN": 1.32,
        "Te_ORANGE": 2.65,
        "Tbd_ORANGE": 97.28,
        "Tc_ORANGE": 0.6799999999999999,
        "Tq_ORANGE": 0.0,
        "rang_Te_ORANGE": 3,
        "rang_Te_MTN": 2,
        "rang_Te_MOOV": 1,
        "rang_Tc_ORANGE": 3,
        "rang_Tc_MTN": 1,
        "rang_Tc_MOOV": 1,
        "rang_Tbd_ORANGE": 3,
        "rang_Tbd_MTN": 1,
        "rang_Tbd_MOOV": 2,
        "rang_Tq_ORANGE": 1,
        "rang_Tq_MTN": 3,
        "rang_Tq_MOOV": 1
      },
      "id": 30
    },
    {
      "type": "Feature",
      "geometry": {
        "coordinates": [
          -3.59476,
          5.28193
        ],
        "type": "Point"
      },
      "properties": {
        "ADM0_FR": "COMOE",
        "ADM0_PCODE": "CI02",
        "ADM1_FR": "SUD-COMOE",
        "ADM1_PCODE": "CI130",
        "ADM2_FR": "GRAND-BASSAM",
        "ADM2_PCODE": "CI3003",
        "ADM3_FR": "BONOUA",
        "ADM3_PCODE": "CI300302",
        "ADM4_FR": "BONOUA",
        "ADM4_PCODE": "C1451",
        "centerLat": 5.27193,
        "centerLng": -3.59476,
        "pop": 38135,
        "Te_MOOV": 0.9900000000000001,
        "Tbd_MOOV": 86.87,
        "Tc_MOOV": 2.0,
        "Tq_MOOV": 7.22,
        "Te_MTN": 0.9900000000000001,
        "Tbd_MTN": 97.0,
        "Tc_MTN": 1.0,
        "Tq_MTN": 2.04,
        "Te_ORANGE": 0.0,
        "Tbd_ORANGE": 100.0,
        "Tc_ORANGE": 0.0,
        "Tq_ORANGE": 0.0,
        "rang_Te_ORANGE": 1,
        "rang_Te_MTN": 2,
        "rang_Te_MOOV": 2,
        "rang_Tc_ORANGE": 1,
        "rang_Tc_MTN": 2,
        "rang_Tc_MOOV": 3,
        "rang_Tbd_ORANGE": 1,
        "rang_Tbd_MTN": 2,
        "rang_Tbd_MOOV": 3,
        "rang_Tq_ORANGE": 1,
        "rang_Tq_MTN": 2,
        "rang_Tq_MOOV": 3
      },
      "id": 31
    },
    {
      "type": "Feature",
      "geometry": {
        "coordinates": [
          -7.49492,
          8.74633
        ],
        "type": "Point"
      },
      "properties": {
        "ADM0_FR": "WOROBA",
        "ADM0_PCODE": "CI13",
        "ADM1_FR": "BAFING",
        "ADM1_PCODE": "CI104",
        "ADM2_FR": "KORO",
        "ADM2_PCODE": "CI0401",
        "ADM3_FR": "BOROTOU",
        "ADM3_PCODE": "CI040103",
        "ADM4_FR": "BOROTOU",
        "ADM4_PCODE": "C1481",
        "centerLat": 8.73633,
        "centerLng": -7.49492,
        "pop": 2203,
        "Te_MOOV": 0.0,
        "Tbd_MOOV": 99.0,
        "Tc_MOOV": 0.0,
        "Tq_MOOV": 0.0,
        "Te_MTN": 0.0,
        "Tbd_MTN": 98.02,
        "Tc_MTN": 0.0,
        "Tq_MTN": 0.0,
        "Te_ORANGE": 0.0,
        "Tbd_ORANGE": 100.0,
        "Tc_ORANGE": 0.98,
        "Tq_ORANGE": 0.0,
        "rang_Te_ORANGE": 1,
        "rang_Te_MTN": 1,
        "rang_Te_MOOV": 1,
        "rang_Tc_ORANGE": 3,
        "rang_Tc_MTN": 1,
        "rang_Tc_MOOV": 1,
        "rang_Tbd_ORANGE": 1,
        "rang_Tbd_MTN": 3,
        "rang_Tbd_MOOV": 2,
        "rang_Tq_ORANGE": 1,
        "rang_Tq_MTN": 1,
        "rang_Tq_MOOV": 1
      },
      "id": 32
    },
    {
      "type": "Feature",
      "geometry": {
        "coordinates": [
          -5.02961,
          7.697909999999999
        ],
        "type": "Point"
      },
      "properties": {
        "ADM0_FR": "VALLEE DU BANDAMA",
        "ADM0_PCODE": "CI12",
        "ADM1_FR": "GBEKE",
        "ADM1_PCODE": "CI111",
        "ADM2_FR": "BOUAKE",
        "ADM2_PCODE": "CI1103",
        "ADM3_FR": "BOUAKE",
        "ADM3_PCODE": "CI110301",
        "ADM4_FR": "BOUAKÉ",
        "ADM4_PCODE": "C1507",
        "centerLat": 7.68791,
        "centerLng": -5.02961,
        "pop": 536719,
        "Te_MOOV": 0.9299999999999999,
        "Tbd_MOOV": 83.39,
        "Tc_MOOV": 1.41,
        "Tq_MOOV": 4.52,
        "Te_MTN": 0.15,
        "Tbd_MTN": 94.91000000000001,
        "Tc_MTN": 0.31,
        "Tq_MTN": 1.7500000000000002,
        "Te_ORANGE": 0.5599999999999999,
        "Tbd_ORANGE": 99.24,
        "Tc_ORANGE": 0.38,
        "Tq_ORANGE": 2.67,
        "rang_Te_ORANGE": 2,
        "rang_Te_MTN": 1,
        "rang_Te_MOOV": 3,
        "rang_Tc_ORANGE": 2,
        "rang_Tc_MTN": 1,
        "rang_Tc_MOOV": 3,
        "rang_Tbd_ORANGE": 1,
        "rang_Tbd_MTN": 2,
        "rang_Tbd_MOOV": 3,
        "rang_Tq_ORANGE": 2,
        "rang_Tq_MTN": 1,
        "rang_Tq_MOOV": 3
      },
      "id": 33
    },
    {
      "type": "Feature",
      "geometry": {
        "coordinates": [
          -5.66911,
          8.22725
        ],
        "type": "Point"
      },
      "properties": {
        "ADM0_FR": "WOROBA",
        "ADM0_PCODE": "CI13",
        "ADM1_FR": "BERE",
        "ADM1_PCODE": "CI107",
        "ADM2_FR": "MANKONO",
        "ADM2_PCODE": "CI0703",
        "ADM3_FR": "BOUANDOUGOU",
        "ADM3_PCODE": "CI070302",
        "ADM4_FR": "BOUANDOUGOU",
        "ADM4_PCODE": "C1513",
        "centerLat": 8.21725,
        "centerLng": -5.66911,
        "pop": 10542,
        "Te_MOOV": 0.0,
        "Tbd_MOOV": 97.39999999999999,
        "Tc_MOOV": 0.0,
        "Tq_MOOV": 0.0,
        "Te_MTN": 0.0,
        "Tbd_MTN": 97.33000000000001,
        "Tc_MTN": 0.0,
        "Tq_MTN": 11.559999999999999,
        "Te_ORANGE": 2.0,
        "Tbd_ORANGE": 100.0,
        "Tc_ORANGE": 0.0,
        "Tq_ORANGE": 4.109999999999999,
        "rang_Te_ORANGE": 3,
        "rang_Te_MTN": 1,
        "rang_Te_MOOV": 1,
        "rang_Tc_ORANGE": 1,
        "rang_Tc_MTN": 1,
        "rang_Tc_MOOV": 1,
        "rang_Tbd_ORANGE": 1,
        "rang_Tbd_MTN": 3,
        "rang_Tbd_MOOV": 2,
        "rang_Tq_ORANGE": 2,
        "rang_Tq_MTN": 3,
        "rang_Tq_MOOV": 1
      },
      "id": 34
    },
    {
      "type": "Feature",
      "geometry": {
        "coordinates": [
          -2.99909,
          9.27864
        ],
        "type": "Point"
      },
      "properties": {
        "ADM0_FR": "ZANZAN",
        "ADM0_PCODE": "CI14",
        "ADM1_FR": "BOUNKANI",
        "ADM1_PCODE": "CI108",
        "ADM2_FR": "BOUNA",
        "ADM2_PCODE": "CI0801",
        "ADM3_FR": "BOUNA",
        "ADM3_PCODE": "CI080102",
        "ADM4_FR": "BOUNA",
        "ADM4_PCODE": "C1550",
        "centerLat": 9.26864,
        "centerLng": -2.99909,
        "pop": 18755,
        "Te_MOOV": 2.87,
        "Tbd_MOOV": 94.51,
        "Tc_MOOV": 0.42,
        "Tq_MOOV": 10.17,
        "Te_MTN": 12.34,
        "Tbd_MTN": 95.05,
        "Tc_MTN": 1.46,
        "Tq_MTN": 9.049999999999999,
        "Te_ORANGE": 0.0,
        "Tbd_ORANGE": 99.6,
        "Tc_ORANGE": 0.0,
        "Tq_ORANGE": 0.0,
        "rang_Te_ORANGE": 1,
        "rang_Te_MTN": 3,
        "rang_Te_MOOV": 2,
        "rang_Tc_ORANGE": 1,
        "rang_Tc_MTN": 3,
        "rang_Tc_MOOV": 2,
        "rang_Tbd_ORANGE": 1,
        "rang_Tbd_MTN": 2,
        "rang_Tbd_MOOV": 3,
        "rang_Tq_ORANGE": 1,
        "rang_Tq_MTN": 2,
        "rang_Tq_MOOV": 3
      },
      "id": 35
    },
    {
      "type": "Feature",
      "geometry": {
        "coordinates": [
          -6.48411,
          9.53143
        ],
        "type": "Point"
      },
      "properties": {
        "ADM0_FR": "SAVANES",
        "ADM0_PCODE": "CI11",
        "ADM1_FR": "BAGOUE",
        "ADM1_PCODE": "CI105",
        "ADM2_FR": "BOUNDIALI",
        "ADM2_PCODE": "CI0501",
        "ADM3_FR": "BOUNDIALI",
        "ADM3_PCODE": "CI050102",
        "ADM4_FR": "BOUNDIALI",
        "ADM4_PCODE": "C1557",
        "centerLat": 9.52143,
        "centerLng": -6.48411,
        "pop": 39962,
        "Te_MOOV": 1.0,
        "Tbd_MOOV": 97.28999999999999,
        "Tc_MOOV": 2.36,
        "Tq_MOOV": 1.04,
        "Te_MTN": 3.36,
        "Tbd_MTN": 98.05,
        "Tc_MTN": 0.77,
        "Tq_MTN": 0.4,
        "Te_ORANGE": 1.01,
        "Tbd_ORANGE": 97.96000000000001,
        "Tc_ORANGE": 0.0,
        "Tq_ORANGE": 0.0,
        "rang_Te_ORANGE": 2,
        "rang_Te_MTN": 3,
        "rang_Te_MOOV": 1,
        "rang_Tc_ORANGE": 1,
        "rang_Tc_MTN": 2,
        "rang_Tc_MOOV": 3,
        "rang_Tbd_ORANGE": 2,
        "rang_Tbd_MTN": 1,
        "rang_Tbd_MOOV": 3,
        "rang_Tq_ORANGE": 1,
        "rang_Tq_MTN": 2,
        "rang_Tq_MOOV": 3
      },
      "id": 36
    },
    {
      "type": "Feature",
      "geometry": {
        "coordinates": [
          -6.37966,
          9.964599999999999
        ],
        "type": "Point"
      },
      "properties": {
        "ADM0_FR": "SAVANES",
        "ADM0_PCODE": "CI11",
        "ADM1_FR": "BAGOUE",
        "ADM1_PCODE": "CI105",
        "ADM2_FR": "KOUTO",
        "ADM2_PCODE": "CI0502",
        "ADM3_FR": "KOUTO",
        "ADM3_PCODE": "CI050201",
        "ADM4_FR": "BOYO",
        "ADM4_PCODE": "C1581",
        "centerLat": 9.9546,
        "centerLng": -6.37966,
        "pop": 3791,
        "Te_MOOV": 17.5,
        "Tbd_MOOV": 92.42,
        "Tc_MOOV": 3.0300000000000002,
        "Tq_MOOV": 3.17,
        "Te_MTN": 4.6,
        "Tbd_MTN": 76.62,
        "Tc_MTN": 0.0,
        "Tq_MTN": 36.84,
        "Te_ORANGE": 7.59,
        "Tbd_ORANGE": 100.0,
        "Tc_ORANGE": 0.0,
        "Tq_ORANGE": 0.0,
        "rang_Te_ORANGE": 2,
        "rang_Te_MTN": 1,
        "rang_Te_MOOV": 3,
        "rang_Tc_ORANGE": 1,
        "rang_Tc_MTN": 1,
        "rang_Tc_MOOV": 3,
        "rang_Tbd_ORANGE": 1,
        "rang_Tbd_MTN": 3,
        "rang_Tbd_MOOV": 2,
        "rang_Tq_ORANGE": 1,
        "rang_Tq_MTN": 3,
        "rang_Tq_MOOV": 2
      },
      "id": 37
    },
    {
      "type": "Feature",
      "geometry": {
        "coordinates": [
          -4.38208,
          5.33271
        ],
        "type": "Point"
      },
      "properties": {
        "ADM0_FR": "LAGUNES",
        "ADM0_PCODE": "CI08",
        "ADM1_FR": "GRANDS-PONTS",
        "ADM1_PCODE": "CI115",
        "ADM2_FR": "DABOU",
        "ADM2_PCODE": "CI1501",
        "ADM3_FR": "DABOU",
        "ADM3_PCODE": "CI150101",
        "ADM4_FR": "DABOU",
        "ADM4_PCODE": "C1708",
        "centerLat": 5.32271,
        "centerLng": -4.38208,
        "pop": 61942,
        "Te_MOOV": 0.0,
        "Tbd_MOOV": 86.63,
        "Tc_MOOV": 0.0,
        "Tq_MOOV": 0.5,
        "Te_MTN": 0.5,
        "Tbd_MTN": 99.0,
        "Tc_MTN": 0.0,
        "Tq_MTN": 0.0,
        "Te_ORANGE": 0.5,
        "Tbd_ORANGE": 99.49,
        "Tc_ORANGE": 0.0,
        "Tq_ORANGE": 0.51,
        "rang_Te_ORANGE": 2,
        "rang_Te_MTN": 2,
        "rang_Te_MOOV": 1,
        "rang_Tc_ORANGE": 1,
        "rang_Tc_MTN": 1,
        "rang_Tc_MOOV": 1,
        "rang_Tbd_ORANGE": 1,
        "rang_Tbd_MTN": 2,
        "rang_Tbd_MOOV": 3,
        "rang_Tq_ORANGE": 3,
        "rang_Tq_MTN": 1,
        "rang_Tq_MOOV": 2
      },
      "id": 38
    },
    {
      "type": "Feature",
      "geometry": {
        "coordinates": [
          -6.4486,
          6.89815
        ],
        "type": "Point"
      },
      "properties": {
        "ADM0_FR": "SASSANDRA-MARAHOUE",
        "ADM0_PCODE": "CI10",
        "ADM1_FR": "HAUT-SASSANDRA",
        "ADM1_PCODE": "CI118",
        "ADM2_FR": "DALOA",
        "ADM2_PCODE": "CI1801",
        "ADM3_FR": "DALOA",
        "ADM3_PCODE": "CI180102",
        "ADM4_FR": "DALOA",
        "ADM4_PCODE": "C1779",
        "centerLat": 6.88815,
        "centerLng": -6.4486,
        "pop": 245360,
        "Te_MOOV": 0.25,
        "Tbd_MOOV": 87.56,
        "Tc_MOOV": 1.49,
        "Tq_MOOV": 3.82,
        "Te_MTN": 2.16,
        "Tbd_MTN": 98.31,
        "Tc_MTN": 0.0,
        "Tq_MTN": 1.16,
        "Te_ORANGE": 0.25,
        "Tbd_ORANGE": 99.5,
        "Tc_ORANGE": 0.25,
        "Tq_ORANGE": 0.0,
        "rang_Te_ORANGE": 1,
        "rang_Te_MTN": 3,
        "rang_Te_MOOV": 1,
        "rang_Tc_ORANGE": 2,
        "rang_Tc_MTN": 1,
        "rang_Tc_MOOV": 3,
        "rang_Tbd_ORANGE": 1,
        "rang_Tbd_MTN": 2,
        "rang_Tbd_MOOV": 3,
        "rang_Tq_ORANGE": 1,
        "rang_Tq_MTN": 2,
        "rang_Tq_MOOV": 3
      },
      "id": 39
    },
    {
      "type": "Feature",
      "geometry": {
        "coordinates": [
          -5.83692,
          5.12275
        ],
        "type": "Point"
      },
      "properties": {
        "ADM0_FR": "BAS-SASSANDRA",
        "ADM0_PCODE": "CI01",
        "ADM1_FR": "GBOKLE",
        "ADM1_PCODE": "CI112",
        "ADM2_FR": "FRESCO",
        "ADM2_PCODE": "CI1201",
        "ADM3_FR": "FRESCO",
        "ADM3_PCODE": "CI120102",
        "ADM4_FR": "DASSIOKO",
        "ADM4_PCODE": "C1838",
        "centerLat": 5.11275,
        "centerLng": -5.83692,
        "pop": 4653,
        "Te_MOOV": 0.0,
        "Tbd_MOOV": 100.0,
        "Tc_MOOV": 0.0,
        "Tq_MOOV": 0.0,
        "Te_MTN": 0.9900000000000001,
        "Tbd_MTN": 97.98,
        "Tc_MTN": 3.0,
        "Tq_MTN": 0.0,
        "Te_ORANGE": 0.0,
        "Tbd_ORANGE": 100.0,
        "Tc_ORANGE": 0.0,
        "Tq_ORANGE": 0.0,
        "rang_Te_ORANGE": 1,
        "rang_Te_MTN": 3,
        "rang_Te_MOOV": 1,
        "rang_Tc_ORANGE": 1,
        "rang_Tc_MTN": 3,
        "rang_Tc_MOOV": 1,
        "rang_Tbd_ORANGE": 1,
        "rang_Tbd_MTN": 3,
        "rang_Tbd_MOOV": 1,
        "rang_Tq_ORANGE": 1,
        "rang_Tq_MTN": 1,
        "rang_Tq_MOOV": 1
      },
      "id": 40
    },
    {
      "type": "Feature",
      "geometry": {
        "coordinates": [
          -6.2543,
          8.95791
        ],
        "type": "Point"
      },
      "properties": {
        "ADM0_FR": "WOROBA",
        "ADM0_PCODE": "CI13",
        "ADM1_FR": "BERE",
        "ADM1_PCODE": "CI107",
        "ADM2_FR": "DIANRA",
        "ADM2_PCODE": "CI0701",
        "ADM3_FR": "DIANRA",
        "ADM3_PCODE": "CI070101",
        "ADM4_FR": "DIANRA",
        "ADM4_PCODE": "C1947",
        "centerLat": 8.94791,
        "centerLng": -6.2543,
        "pop": 25880,
        "Te_MOOV": 0.0,
        "Tbd_MOOV": 99.0,
        "Tc_MOOV": 0.0,
        "Tq_MOOV": 0.0,
        "Te_MTN": 0.0,
        "Tbd_MTN": 100.0,
        "Tc_MTN": 0.0,
        "Tq_MTN": 0.0,
        "Te_ORANGE": 0.0,
        "Tbd_ORANGE": 100.0,
        "Tc_ORANGE": 0.0,
        "Tq_ORANGE": 0.0,
        "rang_Te_ORANGE": 1,
        "rang_Te_MTN": 1,
        "rang_Te_MOOV": 1,
        "rang_Tc_ORANGE": 1,
        "rang_Tc_MTN": 1,
        "rang_Tc_MOOV": 1,
        "rang_Tbd_ORANGE": 1,
        "rang_Tbd_MTN": 1,
        "rang_Tbd_MOOV": 3,
        "rang_Tq_ORANGE": 1,
        "rang_Tq_MTN": 1,
        "rang_Tq_MOOV": 1
      },
      "id": 41
    },
    {
      "type": "Feature",
      "geometry": {
        "coordinates": [
          -6.60905,
          8.19622
        ],
        "type": "Point"
      },
      "properties": {
        "ADM0_FR": "WOROBA",
        "ADM0_PCODE": "CI13",
        "ADM1_FR": "WORODOUGOU",
        "ADM1_PCODE": "CI133",
        "ADM2_FR": "SEGUELA",
        "ADM2_PCODE": "CI3302",
        "ADM3_FR": "BOBI",
        "ADM3_PCODE": "CI330202",
        "ADM4_FR": "DIARABANA",
        "ADM4_PCODE": "C1954",
        "centerLat": 8.18622,
        "centerLng": -6.60905,
        "pop": 8343,
        "Te_MOOV": 1.1400000000000001,
        "Tbd_MOOV": 100.0,
        "Tc_MOOV": 1.15,
        "Tq_MOOV": 3.49,
        "Te_MTN": 3.45,
        "Tbd_MTN": 100.0,
        "Tc_MTN": 1.1900000000000002,
        "Tq_MTN": 1.2,
        "Te_ORANGE": 0.0,
        "Tbd_ORANGE": 97.72999999999999,
        "Tc_ORANGE": 0.0,
        "Tq_ORANGE": 0.0,
        "rang_Te_ORANGE": 1,
        "rang_Te_MTN": 3,
        "rang_Te_MOOV": 2,
        "rang_Tc_ORANGE": 1,
        "rang_Tc_MTN": 3,
        "rang_Tc_MOOV": 2,
        "rang_Tbd_ORANGE": 3,
        "rang_Tbd_MTN": 1,
        "rang_Tbd_MOOV": 1,
        "rang_Tq_ORANGE": 1,
        "rang_Tq_MTN": 2,
        "rang_Tq_MOOV": 3
      },
      "id": 42
    },
    {
      "type": "Feature",
      "geometry": {
        "coordinates": [
          -5.31173,
          6.0304199999999994
        ],
        "type": "Point"
      },
      "properties": {
        "ADM0_FR": "GOH-DJIBOUA",
        "ADM0_PCODE": "CI06",
        "ADM1_FR": "LOH-DJIBOUA",
        "ADM1_PCODE": "CI122",
        "ADM2_FR": "DIVO",
        "ADM2_PCODE": "CI2201",
        "ADM3_FR": "DIDOKO",
        "ADM3_PCODE": "CI220102",
        "ADM4_FR": "DIDOKO",
        "ADM4_PCODE": "C1988",
        "centerLat": 6.02042,
        "centerLng": -5.31173,
        "pop": 7071,
        "Te_MOOV": 0.0,
        "Tbd_MOOV": 100.0,
        "Tc_MOOV": 0.0,
        "Tq_MOOV": 0.0,
        "Te_MTN": 0.0,
        "Tbd_MTN": 100.0,
        "Tc_MTN": 0.98,
        "Tq_MTN": 0.9900000000000001,
        "Te_ORANGE": 0.97,
        "Tbd_ORANGE": 99.02,
        "Tc_ORANGE": 0.0,
        "Tq_ORANGE": 0.0,
        "rang_Te_ORANGE": 3,
        "rang_Te_MTN": 1,
        "rang_Te_MOOV": 1,
        "rang_Tc_ORANGE": 1,
        "rang_Tc_MTN": 3,
        "rang_Tc_MOOV": 1,
        "rang_Tbd_ORANGE": 3,
        "rang_Tbd_MTN": 1,
        "rang_Tbd_MOOV": 1,
        "rang_Tq_ORANGE": 1,
        "rang_Tq_MTN": 3,
        "rang_Tq_MOOV": 1
      },
      "id": 43
    },
    {
      "type": "Feature",
      "geometry": {
        "coordinates": [
          -4.70461,
          6.6554
        ],
        "type": "Point"
      },
      "properties": {
        "ADM0_FR": "LACS",
        "ADM0_PCODE": "CI07",
        "ADM1_FR": "N'ZI",
        "ADM1_PCODE": "CI127",
        "ADM2_FR": "DIMBOKRO",
        "ADM2_PCODE": "CI2702",
        "ADM3_FR": "DIMBOKRO",
        "ADM3_PCODE": "CI270203",
        "ADM4_FR": "DIMBOKRO",
        "ADM4_PCODE": "C2073",
        "centerLat": 6.6454,
        "centerLng": -4.70461,
        "pop": 48860,
        "Te_MOOV": 2.01,
        "Tbd_MOOV": 94.27,
        "Tc_MOOV": 3.08,
        "Tq_MOOV": 2.7,
        "Te_MTN": 0.0,
        "Tbd_MTN": 98.52,
        "Tc_MTN": 0.0,
        "Tq_MTN": 0.5,
        "Te_ORANGE": 0.49,
        "Tbd_ORANGE": 100.0,
        "Tc_ORANGE": 0.0,
        "Tq_ORANGE": 0.0,
        "rang_Te_ORANGE": 2,
        "rang_Te_MTN": 1,
        "rang_Te_MOOV": 3,
        "rang_Tc_ORANGE": 1,
        "rang_Tc_MTN": 1,
        "rang_Tc_MOOV": 3,
        "rang_Tbd_ORANGE": 1,
        "rang_Tbd_MTN": 2,
        "rang_Tbd_MOOV": 3,
        "rang_Tq_ORANGE": 1,
        "rang_Tq_MTN": 2,
        "rang_Tq_MOOV": 3
      },
      "id": 44
    },
    {
      "type": "Feature",
      "geometry": {
        "coordinates": [
          -7.34262,
          6.75496
        ],
        "type": "Point"
      },
      "properties": {
        "ADM0_FR": "MONTAGNES",
        "ADM0_PCODE": "CI09",
        "ADM1_FR": "GUEMON",
        "ADM1_PCODE": "CI116",
        "ADM2_FR": "DUEKOUE",
        "ADM2_PCODE": "CI1602",
        "ADM3_FR": "DUEKOUE",
        "ADM3_PCODE": "CI160202",
        "ADM4_FR": "DUEKOUE",
        "ADM4_PCODE": "C2425",
        "centerLat": 6.74496,
        "centerLng": -7.34262,
        "pop": 90274,
        "Te_MOOV": 10.59,
        "Tbd_MOOV": 62.44,
        "Tc_MOOV": 6.16,
        "Tq_MOOV": 31.209999999999997,
        "Te_MTN": 1.27,
        "Tbd_MTN": 97.39999999999999,
        "Tc_MTN": 0.0,
        "Tq_MTN": 1.35,
        "Te_ORANGE": 0.0,
        "Tbd_ORANGE": 99.22,
        "Tc_ORANGE": 0.0,
        "Tq_ORANGE": 0.0,
        "rang_Te_ORANGE": 1,
        "rang_Te_MTN": 2,
        "rang_Te_MOOV": 3,
        "rang_Tc_ORANGE": 1,
        "rang_Tc_MTN": 1,
        "rang_Tc_MOOV": 3,
        "rang_Tbd_ORANGE": 1,
        "rang_Tbd_MTN": 2,
        "rang_Tbd_MOOV": 3,
        "rang_Tq_ORANGE": 1,
        "rang_Tq_MTN": 2,
        "rang_Tq_MOOV": 3
      },
      "id": 45
    },
    {
      "type": "Feature",
      "geometry": {
        "coordinates": [
          -5.19762,
          9.60226
        ],
        "type": "Point"
      },
      "properties": {
        "ADM0_FR": "SAVANES",
        "ADM0_PCODE": "CI11",
        "ADM1_FR": "TCHOLOGO",
        "ADM1_PCODE": "CI131",
        "ADM2_FR": "FERKESSEDOUGOU",
        "ADM2_PCODE": "CI3101",
        "ADM3_FR": "FERKESSEDOUGOU",
        "ADM3_PCODE": "CI310101",
        "ADM4_FR": "FERKESSÉDOUGOU",
        "ADM4_PCODE": "C2603",
        "centerLat": 9.59226,
        "centerLng": -5.19762,
        "pop": 55910,
        "Te_MOOV": 0.4,
        "Tbd_MOOV": 97.57000000000001,
        "Tc_MOOV": 0.0,
        "Tq_MOOV": 0.4,
        "Te_MTN": 0.0,
        "Tbd_MTN": 99.35000000000001,
        "Tc_MTN": 0.0,
        "Tq_MTN": 0.66,
        "Te_ORANGE": 0.0,
        "Tbd_ORANGE": 100.0,
        "Tc_ORANGE": 0.0,
        "Tq_ORANGE": 0.0,
        "rang_Te_ORANGE": 1,
        "rang_Te_MTN": 1,
        "rang_Te_MOOV": 3,
        "rang_Tc_ORANGE": 1,
        "rang_Tc_MTN": 1,
        "rang_Tc_MOOV": 1,
        "rang_Tbd_ORANGE": 1,
        "rang_Tbd_MTN": 2,
        "rang_Tbd_MOOV": 3,
        "rang_Tq_ORANGE": 1,
        "rang_Tq_MTN": 3,
        "rang_Tq_MOOV": 2
      },
      "id": 46
    },
    {
      "type": "Feature",
      "geometry": {
        "coordinates": [
          -5.58651,
          5.11559
        ],
        "type": "Point"
      },
      "properties": {
        "ADM0_FR": "BAS-SASSANDRA",
        "ADM0_PCODE": "CI01",
        "ADM1_FR": "GBOKLE",
        "ADM1_PCODE": "CI112",
        "ADM2_FR": "FRESCO",
        "ADM2_PCODE": "CI1201",
        "ADM3_FR": "FRESCO",
        "ADM3_PCODE": "CI120102",
        "ADM4_FR": "FRESCO",
        "ADM4_PCODE": "C2691",
        "centerLat": 5.10559,
        "centerLng": -5.58651,
        "pop": 8533,
        "Te_MOOV": 0.0,
        "Tbd_MOOV": 100.0,
        "Tc_MOOV": 0.0,
        "Tq_MOOV": 0.0,
        "Te_MTN": 15.629999999999999,
        "Tbd_MTN": 95.63000000000001,
        "Tc_MTN": 0.62,
        "Tq_MTN": 0.0,
        "Te_ORANGE": 1.02,
        "Tbd_ORANGE": 99.49,
        "Tc_ORANGE": 0.0,
        "Tq_ORANGE": 0.52,
        "rang_Te_ORANGE": 2,
        "rang_Te_MTN": 3,
        "rang_Te_MOOV": 1,
        "rang_Tc_ORANGE": 1,
        "rang_Tc_MTN": 3,
        "rang_Tc_MOOV": 1,
        "rang_Tbd_ORANGE": 2,
        "rang_Tbd_MTN": 3,
        "rang_Tbd_MOOV": 1,
        "rang_Tq_ORANGE": 3,
        "rang_Tq_MTN": 1,
        "rang_Tq_MOOV": 1
      },
      "id": 47
    },
    {
      "type": "Feature",
      "geometry": {
        "coordinates": [
          -5.94436,
          6.13836
        ],
        "type": "Point"
      },
      "properties": {
        "ADM0_FR": "GOH-DJIBOUA",
        "ADM0_PCODE": "CI06",
        "ADM1_FR": "GOH",
        "ADM1_PCODE": "CI113",
        "ADM2_FR": "GAGNOA",
        "ADM2_PCODE": "CI1301",
        "ADM3_FR": "GAGNOA",
        "ADM3_PCODE": "CI130106",
        "ADM4_FR": "GAGNOA",
        "ADM4_PCODE": "C2707",
        "centerLat": 6.12836,
        "centerLng": -5.94436,
        "pop": 160465,
        "Te_MOOV": 0.5,
        "Tbd_MOOV": 74.36,
        "Tc_MOOV": 0.0,
        "Tq_MOOV": 10.31,
        "Te_MTN": 6.15,
        "Tbd_MTN": 96.65,
        "Tc_MTN": 0.0,
        "Tq_MTN": 2.25,
        "Te_ORANGE": 0.0,
        "Tbd_ORANGE": 98.55000000000001,
        "Tc_ORANGE": 0.0,
        "Tq_ORANGE": 0.48,
        "rang_Te_ORANGE": 1,
        "rang_Te_MTN": 3,
        "rang_Te_MOOV": 2,
        "rang_Tc_ORANGE": 1,
        "rang_Tc_MTN": 1,
        "rang_Tc_MOOV": 1,
        "rang_Tbd_ORANGE": 1,
        "rang_Tbd_MTN": 2,
        "rang_Tbd_MOOV": 3,
        "rang_Tq_ORANGE": 1,
        "rang_Tq_MTN": 2,
        "rang_Tq_MOOV": 3
      },
      "id": 48
    },
    {
      "type": "Feature",
      "geometry": {
        "coordinates": [
          -8.33,
          7.58
        ],
        "type": "Point"
      },
      "properties": {
        "ADM0_FR": "MONTAGNES",
        "ADM0_PCODE": "CI09",
        "ADM1_FR": "TONKPI",
        "ADM1_PCODE": "CI132",
        "ADM2_FR": "DANANE",
        "ADM2_PCODE": "CI3202",
        "ADM3_FR": "KOUAN-HOULE",
        "ADM3_PCODE": "CI320204",
        "ADM4_FR": "GBAPLEU",
        "ADM4_PCODE": "C2878",
        "centerLat": 7.57,
        "centerLng": -8.33,
        "pop": 2358,
        "Te_MOOV": 0.6799999999999999,
        "Tbd_MOOV": 40.150000000000006,
        "Tc_MOOV": 0.0,
        "Tq_MOOV": 0.74,
        "Te_MTN": 0.0,
        "Tbd_MTN": 99.33999999999999,
        "Tc_MTN": 0.0,
        "Tq_MTN": 0.0,
        "Te_ORANGE": 0.66,
        "Tbd_ORANGE": 100.0,
        "Tc_ORANGE": 0.0,
        "Tq_ORANGE": 0.0,
        "rang_Te_ORANGE": 2,
        "rang_Te_MTN": 1,
        "rang_Te_MOOV": 3,
        "rang_Tc_ORANGE": 1,
        "rang_Tc_MTN": 1,
        "rang_Tc_MOOV": 1,
        "rang_Tbd_ORANGE": 1,
        "rang_Tbd_MTN": 2,
        "rang_Tbd_MOOV": 3,
        "rang_Tq_ORANGE": 1,
        "rang_Tq_MTN": 1,
        "rang_Tq_MOOV": 3
      },
      "id": 49
    },
    {
      "type": "Feature",
      "geometry": {
        "coordinates": [
          -5.70737,
          6.48414
        ],
        "type": "Point"
      },
      "properties": {
        "ADM0_FR": "GOH-DJIBOUA",
        "ADM0_PCODE": "CI06",
        "ADM1_FR": "GOH",
        "ADM1_PCODE": "CI113",
        "ADM2_FR": "OUME",
        "ADM2_PCODE": "CI1302",
        "ADM3_FR": "GUEPAHOUO",
        "ADM3_PCODE": "CI130203",
        "ADM4_FR": "GUÉPAHOUO",
        "ADM4_PCODE": "C3445",
        "centerLat": 6.47414,
        "centerLng": -5.70737,
        "pop": 20143,
        "Te_MOOV": 1.29,
        "Tbd_MOOV": 99.35000000000001,
        "Tc_MOOV": 0.0,
        "Tq_MOOV": 3.27,
        "Te_MTN": 6.67,
        "Tbd_MTN": 92.14,
        "Tc_MTN": 2.1399999999999997,
        "Tq_MTN": 0.0,
        "Te_ORANGE": 0.0,
        "Tbd_ORANGE": 100.0,
        "Tc_ORANGE": 0.0,
        "Tq_ORANGE": 0.0,
        "rang_Te_ORANGE": 1,
        "rang_Te_MTN": 3,
        "rang_Te_MOOV": 2,
        "rang_Tc_ORANGE": 1,
        "rang_Tc_MTN": 3,
        "rang_Tc_MOOV": 1,
        "rang_Tbd_ORANGE": 1,
        "rang_Tbd_MTN": 3,
        "rang_Tbd_MOOV": 2,
        "rang_Tq_ORANGE": 1,
        "rang_Tq_MTN": 1,
        "rang_Tq_MOOV": 3
      },
      "id": 50
    },
    {
      "type": "Feature",
      "geometry": {
        "coordinates": [
          -7.48625,
          6.55472
        ],
        "type": "Point"
      },
      "properties": {
        "ADM0_FR": "MONTAGNES",
        "ADM0_PCODE": "CI09",
        "ADM1_FR": "CAVALLY",
        "ADM1_PCODE": "CI109",
        "ADM2_FR": "GUIGLO",
        "ADM2_PCODE": "CI0902",
        "ADM3_FR": "GUIGLO",
        "ADM3_PCODE": "CI090201",
        "ADM4_FR": "GUIGLO",
        "ADM4_PCODE": "C3495",
        "centerLat": 6.54472,
        "centerLng": -7.48625,
        "pop": 52544,
        "Te_MOOV": 1.5699999999999998,
        "Tbd_MOOV": 93.05,
        "Tc_MOOV": 0.53,
        "Tq_MOOV": 15.22,
        "Te_MTN": 2.23,
        "Tbd_MTN": 100.0,
        "Tc_MTN": 0.0,
        "Tq_MTN": 0.0,
        "Te_ORANGE": 0.0,
        "Tbd_ORANGE": 99.5,
        "Tc_ORANGE": 0.0,
        "Tq_ORANGE": 0.0,
        "rang_Te_ORANGE": 1,
        "rang_Te_MTN": 3,
        "rang_Te_MOOV": 2,
        "rang_Tc_ORANGE": 1,
        "rang_Tc_MTN": 1,
        "rang_Tc_MOOV": 3,
        "rang_Tbd_ORANGE": 2,
        "rang_Tbd_MTN": 1,
        "rang_Tbd_MOOV": 3,
        "rang_Tq_ORANGE": 1,
        "rang_Tq_MTN": 1,
        "rang_Tq_MOOV": 3
      },
      "id": 51
    },
    {
      "type": "Feature",
      "geometry": {
        "coordinates": [
          -4.41967,
          5.21547
        ],
        "type": "Point"
      },
      "properties": {
        "ADM0_FR": "LAGUNES",
        "ADM0_PCODE": "CI08",
        "ADM1_FR": "GRANDS-PONTS",
        "ADM1_PCODE": "CI115",
        "ADM2_FR": "JACQUEVILLE",
        "ADM2_PCODE": "CI1503",
        "ADM3_FR": "JACQUEVILLE",
        "ADM3_PCODE": "CI150301",
        "ADM4_FR": "JACQUEVILLE",
        "ADM4_PCODE": "C3604",
        "centerLat": 5.20547,
        "centerLng": -4.41967,
        "pop": 11096,
        "Te_MOOV": 0.0,
        "Tbd_MOOV": 100.0,
        "Tc_MOOV": 0.0,
        "Tq_MOOV": 0.0,
        "Te_MTN": 0.0,
        "Tbd_MTN": 99.35000000000001,
        "Tc_MTN": 0.0,
        "Tq_MTN": 0.0,
        "Te_ORANGE": 0.0,
        "Tbd_ORANGE": 98.7,
        "Tc_ORANGE": 0.0,
        "Tq_ORANGE": 0.0,
        "rang_Te_ORANGE": 1,
        "rang_Te_MTN": 1,
        "rang_Te_MOOV": 1,
        "rang_Tc_ORANGE": 1,
        "rang_Tc_MTN": 1,
        "rang_Tc_MOOV": 1,
        "rang_Tbd_ORANGE": 3,
        "rang_Tbd_MTN": 2,
        "rang_Tbd_MOOV": 1,
        "rang_Tq_ORANGE": 1,
        "rang_Tq_MTN": 1,
        "rang_Tq_MOOV": 1
      },
      "id": 52
    },
    {
      "type": "Feature",
      "geometry": {
        "coordinates": [
          -7.71485,
          6.57927
        ],
        "type": "Point"
      },
      "properties": {
        "ADM0_FR": "MONTAGNES",
        "ADM0_PCODE": "CI09",
        "ADM1_FR": "CAVALLY",
        "ADM1_PCODE": "CI109",
        "ADM2_FR": "GUIGLO",
        "ADM2_PCODE": "CI0902",
        "ADM3_FR": "KAADE",
        "ADM3_PCODE": "CI090203",
        "ADM4_FR": "KAADE",
        "ADM4_PCODE": "C3609",
        "centerLat": 6.56927,
        "centerLng": -7.71485,
        "pop": 6853,
        "Te_MOOV": 5.71,
        "Tbd_MOOV": 76.47,
        "Tc_MOOV": 1.01,
        "Tq_MOOV": 31.71,
        "Te_MTN": 6.93,
        "Tbd_MTN": 97.85000000000001,
        "Tc_MTN": 0.0,
        "Tq_MTN": 0.0,
        "Te_ORANGE": 0.97,
        "Tbd_ORANGE": 100.0,
        "Tc_ORANGE": 0.0,
        "Tq_ORANGE": 0.0,
        "rang_Te_ORANGE": 1,
        "rang_Te_MTN": 3,
        "rang_Te_MOOV": 2,
        "rang_Tc_ORANGE": 1,
        "rang_Tc_MTN": 1,
        "rang_Tc_MOOV": 3,
        "rang_Tbd_ORANGE": 1,
        "rang_Tbd_MTN": 2,
        "rang_Tbd_MOOV": 3,
        "rang_Tq_ORANGE": 1,
        "rang_Tq_MTN": 1,
        "rang_Tq_MOOV": 3
      },
      "id": 53
    },
    {
      "type": "Feature",
      "geometry": {
        "coordinates": [
          -6.60449,
          8.48952
        ],
        "type": "Point"
      },
      "properties": {
        "ADM0_FR": "WOROBA",
        "ADM0_PCODE": "CI13",
        "ADM1_FR": "WORODOUGOU",
        "ADM1_PCODE": "CI133",
        "ADM2_FR": "KANI",
        "ADM2_PCODE": "CI3301",
        "ADM3_FR": "KANI",
        "ADM3_PCODE": "CI330101",
        "ADM4_FR": "KANI",
        "ADM4_PCODE": "C3786",
        "centerLat": 8.47952,
        "centerLng": -6.60449,
        "pop": 8908,
        "Te_MOOV": 2.97,
        "Tbd_MOOV": 95.88,
        "Tc_MOOV": 1.02,
        "Tq_MOOV": 6.25,
        "Te_MTN": 0.0,
        "Tbd_MTN": 100.0,
        "Tc_MTN": 0.0,
        "Tq_MTN": 0.0,
        "Te_ORANGE": 0.0,
        "Tbd_ORANGE": 99.02,
        "Tc_ORANGE": 0.98,
        "Tq_ORANGE": 0.0,
        "rang_Te_ORANGE": 1,
        "rang_Te_MTN": 1,
        "rang_Te_MOOV": 3,
        "rang_Tc_ORANGE": 2,
        "rang_Tc_MTN": 1,
        "rang_Tc_MOOV": 3,
        "rang_Tbd_ORANGE": 2,
        "rang_Tbd_MTN": 1,
        "rang_Tbd_MOOV": 3,
        "rang_Tq_ORANGE": 1,
        "rang_Tq_MTN": 1,
        "rang_Tq_MOOV": 3
      },
      "id": 54
    },
    {
      "type": "Feature",
      "geometry": {
        "coordinates": [
          -7.51257,
          9.826039999999999
        ],
        "type": "Point"
      },
      "properties": {
        "ADM0_FR": "DENGUELE",
        "ADM0_PCODE": "CI03",
        "ADM1_FR": "FOLON",
        "ADM1_PCODE": "CI110",
        "ADM2_FR": "KANIASSO",
        "ADM2_PCODE": "CI1001",
        "ADM3_FR": "KANIASSO",
        "ADM3_PCODE": "CI100102",
        "ADM4_FR": "KANIASSO",
        "ADM4_PCODE": "C3788",
        "centerLat": 9.81604,
        "centerLng": -7.51257,
        "pop": 2545,
        "Te_MOOV": 15.790000000000001,
        "Tbd_MOOV": 82.28,
        "Tc_MOOV": 2.5,
        "Tq_MOOV": 5.26,
        "Te_MTN": 0.0,
        "Tbd_MTN": 99.0,
        "Tc_MTN": 1.0,
        "Tq_MTN": 0.0,
        "Te_ORANGE": 0.0,
        "Tbd_ORANGE": 100.0,
        "Tc_ORANGE": 0.0,
        "Tq_ORANGE": 0.0,
        "rang_Te_ORANGE": 1,
        "rang_Te_MTN": 1,
        "rang_Te_MOOV": 3,
        "rang_Tc_ORANGE": 1,
        "rang_Tc_MTN": 2,
        "rang_Tc_MOOV": 3,
        "rang_Tbd_ORANGE": 1,
        "rang_Tbd_MTN": 2,
        "rang_Tbd_MOOV": 3,
        "rang_Tq_ORANGE": 1,
        "rang_Tq_MTN": 1,
        "rang_Tq_MOOV": 3
      },
      "id": 55
    },
    {
      "type": "Feature",
      "geometry": {
        "coordinates": [
          -6.21759,
          9.8383
        ],
        "type": "Point"
      },
      "properties": {
        "ADM0_FR": "SAVANES",
        "ADM0_PCODE": "CI11",
        "ADM1_FR": "BAGOUE",
        "ADM1_PCODE": "CI105",
        "ADM2_FR": "BOUNDIALI",
        "ADM2_PCODE": "CI0501",
        "ADM3_FR": "KASSERE",
        "ADM3_PCODE": "CI050104",
        "ADM4_FR": "KASSERE",
        "ADM4_PCODE": "C3865",
        "centerLat": 9.8283,
        "centerLng": -6.21759,
        "pop": 7911,
        "Te_MOOV": 0.0,
        "Tbd_MOOV": 97.25,
        "Tc_MOOV": 0.0,
        "Tq_MOOV": 0.9199999999999999,
        "Te_MTN": 0.91,
        "Tbd_MTN": 99.06,
        "Tc_MTN": 0.9199999999999999,
        "Tq_MTN": 0.0,
        "Te_ORANGE": 0.0,
        "Tbd_ORANGE": 92.58999999999999,
        "Tc_ORANGE": 0.0,
        "Tq_ORANGE": 0.0,
        "rang_Te_ORANGE": 1,
        "rang_Te_MTN": 3,
        "rang_Te_MOOV": 1,
        "rang_Tc_ORANGE": 1,
        "rang_Tc_MTN": 3,
        "rang_Tc_MOOV": 1,
        "rang_Tbd_ORANGE": 3,
        "rang_Tbd_MTN": 1,
        "rang_Tbd_MOOV": 2,
        "rang_Tq_ORANGE": 1,
        "rang_Tq_MTN": 1,
        "rang_Tq_MOOV": 3
      },
      "id": 56
    },
    {
      "type": "Feature",
      "geometry": {
        "coordinates": [
          -5.10206,
          8.14861
        ],
        "type": "Point"
      },
      "properties": {
        "ADM0_FR": "VALLEE DU BANDAMA",
        "ADM0_PCODE": "CI12",
        "ADM1_FR": "HAMBOL",
        "ADM1_PCODE": "CI117",
        "ADM2_FR": "KATIOLA",
        "ADM2_PCODE": "CI1702",
        "ADM3_FR": "KATIOLA",
        "ADM3_PCODE": "CI170201",
        "ADM4_FR": "KATIOLA",
        "ADM4_PCODE": "C3915",
        "centerLat": 8.13861,
        "centerLng": -5.10206,
        "pop": 40319,
        "Te_MOOV": 1.01,
        "Tbd_MOOV": 98.47,
        "Tc_MOOV": 10.66,
        "Tq_MOOV": 3.47,
        "Te_MTN": 1.0,
        "Tbd_MTN": 95.98,
        "Tc_MTN": 0.0,
        "Tq_MTN": 0.0,
        "Te_ORANGE": 0.0,
        "Tbd_ORANGE": 100.0,
        "Tc_ORANGE": 0.0,
        "Tq_ORANGE": 0.0,
        "rang_Te_ORANGE": 1,
        "rang_Te_MTN": 2,
        "rang_Te_MOOV": 3,
        "rang_Tc_ORANGE": 1,
        "rang_Tc_MTN": 1,
        "rang_Tc_MOOV": 3,
        "rang_Tbd_ORANGE": 1,
        "rang_Tbd_MTN": 3,
        "rang_Tbd_MOOV": 2,
        "rang_Tq_ORANGE": 1,
        "rang_Tq_MTN": 1,
        "rang_Tq_MOOV": 3
      },
      "id": 57
    },
    {
      "type": "Feature",
      "geometry": {
        "coordinates": [
          -4.61251,
          9.16113
        ],
        "type": "Point"
      },
      "properties": {
        "ADM0_FR": "SAVANES",
        "ADM0_PCODE": "CI11",
        "ADM1_FR": "TCHOLOGO",
        "ADM1_PCODE": "CI131",
        "ADM2_FR": "KONG",
        "ADM2_PCODE": "CI3102",
        "ADM3_FR": "KONG",
        "ADM3_PCODE": "CI310201",
        "ADM4_FR": "KONG",
        "ADM4_PCODE": "C4324",
        "centerLat": 9.15113,
        "centerLng": -4.61251,
        "pop": 11774,
        "Te_MOOV": 0.0,
        "Tbd_MOOV": 99.33,
        "Tc_MOOV": 0.0,
        "Tq_MOOV": 0.0,
        "Te_MTN": 0.8999999999999999,
        "Tbd_MTN": 99.55000000000001,
        "Tc_MTN": 0.0,
        "Tq_MTN": 0.0,
        "Te_ORANGE": 0.0,
        "Tbd_ORANGE": 100.0,
        "Tc_ORANGE": 0.0,
        "Tq_ORANGE": 0.0,
        "rang_Te_ORANGE": 1,
        "rang_Te_MTN": 3,
        "rang_Te_MOOV": 1,
        "rang_Tc_ORANGE": 1,
        "rang_Tc_MTN": 1,
        "rang_Tc_MOOV": 1,
        "rang_Tbd_ORANGE": 1,
        "rang_Tbd_MTN": 2,
        "rang_Tbd_MOOV": 3,
        "rang_Tq_ORANGE": 1,
        "rang_Tq_MTN": 1,
        "rang_Tq_MOOV": 1
      },
      "id": 58
    },
    {
      "type": "Feature",
      "geometry": {
        "coordinates": [
          -7.46,
          8.56
        ],
        "type": "Point"
      },
      "properties": {
        "ADM0_FR": "ZANZAN",
        "ADM0_PCODE": "CI14",
        "ADM1_FR": "BOUNKANI",
        "ADM1_PCODE": "CI108",
        "ADM2_FR": "DOROPO",
        "ADM2_PCODE": "CI0802",
        "ADM3_FR": "NIAMOUE",
        "ADM3_PCODE": "CI080204",
        "ADM4_FR": "KORO",
        "ADM4_PCODE": "C4420",
        "centerLat": 8.55,
        "centerLng": -7.46,
        "pop": 257,
        "Te_MOOV": 0.0,
        "Tbd_MOOV": 98.02,
        "Tc_MOOV": 0.0,
        "Tq_MOOV": 0.0,
        "Te_MTN": 0.0,
        "Tbd_MTN": 100.0,
        "Tc_MTN": 0.0,
        "Tq_MTN": 0.9900000000000001,
        "Te_ORANGE": 0.0,
        "Tbd_ORANGE": 100.0,
        "Tc_ORANGE": 0.0,
        "Tq_ORANGE": 0.0,
        "rang_Te_ORANGE": 1,
        "rang_Te_MTN": 1,
        "rang_Te_MOOV": 1,
        "rang_Tc_ORANGE": 1,
        "rang_Tc_MTN": 1,
        "rang_Tc_MOOV": 1,
        "rang_Tbd_ORANGE": 1,
        "rang_Tbd_MTN": 1,
        "rang_Tbd_MOOV": 3,
        "rang_Tq_ORANGE": 1,
        "rang_Tq_MTN": 3,
        "rang_Tq_MOOV": 1
      },
      "id": 59
    },
    {
      "type": "Feature",
      "geometry": {
        "coordinates": [
          -3.25314,
          7.49698
        ],
        "type": "Point"
      },
      "properties": {
        "ADM0_FR": "ZANZAN",
        "ADM0_PCODE": "CI14",
        "ADM1_FR": "GONTOUGO",
        "ADM1_PCODE": "CI114",
        "ADM2_FR": "KOUN-FAO",
        "ADM2_PCODE": "CI1402",
        "ADM3_FR": "KOUN-FAO",
        "ADM3_PCODE": "CI140201",
        "ADM4_FR": "KOUN-FAO",
        "ADM4_PCODE": "C4714",
        "centerLat": 7.48698,
        "centerLng": -3.25314,
        "pop": 5488,
        "Te_MOOV": 0.0,
        "Tbd_MOOV": 100.0,
        "Tc_MOOV": 0.0,
        "Tq_MOOV": 0.0,
        "Te_MTN": 0.0,
        "Tbd_MTN": 98.98,
        "Tc_MTN": 0.0,
        "Tq_MTN": 0.0,
        "Te_ORANGE": 0.0,
        "Tbd_ORANGE": 100.0,
        "Tc_ORANGE": 0.0,
        "Tq_ORANGE": 0.0,
        "rang_Te_ORANGE": 1,
        "rang_Te_MTN": 1,
        "rang_Te_MOOV": 1,
        "rang_Tc_ORANGE": 1,
        "rang_Tc_MTN": 1,
        "rang_Tc_MOOV": 1,
        "rang_Tbd_ORANGE": 1,
        "rang_Tbd_MTN": 3,
        "rang_Tbd_MOOV": 1,
        "rang_Tq_ORANGE": 1,
        "rang_Tq_MTN": 1,
        "rang_Tq_MOOV": 1
      },
      "id": 60
    },
    {
      "type": "Feature",
      "geometry": {
        "coordinates": [
          -6.41316,
          9.90214
        ],
        "type": "Point"
      },
      "properties": {
        "ADM0_FR": "SAVANES",
        "ADM0_PCODE": "CI11",
        "ADM1_FR": "BAGOUE",
        "ADM1_PCODE": "CI105",
        "ADM2_FR": "KOUTO",
        "ADM2_PCODE": "CI0502",
        "ADM3_FR": "KOUTO",
        "ADM3_PCODE": "CI050201",
        "ADM4_FR": "KOUTO",
        "ADM4_PCODE": "C4751",
        "centerLat": 9.89214,
        "centerLng": -6.41316,
        "pop": 10989,
        "Te_MOOV": 0.0,
        "Tbd_MOOV": 86.86,
        "Tc_MOOV": 5.04,
        "Tq_MOOV": 3.08,
        "Te_MTN": 0.0,
        "Tbd_MTN": 98.57000000000001,
        "Tc_MTN": 0.0,
        "Tq_MTN": 0.0,
        "Te_ORANGE": 0.0,
        "Tbd_ORANGE": 99.28,
        "Tc_ORANGE": 0.0,
        "Tq_ORANGE": 1.4500000000000002,
        "rang_Te_ORANGE": 1,
        "rang_Te_MTN": 1,
        "rang_Te_MOOV": 1,
        "rang_Tc_ORANGE": 1,
        "rang_Tc_MTN": 1,
        "rang_Tc_MOOV": 3,
        "rang_Tbd_ORANGE": 1,
        "rang_Tbd_MTN": 2,
        "rang_Tbd_MOOV": 3,
        "rang_Tq_ORANGE": 2,
        "rang_Tq_MTN": 1,
        "rang_Tq_MOOV": 3
      },
      "id": 61
    },
    {
      "type": "Feature",
      "geometry": {
        "coordinates": [
          -2.96,
          8.299999999999999
        ],
        "type": "Point"
      },
      "properties": {
        "ADM0_FR": "ZANZAN",
        "ADM0_PCODE": "CI14",
        "ADM1_FR": "GONTOUGO",
        "ADM1_PCODE": "CI114",
        "ADM2_FR": "BONDOUKOU",
        "ADM2_PCODE": "CI1401",
        "ADM3_FR": "LAOUDI-BA",
        "ADM3_PCODE": "CI140105",
        "ADM4_FR": "LAOUDI-BA",
        "ADM4_PCODE": "C5014",
        "centerLat": 8.29,
        "centerLng": -2.96,
        "pop": 8625,
        "Te_MOOV": 0.0,
        "Tbd_MOOV": 97.98,
        "Tc_MOOV": 0.9900000000000001,
        "Tq_MOOV": 0.0,
        "Te_MTN": 0.0,
        "Tbd_MTN": 100.0,
        "Tc_MTN": 0.0,
        "Tq_MTN": 0.0,
        "Te_ORANGE": 6.12,
        "Tbd_ORANGE": 100.0,
        "Tc_ORANGE": 0.0,
        "Tq_ORANGE": 0.0,
        "rang_Te_ORANGE": 3,
        "rang_Te_MTN": 1,
        "rang_Te_MOOV": 1,
        "rang_Tc_ORANGE": 1,
        "rang_Tc_MTN": 1,
        "rang_Tc_MOOV": 3,
        "rang_Tbd_ORANGE": 1,
        "rang_Tbd_MTN": 1,
        "rang_Tbd_MOOV": 3,
        "rang_Tq_ORANGE": 1,
        "rang_Tq_MTN": 1,
        "rang_Tq_MOOV": 1
      },
      "id": 62
    },
    {
      "type": "Feature",
      "geometry": {
        "coordinates": [
          -5.26549,
          6.96905
        ],
        "type": "Point"
      },
      "properties": {
        "ADM0_FR": "DISTRICT AUTONOME DE YAMOUSSOUKRO",
        "ADM0_PCODE": "CI05",
        "ADM1_FR": "DISTRICT AUTONOME DE YAMOUSSOUKRO",
        "ADM1_PCODE": "CI102",
        "ADM2_FR": "ATTIEGOUAKRO",
        "ADM2_PCODE": "CI0201",
        "ADM3_FR": "LOLOBO",
        "ADM3_PCODE": "CI020102",
        "ADM4_FR": "LOLOBO",
        "ADM4_PCODE": "C5168",
        "centerLat": 6.95905,
        "centerLng": -5.26549,
        "pop": 4136,
        "Te_MOOV": 0.0,
        "Tbd_MOOV": 98.96000000000001,
        "Tc_MOOV": 0.0,
        "Tq_MOOV": 0.0,
        "Te_MTN": 0.0,
        "Tbd_MTN": 100.0,
        "Tc_MTN": 0.0,
        "Tq_MTN": 0.0,
        "Te_ORANGE": 32.53,
        "Tbd_ORANGE": 98.21,
        "Tc_ORANGE": 0.0,
        "Tq_ORANGE": 0.0,
        "rang_Te_ORANGE": 3,
        "rang_Te_MTN": 1,
        "rang_Te_MOOV": 1,
        "rang_Tc_ORANGE": 1,
        "rang_Tc_MTN": 1,
        "rang_Tc_MOOV": 1,
        "rang_Tbd_ORANGE": 3,
        "rang_Tbd_MTN": 1,
        "rang_Tbd_MOOV": 2,
        "rang_Tq_ORANGE": 1,
        "rang_Tq_MTN": 1,
        "rang_Tq_MOOV": 1
      },
      "id": 63
    },
    {
      "type": "Feature",
      "geometry": {
        "coordinates": [
          -6.41972,
          5.69286
        ],
        "type": "Point"
      },
      "properties": {
        "ADM0_FR": "BAS-SASSANDRA",
        "ADM0_PCODE": "CI01",
        "ADM1_FR": "NAWA",
        "ADM1_PCODE": "CI126",
        "ADM2_FR": "SOUBRE",
        "ADM2_PCODE": "CI2604",
        "ADM3_FR": "OKROUYO",
        "ADM3_PCODE": "CI260405",
        "ADM4_FR": "MABÉHIRI 1",
        "ADM4_PCODE": "C5236",
        "centerLat": 5.68286,
        "centerLng": -6.41972,
        "pop": 17909,
        "Te_MOOV": 0.9900000000000001,
        "Tbd_MOOV": 93.0,
        "Tc_MOOV": 0.0,
        "Tq_MOOV": 0.0,
        "Te_MTN": 2.97,
        "Tbd_MTN": 98.98,
        "Tc_MTN": 0.0,
        "Tq_MTN": 0.0,
        "Te_ORANGE": 17.39,
        "Tbd_ORANGE": 100.0,
        "Tc_ORANGE": 0.0,
        "Tq_ORANGE": 0.0,
        "rang_Te_ORANGE": 3,
        "rang_Te_MTN": 2,
        "rang_Te_MOOV": 1,
        "rang_Tc_ORANGE": 1,
        "rang_Tc_MTN": 1,
        "rang_Tc_MOOV": 1,
        "rang_Tbd_ORANGE": 1,
        "rang_Tbd_MTN": 2,
        "rang_Tbd_MOOV": 3,
        "rang_Tq_ORANGE": 1,
        "rang_Tq_MTN": 1,
        "rang_Tq_MOOV": 1
      },
      "id": 64
    },
    {
      "type": "Feature",
      "geometry": {
        "coordinates": [
          -6.94096,
          9.621599999999999
        ],
        "type": "Point"
      },
      "properties": {
        "ADM0_FR": "DENGUELE",
        "ADM0_PCODE": "CI03",
        "ADM1_FR": "KABADOUGOU",
        "ADM1_PCODE": "CI121",
        "ADM2_FR": "MADINANI",
        "ADM2_PCODE": "CI2102",
        "ADM3_FR": "MADINANI",
        "ADM3_PCODE": "CI210201",
        "ADM4_FR": "MADINANI",
        "ADM4_PCODE": "C5251",
        "centerLat": 9.6116,
        "centerLng": -6.94096,
        "pop": 6710,
        "Te_MOOV": 0.0,
        "Tbd_MOOV": 99.33,
        "Tc_MOOV": 0.67,
        "Tq_MOOV": 0.0,
        "Te_MTN": 0.0,
        "Tbd_MTN": 98.66,
        "Tc_MTN": 0.0,
        "Tq_MTN": 0.0,
        "Te_ORANGE": 0.0,
        "Tbd_ORANGE": 100.0,
        "Tc_ORANGE": 0.0,
        "Tq_ORANGE": 0.0,
        "rang_Te_ORANGE": 1,
        "rang_Te_MTN": 1,
        "rang_Te_MOOV": 1,
        "rang_Tc_ORANGE": 1,
        "rang_Tc_MTN": 1,
        "rang_Tc_MOOV": 3,
        "rang_Tbd_ORANGE": 1,
        "rang_Tbd_MTN": 3,
        "rang_Tbd_MOOV": 2,
        "rang_Tq_ORANGE": 1,
        "rang_Tq_MTN": 1,
        "rang_Tq_MOOV": 1
      },
      "id": 65
    },
    {
      "type": "Feature",
      "geometry": {
        "coordinates": [
          -7.55442,
          7.41545
        ],
        "type": "Point"
      },
      "properties": {
        "ADM0_FR": "MONTAGNES",
        "ADM0_PCODE": "CI09",
        "ADM1_FR": "TONKPI",
        "ADM1_PCODE": "CI132",
        "ADM2_FR": "MAN",
        "ADM2_PCODE": "CI3203",
        "ADM3_FR": "MAN",
        "ADM3_PCODE": "CI320301",
        "ADM4_FR": "MAN",
        "ADM4_PCODE": "C5323",
        "centerLat": 7.40545,
        "centerLng": -7.55442,
        "pop": 149041,
        "Te_MOOV": 1.76,
        "Tbd_MOOV": 88.34,
        "Tc_MOOV": 4.6,
        "Tq_MOOV": 3.8600000000000003,
        "Te_MTN": 0.98,
        "Tbd_MTN": 99.5,
        "Tc_MTN": 1.24,
        "Tq_MTN": 0.26,
        "Te_ORANGE": 0.25,
        "Tbd_ORANGE": 99.5,
        "Tc_ORANGE": 0.25,
        "Tq_ORANGE": 0.75,
        "rang_Te_ORANGE": 1,
        "rang_Te_MTN": 2,
        "rang_Te_MOOV": 3,
        "rang_Tc_ORANGE": 1,
        "rang_Tc_MTN": 2,
        "rang_Tc_MOOV": 3,
        "rang_Tbd_ORANGE": 1,
        "rang_Tbd_MTN": 1,
        "rang_Tbd_MOOV": 3,
        "rang_Tq_ORANGE": 2,
        "rang_Tq_MTN": 1,
        "rang_Tq_MOOV": 3
      },
      "id": 66
    },
    {
      "type": "Feature",
      "geometry": {
        "coordinates": [
          -6.61661,
          8.67693
        ],
        "type": "Point"
      },
      "properties": {
        "ADM0_FR": "WOROBA",
        "ADM0_PCODE": "CI13",
        "ADM1_FR": "WORODOUGOU",
        "ADM1_PCODE": "CI133",
        "ADM2_FR": "KANI",
        "ADM2_PCODE": "CI3301",
        "ADM3_FR": "KANI",
        "ADM3_PCODE": "CI330101",
        "ADM4_FR": "MANABRI",
        "ADM4_PCODE": "C5326",
        "centerLat": 8.66693,
        "centerLng": -6.61661,
        "pop": 2611,
        "Te_MOOV": 2.06,
        "Tbd_MOOV": 94.57,
        "Tc_MOOV": 1.05,
        "Tq_MOOV": 2.25,
        "Te_MTN": 15.459999999999999,
        "Tbd_MTN": 98.78,
        "Tc_MTN": 0.0,
        "Tq_MTN": 2.44,
        "Te_ORANGE": 0.98,
        "Tbd_ORANGE": 99.00999999999999,
        "Tc_ORANGE": 0.9900000000000001,
        "Tq_ORANGE": 0.0,
        "rang_Te_ORANGE": 1,
        "rang_Te_MTN": 3,
        "rang_Te_MOOV": 2,
        "rang_Tc_ORANGE": 2,
        "rang_Tc_MTN": 1,
        "rang_Tc_MOOV": 3,
        "rang_Tbd_ORANGE": 1,
        "rang_Tbd_MTN": 2,
        "rang_Tbd_MOOV": 3,
        "rang_Tq_ORANGE": 1,
        "rang_Tq_MTN": 3,
        "rang_Tq_MOOV": 2
      },
      "id": 67
    },
    {
      "type": "Feature",
      "geometry": {
        "coordinates": [
          -6.64906,
          6.9424399999999995
        ],
        "type": "Point"
      },
      "properties": {
        "ADM0_FR": "WOROBA",
        "ADM0_PCODE": "CI13",
        "ADM1_FR": "WORODOUGOU",
        "ADM1_PCODE": "CI133",
        "ADM2_FR": "SEGUELA",
        "ADM2_PCODE": "CI3302",
        "ADM3_FR": "WOROFLA",
        "ADM3_PCODE": "CI330207",
        "ADM4_FR": "MANKONO",
        "ADM4_PCODE": "C5355",
        "centerLat": 6.93244,
        "centerLng": -6.64906,
        "pop": 1576,
        "Te_MOOV": 1.95,
        "Tbd_MOOV": 93.38,
        "Tc_MOOV": 1.32,
        "Tq_MOOV": 2.68,
        "Te_MTN": 8.39,
        "Tbd_MTN": 97.67,
        "Tc_MTN": 1.53,
        "Tq_MTN": 0.0,
        "Te_ORANGE": 0.0,
        "Tbd_ORANGE": 100.0,
        "Tc_ORANGE": 0.67,
        "Tq_ORANGE": 0.0,
        "rang_Te_ORANGE": 1,
        "rang_Te_MTN": 3,
        "rang_Te_MOOV": 2,
        "rang_Tc_ORANGE": 1,
        "rang_Tc_MTN": 3,
        "rang_Tc_MOOV": 2,
        "rang_Tbd_ORANGE": 1,
        "rang_Tbd_MTN": 2,
        "rang_Tbd_MOOV": 3,
        "rang_Tq_ORANGE": 1,
        "rang_Tq_MTN": 1,
        "rang_Tq_MOOV": 3
      },
      "id": 68
    },
    {
      "type": "Feature",
      "geometry": {
        "coordinates": [
          -4.34,
          7.47
        ],
        "type": "Point"
      },
      "properties": {
        "ADM0_FR": "LACS",
        "ADM0_PCODE": "CI07",
        "ADM1_FR": "IFFOU",
        "ADM1_PCODE": "CI119",
        "ADM2_FR": "M'BAHIAKRO",
        "ADM2_PCODE": "CI1902",
        "ADM3_FR": "M'BAHIAKRO",
        "ADM3_PCODE": "CI190201",
        "ADM4_FR": "M'BAHIAKRO",
        "ADM4_PCODE": "C5412",
        "centerLat": 7.46,
        "centerLng": -4.34,
        "pop": 14894,
        "Te_MOOV": 0.0,
        "Tbd_MOOV": 99.5,
        "Tc_MOOV": 0.0,
        "Tq_MOOV": 0.0,
        "Te_MTN": 9.229999999999999,
        "Tbd_MTN": 92.05,
        "Tc_MTN": 1.13,
        "Tq_MTN": 6.94,
        "Te_ORANGE": 0.0,
        "Tbd_ORANGE": 99.5,
        "Tc_ORANGE": 0.0,
        "Tq_ORANGE": 0.0,
        "rang_Te_ORANGE": 1,
        "rang_Te_MTN": 3,
        "rang_Te_MOOV": 1,
        "rang_Tc_ORANGE": 1,
        "rang_Tc_MTN": 3,
        "rang_Tc_MOOV": 1,
        "rang_Tbd_ORANGE": 1,
        "rang_Tbd_MTN": 3,
        "rang_Tbd_MOOV": 1,
        "rang_Tq_ORANGE": 1,
        "rang_Tq_MTN": 3,
        "rang_Tq_MOOV": 1
      },
      "id": 69
    },
    {
      "type": "Feature",
      "geometry": {
        "coordinates": [
          -5.23186,
          8.7862
        ],
        "type": "Point"
      },
      "properties": {
        "ADM0_FR": "VALLEE DU BANDAMA",
        "ADM0_PCODE": "CI12",
        "ADM1_FR": "HAMBOL",
        "ADM1_PCODE": "CI117",
        "ADM2_FR": "NIAKARAMADOUGOU",
        "ADM2_PCODE": "CI1703",
        "ADM3_FR": "ARIKOKAHA",
        "ADM3_PCODE": "CI170302",
        "ADM4_FR": "NANGONIEKAHA",
        "ADM4_PCODE": "C5751",
        "centerLat": 8.7762,
        "centerLng": -5.23186,
        "pop": 3099,
        "Te_MOOV": 1.94,
        "Tbd_MOOV": 100.0,
        "Tc_MOOV": 0.9900000000000001,
        "Tq_MOOV": 1.0,
        "Te_MTN": 0.0,
        "Tbd_MTN": 98.0,
        "Tc_MTN": 0.0,
        "Tq_MTN": 0.0,
        "Te_ORANGE": 3.0300000000000002,
        "Tbd_ORANGE": 100.0,
        "Tc_ORANGE": 0.0,
        "Tq_ORANGE": 0.0,
        "rang_Te_ORANGE": 3,
        "rang_Te_MTN": 1,
        "rang_Te_MOOV": 2,
        "rang_Tc_ORANGE": 1,
        "rang_Tc_MTN": 1,
        "rang_Tc_MOOV": 3,
        "rang_Tbd_ORANGE": 1,
        "rang_Tbd_MTN": 3,
        "rang_Tbd_MOOV": 1,
        "rang_Tq_ORANGE": 1,
        "rang_Tq_MTN": 1,
        "rang_Tq_MOOV": 3
      },
      "id": 70
    },
    {
      "type": "Feature",
      "geometry": {
        "coordinates": [
          -4.48,
          9.41
        ],
        "type": "Point"
      },
      "properties": {
        "ADM0_FR": "SAVANES",
        "ADM0_PCODE": "CI11",
        "ADM1_FR": "TCHOLOGO",
        "ADM1_PCODE": "CI131",
        "ADM2_FR": "KONG",
        "ADM2_PCODE": "CI3102",
        "ADM3_FR": "SIKOLO",
        "ADM3_PCODE": "CI310204",
        "ADM4_FR": "NASSIAN",
        "ADM4_PCODE": "C5771",
        "centerLat": 9.4,
        "centerLng": -4.48,
        "pop": 1161,
        "Te_MOOV": 0.0,
        "Tbd_MOOV": 97.03,
        "Tc_MOOV": 0.0,
        "Tq_MOOV": 0.0,
        "Te_MTN": 3.9600000000000004,
        "Tbd_MTN": 97.92,
        "Tc_MTN": 0.0,
        "Tq_MTN": 0.0,
        "Te_ORANGE": 0.0,
        "Tbd_ORANGE": 100.0,
        "Tc_ORANGE": 0.0,
        "Tq_ORANGE": 0.0,
        "rang_Te_ORANGE": 1,
        "rang_Te_MTN": 3,
        "rang_Te_MOOV": 1,
        "rang_Tc_ORANGE": 1,
        "rang_Tc_MTN": 1,
        "rang_Tc_MOOV": 1,
        "rang_Tbd_ORANGE": 1,
        "rang_Tbd_MTN": 2,
        "rang_Tbd_MOOV": 3,
        "rang_Tq_ORANGE": 1,
        "rang_Tq_MTN": 1,
        "rang_Tq_MOOV": 1
      },
      "id": 71
    },
    {
      "type": "Feature",
      "geometry": {
        "coordinates": [
          -5.29,
          8.67
        ],
        "type": "Point"
      },
      "properties": {
        "ADM0_FR": "VALLEE DU BANDAMA",
        "ADM0_PCODE": "CI12",
        "ADM1_FR": "HAMBOL",
        "ADM1_PCODE": "CI117",
        "ADM2_FR": "NIAKARAMADOUGOU",
        "ADM2_PCODE": "CI1703",
        "ADM3_FR": "NIAKARAMADOUGOU",
        "ADM3_PCODE": "CI170301",
        "ADM4_FR": "NIAKARAMADOUGOU",
        "ADM4_PCODE": "C5977",
        "centerLat": 8.66,
        "centerLng": -5.29,
        "pop": 16812,
        "Te_MOOV": 0.67,
        "Tbd_MOOV": 99.33,
        "Tc_MOOV": 0.0,
        "Tq_MOOV": 0.0,
        "Te_MTN": 7.55,
        "Tbd_MTN": 29.93,
        "Tc_MTN": 0.0,
        "Tq_MTN": 11.89,
        "Te_ORANGE": 0.0,
        "Tbd_ORANGE": 99.32,
        "Tc_ORANGE": 1.3599999999999999,
        "Tq_ORANGE": 0.0,
        "rang_Te_ORANGE": 1,
        "rang_Te_MTN": 3,
        "rang_Te_MOOV": 2,
        "rang_Tc_ORANGE": 3,
        "rang_Tc_MTN": 1,
        "rang_Tc_MOOV": 1,
        "rang_Tbd_ORANGE": 2,
        "rang_Tbd_MTN": 3,
        "rang_Tbd_MOOV": 1,
        "rang_Tq_ORANGE": 1,
        "rang_Tq_MTN": 3,
        "rang_Tq_MOOV": 1
      },
      "id": 72
    },
    {
      "type": "Feature",
      "geometry": {
        "coordinates": [
          -5.68071,
          5.36371
        ],
        "type": "Point"
      },
      "properties": {
        "ADM0_FR": "BAS-SASSANDRA",
        "ADM0_PCODE": "CI01",
        "ADM1_FR": "GBOKLE",
        "ADM1_PCODE": "CI112",
        "ADM2_FR": "FRESCO",
        "ADM2_PCODE": "CI1201",
        "ADM3_FR": "DAHIRI",
        "ADM3_PCODE": "CI120101",
        "ADM4_FR": "OKROMODOU",
        "ADM4_PCODE": "C6234",
        "centerLat": 5.35371,
        "centerLng": -5.68071,
        "pop": 13054,
        "Te_MOOV": 0.0,
        "Tbd_MOOV": 100.0,
        "Tc_MOOV": 0.0,
        "Tq_MOOV": 0.0,
        "Te_MTN": 0.0,
        "Tbd_MTN": 98.0,
        "Tc_MTN": 0.0,
        "Tq_MTN": 0.0,
        "Te_ORANGE": 0.0,
        "Tbd_ORANGE": 100.0,
        "Tc_ORANGE": 0.0,
        "Tq_ORANGE": 0.0,
        "rang_Te_ORANGE": 1,
        "rang_Te_MTN": 1,
        "rang_Te_MOOV": 1,
        "rang_Tc_ORANGE": 1,
        "rang_Tc_MTN": 1,
        "rang_Tc_MOOV": 1,
        "rang_Tbd_ORANGE": 1,
        "rang_Tbd_MTN": 3,
        "rang_Tbd_MOOV": 1,
        "rang_Tq_ORANGE": 1,
        "rang_Tq_MTN": 1,
        "rang_Tq_MOOV": 1
      },
      "id": 73
    },
    {
      "type": "Feature",
      "geometry": {
        "coordinates": [
          -5.15419,
          9.97711
        ],
        "type": "Point"
      },
      "properties": {
        "ADM0_FR": "SAVANES",
        "ADM0_PCODE": "CI11",
        "ADM1_FR": "TCHOLOGO",
        "ADM1_PCODE": "CI131",
        "ADM2_FR": "OUANGOLODOUGOU",
        "ADM2_PCODE": "CI3103",
        "ADM3_FR": "OUANGOLODOUGOU",
        "ADM3_PCODE": "CI310301",
        "ADM4_FR": "OUANGOLODOUGOU",
        "ADM4_PCODE": "C6291",
        "centerLat": 9.96711,
        "centerLng": -5.15419,
        "pop": 37991,
        "Te_MOOV": 0.0,
        "Tbd_MOOV": 96.0,
        "Tc_MOOV": 0.0,
        "Tq_MOOV": 0.66,
        "Te_MTN": 1.3,
        "Tbd_MTN": 97.37,
        "Tc_MTN": 0.0,
        "Tq_MTN": 0.0,
        "Te_ORANGE": 0.66,
        "Tbd_ORANGE": 100.0,
        "Tc_ORANGE": 0.0,
        "Tq_ORANGE": 0.0,
        "rang_Te_ORANGE": 2,
        "rang_Te_MTN": 3,
        "rang_Te_MOOV": 1,
        "rang_Tc_ORANGE": 1,
        "rang_Tc_MTN": 1,
        "rang_Tc_MOOV": 1,
        "rang_Tbd_ORANGE": 1,
        "rang_Tbd_MTN": 2,
        "rang_Tbd_MOOV": 3,
        "rang_Tq_ORANGE": 1,
        "rang_Tq_MTN": 1,
        "rang_Tq_MOOV": 3
      },
      "id": 74
    },
    {
      "type": "Feature",
      "geometry": {
        "coordinates": [
          -5.41528,
          6.3934999999999995
        ],
        "type": "Point"
      },
      "properties": {
        "ADM0_FR": "GOH-DJIBOUA",
        "ADM0_PCODE": "CI06",
        "ADM1_FR": "GOH",
        "ADM1_PCODE": "CI113",
        "ADM2_FR": "OUME",
        "ADM2_PCODE": "CI1302",
        "ADM3_FR": "OUME",
        "ADM3_PCODE": "CI130201",
        "ADM4_FR": "OUMÉ",
        "ADM4_PCODE": "C6363",
        "centerLat": 6.3835,
        "centerLng": -5.41528,
        "pop": 45210,
        "Te_MOOV": 6.950000000000001,
        "Tbd_MOOV": 88.3,
        "Tc_MOOV": 6.9,
        "Tq_MOOV": 15.190000000000001,
        "Te_MTN": 0.48,
        "Tbd_MTN": 98.55000000000001,
        "Tc_MTN": 0.0,
        "Tq_MTN": 0.0,
        "Te_ORANGE": 0.5,
        "Tbd_ORANGE": 100.0,
        "Tc_ORANGE": 0.0,
        "Tq_ORANGE": 1.49,
        "rang_Te_ORANGE": 2,
        "rang_Te_MTN": 1,
        "rang_Te_MOOV": 3,
        "rang_Tc_ORANGE": 1,
        "rang_Tc_MTN": 1,
        "rang_Tc_MOOV": 3,
        "rang_Tbd_ORANGE": 1,
        "rang_Tbd_MTN": 2,
        "rang_Tbd_MOOV": 3,
        "rang_Tq_ORANGE": 2,
        "rang_Tq_MTN": 1,
        "rang_Tq_MOOV": 3
      },
      "id": 75
    },
    {
      "type": "Feature",
      "geometry": {
        "coordinates": [
          -6.09211,
          4.96198
        ],
        "type": "Point"
      },
      "properties": {
        "ADM0_FR": "BAS-SASSANDRA",
        "ADM0_PCODE": "CI01",
        "ADM1_FR": "GBOKLE",
        "ADM1_PCODE": "CI112",
        "ADM2_FR": "SASSANDRA",
        "ADM2_PCODE": "CI1202",
        "ADM3_FR": "SASSANDRA",
        "ADM3_PCODE": "CI120201",
        "ADM4_FR": "SASSANDRA",
        "ADM4_PCODE": "C6835",
        "centerLat": 4.95198,
        "centerLng": -6.09211,
        "pop": 26608,
        "Te_MOOV": 1.2,
        "Tbd_MOOV": 97.57000000000001,
        "Tc_MOOV": 0.0,
        "Tq_MOOV": 0.0,
        "Te_MTN": 0.0,
        "Tbd_MTN": 100.0,
        "Tc_MTN": 0.0,
        "Tq_MTN": 0.0,
        "Te_ORANGE": 0.0,
        "Tbd_ORANGE": 100.0,
        "Tc_ORANGE": 0.38,
        "Tq_ORANGE": 0.0,
        "rang_Te_ORANGE": 1,
        "rang_Te_MTN": 1,
        "rang_Te_MOOV": 3,
        "rang_Tc_ORANGE": 3,
        "rang_Tc_MTN": 1,
        "rang_Tc_MOOV": 1,
        "rang_Tbd_ORANGE": 1,
        "rang_Tbd_MTN": 1,
        "rang_Tbd_MOOV": 3,
        "rang_Tq_ORANGE": 1,
        "rang_Tq_MTN": 1,
        "rang_Tq_MOOV": 1
      },
      "id": 76
    },
    {
      "type": "Feature",
      "geometry": {
        "coordinates": [
          -6.67313,
          7.97253
        ],
        "type": "Point"
      },
      "properties": {
        "ADM0_FR": "WOROBA",
        "ADM0_PCODE": "CI13",
        "ADM1_FR": "WORODOUGOU",
        "ADM1_PCODE": "CI133",
        "ADM2_FR": "SEGUELA",
        "ADM2_PCODE": "CI3302",
        "ADM3_FR": "SEGUELA",
        "ADM3_PCODE": "CI330201",
        "ADM4_FR": "SÉGUÉLA",
        "ADM4_PCODE": "C6882",
        "centerLat": 7.96253,
        "centerLng": -6.67313,
        "pop": 46189,
        "Te_MOOV": 4.760000000000001,
        "Tbd_MOOV": 71.74000000000001,
        "Tc_MOOV": 0.0,
        "Tq_MOOV": 16.91,
        "Te_MTN": 1.13,
        "Tbd_MTN": 94.86,
        "Tc_MTN": 0.5700000000000001,
        "Tq_MTN": 0.0,
        "Te_ORANGE": 0.5,
        "Tbd_ORANGE": 99.0,
        "Tc_ORANGE": 0.0,
        "Tq_ORANGE": 0.0,
        "rang_Te_ORANGE": 1,
        "rang_Te_MTN": 2,
        "rang_Te_MOOV": 3,
        "rang_Tc_ORANGE": 1,
        "rang_Tc_MTN": 3,
        "rang_Tc_MOOV": 1,
        "rang_Tbd_ORANGE": 1,
        "rang_Tbd_MTN": 2,
        "rang_Tbd_MOOV": 3,
        "rang_Tq_ORANGE": 1,
        "rang_Tq_MTN": 1,
        "rang_Tq_MOOV": 3
      },
      "id": 77
    },
    {
      "type": "Feature",
      "geometry": {
        "coordinates": [
          -5.38559,
          9.59325
        ],
        "type": "Point"
      },
      "properties": {
        "ADM0_FR": "SAVANES",
        "ADM0_PCODE": "CI11",
        "ADM1_FR": "PORO",
        "ADM1_PCODE": "CI128",
        "ADM2_FR": "SINEMATIALI",
        "ADM2_PCODE": "CI2804",
        "ADM3_FR": "SINEMATIALI",
        "ADM3_PCODE": "CI280401",
        "ADM4_FR": "SINEMATIALI",
        "ADM4_PCODE": "C7043",
        "centerLat": 9.58325,
        "centerLng": -5.38559,
        "pop": 10167,
        "Te_MOOV": 0.73,
        "Tbd_MOOV": 100.0,
        "Tc_MOOV": 11.76,
        "Tq_MOOV": 10.83,
        "Te_MTN": 0.0,
        "Tbd_MTN": 98.54,
        "Tc_MTN": 0.0,
        "Tq_MTN": 0.0,
        "Te_ORANGE": 1.49,
        "Tbd_ORANGE": 98.48,
        "Tc_ORANGE": 0.0,
        "Tq_ORANGE": 0.0,
        "rang_Te_ORANGE": 3,
        "rang_Te_MTN": 1,
        "rang_Te_MOOV": 2,
        "rang_Tc_ORANGE": 1,
        "rang_Tc_MTN": 1,
        "rang_Tc_MOOV": 3,
        "rang_Tbd_ORANGE": 3,
        "rang_Tbd_MTN": 2,
        "rang_Tbd_MOOV": 1,
        "rang_Tq_ORANGE": 1,
        "rang_Tq_MTN": 1,
        "rang_Tq_MOOV": 3
      },
      "id": 78
    },
    {
      "type": "Feature",
      "geometry": {
        "coordinates": [
          -5.16212,
          9.08022
        ],
        "type": "Point"
      },
      "properties": {
        "ADM0_FR": "VALLEE DU BANDAMA",
        "ADM0_PCODE": "CI12",
        "ADM1_FR": "HAMBOL",
        "ADM1_PCODE": "CI117",
        "ADM2_FR": "NIAKARAMADOUGOU",
        "ADM2_PCODE": "CI1703",
        "ADM3_FR": "TAFIRE",
        "ADM3_PCODE": "CI170305",
        "ADM4_FR": "TAFIRE",
        "ADM4_PCODE": "C7314",
        "centerLat": 9.07022,
        "centerLng": -5.16212,
        "pop": 17191,
        "Te_MOOV": 0.0,
        "Tbd_MOOV": 100.0,
        "Tc_MOOV": 0.0,
        "Tq_MOOV": 0.0,
        "Te_MTN": 0.0,
        "Tbd_MTN": 98.66,
        "Tc_MTN": 0.0,
        "Tq_MTN": 0.0,
        "Te_ORANGE": 0.0,
        "Tbd_ORANGE": 100.0,
        "Tc_ORANGE": 0.0,
        "Tq_ORANGE": 0.0,
        "rang_Te_ORANGE": 1,
        "rang_Te_MTN": 1,
        "rang_Te_MOOV": 1,
        "rang_Tc_ORANGE": 1,
        "rang_Tc_MTN": 1,
        "rang_Tc_MOOV": 1,
        "rang_Tbd_ORANGE": 1,
        "rang_Tbd_MTN": 3,
        "rang_Tbd_MOOV": 1,
        "rang_Tq_ORANGE": 1,
        "rang_Tq_MTN": 1,
        "rang_Tq_MOOV": 1
      },
      "id": 79
    },
    {
      "type": "Feature",
      "geometry": {
        "coordinates": [
          -3.16789,
          7.81253
        ],
        "type": "Point"
      },
      "properties": {
        "ADM0_FR": "ZANZAN",
        "ADM0_PCODE": "CI14",
        "ADM1_FR": "GONTOUGO",
        "ADM1_PCODE": "CI114",
        "ADM2_FR": "TANDA",
        "ADM2_PCODE": "CI1404",
        "ADM3_FR": "TANDA",
        "ADM3_PCODE": "CI140401",
        "ADM4_FR": "TANDA",
        "ADM4_PCODE": "C7386",
        "centerLat": 7.80253,
        "centerLng": -3.16789,
        "pop": 27659,
        "Te_MOOV": 0.52,
        "Tbd_MOOV": 100.0,
        "Tc_MOOV": 0.0,
        "Tq_MOOV": 0.0,
        "Te_MTN": 0.0,
        "Tbd_MTN": 99.0,
        "Tc_MTN": 0.0,
        "Tq_MTN": 1.01,
        "Te_ORANGE": 0.0,
        "Tbd_ORANGE": 100.0,
        "Tc_ORANGE": 0.5,
        "Tq_ORANGE": 0.0,
        "rang_Te_ORANGE": 1,
        "rang_Te_MTN": 1,
        "rang_Te_MOOV": 3,
        "rang_Tc_ORANGE": 3,
        "rang_Tc_MTN": 1,
        "rang_Tc_MOOV": 1,
        "rang_Tbd_ORANGE": 1,
        "rang_Tbd_MTN": 3,
        "rang_Tbd_MOOV": 1,
        "rang_Tq_ORANGE": 1,
        "rang_Tq_MTN": 3,
        "rang_Tq_MOOV": 1
      },
      "id": 80
    },
    {
      "type": "Feature",
      "geometry": {
        "coordinates": [
          -3.20415,
          7.359249999999999
        ],
        "type": "Point"
      },
      "properties": {
        "ADM0_FR": "ZANZAN",
        "ADM0_PCODE": "CI14",
        "ADM1_FR": "GONTOUGO",
        "ADM1_PCODE": "CI114",
        "ADM2_FR": "KOUN-FAO",
        "ADM2_PCODE": "CI1402",
        "ADM3_FR": "TANKESSE",
        "ADM3_PCODE": "CI140205",
        "ADM4_FR": "TANKESSÉ",
        "ADM4_PCODE": "C7396",
        "centerLat": 7.34925,
        "centerLng": -3.20415,
        "pop": 5387,
        "Te_MOOV": 0.0,
        "Tbd_MOOV": 99.33999999999999,
        "Tc_MOOV": 1.32,
        "Tq_MOOV": 0.0,
        "Te_MTN": 0.66,
        "Tbd_MTN": 99.33,
        "Tc_MTN": 1.3299999999999998,
        "Tq_MTN": 0.0,
        "Te_ORANGE": 0.0,
        "Tbd_ORANGE": 99.33,
        "Tc_ORANGE": 0.0,
        "Tq_ORANGE": 0.0,
        "rang_Te_ORANGE": 1,
        "rang_Te_MTN": 3,
        "rang_Te_MOOV": 1,
        "rang_Tc_ORANGE": 1,
        "rang_Tc_MTN": 3,
        "rang_Tc_MOOV": 2,
        "rang_Tbd_ORANGE": 2,
        "rang_Tbd_MTN": 2,
        "rang_Tbd_MOOV": 1,
        "rang_Tq_ORANGE": 1,
        "rang_Tq_MTN": 1,
        "rang_Tq_MOOV": 1
      },
      "id": 81
    },
    {
      "type": "Feature",
      "geometry": {
        "coordinates": [
          -6.51202,
          6.39542
        ],
        "type": "Point"
      },
      "properties": {
        "ADM0_FR": "SASSANDRA-MARAHOUE",
        "ADM0_PCODE": "CI10",
        "ADM1_FR": "HAUT-SASSANDRA",
        "ADM1_PCODE": "CI118",
        "ADM2_FR": "ISSIA",
        "ADM2_PCODE": "CI1802",
        "ADM3_FR": "TAPEGUIA",
        "ADM3_PCODE": "CI180207",
        "ADM4_FR": "TAPEGUIA",
        "ADM4_PCODE": "C7415",
        "centerLat": 6.38542,
        "centerLng": -6.51202,
        "pop": 2459,
        "Te_MOOV": 3.49,
        "Tbd_MOOV": 92.41,
        "Tc_MOOV": 1.2,
        "Tq_MOOV": 9.86,
        "Te_MTN": 0.9900000000000001,
        "Tbd_MTN": 95.96000000000001,
        "Tc_MTN": 0.0,
        "Tq_MTN": 1.01,
        "Te_ORANGE": 0.0,
        "Tbd_ORANGE": 98.97,
        "Tc_ORANGE": 0.0,
        "Tq_ORANGE": 0.0,
        "rang_Te_ORANGE": 1,
        "rang_Te_MTN": 2,
        "rang_Te_MOOV": 3,
        "rang_Tc_ORANGE": 1,
        "rang_Tc_MTN": 1,
        "rang_Tc_MOOV": 3,
        "rang_Tbd_ORANGE": 1,
        "rang_Tbd_MTN": 2,
        "rang_Tbd_MOOV": 3,
        "rang_Tq_ORANGE": 1,
        "rang_Tq_MTN": 2,
        "rang_Tq_MOOV": 3
      },
      "id": 82
    },
    {
      "type": "Feature",
      "geometry": {
        "coordinates": [
          -4.82379,
          5.90299
        ],
        "type": "Point"
      },
      "properties": {
        "ADM0_FR": "LAGUNES",
        "ADM0_PCODE": "CI08",
        "ADM1_FR": "AGNEBY-TIASSA",
        "ADM1_PCODE": "CI103",
        "ADM2_FR": "TIASSALE",
        "ADM2_PCODE": "CI0304",
        "ADM3_FR": "TIASSALE",
        "ADM3_PCODE": "CI030401",
        "ADM4_FR": "TIASSALÉ",
        "ADM4_PCODE": "C7555",
        "centerLat": 5.89299,
        "centerLng": -4.82379,
        "pop": 20057,
        "Te_MOOV": 11.67,
        "Tbd_MOOV": 98.44000000000001,
        "Tc_MOOV": 16.98,
        "Tq_MOOV": 0.0,
        "Te_MTN": 0.0,
        "Tbd_MTN": 99.0,
        "Tc_MTN": 0.0,
        "Tq_MTN": 0.0,
        "Te_ORANGE": 0.0,
        "Tbd_ORANGE": 99.5,
        "Tc_ORANGE": 0.0,
        "Tq_ORANGE": 0.0,
        "rang_Te_ORANGE": 1,
        "rang_Te_MTN": 1,
        "rang_Te_MOOV": 3,
        "rang_Tc_ORANGE": 1,
        "rang_Tc_MTN": 1,
        "rang_Tc_MOOV": 3,
        "rang_Tbd_ORANGE": 1,
        "rang_Tbd_MTN": 2,
        "rang_Tbd_MOOV": 3,
        "rang_Tq_ORANGE": 1,
        "rang_Tq_MTN": 1,
        "rang_Tq_MOOV": 1
      },
      "id": 83
    },
    {
      "type": "Feature",
      "geometry": {
        "coordinates": [
          -5.86217,
          6.09533
        ],
        "type": "Point"
      },
      "properties": {
        "ADM0_FR": "GOH-DJIBOUA",
        "ADM0_PCODE": "CI06",
        "ADM1_FR": "GOH",
        "ADM1_PCODE": "CI113",
        "ADM2_FR": "GAGNOA",
        "ADM2_PCODE": "CI1301",
        "ADM3_FR": "GAGNOA",
        "ADM3_PCODE": "CI130106",
        "ADM4_FR": "TIPADIPA",
        "ADM4_PCODE": "C7732",
        "centerLat": 6.08533,
        "centerLng": -5.86217,
        "pop": 2108,
        "Te_MOOV": 1.04,
        "Tbd_MOOV": 96.84,
        "Tc_MOOV": 4.21,
        "Tq_MOOV": 1.0999999999999999,
        "Te_MTN": 1.03,
        "Tbd_MTN": 100.0,
        "Tc_MTN": 1.04,
        "Tq_MTN": 1.06,
        "Te_ORANGE": 0.0,
        "Tbd_ORANGE": 100.0,
        "Tc_ORANGE": 0.0,
        "Tq_ORANGE": 0.0,
        "rang_Te_ORANGE": 1,
        "rang_Te_MTN": 2,
        "rang_Te_MOOV": 3,
        "rang_Tc_ORANGE": 1,
        "rang_Tc_MTN": 2,
        "rang_Tc_MOOV": 3,
        "rang_Tbd_ORANGE": 1,
        "rang_Tbd_MTN": 1,
        "rang_Tbd_MOOV": 3,
        "rang_Tq_ORANGE": 1,
        "rang_Tq_MTN": 2,
        "rang_Tq_MOOV": 3
      },
      "id": 84
    },
    {
      "type": "Feature",
      "geometry": {
        "coordinates": [
          -7.68063,
          8.29504
        ],
        "type": "Point"
      },
      "properties": {
        "ADM0_FR": "WOROBA",
        "ADM0_PCODE": "CI13",
        "ADM1_FR": "BAFING",
        "ADM1_PCODE": "CI104",
        "ADM2_FR": "TOUBA",
        "ADM2_PCODE": "CI0403",
        "ADM3_FR": "TOUBA",
        "ADM3_PCODE": "CI040301",
        "ADM4_FR": "TOUBA",
        "ADM4_PCODE": "C7832",
        "centerLat": 8.28504,
        "centerLng": -7.68063,
        "pop": 22361,
        "Te_MOOV": 3.54,
        "Tbd_MOOV": 98.41,
        "Tc_MOOV": 2.62,
        "Tq_MOOV": 15.299999999999999,
        "Te_MTN": 0.5,
        "Tbd_MTN": 97.99,
        "Tc_MTN": 0.5,
        "Tq_MTN": 1.02,
        "Te_ORANGE": 0.48,
        "Tbd_ORANGE": 99.52,
        "Tc_ORANGE": 0.48,
        "Tq_ORANGE": 0.0,
        "rang_Te_ORANGE": 1,
        "rang_Te_MTN": 2,
        "rang_Te_MOOV": 3,
        "rang_Tc_ORANGE": 1,
        "rang_Tc_MTN": 2,
        "rang_Tc_MOOV": 3,
        "rang_Tbd_ORANGE": 1,
        "rang_Tbd_MTN": 3,
        "rang_Tbd_MOOV": 2,
        "rang_Tq_ORANGE": 1,
        "rang_Tq_MTN": 2,
        "rang_Tq_MOOV": 3
      },
      "id": 85
    },
    {
      "type": "Feature",
      "geometry": {
        "coordinates": [
          -6.48051,
          7.38748
        ],
        "type": "Point"
      },
      "properties": {
        "ADM0_FR": "SASSANDRA-MARAHOUE",
        "ADM0_PCODE": "CI10",
        "ADM1_FR": "HAUT-SASSANDRA",
        "ADM1_PCODE": "CI118",
        "ADM2_FR": "VAVOUA",
        "ADM2_PCODE": "CI1803",
        "ADM3_FR": "VAVOUA",
        "ADM3_PCODE": "CI180301",
        "ADM4_FR": "VAVOUA",
        "ADM4_PCODE": "C7965",
        "centerLat": 7.37748,
        "centerLng": -6.48051,
        "pop": 67096,
        "Te_MOOV": 13.900000000000002,
        "Tbd_MOOV": 87.42,
        "Tc_MOOV": 1.24,
        "Tq_MOOV": 23.13,
        "Te_MTN": 1.63,
        "Tbd_MTN": 98.88,
        "Tc_MTN": 3.8699999999999997,
        "Tq_MTN": 1.18,
        "Te_ORANGE": 1.39,
        "Tbd_ORANGE": 99.53,
        "Tc_ORANGE": 0.0,
        "Tq_ORANGE": 0.0,
        "rang_Te_ORANGE": 1,
        "rang_Te_MTN": 2,
        "rang_Te_MOOV": 3,
        "rang_Tc_ORANGE": 1,
        "rang_Tc_MTN": 3,
        "rang_Tc_MOOV": 2,
        "rang_Tbd_ORANGE": 1,
        "rang_Tbd_MTN": 2,
        "rang_Tbd_MOOV": 3,
        "rang_Tq_ORANGE": 1,
        "rang_Tq_MTN": 2,
        "rang_Tq_MOOV": 3
      },
      "id": 86
    },
    {
      "type": "Feature",
      "geometry": {
        "coordinates": [
          -6.60062,
          5.96007
        ],
        "type": "Point"
      },
      "properties": {
        "ADM0_FR": "BAS-SASSANDRA",
        "ADM0_PCODE": "CI01",
        "ADM1_FR": "NAWA",
        "ADM1_PCODE": "CI126",
        "ADM2_FR": "SOUBRE",
        "ADM2_PCODE": "CI2604",
        "ADM3_FR": "SOUBRE",
        "ADM3_PCODE": "CI260401",
        "ADM4_FR": "YABAYO",
        "ADM4_PCODE": "C8048",
        "centerLat": 5.95007,
        "centerLng": -6.60062,
        "pop": 20086,
        "Te_MOOV": 1.32,
        "Tbd_MOOV": 43.62,
        "Tc_MOOV": 0.67,
        "Tq_MOOV": 4.73,
        "Te_MTN": 0.0,
        "Tbd_MTN": 99.35000000000001,
        "Tc_MTN": 0.0,
        "Tq_MTN": 0.0,
        "Te_ORANGE": 0.0,
        "Tbd_ORANGE": 100.0,
        "Tc_ORANGE": 0.0,
        "Tq_ORANGE": 0.0,
        "rang_Te_ORANGE": 1,
        "rang_Te_MTN": 1,
        "rang_Te_MOOV": 3,
        "rang_Tc_ORANGE": 1,
        "rang_Tc_MTN": 1,
        "rang_Tc_MOOV": 3,
        "rang_Tbd_ORANGE": 1,
        "rang_Tbd_MTN": 2,
        "rang_Tbd_MOOV": 3,
        "rang_Tq_ORANGE": 1,
        "rang_Tq_MTN": 1,
        "rang_Tq_MOOV": 3
      },
      "id": 87
    },
    {
      "type": "Feature",
      "geometry": {
        "coordinates": [
          -5.27786,
          6.82819
        ],
        "type": "Point"
      },
      "properties": {
        "ADM0_FR": "DISTRICT AUTONOME DE YAMOUSSOUKRO",
        "ADM0_PCODE": "CI05",
        "ADM1_FR": "DISTRICT AUTONOME DE YAMOUSSOUKRO",
        "ADM1_PCODE": "CI102",
        "ADM2_FR": "YAMOUSSOUKRO",
        "ADM2_PCODE": "CI0202",
        "ADM3_FR": "YAMOUSSOUKRO",
        "ADM3_PCODE": "CI020201",
        "ADM4_FR": "YAMOUSSOUKRO",
        "ADM4_PCODE": "C8092",
        "centerLat": 6.81819,
        "centerLng": -5.27786,
        "pop": 212670,
        "Te_MOOV": 0.5,
        "Tbd_MOOV": 92.47999999999999,
        "Tc_MOOV": 1.0,
        "Tq_MOOV": 2.03,
        "Te_MTN": 0.25,
        "Tbd_MTN": 94.82000000000001,
        "Tc_MTN": 0.0,
        "Tq_MTN": 0.27,
        "Te_ORANGE": 0.9900000000000001,
        "Tbd_ORANGE": 98.5,
        "Tc_ORANGE": 0.25,
        "Tq_ORANGE": 0.25,
        "rang_Te_ORANGE": 3,
        "rang_Te_MTN": 1,
        "rang_Te_MOOV": 2,
        "rang_Tc_ORANGE": 2,
        "rang_Tc_MTN": 1,
        "rang_Tc_MOOV": 3,
        "rang_Tbd_ORANGE": 1,
        "rang_Tbd_MTN": 2,
        "rang_Tbd_MOOV": 3,
        "rang_Tq_ORANGE": 1,
        "rang_Tq_MTN": 2,
        "rang_Tq_MOOV": 3
      },
      "id": 88
    },
    {
      "type": "Feature",
      "geometry": {
        "coordinates": [
          -5.40398,
          6.8887599999999996
        ],
        "type": "Point"
      },
      "properties": {
        "ADM0_FR": "DISTRICT AUTONOME DE YAMOUSSOUKRO",
        "ADM0_PCODE": "CI05",
        "ADM1_FR": "DISTRICT AUTONOME DE YAMOUSSOUKRO",
        "ADM1_PCODE": "CI102",
        "ADM2_FR": "YAMOUSSOUKRO",
        "ADM2_PCODE": "CI0202",
        "ADM3_FR": "YAMOUSSOUKRO",
        "ADM3_PCODE": "CI020201",
        "ADM4_FR": "ZATTA",
        "ADM4_PCODE": "C8337",
        "centerLat": 6.87876,
        "centerLng": -5.40398,
        "pop": 8391,
        "Te_MOOV": 0.0,
        "Tbd_MOOV": 88.42,
        "Tc_MOOV": 3.06,
        "Tq_MOOV": 1.0999999999999999,
        "Te_MTN": 0.0,
        "Tbd_MTN": 96.0,
        "Tc_MTN": 0.0,
        "Tq_MTN": 0.0,
        "Te_ORANGE": 0.0,
        "Tbd_ORANGE": 100.0,
        "Tc_ORANGE": 0.0,
        "Tq_ORANGE": 0.0,
        "rang_Te_ORANGE": 1,
        "rang_Te_MTN": 1,
        "rang_Te_MOOV": 1,
        "rang_Tc_ORANGE": 1,
        "rang_Tc_MTN": 1,
        "rang_Tc_MOOV": 3,
        "rang_Tbd_ORANGE": 1,
        "rang_Tbd_MTN": 2,
        "rang_Tbd_MOOV": 3,
        "rang_Tq_ORANGE": 1,
        "rang_Tq_MTN": 1,
        "rang_Tq_MOOV": 3
      },
      "id": 89
    }
  ]
}