{
  "type": "FeatureCollection",
  "features": [
    {
      "type": "Feature",
      "geometry": {
        "type": "LineString",
        "coordinates": [
          [
            -5.2832,
            6.816641000000001
          ],
          [
            -5.28293,
            6.817256999999999
          ],
          [
            -5.280563,
            6.8217
          ],
          [
            -5.280563,
            6.8217
          ],
          [
            -5.28358,
            6.8221
          ],
          [
            -5.284399,
            6.822348
          ],
          [
            -5.284636,
            6.822466000000001
          ],
          [
            -5.284937,
            6.822753999999999
          ],
          [
            -5.285358,
            6.823192
          ],
          [
            -5.287533,
            6.825798
          ],
          [
            -5.288858,
            6.827517
          ],
          [
            -5.294131,
            6.834022
          ],
          [
            -5.294987,
            6.83513
          ],
          [
            -5.295287,
            6.835625
          ],
          [
            -5.295508,
            6.836260000000001
          ],
          [
            -5.295696,
            6.83693
          ],
          [
            -5.295723,
            6.837568000000001
          ],
          [
            -5.294152,
            6.850396000000001
          ],
          [
            -5.294106,
            6.851308999999999
          ],
          [
            -5.294095,
            6.858287
          ],
          [
            -5.294004,
            6.865116
          ],
          [
            -5.29407,
            6.872766
          ],
          [
            -5.294209,
            6.873654
          ],
          [
            -5.294466,
            6.874489000000001
          ],
          [
            -5.297698,
            6.880053999999999
          ],
          [
            -5.298017,
            6.880463999999999
          ],
          [
            -5.298405,
            6.881313
          ],
          [
            -5.298647,
            6.882204999999999
          ],
          [
            -5.2988,
            6.884162000000001
          ],
          [
            -5.29886,
            6.885743
          ],
          [
            -5.298758,
            6.889532000000001
          ],
          [
            -5.298461,
            6.895292
          ],
          [
            -5.297674,
            6.902345
          ],
          [
            -5.297138,
            6.904476000000001
          ],
          [
            -5.295389,
            6.909673
          ],
          [
            -5.294166,
            6.913028
          ],
          [
            -5.293468,
            6.914429
          ],
          [
            -5.289718,
            6.921123
          ],
          [
            -5.288286,
            6.923445
          ],
          [
            -5.284424,
            6.929324
          ],
          [
            -5.280905,
            6.933669
          ],
          [
            -5.279617,
            6.935032
          ],
          [
            -5.277986,
            6.936396
          ],
          [
            -5.275326,
            6.939548
          ],
          [
            -5.273781,
            6.94236
          ],
          [
            -5.271807,
            6.945171000000001
          ],
          [
            -5.268803,
            6.949261
          ],
          [
            -5.267172,
            6.95088
          ],
          [
            -5.265884,
            6.952753999999999
          ],
          [
            -5.265541,
            6.954629
          ],
          [
            -5.26597,
            6.957611000000001
          ],
          [
            -5.266142,
            6.960763000000001
          ],
          [
            -5.266657,
            6.963319
          ],
          [
            -5.267601,
            6.966642
          ],
          [
            -5.270348,
            6.972179000000001
          ],
          [
            -5.270948,
            6.973968
          ],
          [
            -5.272923,
            6.978228
          ],
          [
            -5.274553,
            6.981551
          ],
          [
            -5.275497,
            6.984277000000001
          ],
          [
            -5.276184,
            6.987258999999999
          ],
          [
            -5.276356,
            6.997567
          ],
          [
            -5.276184,
            7.001996999999999
          ],
          [
            -5.275755,
            7.005660000000001
          ],
          [
            -5.272579,
            7.015542
          ],
          [
            -5.271549,
            7.018183
          ],
          [
            -5.270519,
            7.020227000000001
          ],
          [
            -5.270004,
            7.022526999999999
          ],
          [
            -5.268288,
            7.028661000000001
          ],
          [
            -5.265198,
            7.034794
          ],
          [
            -5.264683,
            7.03769
          ],
          [
            -5.264082,
            7.040416
          ],
          [
            -5.261593,
            7.043313
          ],
          [
            -5.260134,
            7.045272
          ],
          [
            -5.256958,
            7.049786
          ],
          [
            -5.253696,
            7.055408
          ],
          [
            -5.251808,
            7.059327
          ],
          [
            -5.249748,
            7.062989
          ],
          [
            -5.247002,
            7.069378000000001
          ],
          [
            -5.245542,
            7.073126
          ],
          [
            -5.242109,
            7.081046999999999
          ],
          [
            -5.239964,
            7.085136
          ],
          [
            -5.235415,
            7.095356
          ],
          [
            -5.234728,
            7.097315
          ],
          [
            -5.233784,
            7.101659
          ],
          [
            -5.233097,
            7.106514
          ],
          [
            -5.231895,
            7.111453999999999
          ],
          [
            -5.230007,
            7.117075
          ],
          [
            -5.228205,
            7.122014999999999
          ],
          [
            -5.226316,
            7.137941
          ],
          [
            -5.226059,
            7.140922
          ],
          [
            -5.22563,
            7.148927
          ],
          [
            -5.22489,
            7.156996
          ],
          [
            -5.224643,
            7.158838
          ],
          [
            -5.22402,
            7.16002
          ],
          [
            -5.223709,
            7.160446000000001
          ],
          [
            -5.222883,
            7.161361
          ],
          [
            -5.220019,
            7.163985000000001
          ],
          [
            -5.215073,
            7.168855
          ],
          [
            -5.212154,
            7.171069
          ],
          [
            -5.208464,
            7.175412
          ],
          [
            -5.201585,
            7.181842
          ],
          [
            -5.196463,
            7.186961
          ],
          [
            -5.191126,
            7.192103
          ],
          [
            -5.188379,
            7.194573
          ],
          [
            -5.182028,
            7.19849
          ],
          [
            -5.167437,
            7.207175000000001
          ],
          [
            -5.165977,
            7.208879
          ],
          [
            -5.164347,
            7.211688
          ],
          [
            -5.156364,
            7.232294999999999
          ],
          [
            -5.154476,
            7.236467
          ],
          [
            -5.152502,
            7.241831
          ],
          [
            -5.142546,
            7.266949
          ],
          [
            -5.136194,
            7.283466
          ],
          [
            -5.134306,
            7.287723
          ],
          [
            -5.130358,
            7.299642
          ],
          [
            -5.123234,
            7.319137
          ],
          [
            -5.122204,
            7.322882999999999
          ],
          [
            -5.118856,
            7.332077000000001
          ],
          [
            -5.116367,
            7.338120999999999
          ],
          [
            -5.11405,
            7.340505
          ],
          [
            -5.110702,
            7.34442
          ],
          [
            -5.1089,
            7.347059
          ],
          [
            -5.105209,
            7.355146
          ],
          [
            -5.104094,
            7.358466
          ],
          [
            -5.102291,
            7.363147999999999
          ],
          [
            -5.101261,
            7.366127
          ],
          [
            -5.099373,
            7.370383000000001
          ],
          [
            -5.098772,
            7.373703
          ],
          [
            -5.097828,
            7.379746
          ],
          [
            -5.096626,
            7.386215999999999
          ],
          [
            -5.092592,
            7.398217
          ],
          [
            -5.092506,
            7.400345
          ],
          [
            -5.092163,
            7.404686000000001
          ],
          [
            -5.091305,
            7.40741
          ],
          [
            -5.090017,
            7.413878
          ],
          [
            -5.089159,
            7.433028
          ],
          [
            -5.088816,
            7.437539
          ],
          [
            -5.087442,
            7.443582
          ],
          [
            -5.086241,
            7.448348
          ],
          [
            -5.085726,
            7.452943
          ],
          [
            -5.085468,
            7.457965
          ],
          [
            -5.084352,
            7.466135
          ],
          [
            -5.082979,
            7.472347
          ],
          [
            -5.081263,
            7.478985
          ],
          [
            -5.078688,
            7.486729
          ],
          [
            -5.0774,
            7.490302999999999
          ],
          [
            -5.074997,
            7.497707
          ],
          [
            -5.073881,
            7.505536
          ],
          [
            -5.07268,
            7.511577
          ],
          [
            -5.06959,
            7.522384000000001
          ],
          [
            -5.066843,
            7.530212
          ],
          [
            -5.064697,
            7.534977
          ],
          [
            -5.060835,
            7.543316
          ],
          [
            -5.057028,
            7.549165
          ],
          [
            -5.055903,
            7.551329
          ],
          [
            -5.055543,
            7.552257999999999
          ],
          [
            -5.053453,
            7.555654
          ],
          [
            -5.048819,
            7.568927
          ],
          [
            -5.04736,
            7.573265999999999
          ],
          [
            -5.046158,
            7.578626000000001
          ],
          [
            -5.045986,
            7.581688999999999
          ],
          [
            -5.046244,
            7.585261999999999
          ],
          [
            -5.047016,
            7.588495
          ],
          [
            -5.047188,
            7.590622000000001
          ],
          [
            -5.04633,
            7.593175
          ],
          [
            -5.042381,
            7.601768
          ],
          [
            -5.038433,
            7.611466
          ],
          [
            -5.035515,
            7.619548
          ],
          [
            -5.033112,
            7.625333
          ],
          [
            -5.032082,
            7.628224999999999
          ],
          [
            -5.030108,
            7.631458
          ],
          [
            -5.028734,
            7.63401
          ],
          [
            -5.028133,
            7.635457
          ],
          [
            -5.026674,
            7.638094
          ],
          [
            -5.026417,
            7.640476
          ],
          [
            -5.026846,
            7.644303999999999
          ],
          [
            -5.027461,
            7.648894
          ],
          [
            -5.02803,
            7.654524
          ],
          [
            -5.028046,
            7.655942
          ],
          [
            -5.027935,
            7.658765
          ],
          [
            -5.027964,
            7.660381
          ],
          [
            -5.027582,
            7.665391
          ],
          [
            -5.027942,
            7.67198
          ],
          [
            -5.027989,
            7.67472
          ],
          [
            -5.027971,
            7.687094999999999
          ],
          [
            -5.027971,
            7.687094999999999
          ],
          [
            -5.029868,
            7.686333
          ],
          [
            -5.030269,
            7.686255
          ],
          [
            -5.030269,
            7.686255
          ],
          [
            -5.030271,
            7.688249
          ],
          [
            -5.030271,
            7.688249
          ],
          [
            -5.030578,
            7.687998
          ]
        ]
      },
      "properties": {
        "name": "yakro - bouaké",
        "folder": "FO EARTH",
        "stroke-width": 5,
        "stroke": "#FF0000"
      }
    },
    {
      "type": "Feature",
      "geometry": {
        "type": "LineString",
        "coordinates": [
          [
            -5.2832,
            6.816641000000001
          ],
          [
            -5.28293,
            6.817256999999999
          ],
          [
            -5.280563,
            6.8217
          ],
          [
            -5.280563,
            6.8217
          ],
          [
            -5.28358,
            6.8221
          ],
          [
            -5.284399,
            6.822348
          ],
          [
            -5.284636,
            6.822466000000001
          ],
          [
            -5.285358,
            6.823192
          ],
          [
            -5.287533,
            6.825798
          ],
          [
            -5.288858,
            6.827517
          ],
          [
            -5.294131,
            6.834022
          ],
          [
            -5.294987,
            6.83513
          ],
          [
            -5.295287,
            6.835625
          ],
          [
            -5.295696,
            6.83693
          ],
          [
            -5.295723,
            6.837568000000001
          ],
          [
            -5.295446,
            6.840084000000001
          ],
          [
            -5.295446,
            6.840084000000001
          ],
          [
            -5.295798,
            6.83925
          ],
          [
            -5.296036,
            6.838832000000001
          ],
          [
            -5.2964,
            6.83841
          ],
          [
            -5.296872,
            6.838043
          ],
          [
            -5.297447,
            6.837738
          ],
          [
            -5.297893,
            6.837589
          ],
          [
            -5.298405,
            6.837499
          ],
          [
            -5.298405,
            6.837499
          ],
          [
            -5.301162,
            6.837443000000001
          ],
          [
            -5.308866,
            6.836808
          ],
          [
            -5.313616,
            6.836602999999999
          ],
          [
            -5.314698,
            6.836445999999999
          ],
          [
            -5.322878,
            6.836223
          ],
          [
            -5.333263,
            6.835853
          ],
          [
            -5.338395,
            6.835588000000001
          ],
          [
            -5.355789,
            6.834945
          ],
          [
            -5.356583,
            6.834946
          ],
          [
            -5.357834,
            6.835088000000001
          ],
          [
            -5.358983,
            6.835373000000001
          ],
          [
            -5.359865,
            6.835711
          ],
          [
            -5.361166,
            6.836426
          ],
          [
            -5.371343,
            6.843079
          ],
          [
            -5.374503,
            6.845271
          ],
          [
            -5.377039,
            6.846816
          ],
          [
            -5.377496,
            6.8472
          ],
          [
            -5.383474,
            6.851179
          ],
          [
            -5.384858,
            6.851928
          ],
          [
            -5.386133,
            6.852719
          ],
          [
            -5.387592,
            6.853911999999999
          ],
          [
            -5.390253,
            6.85681
          ],
          [
            -5.391197,
            6.857918000000001
          ],
          [
            -5.391712,
            6.859026
          ],
          [
            -5.39463,
            6.867377
          ],
          [
            -5.395832,
            6.869506999999999
          ],
          [
            -5.397634,
            6.871722000000001
          ],
          [
            -5.400724,
            6.874449
          ],
          [
            -5.40287,
            6.875472
          ],
          [
            -5.405188,
            6.876834999999999
          ],
          [
            -5.411453,
            6.879988
          ],
          [
            -5.422268,
            6.885867999999999
          ],
          [
            -5.434112,
            6.892173
          ],
          [
            -5.444756,
            6.898394
          ],
          [
            -5.450506,
            6.901460999999999
          ],
          [
            -5.457974,
            6.905806999999999
          ],
          [
            -5.461922,
            6.908277999999999
          ],
          [
            -5.467243,
            6.911516
          ],
          [
            -5.474367,
            6.915606
          ],
          [
            -5.480032,
            6.919270000000001
          ],
          [
            -5.485954,
            6.922593000000001
          ],
          [
            -5.488701,
            6.9237
          ],
          [
            -5.490932,
            6.9237
          ],
          [
            -5.492134,
            6.923104000000001
          ],
          [
            -5.494451,
            6.922593000000001
          ],
          [
            -5.499172,
            6.920803
          ],
          [
            -5.502434,
            6.919781000000001
          ],
          [
            -5.513248,
            6.916712999999999
          ],
          [
            -5.521488,
            6.914583
          ],
          [
            -5.524321,
            6.913561
          ],
          [
            -5.52681,
            6.913135
          ],
          [
            -5.530071,
            6.913305000000001
          ],
          [
            -5.532904,
            6.913646
          ],
          [
            -5.535822,
            6.914754
          ],
          [
            -5.537882,
            6.915691
          ],
          [
            -5.541573,
            6.91748
          ],
          [
            -5.543632,
            6.917564999999999
          ],
          [
            -5.546207,
            6.917821
          ],
          [
            -5.552816,
            6.918844
          ],
          [
            -5.57024,
            6.921229
          ],
          [
            -5.577278,
            6.921996
          ],
          [
            -5.58466,
            6.922934
          ],
          [
            -5.586634,
            6.923104000000001
          ],
          [
            -5.589294,
            6.922507
          ],
          [
            -5.591268,
            6.921911000000001
          ],
          [
            -5.595646,
            6.920122
          ],
          [
            -5.597534,
            6.920035999999999
          ],
          [
            -5.601225,
            6.920035999999999
          ],
          [
            -5.606375,
            6.920888000000001
          ],
          [
            -5.617962,
            6.922167
          ],
          [
            -5.621481,
            6.922934
          ],
          [
            -5.624399,
            6.923189
          ],
          [
            -5.627661,
            6.923615
          ],
          [
            -5.629292,
            6.924126
          ],
          [
            -5.6353,
            6.926938
          ],
          [
            -5.637274000000001,
            6.928557
          ],
          [
            -5.638819,
            6.930517
          ],
          [
            -5.640192,
            6.932391
          ],
          [
            -5.64148,
            6.933584
          ],
          [
            -5.643453999999999,
            6.934691999999999
          ],
          [
            -5.645514,
            6.934947
          ],
          [
            -5.649548,
            6.934436
          ],
          [
            -5.656843,
            6.933754
          ],
          [
            -5.662766,
            6.933328
          ],
          [
            -5.667891,
            6.932641000000001
          ],
          [
            -5.673666,
            6.932135
          ],
          [
            -5.675039,
            6.932135
          ],
          [
            -5.676327,
            6.932476
          ],
          [
            -5.677271,
            6.932902
          ],
          [
            -5.680018,
            6.934777
          ],
          [
            -5.683966,
            6.938185000000001
          ],
          [
            -5.690489,
            6.943637999999999
          ],
          [
            -5.693407,
            6.946364
          ],
          [
            -5.695495999999999,
            6.948956
          ],
          [
            -5.698025999999999,
            6.951955999999999
          ],
          [
            -5.699958000000001,
            6.954442
          ],
          [
            -5.700571000000001,
            6.955098999999999
          ],
          [
            -5.701196000000001,
            6.955637
          ],
          [
            -5.703279000000001,
            6.957096
          ],
          [
            -5.708142000000001,
            6.960247
          ],
          [
            -5.7094,
            6.961139999999999
          ],
          [
            -5.717078,
            6.966953
          ],
          [
            -5.720843,
            6.969887
          ],
          [
            -5.725052000000001,
            6.973072
          ],
          [
            -5.725539000000001,
            6.973386000000001
          ],
          [
            -5.72606,
            6.973669999999999
          ],
          [
            -5.727355,
            6.974185
          ],
          [
            -5.728793,
            6.974613
          ],
          [
            -5.732561,
            6.975448
          ],
          [
            -5.735406000000001,
            6.976373
          ],
          [
            -5.737612,
            6.976089
          ],
          [
            -5.738081000000001,
            6.976054
          ],
          [
            -5.739124,
            6.976088
          ],
          [
            -5.741293000000001,
            6.976456
          ],
          [
            -5.745536,
            6.977301999999999
          ],
          [
            -5.74919,
            6.978565999999999
          ],
          [
            -5.749993,
            6.978978
          ],
          [
            -5.751469,
            6.980018000000001
          ],
          [
            -5.752015,
            6.980279
          ],
          [
            -5.75351,
            6.980768
          ],
          [
            -5.753661999999999,
            6.980766
          ],
          [
            -5.7539,
            6.980635
          ],
          [
            -5.755077,
            6.979681
          ],
          [
            -5.761249,
            6.975029
          ],
          [
            -5.762540999999999,
            6.9743
          ],
          [
            -5.764179,
            6.973719
          ],
          [
            -5.769994999999999,
            6.971997999999999
          ],
          [
            -5.771057,
            6.971628
          ],
          [
            -5.771643000000001,
            6.971382999999999
          ],
          [
            -5.77646,
            6.96894
          ],
          [
            -5.777591,
            6.968419
          ],
          [
            -5.778604,
            6.968186
          ],
          [
            -5.784924999999999,
            6.967694
          ],
          [
            -5.785811,
            6.967538
          ],
          [
            -5.798603,
            6.964376
          ],
          [
            -5.805235,
            6.962435
          ],
          [
            -5.806001999999999,
            6.962262
          ],
          [
            -5.807457000000001,
            6.962119
          ],
          [
            -5.817279000000001,
            6.961707
          ],
          [
            -5.818246000000001,
            6.961568
          ],
          [
            -5.819196,
            6.961351
          ],
          [
            -5.82078,
            6.960853
          ],
          [
            -5.823183,
            6.960337
          ],
          [
            -5.824556,
            6.959826
          ],
          [
            -5.828505,
            6.959485
          ],
          [
            -5.830736,
            6.959229000000001
          ],
          [
            -5.832195,
            6.959315
          ],
          [
            -5.835543000000001,
            6.958974
          ],
          [
            -5.837088,
            6.958633
          ],
          [
            -5.838203,
            6.958207
          ],
          [
            -5.844641,
            6.957440000000001
          ],
          [
            -5.852795,
            6.956844
          ],
          [
            -5.85537,
            6.956758999999999
          ],
          [
            -5.859919,
            6.956333
          ],
          [
            -5.863266,
            6.956162
          ],
          [
            -5.867386,
            6.955566
          ],
          [
            -5.86936,
            6.955481
          ],
          [
            -5.871677,
            6.955055
          ],
          [
            -5.874166,
            6.955395
          ],
          [
            -5.879315999999999,
            6.956929000000001
          ],
          [
            -5.882320000000001,
            6.957611000000001
          ],
          [
            -5.883264,
            6.958037
          ],
          [
            -5.88644,
            6.958718
          ],
          [
            -5.889702,
            6.959315
          ],
          [
            -5.892105,
            6.959996
          ],
          [
            -5.893993,
            6.959400000000001
          ],
          [
            -5.897942,
            6.957185
          ],
          [
            -5.901030999999999,
            6.955906999999999
          ],
          [
            -5.903090999999999,
            6.954799000000001
          ],
          [
            -5.905066,
            6.954543
          ],
          [
            -5.907211,
            6.954629
          ],
          [
            -5.91279,
            6.955055
          ],
          [
            -5.915194,
            6.954799000000001
          ],
          [
            -5.918112000000001,
            6.952753999999999
          ],
          [
            -5.919828,
            6.951901999999999
          ],
          [
            -5.922146,
            6.951391
          ],
          [
            -5.927553,
            6.949943
          ],
          [
            -5.928841,
            6.950112999999999
          ],
          [
            -5.93193,
            6.950709
          ],
          [
            -5.93545,
            6.951306
          ],
          [
            -5.93811,
            6.951476000000001
          ],
          [
            -5.94017,
            6.950539
          ],
          [
            -5.942144,
            6.949517
          ],
          [
            -5.944118000000001,
            6.948239
          ],
          [
            -5.945663,
            6.947813000000001
          ],
          [
            -5.947294,
            6.947557
          ],
          [
            -5.949182,
            6.947727
          ],
          [
            -5.950899000000001,
            6.947557
          ],
          [
            -5.952101,
            6.946960999999999
          ],
          [
            -5.954161,
            6.94662
          ],
          [
            -5.95871,
            6.947387
          ],
          [
            -5.962142999999999,
            6.94662
          ],
          [
            -5.964804,
            6.945683
          ],
          [
            -5.967035000000001,
            6.945171000000001
          ],
          [
            -5.970553999999999,
            6.942786
          ],
          [
            -5.971928,
            6.941337000000001
          ],
          [
            -5.973729999999999,
            6.940059
          ],
          [
            -5.97682,
            6.939292
          ],
          [
            -5.979223,
            6.939122
          ],
          [
            -5.982399000000001,
            6.938696000000001
          ],
          [
            -5.987291,
            6.937929
          ],
          [
            -5.99081,
            6.936907
          ],
          [
            -5.994587,
            6.936309999999999
          ],
          [
            -5.997934000000001,
            6.935458
          ],
          [
            -5.999908,
            6.934351
          ],
          [
            -6.002225999999999,
            6.932647
          ],
          [
            -6.003512999999999,
            6.932050000000001
          ],
          [
            -6.004972,
            6.931624
          ],
          [
            -6.008749,
            6.931710000000001
          ],
          [
            -6.011066,
            6.931710000000001
          ],
          [
            -6.026258,
            6.930346
          ],
          [
            -6.030722000000001,
            6.929579000000001
          ],
          [
            -6.035614,
            6.928642
          ],
          [
            -6.040592,
            6.927874999999999
          ],
          [
            -6.044197000000001,
            6.926853
          ],
          [
            -6.048659999999999,
            6.925916000000001
          ],
          [
            -6.053295,
            6.92549
          ],
          [
            -6.057243,
            6.925403999999999
          ],
          [
            -6.061706,
            6.925403999999999
          ],
          [
            -6.063938,
            6.925234
          ],
          [
            -6.065397,
            6.925234
          ],
          [
            -6.067971999999999,
            6.925064000000001
          ],
          [
            -6.072521,
            6.923956
          ],
          [
            -6.076469,
            6.922507
          ],
          [
            -6.079302,
            6.921740999999999
          ],
          [
            -6.081275999999999,
            6.920633
          ],
          [
            -6.083937,
            6.918588000000001
          ],
          [
            -6.085482,
            6.917651
          ],
          [
            -6.087885,
            6.916458000000001
          ],
          [
            -6.091404000000001,
            6.915691
          ],
          [
            -6.094751000000001,
            6.916202
          ],
          [
            -6.097584,
            6.916969
          ],
          [
            -6.100159,
            6.917054
          ],
          [
            -6.102734,
            6.916458000000001
          ],
          [
            -6.105995,
            6.915265000000001
          ],
          [
            -6.107884,
            6.914412999999999
          ],
          [
            -6.114149,
            6.911942000000001
          ],
          [
            -6.116724,
            6.910323
          ],
          [
            -6.119986,
            6.908704
          ],
          [
            -6.123505,
            6.907341
          ],
          [
            -6.129598999999999,
            6.906318
          ],
          [
            -6.135092000000001,
            6.905296000000001
          ],
          [
            -6.140928,
            6.903336000000001
          ],
          [
            -6.145392000000001,
            6.901035
          ],
          [
            -6.150197999999999,
            6.899416
          ],
          [
            -6.153889,
            6.898309
          ],
          [
            -6.15818,
            6.897286
          ],
          [
            -6.160927000000001,
            6.89703
          ],
          [
            -6.164188,
            6.897201
          ],
          [
            -6.167536,
            6.896690000000001
          ],
          [
            -6.169939000000001,
            6.895838
          ],
          [
            -6.171999,
            6.893452
          ],
          [
            -6.174316,
            6.889617
          ],
          [
            -6.175518,
            6.888595
          ],
          [
            -6.178521999999999,
            6.887402
          ],
          [
            -6.1835,
            6.886209000000001
          ],
          [
            -6.185217,
            6.886294
          ],
          [
            -6.188135,
            6.887402
          ],
          [
            -6.189852,
            6.887913
          ],
          [
            -6.190796,
            6.888424
          ],
          [
            -6.205387,
            6.89294
          ],
          [
            -6.226072,
            6.900013000000001
          ],
          [
            -6.229506000000001,
            6.900865
          ],
          [
            -6.233024999999999,
            6.902399
          ],
          [
            -6.238775,
            6.904529
          ],
          [
            -6.241951,
            6.90504
          ],
          [
            -6.265125,
            6.906318
          ],
          [
            -6.276283,
            6.906574
          ],
          [
            -6.278086,
            6.906744
          ],
          [
            -6.290874,
            6.907341
          ],
          [
            -6.302118,
            6.907682
          ],
          [
            -6.314392,
            6.908277999999999
          ],
          [
            -6.323834,
            6.908874
          ],
          [
            -6.333618,
            6.90896
          ],
          [
            -6.342545,
            6.909556
          ],
          [
            -6.356535000000001,
            6.910152
          ],
          [
            -6.359539,
            6.910238
          ],
          [
            -6.364174,
            6.909471
          ],
          [
            -6.367177999999999,
            6.909189000000001
          ],
          [
            -6.368042000000001,
            6.909056
          ],
          [
            -6.369215999999999,
            6.908752
          ],
          [
            -6.37737,
            6.907394
          ],
          [
            -6.37935,
            6.907005
          ],
          [
            -6.392782000000001,
            6.904806000000001
          ],
          [
            -6.39643,
            6.903778
          ],
          [
            -6.402986,
            6.901658
          ],
          [
            -6.416278,
            6.89751
          ],
          [
            -6.437114,
            6.891183000000001
          ],
          [
            -6.445943999999999,
            6.888403
          ],
          [
            -6.44804,
            6.887814
          ],
          [
            -6.44804,
            6.887814
          ],
          [
            -6.448132,
            6.887926
          ],
          [
            -6.448222,
            6.887931
          ],
          [
            -6.448317,
            6.887874
          ],
          [
            -6.448349,
            6.887779
          ],
          [
            -6.448287000000001,
            6.887648
          ],
          [
            -6.448128999999999,
            6.887628
          ],
          [
            -6.447144,
            6.884329
          ],
          [
            -6.447144,
            6.884329
          ],
          [
            -6.449988,
            6.883509
          ],
          [
            -6.449988,
            6.883509
          ],
          [
            -6.449941,
            6.88335
          ]
        ]
      },
      "properties": {
        "name": "yakro - daloa",
        "folder": "FO EARTH",
        "stroke-width": 5,
        "stroke": "#FF0000"
      }
    },
    {
      "type": "Feature",
      "geometry": {
        "type": "LineString",
        "coordinates": [
          [
            -4.020246279881725,
            5.317572013694855
          ],
          [
            -4.019265169723849,
            5.313689920963637
          ],
          [
            -4.021578185711202,
            5.314653863717581
          ],
          [
            -4.02601709932838,
            5.318654299164948
          ],
          [
            -4.027054373077133,
            5.323821650245259
          ],
          [
            -4.030247939863433,
            5.331997776283157
          ],
          [
            -4.03064314737413,
            5.339447266129996
          ],
          [
            -4.036033927910163,
            5.341622483405808
          ],
          [
            -4.039905916360469,
            5.346388850451642
          ],
          [
            -4.041449127910767,
            5.358827516526709
          ],
          [
            -4.053362518374243,
            5.356355785191258
          ],
          [
            -4.056312796374285,
            5.357730861273855
          ],
          [
            -4.066127673793655,
            5.356396871517887
          ],
          [
            -4.063212433965707,
            5.34403799700202
          ],
          [
            -4.0622043903708,
            5.341826818580407
          ],
          [
            -4.060928893685669,
            5.328651966388185
          ],
          [
            -4.062471602943979,
            5.32808068276865
          ],
          [
            -4.07327087856878,
            5.333296423042751
          ],
          [
            -4.076771841442883,
            5.327376964269793
          ],
          [
            -4.07922248217055,
            5.32494957390114
          ],
          [
            -4.085702859319699,
            5.323976210575911
          ],
          [
            -4.093160045145962,
            5.327347018808546
          ],
          [
            -4.103867770479464,
            5.330064544392954
          ],
          [
            -4.103552287786165,
            5.331198204164647
          ],
          [
            -4.106867637056522,
            5.333647827010182
          ],
          [
            -4.111591460416378,
            5.337955611773615
          ],
          [
            -4.119935580278156,
            5.337398635499351
          ],
          [
            -4.121225,
            5.337917
          ],
          [
            -4.121555,
            5.338745
          ],
          [
            -4.12182,
            5.339095
          ],
          [
            -4.122123,
            5.33933
          ],
          [
            -4.122389,
            5.339394
          ],
          [
            -4.122727,
            5.339397
          ],
          [
            -4.123236,
            5.339229
          ],
          [
            -4.126656,
            5.337603
          ],
          [
            -4.127025,
            5.33748
          ],
          [
            -4.133772,
            5.336151
          ],
          [
            -4.134383,
            5.336119
          ],
          [
            -4.134645,
            5.336178
          ],
          [
            -4.144622,
            5.339938
          ],
          [
            -4.157673,
            5.34492
          ],
          [
            -4.158049,
            5.345048
          ],
          [
            -4.158768,
            5.345112
          ],
          [
            -4.159485,
            5.345021
          ],
          [
            -4.159818,
            5.344914
          ],
          [
            -4.160334,
            5.344627
          ],
          [
            -4.162656,
            5.342472
          ],
          [
            -4.163699,
            5.341868
          ],
          [
            -4.18004,
            5.337094
          ],
          [
            -4.180846,
            5.336774
          ],
          [
            -4.181832,
            5.336462
          ],
          [
            -4.182594,
            5.336109
          ],
          [
            -4.183205,
            5.335479
          ],
          [
            -4.185541,
            5.331738
          ],
          [
            -4.188399,
            5.327361
          ],
          [
            -4.189136,
            5.326177
          ],
          [
            -4.189537,
            5.325405
          ],
          [
            -4.192912,
            5.320071
          ],
          [
            -4.193037,
            5.320024
          ],
          [
            -4.19331,
            5.319666
          ],
          [
            -4.193675,
            5.31933
          ],
          [
            -4.193705,
            5.319205
          ],
          [
            -4.194092,
            5.31887
          ],
          [
            -4.194163,
            5.318902
          ],
          [
            -4.195069,
            5.318385
          ],
          [
            -4.195702,
            5.318134
          ],
          [
            -4.196244,
            5.317968
          ],
          [
            -4.196962,
            5.317872
          ],
          [
            -4.197793,
            5.317856
          ],
          [
            -4.198592,
            5.317947
          ],
          [
            -4.202769,
            5.319246
          ],
          [
            -4.20383,
            5.319481
          ],
          [
            -4.204479,
            5.319491
          ],
          [
            -4.206803,
            5.319188
          ],
          [
            -4.209132,
            5.318953
          ],
          [
            -4.211503,
            5.318718
          ],
          [
            -4.212516,
            5.318692
          ],
          [
            -4.213423,
            5.318846
          ],
          [
            -4.219002,
            5.321181
          ],
          [
            -4.219538,
            5.321324
          ],
          [
            -4.21993,
            5.321366
          ],
          [
            -4.223562,
            5.321546
          ],
          [
            -4.225292,
            5.321576
          ],
          [
            -4.225446,
            5.321517
          ],
          [
            -4.233012,
            5.320999
          ],
          [
            -4.23406,
            5.320992
          ],
          [
            -4.234685,
            5.321062
          ],
          [
            -4.235467,
            5.321224
          ],
          [
            -4.236372,
            5.321535
          ],
          [
            -4.237213,
            5.321978
          ],
          [
            -4.237956,
            5.322455
          ],
          [
            -4.238833,
            5.323242
          ],
          [
            -4.240193,
            5.324757
          ],
          [
            -4.241126,
            5.325518
          ],
          [
            -4.241915,
            5.325947
          ],
          [
            -4.242612,
            5.326218
          ],
          [
            -4.243425,
            5.326426
          ],
          [
            -4.24407,
            5.326519
          ],
          [
            -4.244677,
            5.326523
          ],
          [
            -4.245479,
            5.326426
          ],
          [
            -4.249098,
            5.325514
          ],
          [
            -4.25507,
            5.324622
          ],
          [
            -4.266735,
            5.324555
          ],
          [
            -4.279988,
            5.324951
          ],
          [
            -4.280651,
            5.32486
          ],
          [
            -4.287243,
            5.32357
          ],
          [
            -4.288023,
            5.323563
          ],
          [
            -4.288543,
            5.323695
          ],
          [
            -4.292074,
            5.325186
          ],
          [
            -4.29959,
            5.328035
          ],
          [
            -4.302363,
            5.329207
          ],
          [
            -4.303096,
            5.329374
          ],
          [
            -4.303513,
            5.329341
          ],
          [
            -4.310329,
            5.3281
          ],
          [
            -4.315863,
            5.327319
          ],
          [
            -4.317458,
            5.326855
          ],
          [
            -4.318608,
            5.326703
          ],
          [
            -4.319386,
            5.326762
          ],
          [
            -4.321738,
            5.327568
          ],
          [
            -4.322558,
            5.327691
          ],
          [
            -4.334516,
            5.32733
          ],
          [
            -4.33501,
            5.327266
          ],
          [
            -4.335694,
            5.327072
          ],
          [
            -4.337946,
            5.326095
          ],
          [
            -4.338746,
            5.325926
          ],
          [
            -4.33933,
            5.325912
          ],
          [
            -4.340409,
            5.326067
          ],
          [
            -4.342625,
            5.32688
          ],
          [
            -4.343655,
            5.327003
          ],
          [
            -4.344315,
            5.326907
          ],
          [
            -4.345026,
            5.326679
          ],
          [
            -4.345625,
            5.326333
          ],
          [
            -4.346663,
            5.325567
          ],
          [
            -4.347466,
            5.325218
          ],
          [
            -4.348166,
            5.325084
          ],
          [
            -4.350637,
            5.324994
          ],
          [
            -4.351296,
            5.324898
          ],
          [
            -4.352137,
            5.324595
          ],
          [
            -4.354042,
            5.323571
          ],
          [
            -4.354931,
            5.323294
          ],
          [
            -4.355359,
            5.323238
          ],
          [
            -4.361867,
            5.323084
          ],
          [
            -4.362587,
            5.323128
          ],
          [
            -4.363338,
            5.323289
          ],
          [
            -4.363921,
            5.323514
          ],
          [
            -4.36541,
            5.324401
          ],
          [
            -4.366098,
            5.324692
          ],
          [
            -4.367005,
            5.324882
          ],
          [
            -4.367979,
            5.324881
          ],
          [
            -4.368916,
            5.324707
          ],
          [
            -4.379444,
            5.322254
          ],
          [
            -4.380334,
            5.322064
          ],
          [
            -4.380737,
            5.322058
          ],
          [
            -4.381171,
            5.322188
          ],
          [
            -4.381493,
            5.322364
          ],
          [
            -4.39271,
            5.332163
          ],
          [
            -4.39271,
            5.332163
          ],
          [
            -4.392992,
            5.331908
          ],
          [
            -4.39433,
            5.331062
          ],
          [
            -4.395018,
            5.330831
          ],
          [
            -4.395382,
            5.330812
          ],
          [
            -4.395889,
            5.330862
          ],
          [
            -4.399399,
            5.3316
          ],
          [
            -4.400819,
            5.331961
          ],
          [
            -4.404743,
            5.332633
          ],
          [
            -4.406427,
            5.333092
          ],
          [
            -4.408114,
            5.333432
          ],
          [
            -4.411003,
            5.333453
          ],
          [
            -4.413693,
            5.333131
          ],
          [
            -4.418293,
            5.332878
          ],
          [
            -4.420076,
            5.333029
          ],
          [
            -4.42228,
            5.333645
          ],
          [
            -4.423193,
            5.334001
          ],
          [
            -4.428894,
            5.337025
          ],
          [
            -4.430305,
            5.337642
          ],
          [
            -4.431824,
            5.338154
          ],
          [
            -4.433707,
            5.338602
          ],
          [
            -4.444596,
            5.340421
          ],
          [
            -4.445386,
            5.340483
          ],
          [
            -4.446524,
            5.340474
          ],
          [
            -4.447578,
            5.340337
          ],
          [
            -4.448821,
            5.340005
          ],
          [
            -4.449307,
            5.339819
          ],
          [
            -4.450489,
            5.339219
          ],
          [
            -4.451129,
            5.338796
          ],
          [
            -4.451656,
            5.338356
          ],
          [
            -4.457454,
            5.33302
          ],
          [
            -4.458058,
            5.332531
          ],
          [
            -4.459001,
            5.331944
          ],
          [
            -4.459602,
            5.331631
          ],
          [
            -4.460531,
            5.331266
          ],
          [
            -4.46134,
            5.331022
          ],
          [
            -4.462336,
            5.330838
          ],
          [
            -4.479043,
            5.329768
          ],
          [
            -4.479755,
            5.329768
          ],
          [
            -4.480778,
            5.329877
          ],
          [
            -4.481776,
            5.330109
          ],
          [
            -4.483751,
            5.330739
          ],
          [
            -4.488701,
            5.332331
          ],
          [
            -4.490618,
            5.333038
          ],
          [
            -4.492311,
            5.334004
          ],
          [
            -4.49508,
            5.336057
          ],
          [
            -4.495896,
            5.336541
          ],
          [
            -4.496495,
            5.336808
          ],
          [
            -4.49732,
            5.33712
          ],
          [
            -4.49845,
            5.337416
          ],
          [
            -4.49965,
            5.337532
          ],
          [
            -4.500716,
            5.337514
          ],
          [
            -4.501858,
            5.337343
          ],
          [
            -4.517803,
            5.334105
          ],
          [
            -4.533443,
            5.33086
          ],
          [
            -4.547459,
            5.328018
          ],
          [
            -4.554499,
            5.326165
          ],
          [
            -4.561558,
            5.324722
          ],
          [
            -4.562931,
            5.32438
          ],
          [
            -4.566193,
            5.324295
          ],
          [
            -4.569626,
            5.325235
          ],
          [
            -4.580011,
            5.331131
          ],
          [
            -4.584303,
            5.333781
          ],
          [
            -4.588251,
            5.335062
          ],
          [
            -4.590311,
            5.335575
          ],
          [
            -4.594946,
            5.335404
          ],
          [
            -4.597778,
            5.334977
          ],
          [
            -4.600868,
            5.334892
          ],
          [
            -4.604044,
            5.334892
          ],
          [
            -4.605675,
            5.334977
          ],
          [
            -4.609451,
            5.335575
          ],
          [
            -4.612713,
            5.336174
          ],
          [
            -4.61915,
            5.337114
          ],
          [
            -4.621811,
            5.336943
          ],
          [
            -4.624214,
            5.336515
          ],
          [
            -4.625759,
            5.336088
          ],
          [
            -4.630136,
            5.33549
          ],
          [
            -4.632969,
            5.335404
          ],
          [
            -4.635973,
            5.335404
          ],
          [
            -4.638977,
            5.335575
          ],
          [
            -4.642668,
            5.336088
          ],
          [
            -4.646358,
            5.33643
          ],
          [
            -4.649878,
            5.336686
          ],
          [
            -4.653997,
            5.337114
          ],
          [
            -4.657602,
            5.337968
          ],
          [
            -4.665327,
            5.340532
          ],
          [
            -4.66773,
            5.341557
          ],
          [
            -4.670219,
            5.342156
          ],
          [
            -4.672279,
            5.342412
          ],
          [
            -4.674768,
            5.341728
          ],
          [
            -4.677172,
            5.340874
          ],
          [
            -4.685669,
            5.337199
          ],
          [
            -4.691763,
            5.333695
          ],
          [
            -4.706268,
            5.324551
          ],
          [
            -4.709616,
            5.322158
          ],
          [
            -4.71365,
            5.31968
          ],
          [
            -4.717856,
            5.317458
          ],
          [
            -4.724207,
            5.314638
          ],
          [
            -4.729185,
            5.312586
          ],
          [
            -4.731073,
            5.312074
          ],
          [
            -4.736481,
            5.310023
          ],
          [
            -4.745235,
            5.306006
          ],
          [
            -4.758539,
            5.300109
          ],
          [
            -4.771586,
            5.293955
          ],
          [
            -4.77519,
            5.292332
          ],
          [
            -4.777422,
            5.291477
          ],
          [
            -4.779482,
            5.29105
          ],
          [
            -4.782143,
            5.290879
          ],
          [
            -4.784889,
            5.291477
          ],
          [
            -4.796476,
            5.29481
          ],
          [
            -4.809523,
            5.298143
          ],
          [
            -4.821796,
            5.301476
          ],
          [
            -4.824715,
            5.301904
          ],
          [
            -4.843426,
            5.302074
          ],
          [
            -4.846258,
            5.30216
          ],
          [
            -4.848833,
            5.302331
          ],
          [
            -4.854584,
            5.30404
          ],
          [
            -4.86454,
            5.306604
          ],
          [
            -4.868059,
            5.307972
          ],
          [
            -4.871321,
            5.309168
          ],
          [
            -4.874668,
            5.310023
          ],
          [
            -4.882479,
            5.310963
          ],
          [
            -4.884195,
            5.310877
          ],
          [
            -4.888573,
            5.308741
          ],
          [
            -4.896469,
            5.303527
          ],
          [
            -4.92548,
            5.284811
          ],
          [
            -4.934235,
            5.278999
          ],
          [
            -4.935694,
            5.277973
          ],
          [
            -4.937153,
            5.276435
          ],
          [
            -4.938354,
            5.274384
          ],
          [
            -4.939814,
            5.271563
          ],
          [
            -4.940672,
            5.269341
          ],
          [
            -4.941874,
            5.267034
          ],
          [
            -4.943934,
            5.264213
          ],
          [
            -4.945822,
            5.262504
          ],
          [
            -4.948568,
            5.261136
          ],
          [
            -4.951658,
            5.260367
          ],
          [
            -4.95492,
            5.260538
          ],
          [
            -4.968481,
            5.262931
          ],
          [
            -4.971056,
            5.263871
          ],
          [
            -4.972687,
            5.265666
          ],
          [
            -4.974489,
            5.268486
          ],
          [
            -4.976892,
            5.269512
          ],
          [
            -4.986162,
            5.273786
          ],
          [
            -4.991398,
            5.27558
          ],
          [
            -4.994659,
            5.275666
          ],
          [
            -5.008993,
            5.27558
          ],
          [
            -5.012169,
            5.275666
          ],
          [
            -5.014572,
            5.275495
          ],
          [
            -5.019207,
            5.275666
          ],
          [
            -5.022211,
            5.275324
          ],
          [
            -5.026503,
            5.27558
          ],
          [
            -5.028648,
            5.275409
          ],
          [
            -5.031052,
            5.27464
          ],
          [
            -5.033455,
            5.273358
          ],
          [
            -5.035858,
            5.272845
          ],
          [
            -5.038433,
            5.272674
          ],
          [
            -5.04075,
            5.272418
          ],
          [
            -5.04324,
            5.272418
          ],
          [
            -5.045557,
            5.272247
          ],
          [
            -5.047703,
            5.271991
          ],
          [
            -5.051737,
            5.270538
          ],
          [
            -5.054312,
            5.269427
          ],
          [
            -5.056801,
            5.268828
          ],
          [
            -5.058346,
            5.267974
          ],
          [
            -5.06238,
            5.266435
          ],
          [
            -5.064354,
            5.26558
          ],
          [
            -5.0671,
            5.265153
          ],
          [
            -5.070362,
            5.265666
          ],
          [
            -5.074224,
            5.266521
          ],
          [
            -5.078173,
            5.267717
          ],
          [
            -5.080662,
            5.26823
          ],
          [
            -5.082893,
            5.268401
          ],
          [
            -5.085983,
            5.26823
          ],
          [
            -5.090532,
            5.266948
          ],
          [
            -5.094051,
            5.26635
          ],
          [
            -5.098171,
            5.265495
          ],
          [
            -5.101004,
            5.26541
          ],
          [
            -5.105638,
            5.265751
          ],
          [
            -5.113363,
            5.268999
          ],
          [
            -5.116625,
            5.270281
          ],
          [
            -5.12023,
            5.271392
          ],
          [
            -5.122976,
            5.271991
          ],
          [
            -5.125294,
            5.272247
          ],
          [
            -5.127697,
            5.271991
          ],
          [
            -5.129757,
            5.271905
          ],
          [
            -5.132074,
            5.271563
          ],
          [
            -5.133619,
            5.271478
          ],
          [
            -5.135593,
            5.27182
          ],
          [
            -5.137567,
            5.272674
          ],
          [
            -5.139542,
            5.273956
          ],
          [
            -5.140829,
            5.27464
          ],
          [
            -5.143576,
            5.275922
          ],
          [
            -5.147095,
            5.27652
          ],
          [
            -5.151815,
            5.277546
          ],
          [
            -5.156364,
            5.278401
          ],
          [
            -5.160227,
            5.280366
          ],
          [
            -5.163403,
            5.282503
          ],
          [
            -5.166235,
            5.284982
          ],
          [
            -5.171041,
            5.288571
          ],
          [
            -5.173359,
            5.28934
          ],
          [
            -5.174732,
            5.289597
          ],
          [
            -5.176449,
            5.290366
          ],
          [
            -5.178337,
            5.291392
          ],
          [
            -5.180569,
            5.293186
          ],
          [
            -5.183873,
            5.295132
          ],
          [
            -5.20147,
            5.302391
          ],
          [
            -5.212972,
            5.307006
          ],
          [
            -5.220911,
            5.310382
          ],
          [
            -5.223057,
            5.311023
          ],
          [
            -5.225417,
            5.311066
          ],
          [
            -5.227262,
            5.310638
          ],
          [
            -5.229108,
            5.31004
          ],
          [
            -5.260731,
            5.303265
          ],
          [
            -5.263975,
            5.302619
          ],
          [
            -5.267649,
            5.302877
          ],
          [
            -5.275841,
            5.304861
          ],
          [
            -5.280851,
            5.305947
          ],
          [
            -5.283906,
            5.306405
          ],
          [
            -5.286123,
            5.306405
          ],
          [
            -5.288042,
            5.306109
          ],
          [
            -5.290178,
            5.305409
          ],
          [
            -5.295558,
            5.303525
          ],
          [
            -5.297775,
            5.302879
          ],
          [
            -5.299694,
            5.302636
          ],
          [
            -5.307793,
            5.302746
          ],
          [
            -5.309025,
            5.30269
          ],
          [
            -5.310319,
            5.302521
          ],
          [
            -5.314202,
            5.3013
          ],
          [
            -5.324012,
            5.29801
          ],
          [
            -5.32575,
            5.297196
          ],
          [
            -5.327146,
            5.296382
          ],
          [
            -5.348229,
            5.279682
          ],
          [
            -5.37071,
            5.263402
          ],
          [
            -5.382223,
            5.253362
          ],
          [
            -5.389731,
            5.248345
          ],
          [
            -5.392326,
            5.246407
          ],
          [
            -5.395408,
            5.242476
          ],
          [
            -5.400599,
            5.237792
          ],
          [
            -5.408764,
            5.228585
          ],
          [
            -5.41071,
            5.224169
          ],
          [
            -5.410927,
            5.220992
          ],
          [
            -5.410818,
            5.217762
          ],
          [
            -5.412495,
            5.214208
          ],
          [
            -5.414279,
            5.209308
          ],
          [
            -5.416171,
            5.206992
          ],
          [
            -5.418767,
            5.205323
          ],
          [
            -5.424091,
            5.202677
          ],
          [
            -5.428984,
            5.200005
          ],
          [
            -5.430721,
            5.199157
          ],
          [
            -5.432118,
            5.197902
          ],
          [
            -5.433684,
            5.194815
          ],
          [
            -5.43457,
            5.193323
          ],
          [
            -5.435456,
            5.192373
          ],
          [
            -5.437159,
            5.191321
          ],
          [
            -5.438589,
            5.190677
          ],
          [
            -5.440701,
            5.190575
          ],
          [
            -5.44581,
            5.190677
          ],
          [
            -5.450136,
            5.19105
          ],
          [
            -5.452384,
            5.191491
          ],
          [
            -5.454292,
            5.192305
          ],
          [
            -5.459912,
            5.195358
          ],
          [
            -5.463046,
            5.196952
          ],
          [
            -5.46635,
            5.198411
          ],
          [
            -5.468938,
            5.199259
          ],
          [
            -5.477522,
            5.201125
          ],
          [
            -5.480826,
            5.201634
          ],
          [
            -5.481882,
            5.201973
          ],
          [
            -5.483108,
            5.202516
          ],
          [
            -5.484232,
            5.202448
          ],
          [
            -5.485084,
            5.20221
          ],
          [
            -5.489614,
            5.200616
          ],
          [
            -5.49159,
            5.200039
          ],
          [
            -5.493156,
            5.199836
          ],
          [
            -5.494928,
            5.199904
          ],
          [
            -5.497176,
            5.200243
          ],
          [
            -5.500888,
            5.200955
          ],
          [
            -5.502796,
            5.201227
          ],
          [
            -5.504124,
            5.20126
          ],
          [
            -5.505896,
            5.200955
          ],
          [
            -5.511472,
            5.199504
          ],
          [
            -5.51263,
            5.199063
          ],
          [
            -5.513464,
            5.198622
          ],
          [
            -5.51428,
            5.197978
          ],
          [
            -5.517686,
            5.19464
          ],
          [
            -5.519687,
            5.193078
          ],
          [
            -5.521471,
            5.192324
          ],
          [
            -5.52385,
            5.19227
          ],
          [
            -5.527851,
            5.192701
          ],
          [
            -5.529798,
            5.192324
          ],
          [
            -5.531528,
            5.191732
          ],
          [
            -5.533637,
            5.190386
          ],
          [
            -5.536719,
            5.189847
          ],
          [
            -5.53899,
            5.189578
          ],
          [
            -5.543315,
            5.189847
          ],
          [
            -5.547533,
            5.189901
          ],
          [
            -5.549695,
            5.190278
          ],
          [
            -5.551047,
            5.190224
          ],
          [
            -5.552615,
            5.189255
          ],
          [
            -5.55467,
            5.187801
          ],
          [
            -5.556887,
            5.185862
          ],
          [
            -5.558995,
            5.184732
          ],
          [
            -5.560401,
            5.18387
          ],
          [
            -5.561807,
            5.182739
          ],
          [
            -5.566349,
            5.17687
          ],
          [
            -5.56916,
            5.173908
          ],
          [
            -5.570783,
            5.172292
          ],
          [
            -5.572729,
            5.171269
          ],
          [
            -5.57792,
            5.168308
          ],
          [
            -5.580029,
            5.166746
          ],
          [
            -5.583759,
            5.162222
          ],
          [
            -5.585706,
            5.157376
          ],
          [
            -5.586463,
            5.155222
          ],
          [
            -5.58922,
            5.15226
          ],
          [
            -5.592465,
            5.147898
          ],
          [
            -5.601927,
            5.138689
          ],
          [
            -5.604198,
            5.135781
          ],
          [
            -5.606198,
            5.134058
          ],
          [
            -5.611011,
            5.130665
          ],
          [
            -5.61339,
            5.128619
          ],
          [
            -5.615174,
            5.127865
          ],
          [
            -5.617229,
            5.127649
          ],
          [
            -5.623501,
            5.127488
          ],
          [
            -5.625664000000001,
            5.126895
          ],
          [
            -5.627718,
            5.125872
          ],
          [
            -5.631611,
            5.123287
          ],
          [
            -5.633558,
            5.122695
          ],
          [
            -5.635234,
            5.122479
          ],
          [
            -5.640317,
            5.122102
          ],
          [
            -5.642209,
            5.122102
          ],
          [
            -5.643398999999999,
            5.121887
          ],
          [
            -5.644588,
            5.121402
          ],
          [
            -5.654628,
            5.115184
          ],
          [
            -5.661166,
            5.111321
          ],
          [
            -5.665185,
            5.109354
          ],
          [
            -5.667228999999999,
            5.108879
          ],
          [
            -5.693252,
            5.110371
          ],
          [
            -5.715665,
            5.109625
          ],
          [
            -5.720705999999999,
            5.109829
          ],
          [
            -5.723499,
            5.109761
          ],
          [
            -5.727723,
            5.109014
          ],
          [
            -5.732492,
            5.107996
          ],
          [
            -5.737056,
            5.107793
          ],
          [
            -5.739780999999999,
            5.107589
          ],
          [
            -5.743889,
            5.106736
          ],
          [
            -5.745734,
            5.105967
          ],
          [
            -5.747966,
            5.105539
          ],
          [
            -5.75097,
            5.105582
          ],
          [
            -5.754446,
            5.106266
          ],
          [
            -5.774359,
            5.112165
          ],
          [
            -5.784743999999999,
            5.115456
          ],
          [
            -5.788778,
            5.117037
          ],
          [
            -5.790838,
            5.11755
          ],
          [
            -5.792298,
            5.117593
          ],
          [
            -5.797834,
            5.117123
          ],
          [
            -5.799936000000001,
            5.11708
          ],
          [
            -5.801696,
            5.117294
          ],
          [
            -5.808936,
            5.119049
          ],
          [
            -5.812235,
            5.119211
          ],
          [
            -5.814452,
            5.119103
          ],
          [
            -5.816722,
            5.118511
          ],
          [
            -5.819696,
            5.116841
          ],
          [
            -5.822562000000001,
            5.114202
          ],
          [
            -5.823751,
            5.113233
          ],
          [
            -5.826293,
            5.113018
          ],
          [
            -5.831676999999999,
            5.113262
          ],
          [
            -5.837342,
            5.112664
          ],
          [
            -5.839488,
            5.111766
          ],
          [
            -5.841161,
            5.110911
          ],
          [
            -5.842234,
            5.110056
          ],
          [
            -5.843263999999999,
            5.108218
          ],
          [
            -5.843908,
            5.106337
          ],
          [
            -5.844165,
            5.104927
          ],
          [
            -5.844895,
            5.103858
          ],
          [
            -5.846275,
            5.102424
          ],
          [
            -5.851574,
            5.095692
          ],
          [
            -5.854277,
            5.093214
          ],
          [
            -5.855683,
            5.092514
          ],
          [
            -5.858062,
            5.091975
          ],
          [
            -5.860928,
            5.091975
          ],
          [
            -5.864226,
            5.091652
          ],
          [
            -5.865902,
            5.090898
          ],
          [
            -5.869092,
            5.087882
          ],
          [
            -5.873688,
            5.083843
          ],
          [
            -5.878825000000001,
            5.080504
          ],
          [
            -5.88753,
            5.07528
          ],
          [
            -5.88926,
            5.074472
          ],
          [
            -5.894289,
            5.073233
          ],
          [
            -5.902399,
            5.070378
          ],
          [
            -5.911753,
            5.066878
          ],
          [
            -5.927578,
            5.060531
          ],
          [
            -5.933028,
            5.058223
          ],
          [
            -5.934874,
            5.057111
          ],
          [
            -5.936160999999999,
            5.056513
          ],
          [
            -5.940538,
            5.055572
          ],
          [
            -5.951568,
            5.053563
          ],
          [
            -5.955387,
            5.053136
          ],
          [
            -5.958605999999999,
            5.052879
          ],
          [
            -5.965515,
            5.053136
          ],
          [
            -5.967960999999999,
            5.052751
          ],
          [
            -5.969206,
            5.052452
          ],
          [
            -5.970493,
            5.05211
          ],
          [
            -5.977359999999999,
            5.049887
          ],
          [
            -5.981523000000001,
            5.048391
          ],
          [
            -5.989076,
            5.045355
          ],
          [
            -5.996886,
            5.04185
          ],
          [
            -5.998559999999999,
            5.041337
          ],
          [
            -5.99989,
            5.040995
          ],
          [
            -6.002293999999999,
            5.040739
          ],
          [
            -6.006843,
            5.039884
          ],
          [
            -6.016768,
            5.037342
          ],
          [
            -6.02542,
            5.03534
          ],
          [
            -6.028043,
            5.035171
          ],
          [
            -6.030087,
            5.034662
          ],
          [
            -6.039045,
            5.031099
          ],
          [
            -6.044665,
            5.030115
          ],
          [
            -6.049195,
            5.028961
          ],
          [
            -6.062854,
            5.024381
          ],
          [
            -6.072528,
            5.021462
          ],
          [
            -6.076445,
            5.020207
          ],
          [
            -6.078467,
            5.01984
          ],
          [
            -6.079223,
            5.019844
          ],
          [
            -6.079223,
            5.019844
          ],
          [
            -6.079988000000001,
            5.019811
          ],
          [
            -6.083851,
            5.020067
          ],
          [
            -6.090116000000001,
            5.020067
          ],
          [
            -6.094065,
            5.019212
          ],
          [
            -6.095266,
            5.018528
          ],
          [
            -6.096639999999999,
            5.018015
          ],
          [
            -6.099644000000001,
            5.016647
          ],
          [
            -6.100845,
            5.01622
          ],
          [
            -6.102647999999999,
            5.015365
          ],
          [
            -6.103849,
            5.014253
          ],
          [
            -6.104708000000001,
            5.013142
          ],
          [
            -6.105480000000001,
            5.011688
          ],
          [
            -6.107798,
            5.009123
          ],
          [
            -6.109257000000001,
            5.00784
          ],
          [
            -6.110544,
            5.006986
          ],
          [
            -6.112089,
            5.006302
          ],
          [
            -6.113634,
            5.005446
          ],
          [
            -6.114836,
            5.004848
          ],
          [
            -6.117840000000001,
            5.004078
          ],
          [
            -6.118326,
            5.004015
          ],
          [
            -6.119650000000001,
            5.00356
          ],
          [
            -6.12075,
            5.00306
          ],
          [
            -6.121616000000001,
            5.002595
          ],
          [
            -6.122775,
            5.001818
          ],
          [
            -6.124046,
            5.000805
          ],
          [
            -6.124555999999999,
            5.000806
          ],
          [
            -6.127195,
            4.998606
          ],
          [
            -6.128483,
            4.997751
          ],
          [
            -6.131916000000001,
            4.994673
          ],
          [
            -6.133976,
            4.993048
          ],
          [
            -6.135778,
            4.991937
          ],
          [
            -6.135778,
            4.991937
          ],
          [
            -6.139555000000001,
            4.988944
          ],
          [
            -6.142816,
            4.986635
          ],
          [
            -6.14625,
            4.984498
          ],
          [
            -6.14747,
            4.983666
          ],
          [
            -6.147427,
            4.983245
          ],
          [
            -6.147993,
            4.982982
          ],
          [
            -6.149580000000001,
            4.982372
          ],
          [
            -6.152119000000001,
            4.981506
          ],
          [
            -6.153611999999999,
            4.98107
          ],
          [
            -6.15719,
            4.98023
          ],
          [
            -6.161178999999999,
            4.979474
          ],
          [
            -6.164317,
            4.978728
          ],
          [
            -6.167188999999999,
            4.976956
          ],
          [
            -6.171141,
            4.975178
          ],
          [
            -6.174917,
            4.973125
          ],
          [
            -6.176119,
            4.972612
          ],
          [
            -6.179295,
            4.970817
          ],
          [
            -6.182728,
            4.969876
          ],
          [
            -6.186161,
            4.969106
          ],
          [
            -6.193628,
            4.965857
          ],
          [
            -6.197491000000001,
            4.963377
          ],
          [
            -6.202296999999999,
            4.961924
          ],
          [
            -6.205301,
            4.960898
          ],
          [
            -6.207275,
            4.960385
          ],
          [
            -6.21088,
            4.958589
          ],
          [
            -6.213026000000001,
            4.957819
          ],
          [
            -6.217146,
            4.955938
          ],
          [
            -6.21809,
            4.955767
          ],
          [
            -6.239203999999999,
            4.94961
          ],
          [
            -6.241522,
            4.94961
          ],
          [
            -6.243839,
            4.949268
          ],
          [
            -6.245298,
            4.948242
          ],
          [
            -6.247187,
            4.946617
          ],
          [
            -6.248903,
            4.945762
          ],
          [
            -6.259117,
            4.942684
          ],
          [
            -6.260834,
            4.942342
          ],
          [
            -6.267700000000001,
            4.941145
          ],
          [
            -6.272936000000001,
            4.940632
          ],
          [
            -6.275425000000001,
            4.939862
          ],
          [
            -6.277742,
            4.938237
          ],
          [
            -6.279888,
            4.937895
          ],
          [
            -6.281691,
            4.937382
          ],
          [
            -6.282978,
            4.936271
          ],
          [
            -6.284266,
            4.93533
          ],
          [
            -6.285725000000001,
            4.93456
          ],
          [
            -6.289158,
            4.934304
          ],
          [
            -6.290617,
            4.933705
          ],
          [
            -6.290659,
            4.933346
          ],
          [
            -6.293203999999999,
            4.932135
          ],
          [
            -6.293965999999999,
            4.931638
          ],
          [
            -6.294276,
            4.931749
          ],
          [
            -6.294078,
            4.931539
          ],
          [
            -6.294989999999999,
            4.930517
          ],
          [
            -6.295779,
            4.929797
          ],
          [
            -6.296411,
            4.929444
          ],
          [
            -6.296769,
            4.929296
          ],
          [
            -6.297501,
            4.929113
          ],
          [
            -6.30029,
            4.928593
          ],
          [
            -6.300564,
            4.928885
          ],
          [
            -6.301602999999999,
            4.92866
          ],
          [
            -6.302376000000001,
            4.927805
          ],
          [
            -6.304865,
            4.926351
          ],
          [
            -6.313877,
            4.92293
          ],
          [
            -6.317911000000001,
            4.920793
          ],
          [
            -6.323748000000001,
            4.9178
          ],
          [
            -6.326752,
            4.916346
          ],
          [
            -6.333361,
            4.913609
          ],
          [
            -6.335079,
            4.913524
          ],
          [
            -6.335721,
            4.913254
          ],
          [
            -6.337394999999999,
            4.913436
          ],
          [
            -6.338028,
            4.91338
          ],
          [
            -6.339202000000001,
            4.913091
          ],
          [
            -6.342207000000001,
            4.912161
          ],
          [
            -6.342249,
            4.913306
          ],
          [
            -6.34355,
            4.91172
          ],
          [
            -6.348148000000001,
            4.910198
          ],
          [
            -6.349042,
            4.909833
          ],
          [
            -6.349936999999999,
            4.909394
          ],
          [
            -6.350323,
            4.909808
          ],
          [
            -6.355848,
            4.905742
          ],
          [
            -6.356068,
            4.905528
          ],
          [
            -6.355996,
            4.905304
          ],
          [
            -6.357548,
            4.903915
          ],
          [
            -6.360891,
            4.900619
          ],
          [
            -6.36125,
            4.900582
          ],
          [
            -6.365976,
            4.89625
          ],
          [
            -6.369324,
            4.892572
          ],
          [
            -6.371298,
            4.890178
          ],
          [
            -6.37516,
            4.886415
          ],
          [
            -6.378336,
            4.883593
          ],
          [
            -6.380824999999999,
            4.881284
          ],
          [
            -6.382885,
            4.880172
          ],
          [
            -6.386489999999999,
            4.879659
          ],
          [
            -6.389408,
            4.880172
          ],
          [
            -6.391897,
            4.880856
          ],
          [
            -6.396446,
            4.881198
          ],
          [
            -6.399193,
            4.881113
          ],
          [
            -6.401768,
            4.880771
          ],
          [
            -6.405630000000001,
            4.879659
          ],
          [
            -6.409407,
            4.878291
          ],
          [
            -6.412239,
            4.877436
          ],
          [
            -6.415243,
            4.876153
          ],
          [
            -6.417388999999999,
            4.876153
          ],
          [
            -6.419878,
            4.876409
          ],
          [
            -6.421336999999999,
            4.877008
          ],
          [
            -6.423569000000001,
            4.876837
          ],
          [
            -6.427517000000001,
            4.875554
          ],
          [
            -6.431551,
            4.872732
          ],
          [
            -6.434983999999999,
            4.869311
          ],
          [
            -6.437473,
            4.867173
          ],
          [
            -6.439104,
            4.865548
          ],
          [
            -6.440906,
            4.86418
          ],
          [
            -6.442022,
            4.863838
          ],
          [
            -6.443825,
            4.863667
          ],
          [
            -6.445799,
            4.863581
          ],
          [
            -6.44803,
            4.863667
          ],
          [
            -6.45112,
            4.864607
          ],
          [
            -6.455326,
            4.864265
          ],
          [
            -6.457987,
            4.863496
          ],
          [
            -6.460562,
            4.862982
          ],
          [
            -6.464081000000001,
            4.862042
          ],
          [
            -6.467428000000001,
            4.860502
          ],
          [
            -6.469402,
            4.858022
          ],
          [
            -6.470861,
            4.85597
          ],
          [
            -6.472835999999999,
            4.854345
          ],
          [
            -6.475925,
            4.852634
          ],
          [
            -6.477642,
            4.85195
          ],
          [
            -6.480045,
            4.85272
          ],
          [
            -6.48262,
            4.853404
          ],
          [
            -6.486826,
            4.853147
          ],
          [
            -6.492405,
            4.85195
          ],
          [
            -6.497555,
            4.850753
          ],
          [
            -6.500558999999999,
            4.849726
          ],
          [
            -6.504679,
            4.847674
          ],
          [
            -6.507168000000001,
            4.846733
          ],
          [
            -6.510172,
            4.846134
          ],
          [
            -6.511373,
            4.846391
          ],
          [
            -6.513004,
            4.84699
          ],
          [
            -6.514807,
            4.846904
          ],
          [
            -6.51618,
            4.846562
          ],
          [
            -6.518068,
            4.846306
          ],
          [
            -6.519699000000001,
            4.846648
          ],
          [
            -6.521931,
            4.848273
          ],
          [
            -6.52442,
            4.849042
          ],
          [
            -6.52914,
            4.849898
          ],
          [
            -6.531115000000001,
            4.849983
          ],
          [
            -6.532659,
            4.850411
          ],
          [
            -6.534204,
            4.850496
          ],
          [
            -6.536093,
            4.850496
          ],
          [
            -6.537552,
            4.850069
          ],
          [
            -6.539097,
            4.849384
          ],
          [
            -6.540642,
            4.848615
          ],
          [
            -6.541672,
            4.848273
          ],
          [
            -6.542616,
            4.848358
          ],
          [
            -6.54459,
            4.849128
          ],
          [
            -6.546736,
            4.849726
          ],
          [
            -6.548624,
            4.849812
          ],
          [
            -6.550512,
            4.849384
          ],
          [
            -6.552056999999999,
            4.848615
          ],
          [
            -6.553173,
            4.847759
          ],
          [
            -6.555833999999999,
            4.846819
          ],
          [
            -6.557550000000001,
            4.846306
          ],
          [
            -6.562786000000001,
            4.84374
          ],
          [
            -6.564234,
            4.843334
          ],
          [
            -6.564921,
            4.843216
          ],
          [
            -6.565876,
            4.8432
          ],
          [
            -6.571503000000001,
            4.843697
          ],
          [
            -6.572249,
            4.84366
          ],
          [
            -6.573209000000001,
            4.843494
          ],
          [
            -6.574475000000001,
            4.843088
          ],
          [
            -6.575564,
            4.842542
          ],
          [
            -6.576235,
            4.842126
          ],
          [
            -6.578390999999999,
            4.840287
          ],
          [
            -6.579469,
            4.839138
          ],
          [
            -6.580301,
            4.838389
          ],
          [
            -6.580836999999999,
            4.838004
          ],
          [
            -6.58146,
            4.837646
          ],
          [
            -6.582247999999999,
            4.837283
          ],
          [
            -6.583198,
            4.836957
          ],
          [
            -6.584952,
            4.836513
          ],
          [
            -6.586255,
            4.836214
          ],
          [
            -6.58736,
            4.836048
          ],
          [
            -6.588943,
            4.835952
          ],
          [
            -6.591034999999999,
            4.836064
          ],
          [
            -6.591898999999999,
            4.835925
          ],
          [
            -6.592221,
            4.835797
          ],
          [
            -6.592901999999999,
            4.835337
          ],
          [
            -6.59456,
            4.833263
          ],
          [
            -6.594758,
            4.833092
          ],
          [
            -6.595504000000001,
            4.832638
          ],
          [
            -6.595874,
            4.832466
          ],
          [
            -6.596308,
            4.832349
          ],
          [
            -6.597053999999999,
            4.832274
          ],
          [
            -6.600643,
            4.832616
          ],
          [
            -6.601297,
            4.832531
          ],
          [
            -6.601802,
            4.832392
          ],
          [
            -6.605975000000001,
            4.830665
          ],
          [
            -6.606973,
            4.830216
          ],
          [
            -6.607794,
            4.829756
          ],
          [
            -6.611564999999999,
            4.826865
          ],
          [
            -6.614156000000001,
            4.8247
          ],
          [
            -6.615614999999999,
            4.823716
          ],
          [
            -6.616285,
            4.823342
          ],
          [
            -6.617470999999999,
            4.822797
          ],
          [
            -6.623662,
            4.820717
          ],
          [
            -6.625050999999999,
            4.820338
          ],
          [
            -6.626081,
            4.820215
          ],
          [
            -6.626757000000001,
            4.82021
          ],
          [
            -6.630356,
            4.820391
          ],
          [
            -6.631182,
            4.820316
          ],
          [
            -6.631751000000001,
            4.820145
          ],
          [
            -6.632641999999999,
            4.81967
          ],
          [
            -6.633687999999999,
            4.818884
          ],
          [
            -6.636139,
            4.816446
          ],
          [
            -6.637102000000001,
            4.815398
          ],
          [
            -6.637591999999999,
            4.814976
          ],
          [
            -6.638307999999999,
            4.814516
          ],
          [
            -6.638696,
            4.814361
          ],
          [
            -6.639487,
            4.814168
          ],
          [
            -6.643239,
            4.813964
          ],
          [
            -6.643239,
            4.813964
          ],
          [
            -6.643304000000001,
            4.811102
          ],
          [
            -6.643524,
            4.809476
          ],
          [
            -6.647399,
            4.793498
          ],
          [
            -6.647646,
            4.792226
          ],
          [
            -6.647667,
            4.791664
          ],
          [
            -6.647324,
            4.78256
          ],
          [
            -6.646793,
            4.778503
          ],
          [
            -6.646793,
            4.778503
          ],
          [
            -6.647012999999999,
            4.778418
          ],
          [
            -6.647077,
            4.778204
          ],
          [
            -6.647034,
            4.778054
          ],
          [
            -6.646820000000001,
            4.777899
          ],
          [
            -6.646568000000001,
            4.778033
          ],
          [
            -6.646514999999999,
            4.778214
          ],
          [
            -6.645397999999999,
            4.778161
          ],
          [
            -6.644958,
            4.777952
          ],
          [
            -6.644792,
            4.777771
          ],
          [
            -6.644712,
            4.777578
          ],
          [
            -6.644604,
            4.775424
          ],
          [
            -6.644395000000001,
            4.766539
          ],
          [
            -6.644271999999999,
            4.76625
          ],
          [
            -6.644175,
            4.766085
          ],
          [
            -6.643907000000001,
            4.765839
          ],
          [
            -6.637448,
            4.761433
          ]
        ]
      },
      "properties": {
        "name": "abidjan - san pedro",
        "folder": "FO EARTH",
        "stroke-width": 5,
        "stroke": "#FF0000"
      }
    },
    {
      "type": "Feature",
      "geometry": {
        "type": "LineString",
        "coordinates": [
          [
            -5.60616402260893,
            5.13419901416106
          ],
          [
            -5.599968665298833,
            5.12731433167644
          ],
          [
            -5.595673832886602,
            5.124038203048355
          ],
          [
            -5.593661643918634,
            5.121133900255687
          ],
          [
            -5.590856434232643,
            5.117463487287765
          ],
          [
            -5.588822204582066,
            5.113971722106788
          ],
          [
            -5.587081841376556,
            5.111560687597746
          ],
          [
            -5.586016914316182,
            5.108655722920504
          ],
          [
            -5.585357313436946,
            5.105146367073601
          ]
        ]
      },
      "properties": {
        "name": "fresco",
        "folder": "FO EARTH",
        "stroke-width": 5,
        "stroke": "#FF0000"
      }
    },
    {
      "type": "Feature",
      "geometry": {
        "type": "LineString",
        "coordinates": [
          [
            -4.044993,
            5.359746
          ],
          [
            -4.045228,
            5.359602
          ],
          [
            -4.047425,
            5.359214
          ],
          [
            -4.051928,
            5.358025
          ],
          [
            -4.052544,
            5.357916
          ],
          [
            -4.053466,
            5.357853
          ],
          [
            -4.054114,
            5.357904
          ],
          [
            -4.0549,
            5.358066
          ],
          [
            -4.057137,
            5.358863
          ],
          [
            -4.058483,
            5.359134
          ],
          [
            -4.074104,
            5.360169
          ],
          [
            -4.075463,
            5.360327
          ],
          [
            -4.076766,
            5.360637
          ],
          [
            -4.077951,
            5.361136
          ],
          [
            -4.086267,
            5.365541
          ],
          [
            -4.087414,
            5.365996
          ],
          [
            -4.088445,
            5.366163
          ],
          [
            -4.094086,
            5.366224
          ],
          [
            -4.096762,
            5.366192
          ],
          [
            -4.098874,
            5.366388
          ],
          [
            -4.09913,
            5.366359
          ],
          [
            -4.100347,
            5.366745
          ],
          [
            -4.102127,
            5.367513
          ],
          [
            -4.104028,
            5.368496
          ],
          [
            -4.107623,
            5.370061
          ],
          [
            -4.109654,
            5.370782
          ],
          [
            -4.111522,
            5.371323
          ],
          [
            -4.113358,
            5.37173
          ],
          [
            -4.118076,
            5.372499
          ],
          [
            -4.119272,
            5.372984
          ],
          [
            -4.11973,
            5.373228
          ],
          [
            -4.120382,
            5.373681
          ],
          [
            -4.1211,
            5.37436
          ],
          [
            -4.122689,
            5.376398
          ],
          [
            -4.123271,
            5.377059
          ],
          [
            -4.124252,
            5.37787
          ],
          [
            -4.12506,
            5.37836
          ],
          [
            -4.125805,
            5.378627
          ],
          [
            -4.127265,
            5.378957
          ],
          [
            -4.130766,
            5.379649
          ],
          [
            -4.13215,
            5.380161
          ],
          [
            -4.132723,
            5.380452
          ],
          [
            -4.133169,
            5.380684
          ],
          [
            -4.134628,
            5.381656
          ],
          [
            -4.136086,
            5.382692
          ],
          [
            -4.138871,
            5.385022
          ],
          [
            -4.140048,
            5.386508
          ],
          [
            -4.14053,
            5.387405
          ],
          [
            -4.140861,
            5.388495
          ],
          [
            -4.141042,
            5.38966
          ],
          [
            -4.141211,
            5.39169
          ],
          [
            -4.141403,
            5.392673
          ],
          [
            -4.14168,
            5.393528
          ],
          [
            -4.142236,
            5.394661
          ],
          [
            -4.14448,
            5.398111
          ],
          [
            -4.145701,
            5.399834
          ],
          [
            -4.146472,
            5.400711
          ],
          [
            -4.148868,
            5.402775
          ],
          [
            -4.152387,
            5.405617
          ],
          [
            -4.152827,
            5.406075
          ],
          [
            -4.154653,
            5.407634
          ],
          [
            -4.155654,
            5.40866
          ],
          [
            -4.157589,
            5.411117
          ],
          [
            -4.158335,
            5.412468
          ],
          [
            -4.159091,
            5.41414
          ],
          [
            -4.159622,
            5.415731
          ],
          [
            -4.160518,
            5.418758
          ],
          [
            -4.161034,
            5.420024
          ],
          [
            -4.161426,
            5.420793
          ],
          [
            -4.162011,
            5.421621
          ],
          [
            -4.162794,
            5.422507
          ],
          [
            -4.163808,
            5.423576
          ],
          [
            -4.167402,
            5.427138
          ],
          [
            -4.168341,
            5.428152
          ],
          [
            -4.168893,
            5.428868
          ],
          [
            -4.169762,
            5.430518
          ],
          [
            -4.170696,
            5.432846
          ],
          [
            -4.171318,
            5.434096
          ],
          [
            -4.17208,
            5.435233
          ],
          [
            -4.174912,
            5.438678
          ],
          [
            -4.175652,
            5.439799
          ],
          [
            -4.176274,
            5.441001
          ],
          [
            -4.176769,
            5.442147
          ],
          [
            -4.178452,
            5.44821
          ],
          [
            -4.178935,
            5.449743
          ],
          [
            -4.179547,
            5.451265
          ],
          [
            -4.180003,
            5.452098
          ],
          [
            -4.180437,
            5.452851
          ],
          [
            -4.181419,
            5.454138
          ],
          [
            -4.182279,
            5.455079
          ],
          [
            -4.183495,
            5.456178
          ],
          [
            -4.184584,
            5.45727
          ],
          [
            -4.185458,
            5.4583
          ],
          [
            -4.185458,
            5.4583
          ],
          [
            -4.186126,
            5.459288
          ],
          [
            -4.187248,
            5.461294
          ],
          [
            -4.187524,
            5.461619
          ],
          [
            -4.188205,
            5.462741
          ],
          [
            -4.188859,
            5.463515
          ],
          [
            -4.189294,
            5.463921
          ],
          [
            -4.190067,
            5.464503
          ],
          [
            -4.190785,
            5.464919
          ],
          [
            -4.191824,
            5.465371
          ],
          [
            -4.194261,
            5.466073
          ],
          [
            -4.195662,
            5.466596
          ],
          [
            -4.197153,
            5.467317
          ],
          [
            -4.198312,
            5.468081
          ],
          [
            -4.201332,
            5.470388
          ],
          [
            -4.204068,
            5.472598
          ],
          [
            -4.205752,
            5.473848
          ],
          [
            -4.206978,
            5.474853
          ],
          [
            -4.212179,
            5.478867
          ],
          [
            -4.212801,
            5.479434
          ],
          [
            -4.213842,
            5.480608
          ],
          [
            -4.217226,
            5.48519
          ],
          [
            -4.2178,
            5.485879
          ],
          [
            -4.218289,
            5.486327
          ],
          [
            -4.218922,
            5.486818
          ],
          [
            -4.219592,
            5.487256
          ],
          [
            -4.220461,
            5.487668
          ],
          [
            -4.221822,
            5.487935
          ],
          [
            -4.221846,
            5.488045
          ],
          [
            -4.2241,
            5.488745
          ],
          [
            -4.22604,
            5.489692
          ],
          [
            -4.226756,
            5.490157
          ],
          [
            -4.232615,
            5.494549
          ],
          [
            -4.23321,
            5.495093
          ],
          [
            -4.235503,
            5.497705
          ],
          [
            -4.236972,
            5.499121
          ],
          [
            -4.238474,
            5.500231
          ],
          [
            -4.23941,
            5.500747
          ],
          [
            -4.240474,
            5.501238
          ],
          [
            -4.241398,
            5.501566
          ],
          [
            -4.242986,
            5.502034
          ],
          [
            -4.257116,
            5.505337
          ],
          [
            -4.261869,
            5.506383
          ],
          [
            -4.263393,
            5.506816
          ],
          [
            -4.263918,
            5.507051
          ],
          [
            -4.264621,
            5.507489
          ],
          [
            -4.266874,
            5.509064
          ],
          [
            -4.268076,
            5.509795
          ],
          [
            -4.268875,
            5.51018
          ],
          [
            -4.270206,
            5.510543
          ],
          [
            -4.271176,
            5.510655
          ],
          [
            -4.272566,
            5.510612
          ],
          [
            -4.273349,
            5.510484
          ],
          [
            -4.276364,
            5.509689
          ],
          [
            -4.277313,
            5.509528
          ],
          [
            -4.278005,
            5.509486
          ],
          [
            -4.279406,
            5.509582
          ],
          [
            -4.280425,
            5.509779
          ],
          [
            -4.281235,
            5.510078
          ],
          [
            -4.281943,
            5.510425
          ],
          [
            -4.283075,
            5.511221
          ],
          [
            -4.283574,
            5.511638
          ],
          [
            -4.284185,
            5.512225
          ],
          [
            -4.284926,
            5.513207
          ],
          [
            -4.285435,
            5.514174
          ],
          [
            -4.28801,
            5.519722
          ],
          [
            -4.288992,
            5.521574
          ],
          [
            -4.29,
            5.523406
          ],
          [
            -4.293852,
            5.52984
          ],
          [
            -4.294619,
            5.530983
          ],
          [
            -4.295536,
            5.53196
          ],
          [
            -4.298127,
            5.53417
          ],
          [
            -4.301748,
            5.536963
          ],
          [
            -4.302918,
            5.537566
          ],
          [
            -4.306292,
            5.538778
          ],
          [
            -4.307123,
            5.539125
          ],
          [
            -4.307939,
            5.539547
          ],
          [
            -4.309639,
            5.540487
          ],
          [
            -4.317504,
            5.545266
          ],
          [
            -4.319231,
            5.546269
          ],
          [
            -4.320476,
            5.547262
          ],
          [
            -4.322777,
            5.549473
          ],
          [
            -4.324016,
            5.550471
          ],
          [
            -4.324531,
            5.550776
          ],
          [
            -4.325234,
            5.551128
          ],
          [
            -4.326183,
            5.551496
          ],
          [
            -4.327261,
            5.551822
          ],
          [
            -4.329949,
            5.552404
          ],
          [
            -4.330561,
            5.552612
          ],
          [
            -4.331483,
            5.553018
          ],
          [
            -4.334337,
            5.554566
          ],
          [
            -4.339133,
            5.557295
          ],
          [
            -4.340549,
            5.558192
          ],
          [
            -4.341965,
            5.55934
          ],
          [
            -4.344685,
            5.561721
          ],
          [
            -4.345479,
            5.562314
          ],
          [
            -4.346375,
            5.562853
          ],
          [
            -4.347228,
            5.563232
          ],
          [
            -4.348006,
            5.563478
          ],
          [
            -4.352855,
            5.564433
          ],
          [
            -4.353628,
            5.564642
          ],
          [
            -4.354792,
            5.565042
          ],
          [
            -4.35653,
            5.565891
          ],
          [
            -4.362592,
            5.569917
          ],
          [
            -4.364721,
            5.571422
          ],
          [
            -4.365821,
            5.572426
          ],
          [
            -4.368026,
            5.574663
          ],
          [
            -4.36897,
            5.575443
          ],
          [
            -4.369624,
            5.575907
          ],
          [
            -4.370611,
            5.576521
          ],
          [
            -4.372049,
            5.577055
          ],
          [
            -4.375563,
            5.578133
          ],
          [
            -4.377156,
            5.57886
          ],
          [
            -4.378304,
            5.579522
          ],
          [
            -4.378915,
            5.579943
          ],
          [
            -4.379779,
            5.580573
          ],
          [
            -4.381142,
            5.581828
          ],
          [
            -4.381893,
            5.58273
          ],
          [
            -4.38348,
            5.584935
          ],
          [
            -4.384081,
            5.585629
          ],
          [
            -4.385251,
            5.586649
          ],
          [
            -4.393753,
            5.591758
          ],
          [
            -4.39753,
            5.593921
          ],
          [
            -4.398592,
            5.59438
          ],
          [
            -4.399912,
            5.594802
          ],
          [
            -4.402245,
            5.5954
          ],
          [
            -4.403624,
            5.595939
          ],
          [
            -4.404831,
            5.596211
          ],
          [
            -4.405775,
            5.597023
          ],
          [
            -4.406848,
            5.598389
          ],
          [
            -4.408307,
            5.59997
          ],
          [
            -4.409938,
            5.601934
          ],
          [
            -4.411225,
            5.60313
          ],
          [
            -4.412212,
            5.604283
          ],
          [
            -4.413843,
            5.605052
          ],
          [
            -4.415259,
            5.60565
          ],
          [
            -4.418135,
            5.606163
          ],
          [
            -4.421053,
            5.606931
          ],
          [
            -4.423971,
            5.607358
          ],
          [
            -4.42586,
            5.608383
          ],
          [
            -4.429293,
            5.610434
          ],
          [
            -4.433327,
            5.613252
          ],
          [
            -4.437017,
            5.615559
          ],
          [
            -4.439249,
            5.618377
          ],
          [
            -4.44191,
            5.622392
          ],
          [
            -4.445686,
            5.628713000000001
          ],
          [
            -4.449635,
            5.633837999999999
          ],
          [
            -4.451952,
            5.635632
          ],
          [
            -4.455299,
            5.637426
          ],
          [
            -4.45899,
            5.639134
          ],
          [
            -4.464483,
            5.640757000000001
          ],
          [
            -4.468088,
            5.642636
          ],
          [
            -4.471607,
            5.645369
          ],
          [
            -4.47504,
            5.646992000000001
          ],
          [
            -4.47813,
            5.648187999999999
          ],
          [
            -4.482079,
            5.649811
          ],
          [
            -4.48431,
            5.651434
          ],
          [
            -4.489117,
            5.656301999999999
          ],
          [
            -4.491777,
            5.659633
          ],
          [
            -4.494266,
            5.663391
          ],
          [
            -4.500532,
            5.67142
          ],
          [
            -4.50654,
            5.679278000000001
          ],
          [
            -4.511261,
            5.688843
          ],
          [
            -4.513321,
            5.691747
          ],
          [
            -4.514008,
            5.693626
          ],
          [
            -4.514093,
            5.697299
          ],
          [
            -4.514523,
            5.700799999999999
          ],
          [
            -4.515381,
            5.703533
          ],
          [
            -4.517098,
            5.707035000000001
          ],
          [
            -4.520445,
            5.710109999999999
          ],
          [
            -4.522247,
            5.711903
          ],
          [
            -4.524822,
            5.714892
          ],
          [
            -4.527483,
            5.717369
          ],
          [
            -4.530573,
            5.718394000000001
          ],
          [
            -4.532461,
            5.719760000000001
          ],
          [
            -4.534521,
            5.722237
          ],
          [
            -4.536152,
            5.725141
          ],
          [
            -4.537439,
            5.730606000000001
          ],
          [
            -4.539414,
            5.734364
          ],
          [
            -4.54319,
            5.736670000000001
          ],
          [
            -4.54731,
            5.740513
          ],
          [
            -4.550056,
            5.743929
          ],
          [
            -4.554262,
            5.749906999999999
          ],
          [
            -4.555206,
            5.752042
          ],
          [
            -4.556065,
            5.755885
          ],
          [
            -4.557009,
            5.760838
          ],
          [
            -4.559326,
            5.765364
          ],
          [
            -4.559927,
            5.769121
          ],
          [
            -4.56233,
            5.772025
          ],
          [
            -4.566708,
            5.777063
          ],
          [
            -4.56748,
            5.779454
          ],
          [
            -4.568338,
            5.783382
          ],
          [
            -4.571943,
            5.789189
          ],
          [
            -4.575376,
            5.793886
          ],
          [
            -4.577351,
            5.797472
          ],
          [
            -4.579411,
            5.802338999999999
          ],
          [
            -4.583187,
            5.810110000000001
          ],
          [
            -4.585934,
            5.813611
          ],
          [
            -4.589882,
            5.815148
          ],
          [
            -4.594774,
            5.816599
          ],
          [
            -4.598637,
            5.818734
          ],
          [
            -4.60207,
            5.821467000000001
          ],
          [
            -4.611168,
            5.829664
          ],
          [
            -4.617777,
            5.836068000000001
          ],
          [
            -4.621038,
            5.838458000000001
          ],
          [
            -4.626875,
            5.840422
          ],
          [
            -4.632797,
            5.842556999999999
          ],
          [
            -4.636059,
            5.844605999999999
          ],
          [
            -4.639664,
            5.847595
          ],
          [
            -4.642324,
            5.852035
          ],
          [
            -4.643955,
            5.857926
          ],
          [
            -4.645414,
            5.862195
          ],
          [
            -4.648762,
            5.867489
          ],
          [
            -4.650736,
            5.872014
          ],
          [
            -4.65138,
            5.873282
          ],
          [
            -4.65138,
            5.873282
          ],
          [
            -4.654622,
            5.879663
          ],
          [
            -4.654942,
            5.879783999999999
          ],
          [
            -4.663868,
            5.880381
          ],
          [
            -4.668846,
            5.880808
          ],
          [
            -4.672365,
            5.881490999999999
          ],
          [
            -4.679661,
            5.881747
          ],
          [
            -4.683523,
            5.882174
          ],
          [
            -4.701548,
            5.882856999999999
          ],
          [
            -4.704294,
            5.882601
          ],
          [
            -4.708157,
            5.881235
          ],
          [
            -4.717169,
            5.878844
          ],
          [
            -4.753475,
            5.868086
          ],
          [
            -4.760513,
            5.86561
          ],
          [
            -4.765309,
            5.867538999999999
          ],
          [
            -4.765309,
            5.867538999999999
          ],
          [
            -4.765663,
            5.870477
          ],
          [
            -4.766264,
            5.872269999999999
          ],
          [
            -4.769182,
            5.876454
          ],
          [
            -4.771414,
            5.879441999999999
          ],
          [
            -4.773216,
            5.882772
          ],
          [
            -4.775104,
            5.889944
          ],
          [
            -4.77665,
            5.893017
          ],
          [
            -4.778967,
            5.896090999999999
          ],
          [
            -4.781027,
            5.899334999999999
          ],
          [
            -4.783258,
            5.901555
          ],
          [
            -4.785061,
            5.90275
          ],
          [
            -4.787378,
            5.904031
          ],
          [
            -4.789095,
            5.906677
          ],
          [
            -4.790125,
            5.907958
          ],
          [
            -4.794416,
            5.911971
          ],
          [
            -4.796991,
            5.915215
          ],
          [
            -4.795704,
            5.923495999999999
          ],
          [
            -4.794846,
            5.926910999999999
          ],
          [
            -4.793386,
            5.930923
          ],
          [
            -4.793215,
            5.935192
          ],
          [
            -4.793215,
            5.941424
          ],
          [
            -4.793301,
            5.94757
          ],
          [
            -4.793386,
            5.962083
          ],
          [
            -4.795446,
            5.971302
          ],
          [
            -4.796305,
            5.975741000000001
          ],
          [
            -4.79785,
            5.980095
          ],
          [
            -4.805574,
            5.987692000000001
          ],
          [
            -4.807634,
            5.988546
          ],
          [
            -4.809437,
            5.988631
          ],
          [
            -4.810896,
            5.988375
          ],
          [
            -4.812784,
            5.988204
          ],
          [
            -4.814844,
            5.988375
          ],
          [
            -4.81699,
            5.988631
          ],
          [
            -4.818878,
            5.98957
          ],
          [
            -4.820423,
            5.990851
          ],
          [
            -4.821968,
            5.99307
          ],
          [
            -4.822998,
            5.995203999999999
          ],
          [
            -4.823513,
            5.99785
          ],
          [
            -4.823685,
            6.00135
          ],
          [
            -4.823685,
            6.009714999999999
          ],
          [
            -4.82377,
            6.012703
          ],
          [
            -4.824371,
            6.015093
          ],
          [
            -4.82523,
            6.017227
          ],
          [
            -4.82626,
            6.019019
          ],
          [
            -4.827719,
            6.020641
          ],
          [
            -4.831667,
            6.023373
          ],
          [
            -4.836559,
            6.026019
          ],
          [
            -4.845486,
            6.031823
          ],
          [
            -4.848661,
            6.034126999999999
          ],
          [
            -4.850979,
            6.036603
          ],
          [
            -4.853468,
            6.040273
          ],
          [
            -4.856386,
            6.043687
          ],
          [
            -4.859991,
            6.047528
          ],
          [
            -4.861278,
            6.048723
          ],
          [
            -4.864197,
            6.050685999999999
          ],
          [
            -4.868917,
            6.053673
          ],
          [
            -4.873896,
            6.056661
          ],
          [
            -4.876728,
            6.058538
          ],
          [
            -4.880419,
            6.060672
          ],
          [
            -4.883337,
            6.06255
          ],
          [
            -4.886427,
            6.06494
          ],
          [
            -4.894323,
            6.071341
          ],
          [
            -4.896812,
            6.073560000000001
          ],
          [
            -4.899216,
            6.075182
          ],
          [
            -4.902477,
            6.076973999999999
          ],
          [
            -4.909172,
            6.081156
          ],
          [
            -4.91149,
            6.083034
          ],
          [
            -4.913721,
            6.086277
          ],
          [
            -4.918013,
            6.092336
          ],
          [
            -4.92136,
            6.097543
          ],
          [
            -4.921789,
            6.100188000000001
          ],
          [
            -4.922991,
            6.109235
          ],
          [
            -4.924364,
            6.113331
          ],
          [
            -4.92548,
            6.117598
          ],
          [
            -4.925308,
            6.120072999999999
          ],
          [
            -4.925566,
            6.12306
          ],
          [
            -4.927111,
            6.129289999999999
          ],
          [
            -4.929085,
            6.131765
          ],
          [
            -4.930201,
            6.134068999999999
          ],
          [
            -4.932346,
            6.140128
          ],
          [
            -4.933548,
            6.143115
          ],
          [
            -4.934921,
            6.147126
          ],
          [
            -4.934921,
            6.149686
          ],
          [
            -4.93475,
            6.152502
          ],
          [
            -4.933634,
            6.154976999999999
          ],
          [
            -4.933462,
            6.157708
          ],
          [
            -4.934492,
            6.160437999999999
          ],
          [
            -4.935694,
            6.162827999999999
          ],
          [
            -4.936466,
            6.165388000000001
          ],
          [
            -4.936466,
            6.168374
          ],
          [
            -4.93638,
            6.173068
          ],
          [
            -4.936466,
            6.175884
          ],
          [
            -4.937239,
            6.1787
          ],
          [
            -4.93741,
            6.180918
          ],
          [
            -4.936981,
            6.183649
          ],
          [
            -4.93638,
            6.18655
          ],
          [
            -4.935608,
            6.188854000000001
          ],
          [
            -4.934492,
            6.190817
          ],
          [
            -4.933806,
            6.193375999999999
          ],
          [
            -4.934149,
            6.195254
          ],
          [
            -4.93432,
            6.197387
          ],
          [
            -4.934063,
            6.200117
          ],
          [
            -4.933548,
            6.201653
          ],
          [
            -4.932432,
            6.203104000000001
          ],
          [
            -4.932089,
            6.204981000000001
          ],
          [
            -4.932776,
            6.207114
          ],
          [
            -4.932861,
            6.208736000000001
          ],
          [
            -4.93226,
            6.210101
          ],
          [
            -4.931574,
            6.212062999999999
          ],
          [
            -4.931746,
            6.214197000000001
          ],
          [
            -4.931402,
            6.216415
          ],
          [
            -4.93166,
            6.218378
          ],
          [
            -4.931402,
            6.221705
          ],
          [
            -4.930801,
            6.223156
          ],
          [
            -4.929342,
            6.224094
          ],
          [
            -4.928742,
            6.225716000000001
          ],
          [
            -4.928999,
            6.231006
          ],
          [
            -4.929771,
            6.233309
          ],
          [
            -4.930458,
            6.235697999999999
          ],
          [
            -4.930716,
            6.23749
          ],
          [
            -4.931059,
            6.245937
          ],
          [
            -4.930801,
            6.250203
          ],
          [
            -4.931316,
            6.255152
          ],
          [
            -4.93269,
            6.258394
          ],
          [
            -4.935951,
            6.263598
          ],
          [
            -4.938183,
            6.266071999999999
          ],
          [
            -4.94153,
            6.268717
          ],
          [
            -4.945049,
            6.271789
          ],
          [
            -4.947882,
            6.273666
          ],
          [
            -4.949255,
            6.274775
          ],
          [
            -4.950371,
            6.276396
          ],
          [
            -4.951229,
            6.278784999999999
          ],
          [
            -4.952345,
            6.282197
          ],
          [
            -4.95595,
            6.289789999999999
          ],
          [
            -4.957495,
            6.293459
          ],
          [
            -4.958096,
            6.295677
          ],
          [
            -4.958868,
            6.300284
          ],
          [
            -4.960327,
            6.303952
          ],
          [
            -4.961958,
            6.306341
          ],
          [
            -4.965391,
            6.309583
          ],
          [
            -4.967794,
            6.312142000000001
          ],
          [
            -4.969254,
            6.313165999999999
          ],
          [
            -4.971142,
            6.315469
          ],
          [
            -4.971657,
            6.31982
          ],
          [
            -4.971914,
            6.323318
          ],
          [
            -4.973202,
            6.326815
          ],
          [
            -4.974575,
            6.330995
          ],
          [
            -4.975004,
            6.334578
          ],
          [
            -4.975262,
            6.339697
          ],
          [
            -4.976034,
            6.344131999999999
          ],
          [
            -4.975605,
            6.346692000000001
          ],
          [
            -4.974747,
            6.350018
          ],
          [
            -4.974318,
            6.352407
          ],
          [
            -4.974232,
            6.355051
          ],
          [
            -4.975348,
            6.358208000000001
          ],
          [
            -4.975777,
            6.361108
          ],
          [
            -4.975777,
            6.363581999999999
          ],
          [
            -4.975519,
            6.366226
          ],
          [
            -4.975519,
            6.368956
          ],
          [
            -4.975348,
            6.373818
          ],
          [
            -4.975519,
            6.376462
          ],
          [
            -4.976292,
            6.378424
          ],
          [
            -4.977408,
            6.380556
          ],
          [
            -4.979382,
            6.382517999999999
          ],
          [
            -4.983759,
            6.386698
          ],
          [
            -4.985561,
            6.389598
          ],
          [
            -4.986506,
            6.392498
          ],
          [
            -4.987021,
            6.403331
          ],
          [
            -4.986591,
            6.405207
          ],
          [
            -4.985733,
            6.408278
          ],
          [
            -4.983759,
            6.41604
          ],
          [
            -4.982472,
            6.41911
          ],
          [
            -4.981356,
            6.425507
          ],
          [
            -4.981356,
            6.430966000000001
          ],
          [
            -4.980926,
            6.439836
          ],
          [
            -4.980755,
            6.442309
          ],
          [
            -4.980926,
            6.453823
          ],
          [
            -4.980497,
            6.456723
          ],
          [
            -4.98024,
            6.459537
          ],
          [
            -4.980068,
            6.464057
          ],
          [
            -4.980154,
            6.468407000000001
          ],
          [
            -4.980755,
            6.473694
          ],
          [
            -4.980926,
            6.477447
          ],
          [
            -4.981699,
            6.480773
          ],
          [
            -4.983673,
            6.483672
          ],
          [
            -4.986334,
            6.486913
          ],
          [
            -4.989413,
            6.490506
          ],
          [
            -4.99099,
            6.491913
          ],
          [
            -4.992707,
            6.493821000000001
          ],
          [
            -4.996773,
            6.497829
          ],
          [
            -4.997824,
            6.49881
          ],
          [
            -4.999938,
            6.500164
          ],
          [
            -5.001215,
            6.501239999999999
          ],
          [
            -5.001826,
            6.501922
          ],
          [
            -5.002974,
            6.503563999999999
          ],
          [
            -5.005238,
            6.506933
          ],
          [
            -5.006021,
            6.508285999999999
          ],
          [
            -5.007094,
            6.509491000000001
          ],
          [
            -5.009009,
            6.511207
          ],
          [
            -5.009948,
            6.511953
          ],
          [
            -5.010838,
            6.512934
          ],
          [
            -5.01189,
            6.514565000000001
          ],
          [
            -5.01322,
            6.517939
          ],
          [
            -5.013714,
            6.519404000000001
          ],
          [
            -5.015785,
            6.524679
          ],
          [
            -5.016503,
            6.526717
          ],
          [
            -5.016954,
            6.529733
          ],
          [
            -5.017319,
            6.532792
          ],
          [
            -5.017619,
            6.534839
          ],
          [
            -5.018038,
            6.538761999999999
          ],
          [
            -5.017812,
            6.545924
          ],
          [
            -5.017523,
            6.553023000000001
          ],
          [
            -5.017544,
            6.553833
          ],
          [
            -5.018381,
            6.557532
          ],
          [
            -5.01895,
            6.559417999999999
          ],
          [
            -5.019443,
            6.559983
          ],
          [
            -5.019894,
            6.560175
          ],
          [
            -5.02073,
            6.560282000000001
          ],
          [
            -5.027769,
            6.560644
          ],
          [
            -5.031449,
            6.560921
          ],
          [
            -5.032865,
            6.561124
          ],
          [
            -5.038079,
            6.562232
          ],
          [
            -5.038937,
            6.562658
          ],
          [
            -5.041308,
            6.564875
          ],
          [
            -5.042328,
            6.565899
          ],
          [
            -5.043229,
            6.566698
          ],
          [
            -5.043851,
            6.566933
          ],
          [
            -5.045836,
            6.567423
          ],
          [
            -5.04633,
            6.567615
          ],
          [
            -5.048561,
            6.56932
          ],
          [
            -5.050911,
            6.571292
          ],
          [
            -5.052209,
            6.572464
          ],
          [
            -5.056114,
            6.576152
          ],
          [
            -5.057208,
            6.577111
          ],
          [
            -5.058625,
            6.578240999999999
          ],
          [
            -5.059902,
            6.579541
          ],
          [
            -5.061661,
            6.582355
          ],
          [
            -5.067015,
            6.593589
          ],
          [
            -5.068302,
            6.596146
          ],
          [
            -5.069675,
            6.597680999999999
          ],
          [
            -5.072336,
            6.599044999999999
          ],
          [
            -5.075426,
            6.600410000000001
          ],
          [
            -5.078344,
            6.602626
          ],
          [
            -5.081005,
            6.604246000000001
          ],
          [
            -5.082893,
            6.606122000000001
          ],
          [
            -5.084438,
            6.60868
          ],
          [
            -5.086584,
            6.612942999999999
          ],
          [
            -5.090017,
            6.617291
          ],
          [
            -5.091734,
            6.619166999999999
          ],
          [
            -5.093622,
            6.622321
          ],
          [
            -5.095167,
            6.625135
          ],
          [
            -5.097828,
            6.628801
          ],
          [
            -5.103493,
            6.634854
          ],
          [
            -5.105638,
            6.636218
          ],
          [
            -5.111818,
            6.642527
          ],
          [
            -5.114565,
            6.644403
          ],
          [
            -5.117226,
            6.645426
          ],
          [
            -5.119028,
            6.645681
          ],
          [
            -5.12126,
            6.645596
          ],
          [
            -5.124521,
            6.646193000000001
          ],
          [
            -5.129414,
            6.648239
          ],
          [
            -5.137653,
            6.658981
          ],
          [
            -5.140657,
            6.661453
          ],
          [
            -5.143061,
            6.662732
          ],
          [
            -5.145893,
            6.664693
          ],
          [
            -5.147352,
            6.666995
          ],
          [
            -5.149755,
            6.673814999999999
          ],
          [
            -5.150957,
            6.678674000000001
          ],
          [
            -5.151815,
            6.681913
          ],
          [
            -5.153274,
            6.683874000000001
          ],
          [
            -5.155506,
            6.687454
          ],
          [
            -5.157051,
            6.690438
          ],
          [
            -5.157909,
            6.692569
          ],
          [
            -5.15851,
            6.696149
          ],
          [
            -5.159111,
            6.698535999999999
          ],
          [
            -5.160313,
            6.701179
          ],
          [
            -5.161686,
            6.70348
          ],
          [
            -5.163832,
            6.705356
          ],
          [
            -5.165548,
            6.706293
          ],
          [
            -5.168299,
            6.709502
          ],
          [
            -5.170323,
            6.711607
          ],
          [
            -5.171462,
            6.712948
          ],
          [
            -5.173086,
            6.714709
          ],
          [
            -5.175224,
            6.715789
          ],
          [
            -5.179024,
            6.716011
          ],
          [
            -5.181599,
            6.716948999999999
          ],
          [
            -5.18383,
            6.718057
          ],
          [
            -5.186234,
            6.718994000000001
          ],
          [
            -5.189581,
            6.720103
          ],
          [
            -5.191555,
            6.72104
          ],
          [
            -5.193787,
            6.722489
          ],
          [
            -5.195761,
            6.72445
          ],
          [
            -5.197649,
            6.727177999999999
          ],
          [
            -5.199022,
            6.730502
          ],
          [
            -5.200679,
            6.733745999999999
          ],
          [
            -5.201477,
            6.735582
          ],
          [
            -5.20208,
            6.736389
          ],
          [
            -5.202806,
            6.737898
          ],
          [
            -5.207894,
            6.747095999999999
          ],
          [
            -5.208076,
            6.747354
          ],
          [
            -5.208503,
            6.747824000000001
          ],
          [
            -5.208892,
            6.748121
          ],
          [
            -5.209442,
            6.748439
          ],
          [
            -5.211409,
            6.749358999999999
          ],
          [
            -5.211877,
            6.74965
          ],
          [
            -5.21244,
            6.750088999999999
          ],
          [
            -5.2145,
            6.751939
          ],
          [
            -5.217477,
            6.75482
          ],
          [
            -5.22145,
            6.758815000000001
          ],
          [
            -5.233202,
            6.771262
          ],
          [
            -5.233748,
            6.771869
          ],
          [
            -5.234711,
            6.773199
          ],
          [
            -5.235322,
            6.774146000000001
          ],
          [
            -5.235866,
            6.775132
          ],
          [
            -5.236307,
            6.776117
          ],
          [
            -5.236939,
            6.777832000000001
          ],
          [
            -5.239856,
            6.786413
          ],
          [
            -5.240439,
            6.787675
          ],
          [
            -5.240871,
            6.788552000000001
          ],
          [
            -5.247044,
            6.79962
          ],
          [
            -5.24908,
            6.802451000000001
          ],
          [
            -5.249626,
            6.802993
          ],
          [
            -5.250289,
            6.803417000000001
          ],
          [
            -5.253467,
            6.805188
          ],
          [
            -5.261627,
            6.809872
          ],
          [
            -5.262786,
            6.81049
          ],
          [
            -5.267494,
            6.813224
          ],
          [
            -5.273728,
            6.81603
          ],
          [
            -5.274445,
            6.816401999999999
          ],
          [
            -5.275376,
            6.817028000000001
          ],
          [
            -5.276077,
            6.817627
          ],
          [
            -5.276077,
            6.817627
          ],
          [
            -5.277414,
            6.816661
          ],
          [
            -5.278439,
            6.816038999999999
          ],
          [
            -5.279514,
            6.815572
          ],
          [
            -5.28104,
            6.815158
          ],
          [
            -5.281545,
            6.815104999999999
          ],
          [
            -5.282056,
            6.815122
          ],
          [
            -5.282663,
            6.815319
          ],
          [
            -5.283028,
            6.815660000000001
          ],
          [
            -5.283168,
            6.815916
          ],
          [
            -5.283248,
            6.816124
          ],
          [
            -5.2832,
            6.816641000000001
          ]
        ]
      },
      "properties": {
        "name": "abidjan - yamoussoukro",
        "folder": "FO EARTH",
        "stroke-width": 5,
        "stroke": "#FF0000"
      }
    },
    {
      "type": "Feature",
      "geometry": {
        "type": "LineString",
        "coordinates": [
          [
            -6.449941,
            6.88335
          ],
          [
            -6.449988,
            6.883509
          ],
          [
            -6.449988,
            6.883509
          ],
          [
            -6.450681,
            6.883312
          ],
          [
            -6.450681,
            6.883312
          ],
          [
            -6.450836000000001,
            6.883546000000001
          ],
          [
            -6.451178999999999,
            6.883567
          ],
          [
            -6.452087,
            6.886661
          ],
          [
            -6.452087,
            6.886661
          ],
          [
            -6.455223,
            6.885749
          ],
          [
            -6.464279,
            6.882901
          ],
          [
            -6.470969,
            6.880899
          ],
          [
            -6.482175,
            6.877442
          ],
          [
            -6.489937000000001,
            6.875206
          ],
          [
            -6.491643,
            6.87479
          ],
          [
            -6.494717,
            6.874188
          ],
          [
            -6.495554,
            6.873975
          ],
          [
            -6.499196,
            6.872868
          ],
          [
            -6.501294,
            6.872351
          ],
          [
            -6.50425,
            6.871765
          ],
          [
            -6.507093,
            6.871073000000001
          ],
          [
            -6.509566,
            6.870316
          ],
          [
            -6.516373,
            6.867855999999999
          ],
          [
            -6.522269,
            6.865827
          ],
          [
            -6.524881,
            6.864873
          ],
          [
            -6.527397,
            6.864064000000001
          ],
          [
            -6.535395,
            6.862061000000001
          ],
          [
            -6.539697999999999,
            6.861326
          ],
          [
            -6.544762,
            6.859452
          ],
          [
            -6.550684,
            6.857576999999999
          ],
          [
            -6.557550000000001,
            6.855276
          ],
          [
            -6.571455,
            6.850418
          ],
          [
            -6.580161,
            6.847513
          ],
          [
            -6.593856999999999,
            6.843089999999999
          ],
          [
            -6.594715,
            6.842578000000001
          ],
          [
            -6.603212,
            6.840107
          ],
          [
            -6.609135,
            6.83755
          ],
          [
            -6.61437,
            6.835846
          ],
          [
            -6.615829,
            6.834908999999999
          ],
          [
            -6.619864,
            6.832777999999999
          ],
          [
            -6.627331,
            6.830392
          ],
          [
            -6.631794,
            6.829625000000001
          ],
          [
            -6.636686,
            6.828517
          ],
          [
            -6.639175,
            6.827920000000001
          ],
          [
            -6.642951999999999,
            6.826727
          ],
          [
            -6.653852,
            6.821358
          ],
          [
            -6.657028,
            6.820762
          ],
          [
            -6.661406,
            6.820165
          ],
          [
            -6.66544,
            6.819483
          ],
          [
            -6.667671,
            6.818972
          ],
          [
            -6.673422,
            6.816586
          ],
          [
            -6.679602,
            6.814626
          ],
          [
            -6.685181,
            6.812750999999999
          ],
          [
            -6.691189,
            6.811302000000001
          ],
          [
            -6.695652,
            6.809596999999999
          ],
          [
            -6.699085,
            6.808489
          ],
          [
            -6.70372,
            6.808489
          ],
          [
            -6.707668,
            6.807041
          ],
          [
            -6.710072000000001,
            6.806273999999999
          ],
          [
            -6.712475,
            6.805933000000001
          ],
          [
            -6.715651,
            6.805591999999999
          ],
          [
            -6.723547000000001,
            6.804569
          ],
          [
            -6.729125999999999,
            6.803461
          ],
          [
            -6.736422,
            6.802268000000001
          ],
          [
            -6.742773,
            6.800734
          ],
          [
            -6.757021,
            6.798007
          ],
          [
            -6.763544,
            6.796813
          ],
          [
            -6.770239,
            6.794768
          ],
          [
            -6.77659,
            6.793063
          ],
          [
            -6.782084,
            6.791955
          ],
          [
            -6.784229000000001,
            6.791443999999999
          ],
          [
            -6.786804,
            6.78974
          ],
          [
            -6.789636999999999,
            6.787609000000001
          ],
          [
            -6.792126,
            6.786415999999999
          ],
          [
            -6.795387,
            6.785393
          ],
          [
            -6.801653000000001,
            6.784455000000001
          ],
          [
            -6.809464,
            6.783518
          ],
          [
            -6.810235999999999,
            6.783347
          ],
          [
            -6.816502,
            6.782409999999999
          ],
          [
            -6.818819,
            6.781984
          ],
          [
            -6.821394,
            6.781131
          ],
          [
            -6.835393,
            6.776217000000001
          ],
          [
            -6.839521,
            6.774875000000001
          ],
          [
            -6.842073,
            6.774186
          ],
          [
            -6.844347,
            6.773497999999999
          ],
          [
            -6.851005,
            6.770888
          ],
          [
            -6.853414,
            6.770007
          ],
          [
            -6.857405999999999,
            6.768386
          ],
          [
            -6.861654,
            6.76682
          ],
          [
            -6.863874,
            6.766054
          ],
          [
            -6.866111999999999,
            6.765449000000001
          ],
          [
            -6.872206,
            6.763488
          ],
          [
            -6.880016,
            6.761443
          ],
          [
            -6.889458,
            6.758373999999999
          ],
          [
            -6.896067,
            6.756499
          ],
          [
            -6.897354,
            6.756158
          ],
          [
            -6.900444,
            6.755476
          ],
          [
            -6.907396,
            6.754283
          ],
          [
            -6.910657999999999,
            6.753431
          ],
          [
            -6.913386000000001,
            6.752495
          ],
          [
            -6.916258,
            6.751291
          ],
          [
            -6.916874,
            6.751088000000001
          ],
          [
            -6.91886,
            6.750439999999999
          ],
          [
            -6.926008,
            6.748403000000001
          ],
          [
            -6.927652,
            6.747890000000001
          ],
          [
            -6.939669,
            6.743884
          ],
          [
            -6.941042,
            6.743117
          ],
          [
            -6.944475,
            6.741838999999999
          ],
          [
            -6.948938,
            6.741498
          ],
          [
            -6.955805,
            6.740304
          ],
          [
            -6.962671,
            6.74431
          ],
          [
            -6.970396,
            6.749084
          ],
          [
            -6.973743,
            6.750448
          ],
          [
            -6.980953,
            6.750106
          ],
          [
            -6.987734,
            6.749679999999999
          ],
          [
            -6.992283,
            6.749339
          ],
          [
            -6.994944,
            6.749084
          ],
          [
            -6.996832,
            6.748572000000001
          ],
          [
            -6.999064,
            6.747464
          ],
          [
            -7.003156,
            6.745724
          ],
          [
            -7.007089,
            6.74414
          ],
          [
            -7.00973,
            6.742808
          ],
          [
            -7.010565,
            6.742435
          ],
          [
            -7.012281,
            6.742009
          ],
          [
            -7.014255999999999,
            6.741667999999999
          ],
          [
            -7.018118,
            6.741583
          ],
          [
            -7.023954,
            6.741924
          ],
          [
            -7.030821000000001,
            6.742094
          ],
          [
            -7.036314,
            6.742009
          ],
          [
            -7.043781,
            6.74218
          ],
          [
            -7.046614,
            6.741924
          ],
          [
            -7.051935,
            6.741071
          ],
          [
            -7.055798,
            6.740219
          ],
          [
            -7.059917,
            6.739622
          ],
          [
            -7.064638,
            6.739282
          ],
          [
            -7.069101,
            6.73877
          ],
          [
            -7.071267,
            6.738586
          ],
          [
            -7.082405,
            6.738259
          ],
          [
            -7.088413,
            6.738429
          ],
          [
            -7.096567000000001,
            6.73877
          ],
          [
            -7.105064,
            6.739025999999999
          ],
          [
            -7.111931000000001,
            6.739025999999999
          ],
          [
            -7.11442,
            6.739367000000001
          ],
          [
            -7.119312,
            6.739878000000001
          ],
          [
            -7.124548,
            6.740049000000001
          ],
          [
            -7.146177000000001,
            6.742009
          ],
          [
            -7.152529,
            6.742349999999999
          ],
          [
            -7.156563,
            6.742435
          ],
          [
            -7.162313999999999,
            6.742691000000001
          ],
          [
            -7.170639,
            6.742265
          ],
          [
            -7.174587,
            6.742435
          ],
          [
            -7.178106,
            6.742776
          ],
          [
            -7.182912999999999,
            6.743372999999999
          ],
          [
            -7.205315,
            6.743799
          ],
          [
            -7.207546,
            6.743629
          ],
          [
            -7.209434,
            6.743288
          ],
          [
            -7.214155,
            6.743032
          ],
          [
            -7.220249,
            6.742520000000001
          ],
          [
            -7.226343,
            6.742435
          ],
          [
            -7.237673,
            6.742947
          ],
          [
            -7.250633,
            6.743372999999999
          ],
          [
            -7.262993,
            6.74397
          ],
          [
            -7.269945,
            6.74397
          ],
          [
            -7.273206999999999,
            6.744055
          ],
          [
            -7.291917999999999,
            6.742435
          ],
          [
            -7.296467,
            6.742349999999999
          ],
          [
            -7.312963,
            6.743451000000001
          ],
          [
            -7.318084,
            6.744057999999999
          ],
          [
            -7.326542,
            6.744675
          ],
          [
            -7.330267999999999,
            6.744831000000001
          ],
          [
            -7.337540000000001,
            6.745014
          ],
          [
            -7.341973,
            6.745695999999999
          ],
          [
            -7.343448,
            6.74544
          ],
          [
            -7.343878999999999,
            6.745486
          ],
          [
            -7.343878999999999,
            6.745486
          ],
          [
            -7.350721,
            6.747327
          ],
          [
            -7.351815,
            6.747713
          ],
          [
            -7.352734000000001,
            6.748085000000001
          ],
          [
            -7.354053,
            6.748783
          ],
          [
            -7.357057000000001,
            6.750694
          ],
          [
            -7.357908,
            6.75114
          ],
          [
            -7.358489,
            6.751377
          ],
          [
            -7.359476,
            6.751688
          ],
          [
            -7.35997,
            6.751795999999999
          ],
          [
            -7.361136,
            6.751934
          ],
          [
            -7.369896000000001,
            6.752323
          ],
          [
            -7.370637,
            6.752405
          ],
          [
            -7.371287,
            6.752543
          ],
          [
            -7.371867,
            6.752705999999999
          ],
          [
            -7.372946999999999,
            6.753116999999999
          ],
          [
            -7.373696999999999,
            6.75353
          ],
          [
            -7.374453,
            6.754035
          ],
          [
            -7.375203,
            6.754635
          ],
          [
            -7.376217,
            6.755659
          ],
          [
            -7.382753,
            6.765209
          ],
          [
            -7.38331,
            6.766391
          ],
          [
            -7.383468,
            6.766872000000001
          ],
          [
            -7.384533,
            6.771077
          ],
          [
            -7.385094,
            6.772806
          ],
          [
            -7.386688,
            6.777107
          ],
          [
            -7.387013999999999,
            6.777847
          ],
          [
            -7.387319000000001,
            6.778426000000001
          ],
          [
            -7.387894,
            6.779282
          ],
          [
            -7.391617,
            6.783631
          ],
          [
            -7.39238,
            6.784809000000001
          ],
          [
            -7.392741,
            6.785561
          ],
          [
            -7.393003,
            6.78625
          ],
          [
            -7.393279,
            6.787248
          ],
          [
            -7.39379,
            6.789526
          ],
          [
            -7.394406,
            6.791598
          ],
          [
            -7.395625,
            6.794488
          ],
          [
            -7.397318,
            6.798092000000001
          ],
          [
            -7.397919,
            6.800052
          ],
          [
            -7.399120000000001,
            6.803035
          ],
          [
            -7.400750999999999,
            6.8067
          ],
          [
            -7.403927,
            6.812921
          ],
          [
            -7.406415999999999,
            6.818035
          ],
          [
            -7.407017,
            6.819995
          ],
          [
            -7.408304000000001,
            6.828601999999999
          ],
          [
            -7.409849,
            6.843601
          ],
          [
            -7.409935,
            6.845646
          ],
          [
            -7.410278,
            6.848372999999999
          ],
          [
            -7.41045,
            6.852293
          ],
          [
            -7.411222,
            6.85877
          ],
          [
            -7.411479999999999,
            6.862775
          ],
          [
            -7.411737,
            6.865758
          ],
          [
            -7.412167,
            6.868996
          ],
          [
            -7.412424,
            6.871808
          ],
          [
            -7.412853,
            6.873768
          ],
          [
            -7.413883,
            6.876921
          ],
          [
            -7.415428,
            6.879221000000001
          ],
          [
            -7.416973,
            6.881010999999999
          ],
          [
            -7.419977,
            6.883482
          ],
          [
            -7.421694,
            6.884504000000001
          ],
          [
            -7.428389,
            6.889106
          ],
          [
            -7.430019000000001,
            6.890554
          ],
          [
            -7.433024000000001,
            6.893792
          ],
          [
            -7.435684,
            6.897115999999999
          ],
          [
            -7.437143000000001,
            6.899587
          ],
          [
            -7.440062,
            6.903932
          ],
          [
            -7.448645,
            6.914328
          ],
          [
            -7.45019,
            6.916458000000001
          ],
          [
            -7.451134,
            6.91731
          ],
          [
            -7.456346,
            6.923368000000001
          ],
          [
            -7.461262,
            6.928983
          ],
          [
            -7.467527,
            6.936309999999999
          ],
          [
            -7.473536000000001,
            6.942955999999999
          ],
          [
            -7.47448,
            6.944405
          ],
          [
            -7.475252,
            6.946023
          ],
          [
            -7.475938999999999,
            6.947983
          ],
          [
            -7.476797,
            6.952073
          ],
          [
            -7.479879999999999,
            6.965741
          ],
          [
            -7.48011,
            6.967029
          ],
          [
            -7.480329,
            6.968357
          ],
          [
            -7.480442,
            6.970276
          ],
          [
            -7.480443,
            6.971774
          ],
          [
            -7.480376,
            6.973277
          ],
          [
            -7.480093999999999,
            6.977525
          ],
          [
            -7.480148,
            6.97851
          ],
          [
            -7.480382,
            6.979811
          ],
          [
            -7.48224,
            6.984831
          ],
          [
            -7.485062,
            6.992152999999999
          ],
          [
            -7.486281,
            6.995501
          ],
          [
            -7.487105000000001,
            6.998183999999999
          ],
          [
            -7.489435000000001,
            7.008581
          ],
          [
            -7.490041999999999,
            7.010238
          ],
          [
            -7.490312000000001,
            7.010846
          ],
          [
            -7.490972999999999,
            7.011887999999999
          ],
          [
            -7.491962999999999,
            7.012938
          ],
          [
            -7.492430000000001,
            7.013364999999999
          ],
          [
            -7.515319,
            7.031540999999999
          ],
          [
            -7.516536999999999,
            7.032537
          ],
          [
            -7.517374000000001,
            7.033426
          ],
          [
            -7.51791,
            7.034177
          ],
          [
            -7.518500000000001,
            7.03521
          ],
          [
            -7.519310000000001,
            7.037041
          ],
          [
            -7.532222,
            7.067003000000001
          ],
          [
            -7.534046,
            7.071081
          ],
          [
            -7.534475,
            7.072615
          ],
          [
            -7.535248,
            7.076022
          ],
          [
            -7.535934,
            7.079344
          ],
          [
            -7.537136,
            7.085816999999999
          ],
          [
            -7.537479,
            7.087350000000001
          ],
          [
            -7.537823,
            7.088542
          ],
          [
            -7.538595,
            7.089989999999999
          ],
          [
            -7.539711,
            7.091438
          ],
          [
            -7.544432,
            7.097911999999999
          ],
          [
            -7.552071,
            7.108047
          ],
          [
            -7.552328,
            7.109836
          ],
          [
            -7.552414,
            7.111284
          ],
          [
            -7.552586,
            7.112732
          ],
          [
            -7.552843,
            7.114009
          ],
          [
            -7.553959,
            7.116479
          ],
          [
            -7.555075,
            7.118352999999999
          ],
          [
            -7.555676,
            7.119545
          ],
          [
            -7.555933,
            7.120651999999999
          ],
          [
            -7.556105000000001,
            7.122611
          ],
          [
            -7.556362,
            7.124059
          ],
          [
            -7.559881,
            7.136323
          ],
          [
            -7.56237,
            7.145947
          ],
          [
            -7.566404,
            7.158295
          ],
          [
            -7.567692,
            7.163235000000001
          ],
          [
            -7.568293000000001,
            7.165108
          ],
          [
            -7.568722,
            7.166215
          ],
          [
            -7.570695999999999,
            7.1686
          ],
          [
            -7.571983,
            7.170643000000001
          ],
          [
            -7.572756,
            7.172517
          ],
          [
            -7.573013000000001,
            7.174135
          ],
          [
            -7.573013000000001,
            7.175668
          ],
          [
            -7.572928,
            7.177456
          ],
          [
            -7.573013000000001,
            7.178904
          ],
          [
            -7.573271,
            7.180692
          ],
          [
            -7.574043,
            7.183928
          ],
          [
            -7.575331,
            7.188782
          ],
          [
            -7.577562,
            7.195680000000001
          ],
          [
            -7.579365000000001,
            7.201896000000001
          ],
          [
            -7.58254,
            7.21237
          ],
          [
            -7.586918,
            7.227185999999999
          ],
          [
            -7.590178999999999,
            7.238851
          ],
          [
            -7.595673,
            7.256136000000001
          ],
          [
            -7.600393,
            7.271716000000001
          ],
          [
            -7.603655,
            7.281933000000001
          ],
          [
            -7.608032,
            7.296747
          ],
          [
            -7.611208,
            7.306538
          ],
          [
            -7.612722999999999,
            7.311708
          ],
          [
            -7.614154,
            7.315471
          ],
          [
            -7.614407999999999,
            7.316484
          ],
          [
            -7.614502,
            7.317208
          ],
          [
            -7.614528,
            7.317718
          ],
          [
            -7.614478,
            7.318853999999999
          ],
          [
            -7.614161,
            7.32052
          ],
          [
            -7.613860999999999,
            7.321363
          ],
          [
            -7.61349,
            7.322151
          ],
          [
            -7.612793,
            7.323265
          ],
          [
            -7.596721,
            7.343018
          ],
          [
            -7.59607,
            7.343861
          ],
          [
            -7.595368999999999,
            7.344899
          ],
          [
            -7.589251,
            7.354975
          ],
          [
            -7.5875,
            7.357947
          ],
          [
            -7.587041,
            7.359043
          ],
          [
            -7.586781,
            7.360005999999999
          ],
          [
            -7.586575,
            7.361536
          ],
          [
            -7.586512000000001,
            7.36256
          ],
          [
            -7.586295,
            7.363484
          ],
          [
            -7.585941,
            7.364384
          ],
          [
            -7.585669000000001,
            7.364852
          ],
          [
            -7.582958,
            7.368545
          ],
          [
            -7.581807,
            7.370464000000001
          ],
          [
            -7.581373,
            7.371043000000001
          ],
          [
            -7.580707000000001,
            7.371646
          ],
          [
            -7.579973,
            7.372132
          ],
          [
            -7.578192,
            7.372981
          ],
          [
            -7.577572,
            7.373477
          ],
          [
            -7.57719,
            7.374053
          ],
          [
            -7.576501,
            7.375625
          ],
          [
            -7.574597999999999,
            7.379097
          ],
          [
            -7.574345,
            7.379523000000001
          ],
          [
            -7.573970000000001,
            7.379999
          ],
          [
            -7.57324,
            7.380579
          ],
          [
            -7.572628999999999,
            7.380863
          ],
          [
            -7.57051,
            7.381659
          ],
          [
            -7.570011000000001,
            7.381915
          ],
          [
            -7.569581999999999,
            7.382273
          ],
          [
            -7.569581999999999,
            7.382273
          ],
          [
            -7.568994,
            7.382915000000001
          ],
          [
            -7.568543000000001,
            7.383567
          ],
          [
            -7.568438000000001,
            7.383798
          ],
          [
            -7.568438000000001,
            7.383798
          ],
          [
            -7.562878,
            7.391996000000001
          ],
          [
            -7.561524,
            7.394023000000001
          ],
          [
            -7.560787,
            7.395241
          ],
          [
            -7.559983,
            7.396731000000001
          ],
          [
            -7.558654999999999,
            7.399411
          ],
          [
            -7.558098,
            7.401106
          ],
          [
            -7.55766,
            7.401904
          ],
          [
            -7.556107,
            7.403817
          ],
          [
            -7.555977000000001,
            7.403918
          ],
          [
            -7.555281,
            7.404114
          ],
          [
            -7.554781,
            7.404318
          ],
          [
            -7.554513,
            7.404526000000001
          ],
          [
            -7.554346,
            7.404729
          ],
          [
            -7.554346,
            7.404729
          ],
          [
            -7.552086999999999,
            7.402914
          ],
          [
            -7.549348,
            7.400809
          ]
        ]
      },
      "properties": {
        "name": "daloa - man",
        "folder": "FO EARTH",
        "stroke-width": 5,
        "stroke": "#FF0000"
      }
    },
    {
      "type": "Feature",
      "geometry": {
        "type": "LineString",
        "coordinates": [
          [
            -6.637448,
            4.761433
          ],
          [
            -6.643907000000001,
            4.765839
          ],
          [
            -6.644175,
            4.766085
          ],
          [
            -6.644271999999999,
            4.76625
          ],
          [
            -6.644395000000001,
            4.766539
          ],
          [
            -6.644604,
            4.775424
          ],
          [
            -6.644712,
            4.777578
          ],
          [
            -6.644792,
            4.777771
          ],
          [
            -6.644958,
            4.777952
          ],
          [
            -6.645184,
            4.778086
          ],
          [
            -6.645397999999999,
            4.778161
          ],
          [
            -6.646514999999999,
            4.778214
          ],
          [
            -6.646514999999999,
            4.778214
          ],
          [
            -6.646621,
            4.778444
          ],
          [
            -6.646793,
            4.778503
          ],
          [
            -6.647324,
            4.78256
          ],
          [
            -6.647667,
            4.791664
          ],
          [
            -6.647646,
            4.792226
          ],
          [
            -6.64756,
            4.792819
          ],
          [
            -6.645554,
            4.800982
          ],
          [
            -6.645006,
            4.803425
          ],
          [
            -6.643524,
            4.809476
          ],
          [
            -6.643398,
            4.810176
          ],
          [
            -6.643304000000001,
            4.811102
          ],
          [
            -6.643222,
            4.816977
          ],
          [
            -6.643096,
            4.817661
          ],
          [
            -6.641893999999999,
            4.82052
          ],
          [
            -6.639551,
            4.826977
          ],
          [
            -6.639438,
            4.827485
          ],
          [
            -6.639417,
            4.827923
          ],
          [
            -6.639444000000001,
            4.828377
          ],
          [
            -6.639631,
            4.829521
          ],
          [
            -6.639642,
            4.829917
          ],
          [
            -6.639572,
            4.830483
          ],
          [
            -6.639240000000001,
            4.831376
          ],
          [
            -6.63902,
            4.831707
          ],
          [
            -6.638456999999999,
            4.832285
          ],
          [
            -6.637228,
            4.832985
          ],
          [
            -6.636649,
            4.833397
          ],
          [
            -6.636434,
            4.833589
          ],
          [
            -6.636048,
            4.834097
          ],
          [
            -6.635726,
            4.834701
          ],
          [
            -6.635619,
            4.835086
          ],
          [
            -6.635538,
            4.835487
          ],
          [
            -6.635506000000001,
            4.836764
          ],
          [
            -6.635345,
            4.837427
          ],
          [
            -6.635152,
            4.837716
          ],
          [
            -6.633993000000001,
            4.83887
          ],
          [
            -6.633403,
            4.83957
          ],
          [
            -6.631295,
            4.842462
          ],
          [
            -6.630346,
            4.843922
          ],
          [
            -6.630158,
            4.844285
          ],
          [
            -6.629906,
            4.845065
          ],
          [
            -6.628811,
            4.848716
          ],
          [
            -6.628499999999999,
            4.849203
          ],
          [
            -6.628145999999999,
            4.849566
          ],
          [
            -6.626113,
            4.851063
          ],
          [
            -6.625738,
            4.851389
          ],
          [
            -6.624788000000001,
            4.852324
          ],
          [
            -6.624208999999999,
            4.853019
          ],
          [
            -6.623467999999999,
            4.854131
          ],
          [
            -6.622444000000001,
            4.8559
          ],
          [
            -6.621065,
            4.857937
          ],
          [
            -6.619005,
            4.861186
          ],
          [
            -6.61849,
            4.862811
          ],
          [
            -6.617889,
            4.864265
          ],
          [
            -6.617289,
            4.86512
          ],
          [
            -6.615572,
            4.865976
          ],
          [
            -6.614885000000001,
            4.865976
          ],
          [
            -6.613255,
            4.866831
          ],
          [
            -6.61231,
            4.868114
          ],
          [
            -6.611366,
            4.87085
          ],
          [
            -6.61068,
            4.872561
          ],
          [
            -6.610165,
            4.874015
          ],
          [
            -6.608877,
            4.875126
          ],
          [
            -6.607246,
            4.876238
          ],
          [
            -6.605272,
            4.878804
          ],
          [
            -6.600809000000001,
            4.883507
          ],
          [
            -6.59832,
            4.884876
          ],
          [
            -6.595744999999999,
            4.885816
          ],
          [
            -6.593428,
            4.887612
          ],
          [
            -6.591368,
            4.888981
          ],
          [
            -6.588879,
            4.889836
          ],
          [
            -6.586046,
            4.891204
          ],
          [
            -6.583214000000001,
            4.893855
          ],
          [
            -6.582355,
            4.895052
          ],
          [
            -6.579608999999999,
            4.897361
          ],
          [
            -6.577635,
            4.900012
          ],
          [
            -6.568108,
            4.919339
          ],
          [
            -6.562271,
            4.931567
          ],
          [
            -6.561327000000001,
            4.933107
          ],
          [
            -6.560726000000001,
            4.934389
          ],
          [
            -6.559868,
            4.935758
          ],
          [
            -6.559353,
            4.937553
          ],
          [
            -6.56064,
            4.950551
          ],
          [
            -6.561327000000001,
            4.955596
          ],
          [
            -6.561584,
            4.960727
          ],
          [
            -6.561928,
            4.964831
          ],
          [
            -6.562099,
            4.968337
          ],
          [
            -6.562872,
            4.973296
          ],
          [
            -6.563301,
            4.978683
          ],
          [
            -6.564503000000001,
            4.989457
          ],
          [
            -6.565704,
            5.002026
          ],
          [
            -6.566048,
            5.006814
          ],
          [
            -6.565275,
            5.010406
          ],
          [
            -6.563988,
            5.013227
          ],
          [
            -6.562529,
            5.014937
          ],
          [
            -6.561842,
            5.017331
          ],
          [
            -6.560469,
            5.019212
          ],
          [
            -6.559610000000001,
            5.021179
          ],
          [
            -6.559610000000001,
            5.022205
          ],
          [
            -6.560125,
            5.024342
          ],
          [
            -6.560125,
            5.02648
          ],
          [
            -6.559781999999999,
            5.028874
          ],
          [
            -6.560469,
            5.032465
          ],
          [
            -6.560039,
            5.035543
          ],
          [
            -6.559095,
            5.037167
          ],
          [
            -6.554203000000001,
            5.04358
          ],
          [
            -6.553259,
            5.045888
          ],
          [
            -6.552916,
            5.047256
          ],
          [
            -6.553516,
            5.049992
          ],
          [
            -6.555662000000001,
            5.06085
          ],
          [
            -6.556692,
            5.06333
          ],
          [
            -6.557293,
            5.064441
          ],
          [
            -6.560297,
            5.070682
          ],
          [
            -6.561842,
            5.075726
          ],
          [
            -6.562957999999999,
            5.080343
          ],
          [
            -6.563644,
            5.082651
          ],
          [
            -6.563816,
            5.084447
          ],
          [
            -6.564331,
            5.086242
          ],
          [
            -6.565447,
            5.088208
          ],
          [
            -6.566734000000001,
            5.089833
          ],
          [
            -6.568021999999999,
            5.094278
          ],
          [
            -6.568966000000001,
            5.097014
          ],
          [
            -6.569996,
            5.100348
          ],
          [
            -6.570425,
            5.102656
          ],
          [
            -6.570768,
            5.104623
          ],
          [
            -6.570682,
            5.106589
          ],
          [
            -6.570768,
            5.107187
          ],
          [
            -6.570252999999999,
            5.110265
          ],
          [
            -6.570682,
            5.113257
          ],
          [
            -6.571026000000001,
            5.116591
          ],
          [
            -6.571026000000001,
            5.122062
          ],
          [
            -6.570768,
            5.126166
          ],
          [
            -6.570682,
            5.130098
          ],
          [
            -6.570682,
            5.134373
          ],
          [
            -6.570768,
            5.13745
          ],
          [
            -6.570682,
            5.13916
          ],
          [
            -6.570682,
            5.141382
          ],
          [
            -6.571026000000001,
            5.143349
          ],
          [
            -6.571112,
            5.145657
          ],
          [
            -6.571541,
            5.151128
          ],
          [
            -6.570252999999999,
            5.153521
          ],
          [
            -6.568279,
            5.155488
          ],
          [
            -6.562957999999999,
            5.160018
          ],
          [
            -6.559180999999999,
            5.16301
          ],
          [
            -6.558151,
            5.164976
          ],
          [
            -6.557379000000001,
            5.166686
          ],
          [
            -6.556778,
            5.171644
          ],
          [
            -6.556349,
            5.174123
          ],
          [
            -6.555662000000001,
            5.176089
          ],
          [
            -6.554975,
            5.177713
          ],
          [
            -6.553688,
            5.180021
          ],
          [
            -6.552143,
            5.184124
          ],
          [
            -6.550940999999999,
            5.187714
          ],
          [
            -6.550255,
            5.190107
          ],
          [
            -6.548195,
            5.195492
          ],
          [
            -6.546650000000001,
            5.200536
          ],
          [
            -6.547165,
            5.202502
          ],
          [
            -6.547766,
            5.204211
          ],
          [
            -6.548023,
            5.206006
          ],
          [
            -6.547593999999999,
            5.208058
          ],
          [
            -6.546478000000001,
            5.211135
          ],
          [
            -6.545706,
            5.214383
          ],
          [
            -6.545448,
            5.217118
          ],
          [
            -6.54562,
            5.220281
          ],
          [
            -6.544933,
            5.223956
          ],
          [
            -6.544247,
            5.226606
          ],
          [
            -6.543131,
            5.230196
          ],
          [
            -6.542357999999999,
            5.232247
          ],
          [
            -6.541414000000001,
            5.233358
          ],
          [
            -6.540127000000001,
            5.235751
          ],
          [
            -6.538324,
            5.23823
          ],
          [
            -6.536951000000001,
            5.240794
          ],
          [
            -6.535921,
            5.242418
          ],
          [
            -6.535578,
            5.245324
          ],
          [
            -6.53472,
            5.250965
          ],
          [
            -6.534204,
            5.257632
          ],
          [
            -6.533432,
            5.263786
          ],
          [
            -6.533089,
            5.267717
          ],
          [
            -6.532659,
            5.271136
          ],
          [
            -6.530514,
            5.286178
          ],
          [
            -6.528368,
            5.297374
          ],
          [
            -6.527595,
            5.303613
          ],
          [
            -6.526480000000001,
            5.308399
          ],
          [
            -6.525278,
            5.310023
          ],
          [
            -6.523132,
            5.311732
          ],
          [
            -6.521758999999999,
            5.314125
          ],
          [
            -6.521501,
            5.315919
          ],
          [
            -6.523905,
            5.318398
          ],
          [
            -6.525621,
            5.32062
          ],
          [
            -6.526050999999999,
            5.322756
          ],
          [
            -6.525965,
            5.325064
          ],
          [
            -6.525364,
            5.327969
          ],
          [
            -6.523991000000001,
            5.330106
          ],
          [
            -6.522961,
            5.332499
          ],
          [
            -6.522531,
            5.333952
          ],
          [
            -6.522789,
            5.337712
          ],
          [
            -6.523647000000001,
            5.343608
          ],
          [
            -6.525021,
            5.349163
          ],
          [
            -6.525536,
            5.351983
          ],
          [
            -6.526480000000001,
            5.354461
          ],
          [
            -6.527338,
            5.358136
          ],
          [
            -6.529055000000001,
            5.362494
          ],
          [
            -6.530342,
            5.365143
          ],
          [
            -6.5312,
            5.367365
          ],
          [
            -6.533174000000001,
            5.373005
          ],
          [
            -6.533518,
            5.37574
          ],
          [
            -6.533345999999999,
            5.378987
          ],
          [
            -6.534033,
            5.382405
          ],
          [
            -6.53532,
            5.384883
          ],
          [
            -6.538324,
            5.387788
          ],
          [
            -6.540813,
            5.390096
          ],
          [
            -6.543045,
            5.391719
          ],
          [
            -6.545277,
            5.392146
          ],
          [
            -6.548195,
            5.392574
          ],
          [
            -6.550426,
            5.394454
          ],
          [
            -6.551027,
            5.396419
          ],
          [
            -6.550856,
            5.39847
          ],
          [
            -6.551113,
            5.40052
          ],
          [
            -6.551628,
            5.401631
          ],
          [
            -6.553173,
            5.40428
          ],
          [
            -6.554632,
            5.407442
          ],
          [
            -6.556435,
            5.409493
          ],
          [
            -6.558237,
            5.411372
          ],
          [
            -6.560726000000001,
            5.412825
          ],
          [
            -6.560931999999999,
            5.413235
          ]
        ]
      },
      "properties": {
        "name": "Route",
        "folder": "FO EARTH",
        "stroke-width": 5,
        "stroke": "#FF0000"
      }
    },
    {
      "type": "Feature",
      "geometry": {
        "type": "LineString",
        "coordinates": [
          [
            -6.560931999999999,
            5.413235
          ],
          [
            -6.561241,
            5.41385
          ],
          [
            -6.561584,
            5.416243
          ],
          [
            -6.561413,
            5.419234
          ],
          [
            -6.562185,
            5.422822
          ],
          [
            -6.562185,
            5.425471
          ],
          [
            -6.559180999999999,
            5.430256
          ],
          [
            -6.557808,
            5.433161
          ],
          [
            -6.555748,
            5.437092
          ],
          [
            -6.554031,
            5.439484
          ],
          [
            -6.55283,
            5.441535
          ],
          [
            -6.552744,
            5.442731
          ],
          [
            -6.554117,
            5.448456
          ],
          [
            -6.554289,
            5.450421
          ],
          [
            -6.554117,
            5.452899
          ],
          [
            -6.553688,
            5.455035
          ],
          [
            -6.553345,
            5.457513
          ],
          [
            -6.553688,
            5.459051
          ],
          [
            -6.556004999999999,
            5.462041
          ],
          [
            -6.557465,
            5.465373
          ],
          [
            -6.559524,
            5.470671
          ],
          [
            -6.559954,
            5.472038
          ],
          [
            -6.560383,
            5.475114
          ],
          [
            -6.560812,
            5.479044
          ],
          [
            -6.560125,
            5.4881
          ],
          [
            -6.560125,
            5.490407
          ],
          [
            -6.561155,
            5.491859
          ],
          [
            -6.576519,
            5.511082
          ],
          [
            -6.580124,
            5.515525
          ],
          [
            -6.591539,
            5.529279
          ],
          [
            -6.592312,
            5.530903
          ],
          [
            -6.592312,
            5.532526
          ],
          [
            -6.591368,
            5.534662
          ],
          [
            -6.590252,
            5.537566
          ],
          [
            -6.588963999999999,
            5.540556
          ],
          [
            -6.588192,
            5.542948
          ],
          [
            -6.588192,
            5.545511
          ],
          [
            -6.588364,
            5.548757
          ],
          [
            -6.588620999999999,
            5.551064
          ],
          [
            -6.588620999999999,
            5.553371
          ],
          [
            -6.590424,
            5.555335
          ],
          [
            -6.591024,
            5.556531
          ],
          [
            -6.591196,
            5.557984
          ],
          [
            -6.590939,
            5.560119
          ],
          [
            -6.590939,
            5.562426
          ],
          [
            -6.59214,
            5.56926
          ],
          [
            -6.59317,
            5.576008
          ],
          [
            -6.593599,
            5.580963
          ],
          [
            -6.593771,
            5.585405
          ],
          [
            -6.593084,
            5.590274
          ],
          [
            -6.592827,
            5.592751
          ],
          [
            -6.59626,
            5.598475
          ],
          [
            -6.60141,
            5.608298
          ],
          [
            -6.605015,
            5.615302
          ],
          [
            -6.606215999999999,
            5.617011
          ],
          [
            -6.609821000000001,
            5.618377
          ],
          [
            -6.615486,
            5.620684
          ],
          [
            -6.61746,
            5.621794
          ],
          [
            -6.621237000000001,
            5.625296
          ],
          [
            -6.624498,
            5.628798
          ],
          [
            -6.62879,
            5.632898
          ],
          [
            -6.629305,
            5.634436
          ],
          [
            -6.629476,
            5.636059
          ],
          [
            -6.630163,
            5.637511
          ],
          [
            -6.631451,
            5.639817
          ],
          [
            -6.633596000000001,
            5.641951999999999
          ],
          [
            -6.640119999999999,
            5.649213000000001
          ],
          [
            -6.642437000000001,
            5.652373
          ],
          [
            -6.643896000000001,
            5.654935000000001
          ],
          [
            -6.645269,
            5.65784
          ],
          [
            -6.645613000000001,
            5.659719
          ],
          [
            -6.645012,
            5.661854
          ],
          [
            -6.644754,
            5.664416000000001
          ],
          [
            -6.643639,
            5.668943
          ],
          [
            -6.643553,
            5.671249
          ],
          [
            -6.644669,
            5.674580000000001
          ],
          [
            -6.646042,
            5.679107000000001
          ],
          [
            -6.646471,
            5.682865000000001
          ],
          [
            -6.646299,
            5.686025
          ],
          [
            -6.644839999999999,
            5.691319999999999
          ],
          [
            -6.643124,
            5.695932
          ],
          [
            -6.640891999999999,
            5.700544
          ],
          [
            -6.638746,
            5.704729
          ],
          [
            -6.636257,
            5.709255
          ],
          [
            -6.631879999999999,
            5.718735
          ],
          [
            -6.628876,
            5.725738
          ],
          [
            -6.627186,
            5.729971
          ],
          [
            -6.626987,
            5.730703
          ],
          [
            -6.626643999999999,
            5.733425
          ],
          [
            -6.626064999999999,
            5.736643
          ],
          [
            -6.625351,
            5.740155000000001
          ],
          [
            -6.624622,
            5.743395
          ],
          [
            -6.624257,
            5.745946000000001
          ],
          [
            -6.624268,
            5.746816
          ],
          [
            -6.624401999999999,
            5.748797
          ],
          [
            -6.625228,
            5.759808
          ],
          [
            -6.625378,
            5.763042
          ],
          [
            -6.625271,
            5.763469
          ],
          [
            -6.624665,
            5.765123999999999
          ],
          [
            -6.62401,
            5.766740999999999
          ],
          [
            -6.621033000000001,
            5.774624000000001
          ],
          [
            -6.620529000000001,
            5.775814
          ],
          [
            -6.617562,
            5.780543
          ],
          [
            -6.617047000000001,
            5.781605
          ],
          [
            -6.616173000000001,
            5.784535
          ],
          [
            -6.616033,
            5.785757
          ],
          [
            -6.615824,
            5.786247999999999
          ],
          [
            -6.615443000000001,
            5.786616
          ],
          [
            -6.615191,
            5.786814
          ],
          [
            -6.614199,
            5.78699
          ],
          [
            -6.604677,
            5.788154
          ],
          [
            -6.603813000000001,
            5.788164
          ],
          [
            -6.597692,
            5.789061
          ],
          [
            -6.597505,
            5.789178
          ],
          [
            -6.597505,
            5.789178
          ],
          [
            -6.597242,
            5.788772999999999
          ],
          [
            -6.596979,
            5.787865
          ],
          [
            -6.596169,
            5.784226
          ],
          [
            -6.594880999999999,
            5.779956
          ],
          [
            -6.594458,
            5.778221000000001
          ],
          [
            -6.594286000000001,
            5.776305
          ],
          [
            -6.594699,
            5.77544
          ],
          [
            -6.595176,
            5.774202
          ],
          [
            -6.595284,
            5.773621
          ],
          [
            -6.595229,
            5.773256
          ],
          [
            -6.595229,
            5.773256
          ],
          [
            -6.595459999999999,
            5.773013
          ],
          [
            -6.595996999999999,
            5.772639
          ],
          [
            -6.597005,
            5.772084
          ],
          [
            -6.59707,
            5.771972
          ],
          [
            -6.59707,
            5.771972
          ],
          [
            -6.597199,
            5.772038
          ],
          [
            -6.597903,
            5.772038
          ],
          [
            -6.598368,
            5.772182
          ],
          [
            -6.5993,
            5.772593
          ],
          [
            -6.599764,
            5.773008
          ],
          [
            -6.600954,
            5.773525
          ],
          [
            -6.601086,
            5.773452
          ],
          [
            -6.601086,
            5.773452
          ],
          [
            -6.601097,
            5.773722
          ],
          [
            -6.601148000000001,
            5.773823
          ],
          [
            -6.601718999999999,
            5.774621
          ],
          [
            -6.60251,
            5.775384
          ],
          [
            -6.603524,
            5.775957999999999
          ],
          [
            -6.604384999999999,
            5.776372
          ],
          [
            -6.605208,
            5.777036
          ],
          [
            -6.605834,
            5.777367
          ],
          [
            -6.606027,
            5.777599
          ],
          [
            -6.606582,
            5.778495
          ],
          [
            -6.607225,
            5.779721
          ],
          [
            -6.602243000000001,
            5.780276
          ],
          [
            -6.602243000000001,
            5.780276
          ],
          [
            -6.602329,
            5.781216999999999
          ],
          [
            -6.602329,
            5.781216999999999
          ],
          [
            -6.601954,
            5.781255
          ],
          [
            -6.601954,
            5.781255
          ],
          [
            -6.602045,
            5.782259
          ],
          [
            -6.602045,
            5.782259
          ],
          [
            -6.602685000000001,
            5.782189
          ]
        ]
      },
      "properties": {
        "name": "Route",
        "folder": "FO EARTH",
        "stroke-width": 5,
        "stroke": "#FF0000"
      }
    },
    {
      "type": "Feature",
      "geometry": {
        "type": "LineString",
        "coordinates": [
          [
            -6.602685000000001,
            5.782189
          ],
          [
            -6.602045,
            5.782259
          ],
          [
            -6.602045,
            5.782259
          ],
          [
            -6.601954,
            5.781255
          ],
          [
            -6.601954,
            5.781255
          ],
          [
            -6.602329,
            5.781216999999999
          ],
          [
            -6.602329,
            5.781216999999999
          ],
          [
            -6.602243000000001,
            5.780276
          ],
          [
            -6.602243000000001,
            5.780276
          ],
          [
            -6.607225,
            5.779721
          ],
          [
            -6.606582,
            5.778495
          ],
          [
            -6.606027,
            5.777599
          ],
          [
            -6.605834,
            5.777367
          ],
          [
            -6.605208,
            5.777036
          ],
          [
            -6.604384999999999,
            5.776372
          ],
          [
            -6.603524,
            5.775957999999999
          ],
          [
            -6.60251,
            5.775384
          ],
          [
            -6.601718999999999,
            5.774621
          ],
          [
            -6.601148000000001,
            5.773823
          ],
          [
            -6.601097,
            5.773722
          ],
          [
            -6.601086,
            5.773452
          ],
          [
            -6.601086,
            5.773452
          ],
          [
            -6.600954,
            5.773525
          ],
          [
            -6.599764,
            5.773008
          ],
          [
            -6.5993,
            5.772593
          ],
          [
            -6.598368,
            5.772182
          ],
          [
            -6.597903,
            5.772038
          ],
          [
            -6.597199,
            5.772038
          ],
          [
            -6.59707,
            5.771972
          ],
          [
            -6.59707,
            5.771972
          ],
          [
            -6.597005,
            5.772084
          ],
          [
            -6.595996999999999,
            5.772639
          ],
          [
            -6.595459999999999,
            5.773013
          ],
          [
            -6.595229,
            5.773256
          ],
          [
            -6.595229,
            5.773256
          ],
          [
            -6.595284,
            5.773621
          ],
          [
            -6.595176,
            5.774202
          ],
          [
            -6.594699,
            5.77544
          ],
          [
            -6.594286000000001,
            5.776305
          ],
          [
            -6.594458,
            5.778221000000001
          ],
          [
            -6.594880999999999,
            5.779956
          ],
          [
            -6.596169,
            5.784226
          ],
          [
            -6.596979,
            5.787865
          ],
          [
            -6.597242,
            5.788772999999999
          ],
          [
            -6.597505,
            5.789178
          ],
          [
            -6.597505,
            5.789178
          ],
          [
            -6.596699999999999,
            5.789796999999999
          ],
          [
            -6.596271,
            5.790480000000001
          ],
          [
            -6.595412,
            5.794846
          ],
          [
            -6.595390999999999,
            5.795283999999999
          ],
          [
            -6.595445,
            5.795646999999999
          ],
          [
            -6.596078,
            5.798657
          ],
          [
            -6.596174000000001,
            5.800119000000001
          ],
          [
            -6.596056,
            5.802761
          ],
          [
            -6.596051000000001,
            5.804063
          ],
          [
            -6.596495999999999,
            5.807762
          ],
          [
            -6.596839,
            5.809854
          ],
          [
            -6.596866,
            5.810792999999999
          ],
          [
            -6.596495999999999,
            5.813141
          ],
          [
            -6.59641,
            5.814721000000001
          ],
          [
            -6.59641,
            5.816407
          ],
          [
            -6.596120999999999,
            5.818179000000001
          ],
          [
            -6.595734,
            5.819875999999999
          ],
          [
            -6.594801,
            5.82215
          ],
          [
            -6.594372,
            5.823462
          ],
          [
            -6.594372,
            5.824540000000001
          ],
          [
            -6.594801,
            5.826334
          ],
          [
            -6.595144,
            5.828127
          ],
          [
            -6.59523,
            5.830175999999999
          ],
          [
            -6.594628999999999,
            5.831883999999999
          ],
          [
            -6.593599,
            5.834018
          ],
          [
            -6.593599,
            5.835897000000001
          ],
          [
            -6.594027999999999,
            5.838715
          ],
          [
            -6.594801,
            5.841105
          ],
          [
            -6.595316,
            5.843155
          ],
          [
            -6.59317,
            5.848107
          ],
          [
            -6.591711,
            5.850583
          ],
          [
            -6.589994,
            5.853145
          ],
          [
            -6.589222000000001,
            5.854852
          ],
          [
            -6.588879,
            5.856389
          ],
          [
            -6.588278000000001,
            5.858438
          ],
          [
            -6.588192,
            5.861426999999999
          ],
          [
            -6.587591,
            5.866123
          ],
          [
            -6.589222000000001,
            5.872953000000001
          ],
          [
            -6.589908999999999,
            5.875343999999999
          ],
          [
            -6.59008,
            5.878674
          ],
          [
            -6.589994,
            5.881064
          ],
          [
            -6.589651,
            5.883199
          ],
          [
            -6.589479,
            5.886187
          ],
          [
            -6.589908999999999,
            5.888748
          ],
          [
            -6.590939,
            5.890797000000001
          ],
          [
            -6.592568999999999,
            5.893358999999999
          ],
          [
            -6.593084,
            5.894553999999999
          ],
          [
            -6.593771,
            5.895835
          ],
          [
            -6.593943,
            5.897114999999999
          ],
          [
            -6.593599,
            5.89925
          ],
          [
            -6.593084,
            5.90164
          ],
          [
            -6.592312,
            5.903518
          ],
          [
            -6.591625000000001,
            5.905482
          ],
          [
            -6.591368,
            5.908043
          ],
          [
            -6.591796999999999,
            5.911373000000001
          ],
          [
            -6.592312,
            5.913934000000001
          ],
          [
            -6.593342,
            5.91641
          ],
          [
            -6.595831,
            5.919226999999999
          ],
          [
            -6.598062,
            5.922471000000001
          ],
          [
            -6.599178,
            5.924947
          ],
          [
            -6.599779,
            5.927167
          ],
          [
            -6.599692999999999,
            5.929300999999999
          ],
          [
            -6.599007,
            5.931606
          ],
          [
            -6.598494,
            5.937982000000001
          ]
        ]
      },
      "properties": {
        "name": "Route",
        "folder": "FO EARTH",
        "stroke-width": 5,
        "stroke": "#FF0000"
      }
    },
    {
      "type": "Feature",
      "geometry": {
        "type": "LineString",
        "coordinates": [
          [
            -6.598492,
            5.938009
          ],
          [
            -6.598835,
            5.939204
          ],
          [
            -6.599350000000001,
            5.944412000000001
          ],
          [
            -6.600637000000001,
            5.947058
          ],
          [
            -6.601582,
            5.951839
          ],
          [
            -6.60141,
            5.954484999999999
          ],
          [
            -6.600723,
            5.959351
          ],
          [
            -6.601151999999999,
            5.96362
          ],
          [
            -6.602267999999999,
            5.96729
          ],
          [
            -6.604071,
            5.971388
          ],
          [
            -6.604586000000001,
            5.97429
          ],
          [
            -6.604672,
            5.977193
          ],
          [
            -6.604155999999999,
            5.979412
          ],
          [
            -6.604672,
            5.982400000000001
          ],
          [
            -6.606903,
            5.986155999999999
          ],
          [
            -6.607676,
            5.987863000000001
          ],
          [
            -6.607761000000001,
            5.989997
          ],
          [
            -6.607676,
            5.993155000000001
          ],
          [
            -6.607676,
            5.996227999999999
          ],
          [
            -6.607504,
            5.999131
          ],
          [
            -6.606131,
            6.002545000000001
          ],
          [
            -6.604672,
            6.004422999999999
          ],
          [
            -6.60244,
            6.006983999999999
          ],
          [
            -6.600294,
            6.010483
          ],
          [
            -6.599350000000001,
            6.013812000000001
          ],
          [
            -6.598749000000001,
            6.016885
          ],
          [
            -6.597633000000001,
            6.020214
          ],
          [
            -6.596432,
            6.022092
          ],
          [
            -6.594286000000001,
            6.024482
          ],
          [
            -6.589994,
            6.029945
          ],
          [
            -6.587419,
            6.033359
          ],
          [
            -6.586046,
            6.037115
          ],
          [
            -6.584501,
            6.041126
          ],
          [
            -6.579952,
            6.050514999999999
          ],
          [
            -6.576691000000001,
            6.054954
          ],
          [
            -6.572828,
            6.058709
          ],
          [
            -6.57094,
            6.060246
          ],
          [
            -6.569223,
            6.061526
          ],
          [
            -6.568021999999999,
            6.063659999999999
          ],
          [
            -6.568108,
            6.066560999999999
          ],
          [
            -6.568108,
            6.070828999999999
          ],
          [
            -6.567593,
            6.073475
          ],
          [
            -6.56682,
            6.076377
          ],
          [
            -6.565103,
            6.078425
          ],
          [
            -6.558323,
            6.087386
          ],
          [
            -6.553087,
            6.095238000000001
          ],
          [
            -6.552056999999999,
            6.096433000000001
          ],
          [
            -6.545191000000001,
            6.105906
          ],
          [
            -6.541243000000001,
            6.111027
          ],
          [
            -6.535749,
            6.129118999999999
          ],
          [
            -6.534805,
            6.135776000000001
          ],
          [
            -6.534033,
            6.139104
          ],
          [
            -6.533174000000001,
            6.143968
          ],
          [
            -6.532659,
            6.147211000000001
          ],
          [
            -6.532058999999999,
            6.152673
          ],
          [
            -6.530857,
            6.158390000000001
          ],
          [
            -6.527767,
            6.169142
          ],
          [
            -6.525105999999999,
            6.179809000000001
          ],
          [
            -6.524934999999999,
            6.180661999999999
          ],
          [
            -6.523819,
            6.184502
          ],
          [
            -6.521501,
            6.188086
          ],
          [
            -6.519356,
            6.191243
          ],
          [
            -6.51618,
            6.196192
          ],
          [
            -6.514807,
            6.197728
          ],
          [
            -6.513519,
            6.199862
          ],
          [
            -6.513004,
            6.201398
          ],
          [
            -6.513176,
            6.203104000000001
          ],
          [
            -6.513948,
            6.20464
          ],
          [
            -6.516008,
            6.207968
          ],
          [
            -6.517124,
            6.211381
          ],
          [
            -6.517725,
            6.214794
          ],
          [
            -6.517382,
            6.217951
          ],
          [
            -6.516008,
            6.22034
          ],
          [
            -6.515837,
            6.221535
          ],
          [
            -6.514033999999999,
            6.227251
          ],
          [
            -6.513519,
            6.228446
          ],
          [
            -6.513348,
            6.229726
          ],
          [
            -6.512746999999999,
            6.232029
          ],
          [
            -6.51206,
            6.234248
          ],
          [
            -6.510601,
            6.236381000000001
          ],
          [
            -6.509399000000001,
            6.238770000000001
          ],
          [
            -6.508969999999999,
            6.241074
          ],
          [
            -6.508969999999999,
            6.243036
          ],
          [
            -6.508284,
            6.24662
          ],
          [
            -6.50794,
            6.250287999999999
          ],
          [
            -6.508026,
            6.252507000000001
          ],
          [
            -6.508284,
            6.254128
          ],
          [
            -6.508284,
            6.258564
          ],
          [
            -6.507854,
            6.261721
          ],
          [
            -6.507168000000001,
            6.264707000000001
          ],
          [
            -6.507082,
            6.267011
          ],
          [
            -6.507769,
            6.269314
          ],
          [
            -6.509056,
            6.271362
          ],
          [
            -6.510515000000001,
            6.272557
          ],
          [
            -6.516609,
            6.274434
          ],
          [
            -6.518926999999999,
            6.275799
          ],
          [
            -6.519613,
            6.277249
          ],
          [
            -6.520041999999999,
            6.280747
          ],
          [
            -6.519957,
            6.28578
          ],
          [
            -6.519527,
            6.290813999999999
          ],
          [
            -6.519269999999999,
            6.296359
          ],
          [
            -6.519527,
            6.299516
          ],
          [
            -6.520128,
            6.301734
          ],
          [
            -6.520386,
            6.302929
          ],
          [
            -6.521072,
            6.304123
          ],
          [
            -6.522703000000001,
            6.305658
          ],
          [
            -6.523132,
            6.308047
          ],
          [
            -6.522531,
            6.310009
          ],
          [
            -6.52236,
            6.311545
          ],
          [
            -6.523045999999999,
            6.312654
          ],
          [
            -6.524248,
            6.315128
          ],
          [
            -6.524506,
            6.317261000000001
          ],
          [
            -6.525364,
            6.320757999999999
          ],
          [
            -6.525793,
            6.324085
          ],
          [
            -6.525879000000001,
            6.326986
          ],
          [
            -6.525278,
            6.330226999999999
          ],
          [
            -6.525364,
            6.332531
          ],
          [
            -6.522703000000001,
            6.335943
          ],
          [
            -6.520643,
            6.338758000000001
          ],
          [
            -6.519957,
            6.340976
          ],
          [
            -6.519699000000001,
            6.343109
          ],
          [
            -6.519356,
            6.344644000000001
          ],
          [
            -6.51824,
            6.347801
          ],
          [
            -6.517296,
            6.351469
          ],
          [
            -6.516352000000001,
            6.354881
          ],
          [
            -6.516266,
            6.357525
          ],
          [
            -6.516781,
            6.360937
          ],
          [
            -6.518841,
            6.365544
          ],
          [
            -6.520214,
            6.369212
          ],
          [
            -6.519613,
            6.372025999999999
          ],
          [
            -6.517553,
            6.3774
          ],
          [
            -6.513262,
            6.385589000000001
          ],
          [
            -6.513262,
            6.385589000000001
          ],
          [
            -6.515408000000001,
            6.386101
          ],
          [
            -6.517553,
            6.386783
          ],
          [
            -6.519957,
            6.387722
          ],
          [
            -6.521416000000001,
            6.38866
          ],
          [
            -6.526994999999999,
            6.391389
          ],
          [
            -6.528969,
            6.393095
          ],
          [
            -6.529998999999999,
            6.394119
          ],
          [
            -6.529913,
            6.395484
          ],
          [
            -6.529656000000001,
            6.397104
          ],
          [
            -6.529312,
            6.398725000000001
          ],
          [
            -6.529312,
            6.401113
          ],
          [
            -6.52957,
            6.403075
          ],
          [
            -6.530428,
            6.404696000000001
          ],
          [
            -6.531801,
            6.406827999999999
          ],
          [
            -6.533518,
            6.408363
          ],
          [
            -6.536179000000001,
            6.411946000000001
          ],
          [
            -6.537037,
            6.415528
          ],
          [
            -6.53738,
            6.417404
          ],
          [
            -6.537895,
            6.419281
          ],
          [
            -6.538067000000001,
            6.420816
          ],
          [
            -6.538238000000001,
            6.423203999999999
          ],
          [
            -6.538496,
            6.425422000000001
          ],
          [
            -6.539011000000001,
            6.429175
          ],
          [
            -6.53944,
            6.43071
          ],
          [
            -6.540213,
            6.431904
          ],
          [
            -6.542702,
            6.43506
          ],
          [
            -6.545448,
            6.438726999999999
          ],
          [
            -6.546618,
            6.441115
          ],
          [
            -6.548023,
            6.444186
          ],
          [
            -6.548505999999999,
            6.444964000000001
          ],
          [
            -6.548828,
            6.445316000000001
          ],
          [
            -6.549460999999999,
            6.445849
          ],
          [
            -6.551135,
            6.446615999999999
          ],
          [
            -6.555372,
            6.448311
          ],
          [
            -6.556671,
            6.448962
          ],
          [
            -6.563494,
            6.452693
          ],
          [
            -6.566144,
            6.454249999999999
          ],
          [
            -6.566938000000001,
            6.454888999999999
          ],
          [
            -6.567786,
            6.455785
          ],
          [
            -6.569588,
            6.457821
          ],
          [
            -6.574727,
            6.465667
          ],
          [
            -6.576004,
            6.467469
          ],
          [
            -6.578686,
            6.47168
          ],
          [
            -6.58272,
            6.477564
          ],
          [
            -6.583321,
            6.478545000000001
          ],
          [
            -6.585499000000001,
            6.481663
          ],
          [
            -6.585499000000001,
            6.481663
          ],
          [
            -6.584802,
            6.482148
          ],
          [
            -6.584641,
            6.482531999999999
          ],
          [
            -6.584526,
            6.483428
          ]
        ]
      },
      "properties": {
        "name": "Route",
        "folder": "FO EARTH",
        "stroke-width": 5,
        "stroke": "#FF0000"
      }
    },
    {
      "type": "Feature",
      "geometry": {
        "type": "LineString",
        "coordinates": [
          [
            -6.584526,
            6.483428
          ],
          [
            -6.584641,
            6.482531999999999
          ],
          [
            -6.584802,
            6.482148
          ],
          [
            -6.585499000000001,
            6.481663
          ],
          [
            -6.585499000000001,
            6.481663
          ],
          [
            -6.587285,
            6.48428
          ],
          [
            -6.587398,
            6.484524999999999
          ],
          [
            -6.588846000000001,
            6.486752999999999
          ],
          [
            -6.588986,
            6.488043
          ],
          [
            -6.588492,
            6.489301000000001
          ],
          [
            -6.582785,
            6.501603000000001
          ],
          [
            -6.581154,
            6.505238
          ],
          [
            -6.576197,
            6.51594
          ],
          [
            -6.573622,
            6.521323
          ],
          [
            -6.57241,
            6.524041
          ],
          [
            -6.571368999999999,
            6.526141000000001
          ],
          [
            -6.566508999999999,
            6.536928
          ],
          [
            -6.562711,
            6.544975999999999
          ],
          [
            -6.561068999999999,
            6.548652999999999
          ],
          [
            -6.559868,
            6.551211000000001
          ],
          [
            -6.558666,
            6.553343
          ],
          [
            -6.557893999999999,
            6.555816
          ],
          [
            -6.556435,
            6.558885
          ],
          [
            -6.555576,
            6.561443000000001
          ],
          [
            -6.55489,
            6.563746
          ],
          [
            -6.554031,
            6.565962999999999
          ],
          [
            -6.553431000000001,
            6.568009000000001
          ],
          [
            -6.550940999999999,
            6.573040000000001
          ],
          [
            -6.550512,
            6.574916
          ],
          [
            -6.547593999999999,
            6.579605
          ],
          [
            -6.545277,
            6.584295000000001
          ],
          [
            -6.54459,
            6.586171
          ],
          [
            -6.543388,
            6.589155000000001
          ],
          [
            -6.541758,
            6.591969
          ],
          [
            -6.540899,
            6.594697000000001
          ],
          [
            -6.53944,
            6.59734
          ],
          [
            -6.538668000000001,
            6.599044999999999
          ],
          [
            -6.535921,
            6.604246000000001
          ],
          [
            -6.534805,
            6.60723
          ],
          [
            -6.53326,
            6.610215
          ],
          [
            -6.532402,
            6.612176
          ],
          [
            -6.530771,
            6.614989
          ],
          [
            -6.528711000000001,
            6.619593
          ],
          [
            -6.527853,
            6.621639
          ],
          [
            -6.525879000000001,
            6.625305
          ],
          [
            -6.524934999999999,
            6.627266
          ],
          [
            -6.523647000000001,
            6.629738999999999
          ],
          [
            -6.522531,
            6.632211
          ],
          [
            -6.521501,
            6.634086999999999
          ],
          [
            -6.519527,
            6.638179
          ],
          [
            -6.518841,
            6.640055
          ],
          [
            -6.516523000000001,
            6.644744
          ],
          [
            -6.515751000000001,
            6.646705
          ],
          [
            -6.514721,
            6.648069
          ],
          [
            -6.513948,
            6.649858999999999
          ],
          [
            -6.513605,
            6.651308
          ],
          [
            -6.512917999999999,
            6.652758
          ],
          [
            -6.512232,
            6.653865999999999
          ],
          [
            -6.511545,
            6.655145
          ],
          [
            -6.509228000000001,
            6.660771000000001
          ],
          [
            -6.508026,
            6.661794
          ],
          [
            -6.505966,
            6.664096000000001
          ],
          [
            -6.50425,
            6.666313
          ],
          [
            -6.500044000000001,
            6.67049
          ],
          [
            -6.499186,
            6.671598
          ],
          [
            -6.49807,
            6.672621
          ],
          [
            -6.495924,
            6.675434
          ],
          [
            -6.495066,
            6.677479999999999
          ],
          [
            -6.494122,
            6.67893
          ],
          [
            -6.492834,
            6.681061
          ],
          [
            -6.490946,
            6.6843
          ],
          [
            -6.489486999999999,
            6.686261
          ],
          [
            -6.487598,
            6.688989
          ],
          [
            -6.486397,
            6.691461
          ],
          [
            -6.485882,
            6.692825
          ],
          [
            -6.485367,
            6.694785
          ],
          [
            -6.484508,
            6.697002
          ],
          [
            -6.483736,
            6.699474
          ],
          [
            -6.482963999999999,
            6.701605
          ],
          [
            -6.481419,
            6.706464000000001
          ],
          [
            -6.48099,
            6.708423999999999
          ],
          [
            -6.480303,
            6.71047
          ],
          [
            -6.47953,
            6.712516
          ],
          [
            -6.47893,
            6.714391
          ],
          [
            -6.478070999999999,
            6.716777999999999
          ],
          [
            -6.476355,
            6.721211
          ],
          [
            -6.475668000000001,
            6.723597
          ],
          [
            -6.474295,
            6.726581
          ],
          [
            -6.473866,
            6.728286
          ],
          [
            -6.472492000000001,
            6.732121
          ],
          [
            -6.471891,
            6.735531000000001
          ],
          [
            -6.470775999999999,
            6.7386
          ],
          [
            -6.469402,
            6.741242
          ],
          [
            -6.468372,
            6.745504
          ],
          [
            -6.466999,
            6.750021
          ],
          [
            -6.465282,
            6.75326
          ],
          [
            -6.464338,
            6.756158
          ],
          [
            -6.463480000000001,
            6.758204
          ],
          [
            -6.461849,
            6.763402999999999
          ],
          [
            -6.460991,
            6.765363
          ],
          [
            -6.459961,
            6.768261
          ],
          [
            -6.458416000000001,
            6.771585000000001
          ],
          [
            -6.457214,
            6.775250000000001
          ],
          [
            -6.455841000000001,
            6.779001
          ],
          [
            -6.453009000000001,
            6.785989
          ],
          [
            -6.452408,
            6.788120000000001
          ],
          [
            -6.45215,
            6.789995
          ],
          [
            -6.451807,
            6.794256999999999
          ],
          [
            -6.451721,
            6.797921000000001
          ],
          [
            -6.451034,
            6.806359
          ],
          [
            -6.451034,
            6.808404
          ],
          [
            -6.450262,
            6.814455
          ],
          [
            -6.45009,
            6.817097
          ],
          [
            -6.45009,
            6.819483
          ],
          [
            -6.449404,
            6.824256
          ],
          [
            -6.449254000000001,
            6.82734
          ],
          [
            -6.449059999999999,
            6.829784999999999
          ],
          [
            -6.447837,
            6.837247
          ],
          [
            -6.446244,
            6.850407999999999
          ],
          [
            -6.445606,
            6.856607000000001
          ],
          [
            -6.444349999999999,
            6.866146
          ],
          [
            -6.443736999999999,
            6.87151
          ],
          [
            -6.443739,
            6.872361999999999
          ],
          [
            -6.444114,
            6.873938
          ],
          [
            -6.447144,
            6.884329
          ],
          [
            -6.447144,
            6.884329
          ],
          [
            -6.449988,
            6.883509
          ],
          [
            -6.449988,
            6.883509
          ],
          [
            -6.449941,
            6.88335
          ]
        ]
      },
      "properties": {
        "name": "Route",
        "folder": "FO EARTH",
        "stroke-width": 5,
        "stroke": "#FF0000"
      }
    },
    {
      "type": "Feature",
      "geometry": {
        "type": "LineString",
        "coordinates": [
          [
            -6.584526,
            6.483428
          ],
          [
            -6.584641,
            6.482531999999999
          ],
          [
            -6.584802,
            6.482148
          ],
          [
            -6.585499000000001,
            6.481663
          ],
          [
            -6.585499000000001,
            6.481663
          ],
          [
            -6.583321,
            6.478545000000001
          ],
          [
            -6.58272,
            6.477564
          ],
          [
            -6.578686,
            6.47168
          ],
          [
            -6.576004,
            6.467469
          ],
          [
            -6.574727,
            6.465667
          ],
          [
            -6.569588,
            6.457821
          ],
          [
            -6.567786,
            6.455785
          ],
          [
            -6.566938000000001,
            6.454888999999999
          ],
          [
            -6.566144,
            6.454249999999999
          ],
          [
            -6.563494,
            6.452693
          ],
          [
            -6.556671,
            6.448962
          ],
          [
            -6.555372,
            6.448311
          ],
          [
            -6.551135,
            6.446615999999999
          ],
          [
            -6.549460999999999,
            6.445849
          ],
          [
            -6.548828,
            6.445316000000001
          ],
          [
            -6.548505999999999,
            6.444964000000001
          ],
          [
            -6.548023,
            6.444186
          ],
          [
            -6.546618,
            6.441115
          ],
          [
            -6.545448,
            6.438726999999999
          ],
          [
            -6.542702,
            6.43506
          ],
          [
            -6.540213,
            6.431904
          ],
          [
            -6.53944,
            6.43071
          ],
          [
            -6.539011000000001,
            6.429175
          ],
          [
            -6.538496,
            6.425422000000001
          ],
          [
            -6.538238000000001,
            6.423203999999999
          ],
          [
            -6.538067000000001,
            6.420816
          ],
          [
            -6.537895,
            6.419281
          ],
          [
            -6.53738,
            6.417404
          ],
          [
            -6.537037,
            6.415528
          ],
          [
            -6.536179000000001,
            6.411946000000001
          ],
          [
            -6.533518,
            6.408363
          ],
          [
            -6.531801,
            6.406827999999999
          ],
          [
            -6.530428,
            6.404696000000001
          ],
          [
            -6.52957,
            6.403075
          ],
          [
            -6.529312,
            6.401113
          ],
          [
            -6.529312,
            6.398725000000001
          ],
          [
            -6.529656000000001,
            6.397104
          ],
          [
            -6.529913,
            6.395484
          ],
          [
            -6.529998999999999,
            6.394119
          ],
          [
            -6.528969,
            6.393095
          ],
          [
            -6.526994999999999,
            6.391389
          ],
          [
            -6.521416000000001,
            6.38866
          ],
          [
            -6.519957,
            6.387722
          ],
          [
            -6.517553,
            6.386783
          ],
          [
            -6.515408000000001,
            6.386101
          ],
          [
            -6.513262,
            6.385589000000001
          ],
          [
            -6.511545,
            6.385333
          ],
          [
            -6.509914,
            6.384224
          ],
          [
            -6.508541,
            6.382688999999999
          ],
          [
            -6.50485,
            6.380045
          ],
          [
            -6.502876,
            6.378339000000001
          ],
          [
            -6.501589,
            6.376803
          ],
          [
            -6.500902,
            6.375268000000001
          ],
          [
            -6.499786,
            6.373477
          ],
          [
            -6.498241,
            6.371172999999999
          ],
          [
            -6.497211999999999,
            6.369297
          ],
          [
            -6.495924,
            6.367932
          ],
          [
            -6.493864000000001,
            6.365373
          ],
          [
            -6.492834,
            6.363752000000001
          ],
          [
            -6.491289,
            6.36179
          ],
          [
            -6.490002,
            6.36034
          ],
          [
            -6.486568,
            6.35744
          ],
          [
            -6.485367,
            6.356587
          ],
          [
            -6.483478,
            6.354283999999999
          ],
          [
            -6.480389,
            6.352236
          ],
          [
            -6.47953,
            6.351041999999999
          ],
          [
            -6.478157,
            6.348739000000001
          ],
          [
            -6.476955,
            6.346606
          ],
          [
            -6.475754,
            6.344302999999999
          ],
          [
            -6.474981,
            6.342425999999999
          ],
          [
            -6.473866,
            6.340806
          ],
          [
            -6.472578,
            6.339526
          ],
          [
            -6.471205000000001,
            6.338332
          ],
          [
            -6.466141000000001,
            6.334919
          ],
          [
            -6.463738,
            6.333384
          ],
          [
            -6.460991,
            6.332019
          ],
          [
            -6.456614,
            6.330397999999999
          ],
          [
            -6.455841000000001,
            6.329801
          ],
          [
            -6.453009000000001,
            6.329118
          ],
          [
            -6.449661,
            6.328009
          ],
          [
            -6.445284,
            6.326218000000001
          ],
          [
            -6.439104,
            6.324085
          ],
          [
            -6.436615,
            6.323062
          ],
          [
            -6.43404,
            6.322123
          ],
          [
            -6.430178,
            6.321185
          ],
          [
            -6.421852,
            6.318626
          ],
          [
            -6.418247,
            6.317602
          ],
          [
            -6.416788,
            6.316664
          ],
          [
            -6.415243,
            6.316066000000001
          ],
          [
            -6.414642,
            6.316493
          ],
          [
            -6.413355,
            6.316919000000001
          ],
          [
            -6.410264999999999,
            6.317090000000001
          ],
          [
            -6.407948,
            6.317090000000001
          ],
          [
            -6.405029000000001,
            6.317175
          ],
          [
            -6.402283,
            6.317175
          ],
          [
            -6.399794000000001,
            6.316919000000001
          ],
          [
            -6.396017000000001,
            6.316408000000001
          ],
          [
            -6.394386,
            6.316322
          ],
          [
            -6.390696,
            6.316408000000001
          ],
          [
            -6.387348,
            6.316152
          ],
          [
            -6.382628,
            6.316152
          ],
          [
            -6.377993,
            6.316066000000001
          ],
          [
            -6.374130000000001,
            6.316152
          ],
          [
            -6.370089999999999,
            6.316080999999999
          ],
          [
            -6.368464999999999,
            6.316152
          ],
          [
            -6.367092,
            6.316066000000001
          ],
          [
            -6.364517,
            6.316408000000001
          ],
          [
            -6.362113999999999,
            6.316322
          ],
          [
            -6.359539,
            6.316152
          ],
          [
            -6.357822,
            6.315725
          ],
          [
            -6.353531000000001,
            6.314531000000001
          ],
          [
            -6.351642999999999,
            6.314104
          ],
          [
            -6.349497,
            6.313763
          ],
          [
            -6.347179,
            6.312994999999999
          ],
          [
            -6.344433,
            6.312227
          ],
          [
            -6.341257,
            6.311545
          ],
          [
            -6.339798,
            6.310862
          ],
          [
            -6.338081,
            6.310521
          ],
          [
            -6.335764,
            6.309839
          ],
          [
            -6.333017,
            6.3089
          ],
          [
            -6.331472,
            6.308644
          ],
          [
            -6.328039,
            6.308388
          ],
          [
            -6.326923,
            6.308388
          ],
          [
            -6.324005,
            6.308218
          ],
          [
            -6.32143,
            6.307962
          ],
          [
            -6.319284,
            6.307876
          ],
          [
            -6.317825,
            6.307535
          ],
          [
            -6.315508000000001,
            6.307194
          ],
          [
            -6.313448000000001,
            6.305829
          ],
          [
            -6.308726999999999,
            6.303696
          ],
          [
            -6.306666999999999,
            6.302331000000001
          ],
          [
            -6.303491999999999,
            6.300625
          ],
          [
            -6.301602999999999,
            6.299771999999999
          ],
          [
            -6.293793,
            6.296445000000001
          ],
          [
            -6.290617,
            6.294994
          ],
          [
            -6.287183999999999,
            6.294056000000001
          ],
          [
            -6.281948000000001,
            6.293118
          ],
          [
            -6.279802,
            6.292947
          ],
          [
            -6.275854,
            6.292094
          ],
          [
            -6.273451,
            6.291411
          ],
          [
            -6.271391,
            6.290558
          ],
          [
            -6.268558,
            6.290046
          ],
          [
            -6.266499,
            6.289449
          ],
          [
            -6.263065,
            6.288681
          ],
          [
            -6.260834,
            6.28834
          ],
          [
            -6.257486,
            6.287657
          ],
          [
            -6.254654,
            6.286975
          ],
          [
            -6.251736,
            6.286547999999999
          ],
          [
            -6.248646,
            6.285866
          ],
          [
            -6.247358,
            6.285269000000001
          ],
          [
            -6.24135,
            6.283306
          ],
          [
            -6.236887,
            6.282112
          ],
          [
            -6.222124,
            6.278529
          ],
          [
            -6.217318000000001,
            6.277249
          ],
          [
            -6.214914,
            6.276907999999999
          ],
          [
            -6.212511,
            6.276054
          ],
          [
            -6.209335,
            6.274178
          ],
          [
            -6.206073999999999,
            6.272727
          ],
          [
            -6.20204,
            6.270253
          ],
          [
            -6.200838000000001,
            6.2694
          ],
          [
            -6.199465,
            6.268035
          ],
          [
            -6.198006,
            6.266413999999999
          ],
          [
            -6.196632,
            6.264707000000001
          ],
          [
            -6.195344999999999,
            6.26266
          ],
          [
            -6.194401,
            6.261551
          ],
          [
            -6.193027,
            6.259759
          ],
          [
            -6.191139,
            6.257029
          ],
          [
            -6.187363000000001,
            6.25208
          ],
          [
            -6.185645999999999,
            6.250032
          ],
          [
            -6.184444,
            6.249179
          ],
          [
            -6.183071,
            6.24807
          ],
          [
            -6.178694,
            6.244742
          ],
          [
            -6.174316,
            6.24133
          ],
          [
            -6.171656,
            6.239452999999999
          ],
          [
            -6.171141,
            6.237917
          ],
          [
            -6.171141,
            6.236296
          ],
          [
            -6.171055000000001,
            6.234844999999999
          ],
          [
            -6.170025,
            6.233820999999999
          ],
          [
            -6.166162000000001,
            6.231688
          ],
          [
            -6.163673,
            6.230749999999999
          ],
          [
            -6.160755,
            6.229383999999999
          ],
          [
            -6.159038000000001,
            6.22819
          ],
          [
            -6.156033999999999,
            6.226398
          ],
          [
            -6.153459,
            6.224265
          ],
          [
            -6.151571,
            6.22307
          ],
          [
            -6.149254,
            6.221449000000001
          ],
          [
            -6.144276,
            6.216499999999999
          ],
          [
            -6.141957999999999,
            6.214538
          ],
          [
            -6.140757,
            6.213002000000001
          ],
          [
            -6.139126,
            6.211295
          ],
          [
            -6.137323000000001,
            6.20993
          ],
          [
            -6.134833999999999,
            6.207456
          ],
          [
            -6.130972,
            6.204555
          ],
          [
            -6.129856,
            6.203531
          ],
          [
            -6.128569,
            6.202677
          ],
          [
            -6.127538999999999,
            6.201738999999999
          ],
          [
            -6.126251000000001,
            6.2008
          ],
          [
            -6.125393,
            6.199862
          ],
          [
            -6.12462,
            6.198667
          ],
          [
            -6.12359,
            6.197387
          ],
          [
            -6.121359,
            6.194059
          ],
          [
            -6.120329,
            6.192609
          ],
          [
            -6.118956000000001,
            6.190817
          ],
          [
            -6.117668,
            6.188939
          ],
          [
            -6.116122999999999,
            6.186891
          ],
          [
            -6.114664000000001,
            6.185356
          ],
          [
            -6.113720000000001,
            6.184246000000001
          ],
          [
            -6.113033,
            6.183564000000001
          ],
          [
            -6.112003000000001,
            6.181772
          ],
          [
            -6.109928,
            6.178353999999999
          ],
          [
            -6.109428000000001,
            6.177676
          ],
          [
            -6.108656000000001,
            6.176481
          ],
          [
            -6.107369000000001,
            6.17486
          ],
          [
            -6.105995,
            6.173238
          ],
          [
            -6.104193000000001,
            6.171617
          ],
          [
            -6.102046999999999,
            6.169569
          ],
          [
            -6.100502,
            6.168374
          ],
          [
            -6.098185000000001,
            6.165644
          ],
          [
            -6.096726,
            6.163766
          ],
          [
            -6.095352000000001,
            6.162316000000001
          ],
          [
            -6.092434,
            6.1595
          ],
          [
            -6.089773,
            6.157793
          ],
          [
            -6.085138,
            6.155318
          ],
          [
            -6.083508,
            6.153952999999999
          ],
          [
            -6.080761,
            6.152416999999999
          ],
          [
            -6.078014,
            6.150197999999999
          ],
          [
            -6.076469,
            6.149515
          ],
          [
            -6.074495,
            6.148406
          ],
          [
            -6.071749,
            6.146699
          ],
          [
            -6.069087999999999,
            6.145419
          ],
          [
            -6.066341000000001,
            6.143542
          ],
          [
            -6.063423,
            6.141238
          ],
          [
            -6.059389,
            6.138421
          ],
          [
            -6.055527,
            6.13552
          ],
          [
            -6.053982000000001,
            6.133984
          ],
          [
            -6.052607999999999,
            6.132873999999999
          ],
          [
            -6.051149,
            6.132789
          ],
          [
            -6.049089000000001,
            6.132448
          ],
          [
            -6.04703,
            6.131850000000001
          ],
          [
            -6.044369000000001,
            6.131253
          ],
          [
            -6.043252999999999,
            6.130741
          ],
          [
            -6.040936,
            6.129887
          ],
          [
            -6.037404,
            6.127601
          ],
          [
            -6.035107,
            6.126417
          ],
          [
            -6.031325000000001,
            6.124742
          ],
          [
            -6.020022,
            6.11921
          ],
          [
            -6.019022,
            6.118665
          ],
          [
            -6.017634000000001,
            6.117623999999999
          ],
          [
            -6.017099999999999,
            6.117136999999999
          ],
          [
            -6.01653,
            6.116523
          ],
          [
            -6.015642,
            6.115373
          ],
          [
            -6.013313,
            6.111796
          ],
          [
            -6.012560999999999,
            6.110847
          ],
          [
            -6.011954000000001,
            6.110274
          ],
          [
            -6.01125,
            6.109709
          ],
          [
            -6.010541,
            6.109293999999999
          ],
          [
            -6.009144000000001,
            6.108701000000001
          ],
          [
            -6.008037,
            6.108411
          ],
          [
            -6.00595,
            6.108193
          ],
          [
            -6.004467999999999,
            6.108096
          ],
          [
            -6.003773999999999,
            6.10814
          ],
          [
            -6.003178,
            6.108260999999999
          ],
          [
            -6.002434,
            6.108538
          ],
          [
            -6.001690000000001,
            6.108918000000001
          ],
          [
            -6.000608,
            6.109345
          ],
          [
            -6.000608,
            6.109345
          ],
          [
            -5.988976,
            6.114111
          ],
          [
            -5.987005,
            6.114807
          ],
          [
            -5.981644,
            6.116264
          ],
          [
            -5.969237,
            6.119970999999999
          ],
          [
            -5.952019,
            6.125357
          ],
          [
            -5.949111000000001,
            6.126135
          ],
          [
            -5.946671,
            6.126719000000001
          ],
          [
            -5.945963,
            6.126852000000001
          ],
          [
            -5.943771,
            6.127106
          ],
          [
            -5.943771,
            6.127106
          ],
          [
            -5.943668,
            6.127112
          ],
          [
            -5.943562,
            6.127227000000001
          ],
          [
            -5.943512000000001,
            6.127442
          ],
          [
            -5.943581999999999,
            6.127560000000001
          ],
          [
            -5.942512000000001,
            6.130006999999999
          ],
          [
            -5.942512000000001,
            6.130006999999999
          ],
          [
            -5.942662,
            6.130126
          ],
          [
            -5.943118,
            6.130318
          ],
          [
            -5.943118,
            6.130318
          ],
          [
            -5.94253,
            6.131719
          ],
          [
            -5.94253,
            6.131719
          ],
          [
            -5.940127,
            6.130527
          ],
          [
            -5.939017,
            6.130724999999999
          ],
          [
            -5.937552,
            6.131125
          ],
          [
            -5.937379000000001,
            6.131318
          ],
          [
            -5.937379000000001,
            6.131318
          ],
          [
            -5.937166,
            6.131391
          ],
          [
            -5.936994999999999,
            6.131776
          ],
          [
            -5.936748,
            6.132351999999999
          ],
          [
            -5.936768,
            6.132737
          ]
        ]
      },
      "properties": {
        "name": "Route",
        "folder": "FO EARTH",
        "stroke-width": 5,
        "stroke": "#FF0000"
      }
    },
    {
      "type": "Feature",
      "geometry": {
        "type": "LineString",
        "coordinates": [
          [
            -5.936768,
            6.132737
          ],
          [
            -5.936748,
            6.132351999999999
          ],
          [
            -5.936994999999999,
            6.131776
          ],
          [
            -5.937166,
            6.131391
          ],
          [
            -5.937379000000001,
            6.131318
          ],
          [
            -5.937379000000001,
            6.131318
          ],
          [
            -5.937552,
            6.131125
          ],
          [
            -5.939017,
            6.130724999999999
          ],
          [
            -5.940127,
            6.130527
          ],
          [
            -5.94253,
            6.131719
          ],
          [
            -5.94253,
            6.131719
          ],
          [
            -5.943118,
            6.130318
          ],
          [
            -5.943118,
            6.130318
          ],
          [
            -5.942662,
            6.130126
          ],
          [
            -5.942512000000001,
            6.130006999999999
          ],
          [
            -5.942512000000001,
            6.130006999999999
          ],
          [
            -5.943581999999999,
            6.127560000000001
          ],
          [
            -5.943724,
            6.127526999999999
          ],
          [
            -5.943842000000001,
            6.12734
          ],
          [
            -5.943844999999999,
            6.127163
          ],
          [
            -5.943771,
            6.127106
          ],
          [
            -5.943532,
            6.126662999999999
          ],
          [
            -5.943532,
            6.126662999999999
          ],
          [
            -5.943361,
            6.126168
          ],
          [
            -5.942616,
            6.125341999999999
          ],
          [
            -5.941206,
            6.122997999999999
          ],
          [
            -5.939449,
            6.120683
          ],
          [
            -5.93745,
            6.117913
          ],
          [
            -5.93685,
            6.116942000000001
          ],
          [
            -5.93626,
            6.115833
          ],
          [
            -5.934160999999999,
            6.111725
          ],
          [
            -5.933568,
            6.111016
          ],
          [
            -5.932994,
            6.110562
          ],
          [
            -5.931185,
            6.109854
          ],
          [
            -5.92744,
            6.108525
          ],
          [
            -5.924023,
            6.107421
          ],
          [
            -5.920225,
            6.106079
          ],
          [
            -5.911158,
            6.10322
          ],
          [
            -5.899128000000001,
            6.099145
          ],
          [
            -5.885616,
            6.095009
          ],
          [
            -5.879217,
            6.092931
          ],
          [
            -5.878158,
            6.092685
          ],
          [
            -5.873058,
            6.091979
          ],
          [
            -5.871969,
            6.091632000000001
          ],
          [
            -5.870443,
            6.090846000000001
          ],
          [
            -5.868647,
            6.089815
          ],
          [
            -5.867991000000001,
            6.089434000000001
          ],
          [
            -5.867159,
            6.088857
          ],
          [
            -5.866419,
            6.088171999999999
          ],
          [
            -5.864291,
            6.085622000000001
          ],
          [
            -5.863530000000001,
            6.08496
          ],
          [
            -5.863013,
            6.084622999999999
          ],
          [
            -5.855707,
            6.081033
          ],
          [
            -5.854107000000001,
            6.080349
          ],
          [
            -5.850432000000001,
            6.079085
          ],
          [
            -5.844522000000001,
            6.077221
          ],
          [
            -5.841180999999999,
            6.075975
          ],
          [
            -5.840082,
            6.075307
          ],
          [
            -5.836337,
            6.072027
          ],
          [
            -5.835481,
            6.071443
          ],
          [
            -5.833019999999999,
            6.070216
          ],
          [
            -5.828179,
            6.068101
          ],
          [
            -5.823787,
            6.064316
          ],
          [
            -5.820522000000001,
            6.062806
          ],
          [
            -5.818119,
            6.061098999999999
          ],
          [
            -5.799321999999999,
            6.043772
          ],
          [
            -5.794945,
            6.039675
          ],
          [
            -5.789194,
            6.034042
          ],
          [
            -5.786104,
            6.031311
          ],
          [
            -5.783358,
            6.029518
          ],
          [
            -5.779238,
            6.02747
          ],
          [
            -5.768166,
            6.021152999999999
          ],
          [
            -5.760613,
            6.015264
          ],
          [
            -5.748596,
            6.006216
          ],
          [
            -5.742502,
            5.997509
          ],
          [
            -5.738382,
            5.989826
          ],
          [
            -5.734348,
            5.982827
          ],
          [
            -5.731344,
            5.978217
          ],
          [
            -5.725850999999999,
            5.969083000000001
          ],
          [
            -5.7195,
            5.962937
          ],
          [
            -5.710573,
            5.955339
          ],
          [
            -5.700703,
            5.945522
          ],
          [
            -5.694351,
            5.939973000000001
          ],
          [
            -5.68697,
            5.933314000000001
          ],
          [
            -5.685253000000001,
            5.931861999999999
          ],
          [
            -5.685276000000001,
            5.930975
          ],
          [
            -5.68376,
            5.923938
          ],
          [
            -5.683343000000001,
            5.916572
          ],
          [
            -5.683384,
            5.910518
          ],
          [
            -5.68326,
            5.90704
          ],
          [
            -5.682432,
            5.899409
          ],
          [
            -5.682250999999999,
            5.897141
          ],
          [
            -5.682159,
            5.893671
          ],
          [
            -5.682089000000001,
            5.885801
          ],
          [
            -5.682132,
            5.882114
          ],
          [
            -5.682081,
            5.881511
          ],
          [
            -5.681957,
            5.880989999999999
          ],
          [
            -5.681723,
            5.880427
          ],
          [
            -5.681348,
            5.879828000000001
          ],
          [
            -5.680933,
            5.879384999999999
          ],
          [
            -5.676482,
            5.876087
          ],
          [
            -5.675768,
            5.875671
          ],
          [
            -5.674465,
            5.875085
          ],
          [
            -5.674465,
            5.875085
          ],
          [
            -5.675741999999999,
            5.872861000000001
          ],
          [
            -5.678901,
            5.866968999999999
          ],
          [
            -5.679578,
            5.866079000000001
          ],
          [
            -5.681383000000001,
            5.864001
          ],
          [
            -5.682746,
            5.862318
          ],
          [
            -5.683416,
            5.861104
          ],
          [
            -5.684078,
            5.859651
          ],
          [
            -5.684192,
            5.859028
          ],
          [
            -5.684138999999999,
            5.858566
          ],
          [
            -5.682335,
            5.85386
          ],
          [
            -5.682769,
            5.851031
          ],
          [
            -5.683542,
            5.85019
          ]
        ]
      },
      "properties": {
        "name": "Route",
        "folder": "FO EARTH",
        "stroke-width": 5,
        "stroke": "#FF0000"
      }
    },
    {
      "type": "Feature",
      "geometry": {
        "type": "LineString",
        "coordinates": [
          [
            -4.835602,
            5.895750999999999
          ],
          [
            -4.833984,
            5.894895999999999
          ],
          [
            -4.83098,
            5.892846
          ],
          [
            -4.82832,
            5.891736
          ],
          [
            -4.825745,
            5.891310000000001
          ],
          [
            -4.823341,
            5.891139000000001
          ],
          [
            -4.820681,
            5.890456
          ],
          [
            -4.817591,
            5.889175
          ],
          [
            -4.816475,
            5.88798
          ],
          [
            -4.814501,
            5.886358000000001
          ],
          [
            -4.812098,
            5.885248
          ],
          [
            -4.809351,
            5.883455
          ],
          [
            -4.807463,
            5.882345
          ],
          [
            -4.802828,
            5.881319999999999
          ],
          [
            -4.796991,
            5.876454
          ],
          [
            -4.794331,
            5.874575
          ],
          [
            -4.792185,
            5.873635999999999
          ],
          [
            -4.789953,
            5.872782000000001
          ],
          [
            -4.78755,
            5.872185
          ],
          [
            -4.78446,
            5.872099
          ],
          [
            -4.780855,
            5.872526
          ],
          [
            -4.775019,
            5.872697
          ],
          [
            -4.772701,
            5.872269999999999
          ],
          [
            -4.768667,
            5.869794
          ],
          [
            -4.767122,
            5.868599
          ],
          [
            -4.765835,
            5.867745
          ],
          [
            -4.765309,
            5.867538999999999
          ],
          [
            -4.765309,
            5.867538999999999
          ],
          [
            -4.765148,
            5.866208
          ],
          [
            -4.762487,
            5.863732
          ],
          [
            -4.761934,
            5.863274
          ]
        ]
      },
      "properties": {
        "name": "Route",
        "folder": "FO EARTH",
        "stroke-width": 5,
        "stroke": "#FF0000"
      }
    },
    {
      "type": "Feature",
      "geometry": {
        "type": "LineString",
        "coordinates": [
          [
            -5.683542,
            5.85019
          ],
          [
            -5.682769,
            5.851031
          ],
          [
            -5.682335,
            5.85386
          ],
          [
            -5.684138999999999,
            5.858566
          ],
          [
            -5.684192,
            5.859028
          ],
          [
            -5.684078,
            5.859651
          ],
          [
            -5.683416,
            5.861104
          ],
          [
            -5.682746,
            5.862318
          ],
          [
            -5.681383000000001,
            5.864001
          ],
          [
            -5.679578,
            5.866079000000001
          ],
          [
            -5.678901,
            5.866968999999999
          ],
          [
            -5.675741999999999,
            5.872861000000001
          ],
          [
            -5.674465,
            5.875085
          ],
          [
            -5.674465,
            5.875085
          ],
          [
            -5.673903,
            5.874883
          ],
          [
            -5.669252999999999,
            5.873649
          ],
          [
            -5.668228999999999,
            5.873302
          ],
          [
            -5.667339,
            5.872913
          ],
          [
            -5.665911,
            5.871968
          ],
          [
            -5.662466,
            5.869367
          ],
          [
            -5.661894,
            5.869091
          ],
          [
            -5.661449,
            5.868954
          ],
          [
            -5.660861,
            5.868889000000001
          ],
          [
            -5.660080000000001,
            5.868919
          ],
          [
            -5.659603999999999,
            5.869037
          ],
          [
            -5.657421,
            5.869884
          ],
          [
            -5.656175999999999,
            5.870036
          ],
          [
            -5.655476,
            5.869986
          ],
          [
            -5.649362,
            5.869157
          ],
          [
            -5.648301000000001,
            5.869084999999999
          ],
          [
            -5.647433,
            5.869141999999999
          ],
          [
            -5.646622,
            5.869273
          ],
          [
            -5.645400999999999,
            5.869652000000001
          ],
          [
            -5.640875,
            5.871328
          ],
          [
            -5.636500999999999,
            5.872868
          ],
          [
            -5.631866,
            5.874917
          ],
          [
            -5.626717,
            5.877478
          ],
          [
            -5.620022,
            5.880296
          ],
          [
            -5.614014,
            5.880467
          ],
          [
            -5.611095,
            5.880723
          ],
          [
            -5.599937,
            5.880979
          ],
          [
            -5.598478,
            5.880808
          ],
          [
            -5.591698,
            5.884051999999999
          ],
          [
            -5.588865,
            5.884309
          ],
          [
            -5.582943,
            5.883284
          ],
          [
            -5.57539,
            5.882174
          ],
          [
            -5.558137,
            5.874748
          ],
          [
            -5.552168,
            5.870984999999999
          ],
          [
            -5.5497,
            5.869616
          ],
          [
            -5.546355,
            5.867863
          ],
          [
            -5.543487,
            5.866490999999999
          ],
          [
            -5.535736,
            5.862254
          ],
          [
            -5.533448,
            5.861252000000001
          ],
          [
            -5.53167,
            5.860335
          ],
          [
            -5.524188,
            5.85621
          ],
          [
            -5.523378,
            5.85594
          ],
          [
            -5.522032,
            5.855644000000001
          ],
          [
            -5.517147,
            5.85497
          ],
          [
            -5.510035,
            5.854135
          ],
          [
            -5.507519,
            5.853886
          ],
          [
            -5.500357,
            5.853402000000001
          ],
          [
            -5.494935,
            5.852679
          ],
          [
            -5.494324,
            5.852573999999999
          ],
          [
            -5.488512,
            5.851171999999999
          ],
          [
            -5.487671,
            5.850924
          ],
          [
            -5.486438,
            5.850442999999999
          ],
          [
            -5.476053,
            5.845837
          ],
          [
            -5.470321,
            5.842594
          ],
          [
            -5.464296,
            5.840708
          ],
          [
            -5.451078,
            5.838303
          ],
          [
            -5.444452,
            5.83687
          ],
          [
            -5.443641,
            5.83678
          ],
          [
            -5.4421,
            5.836928
          ],
          [
            -5.438547,
            5.837529
          ],
          [
            -5.438094,
            5.837647
          ],
          [
            -5.436394,
            5.838252
          ],
          [
            -5.431723,
            5.840294
          ],
          [
            -5.429761,
            5.840891
          ],
          [
            -5.422611,
            5.840166000000001
          ],
          [
            -5.419264,
            5.839227
          ],
          [
            -5.415058,
            5.838629000000001
          ],
          [
            -5.413597,
            5.837923
          ],
          [
            -5.411923,
            5.837392
          ],
          [
            -5.404173,
            5.834526
          ],
          [
            -5.401132,
            5.832427999999999
          ],
          [
            -5.400459,
            5.832197
          ],
          [
            -5.398369,
            5.832177999999999
          ],
          [
            -5.396747,
            5.832258
          ],
          [
            -5.392471,
            5.832923
          ],
          [
            -5.391673,
            5.832955
          ],
          [
            -5.39082,
            5.832799
          ],
          [
            -5.386463,
            5.831265999999999
          ],
          [
            -5.385458,
            5.831101
          ],
          [
            -5.385115,
            5.831108
          ],
          [
            -5.384089,
            5.831265000000001
          ],
          [
            -5.381449,
            5.831765
          ],
          [
            -5.37418,
            5.834265
          ],
          [
            -5.373286,
            5.834521
          ],
          [
            -5.368454,
            5.835239000000001
          ],
          [
            -5.36801,
            5.835341999999999
          ],
          [
            -5.366727,
            5.835867
          ],
          [
            -5.365335,
            5.836518
          ],
          [
            -5.361795,
            5.839386
          ],
          [
            -5.361299,
            5.839658
          ],
          [
            -5.360797,
            5.839783
          ],
          [
            -5.360797,
            5.839783
          ],
          [
            -5.360854,
            5.839002
          ]
        ]
      },
      "properties": {
        "name": "Route",
        "folder": "FO EARTH",
        "stroke-width": 5,
        "stroke": "#FF0000"
      }
    },
    {
      "type": "Feature",
      "geometry": {
        "type": "LineString",
        "coordinates": [
          [
            -5.360854,
            5.839002
          ],
          [
            -5.360797,
            5.839783
          ],
          [
            -5.360797,
            5.839783
          ],
          [
            -5.357367,
            5.840178999999999
          ],
          [
            -5.354782,
            5.840546
          ],
          [
            -5.348253,
            5.835897999999999
          ],
          [
            -5.348253,
            5.835897999999999
          ],
          [
            -5.345699,
            5.836867999999999
          ],
          [
            -5.335828,
            5.840874
          ],
          [
            -5.33044,
            5.842987
          ],
          [
            -5.318907,
            5.846767999999999
          ],
          [
            -5.316863,
            5.847528
          ],
          [
            -5.312044,
            5.849727000000001
          ],
          [
            -5.308089,
            5.851629
          ],
          [
            -5.305538,
            5.852718000000001
          ],
          [
            -5.302877,
            5.854254999999999
          ],
          [
            -5.297985,
            5.85656
          ],
          [
            -5.294809,
            5.858523999999999
          ],
          [
            -5.29099,
            5.860338
          ],
          [
            -5.288029,
            5.861255999999999
          ],
          [
            -5.281849,
            5.862878
          ],
          [
            -5.277986,
            5.864244
          ],
          [
            -5.273781,
            5.86561
          ],
          [
            -5.270348,
            5.86655
          ],
          [
            -5.267172,
            5.867745
          ],
          [
            -5.263224,
            5.869026
          ],
          [
            -5.260563,
            5.870221
          ],
          [
            -5.257816,
            5.871246000000001
          ],
          [
            -5.25567,
            5.871929
          ],
          [
            -5.241079,
            5.878246999999999
          ],
          [
            -5.23284,
            5.881319999999999
          ],
          [
            -5.229149,
            5.882943
          ],
          [
            -5.225973,
            5.88465
          ],
          [
            -5.223656,
            5.885675
          ],
          [
            -5.221252,
            5.885931
          ],
          [
            -5.219107,
            5.886699
          ],
          [
            -5.214386,
            5.887894
          ],
          [
            -5.210867,
            5.888919
          ],
          [
            -5.208378,
            5.890883
          ],
          [
            -5.206661,
            5.892334000000001
          ],
          [
            -5.204687,
            5.894212
          ],
          [
            -5.195401,
            5.901128
          ],
          [
            -5.1931,
            5.902494
          ],
          [
            -5.191212,
            5.902494
          ],
          [
            -5.188465,
            5.902237999999999
          ],
          [
            -5.185204,
            5.901469
          ],
          [
            -5.180826,
            5.901042999999999
          ],
          [
            -5.178766,
            5.901469
          ],
          [
            -5.175505,
            5.901895999999999
          ],
          [
            -5.166836,
            5.905311
          ],
          [
            -5.160141,
            5.907275
          ],
          [
            -5.155849,
            5.895493
          ],
          [
            -5.152502,
            5.89703
          ],
          [
            -5.145979,
            5.899505999999999
          ],
          [
            -5.14349,
            5.900700999999999
          ],
          [
            -5.141773,
            5.90164
          ],
          [
            -5.139628,
            5.903006
          ],
          [
            -5.137396,
            5.903432999999999
          ],
          [
            -5.134821,
            5.903432999999999
          ],
          [
            -5.132589,
            5.903603999999999
          ],
          [
            -5.126839,
            5.904969999999999
          ],
          [
            -5.122719,
            5.906164999999999
          ],
          [
            -5.119801,
            5.90719
          ],
          [
            -5.116625,
            5.908385
          ],
          [
            -5.113363,
            5.909153
          ],
          [
            -5.111647,
            5.910007000000001
          ],
          [
            -5.109587,
            5.910434
          ],
          [
            -5.105295,
            5.911202000000001
          ],
          [
            -5.100317,
            5.912227
          ],
          [
            -5.098085,
            5.912483
          ],
          [
            -5.096283,
            5.912568000000001
          ],
          [
            -5.091991,
            5.913422
          ],
          [
            -5.08976,
            5.914105000000001
          ],
          [
            -5.087957,
            5.915129000000001
          ],
          [
            -5.085812,
            5.916581
          ],
          [
            -5.082207,
            5.917860999999999
          ],
          [
            -5.078859,
            5.9188
          ],
          [
            -5.076284,
            5.918459
          ],
          [
            -5.074825,
            5.917776
          ],
          [
            -5.073194,
            5.917264
          ],
          [
            -5.071478,
            5.916922
          ],
          [
            -5.06959,
            5.917178000000001
          ],
          [
            -5.068989,
            5.917007999999999
          ],
          [
            -5.067272,
            5.917007999999999
          ],
          [
            -5.065384,
            5.917264
          ],
          [
            -5.061006,
            5.917691000000001
          ],
          [
            -5.058174,
            5.918544000000001
          ],
          [
            -5.0562,
            5.919654
          ],
          [
            -5.054312,
            5.920849
          ],
          [
            -5.052166,
            5.922471000000001
          ],
          [
            -5.049677,
            5.924606
          ],
          [
            -5.045814,
            5.927252
          ],
          [
            -5.043411,
            5.928021
          ],
          [
            -5.040836,
            5.928105999999999
          ],
          [
            -5.039206,
            5.927679
          ],
          [
            -5.037832,
            5.927252
          ],
          [
            -5.036116,
            5.92785
          ],
          [
            -5.03397,
            5.928276999999999
          ],
          [
            -5.032425,
            5.928362
          ],
          [
            -5.030966,
            5.928618
          ],
          [
            -5.027447,
            5.928448
          ],
          [
            -5.025902,
            5.927934999999999
          ],
          [
            -5.021696,
            5.926826
          ],
          [
            -5.020409,
            5.926228
          ],
          [
            -5.020151,
            5.925289
          ],
          [
            -5.019464,
            5.924606
          ],
          [
            -5.018606,
            5.924264
          ],
          [
            -5.017147,
            5.925032999999999
          ],
          [
            -5.017147,
            5.92563
          ],
          [
            -5.017061,
            5.926484
          ],
          [
            -5.01646,
            5.926826
          ],
          [
            -5.015602,
            5.926739999999999
          ],
          [
            -5.0144,
            5.927082
          ],
          [
            -5.010023,
            5.928021
          ],
          [
            -5.00556,
            5.928618
          ],
          [
            -5.002449,
            5.929312
          ],
          [
            -5.000153,
            5.929984
          ],
          [
            -4.998264,
            5.930837999999999
          ],
          [
            -4.996376,
            5.930923
          ],
          [
            -4.994488,
            5.930666999999999
          ],
          [
            -4.992771,
            5.930155
          ],
          [
            -4.988136,
            5.929129999999999
          ],
          [
            -4.986162,
            5.928789
          ],
          [
            -4.984531,
            5.928362
          ],
          [
            -4.980154,
            5.927508
          ],
          [
            -4.97612,
            5.926826
          ],
          [
            -4.965048,
            5.925886
          ],
          [
            -4.961872,
            5.926228
          ],
          [
            -4.961534,
            5.926183
          ],
          [
            -4.960327,
            5.925886
          ],
          [
            -4.958954,
            5.924861999999999
          ],
          [
            -4.95698,
            5.923069
          ],
          [
            -4.95286,
            5.918715000000001
          ],
          [
            -4.946594,
            5.912227
          ],
          [
            -4.944019,
            5.909751
          ],
          [
            -4.940243,
            5.908470000000001
          ],
          [
            -4.93887,
            5.908214
          ],
          [
            -4.936895,
            5.908043
          ],
          [
            -4.934406,
            5.907616
          ],
          [
            -4.931574,
            5.907446
          ],
          [
            -4.9296,
            5.907787
          ],
          [
            -4.927797,
            5.907873
          ],
          [
            -4.925737,
            5.907701999999999
          ],
          [
            -4.92342,
            5.907616
          ],
          [
            -4.921961,
            5.907701999999999
          ],
          [
            -4.9193,
            5.907958
          ],
          [
            -4.917841,
            5.9083
          ],
          [
            -4.915695,
            5.909153
          ],
          [
            -4.914236,
            5.909239
          ],
          [
            -4.912949,
            5.909153
          ],
          [
            -4.910631,
            5.909409
          ],
          [
            -4.907885,
            5.909922
          ],
          [
            -4.90531,
            5.910519
          ],
          [
            -4.902906,
            5.910861
          ],
          [
            -4.901962,
            5.910605
          ],
          [
            -4.900761,
            5.909836000000001
          ],
          [
            -4.899645,
            5.908897
          ],
          [
            -4.898357,
            5.908214
          ],
          [
            -4.89707,
            5.907787
          ],
          [
            -4.89501,
            5.907787
          ],
          [
            -4.892006,
            5.908129
          ],
          [
            -4.8878,
            5.908129
          ],
          [
            -4.883594,
            5.908470000000001
          ],
          [
            -4.880762,
            5.908385
          ],
          [
            -4.879046,
            5.908129
          ],
          [
            -4.873896,
            5.906507
          ],
          [
            -4.869776,
            5.904714
          ],
          [
            -4.865484,
            5.90275
          ],
          [
            -4.862995,
            5.901469
          ],
          [
            -4.860163,
            5.900616
          ],
          [
            -4.859133,
            5.900445
          ],
          [
            -4.857244,
            5.900445
          ],
          [
            -4.855013,
            5.900189
          ],
          [
            -4.847803,
            5.898908
          ],
          [
            -4.846601,
            5.898396
          ],
          [
            -4.845657,
            5.897285999999999
          ],
          [
            -4.843683,
            5.896090999999999
          ],
          [
            -4.841881,
            5.896005
          ],
          [
            -4.840164,
            5.896774000000001
          ],
          [
            -4.838448,
            5.896774000000001
          ],
          [
            -4.836731,
            5.896347
          ],
          [
            -4.835602,
            5.895750999999999
          ]
        ]
      },
      "properties": {
        "name": "Route",
        "folder": "FO EARTH",
        "stroke-width": 5,
        "stroke": "#FF0000"
      }
    },
    {
      "type": "Feature",
      "geometry": {
        "type": "LineString",
        "coordinates": [
          [
            -4.049682,
            5.500196
          ],
          [
            -4.048813,
            5.50044
          ],
          [
            -4.048448,
            5.499215
          ],
          [
            -4.048448,
            5.499215
          ],
          [
            -4.051307,
            5.49846
          ],
          [
            -4.051307,
            5.49846
          ],
          [
            -4.051406,
            5.498987
          ],
          [
            -4.053847,
            5.507545
          ],
          [
            -4.054178,
            5.508349
          ],
          [
            -4.054761,
            5.50912
          ],
          [
            -4.055334,
            5.509618
          ],
          [
            -4.059879,
            5.512734
          ],
          [
            -4.059879,
            5.512734
          ],
          [
            -4.059606,
            5.513519
          ],
          [
            -4.059397,
            5.514389
          ],
          [
            -4.059295,
            5.515361
          ],
          [
            -4.059398,
            5.518148
          ],
          [
            -4.059572,
            5.519989
          ],
          [
            -4.059673,
            5.522066
          ],
          [
            -4.05992,
            5.523668
          ],
          [
            -4.065193,
            5.544427
          ],
          [
            -4.065419,
            5.54542
          ],
          [
            -4.067591,
            5.55729
          ],
          [
            -4.067935,
            5.558486
          ],
          [
            -4.069126,
            5.561598
          ],
          [
            -4.069088,
            5.561967
          ],
          [
            -4.069325,
            5.562605
          ],
          [
            -4.069641,
            5.563237
          ],
          [
            -4.069901,
            5.56397
          ],
          [
            -4.070057,
            5.564608
          ],
          [
            -4.070132,
            5.565207
          ],
          [
            -4.070103,
            5.566169
          ],
          [
            -4.069911,
            5.567011
          ],
          [
            -4.067116,
            5.574931
          ],
          [
            -4.064313,
            5.583935
          ],
          [
            -4.062708,
            5.594203
          ],
          [
            -4.062463,
            5.596106
          ],
          [
            -4.062004,
            5.605036
          ],
          [
            -4.061796,
            5.606027
          ],
          [
            -4.061582,
            5.606696
          ],
          [
            -4.060015,
            5.610425
          ],
          [
            -4.05975,
            5.611413
          ],
          [
            -4.058724,
            5.616319
          ],
          [
            -4.057533,
            5.620764
          ],
          [
            -4.056739,
            5.62282
          ],
          [
            -4.055746,
            5.625124
          ],
          [
            -4.054092,
            5.627364
          ],
          [
            -4.052041,
            5.629537
          ],
          [
            -4.048732,
            5.633685
          ],
          [
            -4.047078,
            5.635661
          ],
          [
            -4.046019,
            5.638163999999999
          ],
          [
            -4.04496,
            5.641061
          ],
          [
            -4.044034,
            5.644551
          ],
          [
            -4.043041,
            5.646526999999999
          ],
          [
            -4.041916,
            5.649293
          ],
          [
            -4.040725,
            5.653638999999999
          ],
          [
            -4.039931,
            5.657063
          ],
          [
            -4.039534,
            5.659762999999999
          ],
          [
            -4.039468,
            5.662331
          ],
          [
            -4.039468,
            5.669246
          ],
          [
            -4.039203,
            5.670826
          ],
          [
            -4.03874,
            5.672801
          ],
          [
            -4.037284,
            5.675962
          ],
          [
            -4.0294,
            5.694377
          ],
          [
            -4.0272,
            5.69897
          ],
          [
            -4.026736,
            5.699661000000001
          ],
          [
            -4.025413,
            5.700994000000001
          ],
          [
            -4.024652,
            5.701472000000001
          ],
          [
            -4.023262,
            5.70218
          ],
          [
            -4.021194,
            5.703102
          ],
          [
            -4.016549,
            5.705564
          ],
          [
            -4.009004,
            5.7105
          ],
          [
            -4.003272,
            5.715104999999999
          ],
          [
            -4.001625,
            5.717178999999999
          ],
          [
            -4.00125,
            5.718235999999999
          ],
          [
            -4.000792,
            5.720206
          ],
          [
            -4.000312,
            5.721845
          ],
          [
            -3.998186000000001,
            5.726988
          ],
          [
            -3.993691,
            5.735829999999999
          ],
          [
            -3.991064,
            5.740061
          ],
          [
            -3.985623,
            5.75043
          ],
          [
            -3.984186,
            5.754868000000001
          ],
          [
            -3.982352,
            5.757357
          ],
          [
            -3.979517,
            5.760426
          ],
          [
            -3.978553,
            5.761777
          ],
          [
            -3.977743,
            5.764236999999999
          ],
          [
            -3.975955,
            5.768853
          ],
          [
            -3.973696,
            5.771596
          ],
          [
            -3.9713,
            5.773988999999999
          ],
          [
            -3.968296,
            5.778002
          ],
          [
            -3.965936,
            5.782187
          ],
          [
            -3.963318,
            5.786115
          ],
          [
            -3.960485,
            5.789701
          ],
          [
            -3.956966,
            5.793971
          ],
          [
            -3.955593,
            5.796447
          ],
          [
            -3.955765,
            5.798497
          ],
          [
            -3.955936,
            5.803193
          ],
          [
            -3.955679,
            5.806096
          ],
          [
            -3.95422,
            5.809683
          ],
          [
            -3.951988,
            5.815447000000001
          ],
          [
            -3.950529,
            5.818563
          ],
          [
            -3.94804,
            5.825906999999999
          ],
          [
            -3.947954,
            5.830432
          ],
          [
            -3.947611,
            5.835128
          ],
          [
            -3.947525000000001,
            5.842556999999999
          ],
          [
            -3.946581,
            5.847765
          ],
          [
            -3.945723,
            5.849415
          ],
          [
            -3.945937,
            5.85013
          ],
          [
            -3.945347,
            5.851063
          ],
          [
            -3.944296,
            5.852387000000001
          ],
          [
            -3.943448,
            5.853241
          ],
          [
            -3.930021,
            5.865114
          ],
          [
            -3.929334,
            5.865877
          ],
          [
            -3.929082,
            5.866250999999999
          ],
          [
            -3.928873,
            5.866656
          ],
          [
            -3.928572,
            5.867612
          ],
          [
            -3.928476,
            5.868711
          ],
          [
            -3.928605000000001,
            5.869585999999999
          ],
          [
            -3.932188,
            5.880413
          ],
          [
            -3.938245,
            5.894266
          ],
          [
            -3.939049,
            5.896246
          ],
          [
            -3.939312,
            5.897137000000001
          ],
          [
            -3.939586,
            5.898769
          ],
          [
            -3.939838,
            5.903353
          ],
          [
            -3.939806,
            5.90577
          ],
          [
            -3.939672,
            5.909468
          ],
          [
            -3.939848,
            5.911608
          ],
          [
            -3.940353,
            5.914537000000001
          ],
          [
            -3.940492,
            5.915983000000001
          ],
          [
            -3.940417,
            5.917621
          ],
          [
            -3.940133,
            5.920166
          ],
          [
            -3.940085,
            5.922390999999999
          ],
          [
            -3.940154,
            5.92722
          ],
          [
            -3.940422,
            5.929445000000001
          ],
          [
            -3.941002,
            5.931692
          ],
          [
            -3.942504,
            5.935363
          ],
          [
            -3.942617,
            5.936227
          ],
          [
            -3.943833999999999,
            5.940741
          ],
          [
            -3.944607,
            5.945436000000001
          ],
          [
            -3.94568,
            5.950153
          ],
          [
            -3.944778,
            5.954484999999999
          ],
          [
            -3.944214999999999,
            5.957521
          ],
          [
            -3.941807,
            5.962547
          ],
          [
            -3.941576,
            5.963139
          ],
          [
            -3.941254,
            5.964281
          ],
          [
            -3.939081,
            5.974893
          ],
          [
            -3.938319,
            5.978994
          ],
          [
            -3.938171,
            5.980556999999999
          ],
          [
            -3.938161,
            5.98212
          ],
          [
            -3.939032,
            5.996226
          ],
          [
            -3.938989,
            5.997576
          ],
          [
            -3.938772,
            5.998819
          ],
          [
            -3.938544,
            5.999701
          ],
          [
            -3.938169,
            6.000568
          ],
          [
            -3.937671,
            6.001486999999999
          ],
          [
            -3.937088,
            6.002292
          ],
          [
            -3.936418999999999,
            6.003056999999999
          ],
          [
            -3.935792999999999,
            6.003632
          ],
          [
            -3.932323,
            6.006307
          ],
          [
            -3.927921,
            6.009793999999999
          ],
          [
            -3.92673,
            6.010773
          ],
          [
            -3.926104,
            6.011414
          ],
          [
            -3.925236,
            6.01251
          ],
          [
            -3.923424,
            6.015341
          ],
          [
            -3.92291,
            6.016033
          ],
          [
            -3.921951,
            6.017085
          ],
          [
            -3.918999,
            6.019923999999999
          ],
          [
            -3.918575,
            6.020367
          ],
          [
            -3.917663999999999,
            6.021508
          ],
          [
            -3.917117,
            6.022347999999999
          ],
          [
            -3.916514,
            6.023523
          ],
          [
            -3.915378,
            6.026646000000001
          ],
          [
            -3.914745,
            6.028173999999999
          ],
          [
            -3.914192,
            6.029185999999999
          ],
          [
            -3.913561,
            6.030134
          ],
          [
            -3.910028,
            6.034068
          ],
          [
            -3.908367,
            6.036158
          ],
          [
            -3.906624,
            6.038796
          ],
          [
            -3.903793,
            6.043468999999999
          ],
          [
            -3.902874,
            6.044882999999999
          ],
          [
            -3.901858,
            6.046056
          ],
          [
            -3.893026,
            6.055532
          ],
          [
            -3.891821,
            6.057187
          ],
          [
            -3.891183,
            6.058312
          ],
          [
            -3.890327999999999,
            6.059416
          ],
          [
            -3.889332,
            6.062038
          ],
          [
            -3.888388,
            6.065536999999999
          ],
          [
            -3.887271999999999,
            6.069122
          ],
          [
            -3.883924,
            6.074158
          ],
          [
            -3.881177999999999,
            6.076313000000001
          ],
          [
            -3.878689,
            6.077997999999999
          ],
          [
            -3.875513,
            6.080558999999999
          ],
          [
            -3.871651,
            6.083971999999999
          ],
          [
            -3.86796,
            6.087472
          ],
          [
            -3.865642,
            6.088325
          ],
          [
            -3.862467000000001,
            6.087642
          ],
          [
            -3.862124,
            6.087727999999999
          ],
          [
            -3.860997,
            6.087672
          ],
          [
            -3.858175,
            6.087727999999999
          ],
          [
            -3.855085,
            6.088581
          ],
          [
            -3.851309,
            6.090971000000001
          ],
          [
            -3.848648,
            6.094129
          ],
          [
            -3.845644,
            6.099079
          ],
          [
            -3.843927,
            6.102407000000001
          ],
          [
            -3.842468,
            6.104968
          ],
          [
            -3.839808000000001,
            6.109918000000001
          ],
          [
            -3.839121,
            6.111283
          ],
          [
            -3.83749,
            6.112904
          ],
          [
            -3.836803000000001,
            6.113758
          ],
          [
            -3.83646,
            6.11683
          ],
          [
            -3.837147,
            6.123146
          ],
          [
            -3.838091,
            6.130655999999999
          ],
          [
            -3.83852,
            6.133557000000001
          ],
          [
            -3.838692,
            6.135605000000001
          ],
          [
            -3.837833,
            6.137824000000001
          ],
          [
            -3.833456,
            6.145931
          ],
          [
            -3.831996999999999,
            6.14832
          ],
          [
            -3.831396,
            6.150026999999999
          ],
          [
            -3.830538000000001,
            6.152758
          ],
          [
            -3.829765000000001,
            6.154634999999999
          ],
          [
            -3.828306,
            6.156513
          ],
          [
            -3.825045,
            6.160097
          ],
          [
            -3.822641,
            6.162486
          ],
          [
            -3.820152,
            6.165814
          ],
          [
            -3.81114,
            6.179467999999999
          ],
          [
            -3.80702,
            6.184673
          ],
          [
            -3.802214,
            6.189622
          ],
          [
            -3.800068,
            6.192011
          ],
          [
            -3.795948,
            6.194742
          ],
          [
            -3.791828,
            6.197046
          ],
          [
            -3.787622,
            6.199520000000001
          ],
          [
            -3.786421,
            6.200714999999999
          ],
          [
            -3.78376,
            6.20464
          ],
          [
            -3.779983,
            6.209418000000001
          ],
          [
            -3.778439,
            6.213685
          ],
          [
            -3.777494,
            6.216670999999999
          ],
          [
            -3.777323,
            6.218122
          ],
          [
            -3.777924,
            6.219657
          ],
          [
            -3.779039,
            6.222131999999999
          ],
          [
            -3.780413,
            6.224436
          ],
          [
            -3.781529,
            6.226057000000001
          ],
          [
            -3.783159,
            6.22819
          ],
          [
            -3.784704,
            6.229383999999999
          ],
          [
            -3.786507,
            6.23092
          ],
          [
            -3.789682,
            6.23493
          ],
          [
            -3.791485,
            6.237917
          ],
          [
            -3.792944,
            6.241586
          ],
          [
            -3.794575,
            6.244913
          ],
          [
            -3.795776,
            6.247899
          ],
          [
            -3.801784,
            6.253104
          ],
          [
            -3.805904,
            6.256602
          ],
          [
            -3.809853,
            6.260185
          ],
          [
            -3.819981,
            6.275371999999999
          ],
          [
            -3.821526,
            6.277505
          ],
          [
            -3.822384,
            6.279211
          ],
          [
            -3.823242,
            6.282112
          ],
          [
            -3.82556,
            6.297723999999999
          ],
          [
            -3.826761,
            6.301478
          ],
          [
            -3.829336,
            6.30873
          ],
          [
            -3.831053,
            6.314701
          ],
          [
            -3.832169,
            6.318882
          ],
          [
            -3.833628,
            6.321356
          ],
          [
            -3.835688000000001,
            6.323915
          ],
          [
            -3.840494,
            6.327327
          ],
          [
            -3.844442,
            6.330057
          ],
          [
            -3.846932,
            6.33219
          ],
          [
            -3.848648,
            6.334066
          ],
          [
            -3.850021,
            6.335772
          ],
          [
            -3.851051,
            6.337223000000001
          ],
          [
            -3.853626,
            6.341488
          ],
          [
            -3.855944,
            6.346436
          ],
          [
            -3.856716,
            6.349421000000001
          ],
          [
            -3.85766,
            6.351639
          ],
          [
            -3.860664,
            6.355136999999999
          ],
          [
            -3.862124,
            6.356160000000001
          ],
          [
            -3.8659,
            6.358975
          ],
          [
            -3.867617,
            6.360680999999999
          ],
          [
            -3.869333,
            6.362643
          ],
          [
            -3.872166,
            6.365288
          ],
          [
            -3.876672,
            6.370422000000001
          ],
          [
            -3.879043,
            6.372533
          ],
          [
            -3.879435,
            6.373061000000001
          ],
          [
            -3.87988,
            6.373919
          ],
          [
            -3.882278,
            6.379137999999999
          ],
          [
            -3.8829,
            6.381052
          ],
          [
            -3.883468,
            6.383153
          ],
          [
            -3.88401,
            6.384634999999999
          ],
          [
            -3.884659000000001,
            6.385792
          ],
          [
            -3.885158,
            6.386570000000001
          ],
          [
            -3.885738,
            6.387284
          ],
          [
            -3.887653,
            6.389241
          ],
          [
            -3.888028,
            6.389683
          ],
          [
            -3.888296,
            6.390136
          ],
          [
            -3.888828,
            6.391288
          ],
          [
            -3.888956,
            6.391741
          ],
          [
            -3.889041999999999,
            6.392375999999999
          ],
          [
            -3.890018,
            6.399850000000001
          ],
          [
            -3.890056,
            6.400543
          ],
          [
            -3.890029,
            6.401273000000001
          ],
          [
            -3.889868,
            6.402217000000001
          ],
          [
            -3.889450000000001,
            6.403352
          ],
          [
            -3.888763,
            6.404482
          ],
          [
            -3.879504,
            6.416637000000001
          ],
          [
            -3.878726,
            6.417815
          ],
          [
            -3.87768,
            6.419675
          ],
          [
            -3.873625000000001,
            6.427383
          ],
          [
            -3.87105,
            6.431306999999999
          ],
          [
            -3.869934,
            6.433354
          ],
          [
            -3.868132,
            6.436936
          ],
          [
            -3.865471,
            6.441712
          ],
          [
            -3.863239,
            6.446062
          ],
          [
            -3.860836,
            6.449559
          ],
          [
            -3.859377,
            6.452544000000001
          ],
          [
            -3.857317000000001,
            6.454931999999999
          ],
          [
            -3.855171,
            6.457661
          ],
          [
            -3.850966,
            6.46474
          ],
          [
            -3.84985,
            6.466530999999999
          ],
          [
            -3.847704,
            6.469260000000001
          ],
          [
            -3.847103000000001,
            6.47071
          ],
          [
            -3.844614,
            6.475485000000001
          ],
          [
            -3.842468,
            6.481198999999999
          ],
          [
            -3.841181,
            6.485208
          ],
          [
            -3.840322,
            6.487169
          ],
          [
            -3.838692,
            6.489557
          ],
          [
            -3.834915,
            6.492968
          ],
          [
            -3.830538000000001,
            6.49672
          ],
          [
            -3.82719,
            6.499705000000001
          ],
          [
            -3.822212,
            6.503458000000001
          ],
          [
            -3.816805,
            6.507294999999999
          ],
          [
            -3.814831,
            6.508915
          ],
          [
            -3.809938,
            6.514288
          ],
          [
            -3.795519,
            6.529893
          ],
          [
            -3.792086,
            6.534924
          ],
          [
            -3.789511,
            6.537994
          ],
          [
            -3.785305,
            6.542428
          ],
          [
            -3.782215,
            6.545583
          ],
          [
            -3.779898,
            6.547203
          ],
          [
            -3.773632,
            6.551041
          ],
          [
            -3.769597999999999,
            6.553087
          ],
          [
            -3.765907,
            6.555645
          ],
          [
            -3.764276,
            6.557777
          ],
          [
            -3.753805,
            6.568862000000001
          ],
          [
            -3.745737,
            6.576792
          ],
          [
            -3.742218,
            6.579435000000001
          ],
          [
            -3.740416,
            6.581055
          ],
          [
            -3.717327,
            6.599727
          ],
          [
            -3.715353,
            6.601774
          ],
          [
            -3.714409,
            6.603393999999999
          ],
          [
            -3.713207,
            6.605696
          ],
          [
            -3.712091,
            6.613881
          ],
          [
            -3.710547,
            6.631188
          ],
          [
            -3.710547,
            6.635025
          ],
          [
            -3.712006,
            6.640140000000001
          ],
          [
            -3.710718,
            6.642698
          ],
          [
            -3.708057,
            6.644487999999999
          ],
          [
            -3.704022999999999,
            6.64679
          ],
          [
            -3.697414000000001,
            6.649687999999999
          ],
          [
            -3.696299,
            6.649944
          ],
          [
            -3.689518,
            6.65182
          ],
          [
            -3.681707,
            6.654633
          ],
          [
            -3.674755000000001,
            6.657873
          ],
          [
            -3.670206,
            6.660686
          ],
          [
            -3.666172,
            6.663499
          ],
          [
            -3.663425,
            6.665034
          ],
          [
            -3.658361,
            6.670234
          ],
          [
            -3.657417000000001,
            6.671683
          ],
          [
            -3.653297,
            6.677054
          ],
          [
            -3.649521,
            6.680805
          ],
          [
            -3.646173,
            6.686772
          ],
          [
            -3.64171,
            6.693166
          ],
          [
            -3.63862,
            6.697087
          ],
          [
            -3.63699,
            6.700326
          ],
          [
            -3.635445,
            6.703992
          ],
          [
            -3.6345,
            6.705697
          ],
          [
            -3.633127,
            6.706549
          ],
          [
            -3.619309,
            6.710556
          ],
          [
            -3.615532,
            6.711407999999999
          ],
          [
            -3.609095,
            6.712516
          ],
          [
            -3.605833,
            6.71388
          ],
          [
            -3.601713,
            6.714647000000001
          ],
          [
            -3.598108,
            6.715073
          ],
          [
            -3.591155999999999,
            6.716777999999999
          ],
          [
            -3.58695,
            6.718312000000001
          ],
          [
            -3.573663,
            6.722692000000001
          ],
          [
            -3.570433,
            6.723288
          ],
          [
            -3.569494,
            6.723277999999999
          ],
          [
            -3.568352,
            6.723017
          ],
          [
            -3.567783,
            6.722964
          ],
          [
            -3.565176,
            6.723246
          ],
          [
            -3.562735,
            6.723331000000001
          ],
          [
            -3.560541,
            6.723367999999999
          ],
          [
            -3.558438,
            6.723214
          ],
          [
            -3.557956,
            6.723267
          ],
          [
            -3.557526,
            6.723395
          ],
          [
            -3.554839,
            6.724844000000001
          ],
          [
            -3.554378,
            6.724993
          ],
          [
            -3.553809,
            6.725041
          ],
          [
            -3.55353,
            6.725015000000001
          ],
          [
            -3.551352,
            6.724519
          ],
          [
            -3.54971,
            6.724359
          ],
          [
            -3.549297999999999,
            6.724269
          ],
          [
            -3.545027,
            6.722425
          ],
          [
            -3.541664,
            6.721455999999999
          ],
          [
            -3.540913,
            6.721301
          ],
          [
            -3.540607,
            6.721295999999999
          ],
          [
            -3.540098,
            6.721339
          ],
          [
            -3.5394,
            6.721605
          ],
          [
            -3.538123,
            6.722227999999999
          ],
          [
            -3.537045,
            6.722948
          ],
          [
            -3.536261999999999,
            6.723235
          ],
          [
            -3.534883,
            6.723538999999999
          ],
          [
            -3.533569,
            6.723486
          ],
          [
            -3.533022,
            6.723367999999999
          ],
          [
            -3.530635,
            6.722457
          ],
          [
            -3.530286,
            6.722383
          ],
          [
            -3.528248000000001,
            6.722186
          ],
          [
            -3.527749,
            6.722074
          ],
          [
            -3.527459,
            6.721946
          ],
          [
            -3.523403,
            6.719548
          ],
          [
            -3.519707,
            6.718312000000001
          ],
          [
            -3.518693,
            6.718307
          ],
          [
            -3.517873,
            6.718595
          ],
          [
            -3.513662,
            6.72071
          ],
          [
            -3.510313000000001,
            6.722459
          ],
          [
            -3.506549,
            6.724310999999999
          ],
          [
            -3.504671,
            6.725601
          ],
          [
            -3.504070000000001,
            6.725931
          ],
          [
            -3.503544,
            6.726037
          ],
          [
            -3.502117,
            6.726027000000001
          ],
          [
            -3.500894,
            6.726101
          ],
          [
            -3.49906,
            6.72656
          ],
          [
            -3.498158000000001,
            6.726825999999999
          ],
          [
            -3.495991,
            6.727636
          ],
          [
            -3.489378,
            6.730231
          ],
          [
            -3.489378,
            6.730231
          ],
          [
            -3.489523,
            6.727151
          ]
        ]
      },
      "properties": {
        "name": "Route",
        "folder": "FO EARTH",
        "stroke-width": 5,
        "stroke": "#FF0000"
      }
    },
    {
      "type": "Feature",
      "geometry": {
        "type": "LineString",
        "coordinates": [
          [
            -4.003430733200732,
            5.340054529658786
          ],
          [
            -4.002462124856171,
            5.346177109400194
          ],
          [
            -4.001744587162079,
            5.354427890732748
          ],
          [
            -4.012264866937097,
            5.354851401953129
          ],
          [
            -4.028953000043799,
            5.366747698414018
          ],
          [
            -4.021543,
            5.384563
          ],
          [
            -4.021114,
            5.385764
          ],
          [
            -4.020964,
            5.386336
          ],
          [
            -4.020835,
            5.387169
          ],
          [
            -4.020771,
            5.38821
          ],
          [
            -4.020881,
            5.396189
          ],
          [
            -4.020873,
            5.397257
          ],
          [
            -4.020768,
            5.398213
          ],
          [
            -4.020484,
            5.39945
          ],
          [
            -4.02003,
            5.400598
          ],
          [
            -4.019585,
            5.401407
          ],
          [
            -4.017214,
            5.40525
          ],
          [
            -4.016659,
            5.4064
          ],
          [
            -4.016359,
            5.407324
          ],
          [
            -4.016157,
            5.408291
          ],
          [
            -4.016063,
            5.409279
          ],
          [
            -4.01601,
            5.413554
          ],
          [
            -4.016026,
            5.414585
          ],
          [
            -4.016082,
            5.415044
          ],
          [
            -4.016299,
            5.415877
          ],
          [
            -4.01818,
            5.421594
          ],
          [
            -4.01907,
            5.424275
          ],
          [
            -4.019301,
            5.42482
          ],
          [
            -4.01992,
            5.425728
          ],
          [
            -4.027715,
            5.434804
          ],
          [
            -4.028656,
            5.435637
          ],
          [
            -4.029509,
            5.436221
          ],
          [
            -4.030352,
            5.43667
          ],
          [
            -4.031599,
            5.437137
          ],
          [
            -4.032428,
            5.43734
          ],
          [
            -4.03335,
            5.43749
          ],
          [
            -4.043733,
            5.439057
          ],
          [
            -4.044294,
            5.439183
          ],
          [
            -4.044844,
            5.439386
          ],
          [
            -4.045756,
            5.43988
          ],
          [
            -4.046383,
            5.4404
          ],
          [
            -4.047075,
            5.441287
          ],
          [
            -4.051263,
            5.448543
          ],
          [
            -4.054382,
            5.452307
          ],
          [
            -4.054636,
            5.452722
          ],
          [
            -4.05474,
            5.453136
          ],
          [
            -4.054749,
            5.453445
          ],
          [
            -4.054491,
            5.45518
          ],
          [
            -4.054357,
            5.458128
          ],
          [
            -4.053886,
            5.460483
          ],
          [
            -4.053796,
            5.461669
          ],
          [
            -4.053836,
            5.462303
          ],
          [
            -4.054247,
            5.464394
          ],
          [
            -4.054258,
            5.464892
          ],
          [
            -4.054201,
            5.465226
          ],
          [
            -4.054012,
            5.465787
          ],
          [
            -4.05334,
            5.46714
          ],
          [
            -4.052883,
            5.468259
          ],
          [
            -4.05279,
            5.468807
          ],
          [
            -4.052797,
            5.469114
          ],
          [
            -4.052956,
            5.470142
          ],
          [
            -4.053117,
            5.470645
          ],
          [
            -4.053592,
            5.471428
          ],
          [
            -4.054325,
            5.472421
          ],
          [
            -4.054581,
            5.472943
          ],
          [
            -4.054641,
            5.473261
          ],
          [
            -4.054625,
            5.474072
          ],
          [
            -4.054697,
            5.474497
          ],
          [
            -4.05482,
            5.474832
          ],
          [
            -4.055527,
            5.476156
          ],
          [
            -4.055662,
            5.476719
          ],
          [
            -4.055656,
            5.477038
          ],
          [
            -4.055507,
            5.47759
          ],
          [
            -4.055261,
            5.478013
          ],
          [
            -4.051728,
            5.481533
          ],
          [
            -4.051417,
            5.482069
          ],
          [
            -4.051306,
            5.482497
          ],
          [
            -4.051281,
            5.482967
          ],
          [
            -4.051573,
            5.49047
          ],
          [
            -4.051607,
            5.492799
          ],
          [
            -4.051765,
            5.494765
          ],
          [
            -4.051368,
            5.497704
          ],
          [
            -4.051307,
            5.49846
          ],
          [
            -4.051307,
            5.49846
          ],
          [
            -4.048448,
            5.499215
          ],
          [
            -4.048448,
            5.499215
          ],
          [
            -4.048813,
            5.50044
          ],
          [
            -4.049682,
            5.500196
          ]
        ]
      },
      "properties": {
        "name": "Route",
        "folder": "FO EARTH",
        "stroke-width": 5,
        "stroke": "#FF0000"
      }
    },
    {
      "type": "Feature",
      "geometry": {
        "type": "LineString",
        "coordinates": [
          [
            -4.049682,
            5.500196
          ],
          [
            -4.048813,
            5.50044
          ],
          [
            -4.048448,
            5.499215
          ],
          [
            -4.048448,
            5.499215
          ],
          [
            -4.051307,
            5.49846
          ],
          [
            -4.051307,
            5.49846
          ],
          [
            -4.051406,
            5.498987
          ],
          [
            -4.053847,
            5.507545
          ],
          [
            -4.054178,
            5.508349
          ],
          [
            -4.054761,
            5.50912
          ],
          [
            -4.055334,
            5.509618
          ],
          [
            -4.059879,
            5.512734
          ],
          [
            -4.059879,
            5.512734
          ],
          [
            -4.059606,
            5.513519
          ],
          [
            -4.059397,
            5.514389
          ],
          [
            -4.059295,
            5.515361
          ],
          [
            -4.059398,
            5.518148
          ],
          [
            -4.059572,
            5.519989
          ],
          [
            -4.059673,
            5.522066
          ],
          [
            -4.05992,
            5.523668
          ],
          [
            -4.065193,
            5.544427
          ],
          [
            -4.065419,
            5.54542
          ],
          [
            -4.067591,
            5.55729
          ],
          [
            -4.067935,
            5.558486
          ],
          [
            -4.069126,
            5.561598
          ],
          [
            -4.069088,
            5.561967
          ],
          [
            -4.069325,
            5.562605
          ],
          [
            -4.069325,
            5.562605
          ],
          [
            -4.069446,
            5.56351
          ],
          [
            -4.069221,
            5.564668
          ],
          [
            -4.069277,
            5.565034
          ],
          [
            -4.069612,
            5.565434
          ],
          [
            -4.070256,
            5.56568
          ],
          [
            -4.070691,
            5.566024
          ],
          [
            -4.071069,
            5.566588
          ],
          [
            -4.071301,
            5.567221
          ],
          [
            -4.071301,
            5.567221
          ],
          [
            -4.071916,
            5.569146
          ],
          [
            -4.081168,
            5.59281
          ],
          [
            -4.081438,
            5.593601
          ],
          [
            -4.081604,
            5.59428
          ],
          [
            -4.081702,
            5.594932
          ],
          [
            -4.081773,
            5.596022
          ],
          [
            -4.081783,
            5.607744
          ],
          [
            -4.081821,
            5.608964
          ],
          [
            -4.081894,
            5.609316
          ],
          [
            -4.083398,
            5.612266
          ],
          [
            -4.086574,
            5.621491
          ],
          [
            -4.086918,
            5.623328
          ],
          [
            -4.087175,
            5.6273
          ],
          [
            -4.087046,
            5.635713
          ],
          [
            -4.086231,
            5.638489
          ],
          [
            -4.085759,
            5.64229
          ],
          [
            -4.085673,
            5.644255
          ],
          [
            -4.085759,
            5.646604
          ],
          [
            -4.086016,
            5.647543
          ],
          [
            -4.087003,
            5.648696
          ],
          [
            -4.089106,
            5.650832
          ],
          [
            -4.090737,
            5.653266
          ],
          [
            -4.0922,
            5.660282
          ],
          [
            -4.092551,
            5.661574
          ],
          [
            -4.092416,
            5.664667999999999
          ],
          [
            -4.094606,
            5.671178
          ],
          [
            -4.095687,
            5.678011
          ],
          [
            -4.095769,
            5.679061
          ],
          [
            -4.095794,
            5.68063
          ],
          [
            -4.095643,
            5.681964
          ],
          [
            -4.095332,
            5.683565
          ],
          [
            -4.095225,
            5.685316
          ],
          [
            -4.095318,
            5.685825999999999
          ],
          [
            -4.095659,
            5.686979
          ],
          [
            -4.09634,
            5.687996000000001
          ],
          [
            -4.097021,
            5.688673
          ],
          [
            -4.100019,
            5.694096000000001
          ],
          [
            -4.102948,
            5.700875
          ],
          [
            -4.103697,
            5.703383
          ],
          [
            -4.104174,
            5.704602999999999
          ],
          [
            -4.10506,
            5.705891
          ],
          [
            -4.105741,
            5.707044
          ],
          [
            -4.106286,
            5.708128000000001
          ],
          [
            -4.106763,
            5.711179
          ],
          [
            -4.107512,
            5.712534000000001
          ],
          [
            -4.108738,
            5.714296999999999
          ],
          [
            -4.109283,
            5.715380999999999
          ],
          [
            -4.109692,
            5.724803000000001
          ],
          [
            -4.110033,
            5.726295
          ],
          [
            -4.110373,
            5.727176
          ],
          [
            -4.111327,
            5.728396
          ],
          [
            -4.113371,
            5.730023
          ],
          [
            -4.11487,
            5.731446
          ],
          [
            -4.116232,
            5.733412
          ],
          [
            -4.116709,
            5.7347
          ],
          [
            -4.116913,
            5.736056
          ],
          [
            -4.11705,
            5.744596
          ],
          [
            -4.117254,
            5.74602
          ],
          [
            -4.117935,
            5.747307
          ],
          [
            -4.120456,
            5.751103000000001
          ],
          [
            -4.121001,
            5.752188
          ],
          [
            -4.121478,
            5.753475
          ],
          [
            -4.122159,
            5.757881
          ],
          [
            -4.122568,
            5.759237
          ],
          [
            -4.123453,
            5.760863
          ],
          [
            -4.124066,
            5.762355000000001
          ],
          [
            -4.124543,
            5.763914
          ],
          [
            -4.124952,
            5.766082
          ],
          [
            -4.125837,
            5.769470999999999
          ],
          [
            -4.126587,
            5.771301000000001
          ],
          [
            -4.127949,
            5.773267
          ],
          [
            -4.130334,
            5.776182
          ],
          [
            -4.131969,
            5.778283
          ],
          [
            -4.133536,
            5.779706
          ],
          [
            -4.137623,
            5.782688
          ],
          [
            -4.145798,
            5.787907000000001
          ],
          [
            -4.148114,
            5.789737
          ],
          [
            -4.149068,
            5.791092
          ],
          [
            -4.149681,
            5.792651000000001
          ],
          [
            -4.149817,
            5.794074999999999
          ],
          [
            -4.149681,
            5.795633
          ],
          [
            -4.14791,
            5.804647999999999
          ],
          [
            -4.14791,
            5.806070999999999
          ],
          [
            -4.14825,
            5.807426
          ],
          [
            -4.148727,
            5.808578
          ],
          [
            -4.149613,
            5.809663
          ],
          [
            -4.151656,
            5.811899
          ],
          [
            -4.166984,
            5.827284000000001
          ],
          [
            -4.168074,
            5.829046
          ],
          [
            -4.170936,
            5.834738999999999
          ],
          [
            -4.171685,
            5.836026
          ],
          [
            -4.172094,
            5.837449
          ],
          [
            -4.172298,
            5.839278999999999
          ],
          [
            -4.172366,
            5.841041
          ],
          [
            -4.172707,
            5.842396999999999
          ],
          [
            -4.173252,
            5.843752
          ],
          [
            -4.175492,
            5.847111
          ],
          [
            -4.17614,
            5.848294
          ],
          [
            -4.180852,
            5.858951
          ],
          [
            -4.184194,
            5.866689
          ],
          [
            -4.184875,
            5.868156
          ],
          [
            -4.185846,
            5.869827
          ],
          [
            -4.188995,
            5.874025999999999
          ],
          [
            -4.189601,
            5.875274999999999
          ],
          [
            -4.189864,
            5.876165999999999
          ],
          [
            -4.189944,
            5.876732000000001
          ],
          [
            -4.19003,
            5.882399
          ],
          [
            -4.190127,
            5.883594
          ],
          [
            -4.193528,
            5.907982
          ],
          [
            -4.194106,
            5.911902
          ],
          [
            -4.194353,
            5.912668
          ],
          [
            -4.194752,
            5.913411000000001
          ],
          [
            -4.19535,
            5.914151
          ],
          [
            -4.208127,
            5.926487
          ],
          [
            -4.208938,
            5.927152
          ],
          [
            -4.211432,
            5.928524
          ],
          [
            -4.211884,
            5.928905
          ],
          [
            -4.213697,
            5.930713
          ],
          [
            -4.213697,
            5.930713
          ],
          [
            -4.213625,
            5.930837999999999
          ],
          [
            -4.21362,
            5.931022
          ],
          [
            -4.213716,
            5.931145
          ],
          [
            -4.213844,
            5.931187
          ],
          [
            -4.213844,
            5.931187
          ],
          [
            -4.213992,
            5.933212000000001
          ],
          [
            -4.213947,
            5.933329999999999
          ],
          [
            -4.213947,
            5.933329999999999
          ],
          [
            -4.216302,
            5.934254
          ]
        ]
      },
      "properties": {
        "name": "Route",
        "folder": "FO EARTH",
        "stroke-width": 5,
        "stroke": "#FF0000"
      }
    },
    {
      "type": "Feature",
      "geometry": {
        "type": "LineString",
        "coordinates": [
          [
            -3.471868,
            5.283962
          ],
          [
            -3.474187,
            5.282898
          ],
          [
            -3.475618,
            5.282378
          ],
          [
            -3.476678,
            5.282002
          ],
          [
            -3.478345000000001,
            5.281642
          ],
          [
            -3.482597,
            5.280896
          ],
          [
            -3.486516,
            5.280029
          ],
          [
            -3.490596000000001,
            5.279484
          ],
          [
            -3.495345,
            5.278466
          ],
          [
            -3.499856,
            5.277735
          ],
          [
            -3.500111,
            5.277866
          ],
          [
            -3.50169,
            5.277594
          ],
          [
            -3.50169,
            5.277594
          ],
          [
            -3.500541,
            5.278482
          ]
        ]
      },
      "properties": {
        "name": "Route",
        "folder": "FO EARTH",
        "stroke-width": 5,
        "stroke": "#FF0000"
      }
    },
    {
      "type": "Feature",
      "geometry": {
        "type": "LineString",
        "coordinates": [
          [
            -7.350111,
            6.733038
          ],
          [
            -7.350432,
            6.733156
          ],
          [
            -7.350432,
            6.733156
          ],
          [
            -7.350695,
            6.732432
          ],
          [
            -7.350695,
            6.732432
          ],
          [
            -7.352782,
            6.733310000000001
          ],
          [
            -7.355689,
            6.734288
          ],
          [
            -7.355689,
            6.734288
          ],
          [
            -7.353974999999999,
            6.738998
          ],
          [
            -7.353974999999999,
            6.738998
          ],
          [
            -7.35201,
            6.738253
          ],
          [
            -7.349918,
            6.736895
          ],
          [
            -7.349194000000001,
            6.736500999999999
          ],
          [
            -7.346938,
            6.735676
          ],
          [
            -7.346938,
            6.735676
          ],
          [
            -7.346598000000001,
            6.736619
          ],
          [
            -7.346598000000001,
            6.736619
          ],
          [
            -7.344629000000001,
            6.735936
          ],
          [
            -7.34457,
            6.736064
          ],
          [
            -7.34457,
            6.736064
          ],
          [
            -7.348449,
            6.725576
          ],
          [
            -7.348744,
            6.724300999999999
          ],
          [
            -7.348821,
            6.72328
          ],
          [
            -7.348609,
            6.691982
          ],
          [
            -7.34847,
            6.680614
          ],
          [
            -7.348324,
            6.67959
          ],
          [
            -7.347905,
            6.677775
          ],
          [
            -7.34679,
            6.674994
          ],
          [
            -7.345838999999999,
            6.6723
          ],
          [
            -7.345144,
            6.671405
          ],
          [
            -7.344274,
            6.670405
          ],
          [
            -7.343674000000001,
            6.669382
          ],
          [
            -7.343159,
            6.668103
          ],
          [
            -7.342987,
            6.666057
          ],
          [
            -7.343073,
            6.664522
          ],
          [
            -7.344274,
            6.660686
          ],
          [
            -7.345132999999999,
            6.656168
          ],
          [
            -7.345819,
            6.651479
          ],
          [
            -7.345733999999999,
            6.649603
          ],
          [
            -7.345733999999999,
            6.647387
          ],
          [
            -7.345476,
            6.645681
          ],
          [
            -7.344961000000001,
            6.643891
          ],
          [
            -7.344961000000001,
            6.642611999999999
          ],
          [
            -7.345132999999999,
            6.64176
          ],
          [
            -7.345562000000001,
            6.640907
          ],
          [
            -7.346249,
            6.639969999999999
          ],
          [
            -7.347964999999999,
            6.638605
          ],
          [
            -7.352085000000001,
            6.635877
          ],
          [
            -7.354746,
            6.634256999999999
          ],
          [
            -7.356634,
            6.632551999999999
          ],
          [
            -7.35878,
            6.631018
          ],
          [
            -7.360325000000001,
            6.629824
          ],
          [
            -7.361440999999999,
            6.629142
          ],
          [
            -7.367535,
            6.625988
          ],
          [
            -7.370024,
            6.624878999999999
          ],
          [
            -7.371739999999999,
            6.624026999999999
          ],
          [
            -7.373799999999999,
            6.622748
          ],
          [
            -7.375259,
            6.621639
          ],
          [
            -7.376204,
            6.620616
          ],
          [
            -7.377491,
            6.618911
          ],
          [
            -7.380580999999999,
            6.614222
          ],
          [
            -7.381783,
            6.612261
          ],
          [
            -7.38307,
            6.609617999999999
          ],
          [
            -7.384787,
            6.607401
          ],
          [
            -7.386246,
            6.604673
          ],
          [
            -7.387619,
            6.601688
          ],
          [
            -7.389078,
            6.599557000000001
          ],
          [
            -7.390450999999999,
            6.597851999999999
          ],
          [
            -7.392510999999999,
            6.59572
          ],
          [
            -7.394958,
            6.594228
          ],
          [
            -7.398134,
            6.591298
          ],
          [
            -7.412252,
            6.578838
          ],
          [
            -7.421392999999999,
            6.570951
          ],
          [
            -7.423153,
            6.569373
          ],
          [
            -7.426329,
            6.566985999999999
          ],
          [
            -7.430878,
            6.563831000000001
          ],
          [
            -7.433967999999999,
            6.561783999999999
          ],
          [
            -7.43577,
            6.560676
          ],
          [
            -7.438774,
            6.558544
          ],
          [
            -7.440319000000001,
            6.557606
          ],
          [
            -7.441262999999999,
            6.557521
          ],
          [
            -7.444525,
            6.556924
          ],
          [
            -7.450104,
            6.556498
          ],
          [
            -7.453022,
            6.555986
          ],
          [
            -7.456284000000001,
            6.554707000000001
          ],
          [
            -7.461182,
            6.553198
          ],
          [
            -7.478746,
            6.547392
          ],
          [
            -7.479226,
            6.547160000000001
          ],
          [
            -7.479562,
            6.546899999999999
          ],
          [
            -7.481322,
            6.544834
          ],
          [
            -7.481582000000001,
            6.544673
          ],
          [
            -7.481978,
            6.544521000000001
          ],
          [
            -7.482216,
            6.544486999999999
          ],
          [
            -7.483084,
            6.544525
          ],
          [
            -7.483084,
            6.544525
          ],
          [
            -7.483076000000001,
            6.543352
          ]
        ]
      },
      "properties": {
        "name": "Route",
        "folder": "FO EARTH",
        "stroke-width": 5,
        "stroke": "#FF0000"
      }
    },
    {
      "type": "Feature",
      "geometry": {
        "type": "LineString",
        "coordinates": [
          [
            -7.549348,
            7.400809
          ],
          [
            -7.552086999999999,
            7.402914
          ],
          [
            -7.554346,
            7.404729
          ],
          [
            -7.554346,
            7.404729
          ],
          [
            -7.554513,
            7.404526000000001
          ],
          [
            -7.554781,
            7.404318
          ],
          [
            -7.555281,
            7.404114
          ],
          [
            -7.555977000000001,
            7.403918
          ],
          [
            -7.556107,
            7.403817
          ],
          [
            -7.55766,
            7.401904
          ],
          [
            -7.557794,
            7.401666
          ],
          [
            -7.557794,
            7.401666
          ],
          [
            -7.560482,
            7.405521
          ],
          [
            -7.561163,
            7.40641
          ],
          [
            -7.563706000000001,
            7.408984
          ],
          [
            -7.564114,
            7.409335
          ],
          [
            -7.565664000000001,
            7.410394
          ],
          [
            -7.566383,
            7.410806
          ],
          [
            -7.567751,
            7.411484
          ],
          [
            -7.568474999999999,
            7.411984
          ],
          [
            -7.571055,
            7.414846
          ],
          [
            -7.571163,
            7.41491
          ],
          [
            -7.571399,
            7.414889
          ],
          [
            -7.572252,
            7.414325000000001
          ],
          [
            -7.572573,
            7.414192
          ],
          [
            -7.57333,
            7.414112
          ],
          [
            -7.574156,
            7.414139
          ],
          [
            -7.574768000000001,
            7.414352
          ],
          [
            -7.575706,
            7.41491
          ],
          [
            -7.575953,
            7.415128
          ],
          [
            -7.576366,
            7.415793000000001
          ],
          [
            -7.576468,
            7.415894
          ],
          [
            -7.576697,
            7.415963
          ],
          [
            -7.576697,
            7.415963
          ],
          [
            -7.576759999999999,
            7.41657
          ],
          [
            -7.576728,
            7.417163
          ],
          [
            -7.576531999999999,
            7.418536
          ],
          [
            -7.575438000000001,
            7.423304999999999
          ],
          [
            -7.575135,
            7.424352000000001
          ],
          [
            -7.57466,
            7.425428
          ],
          [
            -7.574306,
            7.425938
          ],
          [
            -7.573855,
            7.426458
          ],
          [
            -7.573214,
            7.426993999999999
          ],
          [
            -7.572442,
            7.427515
          ],
          [
            -7.571559000000001,
            7.427923
          ],
          [
            -7.57013,
            7.428714
          ],
          [
            -7.569427,
            7.429241
          ],
          [
            -7.569006,
            7.429794
          ],
          [
            -7.568539,
            7.430680000000001
          ],
          [
            -7.568367,
            7.431206
          ],
          [
            -7.568224999999999,
            7.432002
          ],
          [
            -7.568206,
            7.432590000000001
          ],
          [
            -7.568337,
            7.433734
          ],
          [
            -7.568707,
            7.435597999999999
          ],
          [
            -7.568939000000001,
            7.436425
          ],
          [
            -7.569182999999999,
            7.436998
          ],
          [
            -7.569435,
            7.43743
          ],
          [
            -7.571548999999999,
            7.440284999999999
          ],
          [
            -7.572265000000001,
            7.441436
          ],
          [
            -7.572501,
            7.441949
          ],
          [
            -7.572704,
            7.442561
          ],
          [
            -7.573067,
            7.44442
          ],
          [
            -7.573399,
            7.445442
          ],
          [
            -7.573823000000001,
            7.446215000000001
          ],
          [
            -7.574322000000001,
            7.446818999999999
          ],
          [
            -7.576093,
            7.448246
          ],
          [
            -7.576854,
            7.44909
          ],
          [
            -7.577567999999999,
            7.450157
          ],
          [
            -7.581825,
            7.457298000000001
          ],
          [
            -7.582459,
            7.458277999999999
          ],
          [
            -7.583053,
            7.459040999999999
          ],
          [
            -7.583845,
            7.459807
          ],
          [
            -7.584664,
            7.460429
          ],
          [
            -7.588343,
            7.462916
          ],
          [
            -7.588688,
            7.46322
          ],
          [
            -7.589130999999999,
            7.463722
          ],
          [
            -7.589523,
            7.464393
          ],
          [
            -7.589677999999999,
            7.464843999999999
          ],
          [
            -7.589976,
            7.466238
          ],
          [
            -7.590357,
            7.46745
          ],
          [
            -7.590878,
            7.468443
          ],
          [
            -7.592928,
            7.471866
          ],
          [
            -7.593456000000001,
            7.472668
          ],
          [
            -7.594658,
            7.473985
          ],
          [
            -7.596142,
            7.47543
          ],
          [
            -7.596899,
            7.476427000000001
          ],
          [
            -7.600924,
            7.481973
          ],
          [
            -7.603798000000001,
            7.48654
          ],
          [
            -7.605886,
            7.488686
          ],
          [
            -7.606573,
            7.489112
          ],
          [
            -7.608032,
            7.490644000000001
          ],
          [
            -7.609062,
            7.491494000000001
          ],
          [
            -7.609749,
            7.492430999999999
          ],
          [
            -7.611722999999999,
            7.496005
          ],
          [
            -7.613096,
            7.498728
          ],
          [
            -7.614554999999999,
            7.50043
          ],
          [
            -7.616186,
            7.502727
          ],
          [
            -7.617474,
            7.504855
          ],
          [
            -7.618675000000001,
            7.507236999999999
          ],
          [
            -7.619534,
            7.509364999999999
          ],
          [
            -7.621077999999999,
            7.511747
          ],
          [
            -7.623224,
            7.514641
          ],
          [
            -7.624598,
            7.516938
          ],
          [
            -7.626657,
            7.521108000000001
          ],
          [
            -7.628374,
            7.525617999999999
          ],
          [
            -7.629061,
            7.527574999999999
          ],
          [
            -7.629576000000001,
            7.529276
          ],
          [
            -7.631034999999999,
            7.531829000000001
          ],
          [
            -7.63567,
            7.536934
          ],
          [
            -7.639617999999999,
            7.542635
          ],
          [
            -7.641678,
            7.546124000000001
          ],
          [
            -7.644081,
            7.549527999999999
          ],
          [
            -7.648888000000001,
            7.55744
          ],
          [
            -7.650003,
            7.559568
          ],
          [
            -7.651119,
            7.563737
          ],
          [
            -7.651291000000001,
            7.565438
          ],
          [
            -7.651377,
            7.56748
          ],
          [
            -7.651205,
            7.569097
          ],
          [
            -7.649918,
            7.572585
          ],
          [
            -7.648115,
            7.575733
          ],
          [
            -7.646313,
            7.579222
          ],
          [
            -7.645197,
            7.581604
          ],
          [
            -7.643824000000001,
            7.582965
          ],
          [
            -7.642106999999999,
            7.584242
          ],
          [
            -7.640905,
            7.584752
          ],
          [
            -7.639017,
            7.585092
          ],
          [
            -7.6373,
            7.585261999999999
          ],
          [
            -7.634381999999999,
            7.585688
          ],
          [
            -7.63155,
            7.586454
          ],
          [
            -7.62949,
            7.587474
          ],
          [
            -7.627773,
            7.588666
          ],
          [
            -7.626829,
            7.589602
          ],
          [
            -7.625628000000001,
            7.591814000000001
          ],
          [
            -7.624598,
            7.594451
          ],
          [
            -7.623568000000001,
            7.596323000000001
          ],
          [
            -7.621594,
            7.601002
          ],
          [
            -7.62022,
            7.603894
          ],
          [
            -7.620048,
            7.606106
          ],
          [
            -7.619362,
            7.610871
          ],
          [
            -7.618846999999999,
            7.612062000000001
          ],
          [
            -7.616873,
            7.615039
          ],
          [
            -7.614727,
            7.618017
          ],
          [
            -7.612667,
            7.621419999999999
          ],
          [
            -7.611208,
            7.625333
          ],
          [
            -7.610606999999999,
            7.628651
          ],
          [
            -7.610865000000001,
            7.631118
          ],
          [
            -7.610521,
            7.632649000000001
          ],
          [
            -7.609835,
            7.634776
          ],
          [
            -7.608546999999999,
            7.638179000000001
          ],
          [
            -7.608461,
            7.639455000000001
          ],
          [
            -7.608204000000001,
            7.640901
          ],
          [
            -7.608032,
            7.642517000000001
          ],
          [
            -7.608118,
            7.644134
          ],
          [
            -7.608375000000001,
            7.646005
          ],
          [
            -7.608976,
            7.647876000000001
          ],
          [
            -7.609749,
            7.649748
          ],
          [
            -7.610264000000001,
            7.651534
          ],
          [
            -7.61035,
            7.653236
          ],
          [
            -7.610092,
            7.655107
          ],
          [
            -7.609577,
            7.660805999999999
          ],
          [
            -7.609663,
            7.662252999999999
          ],
          [
            -7.609663,
            7.664209000000001
          ],
          [
            -7.609577,
            7.665655
          ],
          [
            -7.60829,
            7.668973
          ],
          [
            -7.607946,
            7.670589
          ],
          [
            -7.608032,
            7.672035
          ],
          [
            -7.608461,
            7.673651000000001
          ],
          [
            -7.608976,
            7.678414
          ],
          [
            -7.609062,
            7.679776
          ],
          [
            -7.609062,
            7.680711000000001
          ],
          [
            -7.608976,
            7.681987
          ],
          [
            -7.609062,
            7.683008000000001
          ],
          [
            -7.609234,
            7.684454000000001
          ],
          [
            -7.609577,
            7.685304
          ],
          [
            -7.610092,
            7.686495
          ],
          [
            -7.610693,
            7.687685999999999
          ],
          [
            -7.611380000000001,
            7.689471999999999
          ],
          [
            -7.612152000000001,
            7.691174
          ],
          [
            -7.613096,
            7.692619
          ],
          [
            -7.614641,
            7.696532
          ],
          [
            -7.615156,
            7.698233
          ],
          [
            -7.615156,
            7.70002
          ],
          [
            -7.614899,
            7.701890999999999
          ],
          [
            -7.615156,
            7.703337
          ],
          [
            -7.615499999999999,
            7.704783
          ],
          [
            -7.616615,
            7.707334
          ],
          [
            -7.617388000000001,
            7.709461
          ],
          [
            -7.618246,
            7.711586999999999
          ],
          [
            -7.618418,
            7.713033
          ],
          [
            -7.618761,
            7.714479
          ],
          [
            -7.618761,
            7.715414
          ],
          [
            -7.618589,
            7.716605
          ],
          [
            -7.618504000000001,
            7.718221000000001
          ],
          [
            -7.617753,
            7.720964
          ],
          [
            -7.617302,
            7.721878
          ],
          [
            -7.616358,
            7.723537
          ],
          [
            -7.615832,
            7.724696000000001
          ],
          [
            -7.615649999999999,
            7.725727
          ],
          [
            -7.615649999999999,
            7.726758
          ],
          [
            -7.615757,
            7.727471000000001
          ],
          [
            -7.61595,
            7.728108
          ],
          [
            -7.616958999999999,
            7.729873
          ],
          [
            -7.617699,
            7.730915
          ],
          [
            -7.618246,
            7.732138000000001
          ],
          [
            -7.61845,
            7.733509
          ],
          [
            -7.618419,
            7.734074999999999
          ],
          [
            -7.618589,
            7.734976
          ],
          [
            -7.618954,
            7.73605
          ],
          [
            -7.619512,
            7.736964
          ],
          [
            -7.620381000000001,
            7.737932000000001
          ],
          [
            -7.621819,
            7.739366999999999
          ],
          [
            -7.622505,
            7.740313
          ],
          [
            -7.622806000000001,
            7.74093
          ],
          [
            -7.623213,
            7.742089
          ],
          [
            -7.623439,
            7.743395999999999
          ],
          [
            -7.623589,
            7.744830999999999
          ],
          [
            -7.623728000000001,
            7.747691
          ],
          [
            -7.624243,
            7.749318
          ],
          [
            -7.624865999999999,
            7.75053
          ],
          [
            -7.625628000000001,
            7.751656000000001
          ],
          [
            -7.626979,
            7.753187
          ],
          [
            -7.627752,
            7.754357
          ],
          [
            -7.628245,
            7.755334999999999
          ],
          [
            -7.628632,
            7.756408
          ],
          [
            -7.629586,
            7.759438000000001
          ],
          [
            -7.629833,
            7.760586
          ],
          [
            -7.629908,
            7.761511
          ],
          [
            -7.629887,
            7.764158
          ],
          [
            -7.630048,
            7.766804999999999
          ],
          [
            -7.630209,
            7.768101999999999
          ],
          [
            -7.630434,
            7.769206999999999
          ],
          [
            -7.630885000000001,
            7.770791
          ],
          [
            -7.632419,
            7.774342
          ],
          [
            -7.634220999999999,
            7.778169
          ],
          [
            -7.635671,
            7.780721
          ],
          [
            -7.637901,
            7.783962
          ],
          [
            -7.643995000000001,
            7.791531
          ],
          [
            -7.644682,
            7.792721
          ],
          [
            -7.645111000000001,
            7.793657
          ],
          [
            -7.645197,
            7.796888
          ],
          [
            -7.645025,
            7.801225
          ],
          [
            -7.644854,
            7.803776
          ],
          [
            -7.645197,
            7.805732
          ],
          [
            -7.646313,
            7.808623
          ],
          [
            -7.648115,
            7.810239
          ],
          [
            -7.649230999999999,
            7.812024
          ],
          [
            -7.650003,
            7.813044999999999
          ],
          [
            -7.650346999999999,
            7.81449
          ],
          [
            -7.650261,
            7.815935999999999
          ],
          [
            -7.650948,
            7.819082
          ],
          [
            -7.653007,
            7.821548
          ],
          [
            -7.654552,
            7.823843999999999
          ],
          [
            -7.655239,
            7.824779
          ],
          [
            -7.656527000000001,
            7.825629999999999
          ],
          [
            -7.659616,
            7.82733
          ],
          [
            -7.660817999999999,
            7.828691000000001
          ],
          [
            -7.662877999999999,
            7.830731
          ],
          [
            -7.66408,
            7.833027
          ],
          [
            -7.665367,
            7.836428
          ],
          [
            -7.666483,
            7.839574
          ],
          [
            -7.666912,
            7.84085
          ],
          [
            -7.668028,
            7.845186
          ],
          [
            -7.668714,
            7.846887
          ],
          [
            -7.669144,
            7.848417
          ],
          [
            -7.669228999999999,
            7.850628
          ],
          [
            -7.669144,
            7.852924
          ],
          [
            -7.669401,
            7.85556
          ],
          [
            -7.669916,
            7.858110000000001
          ],
          [
            -7.670774,
            7.864657
          ],
          [
            -7.670946000000001,
            7.867038
          ],
          [
            -7.670946000000001,
            7.869333
          ],
          [
            -7.670517,
            7.871034
          ],
          [
            -7.669916,
            7.872564000000001
          ],
          [
            -7.669487000000001,
            7.873925
          ],
          [
            -7.669057999999999,
            7.87622
          ],
          [
            -7.668886000000001,
            7.877836
          ],
          [
            -7.669057999999999,
            7.879026
          ],
          [
            -7.669487000000001,
            7.881236
          ],
          [
            -7.670002,
            7.882342
          ],
          [
            -7.670603,
            7.883362
          ],
          [
            -7.671204,
            7.885147
          ],
          [
            -7.671719,
            7.887528
          ],
          [
            -7.673435,
            7.891014
          ],
          [
            -7.673950000000001,
            7.892289
          ],
          [
            -7.674208,
            7.895009
          ],
          [
            -7.673864,
            7.89722
          ],
          [
            -7.673178,
            7.899005
          ],
          [
            -7.672749,
            7.900365000000001
          ],
          [
            -7.672148,
            7.901811
          ],
          [
            -7.671032,
            7.903511
          ],
          [
            -7.670259,
            7.904531
          ],
          [
            -7.669829999999999,
            7.905721
          ],
          [
            -7.669658999999999,
            7.906997
          ],
          [
            -7.670002,
            7.908527
          ],
          [
            -7.670345,
            7.909632
          ],
          [
            -7.670689,
            7.911076999999999
          ],
          [
            -7.672148,
            7.913713000000001
          ],
          [
            -7.672834000000001,
            7.915243
          ],
          [
            -7.673693,
            7.916263
          ],
          [
            -7.674208,
            7.917283
          ],
          [
            -7.675324,
            7.918644000000001
          ],
          [
            -7.675753,
            7.920514
          ],
          [
            -7.675667,
            7.922979000000001
          ],
          [
            -7.675238,
            7.924594000000001
          ],
          [
            -7.67498,
            7.925870000000001
          ],
          [
            -7.674208,
            7.9291
          ],
          [
            -7.674379,
            7.93063
          ],
          [
            -7.674379,
            7.932585
          ],
          [
            -7.675581,
            7.936581
          ],
          [
            -7.676268,
            7.940236
          ],
          [
            -7.676525,
            7.942360999999999
          ],
          [
            -7.677126,
            7.944911
          ],
          [
            -7.677212,
            7.946697
          ],
          [
            -7.67704,
            7.949246999999999
          ],
          [
            -7.676953999999999,
            7.952222
          ],
          [
            -7.676611000000001,
            7.955026999999999
          ],
          [
            -7.676096,
            7.956301999999999
          ],
          [
            -7.675495,
            7.957152
          ],
          [
            -7.67498,
            7.958002
          ],
          [
            -7.674036,
            7.958767
          ],
          [
            -7.673264,
            7.959702
          ],
          [
            -7.672577,
            7.961401999999999
          ],
          [
            -7.672491,
            7.964038000000001
          ],
          [
            -7.672663000000001,
            7.965313
          ],
          [
            -7.673349,
            7.969223
          ],
          [
            -7.673435,
            7.971603
          ],
          [
            -7.673607,
            7.973898
          ],
          [
            -7.674121999999999,
            7.976108
          ],
          [
            -7.674208,
            7.979848000000001
          ],
          [
            -7.673778,
            7.982228
          ],
          [
            -7.672749,
            7.984778
          ],
          [
            -7.671976,
            7.988688
          ],
          [
            -7.670345,
            7.994637
          ],
          [
            -7.670345,
            7.996592
          ],
          [
            -7.670689,
            7.999992000000001
          ],
          [
            -7.671204,
            8.001777
          ],
          [
            -7.672749,
            8.005602
          ],
          [
            -7.673950000000001,
            8.007387
          ],
          [
            -7.676354,
            8.010191
          ],
          [
            -7.677984,
            8.011806
          ],
          [
            -7.680988,
            8.014526
          ],
          [
            -7.683392,
            8.016991
          ],
          [
            -7.683992,
            8.018266
          ],
          [
            -7.684164,
            8.019711
          ],
          [
            -7.684078,
            8.020986
          ],
          [
            -7.683907,
            8.02243
          ],
          [
            -7.684851000000001,
            8.02549
          ],
          [
            -7.686310000000001,
            8.02787
          ],
          [
            -7.687253999999999,
            8.030164
          ],
          [
            -7.688369999999999,
            8.032289
          ],
          [
            -7.689056,
            8.033734
          ],
          [
            -7.689485999999999,
            8.035604
          ],
          [
            -7.6894,
            8.037049
          ],
          [
            -7.689142,
            8.038748
          ],
          [
            -7.68734,
            8.044612
          ],
          [
            -7.686396,
            8.046227
          ],
          [
            -7.685966,
            8.047332
          ],
          [
            -7.685709,
            8.048607
          ],
          [
            -7.685108,
            8.049371
          ],
          [
            -7.684851000000001,
            8.049966
          ],
          [
            -7.684421999999999,
            8.050646
          ],
          [
            -7.683992,
            8.052091
          ],
          [
            -7.683821,
            8.054131
          ],
          [
            -7.683907,
            8.055405
          ],
          [
            -7.683907,
            8.056765
          ],
          [
            -7.684078,
            8.058805
          ],
          [
            -7.684078,
            8.061524
          ],
          [
            -7.684164,
            8.062884
          ],
          [
            -7.684078,
            8.065518
          ],
          [
            -7.684164,
            8.068068
          ],
          [
            -7.683992,
            8.071297
          ],
          [
            -7.683563,
            8.073167
          ],
          [
            -7.682877,
            8.074611
          ],
          [
            -7.682619,
            8.076481
          ],
          [
            -7.682104,
            8.077756
          ],
          [
            -7.681932,
            8.07886
          ],
          [
            -7.681932,
            8.08073
          ],
          [
            -7.68116,
            8.083789
          ],
          [
            -7.680645,
            8.085149
          ],
          [
            -7.678499,
            8.088888
          ],
          [
            -7.677813,
            8.090672
          ],
          [
            -7.676953999999999,
            8.092202
          ],
          [
            -7.675924,
            8.096026
          ],
          [
            -7.675667,
            8.09951
          ],
          [
            -7.675581,
            8.102484
          ],
          [
            -7.675065999999999,
            8.104098
          ],
          [
            -7.674292999999999,
            8.105203
          ],
          [
            -7.673607,
            8.106732
          ],
          [
            -7.672663000000001,
            8.108262
          ],
          [
            -7.671976,
            8.109791
          ],
          [
            -7.671461,
            8.111236
          ],
          [
            -7.671375,
            8.113105
          ],
          [
            -7.671719,
            8.11472
          ],
          [
            -7.672234,
            8.116249
          ],
          [
            -7.673094,
            8.117849
          ],
          [
            -7.675171,
            8.119803
          ],
          [
            -7.676898999999999,
            8.120955
          ],
          [
            -7.67885,
            8.121819
          ],
          [
            -7.680578,
            8.122755
          ],
          [
            -7.681917,
            8.123786
          ],
          [
            -7.683407999999999,
            8.125103
          ],
          [
            -7.684336,
            8.126191
          ],
          [
            -7.685556,
            8.128071
          ],
          [
            -7.687951,
            8.132167
          ],
          [
            -7.689499,
            8.133938
          ],
          [
            -7.690733,
            8.135016
          ],
          [
            -7.691694,
            8.135709
          ],
          [
            -7.693177,
            8.136535
          ],
          [
            -7.694509,
            8.137099
          ],
          [
            -7.697946,
            8.13837
          ],
          [
            -7.699994,
            8.139347
          ],
          [
            -7.701161000000001,
            8.14016
          ],
          [
            -7.702084,
            8.14091
          ],
          [
            -7.703226,
            8.142053
          ],
          [
            -7.704130999999999,
            8.143296
          ],
          [
            -7.704822,
            8.14452
          ],
          [
            -7.705654,
            8.146599
          ],
          [
            -7.706099000000001,
            8.148128
          ],
          [
            -7.706447,
            8.149107
          ],
          [
            -7.708167,
            8.154947
          ],
          [
            -7.708444000000001,
            8.156235
          ],
          [
            -7.708488,
            8.157863
          ],
          [
            -7.708399999999999,
            8.158726
          ],
          [
            -7.708131,
            8.159995
          ],
          [
            -7.707189,
            8.163605
          ],
          [
            -7.706782,
            8.165574
          ],
          [
            -7.706696,
            8.167572
          ],
          [
            -7.7069,
            8.169028
          ],
          [
            -7.707059,
            8.16971
          ],
          [
            -7.707192000000001,
            8.170238
          ],
          [
            -7.707807000000001,
            8.171814
          ],
          [
            -7.708842000000001,
            8.173382
          ],
          [
            -7.711524,
            8.177184
          ],
          [
            -7.712603,
            8.178852
          ],
          [
            -7.713133000000001,
            8.179867
          ],
          [
            -7.713718,
            8.181427
          ],
          [
            -7.713463000000001,
            8.183233
          ],
          [
            -7.712919,
            8.184555
          ],
          [
            -7.710641999999999,
            8.188477
          ],
          [
            -7.709636,
            8.190339
          ],
          [
            -7.709227,
            8.191198
          ],
          [
            -7.70814,
            8.194595
          ],
          [
            -7.707404,
            8.196152
          ],
          [
            -7.706291,
            8.197309
          ],
          [
            -7.704191,
            8.198536
          ],
          [
            -7.702016999999999,
            8.199172
          ],
          [
            -7.701416,
            8.199427
          ],
          [
            -7.699614,
            8.200701
          ],
          [
            -7.698498000000001,
            8.201976
          ],
          [
            -7.697639,
            8.20342
          ],
          [
            -7.696953,
            8.205883
          ],
          [
            -7.696191,
            8.20751
          ],
          [
            -7.695847999999999,
            8.20921
          ],
          [
            -7.696306,
            8.213069
          ],
          [
            -7.696295,
            8.213738
          ],
          [
            -7.696102,
            8.214831
          ],
          [
            -7.694511,
            8.220092
          ],
          [
            -7.693801,
            8.222168
          ],
          [
            -7.692999000000001,
            8.224897
          ],
          [
            -7.692564,
            8.226002
          ],
          [
            -7.692268,
            8.226599
          ],
          [
            -7.690984,
            8.228713
          ],
          [
            -7.690662,
            8.229332
          ],
          [
            -7.690394,
            8.230036
          ],
          [
            -7.690109,
            8.231206
          ],
          [
            -7.690044999999999,
            8.232053
          ],
          [
            -7.690167999999999,
            8.234024
          ],
          [
            -7.690179000000001,
            8.234835
          ],
          [
            -7.690125,
            8.235503
          ],
          [
            -7.688766000000001,
            8.243943
          ],
          [
            -7.688557,
            8.24497
          ],
          [
            -7.688371,
            8.245565
          ],
          [
            -7.687724,
            8.247061
          ],
          [
            -7.687274000000001,
            8.247957
          ],
          [
            -7.687106999999999,
            8.248449
          ],
          [
            -7.686897,
            8.249213
          ],
          [
            -7.686779,
            8.249959
          ],
          [
            -7.686763000000001,
            8.251084
          ],
          [
            -7.686962,
            8.257124
          ],
          [
            -7.686909,
            8.257968
          ],
          [
            -7.686667,
            8.259018
          ],
          [
            -7.686505,
            8.259482
          ],
          [
            -7.686148000000001,
            8.260189
          ],
          [
            -7.685911999999999,
            8.26057
          ],
          [
            -7.685490999999999,
            8.261094
          ],
          [
            -7.684824,
            8.261801
          ],
          [
            -7.681113,
            8.26532
          ],
          [
            -7.680288999999999,
            8.266179
          ],
          [
            -7.67983,
            8.266749
          ],
          [
            -7.679202,
            8.267595
          ],
          [
            -7.67881,
            8.268225
          ],
          [
            -7.678585,
            8.268775
          ],
          [
            -7.678309999999999,
            8.26907
          ],
          [
            -7.677274999999999,
            8.270832
          ],
          [
            -7.676172,
            8.272499
          ],
          [
            -7.672923,
            8.276642
          ],
          [
            -7.672408,
            8.277377
          ],
          [
            -7.671874,
            8.27834
          ],
          [
            -7.671566,
            8.279065
          ],
          [
            -7.671276000000001,
            8.279939
          ],
          [
            -7.671060999999999,
            8.281062
          ],
          [
            -7.671001,
            8.28193
          ],
          [
            -7.671054,
            8.283248
          ],
          [
            -7.671617,
            8.286403
          ],
          [
            -7.671827,
            8.287872
          ],
          [
            -7.67187,
            8.288774
          ],
          [
            -7.671827,
            8.289894
          ],
          [
            -7.671584,
            8.291877
          ],
          [
            -7.671293,
            8.292785
          ],
          [
            -7.670731,
            8.294119
          ],
          [
            -7.669877000000001,
            8.295803
          ],
          [
            -7.669414,
            8.296496
          ],
          [
            -7.668697,
            8.297397
          ],
          [
            -7.667673,
            8.298424
          ],
          [
            -7.665964,
            8.29975
          ],
          [
            -7.661342,
            8.302915
          ],
          [
            -7.659052000000001,
            8.304415
          ],
          [
            -7.656507,
            8.306346
          ],
          [
            -7.655149000000001,
            8.307553
          ],
          [
            -7.65443,
            8.308262
          ],
          [
            -7.652991,
            8.309898
          ],
          [
            -7.651553999999999,
            8.311816
          ],
          [
            -7.650223,
            8.313972
          ],
          [
            -7.649189,
            8.316061
          ],
          [
            -7.648236,
            8.318505
          ],
          [
            -7.647797000000001,
            8.319945
          ],
          [
            -7.646912,
            8.323912
          ],
          [
            -7.646358,
            8.325898
          ],
          [
            -7.645824,
            8.327408
          ],
          [
            -7.645156000000001,
            8.328965
          ],
          [
            -7.643201,
            8.332783
          ],
          [
            -7.642436000000001,
            8.334614
          ],
          [
            -7.640947999999999,
            8.339533
          ],
          [
            -7.639840000000001,
            8.342908
          ],
          [
            -7.638329999999999,
            8.348067
          ],
          [
            -7.637558,
            8.350275
          ],
          [
            -7.636785,
            8.351889
          ],
          [
            -7.635498,
            8.355031
          ],
          [
            -7.634468,
            8.356729
          ],
          [
            -7.634210999999999,
            8.358003
          ],
          [
            -7.634125,
            8.359871
          ],
          [
            -7.634468,
            8.362249
          ],
          [
            -7.634982999999999,
            8.367089
          ],
          [
            -7.634982999999999,
            8.369212
          ],
          [
            -7.634726,
            8.371335
          ],
          [
            -7.634125,
            8.375411
          ],
          [
            -7.633696,
            8.37677
          ],
          [
            -7.633094999999999,
            8.377874
          ],
          [
            -7.63258,
            8.379572
          ],
          [
            -7.631721,
            8.38161
          ],
          [
            -7.629061,
            8.386365
          ],
          [
            -7.625284,
            8.393668
          ],
          [
            -7.623568000000001,
            8.396045
          ],
          [
            -7.622709,
            8.397998
          ],
          [
            -7.621765,
            8.399441
          ],
          [
            -7.619705,
            8.402923
          ],
          [
            -7.61816,
            8.407083
          ],
          [
            -7.615670999999999,
            8.411583
          ],
          [
            -7.613440000000001,
            8.416338
          ],
          [
            -7.612753,
            8.417697
          ],
          [
            -7.611466,
            8.419565
          ],
          [
            -7.609749,
            8.421263
          ],
          [
            -7.60829,
            8.422451
          ],
          [
            -7.605114,
            8.424489
          ],
          [
            -7.603482999999999,
            8.425168
          ],
          [
            -7.602282,
            8.425848
          ],
          [
            -7.600908,
            8.426697
          ],
          [
            -7.599277,
            8.42797
          ],
          [
            -7.597818,
            8.428819
          ],
          [
            -7.595844,
            8.429413
          ],
          [
            -7.593956,
            8.430262
          ],
          [
            -7.591467,
            8.431621
          ],
          [
            -7.590265,
            8.432385
          ],
          [
            -7.588118999999999,
            8.434338
          ],
          [
            -7.586831999999999,
            8.435611
          ],
          [
            -7.585888000000001,
            8.437055
          ],
          [
            -7.584686,
            8.439092
          ],
          [
            -7.583999999999999,
            8.440875
          ],
          [
            -7.583054999999999,
            8.443847
          ],
          [
            -7.582455,
            8.447837
          ],
          [
            -7.582283,
            8.44979
          ],
          [
            -7.581768,
            8.452676
          ],
          [
            -7.581339,
            8.45412
          ],
          [
            -7.580395,
            8.455138
          ],
          [
            -7.577734,
            8.458195
          ],
          [
            -7.575759999999999,
            8.459978
          ],
          [
            -7.574215,
            8.462185
          ],
          [
            -7.572756,
            8.464392
          ],
          [
            -7.572241000000001,
            8.46626
          ],
          [
            -7.571382,
            8.47008
          ],
          [
            -7.570953,
            8.472966
          ],
          [
            -7.570009,
            8.477975
          ],
          [
            -7.569323,
            8.479418
          ],
          [
            -7.568635999999999,
            8.480607
          ],
          [
            -7.567606,
            8.481541
          ],
          [
            -7.566233,
            8.483408
          ],
          [
            -7.564343999999999,
            8.485616
          ],
          [
            -7.562714,
            8.487823
          ],
          [
            -7.560654000000001,
            8.490369
          ],
          [
            -7.55765,
            8.49385
          ],
          [
            -7.556534,
            8.494614
          ],
          [
            -7.554646,
            8.495038
          ],
          [
            -7.552414,
            8.496227
          ],
          [
            -7.549152,
            8.49767
          ],
          [
            -7.546835,
            8.499113
          ],
          [
            -7.541684999999999,
            8.501999
          ],
          [
            -7.54014,
            8.503188
          ],
          [
            -7.538681,
            8.504631
          ],
          [
            -7.53705,
            8.506413
          ],
          [
            -7.535763,
            8.508196
          ],
          [
            -7.534647,
            8.510148
          ],
          [
            -7.533703,
            8.511676
          ],
          [
            -7.533016,
            8.513289
          ],
          [
            -7.532158,
            8.514987
          ],
          [
            -7.530612999999999,
            8.517279
          ],
          [
            -7.526236,
            8.521014
          ],
          [
            -7.52306,
            8.522966
          ],
          [
            -7.519712,
            8.524154
          ],
          [
            -7.516022,
            8.525597
          ],
          [
            -7.513533,
            8.527464
          ],
          [
            -7.512503,
            8.528823
          ],
          [
            -7.512159,
            8.530096
          ],
          [
            -7.511044,
            8.53103
          ],
          [
            -7.509584,
            8.532472
          ],
          [
            -7.507353,
            8.533152
          ],
          [
            -7.505379,
            8.533916
          ],
          [
            -7.504349,
            8.53434
          ],
          [
            -7.503233,
            8.535019
          ],
          [
            -7.502117,
            8.535868
          ],
          [
            -7.501087,
            8.537056
          ],
          [
            -7.5004,
            8.538329
          ],
          [
            -7.499285,
            8.539687
          ],
          [
            -7.497825999999999,
            8.540791
          ],
          [
            -7.496366000000001,
            8.54164
          ],
          [
            -7.494478000000001,
            8.542149
          ],
          [
            -7.492418000000001,
            8.542319
          ],
          [
            -7.490101,
            8.542403
          ],
          [
            -7.487011,
            8.542743
          ],
          [
            -7.483664,
            8.544016
          ],
          [
            -7.481518,
            8.54512
          ],
          [
            -7.4786,
            8.546308
          ],
          [
            -7.475252,
            8.547836
          ],
          [
            -7.471990999999999,
            8.550042
          ],
          [
            -7.470875,
            8.551655
          ],
          [
            -7.469158,
            8.55488
          ],
          [
            -7.468042000000001,
            8.556663
          ],
          [
            -7.465725,
            8.559464
          ],
          [
            -7.464352,
            8.562264
          ],
          [
            -7.463579000000001,
            8.564047
          ],
          [
            -7.461433,
            8.569733
          ],
          [
            -7.460232000000001,
            8.573892
          ],
          [
            -7.459288,
            8.576184
          ],
          [
            -7.458857999999999,
            8.577626
          ],
          [
            -7.458601,
            8.579239
          ],
          [
            -7.458515000000001,
            8.580597
          ],
          [
            -7.458686999999999,
            8.583398
          ],
          [
            -7.459116,
            8.584671
          ],
          [
            -7.459717,
            8.587301
          ],
          [
            -7.459717,
            8.588575
          ],
          [
            -7.459545,
            8.590102
          ],
          [
            -7.45903,
            8.591375
          ],
          [
            -7.458343000000001,
            8.592733
          ],
          [
            -7.457742999999999,
            8.594091
          ],
          [
            -7.457485,
            8.595619
          ],
          [
            -7.457571000000001,
            8.597061
          ],
          [
            -7.458258,
            8.599862
          ],
          [
            -7.458857999999999,
            8.602832
          ],
          [
            -7.45903,
            8.604275
          ],
          [
            -7.45903,
            8.605633
          ],
          [
            -7.458857999999999,
            8.60733
          ],
          [
            -7.458258,
            8.611064
          ],
          [
            -7.458343000000001,
            8.612761
          ],
          [
            -7.458515000000001,
            8.614628
          ],
          [
            -7.459116,
            8.615901
          ],
          [
            -7.460146,
            8.617429
          ],
          [
            -7.460661,
            8.618532
          ],
          [
            -7.461348000000001,
            8.620144
          ],
          [
            -7.461605,
            8.621502
          ],
          [
            -7.462292,
            8.623284
          ],
          [
            -7.462807000000001,
            8.626509
          ],
          [
            -7.463579000000001,
            8.62897
          ],
          [
            -7.464008,
            8.631261
          ],
          [
            -7.464695000000001,
            8.635928
          ],
          [
            -7.464266,
            8.63805
          ],
          [
            -7.464352,
            8.639747
          ],
          [
            -7.464008,
            8.643311
          ],
          [
            -7.463493,
            8.645262
          ],
          [
            -7.462892,
            8.647893
          ],
          [
            -7.462549,
            8.650523
          ],
          [
            -7.462463,
            8.652051
          ],
          [
            -7.462463,
            8.653578
          ],
          [
            -7.463149999999999,
            8.655275
          ],
          [
            -7.46418,
            8.657566
          ],
          [
            -7.465982,
            8.660281
          ],
          [
            -7.467097999999999,
            8.661809
          ],
          [
            -7.468213999999999,
            8.663081
          ],
          [
            -7.469416,
            8.664863
          ],
          [
            -7.470617,
            8.666815
          ],
          [
            -7.472334,
            8.669021
          ],
          [
            -7.473021,
            8.670379
          ],
          [
            -7.474651,
            8.675215
          ],
          [
            -7.475424,
            8.679458
          ],
          [
            -7.475424,
            8.681409
          ],
          [
            -7.475252,
            8.684464
          ],
          [
            -7.475337999999999,
            8.687178
          ],
          [
            -7.47551,
            8.689384
          ],
          [
            -7.476109999999999,
            8.69193
          ],
          [
            -7.477225999999999,
            8.695493
          ],
          [
            -7.478513999999999,
            8.697954
          ],
          [
            -7.479544,
            8.700499
          ],
          [
            -7.481173999999999,
            8.70682
          ],
          [
            -7.482290000000001,
            8.710086
          ],
          [
            -7.483019999999999,
            8.714031
          ],
          [
            -7.483921,
            8.721158
          ],
          [
            -7.484736000000001,
            8.725697
          ],
          [
            -7.48538,
            8.728666
          ],
          [
            -7.485895,
            8.729938
          ],
          [
            -7.486496,
            8.730872
          ],
          [
            -7.486839,
            8.731805
          ],
          [
            -7.487869,
            8.732823
          ],
          [
            -7.4895,
            8.734265
          ],
          [
            -7.491989,
            8.736216
          ],
          [
            -7.493792,
            8.738507
          ],
          [
            -7.494736,
            8.739949
          ],
          [
            -7.496281,
            8.741731
          ],
          [
            -7.497912,
            8.744954
          ],
          [
            -7.499886,
            8.750299
          ],
          [
            -7.500143,
            8.75191
          ],
          [
            -7.500229,
            8.753607
          ],
          [
            -7.500486,
            8.755304
          ],
          [
            -7.502031,
            8.761072
          ],
          [
            -7.502375,
            8.761666
          ],
          [
            -7.504435000000001,
            8.767349
          ],
          [
            -7.505120999999999,
            8.769894
          ],
          [
            -7.505120999999999,
            8.772015
          ],
          [
            -7.505207,
            8.774644
          ],
          [
            -7.505550000000001,
            8.776171
          ],
          [
            -7.506752,
            8.779225
          ],
          [
            -7.508124999999999,
            8.780837
          ],
          [
            -7.509928,
            8.782279
          ],
          [
            -7.511988,
            8.783212
          ],
          [
            -7.513961999999999,
            8.783806
          ],
          [
            -7.515678000000001,
            8.784484
          ],
          [
            -7.517996,
            8.785757
          ],
          [
            -7.519369,
            8.78635
          ],
          [
            -7.520227,
            8.787283
          ],
          [
            -7.521,
            8.788895
          ],
          [
            -7.522717,
            8.792203
          ],
          [
            -7.526407,
            8.799752
          ],
          [
            -7.527436999999999,
            8.801449
          ],
          [
            -7.528895999999999,
            8.8034
          ],
          [
            -7.530098,
            8.805266
          ],
          [
            -7.531128,
            8.807301
          ],
          [
            -7.531986,
            8.809591
          ],
          [
            -7.532587,
            8.811542
          ],
          [
            -7.53293,
            8.813493
          ],
          [
            -7.533274,
            8.816037
          ],
          [
            -7.533445,
            8.818582
          ],
          [
            -7.533531,
            8.821042
          ],
          [
            -7.533874,
            8.824604
          ],
          [
            -7.533874,
            8.826979
          ],
          [
            -7.534132,
            8.830626
          ],
          [
            -7.53396,
            8.831813
          ],
          [
            -7.533531,
            8.834103
          ],
          [
            -7.533016,
            8.836478
          ],
          [
            -7.531729,
            8.839531
          ],
          [
            -7.529926,
            8.844026
          ],
          [
            -7.529583,
            8.846061
          ],
          [
            -7.529068,
            8.848436
          ],
          [
            -7.529325000000001,
            8.852507
          ],
          [
            -7.530098,
            8.855475
          ],
          [
            -7.530956,
            8.85768
          ],
          [
            -7.532072,
            8.85997
          ],
          [
            -7.533445,
            8.861412
          ],
          [
            -7.536620999999999,
            8.865567
          ],
          [
            -7.537308,
            8.867009
          ],
          [
            -7.537909,
            8.868111
          ],
          [
            -7.538938,
            8.871842
          ],
          [
            -7.539796999999999,
            8.876422
          ],
          [
            -7.540912999999999,
            8.87939
          ],
          [
            -7.541599,
            8.880832
          ],
          [
            -7.543659,
            8.88363
          ],
          [
            -7.544603,
            8.885156
          ],
          [
            -7.545376,
            8.887276
          ],
          [
            -7.547091999999999,
            8.890499
          ],
          [
            -7.547951,
            8.892704
          ],
          [
            -7.548895,
            8.896096
          ],
          [
            -7.54941,
            8.899403
          ],
          [
            -7.550354,
            8.902286
          ],
          [
            -7.550697,
            8.904575
          ],
          [
            -7.551298,
            8.90661
          ],
          [
            -7.552242,
            8.910257
          ],
          [
            -7.553787,
            8.913648
          ],
          [
            -7.555331999999999,
            8.917294
          ],
          [
            -7.556362,
            8.920432
          ],
          [
            -7.557735,
            8.925774
          ],
          [
            -7.559023,
            8.932642
          ],
          [
            -7.559881,
            8.936118
          ],
          [
            -7.56031,
            8.938238
          ],
          [
            -7.561169000000001,
            8.940612
          ],
          [
            -7.563486,
            8.94536
          ],
          [
            -7.565031,
            8.947649
          ],
          [
            -7.56958,
            8.952143
          ],
          [
            -7.570438,
            8.953839
          ],
          [
            -7.571039,
            8.955958
          ],
          [
            -7.571812,
            8.960113
          ],
          [
            -7.572928,
            8.964267
          ],
          [
            -7.573786,
            8.966132
          ],
          [
            -7.574558,
            8.968252
          ],
          [
            -7.575331,
            8.969778
          ],
          [
            -7.575759999999999,
            8.971473
          ],
          [
            -7.575846,
            8.973423
          ],
          [
            -7.576446,
            8.978171
          ],
          [
            -7.578678,
            8.986649
          ],
          [
            -7.583313000000001,
            8.998856
          ],
          [
            -7.584600000000001,
            9.001908
          ],
          [
            -7.586746,
            9.005808
          ],
          [
            -7.587604,
            9.007249
          ],
          [
            -7.588118999999999,
            9.008436
          ],
          [
            -7.588549,
            9.010131
          ],
          [
            -7.588978,
            9.013437
          ],
          [
            -7.58915,
            9.01793
          ],
          [
            -7.588978,
            9.019117
          ],
          [
            -7.588463,
            9.020304
          ],
          [
            -7.586918,
            9.024627
          ],
          [
            -7.585373,
            9.028526
          ],
          [
            -7.584600000000001,
            9.0309
          ],
          [
            -7.584257,
            9.032849
          ],
          [
            -7.584171,
            9.035562
          ],
          [
            -7.584429000000001,
            9.038783
          ],
          [
            -7.584944,
            9.040563
          ],
          [
            -7.58563,
            9.042343
          ],
          [
            -7.586575,
            9.044632
          ],
          [
            -7.587519,
            9.046751
          ],
          [
            -7.587947999999999,
            9.0487
          ],
          [
            -7.588205,
            9.049378
          ],
          [
            -7.58872,
            9.052091
          ],
          [
            -7.588892,
            9.053701
          ],
          [
            -7.589063999999999,
            9.057176
          ],
          [
            -7.58915,
            9.05938
          ],
          [
            -7.58915,
            9.061414
          ],
          [
            -7.58975,
            9.065313
          ],
          [
            -7.589946,
            9.067338
          ],
          [
            -7.590032,
            9.069299
          ],
          [
            -7.589907,
            9.070816
          ],
          [
            -7.589790999999999,
            9.074315
          ],
          [
            -7.589790000000001,
            9.075065
          ],
          [
            -7.589896,
            9.076167
          ],
          [
            -7.590164,
            9.077358
          ],
          [
            -7.590646999999999,
            9.078634
          ],
          [
            -7.592538,
            9.081985
          ],
          [
            -7.593045000000001,
            9.083285
          ],
          [
            -7.593308999999999,
            9.084299
          ],
          [
            -7.593501000000001,
            9.085987
          ],
          [
            -7.593605,
            9.088549
          ],
          [
            -7.593801,
            9.091552
          ],
          [
            -7.593990999999999,
            9.093128
          ],
          [
            -7.594295,
            9.094911
          ],
          [
            -7.595424,
            9.099549
          ],
          [
            -7.595725,
            9.10153
          ],
          [
            -7.595803,
            9.103305
          ],
          [
            -7.595777999999999,
            9.104147
          ],
          [
            -7.595534,
            9.107666
          ],
          [
            -7.59562,
            9.109484
          ],
          [
            -7.595769,
            9.110689
          ],
          [
            -7.595941,
            9.11159
          ],
          [
            -7.59634,
            9.113107
          ],
          [
            -7.597043,
            9.115017
          ],
          [
            -7.598037,
            9.116945
          ],
          [
            -7.599559,
            9.119256
          ],
          [
            -7.600105,
            9.120195
          ],
          [
            -7.600745,
            9.121511
          ],
          [
            -7.601218,
            9.122724
          ],
          [
            -7.601629,
            9.12404
          ],
          [
            -7.601857,
            9.125
          ],
          [
            -7.603134,
            9.131769
          ],
          [
            -7.603338,
            9.132637
          ],
          [
            -7.603569,
            9.133538
          ],
          [
            -7.60417,
            9.135169
          ],
          [
            -7.605044,
            9.137012
          ],
          [
            -7.61035,
            9.145878
          ],
          [
            -7.611685,
            9.148664
          ],
          [
            -7.612635,
            9.151344
          ],
          [
            -7.612994,
            9.15271
          ],
          [
            -7.613397,
            9.154654
          ],
          [
            -7.61366,
            9.156942
          ],
          [
            -7.613734999999999,
            9.158938
          ],
          [
            -7.613574,
            9.163053
          ],
          [
            -7.613595,
            9.165659
          ],
          [
            -7.613837000000001,
            9.168873
          ],
          [
            -7.614077999999999,
            9.170738
          ],
          [
            -7.614394,
            9.172565
          ],
          [
            -7.614791,
            9.17437
          ],
          [
            -7.615457,
            9.176865
          ],
          [
            -7.618144,
            9.184861
          ],
          [
            -7.619163,
            9.188653
          ],
          [
            -7.619662,
            9.190904
          ],
          [
            -7.620165999999999,
            9.193636
          ],
          [
            -7.621051,
            9.199252
          ],
          [
            -7.621154,
            9.200727
          ],
          [
            -7.621056,
            9.202538
          ],
          [
            -7.620947,
            9.203241
          ],
          [
            -7.620701999999999,
            9.204277
          ],
          [
            -7.620217,
            9.205818
          ],
          [
            -7.619912,
            9.206527
          ],
          [
            -7.618856999999999,
            9.208426
          ],
          [
            -7.617357,
            9.210412
          ],
          [
            -7.616726,
            9.211326
          ],
          [
            -7.616136000000001,
            9.212477
          ],
          [
            -7.615745,
            9.21358
          ],
          [
            -7.615079999999999,
            9.216677
          ],
          [
            -7.614629,
            9.21786
          ],
          [
            -7.61405,
            9.218922
          ],
          [
            -7.613314000000001,
            9.219948
          ],
          [
            -7.612483000000001,
            9.220795
          ],
          [
            -7.610257,
            9.22274
          ],
          [
            -7.609613000000001,
            9.22351
          ],
          [
            -7.609045000000001,
            9.224412
          ],
          [
            -7.608574,
            9.225708
          ],
          [
            -7.608396,
            9.227036
          ],
          [
            -7.608483,
            9.228327
          ],
          [
            -7.608945,
            9.229863
          ],
          [
            -7.610954,
            9.235581
          ],
          [
            -7.61118,
            9.236394
          ],
          [
            -7.611355,
            9.237395
          ],
          [
            -7.611445,
            9.238814
          ],
          [
            -7.611379,
            9.240062
          ],
          [
            -7.611055,
            9.241705
          ],
          [
            -7.610720999999999,
            9.242702
          ],
          [
            -7.609534,
            9.24539
          ],
          [
            -7.609113,
            9.246734
          ],
          [
            -7.608912,
            9.247918
          ],
          [
            -7.608885,
            9.249346
          ],
          [
            -7.609019,
            9.25046
          ],
          [
            -7.609157,
            9.251092
          ],
          [
            -7.609513999999999,
            9.252179
          ],
          [
            -7.609869,
            9.252949
          ],
          [
            -7.610257,
            9.253621
          ],
          [
            -7.612236,
            9.256564
          ],
          [
            -7.613034,
            9.258094
          ],
          [
            -7.613416999999999,
            9.259015
          ],
          [
            -7.616698,
            9.267911
          ],
          [
            -7.617571000000001,
            9.269969
          ],
          [
            -7.619166,
            9.273239
          ],
          [
            -7.619511,
            9.274075
          ],
          [
            -7.620103,
            9.27589
          ],
          [
            -7.620418,
            9.277302
          ],
          [
            -7.620866,
            9.280337
          ],
          [
            -7.621446,
            9.283234
          ],
          [
            -7.626742999999999,
            9.296799
          ],
          [
            -7.627858999999999,
            9.303321
          ],
          [
            -7.628031,
            9.305184
          ],
          [
            -7.628031,
            9.307725
          ],
          [
            -7.627258,
            9.318821
          ],
          [
            -7.627516000000001,
            9.321277
          ],
          [
            -7.628546,
            9.329408
          ],
          [
            -7.628374,
            9.336437
          ],
          [
            -7.628117,
            9.338555
          ],
          [
            -7.627687000000001,
            9.34135
          ],
          [
            -7.627344,
            9.343213
          ],
          [
            -7.626572,
            9.344822
          ],
          [
            -7.624854999999999,
            9.348125
          ],
          [
            -7.623568000000001,
            9.350158
          ],
          [
            -7.621937,
            9.35236
          ],
          [
            -7.620906999999999,
            9.353884
          ],
          [
            -7.616408,
            9.359377
          ],
          [
            -7.615571,
            9.360687
          ],
          [
            -7.615025,
            9.361656
          ],
          [
            -7.614051,
            9.364071
          ],
          [
            -7.613324000000001,
            9.366055
          ],
          [
            -7.612753,
            9.368789
          ],
          [
            -7.610779,
            9.375394
          ],
          [
            -7.610092,
            9.377342
          ],
          [
            -7.608976,
            9.378782
          ],
          [
            -7.607603,
            9.382847
          ],
          [
            -7.606573,
            9.384879
          ],
          [
            -7.605200000000001,
            9.38725
          ],
          [
            -7.603655,
            9.389282
          ],
          [
            -7.602882,
            9.390976
          ],
          [
            -7.601594999999999,
            9.394787
          ],
          [
            -7.600651,
            9.398597
          ],
          [
            -7.599019999999999,
            9.4019
          ],
          [
            -7.598076000000001,
            9.403
          ],
          [
            -7.596531,
            9.404525
          ],
          [
            -7.594042,
            9.406811
          ],
          [
            -7.591984,
            9.409159
          ],
          [
            -7.590873,
            9.410575
          ],
          [
            -7.589821,
            9.412061
          ],
          [
            -7.588527000000001,
            9.414199
          ],
          [
            -7.587695000000001,
            9.415761
          ],
          [
            -7.586695999999999,
            9.417994
          ],
          [
            -7.586175,
            9.419298
          ],
          [
            -7.585638999999999,
            9.420953
          ],
          [
            -7.584958,
            9.423559
          ],
          [
            -7.582673,
            9.434795
          ],
          [
            -7.582347,
            9.436197
          ],
          [
            -7.582057,
            9.43727
          ],
          [
            -7.581331,
            9.439464
          ],
          [
            -7.580772,
            9.440894
          ],
          [
            -7.580023,
            9.44256
          ],
          [
            -7.579819,
            9.44295
          ],
          [
            -7.579607,
            9.443076
          ],
          [
            -7.579049,
            9.444135
          ],
          [
            -7.578019,
            9.445848
          ],
          [
            -7.577324,
            9.44689
          ],
          [
            -7.575966,
            9.44871
          ],
          [
            -7.574709000000001,
            9.450206
          ],
          [
            -7.573823000000001,
            9.451149
          ],
          [
            -7.568986,
            9.455881
          ],
          [
            -7.567972000000001,
            9.457055
          ],
          [
            -7.567179999999999,
            9.458127
          ],
          [
            -7.56643,
            9.459349
          ],
          [
            -7.565872,
            9.460412
          ],
          [
            -7.565178,
            9.462058
          ],
          [
            -7.564823999999999,
            9.463158
          ],
          [
            -7.564484,
            9.464442
          ],
          [
            -7.56255,
            9.474007
          ],
          [
            -7.562385000000001,
            9.474938
          ],
          [
            -7.562250999999999,
            9.476242
          ],
          [
            -7.562227999999999,
            9.477483
          ],
          [
            -7.562271000000001,
            9.478787
          ],
          [
            -7.562535000000001,
            9.481475
          ],
          [
            -7.563839,
            9.493718
          ],
          [
            -7.564145,
            9.497004
          ],
          [
            -7.564449,
            9.499428
          ],
          [
            -7.565224,
            9.506662
          ],
          [
            -7.565224,
            9.506662
          ],
          [
            -7.563304,
            9.506857
          ],
          [
            -7.563304,
            9.506857
          ],
          [
            -7.563105,
            9.506619
          ],
          [
            -7.562971,
            9.506572
          ],
          [
            -7.562971,
            9.506572
          ],
          [
            -7.562773000000001,
            9.506704
          ],
          [
            -7.562687,
            9.506894
          ],
          [
            -7.562719,
            9.507006
          ],
          [
            -7.562820999999999,
            9.50709
          ],
          [
            -7.563046000000001,
            9.50717
          ],
          [
            -7.563046000000001,
            9.50717
          ],
          [
            -7.564195,
            9.519047
          ],
          [
            -7.564195,
            9.519047
          ],
          [
            -7.564452,
            9.519179
          ],
          [
            -7.566082,
            9.518449
          ],
          [
            -7.566321,
            9.518427
          ]
        ]
      },
      "properties": {
        "name": "Route",
        "folder": "FO EARTH",
        "stroke-width": 5,
        "stroke": "#FF0000"
      }
    },
    {
      "type": "Feature",
      "geometry": {
        "type": "LineString",
        "coordinates": [
          [
            -7.566321,
            9.518427
          ],
          [
            -7.566082,
            9.518449
          ],
          [
            -7.564452,
            9.519179
          ],
          [
            -7.564195,
            9.519047
          ],
          [
            -7.564195,
            9.519047
          ],
          [
            -7.563046000000001,
            9.50717
          ],
          [
            -7.563046000000001,
            9.50717
          ],
          [
            -7.563175,
            9.507096
          ],
          [
            -7.563304,
            9.506857
          ],
          [
            -7.563304,
            9.506857
          ],
          [
            -7.563105,
            9.506619
          ],
          [
            -7.562971,
            9.506572
          ],
          [
            -7.562971,
            9.506572
          ],
          [
            -7.562773000000001,
            9.506704
          ],
          [
            -7.562687,
            9.506894
          ],
          [
            -7.562687,
            9.506894
          ],
          [
            -7.557666,
            9.507334
          ],
          [
            -7.557666,
            9.507334
          ],
          [
            -7.557453,
            9.507172
          ],
          [
            -7.557275,
            9.507154
          ],
          [
            -7.55711,
            9.507252
          ],
          [
            -7.557017,
            9.507471
          ],
          [
            -7.557017,
            9.507471
          ],
          [
            -7.553868,
            9.507741
          ],
          [
            -7.551073,
            9.508069
          ],
          [
            -7.546744,
            9.508476
          ],
          [
            -7.541154,
            9.509122
          ],
          [
            -7.540643,
            9.508917
          ],
          [
            -7.539493,
            9.509156
          ],
          [
            -7.530315000000001,
            9.510241
          ],
          [
            -7.529332,
            9.510475
          ],
          [
            -7.525156,
            9.511742
          ],
          [
            -7.524854,
            9.511817
          ],
          [
            -7.524363999999999,
            9.511845
          ],
          [
            -7.524092,
            9.511828
          ],
          [
            -7.522159,
            9.511385
          ],
          [
            -7.519396,
            9.510495
          ],
          [
            -7.514331,
            9.508353
          ],
          [
            -7.513461,
            9.507938
          ],
          [
            -7.511814,
            9.507363
          ],
          [
            -7.511070999999999,
            9.507163
          ],
          [
            -7.50655,
            9.506164
          ],
          [
            -7.506053999999999,
            9.506101
          ],
          [
            -7.505013,
            9.506058
          ],
          [
            -7.500554999999999,
            9.506141
          ],
          [
            -7.498021,
            9.505938
          ],
          [
            -7.497254,
            9.505746
          ],
          [
            -7.495272,
            9.505466
          ],
          [
            -7.494221,
            9.50507
          ],
          [
            -7.493106,
            9.504724
          ],
          [
            -7.489252,
            9.50372
          ],
          [
            -7.488694,
            9.503703
          ],
          [
            -7.486670000000001,
            9.503831
          ],
          [
            -7.485238999999999,
            9.503786
          ],
          [
            -7.480639000000001,
            9.502768
          ],
          [
            -7.479990000000001,
            9.502481
          ],
          [
            -7.478154,
            9.501518
          ],
          [
            -7.477836,
            9.501393
          ],
          [
            -7.47669,
            9.501131
          ],
          [
            -7.476227,
            9.501133
          ],
          [
            -7.475276,
            9.501241
          ],
          [
            -7.473917,
            9.501537
          ],
          [
            -7.462336,
            9.505029
          ],
          [
            -7.459569,
            9.505622
          ],
          [
            -7.457889,
            9.505876
          ],
          [
            -7.450002,
            9.507325
          ],
          [
            -7.448983,
            9.507478
          ],
          [
            -7.448070999999999,
            9.507531
          ],
          [
            -7.446805,
            9.50743
          ],
          [
            -7.442272,
            9.506816
          ],
          [
            -7.441177,
            9.506588
          ],
          [
            -7.439219,
            9.505837
          ],
          [
            -7.437363,
            9.504858
          ],
          [
            -7.436870000000001,
            9.504657
          ],
          [
            -7.435942,
            9.504393
          ],
          [
            -7.430620000000001,
            9.503667
          ],
          [
            -7.424922000000001,
            9.502736
          ],
          [
            -7.424096,
            9.502852
          ],
          [
            -7.422813,
            9.50322
          ],
          [
            -7.422261,
            9.503432
          ],
          [
            -7.421386,
            9.503914
          ],
          [
            -7.420785,
            9.504353
          ],
          [
            -7.419928,
            9.50488
          ],
          [
            -7.418834,
            9.505479
          ],
          [
            -7.407586000000001,
            9.510292
          ],
          [
            -7.406132999999999,
            9.510991
          ],
          [
            -7.405076,
            9.511753
          ],
          [
            -7.402812,
            9.513568
          ],
          [
            -7.402263999999999,
            9.513949
          ],
          [
            -7.401270000000001,
            9.514525
          ],
          [
            -7.39793,
            9.516277
          ],
          [
            -7.394283,
            9.51796
          ],
          [
            -7.392450000000001,
            9.518944
          ],
          [
            -7.390146,
            9.519912
          ],
          [
            -7.389771,
            9.520039
          ],
          [
            -7.388597,
            9.520256
          ],
          [
            -7.387991,
            9.520505
          ],
          [
            -7.386474,
            9.5215
          ],
          [
            -7.381893,
            9.523761
          ],
          [
            -7.380477,
            9.524714
          ],
          [
            -7.378659999999999,
            9.526222
          ],
          [
            -7.378027,
            9.526545
          ],
          [
            -7.376176999999999,
            9.527111
          ],
          [
            -7.372789,
            9.527973
          ],
          [
            -7.370908000000001,
            9.528882
          ],
          [
            -7.369224999999999,
            9.529575
          ],
          [
            -7.367274,
            9.530717
          ],
          [
            -7.366421,
            9.531072
          ],
          [
            -7.365165,
            9.531421
          ],
          [
            -7.360216,
            9.532546
          ],
          [
            -7.359566,
            9.532768
          ],
          [
            -7.356202,
            9.53414
          ],
          [
            -7.355676,
            9.534378
          ],
          [
            -7.350329,
            9.5376
          ],
          [
            -7.349315,
            9.53814
          ],
          [
            -7.344337,
            9.540373
          ],
          [
            -7.342980000000001,
            9.540955
          ],
          [
            -7.341862,
            9.54137
          ],
          [
            -7.340551,
            9.54205
          ],
          [
            -7.339663,
            9.542626
          ],
          [
            -7.337273,
            9.543678
          ],
          [
            -7.334695000000001,
            9.544712
          ],
          [
            -7.33303,
            9.544897
          ],
          [
            -7.331572,
            9.544975
          ],
          [
            -7.327108,
            9.54506
          ],
          [
            -7.323503,
            9.544975
          ],
          [
            -7.322987999999999,
            9.54506
          ],
          [
            -7.315779,
            9.547514
          ],
          [
            -7.313805,
            9.548869
          ],
          [
            -7.311573,
            9.55217
          ],
          [
            -7.306841,
            9.557586
          ],
          [
            -7.303076,
            9.561142
          ],
          [
            -7.298869999999999,
            9.563934
          ],
          [
            -7.294579000000001,
            9.566643
          ],
          [
            -7.293205,
            9.567912
          ],
          [
            -7.29166,
            9.568844
          ],
          [
            -7.290716,
            9.568336
          ],
          [
            -7.288313,
            9.567405
          ],
          [
            -7.284536,
            9.566304
          ],
          [
            -7.283163000000001,
            9.565289
          ],
          [
            -7.280502,
            9.562834
          ],
          [
            -7.278871,
            9.562242
          ],
          [
            -7.276983000000001,
            9.561311
          ],
          [
            -7.274408,
            9.561649
          ],
          [
            -7.269773,
            9.561819
          ],
          [
            -7.267970999999999,
            9.561565
          ],
          [
            -7.265568,
            9.56148
          ],
          [
            -7.262305999999999,
            9.562072
          ],
          [
            -7.256041,
            9.563088
          ],
          [
            -7.252521,
            9.562919
          ],
          [
            -7.25132,
            9.562242
          ],
          [
            -7.247801,
            9.559787
          ],
          [
            -7.246084,
            9.55911
          ],
          [
            -7.242393,
            9.558687
          ],
          [
            -7.239646999999999,
            9.558433
          ],
          [
            -7.236299999999999,
            9.557925
          ],
          [
            -7.234755,
            9.557587
          ],
          [
            -7.227458999999999,
            9.55437
          ],
          [
            -7.22497,
            9.554032
          ],
          [
            -7.223425,
            9.553439
          ],
          [
            -7.221537,
            9.553862
          ],
          [
            -7.220335,
            9.554963
          ],
          [
            -7.219305,
            9.559449
          ],
          [
            -7.218275,
            9.561311
          ],
          [
            -7.214327,
            9.567151
          ],
          [
            -7.212439,
            9.56842
          ],
          [
            -7.210207,
            9.570113
          ],
          [
            -7.207631999999999,
            9.571298
          ],
          [
            -7.205400000000001,
            9.572398
          ],
          [
            -7.202482,
            9.574345
          ],
          [
            -7.201109,
            9.575191
          ],
          [
            -7.199135,
            9.576884
          ],
          [
            -7.197331999999999,
            9.577476
          ],
          [
            -7.193298,
            9.578323
          ],
          [
            -7.191839,
            9.577984
          ],
          [
            -7.185059,
            9.576122
          ],
          [
            -7.182398,
            9.576122
          ],
          [
            -7.172356,
            9.578323
          ],
          [
            -7.165318000000001,
            9.579677
          ],
          [
            -7.162484999999999,
            9.579931
          ],
          [
            -7.160082000000001,
            9.579169
          ],
          [
            -7.158451,
            9.577984
          ],
          [
            -7.156391,
            9.576207
          ],
          [
            -7.154417000000001,
            9.574175
          ],
          [
            -7.152529,
            9.571636
          ],
          [
            -7.150469,
            9.570367
          ],
          [
            -7.149181000000001,
            9.568844
          ],
          [
            -7.145834,
            9.567743
          ],
          [
            -7.143172999999999,
            9.567405
          ],
          [
            -7.141714000000001,
            9.567066
          ],
          [
            -7.140856,
            9.566135
          ],
          [
            -7.139654000000001,
            9.563681
          ],
          [
            -7.138882000000001,
            9.562834
          ],
          [
            -7.137508,
            9.561903
          ],
          [
            -7.13562,
            9.560972
          ],
          [
            -7.132874,
            9.56021
          ],
          [
            -7.131243000000001,
            9.559025
          ],
          [
            -7.130299,
            9.558433
          ],
          [
            -7.129354999999999,
            9.558687
          ],
          [
            -7.127724,
            9.560972
          ],
          [
            -7.126265,
            9.562326
          ],
          [
            -7.123689999999999,
            9.56385
          ],
          [
            -7.122573999999999,
            9.565035
          ],
          [
            -7.120256,
            9.566304
          ],
          [
            -7.118969,
            9.567235
          ],
          [
            -7.116995000000001,
            9.570367
          ],
          [
            -7.114935,
            9.571467
          ],
          [
            -7.111072,
            9.573329
          ],
          [
            -7.106781,
            9.574937
          ],
          [
            -7.105064,
            9.575106
          ],
          [
            -7.102575,
            9.575191
          ],
          [
            -7.101030000000001,
            9.575022
          ],
          [
            -7.09837,
            9.573837
          ],
          [
            -7.096739,
            9.573922
          ],
          [
            -7.093821,
            9.57426
          ],
          [
            -7.090044,
            9.575276
          ],
          [
            -7.088413,
            9.576376
          ],
          [
            -7.087383000000001,
            9.577392
          ],
          [
            -7.086096000000001,
            9.5779
          ],
          [
            -7.084208000000001,
            9.578407
          ],
          [
            -7.082490999999999,
            9.578576
          ],
          [
            -7.081289,
            9.579592
          ],
          [
            -7.07983,
            9.581877
          ],
          [
            -7.077051000000001,
            9.588098
          ],
          [
            -7.074283000000001,
            9.589685
          ],
          [
            -7.073586,
            9.59014
          ],
          [
            -7.070035,
            9.594001
          ],
          [
            -7.067395,
            9.594117
          ],
          [
            -7.058888000000001,
            9.594318
          ],
          [
            -7.056291,
            9.594191
          ],
          [
            -7.054339,
            9.593895
          ],
          [
            -7.053362,
            9.593609
          ],
          [
            -7.052418,
            9.59307
          ],
          [
            -7.049146,
            9.59252
          ],
          [
            -7.046013,
            9.592118
          ],
          [
            -7.044125000000001,
            9.592202
          ],
          [
            -7.042579999999999,
            9.593218
          ],
          [
            -7.040434,
            9.594826
          ],
          [
            -7.036228,
            9.598888
          ],
          [
            -7.031851,
            9.602781
          ],
          [
            -7.029103999999999,
            9.604304
          ],
          [
            -7.023954,
            9.606843
          ],
          [
            -7.019834,
            9.608282
          ],
          [
            -7.017174,
            9.608959
          ],
          [
            -7.015886,
            9.60862
          ],
          [
            -7.012367,
            9.60752
          ],
          [
            -7.009535,
            9.606505
          ],
          [
            -7.007389,
            9.605828
          ],
          [
            -7.006015999999999,
            9.606166
          ],
          [
            -7.002325000000001,
            9.606674
          ],
          [
            -6.999492999999999,
            9.607266
          ],
          [
            -6.989965,
            9.608874
          ],
          [
            -6.988850000000001,
            9.609636
          ],
          [
            -6.986876,
            9.610651
          ],
          [
            -6.984215,
            9.612852
          ],
          [
            -6.982326,
            9.613444
          ],
          [
            -6.978378,
            9.614121
          ],
          [
            -6.977004999999999,
            9.614036
          ],
          [
            -6.974516,
            9.613782
          ],
          [
            -6.970224,
            9.613106
          ],
          [
            -6.966619,
            9.613021
          ],
          [
            -6.962843,
            9.612428
          ],
          [
            -6.961212,
            9.612767
          ],
          [
            -6.959580999999999,
            9.612682
          ],
          [
            -6.956405999999999,
            9.611582
          ],
          [
            -6.952286000000001,
            9.610651
          ],
          [
            -6.946449,
            9.610059
          ],
          [
            -6.944904,
            9.610059
          ],
          [
            -6.941643,
            9.611582
          ],
          [
            -6.938209000000001,
            9.613106
          ],
          [
            -6.936321,
            9.614629
          ],
          [
            -6.931601,
            9.616914
          ],
          [
            -6.928425,
            9.618691
          ],
          [
            -6.927395,
            9.619791
          ],
          [
            -6.924047,
            9.624191
          ],
          [
            -6.922932,
            9.625291
          ],
          [
            -6.917524,
            9.629438
          ],
          [
            -6.899672,
            9.638323
          ],
          [
            -6.898384,
            9.638661
          ],
          [
            -6.89641,
            9.638577
          ],
          [
            -6.894607,
            9.638069
          ],
          [
            -6.89332,
            9.637138
          ],
          [
            -6.89229,
            9.635361
          ],
          [
            -6.891861,
            9.633838
          ],
          [
            -6.891174,
            9.632992
          ],
          [
            -6.890144,
            9.632146
          ],
          [
            -6.885166,
            9.629522
          ],
          [
            -6.880961,
            9.627238
          ],
          [
            -6.878815,
            9.626307
          ],
          [
            -6.875810999999999,
            9.624868
          ],
          [
            -6.868858,
            9.619875
          ],
          [
            -6.860962,
            9.613952
          ],
          [
            -6.858816000000001,
            9.612513
          ],
          [
            -6.857700000000001,
            9.61209
          ],
          [
            -6.856154999999999,
            9.611752
          ],
          [
            -6.853752000000001,
            9.611836
          ],
          [
            -6.85152,
            9.612259
          ],
          [
            -6.84783,
            9.61429
          ],
          [
            -6.846371,
            9.614883
          ],
          [
            -6.844568,
            9.61539
          ],
          [
            -6.842508,
            9.615644
          ],
          [
            -6.841135,
            9.615983
          ],
          [
            -6.840019,
            9.616829
          ],
          [
            -6.839333000000001,
            9.618183
          ],
          [
            -6.838217000000001,
            9.619706
          ],
          [
            -6.837015,
            9.620299
          ],
          [
            -6.835556,
            9.620468
          ],
          [
            -6.834097,
            9.61996
          ],
          [
            -6.832552000000001,
            9.618268
          ],
          [
            -6.825599999999999,
            9.611244
          ],
          [
            -6.823883,
            9.609974
          ],
          [
            -6.818226,
            9.607445
          ],
          [
            -6.801310000000001,
            9.59965
          ],
          [
            -6.789122000000001,
            9.594234
          ],
          [
            -6.787747999999999,
            9.59381
          ],
          [
            -6.78586,
            9.593641
          ],
          [
            -6.783284999999999,
            9.594318
          ],
          [
            -6.78174,
            9.595164
          ],
          [
            -6.779938,
            9.596518
          ],
          [
            -6.773415,
            9.602442
          ],
          [
            -6.771956,
            9.60422
          ],
          [
            -6.769209,
            9.606758
          ],
          [
            -6.767406,
            9.607774
          ],
          [
            -6.766119,
            9.607943
          ],
          [
            -6.7626,
            9.607182
          ],
          [
            -6.760111,
            9.607689
          ],
          [
            -6.75848,
            9.607266
          ],
          [
            -6.754103,
            9.605658
          ],
          [
            -6.752900999999999,
            9.604981
          ],
          [
            -6.750755,
            9.604558
          ],
          [
            -6.748695,
            9.604389
          ],
          [
            -6.745348,
            9.603966
          ],
          [
            -6.743975,
            9.603543
          ],
          [
            -6.742258000000001,
            9.602696
          ],
          [
            -6.739941,
            9.601765
          ],
          [
            -6.736164,
            9.599227
          ],
          [
            -6.733932,
            9.598296
          ],
          [
            -6.730757,
            9.59728
          ],
          [
            -6.727324000000001,
            9.595249
          ],
          [
            -6.725006000000001,
            9.59381
          ],
          [
            -6.722946,
            9.592625
          ],
          [
            -6.721315,
            9.591864
          ],
          [
            -6.718912,
            9.59034
          ],
          [
            -6.715908,
            9.588986
          ],
          [
            -6.706724,
            9.583401
          ],
          [
            -6.702261,
            9.581708
          ],
          [
            -6.697283000000001,
            9.578576
          ],
          [
            -6.691532,
            9.574768
          ],
          [
            -6.686726,
            9.571806
          ],
          [
            -6.681318,
            9.569097
          ],
          [
            -6.678314,
            9.567066
          ],
          [
            -6.673336000000001,
            9.565627
          ],
          [
            -6.669645,
            9.56495
          ],
          [
            -6.666985000000001,
            9.564612
          ],
          [
            -6.66544,
            9.564104
          ],
          [
            -6.661490999999999,
            9.564188
          ],
          [
            -6.66029,
            9.56385
          ],
          [
            -6.658916,
            9.562834
          ],
          [
            -6.657543,
            9.56258
          ],
          [
            -6.652136000000001,
            9.561311
          ],
          [
            -6.650333,
            9.561057
          ],
          [
            -6.648617,
            9.560634
          ],
          [
            -6.646299,
            9.559872
          ],
          [
            -6.644411,
            9.55911
          ],
          [
            -6.642351,
            9.557671
          ],
          [
            -6.640720000000001,
            9.556063
          ],
          [
            -6.639090000000001,
            9.555471
          ],
          [
            -6.631708000000001,
            9.553016
          ],
          [
            -6.628962,
            9.552678
          ],
          [
            -6.626387,
            9.552847
          ],
          [
            -6.625099,
            9.552085
          ],
          [
            -6.616515999999999,
            9.547514
          ],
          [
            -6.614885000000001,
            9.546329
          ],
          [
            -6.614027,
            9.54489
          ],
          [
            -6.612482,
            9.543536
          ],
          [
            -6.610336,
            9.542267
          ],
          [
            -6.608105,
            9.541166
          ],
          [
            -6.606215999999999,
            9.540828
          ],
          [
            -6.604757000000001,
            9.540743
          ],
          [
            -6.598234,
            9.538288
          ],
          [
            -6.589222000000001,
            9.536849
          ],
          [
            -6.583903,
            9.536123
          ],
          [
            -6.577721,
            9.535326
          ],
          [
            -6.564932,
            9.533802
          ],
          [
            -6.561928,
            9.53431
          ],
          [
            -6.559095,
            9.534564
          ],
          [
            -6.556091,
            9.534056
          ],
          [
            -6.554117,
            9.533887
          ],
          [
            -6.548281,
            9.534056
          ],
          [
            -6.544847,
            9.534056
          ],
          [
            -6.542186999999999,
            9.533718
          ],
          [
            -6.533174000000001,
            9.533125
          ],
          [
            -6.530857,
            9.532532
          ],
          [
            -6.526994999999999,
            9.532278
          ],
          [
            -6.519184,
            9.532786
          ],
          [
            -6.518068,
            9.532617
          ],
          [
            -6.516352000000001,
            9.53194
          ],
          [
            -6.513862999999999,
            9.531178
          ],
          [
            -6.508541,
            9.528808
          ],
          [
            -6.504738,
            9.527387
          ],
          [
            -6.501836,
            9.526122
          ],
          [
            -6.497328,
            9.524636
          ],
          [
            -6.494873,
            9.523938
          ],
          [
            -6.489717,
            9.522354
          ],
          [
            -6.489009,
            9.522227
          ],
          [
            -6.487619999999999,
            9.522163
          ],
          [
            -6.481828,
            9.522976
          ],
          [
            -6.471193000000001,
            9.526599
          ],
          [
            -6.470123,
            9.526901
          ],
          [
            -6.468111,
            9.527245
          ],
          [
            -6.465647,
            9.527316
          ],
          [
            -6.463523000000001,
            9.527438
          ],
          [
            -6.456706,
            9.528369
          ],
          [
            -6.453772000000001,
            9.528626
          ],
          [
            -6.425314,
            9.5298
          ],
          [
            -6.422539,
            9.529756
          ],
          [
            -6.420563,
            9.529654
          ],
          [
            -6.396942,
            9.52737
          ],
          [
            -6.394283,
            9.526941
          ],
          [
            -6.37629,
            9.523166
          ],
          [
            -6.373602,
            9.522799
          ],
          [
            -6.371184999999999,
            9.522685
          ],
          [
            -6.369797,
            9.522718
          ],
          [
            -6.349568,
            9.5246
          ],
          [
            -6.34698,
            9.524663
          ],
          [
            -6.344898,
            9.524557
          ],
          [
            -6.340828,
            9.524237
          ],
          [
            -6.338509999999999,
            9.523729
          ],
          [
            -6.332932,
            9.522375
          ],
          [
            -6.325464,
            9.520851
          ],
          [
            -6.319113,
            9.519412
          ],
          [
            -6.315765,
            9.519412
          ],
          [
            -6.295766999999999,
            9.521444
          ],
          [
            -6.291819,
            9.521952
          ],
          [
            -6.288042,
            9.522629
          ],
          [
            -6.283579,
            9.522883
          ],
          [
            -6.279287,
            9.521952
          ],
          [
            -6.274738,
            9.520428
          ],
          [
            -6.273365,
            9.520174
          ],
          [
            -6.269331,
            9.520259
          ],
          [
            -6.263924,
            9.52102
          ],
          [
            -6.259975,
            9.521359
          ],
          [
            -6.24959,
            9.522883
          ],
          [
            -6.246672,
            9.523221
          ],
          [
            -6.241436,
            9.523729
          ],
          [
            -6.23826,
            9.523137
          ],
          [
            -6.235342,
            9.522206
          ],
          [
            -6.228304,
            9.519243
          ],
          [
            -6.223067999999999,
            9.516788
          ],
          [
            -6.219549000000001,
            9.515772
          ],
          [
            -6.216116,
            9.516111
          ],
          [
            -6.206932,
            9.519412
          ],
          [
            -6.201009999999999,
            9.521444
          ],
          [
            -6.197061000000001,
            9.522036
          ],
          [
            -6.190108999999999,
            9.520767
          ],
          [
            -6.185818,
            9.519497
          ],
          [
            -6.181784,
            9.517804
          ],
          [
            -6.175345999999999,
            9.51501
          ],
          [
            -6.163073,
            9.506884
          ],
          [
            -6.159983,
            9.505868
          ],
          [
            -6.152085999999999,
            9.504175
          ],
          [
            -6.140585,
            9.502059
          ],
          [
            -6.129769999999999,
            9.50172
          ],
          [
            -6.121101,
            9.502313
          ],
          [
            -6.108913,
            9.503582
          ],
          [
            -6.105480000000001,
            9.504937
          ],
          [
            -6.099386,
            9.506291
          ],
          [
            -6.075697,
            9.508154
          ],
          [
            -6.072263999999999,
            9.508831
          ],
          [
            -6.062479,
            9.510947
          ],
          [
            -6.041364999999999,
            9.51628
          ],
          [
            -6.038103,
            9.51755
          ],
          [
            -6.035957000000001,
            9.518481
          ],
          [
            -6.031923,
            9.521105
          ],
          [
            -6.030722000000001,
            9.521782
          ],
          [
            -6.024796,
            9.525931
          ],
          [
            -6.019306000000001,
            9.529147
          ],
          [
            -6.005144,
            9.538204
          ],
          [
            -6.002054000000001,
            9.539389
          ],
          [
            -5.99124,
            9.540828
          ],
          [
            -5.974503,
            9.54252
          ],
          [
            -5.971841999999999,
            9.543028
          ],
          [
            -5.967035000000001,
            9.544975
          ],
          [
            -5.962744,
            9.547176
          ],
          [
            -5.959053,
            9.549376
          ],
          [
            -5.95562,
            9.550731
          ],
          [
            -5.947466,
            9.55327
          ],
          [
            -5.943518,
            9.554032
          ],
          [
            -5.93708,
            9.55564
          ],
          [
            -5.933647000000001,
            9.556148
          ],
          [
            -5.928925999999999,
            9.556232
          ],
          [
            -5.921288000000001,
            9.555471
          ],
          [
            -5.916223999999999,
            9.554794
          ],
          [
            -5.913305,
            9.554624
          ],
          [
            -5.910644,
            9.554624
          ],
          [
            -5.894852,
            9.557925
          ],
          [
            -5.891762,
            9.558941
          ],
          [
            -5.888500000000001,
            9.559195
          ],
          [
            -5.881033,
            9.558348
          ],
          [
            -5.872020999999999,
            9.556486
          ],
          [
            -5.867815,
            9.555809
          ],
          [
            -5.863523,
            9.55454
          ],
          [
            -5.857943999999999,
            9.551493
          ],
          [
            -5.844984,
            9.54379
          ],
          [
            -5.843267,
            9.543028
          ],
          [
            -5.831766,
            9.532109
          ],
          [
            -5.825156999999999,
            9.525338
          ],
          [
            -5.822411,
            9.523137
          ],
          [
            -5.82078,
            9.521952
          ],
          [
            -5.820222,
            9.52178
          ],
          [
            -5.818525,
            9.52074
          ],
          [
            -5.816877,
            9.520234
          ],
          [
            -5.81335,
            9.51951
          ],
          [
            -5.810908999999999,
            9.51865
          ],
          [
            -5.804644,
            9.517973
          ],
          [
            -5.787048,
            9.517973
          ],
          [
            -5.785847,
            9.517719
          ],
          [
            -5.778379,
            9.513656
          ],
          [
            -5.775118,
            9.510947
          ],
          [
            -5.772371,
            9.508916
          ],
          [
            -5.769024,
            9.506799
          ],
          [
            -5.766792,
            9.505191
          ],
          [
            -5.764561,
            9.503752
          ],
          [
            -5.762329,
            9.503075
          ],
          [
            -5.758038,
            9.502313
          ],
          [
            -5.750484,
            9.50172
          ],
          [
            -5.746107,
            9.501889
          ],
          [
            -5.736065,
            9.501551
          ],
          [
            -5.731001,
            9.501889
          ],
          [
            -5.726513,
            9.503087
          ],
          [
            -5.72441,
            9.503743
          ],
          [
            -5.722638,
            9.504427
          ],
          [
            -5.719639,
            9.505326
          ],
          [
            -5.719096,
            9.50543
          ],
          [
            -5.717908,
            9.505568
          ],
          [
            -5.716599,
            9.505581
          ],
          [
            -5.715145,
            9.505423
          ],
          [
            -5.714318,
            9.505265
          ],
          [
            -5.713566,
            9.505051
          ],
          [
            -5.712486999999999,
            9.50466
          ],
          [
            -5.696533999999999,
            9.497944
          ],
          [
            -5.690492,
            9.495313
          ],
          [
            -5.683901000000001,
            9.492563
          ],
          [
            -5.681594,
            9.49147
          ],
          [
            -5.680893,
            9.491078
          ],
          [
            -5.678339,
            9.489493
          ],
          [
            -5.676814,
            9.488428
          ],
          [
            -5.673809,
            9.485895
          ],
          [
            -5.664592,
            9.476757
          ],
          [
            -5.662107000000001,
            9.474355
          ],
          [
            -5.66174,
            9.473941
          ],
          [
            -5.66174,
            9.473941
          ],
          [
            -5.660485,
            9.47439
          ],
          [
            -5.654289999999999,
            9.47637
          ],
          [
            -5.648101,
            9.478318
          ],
          [
            -5.6463,
            9.478805
          ],
          [
            -5.644866,
            9.479095
          ],
          [
            -5.642655000000001,
            9.479411
          ],
          [
            -5.641348000000001,
            9.479542
          ],
          [
            -5.639137,
            9.479552
          ],
          [
            -5.638193,
            9.479504
          ],
          [
            -5.631931,
            9.478896
          ],
          [
            -5.618971,
            9.477611
          ],
          [
            -5.618065,
            9.477482
          ],
          [
            -5.61754,
            9.477366
          ],
          [
            -5.616303,
            9.476964
          ],
          [
            -5.615638,
            9.47669
          ],
          [
            -5.614401,
            9.475993
          ],
          [
            -5.613506,
            9.475321
          ],
          [
            -5.612528,
            9.474344
          ],
          [
            -5.612303,
            9.473991
          ],
          [
            -5.6123,
            9.473623
          ],
          [
            -5.6123,
            9.473623
          ],
          [
            -5.610874,
            9.47459
          ],
          [
            -5.60885,
            9.475558
          ],
          [
            -5.606914,
            9.476106
          ],
          [
            -5.605134,
            9.476359
          ],
          [
            -5.604299,
            9.476405
          ],
          [
            -5.602269,
            9.476312
          ],
          [
            -5.593565,
            9.476178
          ],
          [
            -5.592455,
            9.476211
          ],
          [
            -5.589061,
            9.476421
          ],
          [
            -5.586549,
            9.476865
          ],
          [
            -5.585529,
            9.477132
          ],
          [
            -5.583206,
            9.477859
          ],
          [
            -5.580767,
            9.478886
          ],
          [
            -5.567611,
            9.485082
          ],
          [
            -5.559167,
            9.489274
          ],
          [
            -5.554597,
            9.491222
          ],
          [
            -5.551148,
            9.49286
          ],
          [
            -5.54827,
            9.494132
          ],
          [
            -5.543201,
            9.496111
          ],
          [
            -5.527907,
            9.501447
          ],
          [
            -5.525415,
            9.502162
          ],
          [
            -5.523655,
            9.502558
          ],
          [
            -5.521418,
            9.502896
          ],
          [
            -5.519391,
            9.503103
          ],
          [
            -5.510979,
            9.50355
          ],
          [
            -5.509322,
            9.5037
          ],
          [
            -5.507098,
            9.504002
          ],
          [
            -5.485174,
            9.508321
          ],
          [
            -5.482777,
            9.50894
          ],
          [
            -5.480862,
            9.509597
          ],
          [
            -5.479377,
            9.510179
          ],
          [
            -5.477572,
            9.511032
          ],
          [
            -5.47579,
            9.512016
          ],
          [
            -5.466285,
            9.517862
          ],
          [
            -5.46562,
            9.518207
          ],
          [
            -5.464521,
            9.51862
          ],
          [
            -5.463365,
            9.518889
          ],
          [
            -5.461817,
            9.519022
          ],
          [
            -5.460661,
            9.518946
          ],
          [
            -5.457807,
            9.518409
          ],
          [
            -5.456819,
            9.518315
          ],
          [
            -5.455664,
            9.51835
          ],
          [
            -5.454996,
            9.518436
          ],
          [
            -5.453937,
            9.518676
          ],
          [
            -5.449196,
            9.520183
          ],
          [
            -5.444887,
            9.521619
          ],
          [
            -5.444319,
            9.521881
          ],
          [
            -5.443517,
            9.522312
          ],
          [
            -5.442471,
            9.523045
          ],
          [
            -5.441656,
            9.523759
          ],
          [
            -5.440768,
            9.52477
          ],
          [
            -5.424525,
            9.548419
          ],
          [
            -5.423296,
            9.549995
          ],
          [
            -5.421762,
            9.551787
          ],
          [
            -5.420548,
            9.553092
          ],
          [
            -5.419275,
            9.554362
          ],
          [
            -5.408043,
            9.565228
          ],
          [
            -5.402237,
            9.570772
          ],
          [
            -5.400297,
            9.573033
          ],
          [
            -5.397634,
            9.575191
          ],
          [
            -5.393086,
            9.578238
          ],
          [
            -5.384588,
            9.58247
          ],
          [
            -5.370426,
            9.588394
          ],
          [
            -5.363989,
            9.591525
          ],
          [
            -5.359697,
            9.593218
          ],
          [
            -5.356865,
            9.59398
          ],
          [
            -5.353518,
            9.594995
          ],
          [
            -5.349913,
            9.596434
          ],
          [
            -5.343475,
            9.600158
          ],
          [
            -5.34133,
            9.601173
          ],
          [
            -5.332232,
            9.602442
          ],
          [
            -5.329657,
            9.602866
          ],
          [
            -5.315065,
            9.604897
          ],
          [
            -5.306997,
            9.605574
          ],
          [
            -5.281935,
            9.605912
          ],
          [
            -5.278587,
            9.605912
          ],
          [
            -5.276699,
            9.605235
          ],
          [
            -5.271292,
            9.602696
          ],
          [
            -5.262794,
            9.599142
          ],
          [
            -5.259447,
            9.598296
          ],
          [
            -5.253954,
            9.598126
          ],
          [
            -5.24873,
            9.598107
          ],
          [
            -5.246961,
            9.598222
          ],
          [
            -5.240618,
            9.59817
          ],
          [
            -5.237762,
            9.598028
          ],
          [
            -5.235645,
            9.597715
          ],
          [
            -5.234484,
            9.597486
          ],
          [
            -5.233389,
            9.597208
          ],
          [
            -5.226534,
            9.594994
          ],
          [
            -5.224692,
            9.59459
          ],
          [
            -5.222846,
            9.594279
          ],
          [
            -5.221356,
            9.594106
          ],
          [
            -5.217571,
            9.593883
          ],
          [
            -5.210447,
            9.593733
          ],
          [
            -5.20793,
            9.59354
          ],
          [
            -5.200212,
            9.592567
          ],
          [
            -5.200212,
            9.592567
          ],
          [
            -5.199329,
            9.594212
          ],
          [
            -5.199329,
            9.594212
          ],
          [
            -5.197732,
            9.593662
          ]
        ]
      },
      "properties": {
        "name": "Route",
        "folder": "FO EARTH",
        "stroke-width": 5,
        "stroke": "#FF0000"
      }
    },
    {
      "type": "Feature",
      "geometry": {
        "type": "LineString",
        "coordinates": [
          [
            -5.030578,
            7.687998
          ],
          [
            -5.03194,
            7.686884
          ],
          [
            -5.03194,
            7.686884
          ],
          [
            -5.032477,
            7.68728
          ],
          [
            -5.032477,
            7.68728
          ],
          [
            -5.03388,
            7.686159
          ],
          [
            -5.034916,
            7.685238999999999
          ],
          [
            -5.036806,
            7.683773999999999
          ],
          [
            -5.03689,
            7.683634
          ],
          [
            -5.037074,
            7.682979
          ],
          [
            -5.037074,
            7.682979
          ],
          [
            -5.048006,
            7.685176
          ],
          [
            -5.058412,
            7.687174000000001
          ],
          [
            -5.059364,
            7.687247
          ],
          [
            -5.060418,
            7.687198
          ],
          [
            -5.061498,
            7.687015999999999
          ],
          [
            -5.062801,
            7.686613
          ],
          [
            -5.063971,
            7.68609
          ],
          [
            -5.068665,
            7.683804000000001
          ],
          [
            -5.071719,
            7.682405000000001
          ],
          [
            -5.072473,
            7.682134999999999
          ],
          [
            -5.077068,
            7.68082
          ],
          [
            -5.078725,
            7.68043
          ],
          [
            -5.080109,
            7.680246
          ],
          [
            -5.081997,
            7.680291
          ],
          [
            -5.081997,
            7.680291
          ],
          [
            -5.082762,
            7.682572
          ],
          [
            -5.082985,
            7.683341
          ],
          [
            -5.083146,
            7.684152
          ],
          [
            -5.083257,
            7.685169
          ],
          [
            -5.083578,
            7.690342
          ],
          [
            -5.083588,
            7.69164
          ],
          [
            -5.0835,
            7.692463
          ],
          [
            -5.083001,
            7.694689
          ],
          [
            -5.081703,
            7.697432
          ],
          [
            -5.081233,
            7.698093
          ],
          [
            -5.079405,
            7.701169
          ],
          [
            -5.078827,
            7.702265000000001
          ],
          [
            -5.078586,
            7.703339
          ],
          [
            -5.07897,
            7.705176
          ],
          [
            -5.080877,
            7.709707000000001
          ],
          [
            -5.08203,
            7.712256000000001
          ],
          [
            -5.082654,
            7.716330999999999
          ],
          [
            -5.084072,
            7.722073
          ],
          [
            -5.085583,
            7.729119
          ],
          [
            -5.089954,
            7.739973
          ],
          [
            -5.091541,
            7.743216
          ],
          [
            -5.093031,
            7.744836
          ],
          [
            -5.101252,
            7.750728
          ],
          [
            -5.113997,
            7.759339000000001
          ],
          [
            -5.119648,
            7.763247
          ],
          [
            -5.123907,
            7.765378
          ],
          [
            -5.129344,
            7.768286
          ],
          [
            -5.132881,
            7.769786999999999
          ],
          [
            -5.13762,
            7.770145
          ],
          [
            -5.141734,
            7.770693
          ],
          [
            -5.14402,
            7.771408
          ],
          [
            -5.151814,
            7.774459
          ],
          [
            -5.158208,
            7.777143
          ],
          [
            -5.178014,
            7.785834
          ],
          [
            -5.185803,
            7.791656
          ],
          [
            -5.191675,
            7.795962
          ],
          [
            -5.198102,
            7.801877999999999
          ],
          [
            -5.207196,
            7.811984000000001
          ],
          [
            -5.211334,
            7.815034999999999
          ],
          [
            -5.213692,
            7.817228
          ],
          [
            -5.215424,
            7.819611
          ],
          [
            -5.21706,
            7.823662999999999
          ],
          [
            -5.22039,
            7.828129
          ],
          [
            -5.224665,
            7.832521
          ],
          [
            -5.228225,
            7.834857000000001
          ],
          [
            -5.236159,
            7.837758
          ],
          [
            -5.236159,
            7.837758
          ],
          [
            -5.236182,
            7.838543
          ],
          [
            -5.234928,
            7.840548
          ],
          [
            -5.231694,
            7.843685
          ],
          [
            -5.228544,
            7.844328000000001
          ],
          [
            -5.223381,
            7.845132
          ],
          [
            -5.221488,
            7.845318999999999
          ],
          [
            -5.219406,
            7.846872
          ],
          [
            -5.217649,
            7.849015
          ],
          [
            -5.216487,
            7.850957
          ],
          [
            -5.214581,
            7.854718999999999
          ],
          [
            -5.213905,
            7.855642999999999
          ],
          [
            -5.21377,
            7.856058
          ],
          [
            -5.212553,
            7.863102
          ],
          [
            -5.212215,
            7.864535
          ],
          [
            -5.212121,
            7.866369
          ],
          [
            -5.211445,
            7.868177
          ],
          [
            -5.210039,
            7.870265999999999
          ],
          [
            -5.208457,
            7.871578
          ],
          [
            -5.207552,
            7.872194
          ],
          [
            -5.207187,
            7.87368
          ],
          [
            -5.205821,
            7.874577
          ],
          [
            -5.204578,
            7.875193
          ],
          [
            -5.203429,
            7.877456
          ],
          [
            -5.202983,
            7.87925
          ],
          [
            -5.201915,
            7.881633999999999
          ],
          [
            -5.200928,
            7.883066000000001
          ],
          [
            -5.199658,
            7.88557
          ],
          [
            -5.197305,
            7.889360000000001
          ],
          [
            -5.196629,
            7.890645000000001
          ],
          [
            -5.196481,
            7.892560000000001
          ],
          [
            -5.197022,
            7.893389999999999
          ],
          [
            -5.199049,
            7.895197
          ],
          [
            -5.20055,
            7.897246
          ],
          [
            -5.20128,
            7.899335
          ],
          [
            -5.201753,
            7.902976
          ],
          [
            -5.203037,
            7.906953
          ],
          [
            -5.204456,
            7.910648
          ],
          [
            -5.206335,
            7.917169
          ],
          [
            -5.206849,
            7.921145000000001
          ],
          [
            -5.206781,
            7.921882
          ],
          [
            -5.206146,
            7.924117000000001
          ],
          [
            -5.205713,
            7.924867
          ],
          [
            -5.205024,
            7.926527
          ],
          [
            -5.204051,
            7.928668999999999
          ],
          [
            -5.202104,
            7.932231000000001
          ],
          [
            -5.201861,
            7.933275
          ],
          [
            -5.202604,
            7.937331
          ],
          [
            -5.20255,
            7.9378
          ],
          [
            -5.201144,
            7.938469999999999
          ],
          [
            -5.195454,
            7.941507999999999
          ],
          [
            -5.19225,
            7.942298
          ],
          [
            -5.19125,
            7.942593
          ],
          [
            -5.189006,
            7.942593
          ],
          [
            -5.187113,
            7.94274
          ],
          [
            -5.184667,
            7.943584
          ],
          [
            -5.182896,
            7.9444
          ],
          [
            -5.181936,
            7.944909000000001
          ],
          [
            -5.18049,
            7.946809999999999
          ],
          [
            -5.178192,
            7.948376
          ],
          [
            -5.17588,
            7.950559
          ],
          [
            -5.174136,
            7.951456
          ],
          [
            -5.173312,
            7.951603
          ],
          [
            -5.169867,
            7.953090000000001
          ],
          [
            -5.168378,
            7.953437
          ],
          [
            -5.165242,
            7.954883
          ],
          [
            -5.163755,
            7.955338
          ],
          [
            -5.162146,
            7.956315
          ],
          [
            -5.158429,
            7.958966
          ],
          [
            -5.157402,
            7.959903
          ],
          [
            -5.156476,
            7.962254999999999
          ],
          [
            -5.156476,
            7.962254999999999
          ],
          [
            -5.155475,
            7.961346
          ],
          [
            -5.153394,
            7.96175
          ],
          [
            -5.151184,
            7.961941
          ],
          [
            -5.14672,
            7.963068
          ],
          [
            -5.144081,
            7.964088
          ],
          [
            -5.140819,
            7.966169999999999
          ],
          [
            -5.137043,
            7.967828
          ],
          [
            -5.130949,
            7.969825
          ],
          [
            -5.129468,
            7.970463
          ],
          [
            -5.128589,
            7.971143000000001
          ],
          [
            -5.126743,
            7.97297
          ],
          [
            -5.122516,
            7.975754
          ],
          [
            -5.117731,
            7.979302999999999
          ],
          [
            -5.113954,
            7.982703
          ],
          [
            -5.111079,
            7.984955
          ],
          [
            -5.107925,
            7.986846000000001
          ],
          [
            -5.10608,
            7.988653
          ],
          [
            -5.105007,
            7.990331
          ],
          [
            -5.104534,
            7.991224
          ],
          [
            -5.102196,
            7.992223
          ],
          [
            -5.097496,
            7.994984999999999
          ],
          [
            -5.094449,
            7.996621000000001
          ],
          [
            -5.09299,
            7.997492
          ],
          [
            -5.09078,
            7.998597
          ],
          [
            -5.088613,
            8.000488
          ],
          [
            -5.087347,
            8.002082
          ],
          [
            -5.085974,
            8.003293
          ],
          [
            -5.08533,
            8.004143
          ],
          [
            -5.084772,
            8.0051
          ],
          [
            -5.084772,
            8.0051
          ],
          [
            -5.085065,
            8.005386
          ],
          [
            -5.086256,
            8.007012
          ],
          [
            -5.086577,
            8.008255
          ],
          [
            -5.087232,
            8.010284
          ],
          [
            -5.087479,
            8.010666
          ],
          [
            -5.09167,
            8.01394
          ],
          [
            -5.092769,
            8.015332
          ],
          [
            -5.093672,
            8.017001
          ],
          [
            -5.097199,
            8.024041
          ],
          [
            -5.099459,
            8.028769
          ],
          [
            -5.09999,
            8.030283
          ],
          [
            -5.100178,
            8.031494
          ],
          [
            -5.100242,
            8.032344
          ],
          [
            -5.099608,
            8.04983
          ],
          [
            -5.094641,
            8.066527
          ],
          [
            -5.094079,
            8.068115
          ],
          [
            -5.090664,
            8.073224
          ],
          [
            -5.085598,
            8.080188
          ],
          [
            -5.085189,
            8.08093
          ],
          [
            -5.084652,
            8.083072
          ],
          [
            -5.084567,
            8.08394
          ],
          [
            -5.084797,
            8.084775
          ],
          [
            -5.086553,
            8.08936
          ],
          [
            -5.08792,
            8.091577
          ],
          [
            -5.089372,
            8.095269
          ],
          [
            -5.08941,
            8.095729
          ],
          [
            -5.088629,
            8.099458
          ],
          [
            -5.088629,
            8.099458
          ],
          [
            -5.08929,
            8.100728
          ],
          [
            -5.089631,
            8.10153
          ],
          [
            -5.090096,
            8.103017
          ],
          [
            -5.090096,
            8.103017
          ],
          [
            -5.089749,
            8.10328
          ],
          [
            -5.08881,
            8.104382
          ],
          [
            -5.086563,
            8.107372
          ],
          [
            -5.086235,
            8.10785
          ],
          [
            -5.085951,
            8.10845
          ],
          [
            -5.085023,
            8.114398
          ],
          [
            -5.08498,
            8.114966
          ],
          [
            -5.084868,
            8.115184
          ],
          [
            -5.084862,
            8.116044
          ],
          [
            -5.084374,
            8.117324
          ],
          [
            -5.08365,
            8.119618
          ],
          [
            -5.083392,
            8.120181
          ],
          [
            -5.083162,
            8.120935
          ],
          [
            -5.081517,
            8.125398
          ],
          [
            -5.08211,
            8.126915
          ],
          [
            -5.082866,
            8.128657
          ],
          [
            -5.082952,
            8.128811
          ],
          [
            -5.083486,
            8.1294
          ],
          [
            -5.083709,
            8.134188
          ],
          [
            -5.086491,
            8.134422
          ],
          [
            -5.086491,
            8.134422
          ],
          [
            -5.086123,
            8.139276
          ],
          [
            -5.086241,
            8.142441
          ],
          [
            -5.086241,
            8.142441
          ],
          [
            -5.082403,
            8.143473
          ],
          [
            -5.080006,
            8.14401
          ],
          [
            -5.075812,
            8.14516
          ],
          [
            -5.072143,
            8.146076
          ],
          [
            -5.072143,
            8.146076
          ],
          [
            -5.073541,
            8.147704
          ],
          [
            -5.074226,
            8.148109
          ],
          [
            -5.074886,
            8.148391
          ],
          [
            -5.075282,
            8.14872
          ],
          [
            -5.076393,
            8.149133
          ],
          [
            -5.078709,
            8.150434
          ],
          [
            -5.079637,
            8.150479
          ],
          [
            -5.080489,
            8.150448
          ],
          [
            -5.08126,
            8.150502
          ],
          [
            -5.082623,
            8.150738
          ],
          [
            -5.083254,
            8.150717
          ],
          [
            -5.084069,
            8.150778
          ],
          [
            -5.084587,
            8.150876
          ],
          [
            -5.085129,
            8.150857
          ],
          [
            -5.085483,
            8.150958
          ],
          [
            -5.086918,
            8.151168
          ],
          [
            -5.088194,
            8.151441
          ],
          [
            -5.088612,
            8.151596
          ],
          [
            -5.099105,
            8.152753
          ],
          [
            -5.09956,
            8.152868
          ],
          [
            -5.09956,
            8.152868
          ],
          [
            -5.099278,
            8.153865
          ],
          [
            -5.099125,
            8.154675
          ],
          [
            -5.098563,
            8.156685
          ],
          [
            -5.098282,
            8.159247
          ],
          [
            -5.098018,
            8.160923
          ],
          [
            -5.098012,
            8.161672
          ],
          [
            -5.098086,
            8.162321
          ],
          [
            -5.098505,
            8.165064
          ],
          [
            -5.09897,
            8.168891
          ],
          [
            -5.099147,
            8.169581
          ],
          [
            -5.099174,
            8.170173
          ],
          [
            -5.099036,
            8.171257
          ],
          [
            -5.098826,
            8.17508
          ],
          [
            -5.098708,
            8.178951
          ],
          [
            -5.098725,
            8.179406
          ],
          [
            -5.099039,
            8.180984
          ],
          [
            -5.099475,
            8.182272
          ],
          [
            -5.100063,
            8.183239
          ],
          [
            -5.103669,
            8.188015
          ],
          [
            -5.109277,
            8.193814
          ],
          [
            -5.112734,
            8.197486
          ],
          [
            -5.113317,
            8.19804
          ],
          [
            -5.113317,
            8.19804
          ],
          [
            -5.114096,
            8.199387
          ],
          [
            -5.114585,
            8.200107
          ],
          [
            -5.114585,
            8.200107
          ],
          [
            -5.114647,
            8.200427
          ],
          [
            -5.115218,
            8.2013
          ],
          [
            -5.115769,
            8.202414
          ],
          [
            -5.116262,
            8.203053
          ],
          [
            -5.116691,
            8.203936
          ],
          [
            -5.120672,
            8.212783
          ],
          [
            -5.122501,
            8.21672
          ],
          [
            -5.122747,
            8.217599
          ],
          [
            -5.122902,
            8.218664
          ],
          [
            -5.123382,
            8.220771
          ],
          [
            -5.123484,
            8.221026
          ],
          [
            -5.123436,
            8.221347
          ],
          [
            -5.124214,
            8.2254
          ],
          [
            -5.124335,
            8.226464
          ],
          [
            -5.124281,
            8.226959
          ],
          [
            -5.124112,
            8.231581
          ],
          [
            -5.124477,
            8.232624
          ],
          [
            -5.124545,
            8.2331
          ],
          [
            -5.124205,
            8.234213
          ],
          [
            -5.124146,
            8.234681
          ],
          [
            -5.124073,
            8.237487
          ],
          [
            -5.124515,
            8.239339
          ],
          [
            -5.125015,
            8.242322
          ],
          [
            -5.125671,
            8.245774
          ],
          [
            -5.126171,
            8.248295
          ],
          [
            -5.1263,
            8.248683
          ],
          [
            -5.130666,
            8.256396
          ],
          [
            -5.13343,
            8.260248
          ],
          [
            -5.1337,
            8.260716
          ],
          [
            -5.134221,
            8.261325
          ],
          [
            -5.139188,
            8.269371
          ],
          [
            -5.146826,
            8.276943
          ],
          [
            -5.15399,
            8.284353
          ],
          [
            -5.156565,
            8.285537
          ],
          [
            -5.15689,
            8.285711
          ],
          [
            -5.157038,
            8.285878
          ],
          [
            -5.15869,
            8.289935
          ],
          [
            -5.158754,
            8.290436
          ],
          [
            -5.158746,
            8.291157
          ],
          [
            -5.159139,
            8.291856
          ],
          [
            -5.159386,
            8.292758
          ],
          [
            -5.15974,
            8.29348
          ],
          [
            -5.160423,
            8.295978
          ],
          [
            -5.160423,
            8.295978
          ],
          [
            -5.160455,
            8.296439
          ],
          [
            -5.160543,
            8.2969
          ],
          [
            -5.160671,
            8.297235
          ],
          [
            -5.160746,
            8.297736
          ],
          [
            -5.160759,
            8.298445
          ],
          [
            -5.160705,
            8.299422
          ],
          [
            -5.160232,
            8.301682
          ],
          [
            -5.160327,
            8.303205
          ],
          [
            -5.160258,
            8.303971
          ],
          [
            -5.160165,
            8.308597
          ],
          [
            -5.159838,
            8.315908
          ],
          [
            -5.159889,
            8.317003
          ],
          [
            -5.160127,
            8.31766
          ],
          [
            -5.162478,
            8.326103
          ],
          [
            -5.164249,
            8.333147
          ],
          [
            -5.166104,
            8.341427
          ],
          [
            -5.166684,
            8.343932
          ],
          [
            -5.16692,
            8.344696
          ],
          [
            -5.166639,
            8.34855
          ],
          [
            -5.166639,
            8.34855
          ],
          [
            -5.169754,
            8.353587
          ],
          [
            -5.170252,
            8.356422
          ],
          [
            -5.174212,
            8.36349
          ],
          [
            -5.174965,
            8.36452
          ],
          [
            -5.176906,
            8.365928
          ],
          [
            -5.179449,
            8.366773
          ],
          [
            -5.186319,
            8.366325
          ],
          [
            -5.188372,
            8.366054
          ],
          [
            -5.188372,
            8.366054
          ],
          [
            -5.192413,
            8.375071
          ],
          [
            -5.197821,
            8.386705
          ],
          [
            -5.204344,
            8.397573
          ],
          [
            -5.205374,
            8.401309
          ],
          [
            -5.205545,
            8.404876
          ],
          [
            -5.205717,
            8.41014
          ],
          [
            -5.205288,
            8.418885
          ],
          [
            -5.20546,
            8.433574
          ],
          [
            -5.20546,
            8.443847
          ],
          [
            -5.205545,
            8.446394
          ],
          [
            -5.20546,
            8.451416
          ],
          [
            -5.205671,
            8.453615
          ],
          [
            -5.206014,
            8.455883
          ],
          [
            -5.206119,
            8.45868
          ],
          [
            -5.206127,
            8.465751
          ],
          [
            -5.206318,
            8.469231
          ],
          [
            -5.20649,
            8.480098
          ],
          [
            -5.207262,
            8.493935
          ],
          [
            -5.207262,
            8.505734
          ],
          [
            -5.207434,
            8.511676
          ],
          [
            -5.208034,
            8.516175
          ],
          [
            -5.208721,
            8.51957
          ],
          [
            -5.210867,
            8.525767
          ],
          [
            -5.216532,
            8.539433
          ],
          [
            -5.222712,
            8.555474
          ],
          [
            -5.224085,
            8.560822
          ],
          [
            -5.22932,
            8.574571
          ],
          [
            -5.233698,
            8.587217
          ],
          [
            -5.237818,
            8.598419
          ],
          [
            -5.239706,
            8.603256
          ],
          [
            -5.244598,
            8.612252
          ],
          [
            -5.249319,
            8.620144
          ],
          [
            -5.253954,
            8.628291
          ],
          [
            -5.257645,
            8.634443
          ],
          [
            -5.263138,
            8.643438
          ],
          [
            -5.269146,
            8.654893
          ],
          [
            -5.274982,
            8.665245
          ],
          [
            -5.278063,
            8.669992
          ],
          [
            -5.278063,
            8.669992
          ],
          [
            -5.276699,
            8.671736
          ],
          [
            -5.274982,
            8.673518
          ],
          [
            -5.272837,
            8.676403
          ],
          [
            -5.270433,
            8.679288
          ],
          [
            -5.268888,
            8.681324
          ],
          [
            -5.267773,
            8.682597
          ],
          [
            -5.265799,
            8.683021
          ],
          [
            -5.264286,
            8.684514
          ],
          [
            -5.26288,
            8.68616
          ],
          [
            -5.259104,
            8.692015
          ],
          [
            -5.257645,
            8.693542
          ],
          [
            -5.255842,
            8.695663
          ],
          [
            -5.252066,
            8.701602
          ],
          [
            -5.246916,
            8.710086
          ],
          [
            -5.244513,
            8.714159
          ],
          [
            -5.243225,
            8.717637
          ],
          [
            -5.243139,
            8.720776
          ],
          [
            -5.243397,
            8.723576
          ],
          [
            -5.243912,
            8.727224
          ],
          [
            -5.243998,
            8.729769
          ],
          [
            -5.243568,
            8.734095
          ],
          [
            -5.243311,
            8.737658
          ],
          [
            -5.243654,
            8.740967
          ],
          [
            -5.243311,
            8.743342
          ],
          [
            -5.241938,
            8.747499
          ],
          [
            -5.240221,
            8.75191
          ],
          [
            -5.238161,
            8.755049
          ],
          [
            -5.236874,
            8.75717
          ],
          [
            -5.235157,
            8.761666
          ],
          [
            -5.234728,
            8.76455
          ],
          [
            -5.233011,
            8.772863
          ],
          [
            -5.233526,
            8.776426
          ],
          [
            -5.234041,
            8.780752
          ],
          [
            -5.234384,
            8.784739
          ],
          [
            -5.233955,
            8.787114
          ],
          [
            -5.232754,
            8.789404
          ],
          [
            -5.229235,
            8.794154
          ],
          [
            -5.227175,
            8.796444
          ],
          [
            -5.224256,
            8.799074
          ],
          [
            -5.222111,
            8.801873
          ],
          [
            -5.220995,
            8.804332
          ],
          [
            -5.219708,
            8.806453
          ],
          [
            -5.216446,
            8.810524
          ],
          [
            -5.214815,
            8.812899
          ],
          [
            -5.212806,
            8.81543
          ],
          [
            -5.21155,
            8.817664
          ],
          [
            -5.210394,
            8.819283
          ],
          [
            -5.207913,
            8.82138
          ],
          [
            -5.200998,
            8.825888
          ],
          [
            -5.199941,
            8.826651
          ],
          [
            -5.199512,
            8.827176
          ],
          [
            -5.198891,
            8.828376
          ],
          [
            -5.19748,
            8.832114
          ],
          [
            -5.197052,
            8.832813
          ],
          [
            -5.195654,
            8.833661
          ],
          [
            -5.193186,
            8.835375
          ],
          [
            -5.190697,
            8.837241
          ],
          [
            -5.188808,
            8.839446
          ],
          [
            -5.186834,
            8.842245
          ],
          [
            -5.18589,
            8.844959
          ],
          [
            -5.185804,
            8.847418
          ],
          [
            -5.186234,
            8.849708
          ],
          [
            -5.187092,
            8.851828
          ],
          [
            -5.18795,
            8.854457
          ],
          [
            -5.189409,
            8.85751
          ],
          [
            -5.19001,
            8.859546
          ],
          [
            -5.189238,
            8.861836
          ],
          [
            -5.188208,
            8.864464
          ],
          [
            -5.184259,
            8.872097
          ],
          [
            -5.183144,
            8.875235
          ],
          [
            -5.182972,
            8.876931
          ],
          [
            -5.18074,
            8.881425
          ],
          [
            -5.177994,
            8.885411
          ],
          [
            -5.174818,
            8.891771
          ],
          [
            -5.168123,
            8.901947
          ],
          [
            -5.165205,
            8.905762
          ],
          [
            -5.164089,
            8.907713
          ],
          [
            -5.163918,
            8.910257
          ],
          [
            -5.164776,
            8.914327
          ],
          [
            -5.165634,
            8.917464
          ],
          [
            -5.167694,
            8.919838
          ],
          [
            -5.169754,
            8.922043
          ],
          [
            -5.172501,
            8.923654
          ],
          [
            -5.176363,
            8.926282
          ],
          [
            -5.178938,
            8.928233
          ],
          [
            -5.181427,
            8.929589
          ],
          [
            -5.182714,
            8.931879
          ],
          [
            -5.184517,
            8.936542
          ],
          [
            -5.189066,
            8.949345
          ],
          [
            -5.191812,
            8.958756
          ],
          [
            -5.194645,
            8.961554
          ],
          [
            -5.196362,
            8.963673
          ],
          [
            -5.197649,
            8.975882
          ],
          [
            -5.19825,
            8.980545
          ],
          [
            -5.199537,
            8.984021
          ],
          [
            -5.20031,
            8.986649
          ],
          [
            -5.199108,
            8.991651
          ],
          [
            -5.198765,
            8.99394
          ],
          [
            -5.19928,
            8.996992
          ],
          [
            -5.199623,
            9.007419
          ],
          [
            -5.19928,
            9.010725
          ],
          [
            -5.197649,
            9.013268
          ],
          [
            -5.196705,
            9.015133
          ],
          [
            -5.194902,
            9.017506
          ],
          [
            -5.193701,
            9.019795
          ],
          [
            -5.191898,
            9.022762
          ],
          [
            -5.19001,
            9.025475
          ],
          [
            -5.187521,
            9.028442
          ],
          [
            -5.18589,
            9.031239
          ],
          [
            -5.185284,
            9.032622
          ],
          [
            -5.184753,
            9.034458
          ],
          [
            -5.183601,
            9.037392
          ],
          [
            -5.182668,
            9.039168
          ],
          [
            -5.178956,
            9.047257
          ],
          [
            -5.177625,
            9.049911
          ],
          [
            -5.17548,
            9.053271
          ],
          [
            -5.173022,
            9.056558
          ],
          [
            -5.171956,
            9.057811
          ],
          [
            -5.168172,
            9.062828
          ],
          [
            -5.165455,
            9.066022
          ],
          [
            -5.162208,
            9.069648
          ],
          [
            -5.161714,
            9.070677
          ],
          [
            -5.161672,
            9.071016
          ],
          [
            -5.161678,
            9.073083
          ],
          [
            -5.161285,
            9.075098
          ],
          [
            -5.16025,
            9.077429
          ],
          [
            -5.159869,
            9.077983
          ],
          [
            -5.158338,
            9.081417
          ],
          [
            -5.157309,
            9.084129
          ],
          [
            -5.156364,
            9.08718
          ],
          [
            -5.155334,
            9.092266
          ],
          [
            -5.15439,
            9.098622
          ],
          [
            -5.153618,
            9.103114
          ],
          [
            -5.15336,
            9.10591
          ],
          [
            -5.153532,
            9.108961
          ],
          [
            -5.154476,
            9.111758
          ],
          [
            -5.156622,
            9.115063
          ],
          [
            -5.158253,
            9.11786
          ],
          [
            -5.159368,
            9.12108
          ],
          [
            -5.162544,
            9.127267
          ],
          [
            -5.164604,
            9.131504
          ],
          [
            -5.165634,
            9.134893
          ],
          [
            -5.166235,
            9.139893
          ],
          [
            -5.166407,
            9.142096
          ],
          [
            -5.167694,
            9.150994
          ],
          [
            -5.168381,
            9.157265
          ],
          [
            -5.168037,
            9.160824
          ],
          [
            -5.164175,
            9.172009
          ],
          [
            -5.162544,
            9.175652
          ],
          [
            -5.162287,
            9.178787
          ],
          [
            -5.163145,
            9.183786
          ],
          [
            -5.164518,
            9.187091
          ],
          [
            -5.166578,
            9.190395
          ],
          [
            -5.168123,
            9.194716
          ],
          [
            -5.168638,
            9.199885
          ],
          [
            -5.169325,
            9.209713
          ],
          [
            -5.170526,
            9.222167
          ],
          [
            -5.1719,
            9.226149
          ],
          [
            -5.172758,
            9.228436
          ],
          [
            -5.176277,
            9.23496
          ],
          [
            -5.180311,
            9.241907
          ],
          [
            -5.184259,
            9.249192
          ],
          [
            -5.18898,
            9.259358
          ],
          [
            -5.191298,
            9.265796
          ],
          [
            -5.192413,
            9.270201
          ],
          [
            -5.195096,
            9.281777
          ],
          [
            -5.195996,
            9.28813
          ],
          [
            -5.196215,
            9.289039
          ],
          [
            -5.197383,
            9.293017
          ],
          [
            -5.198352,
            9.295706
          ],
          [
            -5.199709,
            9.300526
          ],
          [
            -5.202456,
            9.309419
          ],
          [
            -5.202885,
            9.311452
          ],
          [
            -5.20606,
            9.320176
          ],
          [
            -5.206833,
            9.323733
          ],
          [
            -5.206404,
            9.325935
          ],
          [
            -5.202627,
            9.336607
          ],
          [
            -5.200911,
            9.342281
          ],
          [
            -5.199966,
            9.348464
          ],
          [
            -5.200911,
            9.352444
          ],
          [
            -5.210609,
            9.362268
          ],
          [
            -5.220137,
            9.372515
          ],
          [
            -5.230694,
            9.38581
          ],
          [
            -5.232496,
            9.393178
          ],
          [
            -5.233097,
            9.396734
          ],
          [
            -5.232582,
            9.405879
          ],
          [
            -5.232582,
            9.411976
          ],
          [
            -5.233784,
            9.419597
          ],
          [
            -5.2349,
            9.422391
          ],
          [
            -5.237474,
            9.429503
          ],
          [
            -5.238075,
            9.431705
          ],
          [
            -5.241079,
            9.440087
          ],
          [
            -5.243568,
            9.447538
          ],
          [
            -5.244169,
            9.451433
          ],
          [
            -5.243998,
            9.45575
          ],
          [
            -5.243225,
            9.460153
          ],
          [
            -5.242024,
            9.464217
          ],
          [
            -5.241165,
            9.469381
          ],
          [
            -5.240994,
            9.473445
          ],
          [
            -5.240994,
            9.475731
          ],
          [
            -5.24065,
            9.479371
          ],
          [
            -5.239964,
            9.485128
          ],
          [
            -5.239105,
            9.48826
          ],
          [
            -5.236616,
            9.49571
          ],
          [
            -5.236444,
            9.502143
          ],
          [
            -5.235415,
            9.506376
          ],
          [
            -5.234384,
            9.509762
          ],
          [
            -5.233097,
            9.512894
          ],
          [
            -5.231552,
            9.516873
          ],
          [
            -5.228891,
            9.523221
          ],
          [
            -5.227432,
            9.526523
          ],
          [
            -5.225887,
            9.529401
          ],
          [
            -5.224256,
            9.532617
          ],
          [
            -5.222001,
            9.537677
          ],
          [
            -5.220925,
            9.539477
          ],
          [
            -5.219317,
            9.542711
          ],
          [
            -5.218027,
            9.545601
          ],
          [
            -5.216901,
            9.548677
          ],
          [
            -5.216338,
            9.550524
          ],
          [
            -5.213419,
            9.560748
          ],
          [
            -5.212185,
            9.56489
          ],
          [
            -5.211434,
            9.567669
          ],
          [
            -5.210284,
            9.570771
          ],
          [
            -5.209062,
            9.573273
          ],
          [
            -5.20854,
            9.574226
          ],
          [
            -5.205058,
            9.580155
          ],
          [
            -5.196836,
            9.593354
          ],
          [
            -5.196836,
            9.593354
          ],
          [
            -5.197732,
            9.593662
          ]
        ]
      },
      "properties": {
        "name": "Route",
        "folder": "FO EARTH",
        "stroke-width": 5,
        "stroke": "#FF0000"
      }
    },
    {
      "type": "Feature",
      "geometry": {
        "type": "LineString",
        "coordinates": [
          [
            -3.510124,
            6.723049999999999
          ],
          [
            -3.510524,
            6.722914
          ],
          [
            -3.510524,
            6.722914
          ],
          [
            -3.511019,
            6.72238
          ],
          [
            -3.511019,
            6.72238
          ],
          [
            -3.51106,
            6.722196
          ],
          [
            -3.510854999999999,
            6.722174
          ],
          [
            -3.510313000000001,
            6.722459
          ],
          [
            -3.509693,
            6.723148999999999
          ],
          [
            -3.50929,
            6.723779
          ],
          [
            -3.509188,
            6.724151999999999
          ],
          [
            -3.507096,
            6.734736999999999
          ],
          [
            -3.505078999999999,
            6.74455
          ],
          [
            -3.505100000000001,
            6.745078000000001
          ],
          [
            -3.505234,
            6.745717000000001
          ],
          [
            -3.509075,
            6.755056
          ],
          [
            -3.510668,
            6.764138
          ],
          [
            -3.511516,
            6.769981999999999
          ],
          [
            -3.511468,
            6.771084999999999
          ],
          [
            -3.511226,
            6.772347000000001
          ],
          [
            -3.510218,
            6.778878
          ],
          [
            -3.507766,
            6.792802
          ],
          [
            -3.507643,
            6.793777
          ],
          [
            -3.507589,
            6.794784
          ],
          [
            -3.507434,
            6.803439999999999
          ],
          [
            -3.506355,
            6.810876
          ],
          [
            -3.503866,
            6.819228
          ],
          [
            -3.500433,
            6.825705
          ],
          [
            -3.495712,
            6.838744
          ],
          [
            -3.491592,
            6.849652
          ],
          [
            -3.489704,
            6.853657
          ],
          [
            -3.48773,
            6.855787
          ],
          [
            -3.485327,
            6.858514
          ],
          [
            -3.483009,
            6.861838
          ],
          [
            -3.480949,
            6.863541999999999
          ],
          [
            -3.480684999999999,
            6.864354
          ],
          [
            -3.473698,
            6.872748000000001
          ],
          [
            -3.473318,
            6.87313
          ],
          [
            -3.469373,
            6.875983
          ],
          [
            -3.467699,
            6.877144
          ],
          [
            -3.467216,
            6.877421
          ],
          [
            -3.466659,
            6.877592
          ],
          [
            -3.460461,
            6.878787
          ],
          [
            -3.459974,
            6.878905999999999
          ],
          [
            -3.459615,
            6.879088
          ],
          [
            -3.459249,
            6.879311000000001
          ],
          [
            -3.458837,
            6.879689999999999
          ],
          [
            -3.454406999999999,
            6.884353
          ],
          [
            -3.453892,
            6.884732999999999
          ],
          [
            -3.451531,
            6.885644
          ],
          [
            -3.446138,
            6.887609000000001
          ],
          [
            -3.445431,
            6.887924
          ],
          [
            -3.44386,
            6.889335
          ],
          [
            -3.426951,
            6.905272000000001
          ],
          [
            -3.425149,
            6.906361
          ],
          [
            -3.422475,
            6.907749
          ],
          [
            -3.420648,
            6.90877
          ],
          [
            -3.420295,
            6.909056
          ],
          [
            -3.420004,
            6.909381000000001
          ],
          [
            -3.417092,
            6.913407
          ],
          [
            -3.416739,
            6.913244
          ],
          [
            -3.415632,
            6.914923999999999
          ],
          [
            -3.413487,
            6.918407
          ],
          [
            -3.412135,
            6.921293
          ],
          [
            -3.410429,
            6.925468
          ],
          [
            -3.409291,
            6.928429
          ],
          [
            -3.406963,
            6.931614
          ],
          [
            -3.405247000000001,
            6.933563000000001
          ],
          [
            -3.404367,
            6.934447
          ],
          [
            -3.403058,
            6.935916
          ],
          [
            -3.398146,
            6.942119
          ],
          [
            -3.397808,
            6.942451
          ],
          [
            -3.397288,
            6.942902
          ],
          [
            -3.39617,
            6.943627
          ],
          [
            -3.387948000000001,
            6.948563000000001
          ],
          [
            -3.387548,
            6.948876
          ],
          [
            -3.387224,
            6.949231
          ],
          [
            -3.386475,
            6.950202999999999
          ],
          [
            -3.383124,
            6.958228
          ],
          [
            -3.382866,
            6.959613
          ],
          [
            -3.38336,
            6.965108
          ],
          [
            -3.38306,
            6.966353999999999
          ],
          [
            -3.382791,
            6.96694
          ],
          [
            -3.371193,
            6.983743999999999
          ],
          [
            -3.366816,
            6.990240999999999
          ],
          [
            -3.365722,
            6.991729000000001
          ],
          [
            -3.364128,
            6.994174
          ],
          [
            -3.363875,
            6.994996
          ],
          [
            -3.363626,
            6.99633
          ],
          [
            -3.36332,
            6.997112000000001
          ],
          [
            -3.363138,
            6.997394
          ],
          [
            -3.362725,
            6.997908
          ],
          [
            -3.362213,
            6.99827
          ],
          [
            -3.358394,
            6.999771
          ],
          [
            -3.358394,
            6.999771
          ],
          [
            -3.358658,
            7.000094
          ]
        ]
      },
      "properties": {
        "name": "Route",
        "folder": "FO EARTH",
        "stroke-width": 5,
        "stroke": "#FF0000"
      }
    },
    {
      "type": "Feature",
      "geometry": {
        "type": "LineString",
        "coordinates": [
          [
            -5.030578,
            7.687998
          ],
          [
            -5.03194,
            7.686884
          ],
          [
            -5.03194,
            7.686884
          ],
          [
            -5.032477,
            7.68728
          ],
          [
            -5.032477,
            7.68728
          ],
          [
            -5.03388,
            7.686159
          ],
          [
            -5.034916,
            7.685238999999999
          ],
          [
            -5.036806,
            7.683773999999999
          ],
          [
            -5.03689,
            7.683634
          ],
          [
            -5.037074,
            7.682979
          ],
          [
            -5.037074,
            7.682979
          ],
          [
            -5.048006,
            7.685176
          ],
          [
            -5.058412,
            7.687174000000001
          ],
          [
            -5.059364,
            7.687247
          ],
          [
            -5.060418,
            7.687198
          ],
          [
            -5.061498,
            7.687015999999999
          ],
          [
            -5.062801,
            7.686613
          ],
          [
            -5.063971,
            7.68609
          ],
          [
            -5.068665,
            7.683804000000001
          ],
          [
            -5.071719,
            7.682405000000001
          ],
          [
            -5.072473,
            7.682134999999999
          ],
          [
            -5.077068,
            7.68082
          ],
          [
            -5.078725,
            7.68043
          ],
          [
            -5.080109,
            7.680246
          ],
          [
            -5.081997,
            7.680291
          ],
          [
            -5.081997,
            7.680291
          ],
          [
            -5.082762,
            7.682572
          ],
          [
            -5.082985,
            7.683341
          ],
          [
            -5.083146,
            7.684152
          ],
          [
            -5.083257,
            7.685169
          ],
          [
            -5.083578,
            7.690342
          ],
          [
            -5.083588,
            7.69164
          ],
          [
            -5.0835,
            7.692463
          ],
          [
            -5.083001,
            7.694689
          ],
          [
            -5.081703,
            7.697432
          ],
          [
            -5.081233,
            7.698093
          ],
          [
            -5.079405,
            7.701169
          ],
          [
            -5.078827,
            7.702265000000001
          ],
          [
            -5.078586,
            7.703339
          ],
          [
            -5.07897,
            7.705176
          ],
          [
            -5.080877,
            7.709707000000001
          ],
          [
            -5.08203,
            7.712256000000001
          ],
          [
            -5.082654,
            7.716330999999999
          ],
          [
            -5.084072,
            7.722073
          ],
          [
            -5.085583,
            7.729119
          ],
          [
            -5.089954,
            7.739973
          ],
          [
            -5.091541,
            7.743216
          ],
          [
            -5.093031,
            7.744836
          ],
          [
            -5.101252,
            7.750728
          ],
          [
            -5.113997,
            7.759339000000001
          ],
          [
            -5.119648,
            7.763247
          ],
          [
            -5.123907,
            7.765378
          ],
          [
            -5.129344,
            7.768286
          ],
          [
            -5.132881,
            7.769786999999999
          ],
          [
            -5.13762,
            7.770145
          ],
          [
            -5.141734,
            7.770693
          ],
          [
            -5.14402,
            7.771408
          ],
          [
            -5.151814,
            7.774459
          ],
          [
            -5.158208,
            7.777143
          ],
          [
            -5.178014,
            7.785834
          ],
          [
            -5.185803,
            7.791656
          ],
          [
            -5.191675,
            7.795962
          ],
          [
            -5.198102,
            7.801877999999999
          ],
          [
            -5.207196,
            7.811984000000001
          ],
          [
            -5.211334,
            7.815034999999999
          ],
          [
            -5.213692,
            7.817228
          ],
          [
            -5.215424,
            7.819611
          ],
          [
            -5.21706,
            7.823662999999999
          ],
          [
            -5.22039,
            7.828129
          ],
          [
            -5.224665,
            7.832521
          ],
          [
            -5.228225,
            7.834857000000001
          ],
          [
            -5.236159,
            7.837758
          ],
          [
            -5.236159,
            7.837758
          ],
          [
            -5.236182,
            7.838543
          ],
          [
            -5.234928,
            7.840548
          ],
          [
            -5.231694,
            7.843685
          ],
          [
            -5.228544,
            7.844328000000001
          ],
          [
            -5.223381,
            7.845132
          ],
          [
            -5.221488,
            7.845318999999999
          ],
          [
            -5.219406,
            7.846872
          ],
          [
            -5.217649,
            7.849015
          ],
          [
            -5.216487,
            7.850957
          ],
          [
            -5.214581,
            7.854718999999999
          ],
          [
            -5.213905,
            7.855642999999999
          ],
          [
            -5.21377,
            7.856058
          ],
          [
            -5.212553,
            7.863102
          ],
          [
            -5.212215,
            7.864535
          ],
          [
            -5.212121,
            7.866369
          ],
          [
            -5.211445,
            7.868177
          ],
          [
            -5.210039,
            7.870265999999999
          ],
          [
            -5.208457,
            7.871578
          ],
          [
            -5.207552,
            7.872194
          ],
          [
            -5.207187,
            7.87368
          ],
          [
            -5.205821,
            7.874577
          ],
          [
            -5.204578,
            7.875193
          ],
          [
            -5.203429,
            7.877456
          ],
          [
            -5.202983,
            7.87925
          ],
          [
            -5.201915,
            7.881633999999999
          ],
          [
            -5.200928,
            7.883066000000001
          ],
          [
            -5.199658,
            7.88557
          ],
          [
            -5.197305,
            7.889360000000001
          ],
          [
            -5.196629,
            7.890645000000001
          ],
          [
            -5.196481,
            7.892560000000001
          ],
          [
            -5.197022,
            7.893389999999999
          ],
          [
            -5.199049,
            7.895197
          ],
          [
            -5.20055,
            7.897246
          ],
          [
            -5.20128,
            7.899335
          ],
          [
            -5.201753,
            7.902976
          ],
          [
            -5.203037,
            7.906953
          ],
          [
            -5.204456,
            7.910648
          ],
          [
            -5.206335,
            7.917169
          ],
          [
            -5.206849,
            7.921145000000001
          ],
          [
            -5.206781,
            7.921882
          ],
          [
            -5.206146,
            7.924117000000001
          ],
          [
            -5.205713,
            7.924867
          ],
          [
            -5.205024,
            7.926527
          ],
          [
            -5.204051,
            7.928668999999999
          ],
          [
            -5.202104,
            7.932231000000001
          ],
          [
            -5.201861,
            7.933275
          ],
          [
            -5.202604,
            7.937331
          ],
          [
            -5.20255,
            7.9378
          ],
          [
            -5.201144,
            7.938469999999999
          ],
          [
            -5.195454,
            7.941507999999999
          ],
          [
            -5.19225,
            7.942298
          ],
          [
            -5.19125,
            7.942593
          ],
          [
            -5.189006,
            7.942593
          ],
          [
            -5.187113,
            7.94274
          ],
          [
            -5.184667,
            7.943584
          ],
          [
            -5.182896,
            7.9444
          ],
          [
            -5.181936,
            7.944909000000001
          ],
          [
            -5.18049,
            7.946809999999999
          ],
          [
            -5.178192,
            7.948376
          ],
          [
            -5.17588,
            7.950559
          ],
          [
            -5.174136,
            7.951456
          ],
          [
            -5.173312,
            7.951603
          ],
          [
            -5.169867,
            7.953090000000001
          ],
          [
            -5.168378,
            7.953437
          ],
          [
            -5.165242,
            7.954883
          ],
          [
            -5.163755,
            7.955338
          ],
          [
            -5.162146,
            7.956315
          ],
          [
            -5.158429,
            7.958966
          ],
          [
            -5.157402,
            7.959903
          ],
          [
            -5.156476,
            7.962254999999999
          ],
          [
            -5.156476,
            7.962254999999999
          ],
          [
            -5.155475,
            7.961346
          ],
          [
            -5.153394,
            7.96175
          ],
          [
            -5.151184,
            7.961941
          ],
          [
            -5.14672,
            7.963068
          ],
          [
            -5.144081,
            7.964088
          ],
          [
            -5.140819,
            7.966169999999999
          ],
          [
            -5.137043,
            7.967828
          ],
          [
            -5.130949,
            7.969825
          ],
          [
            -5.129468,
            7.970463
          ],
          [
            -5.128589,
            7.971143000000001
          ],
          [
            -5.126743,
            7.97297
          ],
          [
            -5.122516,
            7.975754
          ],
          [
            -5.117731,
            7.979302999999999
          ],
          [
            -5.113954,
            7.982703
          ],
          [
            -5.111079,
            7.984955
          ],
          [
            -5.107925,
            7.986846000000001
          ],
          [
            -5.10608,
            7.988653
          ],
          [
            -5.105007,
            7.990331
          ],
          [
            -5.104534,
            7.991224
          ],
          [
            -5.102196,
            7.992223
          ],
          [
            -5.097496,
            7.994984999999999
          ],
          [
            -5.094449,
            7.996621000000001
          ],
          [
            -5.09299,
            7.997492
          ],
          [
            -5.09078,
            7.998597
          ],
          [
            -5.088613,
            8.000488
          ],
          [
            -5.087347,
            8.002082
          ],
          [
            -5.085974,
            8.003293
          ],
          [
            -5.08533,
            8.004143
          ],
          [
            -5.084772,
            8.0051
          ],
          [
            -5.084772,
            8.0051
          ],
          [
            -5.085065,
            8.005386
          ],
          [
            -5.086256,
            8.007012
          ],
          [
            -5.086577,
            8.008255
          ],
          [
            -5.087232,
            8.010284
          ],
          [
            -5.087479,
            8.010666
          ],
          [
            -5.09167,
            8.01394
          ],
          [
            -5.092769,
            8.015332
          ],
          [
            -5.093672,
            8.017001
          ],
          [
            -5.097199,
            8.024041
          ],
          [
            -5.099459,
            8.028769
          ],
          [
            -5.09999,
            8.030283
          ],
          [
            -5.100178,
            8.031494
          ],
          [
            -5.100242,
            8.032344
          ],
          [
            -5.099608,
            8.04983
          ],
          [
            -5.094641,
            8.066527
          ],
          [
            -5.094079,
            8.068115
          ],
          [
            -5.090664,
            8.073224
          ],
          [
            -5.085598,
            8.080188
          ],
          [
            -5.085189,
            8.08093
          ],
          [
            -5.084652,
            8.083072
          ],
          [
            -5.084567,
            8.08394
          ],
          [
            -5.084797,
            8.084775
          ],
          [
            -5.086553,
            8.08936
          ],
          [
            -5.08792,
            8.091577
          ],
          [
            -5.089372,
            8.095269
          ],
          [
            -5.08941,
            8.095729
          ],
          [
            -5.088629,
            8.099458
          ],
          [
            -5.088629,
            8.099458
          ],
          [
            -5.08929,
            8.100728
          ],
          [
            -5.089631,
            8.10153
          ],
          [
            -5.090096,
            8.103017
          ],
          [
            -5.090096,
            8.103017
          ],
          [
            -5.089749,
            8.10328
          ],
          [
            -5.08881,
            8.104382
          ],
          [
            -5.086563,
            8.107372
          ],
          [
            -5.086235,
            8.10785
          ],
          [
            -5.085951,
            8.10845
          ],
          [
            -5.085023,
            8.114398
          ],
          [
            -5.08498,
            8.114966
          ],
          [
            -5.084868,
            8.115184
          ],
          [
            -5.084862,
            8.116044
          ],
          [
            -5.084374,
            8.117324
          ],
          [
            -5.08365,
            8.119618
          ],
          [
            -5.083392,
            8.120181
          ],
          [
            -5.083162,
            8.120935
          ],
          [
            -5.081517,
            8.125398
          ],
          [
            -5.08211,
            8.126915
          ],
          [
            -5.082866,
            8.128657
          ],
          [
            -5.082952,
            8.128811
          ],
          [
            -5.083486,
            8.1294
          ],
          [
            -5.083709,
            8.134188
          ],
          [
            -5.086491,
            8.134422
          ],
          [
            -5.086491,
            8.134422
          ],
          [
            -5.086123,
            8.139276
          ],
          [
            -5.086241,
            8.142441
          ],
          [
            -5.086241,
            8.142441
          ],
          [
            -5.082403,
            8.143473
          ],
          [
            -5.080006,
            8.14401
          ],
          [
            -5.075812,
            8.14516
          ],
          [
            -5.072143,
            8.146076
          ],
          [
            -5.072143,
            8.146076
          ],
          [
            -5.073541,
            8.147704
          ],
          [
            -5.074226,
            8.148109
          ],
          [
            -5.074886,
            8.148391
          ],
          [
            -5.075282,
            8.14872
          ],
          [
            -5.076393,
            8.149133
          ],
          [
            -5.078709,
            8.150434
          ],
          [
            -5.079637,
            8.150479
          ],
          [
            -5.080489,
            8.150448
          ],
          [
            -5.08126,
            8.150502
          ],
          [
            -5.082623,
            8.150738
          ],
          [
            -5.083254,
            8.150717
          ],
          [
            -5.084069,
            8.150778
          ],
          [
            -5.084587,
            8.150876
          ],
          [
            -5.085129,
            8.150857
          ],
          [
            -5.085483,
            8.150958
          ],
          [
            -5.086918,
            8.151168
          ],
          [
            -5.088194,
            8.151441
          ],
          [
            -5.088612,
            8.151596
          ],
          [
            -5.099105,
            8.152753
          ],
          [
            -5.09956,
            8.152868
          ],
          [
            -5.09956,
            8.152868
          ],
          [
            -5.099278,
            8.153865
          ],
          [
            -5.099125,
            8.154675
          ],
          [
            -5.098563,
            8.156685
          ],
          [
            -5.098282,
            8.159247
          ],
          [
            -5.098018,
            8.160923
          ],
          [
            -5.098012,
            8.161672
          ],
          [
            -5.098086,
            8.162321
          ],
          [
            -5.098505,
            8.165064
          ],
          [
            -5.09897,
            8.168891
          ],
          [
            -5.099147,
            8.169581
          ],
          [
            -5.099174,
            8.170173
          ],
          [
            -5.099036,
            8.171257
          ],
          [
            -5.098826,
            8.17508
          ],
          [
            -5.098708,
            8.178951
          ],
          [
            -5.098725,
            8.179406
          ],
          [
            -5.099039,
            8.180984
          ],
          [
            -5.099475,
            8.182272
          ],
          [
            -5.100063,
            8.183239
          ],
          [
            -5.103669,
            8.188015
          ],
          [
            -5.109277,
            8.193814
          ],
          [
            -5.112734,
            8.197486
          ],
          [
            -5.113317,
            8.19804
          ],
          [
            -5.113317,
            8.19804
          ],
          [
            -5.114096,
            8.199387
          ],
          [
            -5.114585,
            8.200107
          ],
          [
            -5.114585,
            8.200107
          ],
          [
            -5.114647,
            8.200427
          ],
          [
            -5.115218,
            8.2013
          ],
          [
            -5.115769,
            8.202414
          ],
          [
            -5.116262,
            8.203053
          ],
          [
            -5.116691,
            8.203936
          ],
          [
            -5.120672,
            8.212783
          ],
          [
            -5.122501,
            8.21672
          ],
          [
            -5.122747,
            8.217599
          ],
          [
            -5.122902,
            8.218664
          ],
          [
            -5.123382,
            8.220771
          ],
          [
            -5.123484,
            8.221026
          ],
          [
            -5.123436,
            8.221347
          ],
          [
            -5.124214,
            8.2254
          ],
          [
            -5.124335,
            8.226464
          ],
          [
            -5.124281,
            8.226959
          ],
          [
            -5.124112,
            8.231581
          ],
          [
            -5.124477,
            8.232624
          ],
          [
            -5.124545,
            8.2331
          ],
          [
            -5.124205,
            8.234213
          ],
          [
            -5.124146,
            8.234681
          ],
          [
            -5.124073,
            8.237487
          ],
          [
            -5.124515,
            8.239339
          ],
          [
            -5.125015,
            8.242322
          ],
          [
            -5.125671,
            8.245774
          ],
          [
            -5.126171,
            8.248295
          ],
          [
            -5.1263,
            8.248683
          ],
          [
            -5.130666,
            8.256396
          ],
          [
            -5.13343,
            8.260248
          ],
          [
            -5.1337,
            8.260716
          ],
          [
            -5.134221,
            8.261325
          ],
          [
            -5.139188,
            8.269371
          ],
          [
            -5.146826,
            8.276943
          ],
          [
            -5.15399,
            8.284353
          ],
          [
            -5.156565,
            8.285537
          ],
          [
            -5.15689,
            8.285711
          ],
          [
            -5.157038,
            8.285878
          ],
          [
            -5.15869,
            8.289935
          ],
          [
            -5.158754,
            8.290436
          ],
          [
            -5.158746,
            8.291157
          ],
          [
            -5.159139,
            8.291856
          ],
          [
            -5.159386,
            8.292758
          ],
          [
            -5.15974,
            8.29348
          ],
          [
            -5.160423,
            8.295978
          ],
          [
            -5.160423,
            8.295978
          ],
          [
            -5.160455,
            8.296439
          ],
          [
            -5.160543,
            8.2969
          ],
          [
            -5.160671,
            8.297235
          ],
          [
            -5.160746,
            8.297736
          ],
          [
            -5.160759,
            8.298445
          ],
          [
            -5.160705,
            8.299422
          ],
          [
            -5.160232,
            8.301682
          ],
          [
            -5.160327,
            8.303205
          ],
          [
            -5.160258,
            8.303971
          ],
          [
            -5.160165,
            8.308597
          ],
          [
            -5.159838,
            8.315908
          ],
          [
            -5.159889,
            8.317003
          ],
          [
            -5.160127,
            8.31766
          ],
          [
            -5.162478,
            8.326103
          ],
          [
            -5.164249,
            8.333147
          ],
          [
            -5.166104,
            8.341427
          ],
          [
            -5.166684,
            8.343932
          ],
          [
            -5.16692,
            8.344696
          ],
          [
            -5.166639,
            8.34855
          ],
          [
            -5.166639,
            8.34855
          ],
          [
            -5.169754,
            8.353587
          ],
          [
            -5.170252,
            8.356422
          ],
          [
            -5.174212,
            8.36349
          ],
          [
            -5.174965,
            8.36452
          ],
          [
            -5.176906,
            8.365928
          ],
          [
            -5.179449,
            8.366773
          ],
          [
            -5.186319,
            8.366325
          ],
          [
            -5.188372,
            8.366054
          ],
          [
            -5.188372,
            8.366054
          ],
          [
            -5.192413,
            8.375071
          ],
          [
            -5.197821,
            8.386705
          ],
          [
            -5.204344,
            8.397573
          ],
          [
            -5.205374,
            8.401309
          ],
          [
            -5.205545,
            8.404876
          ],
          [
            -5.205717,
            8.41014
          ],
          [
            -5.205288,
            8.418885
          ],
          [
            -5.20546,
            8.433574
          ],
          [
            -5.20546,
            8.443847
          ],
          [
            -5.205545,
            8.446394
          ],
          [
            -5.20546,
            8.451416
          ],
          [
            -5.205671,
            8.453615
          ],
          [
            -5.206014,
            8.455883
          ],
          [
            -5.206119,
            8.45868
          ],
          [
            -5.206127,
            8.465751
          ],
          [
            -5.206318,
            8.469231
          ],
          [
            -5.20649,
            8.480098
          ],
          [
            -5.207262,
            8.493935
          ],
          [
            -5.207262,
            8.505734
          ],
          [
            -5.207434,
            8.511676
          ],
          [
            -5.208034,
            8.516175
          ],
          [
            -5.208721,
            8.51957
          ],
          [
            -5.210867,
            8.525767
          ],
          [
            -5.216532,
            8.539433
          ],
          [
            -5.222712,
            8.555474
          ],
          [
            -5.224085,
            8.560822
          ],
          [
            -5.22932,
            8.574571
          ],
          [
            -5.233698,
            8.587217
          ],
          [
            -5.237818,
            8.598419
          ],
          [
            -5.239706,
            8.603256
          ],
          [
            -5.244598,
            8.612252
          ],
          [
            -5.249319,
            8.620144
          ],
          [
            -5.253954,
            8.628291
          ],
          [
            -5.257645,
            8.634443
          ],
          [
            -5.263138,
            8.643438
          ],
          [
            -5.269146,
            8.654893
          ],
          [
            -5.274982,
            8.665245
          ],
          [
            -5.278063,
            8.669992
          ],
          [
            -5.278063,
            8.669992
          ],
          [
            -5.276699,
            8.671736
          ],
          [
            -5.274982,
            8.673518
          ],
          [
            -5.272837,
            8.676403
          ],
          [
            -5.270433,
            8.679288
          ],
          [
            -5.268888,
            8.681324
          ],
          [
            -5.267773,
            8.682597
          ],
          [
            -5.265799,
            8.683021
          ],
          [
            -5.264286,
            8.684514
          ],
          [
            -5.26288,
            8.68616
          ],
          [
            -5.259104,
            8.692015
          ],
          [
            -5.257645,
            8.693542
          ],
          [
            -5.255842,
            8.695663
          ],
          [
            -5.252066,
            8.701602
          ],
          [
            -5.246916,
            8.710086
          ],
          [
            -5.244513,
            8.714159
          ],
          [
            -5.243225,
            8.717637
          ],
          [
            -5.243139,
            8.720776
          ],
          [
            -5.243397,
            8.723576
          ],
          [
            -5.243912,
            8.727224
          ],
          [
            -5.243998,
            8.729769
          ],
          [
            -5.243568,
            8.734095
          ],
          [
            -5.243311,
            8.737658
          ],
          [
            -5.243654,
            8.740967
          ],
          [
            -5.243311,
            8.743342
          ],
          [
            -5.241938,
            8.747499
          ],
          [
            -5.240221,
            8.75191
          ],
          [
            -5.238161,
            8.755049
          ],
          [
            -5.236874,
            8.75717
          ],
          [
            -5.235157,
            8.761666
          ],
          [
            -5.234728,
            8.76455
          ],
          [
            -5.233011,
            8.772863
          ],
          [
            -5.233526,
            8.776426
          ],
          [
            -5.234041,
            8.780752
          ],
          [
            -5.234384,
            8.784739
          ],
          [
            -5.233955,
            8.787114
          ],
          [
            -5.232754,
            8.789404
          ],
          [
            -5.229235,
            8.794154
          ],
          [
            -5.227175,
            8.796444
          ],
          [
            -5.224256,
            8.799074
          ],
          [
            -5.222111,
            8.801873
          ],
          [
            -5.220995,
            8.804332
          ],
          [
            -5.219708,
            8.806453
          ],
          [
            -5.216446,
            8.810524
          ],
          [
            -5.214815,
            8.812899
          ],
          [
            -5.212806,
            8.81543
          ],
          [
            -5.21155,
            8.817664
          ],
          [
            -5.210394,
            8.819283
          ],
          [
            -5.207913,
            8.82138
          ],
          [
            -5.200998,
            8.825888
          ],
          [
            -5.199941,
            8.826651
          ],
          [
            -5.199512,
            8.827176
          ],
          [
            -5.198891,
            8.828376
          ],
          [
            -5.19748,
            8.832114
          ],
          [
            -5.197052,
            8.832813
          ],
          [
            -5.195654,
            8.833661
          ],
          [
            -5.193186,
            8.835375
          ],
          [
            -5.190697,
            8.837241
          ],
          [
            -5.188808,
            8.839446
          ],
          [
            -5.186834,
            8.842245
          ],
          [
            -5.18589,
            8.844959
          ],
          [
            -5.185804,
            8.847418
          ],
          [
            -5.186234,
            8.849708
          ],
          [
            -5.187092,
            8.851828
          ],
          [
            -5.18795,
            8.854457
          ],
          [
            -5.189409,
            8.85751
          ],
          [
            -5.19001,
            8.859546
          ],
          [
            -5.189238,
            8.861836
          ],
          [
            -5.188208,
            8.864464
          ],
          [
            -5.184259,
            8.872097
          ],
          [
            -5.183144,
            8.875235
          ],
          [
            -5.182972,
            8.876931
          ],
          [
            -5.18074,
            8.881425
          ],
          [
            -5.177994,
            8.885411
          ],
          [
            -5.174818,
            8.891771
          ],
          [
            -5.168123,
            8.901947
          ],
          [
            -5.165205,
            8.905762
          ],
          [
            -5.164089,
            8.907713
          ],
          [
            -5.163918,
            8.910257
          ],
          [
            -5.164776,
            8.914327
          ],
          [
            -5.165634,
            8.917464
          ],
          [
            -5.167694,
            8.919838
          ],
          [
            -5.169754,
            8.922043
          ],
          [
            -5.172501,
            8.923654
          ],
          [
            -5.176363,
            8.926282
          ],
          [
            -5.178938,
            8.928233
          ],
          [
            -5.181427,
            8.929589
          ],
          [
            -5.182714,
            8.931879
          ],
          [
            -5.184517,
            8.936542
          ],
          [
            -5.189066,
            8.949345
          ],
          [
            -5.191812,
            8.958756
          ],
          [
            -5.194645,
            8.961554
          ],
          [
            -5.196362,
            8.963673
          ],
          [
            -5.197649,
            8.975882
          ],
          [
            -5.19825,
            8.980545
          ],
          [
            -5.199537,
            8.984021
          ],
          [
            -5.20031,
            8.986649
          ],
          [
            -5.199108,
            8.991651
          ],
          [
            -5.198765,
            8.99394
          ],
          [
            -5.19928,
            8.996992
          ],
          [
            -5.199623,
            9.007419
          ],
          [
            -5.19928,
            9.010725
          ],
          [
            -5.197649,
            9.013268
          ],
          [
            -5.196705,
            9.015133
          ],
          [
            -5.194902,
            9.017506
          ],
          [
            -5.193701,
            9.019795
          ],
          [
            -5.191898,
            9.022762
          ],
          [
            -5.19001,
            9.025475
          ],
          [
            -5.187521,
            9.028442
          ],
          [
            -5.18589,
            9.031239
          ],
          [
            -5.185284,
            9.032622
          ],
          [
            -5.184753,
            9.034458
          ],
          [
            -5.183601,
            9.037392
          ],
          [
            -5.182668,
            9.039168
          ],
          [
            -5.178956,
            9.047257
          ],
          [
            -5.177625,
            9.049911
          ],
          [
            -5.17548,
            9.053271
          ],
          [
            -5.173022,
            9.056558
          ],
          [
            -5.171956,
            9.057811
          ],
          [
            -5.168172,
            9.062828
          ],
          [
            -5.165455,
            9.066022
          ],
          [
            -5.162208,
            9.069648
          ],
          [
            -5.161714,
            9.070677
          ],
          [
            -5.161672,
            9.071016
          ],
          [
            -5.161678,
            9.073083
          ],
          [
            -5.161285,
            9.075098
          ],
          [
            -5.16025,
            9.077429
          ],
          [
            -5.159869,
            9.077983
          ],
          [
            -5.158338,
            9.081417
          ],
          [
            -5.157309,
            9.084129
          ],
          [
            -5.156364,
            9.08718
          ],
          [
            -5.155334,
            9.092266
          ],
          [
            -5.15439,
            9.098622
          ],
          [
            -5.153618,
            9.103114
          ],
          [
            -5.15336,
            9.10591
          ],
          [
            -5.153532,
            9.108961
          ],
          [
            -5.154476,
            9.111758
          ],
          [
            -5.156622,
            9.115063
          ],
          [
            -5.158253,
            9.11786
          ],
          [
            -5.159368,
            9.12108
          ],
          [
            -5.162544,
            9.127267
          ],
          [
            -5.164604,
            9.131504
          ],
          [
            -5.165634,
            9.134893
          ],
          [
            -5.166235,
            9.139893
          ],
          [
            -5.166407,
            9.142096
          ],
          [
            -5.167694,
            9.150994
          ],
          [
            -5.168381,
            9.157265
          ],
          [
            -5.168037,
            9.160824
          ],
          [
            -5.164175,
            9.172009
          ],
          [
            -5.162544,
            9.175652
          ],
          [
            -5.162287,
            9.178787
          ],
          [
            -5.163145,
            9.183786
          ],
          [
            -5.164518,
            9.187091
          ],
          [
            -5.166578,
            9.190395
          ],
          [
            -5.168123,
            9.194716
          ],
          [
            -5.168638,
            9.199885
          ],
          [
            -5.169325,
            9.209713
          ],
          [
            -5.170526,
            9.222167
          ],
          [
            -5.1719,
            9.226149
          ],
          [
            -5.172758,
            9.228436
          ],
          [
            -5.176277,
            9.23496
          ],
          [
            -5.180311,
            9.241907
          ],
          [
            -5.184259,
            9.249192
          ],
          [
            -5.18898,
            9.259358
          ],
          [
            -5.191298,
            9.265796
          ],
          [
            -5.192413,
            9.270201
          ],
          [
            -5.195096,
            9.281777
          ],
          [
            -5.195996,
            9.28813
          ],
          [
            -5.196215,
            9.289039
          ],
          [
            -5.197383,
            9.293017
          ],
          [
            -5.198352,
            9.295706
          ],
          [
            -5.199709,
            9.300526
          ],
          [
            -5.202456,
            9.309419
          ],
          [
            -5.202885,
            9.311452
          ],
          [
            -5.20606,
            9.320176
          ],
          [
            -5.206833,
            9.323733
          ],
          [
            -5.206404,
            9.325935
          ],
          [
            -5.202627,
            9.336607
          ],
          [
            -5.200911,
            9.342281
          ],
          [
            -5.199966,
            9.348464
          ],
          [
            -5.200911,
            9.352444
          ],
          [
            -5.210609,
            9.362268
          ],
          [
            -5.220137,
            9.372515
          ],
          [
            -5.230694,
            9.38581
          ],
          [
            -5.232496,
            9.393178
          ],
          [
            -5.233097,
            9.396734
          ],
          [
            -5.232582,
            9.405879
          ],
          [
            -5.232582,
            9.411976
          ],
          [
            -5.233784,
            9.419597
          ],
          [
            -5.2349,
            9.422391
          ],
          [
            -5.237474,
            9.429503
          ],
          [
            -5.238075,
            9.431705
          ],
          [
            -5.241079,
            9.440087
          ],
          [
            -5.243568,
            9.447538
          ],
          [
            -5.244169,
            9.451433
          ],
          [
            -5.243998,
            9.45575
          ],
          [
            -5.243225,
            9.460153
          ],
          [
            -5.242024,
            9.464217
          ],
          [
            -5.241165,
            9.469381
          ],
          [
            -5.240994,
            9.473445
          ],
          [
            -5.240994,
            9.475731
          ],
          [
            -5.24065,
            9.479371
          ],
          [
            -5.239964,
            9.485128
          ],
          [
            -5.239105,
            9.48826
          ],
          [
            -5.236616,
            9.49571
          ],
          [
            -5.236444,
            9.502143
          ],
          [
            -5.235415,
            9.506376
          ],
          [
            -5.234384,
            9.509762
          ],
          [
            -5.233097,
            9.512894
          ],
          [
            -5.231552,
            9.516873
          ],
          [
            -5.228891,
            9.523221
          ],
          [
            -5.227432,
            9.526523
          ],
          [
            -5.225887,
            9.529401
          ],
          [
            -5.224256,
            9.532617
          ],
          [
            -5.222001,
            9.537677
          ],
          [
            -5.220925,
            9.539477
          ],
          [
            -5.219317,
            9.542711
          ],
          [
            -5.218027,
            9.545601
          ],
          [
            -5.216901,
            9.548677
          ],
          [
            -5.216338,
            9.550524
          ],
          [
            -5.213419,
            9.560748
          ],
          [
            -5.212185,
            9.56489
          ],
          [
            -5.211434,
            9.567669
          ],
          [
            -5.210284,
            9.570771
          ],
          [
            -5.209062,
            9.573273
          ],
          [
            -5.20854,
            9.574226
          ],
          [
            -5.205058,
            9.580155
          ],
          [
            -5.196836,
            9.593354
          ],
          [
            -5.196836,
            9.593354
          ],
          [
            -5.197732,
            9.593662
          ]
        ]
      },
      "properties": {
        "name": "Route",
        "folder": "FO EARTH",
        "stroke-width": 5,
        "stroke": "#FF0000"
      }
    },
    {
      "type": "Feature",
      "geometry": {
        "type": "LineString",
        "coordinates": [
          [
            -3.358658,
            7.000094
          ],
          [
            -3.361538,
            7.003281000000001
          ],
          [
            -3.362396,
            7.005528
          ],
          [
            -3.363017,
            7.006488
          ],
          [
            -3.363637,
            7.006958999999999
          ],
          [
            -3.364312,
            7.007573999999999
          ],
          [
            -3.365152,
            7.00819
          ],
          [
            -3.366119,
            7.008788
          ],
          [
            -3.367105000000001,
            7.009205
          ],
          [
            -3.369276,
            7.009676
          ],
          [
            -3.370634,
            7.010177
          ],
          [
            -3.373922,
            7.011661
          ],
          [
            -3.375048,
            7.0123
          ],
          [
            -3.375784,
            7.013007
          ],
          [
            -3.376497,
            7.014171
          ],
          [
            -3.378061,
            7.017549
          ],
          [
            -3.379164,
            7.020127999999999
          ],
          [
            -3.380659000000001,
            7.023939
          ],
          [
            -3.382182,
            7.028982
          ],
          [
            -3.382878,
            7.031743
          ],
          [
            -3.383153,
            7.033755
          ],
          [
            -3.383095,
            7.034445
          ],
          [
            -3.382602,
            7.035495
          ],
          [
            -3.382255,
            7.036472
          ],
          [
            -3.382052,
            7.03768
          ],
          [
            -3.382333,
            7.041842
          ],
          [
            -3.383448000000001,
            7.046223999999999
          ],
          [
            -3.383575,
            7.048095
          ],
          [
            -3.383678,
            7.048757000000001
          ],
          [
            -3.384023,
            7.049795000000001
          ],
          [
            -3.384626,
            7.050587
          ],
          [
            -3.385638000000001,
            7.052503999999999
          ],
          [
            -3.386121,
            7.053599
          ],
          [
            -3.386982999999999,
            7.054957
          ],
          [
            -3.388097999999999,
            7.056269
          ],
          [
            -3.389144,
            7.057159
          ],
          [
            -3.397398,
            7.062337999999999
          ],
          [
            -3.398465,
            7.062891
          ],
          [
            -3.399706,
            7.063434
          ],
          [
            -3.400619,
            7.063950000000001
          ],
          [
            -3.40175,
            7.064702
          ],
          [
            -3.402946,
            7.065743
          ],
          [
            -3.404214,
            7.06721
          ],
          [
            -3.40572,
            7.069248
          ],
          [
            -3.407435,
            7.071811
          ],
          [
            -3.40864,
            7.073260000000001
          ],
          [
            -3.410775,
            7.075542
          ],
          [
            -3.41146,
            7.076084999999999
          ],
          [
            -3.412243,
            7.076288000000001
          ],
          [
            -3.414123,
            7.076406
          ],
          [
            -3.415792999999999,
            7.076777000000001
          ],
          [
            -3.418038,
            7.077466
          ],
          [
            -3.418905,
            7.077882000000001
          ],
          [
            -3.420045,
            7.078896
          ],
          [
            -3.421607,
            7.080552
          ],
          [
            -3.422343,
            7.081761000000001
          ],
          [
            -3.423608,
            7.084693
          ],
          [
            -3.424229,
            7.085503
          ],
          [
            -3.425091,
            7.086416
          ],
          [
            -3.426103,
            7.087272000000001
          ],
          [
            -3.428592,
            7.088462
          ],
          [
            -3.434013,
            7.090871
          ],
          [
            -3.437298,
            7.09203
          ],
          [
            -3.438338,
            7.092193
          ],
          [
            -3.439305,
            7.09212
          ],
          [
            -3.441076,
            7.091813
          ],
          [
            -3.44324,
            7.091063
          ],
          [
            -3.444872,
            7.090355999999999
          ],
          [
            -3.445884,
            7.090151000000001
          ],
          [
            -3.44639,
            7.090151000000001
          ],
          [
            -3.446667,
            7.090319000000001
          ]
        ]
      },
      "properties": {
        "name": "Route",
        "folder": "FO EARTH",
        "stroke-width": 5,
        "stroke": "#FF0000"
      }
    },
    {
      "type": "Feature",
      "geometry": {
        "type": "LineString",
        "coordinates": [
          [
            -3.446667,
            7.090319000000001
          ],
          [
            -3.44793,
            7.091086
          ],
          [
            -3.448737,
            7.091804
          ],
          [
            -3.450702999999999,
            7.093947
          ],
          [
            -3.455458000000001,
            7.098676
          ],
          [
            -3.457214,
            7.100332
          ],
          [
            -3.458747,
            7.101573
          ],
          [
            -3.46226,
            7.104788
          ],
          [
            -3.463565,
            7.105449
          ],
          [
            -3.46498,
            7.106073
          ],
          [
            -3.468703,
            7.107006
          ],
          [
            -3.471461,
            7.107961999999999
          ],
          [
            -3.474956,
            7.109429
          ],
          [
            -3.476444,
            7.109955
          ],
          [
            -3.477429,
            7.110244
          ],
          [
            -3.479153999999999,
            7.110498000000001
          ],
          [
            -3.482877,
            7.110688
          ],
          [
            -3.483269,
            7.110824
          ],
          [
            -3.485004,
            7.111801
          ],
          [
            -3.485898,
            7.112236
          ],
          [
            -3.487057,
            7.112615999999999
          ],
          [
            -3.487914,
            7.112625000000001
          ],
          [
            -3.489082,
            7.112498
          ],
          [
            -3.490295999999999,
            7.1121
          ],
          [
            -3.492258,
            7.111031
          ],
          [
            -3.496649,
            7.107178
          ],
          [
            -3.499166,
            7.104650999999999
          ],
          [
            -3.500454,
            7.10359
          ],
          [
            -3.500839,
            7.10347
          ],
          [
            -3.501242,
            7.103425
          ],
          [
            -3.502737,
            7.103449
          ],
          [
            -3.503498,
            7.103406
          ],
          [
            -3.504562,
            7.103155
          ],
          [
            -3.50541,
            7.102852999999999
          ],
          [
            -3.507859,
            7.101824
          ],
          [
            -3.508286,
            7.101695
          ],
          [
            -3.51006,
            7.101625
          ],
          [
            -3.510704,
            7.10142
          ],
          [
            -3.51144,
            7.101066
          ],
          [
            -3.513233,
            7.099412000000001
          ],
          [
            -3.515321999999999,
            7.09718
          ],
          [
            -3.516214999999999,
            7.096652
          ],
          [
            -3.516836,
            7.096471
          ],
          [
            -3.517566,
            7.096453000000001
          ],
          [
            -3.518314,
            7.096507
          ],
          [
            -3.520614,
            7.096453000000001
          ],
          [
            -3.521654,
            7.096362000000001
          ],
          [
            -3.523187,
            7.096091
          ],
          [
            -3.52503,
            7.095547
          ],
          [
            -3.526016,
            7.095094
          ],
          [
            -3.527056,
            7.09475
          ],
          [
            -3.527877,
            7.094315999999999
          ],
          [
            -3.528516,
            7.094134999999999
          ],
          [
            -3.529118,
            7.094098
          ],
          [
            -3.529666,
            7.094207
          ],
          [
            -3.530195,
            7.094533
          ],
          [
            -3.530834,
            7.095239
          ],
          [
            -3.531455,
            7.096375999999999
          ],
          [
            -3.531628,
            7.096814
          ],
          [
            -3.532041,
            7.097328
          ],
          [
            -3.532514,
            7.097657
          ],
          [
            -3.534777,
            7.098961
          ],
          [
            -3.537824,
            7.100871999999999
          ],
          [
            -3.538298999999999,
            7.10127
          ],
          [
            -3.538628,
            7.101877
          ],
          [
            -3.539056,
            7.103009000000001
          ],
          [
            -3.539376,
            7.105028
          ],
          [
            -3.539586,
            7.106024
          ],
          [
            -3.540029,
            7.107081
          ],
          [
            -3.540455,
            7.107754
          ],
          [
            -3.541122,
            7.108164000000001
          ],
          [
            -3.541984,
            7.108552
          ],
          [
            -3.543019,
            7.109373999999999
          ],
          [
            -3.544283,
            7.110823
          ],
          [
            -3.545732,
            7.112899
          ],
          [
            -3.546387,
            7.113686
          ],
          [
            -3.547123000000001,
            7.115032
          ],
          [
            -3.54733,
            7.1155
          ],
          [
            -3.547823999999999,
            7.116059
          ],
          [
            -3.548583,
            7.116515
          ],
          [
            -3.550802,
            7.117679000000001
          ],
          [
            -3.552159000000001,
            7.118180999999999
          ],
          [
            -3.553285,
            7.119482
          ],
          [
            -3.554079,
            7.120531
          ],
          [
            -3.554964000000001,
            7.121101
          ],
          [
            -3.555587,
            7.121421
          ],
          [
            -3.556529,
            7.121708000000001
          ],
          [
            -3.557440999999999,
            7.121895
          ],
          [
            -3.560164,
            7.121996
          ],
          [
            -3.561656,
            7.122584999999999
          ],
          [
            -3.562757,
            7.123404000000001
          ],
          [
            -3.563703,
            7.123402
          ],
          [
            -3.564105,
            7.123276
          ],
          [
            -3.56445,
            7.123048
          ],
          [
            -3.565042000000001,
            7.122529
          ],
          [
            -3.565312,
            7.12237
          ],
          [
            -3.568013,
            7.121663000000001
          ],
          [
            -3.569089,
            7.121446000000001
          ],
          [
            -3.569765,
            7.121518
          ],
          [
            -3.570422,
            7.121917
          ],
          [
            -3.571079000000001,
            7.122967
          ],
          [
            -3.572228,
            7.124416000000001
          ],
          [
            -3.573013,
            7.125629
          ],
          [
            -3.573853,
            7.12639
          ],
          [
            -3.576497,
            7.12737
          ],
          [
            -3.579928,
            7.128384
          ],
          [
            -3.581543,
            7.128954
          ],
          [
            -3.584774,
            7.129534
          ],
          [
            -3.58575,
            7.129851
          ],
          [
            -3.587475,
            7.130266999999999
          ],
          [
            -3.589874000000001,
            7.130286
          ],
          [
            -3.590705,
            7.130141000000001
          ],
          [
            -3.591964,
            7.12967
          ],
          [
            -3.593488,
            7.129181
          ],
          [
            -3.594017000000001,
            7.129136
          ],
          [
            -3.596152,
            7.129226
          ],
          [
            -3.598607,
            7.129162999999999
          ],
          [
            -3.60286,
            7.128425
          ],
          [
            -3.604439,
            7.128295
          ],
          [
            -3.605583,
            7.128382
          ],
          [
            -3.606466,
            7.128597
          ],
          [
            -3.607292,
            7.128971
          ],
          [
            -3.608493999999999,
            7.129704
          ],
          [
            -3.609957,
            7.130278999999999
          ],
          [
            -3.612623,
            7.130666999999999
          ],
          [
            -3.61536,
            7.130854
          ],
          [
            -3.616346,
            7.130763
          ],
          [
            -3.617334,
            7.130147
          ],
          [
            -3.617909,
            7.129349
          ],
          [
            -3.618001000000001,
            7.128002
          ],
          [
            -3.617719,
            7.125344
          ],
          [
            -3.617523,
            7.124076999999999
          ],
          [
            -3.617706999999999,
            7.122914
          ],
          [
            -3.61813,
            7.12208
          ],
          [
            -3.618577,
            7.121519
          ],
          [
            -3.621335000000001,
            7.119211
          ],
          [
            -3.622613,
            7.117763
          ],
          [
            -3.625661,
            7.116919
          ],
          [
            -3.627075,
            7.116667999999999
          ],
          [
            -3.628006,
            7.116256999999999
          ],
          [
            -3.628581,
            7.115596000000001
          ],
          [
            -3.629776,
            7.114614
          ],
          [
            -3.631448,
            7.113926
          ],
          [
            -3.63262,
            7.113560000000001
          ],
          [
            -3.637632,
            7.11113
          ],
          [
            -3.641195999999999,
            7.109751
          ],
          [
            -3.645381,
            7.10845
          ],
          [
            -3.64764,
            7.107344000000001
          ],
          [
            -3.652304,
            7.104353999999999
          ],
          [
            -3.653868,
            7.103147000000001
          ],
          [
            -3.660792,
            7.100790000000001
          ],
          [
            -3.662472,
            7.099926999999999
          ],
          [
            -3.665618,
            7.097384
          ],
          [
            -3.667761,
            7.09433
          ],
          [
            -3.668731,
            7.093137
          ],
          [
            -3.669079,
            7.092505000000001
          ],
          [
            -3.669253,
            7.091988
          ],
          [
            -3.669441,
            7.091125
          ],
          [
            -3.669731000000001,
            7.088006
          ],
          [
            -3.669716,
            7.086626
          ],
          [
            -3.669867,
            7.085631000000001
          ],
          [
            -3.67035,
            7.084357000000001
          ],
          [
            -3.670834,
            7.083279
          ],
          [
            -3.671117,
            7.082826
          ],
          [
            -3.671801,
            7.082238
          ],
          [
            -3.672714,
            7.081803
          ],
          [
            -3.67992,
            7.079802
          ],
          [
            -3.684821,
            7.078044
          ],
          [
            -3.688051,
            7.076786
          ],
          [
            -3.688566,
            7.076377
          ],
          [
            -3.688993,
            7.075672
          ],
          [
            -3.689456,
            7.074478999999999
          ],
          [
            -3.689608,
            7.073250000000001
          ],
          [
            -3.689583,
            7.071229
          ],
          [
            -3.689721000000001,
            7.070545
          ],
          [
            -3.69002,
            7.069929
          ],
          [
            -3.690515,
            7.06957
          ],
          [
            -3.693217,
            7.068858000000001
          ],
          [
            -3.693861,
            7.068614
          ],
          [
            -3.697,
            7.066694000000001
          ],
          [
            -3.701408,
            7.063264
          ],
          [
            -3.702234,
            7.06248
          ],
          [
            -3.703297,
            7.06186
          ],
          [
            -3.703958000000001,
            7.061543
          ],
          [
            -3.704255,
            7.061470000000001
          ],
          [
            -3.704871,
            7.061467
          ],
          [
            -3.70997,
            7.062358
          ],
          [
            -3.715752,
            7.06396
          ],
          [
            -3.717385,
            7.064367
          ],
          [
            -3.71942,
            7.065015
          ],
          [
            -3.720222999999999,
            7.065418000000001
          ],
          [
            -3.72158,
            7.065856
          ],
          [
            -3.722822,
            7.066005
          ],
          [
            -3.724777,
            7.065771
          ],
          [
            -3.726014,
            7.065508
          ],
          [
            -3.727483,
            7.064748000000001
          ],
          [
            -3.730276,
            7.063458
          ],
          [
            -3.731851,
            7.062374
          ],
          [
            -3.732572,
            7.062055
          ],
          [
            -3.734271999999999,
            7.061785
          ],
          [
            -3.735893,
            7.061705
          ],
          [
            -3.737123,
            7.061945
          ],
          [
            -3.739147,
            7.062116
          ],
          [
            -3.74286,
            7.063416999999999
          ],
          [
            -3.743711,
            7.063622000000001
          ],
          [
            -3.74455,
            7.063622000000001
          ],
          [
            -3.745941000000001,
            7.063473999999999
          ],
          [
            -3.748597,
            7.063086000000001
          ],
          [
            -3.755886,
            7.062493
          ],
          [
            -3.763325000000001,
            7.062516
          ],
          [
            -3.764796,
            7.062424
          ],
          [
            -3.765463,
            7.062185000000001
          ],
          [
            -3.767716,
            7.060473
          ],
          [
            -3.769476000000001,
            7.059789
          ],
          [
            -3.770706,
            7.059537999999999
          ],
          [
            -3.772798,
            7.059423000000001
          ],
          [
            -3.777138,
            7.058772000000001
          ],
          [
            -3.780806,
            7.05851
          ],
          [
            -3.783105,
            7.058282
          ],
          [
            -3.786945,
            7.057814
          ],
          [
            -3.790636,
            7.057163
          ],
          [
            -3.793165000000001,
            7.056946
          ],
          [
            -3.797969,
            7.057261000000001
          ],
          [
            -3.809786,
            7.057194
          ],
          [
            -3.811866,
            7.057135999999999
          ],
          [
            -3.814166,
            7.057388
          ],
          [
            -3.818382,
            7.057741
          ],
          [
            -3.819859999999999,
            7.057661
          ],
          [
            -3.820865,
            7.05745
          ],
          [
            -3.825348,
            7.054871999999999
          ],
          [
            -3.83065,
            7.052423000000001
          ],
          [
            -3.832691,
            7.051545
          ],
          [
            -3.834565,
            7.050506
          ],
          [
            -3.836204,
            7.050013
          ],
          [
            -3.841672,
            7.050027
          ],
          [
            -3.843142,
            7.050372
          ],
          [
            -3.845416,
            7.051206000000001
          ],
          [
            -3.850841,
            7.052845000000001
          ],
          [
            -3.852405,
            7.05319
          ],
          [
            -3.855346,
            7.053478
          ],
          [
            -3.858431,
            7.053362
          ],
          [
            -3.860726999999999,
            7.053161000000001
          ],
          [
            -3.863754,
            7.052816
          ],
          [
            -3.867803,
            7.052809
          ],
          [
            -3.870939,
            7.053212
          ],
          [
            -3.874594,
            7.053565
          ],
          [
            -3.882366,
            7.053884
          ],
          [
            -3.888172,
            7.054614
          ],
          [
            -3.892334,
            7.055253
          ],
          [
            -3.896898000000001,
            7.055721
          ],
          [
            -3.903889,
            7.056884999999999
          ],
          [
            -3.908372,
            7.057456
          ],
          [
            -3.914098,
            7.058528
          ],
          [
            -3.917512,
            7.059292
          ],
          [
            -3.919632,
            7.060079
          ],
          [
            -3.921384,
            7.060839
          ],
          [
            -3.922587,
            7.061516000000001
          ],
          [
            -3.925391,
            7.06282
          ],
          [
            -3.925905,
            7.063100999999999
          ],
          [
            -3.927104,
            7.063905999999999
          ],
          [
            -3.928252000000001,
            7.06479
          ],
          [
            -3.92915,
            7.065257
          ],
          [
            -3.930323,
            7.065573
          ],
          [
            -3.933677,
            7.066288
          ],
          [
            -3.936378,
            7.067194
          ],
          [
            -3.937888,
            7.067564
          ],
          [
            -3.939582999999999,
            7.067753999999999
          ],
          [
            -3.940438,
            7.06774
          ],
          [
            -3.945594,
            7.067456000000001
          ],
          [
            -3.950273000000001,
            7.066885
          ],
          [
            -3.951765,
            7.066863
          ],
          [
            -3.952953,
            7.067036000000001
          ],
          [
            -3.954849,
            7.06753
          ],
          [
            -3.95885,
            7.068026000000001
          ],
          [
            -3.95885,
            7.068026000000001
          ],
          [
            -3.959591,
            7.06587
          ],
          [
            -3.960009,
            7.064404
          ],
          [
            -3.96009,
            7.063572
          ],
          [
            -3.960194,
            7.061204
          ],
          [
            -3.960446,
            7.058529
          ],
          [
            -3.961013,
            7.054335999999999
          ],
          [
            -3.961387,
            7.052164
          ]
        ]
      },
      "properties": {
        "name": "Route",
        "folder": "FO EARTH",
        "stroke-width": 5,
        "stroke": "#FF0000"
      }
    },
    {
      "type": "Feature",
      "geometry": {
        "type": "LineString",
        "coordinates": [
          [
            -3.446667,
            7.090319000000001
          ],
          [
            -3.44793,
            7.091086
          ],
          [
            -3.448737,
            7.091804
          ],
          [
            -3.450702999999999,
            7.093947
          ],
          [
            -3.455458000000001,
            7.098676
          ],
          [
            -3.457214,
            7.100332
          ],
          [
            -3.458747,
            7.101573
          ],
          [
            -3.46226,
            7.104788
          ],
          [
            -3.463565,
            7.105449
          ],
          [
            -3.46498,
            7.106073
          ],
          [
            -3.468703,
            7.107006
          ],
          [
            -3.471461,
            7.107961999999999
          ],
          [
            -3.474956,
            7.109429
          ],
          [
            -3.476444,
            7.109955
          ],
          [
            -3.477429,
            7.110244
          ],
          [
            -3.479153999999999,
            7.110498000000001
          ],
          [
            -3.482877,
            7.110688
          ],
          [
            -3.483269,
            7.110824
          ],
          [
            -3.485004,
            7.111801
          ],
          [
            -3.485898,
            7.112236
          ],
          [
            -3.487057,
            7.112615999999999
          ],
          [
            -3.487914,
            7.112625000000001
          ],
          [
            -3.489082,
            7.112498
          ],
          [
            -3.490295999999999,
            7.1121
          ],
          [
            -3.492258,
            7.111031
          ],
          [
            -3.496649,
            7.107178
          ],
          [
            -3.499166,
            7.104650999999999
          ],
          [
            -3.500454,
            7.10359
          ],
          [
            -3.500839,
            7.10347
          ],
          [
            -3.501242,
            7.103425
          ],
          [
            -3.502737,
            7.103449
          ],
          [
            -3.503498,
            7.103406
          ],
          [
            -3.504562,
            7.103155
          ],
          [
            -3.50541,
            7.102852999999999
          ],
          [
            -3.507859,
            7.101824
          ],
          [
            -3.508286,
            7.101695
          ],
          [
            -3.51006,
            7.101625
          ],
          [
            -3.510704,
            7.10142
          ],
          [
            -3.51144,
            7.101066
          ],
          [
            -3.513233,
            7.099412000000001
          ],
          [
            -3.515321999999999,
            7.09718
          ],
          [
            -3.516214999999999,
            7.096652
          ],
          [
            -3.516836,
            7.096471
          ],
          [
            -3.517566,
            7.096453000000001
          ],
          [
            -3.518314,
            7.096507
          ],
          [
            -3.520614,
            7.096453000000001
          ],
          [
            -3.521654,
            7.096362000000001
          ],
          [
            -3.523187,
            7.096091
          ],
          [
            -3.52503,
            7.095547
          ],
          [
            -3.526016,
            7.095094
          ],
          [
            -3.527056,
            7.09475
          ],
          [
            -3.527877,
            7.094315999999999
          ],
          [
            -3.528516,
            7.094134999999999
          ],
          [
            -3.529118,
            7.094098
          ],
          [
            -3.529666,
            7.094207
          ],
          [
            -3.530195,
            7.094533
          ],
          [
            -3.530834,
            7.095239
          ],
          [
            -3.531455,
            7.096375999999999
          ],
          [
            -3.531628,
            7.096814
          ],
          [
            -3.532041,
            7.097328
          ],
          [
            -3.532514,
            7.097657
          ],
          [
            -3.534777,
            7.098961
          ],
          [
            -3.537824,
            7.100871999999999
          ],
          [
            -3.538298999999999,
            7.10127
          ],
          [
            -3.538628,
            7.101877
          ],
          [
            -3.539056,
            7.103009000000001
          ],
          [
            -3.539376,
            7.105028
          ],
          [
            -3.539586,
            7.106024
          ],
          [
            -3.540029,
            7.107081
          ],
          [
            -3.540455,
            7.107754
          ],
          [
            -3.541122,
            7.108164000000001
          ],
          [
            -3.541984,
            7.108552
          ],
          [
            -3.543019,
            7.109373999999999
          ],
          [
            -3.544283,
            7.110823
          ],
          [
            -3.545732,
            7.112899
          ],
          [
            -3.546387,
            7.113686
          ],
          [
            -3.547123000000001,
            7.115032
          ],
          [
            -3.54733,
            7.1155
          ],
          [
            -3.547823999999999,
            7.116059
          ],
          [
            -3.548583,
            7.116515
          ],
          [
            -3.550802,
            7.117679000000001
          ],
          [
            -3.552159000000001,
            7.118180999999999
          ],
          [
            -3.553285,
            7.119482
          ],
          [
            -3.554079,
            7.120531
          ],
          [
            -3.554964000000001,
            7.121101
          ],
          [
            -3.555587,
            7.121421
          ],
          [
            -3.556529,
            7.121708000000001
          ],
          [
            -3.557440999999999,
            7.121895
          ],
          [
            -3.560164,
            7.121996
          ],
          [
            -3.561656,
            7.122584999999999
          ],
          [
            -3.562757,
            7.123404000000001
          ],
          [
            -3.563703,
            7.123402
          ],
          [
            -3.564105,
            7.123276
          ],
          [
            -3.56445,
            7.123048
          ],
          [
            -3.565042000000001,
            7.122529
          ],
          [
            -3.565312,
            7.12237
          ],
          [
            -3.568013,
            7.121663000000001
          ],
          [
            -3.569089,
            7.121446000000001
          ],
          [
            -3.569765,
            7.121518
          ],
          [
            -3.570422,
            7.121917
          ],
          [
            -3.571079000000001,
            7.122967
          ],
          [
            -3.572228,
            7.124416000000001
          ],
          [
            -3.573013,
            7.125629
          ],
          [
            -3.573853,
            7.12639
          ],
          [
            -3.576497,
            7.12737
          ],
          [
            -3.579928,
            7.128384
          ],
          [
            -3.581543,
            7.128954
          ],
          [
            -3.584774,
            7.129534
          ],
          [
            -3.58575,
            7.129851
          ],
          [
            -3.587475,
            7.130266999999999
          ],
          [
            -3.589874000000001,
            7.130286
          ],
          [
            -3.590705,
            7.130141000000001
          ],
          [
            -3.591964,
            7.12967
          ],
          [
            -3.593488,
            7.129181
          ],
          [
            -3.594017000000001,
            7.129136
          ],
          [
            -3.596152,
            7.129226
          ],
          [
            -3.598607,
            7.129162999999999
          ],
          [
            -3.60286,
            7.128425
          ],
          [
            -3.604439,
            7.128295
          ],
          [
            -3.605583,
            7.128382
          ],
          [
            -3.606466,
            7.128597
          ],
          [
            -3.607292,
            7.128971
          ],
          [
            -3.608493999999999,
            7.129704
          ],
          [
            -3.609957,
            7.130278999999999
          ],
          [
            -3.612623,
            7.130666999999999
          ],
          [
            -3.61536,
            7.130854
          ],
          [
            -3.616346,
            7.130763
          ],
          [
            -3.617334,
            7.130147
          ],
          [
            -3.617909,
            7.129349
          ],
          [
            -3.618001000000001,
            7.128002
          ],
          [
            -3.617719,
            7.125344
          ],
          [
            -3.617523,
            7.124076999999999
          ],
          [
            -3.617706999999999,
            7.122914
          ],
          [
            -3.61813,
            7.12208
          ],
          [
            -3.618577,
            7.121519
          ],
          [
            -3.621335000000001,
            7.119211
          ],
          [
            -3.622613,
            7.117763
          ],
          [
            -3.625661,
            7.116919
          ],
          [
            -3.627075,
            7.116667999999999
          ],
          [
            -3.628006,
            7.116256999999999
          ],
          [
            -3.628581,
            7.115596000000001
          ],
          [
            -3.629776,
            7.114614
          ],
          [
            -3.631448,
            7.113926
          ],
          [
            -3.63262,
            7.113560000000001
          ],
          [
            -3.637632,
            7.11113
          ],
          [
            -3.641195999999999,
            7.109751
          ],
          [
            -3.645381,
            7.10845
          ],
          [
            -3.64764,
            7.107344000000001
          ],
          [
            -3.652304,
            7.104353999999999
          ],
          [
            -3.653868,
            7.103147000000001
          ],
          [
            -3.660792,
            7.100790000000001
          ],
          [
            -3.662472,
            7.099926999999999
          ],
          [
            -3.665618,
            7.097384
          ],
          [
            -3.667761,
            7.09433
          ],
          [
            -3.668731,
            7.093137
          ],
          [
            -3.669079,
            7.092505000000001
          ],
          [
            -3.669253,
            7.091988
          ],
          [
            -3.669441,
            7.091125
          ],
          [
            -3.669731000000001,
            7.088006
          ],
          [
            -3.669716,
            7.086626
          ],
          [
            -3.669867,
            7.085631000000001
          ],
          [
            -3.67035,
            7.084357000000001
          ],
          [
            -3.670834,
            7.083279
          ],
          [
            -3.671117,
            7.082826
          ],
          [
            -3.671801,
            7.082238
          ],
          [
            -3.672714,
            7.081803
          ],
          [
            -3.67992,
            7.079802
          ],
          [
            -3.684821,
            7.078044
          ],
          [
            -3.688051,
            7.076786
          ],
          [
            -3.688566,
            7.076377
          ],
          [
            -3.688993,
            7.075672
          ],
          [
            -3.689456,
            7.074478999999999
          ],
          [
            -3.689608,
            7.073250000000001
          ],
          [
            -3.689583,
            7.071229
          ],
          [
            -3.689721000000001,
            7.070545
          ],
          [
            -3.69002,
            7.069929
          ],
          [
            -3.690515,
            7.06957
          ],
          [
            -3.693217,
            7.068858000000001
          ],
          [
            -3.693861,
            7.068614
          ],
          [
            -3.697,
            7.066694000000001
          ],
          [
            -3.701408,
            7.063264
          ],
          [
            -3.702234,
            7.06248
          ],
          [
            -3.703297,
            7.06186
          ],
          [
            -3.703958000000001,
            7.061543
          ],
          [
            -3.704255,
            7.061470000000001
          ],
          [
            -3.704871,
            7.061467
          ],
          [
            -3.70997,
            7.062358
          ],
          [
            -3.715752,
            7.06396
          ],
          [
            -3.717385,
            7.064367
          ],
          [
            -3.71942,
            7.065015
          ],
          [
            -3.720222999999999,
            7.065418000000001
          ],
          [
            -3.72158,
            7.065856
          ],
          [
            -3.722822,
            7.066005
          ],
          [
            -3.724777,
            7.065771
          ],
          [
            -3.726014,
            7.065508
          ],
          [
            -3.727483,
            7.064748000000001
          ],
          [
            -3.730276,
            7.063458
          ],
          [
            -3.731851,
            7.062374
          ],
          [
            -3.732572,
            7.062055
          ],
          [
            -3.734271999999999,
            7.061785
          ],
          [
            -3.735893,
            7.061705
          ],
          [
            -3.737123,
            7.061945
          ],
          [
            -3.739147,
            7.062116
          ],
          [
            -3.74286,
            7.063416999999999
          ],
          [
            -3.743711,
            7.063622000000001
          ],
          [
            -3.74455,
            7.063622000000001
          ],
          [
            -3.745941000000001,
            7.063473999999999
          ],
          [
            -3.748597,
            7.063086000000001
          ],
          [
            -3.755886,
            7.062493
          ],
          [
            -3.763325000000001,
            7.062516
          ],
          [
            -3.764796,
            7.062424
          ],
          [
            -3.765463,
            7.062185000000001
          ],
          [
            -3.767716,
            7.060473
          ],
          [
            -3.769476000000001,
            7.059789
          ],
          [
            -3.770706,
            7.059537999999999
          ],
          [
            -3.772798,
            7.059423000000001
          ],
          [
            -3.777138,
            7.058772000000001
          ],
          [
            -3.780806,
            7.05851
          ],
          [
            -3.783105,
            7.058282
          ],
          [
            -3.786945,
            7.057814
          ],
          [
            -3.790636,
            7.057163
          ],
          [
            -3.793165000000001,
            7.056946
          ],
          [
            -3.797969,
            7.057261000000001
          ],
          [
            -3.809786,
            7.057194
          ],
          [
            -3.811866,
            7.057135999999999
          ],
          [
            -3.814166,
            7.057388
          ],
          [
            -3.818382,
            7.057741
          ],
          [
            -3.819859999999999,
            7.057661
          ],
          [
            -3.820865,
            7.05745
          ],
          [
            -3.825348,
            7.054871999999999
          ],
          [
            -3.83065,
            7.052423000000001
          ],
          [
            -3.832691,
            7.051545
          ],
          [
            -3.834565,
            7.050506
          ],
          [
            -3.836204,
            7.050013
          ],
          [
            -3.841672,
            7.050027
          ],
          [
            -3.843142,
            7.050372
          ],
          [
            -3.845416,
            7.051206000000001
          ],
          [
            -3.850841,
            7.052845000000001
          ],
          [
            -3.852405,
            7.05319
          ],
          [
            -3.855346,
            7.053478
          ],
          [
            -3.858431,
            7.053362
          ],
          [
            -3.860726999999999,
            7.053161000000001
          ],
          [
            -3.863754,
            7.052816
          ],
          [
            -3.867803,
            7.052809
          ],
          [
            -3.870939,
            7.053212
          ],
          [
            -3.874594,
            7.053565
          ],
          [
            -3.882366,
            7.053884
          ],
          [
            -3.888172,
            7.054614
          ],
          [
            -3.892334,
            7.055253
          ],
          [
            -3.896898000000001,
            7.055721
          ],
          [
            -3.903889,
            7.056884999999999
          ],
          [
            -3.908372,
            7.057456
          ],
          [
            -3.914098,
            7.058528
          ],
          [
            -3.917512,
            7.059292
          ],
          [
            -3.919632,
            7.060079
          ],
          [
            -3.921384,
            7.060839
          ],
          [
            -3.922587,
            7.061516000000001
          ],
          [
            -3.925391,
            7.06282
          ],
          [
            -3.925905,
            7.063100999999999
          ],
          [
            -3.927104,
            7.063905999999999
          ],
          [
            -3.928252000000001,
            7.06479
          ],
          [
            -3.92915,
            7.065257
          ],
          [
            -3.930323,
            7.065573
          ],
          [
            -3.933677,
            7.066288
          ],
          [
            -3.936378,
            7.067194
          ],
          [
            -3.937888,
            7.067564
          ],
          [
            -3.939582999999999,
            7.067753999999999
          ],
          [
            -3.940438,
            7.06774
          ],
          [
            -3.945594,
            7.067456000000001
          ],
          [
            -3.950273000000001,
            7.066885
          ],
          [
            -3.951765,
            7.066863
          ],
          [
            -3.952953,
            7.067036000000001
          ],
          [
            -3.954849,
            7.06753
          ],
          [
            -3.95885,
            7.068026000000001
          ],
          [
            -3.95885,
            7.068026000000001
          ],
          [
            -3.959591,
            7.06587
          ],
          [
            -3.960009,
            7.064404
          ],
          [
            -3.96009,
            7.063572
          ],
          [
            -3.960194,
            7.061204
          ],
          [
            -3.960446,
            7.058529
          ],
          [
            -3.961013,
            7.054335999999999
          ],
          [
            -3.961387,
            7.052164
          ]
        ]
      },
      "properties": {
        "name": "Route",
        "folder": "FO EARTH",
        "stroke-width": 5,
        "stroke": "#FF0000"
      }
    },
    {
      "type": "Feature",
      "geometry": {
        "type": "LineString",
        "coordinates": [
          [
            -4.440911,
            5.7217
          ],
          [
            -4.44043,
            5.721112
          ],
          [
            -4.44043,
            5.721112
          ],
          [
            -4.440733,
            5.720241
          ],
          [
            -4.44132,
            5.719498000000001
          ],
          [
            -4.4423,
            5.719418000000001
          ],
          [
            -4.443337,
            5.719778
          ],
          [
            -4.443777,
            5.719850000000001
          ],
          [
            -4.444051,
            5.719709
          ],
          [
            -4.444395,
            5.718852
          ],
          [
            -4.444628,
            5.718429
          ],
          [
            -4.445104,
            5.717814999999999
          ],
          [
            -4.44561,
            5.717583
          ],
          [
            -4.445951,
            5.717183
          ],
          [
            -4.446168,
            5.716707000000001
          ],
          [
            -4.446276,
            5.71618
          ],
          [
            -4.446914,
            5.715761
          ],
          [
            -4.447577,
            5.715425000000001
          ],
          [
            -4.451136,
            5.713839
          ],
          [
            -4.452705,
            5.713295
          ],
          [
            -4.454477,
            5.712419
          ],
          [
            -4.457037,
            5.711426
          ],
          [
            -4.460179,
            5.710657
          ],
          [
            -4.46171,
            5.710035
          ],
          [
            -4.462456,
            5.709679
          ],
          [
            -4.465695,
            5.707854000000001
          ],
          [
            -4.466571,
            5.707558
          ],
          [
            -4.467479,
            5.707469999999999
          ],
          [
            -4.469166,
            5.70671
          ],
          [
            -4.471266,
            5.704828000000001
          ],
          [
            -4.473413,
            5.702506
          ],
          [
            -4.47441,
            5.701664999999999
          ],
          [
            -4.475103,
            5.700915
          ],
          [
            -4.47565,
            5.700441
          ],
          [
            -4.476949,
            5.699576
          ],
          [
            -4.478323,
            5.69922
          ],
          [
            -4.479382,
            5.699195
          ],
          [
            -4.481372,
            5.698928
          ],
          [
            -4.482737,
            5.698471
          ],
          [
            -4.487251,
            5.69588
          ],
          [
            -4.488392,
            5.695104
          ],
          [
            -4.489558,
            5.694217
          ],
          [
            -4.49065,
            5.693825
          ],
          [
            -4.492024,
            5.692981
          ],
          [
            -4.493214,
            5.692504999999999
          ],
          [
            -4.49621,
            5.691673999999999
          ],
          [
            -4.497391,
            5.691265999999999
          ],
          [
            -4.499641,
            5.690649999999999
          ],
          [
            -4.50126,
            5.689932999999999
          ],
          [
            -4.502787,
            5.688936
          ],
          [
            -4.504031,
            5.68797
          ],
          [
            -4.508489,
            5.683217999999999
          ],
          [
            -4.508489,
            5.683217999999999
          ],
          [
            -4.511261,
            5.688843
          ],
          [
            -4.513321,
            5.691747
          ],
          [
            -4.514008,
            5.693626
          ],
          [
            -4.514093,
            5.697299
          ],
          [
            -4.514523,
            5.700799999999999
          ],
          [
            -4.515381,
            5.703533
          ],
          [
            -4.517098,
            5.707035000000001
          ],
          [
            -4.520445,
            5.710109999999999
          ],
          [
            -4.522247,
            5.711903
          ],
          [
            -4.524822,
            5.714892
          ],
          [
            -4.527483,
            5.717369
          ],
          [
            -4.530573,
            5.718394000000001
          ],
          [
            -4.532461,
            5.719760000000001
          ],
          [
            -4.534521,
            5.722237
          ],
          [
            -4.536152,
            5.725141
          ],
          [
            -4.537439,
            5.730606000000001
          ],
          [
            -4.539414,
            5.734364
          ],
          [
            -4.54319,
            5.736670000000001
          ],
          [
            -4.54731,
            5.740513
          ],
          [
            -4.550056,
            5.743929
          ],
          [
            -4.554262,
            5.749906999999999
          ],
          [
            -4.555206,
            5.752042
          ],
          [
            -4.556065,
            5.755885
          ],
          [
            -4.557009,
            5.760838
          ],
          [
            -4.559326,
            5.765364
          ],
          [
            -4.559927,
            5.769121
          ],
          [
            -4.56233,
            5.772025
          ],
          [
            -4.566708,
            5.777063
          ],
          [
            -4.56748,
            5.779454
          ],
          [
            -4.568338,
            5.783382
          ],
          [
            -4.571943,
            5.789189
          ],
          [
            -4.575376,
            5.793886
          ],
          [
            -4.577351,
            5.797472
          ],
          [
            -4.579411,
            5.802338999999999
          ],
          [
            -4.583187,
            5.810110000000001
          ],
          [
            -4.585934,
            5.813611
          ],
          [
            -4.589882,
            5.815148
          ],
          [
            -4.594774,
            5.816599
          ],
          [
            -4.598637,
            5.818734
          ],
          [
            -4.60207,
            5.821467000000001
          ],
          [
            -4.611168,
            5.829664
          ],
          [
            -4.617777,
            5.836068000000001
          ],
          [
            -4.621038,
            5.838458000000001
          ],
          [
            -4.626875,
            5.840422
          ],
          [
            -4.632797,
            5.842556999999999
          ],
          [
            -4.636059,
            5.844605999999999
          ],
          [
            -4.639664,
            5.847595
          ],
          [
            -4.642324,
            5.852035
          ],
          [
            -4.643955,
            5.857926
          ],
          [
            -4.645414,
            5.862195
          ],
          [
            -4.648762,
            5.867489
          ],
          [
            -4.650736,
            5.872014
          ],
          [
            -4.65138,
            5.873282
          ],
          [
            -4.65138,
            5.873282
          ],
          [
            -4.654622,
            5.879663
          ],
          [
            -4.654942,
            5.879783999999999
          ],
          [
            -4.663868,
            5.880381
          ],
          [
            -4.668846,
            5.880808
          ],
          [
            -4.672365,
            5.881490999999999
          ],
          [
            -4.679661,
            5.881747
          ],
          [
            -4.683523,
            5.882174
          ],
          [
            -4.701548,
            5.882856999999999
          ],
          [
            -4.704294,
            5.882601
          ],
          [
            -4.708157,
            5.881235
          ],
          [
            -4.717169,
            5.878844
          ],
          [
            -4.753475,
            5.868086
          ],
          [
            -4.760513,
            5.86561
          ],
          [
            -4.765405,
            5.867576
          ]
        ]
      },
      "properties": {
        "name": "Route",
        "folder": "FO EARTH",
        "stroke-width": 5,
        "stroke": "#FF0000"
      }
    },
    {
      "type": "Feature",
      "geometry": {
        "type": "LineString",
        "coordinates": [
          [
            -4.02004389090132,
            5.317083073198878
          ],
          [
            -4.018495931399291,
            5.315760810943904
          ],
          [
            -4.01743626591503,
            5.314508294191156
          ],
          [
            -4.013213233401577,
            5.317179702836457
          ],
          [
            -4.010453471886203,
            5.320048466842723
          ],
          [
            -4.014026494407635,
            5.323018949509312
          ],
          [
            -4.018232783869275,
            5.330063101328213
          ],
          [
            -4.018683003743816,
            5.335424263626112
          ],
          [
            -4.017783108600883,
            5.34120659524265
          ],
          [
            -4.025805431061945,
            5.341733183951297
          ],
          [
            -4.025758490529934,
            5.346441830889943
          ],
          [
            -4.025597271154144,
            5.349510811035016
          ],
          [
            -4.027116,
            5.355991
          ],
          [
            -4.026623,
            5.358046
          ],
          [
            -4.026605,
            5.358464
          ],
          [
            -4.02666,
            5.358714
          ],
          [
            -4.027373,
            5.360068
          ],
          [
            -4.02802,
            5.36114
          ],
          [
            -4.02863,
            5.362334
          ],
          [
            -4.02863,
            5.362334
          ],
          [
            -4.028577,
            5.3632
          ],
          [
            -4.028428,
            5.363749
          ],
          [
            -4.028428,
            5.363749
          ],
          [
            -4.028496,
            5.36422
          ],
          [
            -4.028595,
            5.364439
          ],
          [
            -4.028838,
            5.36466
          ],
          [
            -4.029158,
            5.364753
          ],
          [
            -4.029629,
            5.364694
          ],
          [
            -4.031119,
            5.36413
          ],
          [
            -4.035947,
            5.362556
          ],
          [
            -4.036533,
            5.36232
          ],
          [
            -4.03924,
            5.360742
          ],
          [
            -4.039713,
            5.360516
          ],
          [
            -4.040529,
            5.360238
          ],
          [
            -4.041356,
            5.360061
          ],
          [
            -4.04642,
            5.359419
          ],
          [
            -4.04825,
            5.359006
          ],
          [
            -4.051928,
            5.358025
          ],
          [
            -4.053077,
            5.357864
          ],
          [
            -4.054114,
            5.357904
          ],
          [
            -4.0549,
            5.358066
          ],
          [
            -4.057137,
            5.358863
          ],
          [
            -4.058483,
            5.359134
          ],
          [
            -4.074039,
            5.360164
          ],
          [
            -4.075463,
            5.360327
          ],
          [
            -4.076766,
            5.360637
          ],
          [
            -4.077951,
            5.361136
          ],
          [
            -4.086267,
            5.365541
          ],
          [
            -4.087414,
            5.365996
          ],
          [
            -4.088445,
            5.366163
          ],
          [
            -4.094086,
            5.366224
          ],
          [
            -4.096762,
            5.366192
          ],
          [
            -4.098874,
            5.366388
          ],
          [
            -4.09913,
            5.366359
          ],
          [
            -4.100347,
            5.366745
          ],
          [
            -4.102127,
            5.367513
          ],
          [
            -4.104028,
            5.368496
          ],
          [
            -4.107623,
            5.370061
          ],
          [
            -4.109654,
            5.370782
          ],
          [
            -4.111522,
            5.371323
          ],
          [
            -4.113358,
            5.37173
          ],
          [
            -4.118076,
            5.372499
          ],
          [
            -4.119272,
            5.372984
          ],
          [
            -4.11973,
            5.373228
          ],
          [
            -4.120382,
            5.373681
          ],
          [
            -4.1211,
            5.37436
          ],
          [
            -4.122689,
            5.376398
          ],
          [
            -4.123271,
            5.377059
          ],
          [
            -4.124252,
            5.37787
          ],
          [
            -4.12506,
            5.37836
          ],
          [
            -4.125805,
            5.378627
          ],
          [
            -4.127265,
            5.378957
          ],
          [
            -4.130766,
            5.379649
          ],
          [
            -4.13215,
            5.380161
          ],
          [
            -4.133169,
            5.380684
          ],
          [
            -4.136086,
            5.382692
          ],
          [
            -4.138486,
            5.384688
          ],
          [
            -4.138871,
            5.385022
          ],
          [
            -4.140048,
            5.386508
          ],
          [
            -4.14053,
            5.387405
          ],
          [
            -4.140861,
            5.388495
          ],
          [
            -4.141042,
            5.38966
          ],
          [
            -4.141211,
            5.39169
          ],
          [
            -4.141403,
            5.392673
          ],
          [
            -4.14168,
            5.393528
          ],
          [
            -4.142236,
            5.394661
          ],
          [
            -4.14448,
            5.398111
          ],
          [
            -4.145701,
            5.399834
          ],
          [
            -4.146472,
            5.400711
          ],
          [
            -4.148868,
            5.402775
          ],
          [
            -4.152387,
            5.405617
          ],
          [
            -4.152827,
            5.406075
          ],
          [
            -4.154653,
            5.407634
          ],
          [
            -4.155654,
            5.40866
          ],
          [
            -4.157589,
            5.411117
          ],
          [
            -4.158335,
            5.412468
          ],
          [
            -4.159091,
            5.41414
          ],
          [
            -4.159622,
            5.415731
          ],
          [
            -4.160518,
            5.418758
          ],
          [
            -4.161034,
            5.420024
          ],
          [
            -4.161426,
            5.420793
          ],
          [
            -4.162011,
            5.421621
          ],
          [
            -4.162794,
            5.422507
          ],
          [
            -4.163808,
            5.423576
          ],
          [
            -4.167402,
            5.427138
          ],
          [
            -4.168341,
            5.428152
          ],
          [
            -4.168893,
            5.428868
          ],
          [
            -4.169762,
            5.430518
          ],
          [
            -4.170696,
            5.432846
          ],
          [
            -4.171318,
            5.434096
          ],
          [
            -4.17208,
            5.435233
          ],
          [
            -4.174912,
            5.438678
          ],
          [
            -4.175652,
            5.439799
          ],
          [
            -4.176274,
            5.441001
          ],
          [
            -4.176769,
            5.442147
          ],
          [
            -4.178452,
            5.44821
          ],
          [
            -4.178935,
            5.449743
          ],
          [
            -4.179547,
            5.451265
          ],
          [
            -4.180003,
            5.452098
          ],
          [
            -4.180437,
            5.452851
          ],
          [
            -4.181419,
            5.454138
          ],
          [
            -4.182279,
            5.455079
          ],
          [
            -4.183495,
            5.456178
          ],
          [
            -4.184584,
            5.45727
          ],
          [
            -4.185458,
            5.4583
          ],
          [
            -4.185458,
            5.4583
          ],
          [
            -4.186126,
            5.459288
          ],
          [
            -4.187248,
            5.461294
          ],
          [
            -4.187524,
            5.461619
          ],
          [
            -4.188205,
            5.462741
          ],
          [
            -4.188859,
            5.463515
          ],
          [
            -4.189294,
            5.463921
          ],
          [
            -4.190067,
            5.464503
          ],
          [
            -4.190785,
            5.464919
          ],
          [
            -4.191824,
            5.465371
          ],
          [
            -4.194261,
            5.466073
          ],
          [
            -4.195662,
            5.466596
          ],
          [
            -4.197153,
            5.467317
          ],
          [
            -4.198312,
            5.468081
          ],
          [
            -4.201332,
            5.470388
          ],
          [
            -4.204068,
            5.472598
          ],
          [
            -4.205752,
            5.473848
          ],
          [
            -4.206978,
            5.474853
          ],
          [
            -4.212179,
            5.478867
          ],
          [
            -4.212801,
            5.479434
          ],
          [
            -4.213842,
            5.480608
          ],
          [
            -4.217226,
            5.48519
          ],
          [
            -4.2178,
            5.485879
          ],
          [
            -4.218289,
            5.486327
          ],
          [
            -4.218922,
            5.486818
          ],
          [
            -4.219592,
            5.487256
          ],
          [
            -4.220461,
            5.487668
          ],
          [
            -4.221822,
            5.487935
          ],
          [
            -4.221846,
            5.488045
          ],
          [
            -4.2241,
            5.488745
          ],
          [
            -4.22604,
            5.489692
          ],
          [
            -4.226756,
            5.490157
          ],
          [
            -4.232615,
            5.494549
          ],
          [
            -4.23321,
            5.495093
          ],
          [
            -4.235503,
            5.497705
          ],
          [
            -4.236184,
            5.49838
          ],
          [
            -4.236972,
            5.499121
          ],
          [
            -4.238548,
            5.500278
          ],
          [
            -4.23941,
            5.500747
          ],
          [
            -4.240474,
            5.501238
          ],
          [
            -4.241398,
            5.501566
          ],
          [
            -4.242986,
            5.502034
          ],
          [
            -4.257116,
            5.505337
          ],
          [
            -4.261869,
            5.506383
          ],
          [
            -4.263393,
            5.506816
          ],
          [
            -4.263918,
            5.507051
          ],
          [
            -4.264621,
            5.507489
          ],
          [
            -4.266874,
            5.509064
          ],
          [
            -4.268076,
            5.509795
          ],
          [
            -4.268875,
            5.51018
          ],
          [
            -4.270206,
            5.510543
          ],
          [
            -4.271176,
            5.510655
          ],
          [
            -4.272566,
            5.510612
          ],
          [
            -4.273349,
            5.510484
          ],
          [
            -4.276364,
            5.509689
          ],
          [
            -4.277313,
            5.509528
          ],
          [
            -4.278005,
            5.509486
          ],
          [
            -4.279406,
            5.509582
          ],
          [
            -4.280425,
            5.509779
          ],
          [
            -4.281235,
            5.510078
          ],
          [
            -4.281943,
            5.510425
          ],
          [
            -4.283075,
            5.511221
          ],
          [
            -4.283574,
            5.511638
          ],
          [
            -4.284185,
            5.512225
          ],
          [
            -4.284926,
            5.513207
          ],
          [
            -4.285435,
            5.514174
          ],
          [
            -4.28801,
            5.519722
          ],
          [
            -4.288992,
            5.521574
          ],
          [
            -4.29,
            5.523406
          ],
          [
            -4.293852,
            5.52984
          ],
          [
            -4.294619,
            5.530983
          ],
          [
            -4.295536,
            5.53196
          ],
          [
            -4.298127,
            5.53417
          ],
          [
            -4.301748,
            5.536963
          ],
          [
            -4.302918,
            5.537566
          ],
          [
            -4.306292,
            5.538778
          ],
          [
            -4.307123,
            5.539125
          ],
          [
            -4.307939,
            5.539547
          ],
          [
            -4.309639,
            5.540487
          ],
          [
            -4.317504,
            5.545266
          ],
          [
            -4.319231,
            5.546269
          ],
          [
            -4.320476,
            5.547262
          ],
          [
            -4.322777,
            5.549473
          ],
          [
            -4.324016,
            5.550471
          ],
          [
            -4.324531,
            5.550776
          ],
          [
            -4.325234,
            5.551128
          ],
          [
            -4.326183,
            5.551496
          ],
          [
            -4.327261,
            5.551822
          ],
          [
            -4.329949,
            5.552404
          ],
          [
            -4.330561,
            5.552612
          ],
          [
            -4.331483,
            5.553018
          ],
          [
            -4.334337,
            5.554566
          ],
          [
            -4.339133,
            5.557295
          ],
          [
            -4.340549,
            5.558192
          ],
          [
            -4.341965,
            5.55934
          ],
          [
            -4.344685,
            5.561721
          ],
          [
            -4.345479,
            5.562314
          ],
          [
            -4.346375,
            5.562853
          ],
          [
            -4.347228,
            5.563232
          ],
          [
            -4.348006,
            5.563478
          ],
          [
            -4.352855,
            5.564433
          ],
          [
            -4.353628,
            5.564642
          ],
          [
            -4.354792,
            5.565042
          ],
          [
            -4.35653,
            5.565891
          ],
          [
            -4.362592,
            5.569917
          ],
          [
            -4.364721,
            5.571422
          ],
          [
            -4.365821,
            5.572426
          ],
          [
            -4.368026,
            5.574663
          ],
          [
            -4.36897,
            5.575443
          ],
          [
            -4.369624,
            5.575907
          ],
          [
            -4.370611,
            5.576521
          ],
          [
            -4.372049,
            5.577055
          ],
          [
            -4.375563,
            5.578133
          ],
          [
            -4.377156,
            5.57886
          ],
          [
            -4.378304,
            5.579522
          ],
          [
            -4.378915,
            5.579943
          ],
          [
            -4.379779,
            5.580573
          ],
          [
            -4.381142,
            5.581828
          ],
          [
            -4.381893,
            5.58273
          ],
          [
            -4.38348,
            5.584935
          ],
          [
            -4.384081,
            5.585629
          ],
          [
            -4.385251,
            5.586649
          ],
          [
            -4.393753,
            5.591758
          ],
          [
            -4.39753,
            5.593921
          ],
          [
            -4.398592,
            5.59438
          ],
          [
            -4.399912,
            5.594802
          ],
          [
            -4.402245,
            5.5954
          ],
          [
            -4.403624,
            5.595939
          ],
          [
            -4.404831,
            5.596211
          ],
          [
            -4.405775,
            5.597023
          ],
          [
            -4.406848,
            5.598389
          ],
          [
            -4.408307,
            5.59997
          ],
          [
            -4.409938,
            5.601934
          ],
          [
            -4.411225,
            5.60313
          ],
          [
            -4.412212,
            5.604283
          ],
          [
            -4.413843,
            5.605052
          ],
          [
            -4.415259,
            5.60565
          ],
          [
            -4.418135,
            5.606163
          ],
          [
            -4.421053,
            5.606931
          ],
          [
            -4.423971,
            5.607358
          ],
          [
            -4.42586,
            5.608383
          ],
          [
            -4.429293,
            5.610434
          ],
          [
            -4.433327,
            5.613252
          ],
          [
            -4.437017,
            5.615559
          ],
          [
            -4.439249,
            5.618377
          ],
          [
            -4.44191,
            5.622392
          ],
          [
            -4.445686,
            5.628713000000001
          ],
          [
            -4.449635,
            5.633837999999999
          ],
          [
            -4.451952,
            5.635632
          ],
          [
            -4.455299,
            5.637426
          ],
          [
            -4.45899,
            5.639134
          ],
          [
            -4.464483,
            5.640757000000001
          ],
          [
            -4.468088,
            5.642636
          ],
          [
            -4.471607,
            5.645369
          ],
          [
            -4.47504,
            5.646992000000001
          ],
          [
            -4.47813,
            5.648187999999999
          ],
          [
            -4.482079,
            5.649811
          ],
          [
            -4.48431,
            5.651434
          ],
          [
            -4.489117,
            5.656301999999999
          ],
          [
            -4.491777,
            5.659633
          ],
          [
            -4.494266,
            5.663391
          ],
          [
            -4.500532,
            5.67142
          ],
          [
            -4.50654,
            5.679278000000001
          ],
          [
            -4.508489,
            5.683217999999999
          ],
          [
            -4.508489,
            5.683217999999999
          ],
          [
            -4.504031,
            5.68797
          ],
          [
            -4.502787,
            5.688936
          ],
          [
            -4.50126,
            5.689932999999999
          ],
          [
            -4.499641,
            5.690649999999999
          ],
          [
            -4.497391,
            5.691265999999999
          ],
          [
            -4.49621,
            5.691673999999999
          ],
          [
            -4.493214,
            5.692504999999999
          ],
          [
            -4.492024,
            5.692981
          ],
          [
            -4.49065,
            5.693825
          ],
          [
            -4.489558,
            5.694217
          ],
          [
            -4.488392,
            5.695104
          ],
          [
            -4.487251,
            5.69588
          ],
          [
            -4.482737,
            5.698471
          ],
          [
            -4.481372,
            5.698928
          ],
          [
            -4.479382,
            5.699195
          ],
          [
            -4.478323,
            5.69922
          ],
          [
            -4.476949,
            5.699576
          ],
          [
            -4.47565,
            5.700441
          ],
          [
            -4.475103,
            5.700915
          ],
          [
            -4.47441,
            5.701664999999999
          ],
          [
            -4.473413,
            5.702506
          ],
          [
            -4.471266,
            5.704828000000001
          ],
          [
            -4.469166,
            5.70671
          ],
          [
            -4.467479,
            5.707469999999999
          ],
          [
            -4.466571,
            5.707558
          ],
          [
            -4.465695,
            5.707854000000001
          ],
          [
            -4.462456,
            5.709679
          ],
          [
            -4.46171,
            5.710035
          ],
          [
            -4.460179,
            5.710657
          ],
          [
            -4.457037,
            5.711426
          ],
          [
            -4.454477,
            5.712419
          ],
          [
            -4.452705,
            5.713295
          ],
          [
            -4.451136,
            5.713839
          ],
          [
            -4.447577,
            5.715425000000001
          ],
          [
            -4.446914,
            5.715761
          ],
          [
            -4.446276,
            5.71618
          ],
          [
            -4.446168,
            5.716707000000001
          ],
          [
            -4.445951,
            5.717183
          ],
          [
            -4.44561,
            5.717583
          ],
          [
            -4.445104,
            5.717814999999999
          ],
          [
            -4.444628,
            5.718429
          ],
          [
            -4.444395,
            5.718852
          ],
          [
            -4.444051,
            5.719709
          ],
          [
            -4.443777,
            5.719850000000001
          ],
          [
            -4.443337,
            5.719778
          ],
          [
            -4.4423,
            5.719418000000001
          ],
          [
            -4.44132,
            5.719498000000001
          ],
          [
            -4.440733,
            5.720241
          ],
          [
            -4.44043,
            5.721112
          ],
          [
            -4.44043,
            5.721112
          ],
          [
            -4.440911,
            5.7217
          ]
        ]
      },
      "properties": {
        "name": "Route",
        "folder": "FO EARTH",
        "stroke-width": 5,
        "stroke": "#FF0000"
      }
    },
    {
      "type": "Feature",
      "geometry": {
        "type": "LineString",
        "coordinates": [
          [
            -4.256317,
            7.282368999999999
          ],
          [
            -4.254694,
            7.283129
          ],
          [
            -4.254694,
            7.283129
          ],
          [
            -4.25703,
            7.286275
          ],
          [
            -4.261064,
            7.290873
          ],
          [
            -4.264584,
            7.2953
          ],
          [
            -4.266987,
            7.299301
          ],
          [
            -4.268618,
            7.303216999999999
          ],
          [
            -4.270763,
            7.312752
          ],
          [
            -4.272137,
            7.316924
          ],
          [
            -4.27351,
            7.319988
          ],
          [
            -4.275141,
            7.321946
          ],
          [
            -4.279432,
            7.325010999999999
          ],
          [
            -4.283724,
            7.328246
          ],
          [
            -4.289389,
            7.334035000000001
          ],
          [
            -4.294195,
            7.338632
          ],
          [
            -4.297886,
            7.341695999999999
          ],
          [
            -4.301405,
            7.345868
          ],
          [
            -4.304581,
            7.349528
          ],
          [
            -4.306225,
            7.351521
          ],
          [
            -4.306898,
            7.352422
          ],
          [
            -4.307327,
            7.353187999999999
          ],
          [
            -4.311104,
            7.356168
          ],
          [
            -4.31428,
            7.357785
          ],
          [
            -4.316511,
            7.359488
          ],
          [
            -4.31737,
            7.363318000000001
          ],
          [
            -4.318228,
            7.370809
          ],
          [
            -4.319429,
            7.37515
          ],
          [
            -4.321489,
            7.379490999999999
          ],
          [
            -4.322777,
            7.384257999999999
          ],
          [
            -4.323378,
            7.388514000000001
          ],
          [
            -4.324665,
            7.391747999999999
          ],
          [
            -4.326553,
            7.395919
          ],
          [
            -4.329557,
            7.403664
          ],
          [
            -4.332647,
            7.409793
          ],
          [
            -4.336767,
            7.420857000000001
          ],
          [
            -4.338999,
            7.425624
          ],
          [
            -4.340286,
            7.429709
          ],
          [
            -4.342518,
            7.432347
          ],
          [
            -4.343119,
            7.434518
          ],
          [
            -4.342947,
            7.436858000000001
          ],
          [
            -4.342003,
            7.439837
          ],
          [
            -4.341831,
            7.442135
          ],
          [
            -4.342089,
            7.445114
          ],
          [
            -4.346294,
            7.449114
          ],
          [
            -4.346454,
            7.449144
          ]
        ]
      },
      "properties": {
        "name": "Route",
        "folder": "FO EARTH",
        "stroke-width": 5,
        "stroke": "#FF0000"
      }
    },
    {
      "type": "Feature",
      "geometry": {
        "type": "LineString",
        "coordinates": [
          [
            -4.761934,
            5.863274
          ],
          [
            -4.762487,
            5.863732
          ],
          [
            -4.765148,
            5.866208
          ],
          [
            -4.765663,
            5.870477
          ],
          [
            -4.766264,
            5.872269999999999
          ],
          [
            -4.769182,
            5.876454
          ],
          [
            -4.771414,
            5.879441999999999
          ],
          [
            -4.773216,
            5.882772
          ],
          [
            -4.775104,
            5.889944
          ],
          [
            -4.77665,
            5.893017
          ],
          [
            -4.778967,
            5.896090999999999
          ],
          [
            -4.781027,
            5.899334999999999
          ],
          [
            -4.783258,
            5.901555
          ],
          [
            -4.785061,
            5.90275
          ],
          [
            -4.787378,
            5.904031
          ],
          [
            -4.789095,
            5.906677
          ],
          [
            -4.790125,
            5.907958
          ],
          [
            -4.794416,
            5.911971
          ],
          [
            -4.796991,
            5.915215
          ],
          [
            -4.795704,
            5.923495999999999
          ],
          [
            -4.794846,
            5.926910999999999
          ],
          [
            -4.793386,
            5.930923
          ],
          [
            -4.793215,
            5.935192
          ],
          [
            -4.793215,
            5.941424
          ],
          [
            -4.793301,
            5.94757
          ],
          [
            -4.793386,
            5.962083
          ],
          [
            -4.795446,
            5.971302
          ],
          [
            -4.796305,
            5.975741000000001
          ],
          [
            -4.79785,
            5.980095
          ],
          [
            -4.805574,
            5.987692000000001
          ],
          [
            -4.807634,
            5.988546
          ],
          [
            -4.809437,
            5.988631
          ],
          [
            -4.810896,
            5.988375
          ],
          [
            -4.812784,
            5.988204
          ],
          [
            -4.814844,
            5.988375
          ],
          [
            -4.81699,
            5.988631
          ],
          [
            -4.818878,
            5.98957
          ],
          [
            -4.820423,
            5.990851
          ],
          [
            -4.821968,
            5.99307
          ],
          [
            -4.822998,
            5.995203999999999
          ],
          [
            -4.823513,
            5.99785
          ],
          [
            -4.823685,
            6.00135
          ],
          [
            -4.823685,
            6.009714999999999
          ],
          [
            -4.82377,
            6.012703
          ],
          [
            -4.824371,
            6.015093
          ],
          [
            -4.82523,
            6.017227
          ],
          [
            -4.82626,
            6.019019
          ],
          [
            -4.827719,
            6.020641
          ],
          [
            -4.831667,
            6.023373
          ],
          [
            -4.836559,
            6.026019
          ],
          [
            -4.845486,
            6.031823
          ],
          [
            -4.848661,
            6.034126999999999
          ],
          [
            -4.850979,
            6.036603
          ],
          [
            -4.853468,
            6.040273
          ],
          [
            -4.856386,
            6.043687
          ],
          [
            -4.859991,
            6.047528
          ],
          [
            -4.861278,
            6.048723
          ],
          [
            -4.864197,
            6.050685999999999
          ],
          [
            -4.868917,
            6.053673
          ],
          [
            -4.873896,
            6.056661
          ],
          [
            -4.876728,
            6.058538
          ],
          [
            -4.880419,
            6.060672
          ],
          [
            -4.883337,
            6.06255
          ],
          [
            -4.886427,
            6.06494
          ],
          [
            -4.894323,
            6.071341
          ],
          [
            -4.896812,
            6.073560000000001
          ],
          [
            -4.899216,
            6.075182
          ],
          [
            -4.902477,
            6.076973999999999
          ],
          [
            -4.909172,
            6.081156
          ],
          [
            -4.91149,
            6.083034
          ],
          [
            -4.913721,
            6.086277
          ],
          [
            -4.918013,
            6.092336
          ],
          [
            -4.92136,
            6.097543
          ],
          [
            -4.921789,
            6.100188000000001
          ],
          [
            -4.922991,
            6.109235
          ],
          [
            -4.924364,
            6.113331
          ],
          [
            -4.92548,
            6.117598
          ],
          [
            -4.925308,
            6.120072999999999
          ],
          [
            -4.925566,
            6.12306
          ],
          [
            -4.927111,
            6.129289999999999
          ],
          [
            -4.929085,
            6.131765
          ],
          [
            -4.930201,
            6.134068999999999
          ],
          [
            -4.932346,
            6.140128
          ],
          [
            -4.933548,
            6.143115
          ],
          [
            -4.934921,
            6.147126
          ],
          [
            -4.934921,
            6.149686
          ],
          [
            -4.93475,
            6.152502
          ],
          [
            -4.933634,
            6.154976999999999
          ],
          [
            -4.933462,
            6.157708
          ],
          [
            -4.934492,
            6.160437999999999
          ],
          [
            -4.935694,
            6.162827999999999
          ],
          [
            -4.936466,
            6.165388000000001
          ],
          [
            -4.936466,
            6.168374
          ],
          [
            -4.93638,
            6.173068
          ],
          [
            -4.936466,
            6.175884
          ],
          [
            -4.937239,
            6.1787
          ],
          [
            -4.93741,
            6.180918
          ],
          [
            -4.936981,
            6.183649
          ],
          [
            -4.93638,
            6.18655
          ],
          [
            -4.935608,
            6.188854000000001
          ],
          [
            -4.934492,
            6.190817
          ],
          [
            -4.933806,
            6.193375999999999
          ],
          [
            -4.934149,
            6.195254
          ],
          [
            -4.93432,
            6.197387
          ],
          [
            -4.934063,
            6.200117
          ],
          [
            -4.933548,
            6.201653
          ],
          [
            -4.932432,
            6.203104000000001
          ],
          [
            -4.932089,
            6.204981000000001
          ],
          [
            -4.932776,
            6.207114
          ],
          [
            -4.932861,
            6.208736000000001
          ],
          [
            -4.93226,
            6.210101
          ],
          [
            -4.931574,
            6.212062999999999
          ],
          [
            -4.931746,
            6.214197000000001
          ],
          [
            -4.931402,
            6.216415
          ],
          [
            -4.93166,
            6.218378
          ],
          [
            -4.931402,
            6.221705
          ],
          [
            -4.930801,
            6.223156
          ],
          [
            -4.929342,
            6.224094
          ],
          [
            -4.928742,
            6.225716000000001
          ],
          [
            -4.928999,
            6.231006
          ],
          [
            -4.929771,
            6.233309
          ],
          [
            -4.930458,
            6.235697999999999
          ],
          [
            -4.930716,
            6.23749
          ],
          [
            -4.931059,
            6.245937
          ],
          [
            -4.930801,
            6.250203
          ],
          [
            -4.931316,
            6.255152
          ],
          [
            -4.93269,
            6.258394
          ],
          [
            -4.935951,
            6.263598
          ],
          [
            -4.938183,
            6.266071999999999
          ],
          [
            -4.94153,
            6.268717
          ],
          [
            -4.945049,
            6.271789
          ],
          [
            -4.947882,
            6.273666
          ],
          [
            -4.949255,
            6.274775
          ],
          [
            -4.950371,
            6.276396
          ],
          [
            -4.951229,
            6.278784999999999
          ],
          [
            -4.952345,
            6.282197
          ],
          [
            -4.95595,
            6.289789999999999
          ],
          [
            -4.957495,
            6.293459
          ],
          [
            -4.958096,
            6.295677
          ],
          [
            -4.958868,
            6.300284
          ],
          [
            -4.960327,
            6.303952
          ],
          [
            -4.961958,
            6.306341
          ],
          [
            -4.965391,
            6.309583
          ],
          [
            -4.967794,
            6.312142000000001
          ],
          [
            -4.969254,
            6.313165999999999
          ],
          [
            -4.971142,
            6.315469
          ],
          [
            -4.971657,
            6.31982
          ],
          [
            -4.971914,
            6.323318
          ],
          [
            -4.973202,
            6.326815
          ],
          [
            -4.974575,
            6.330995
          ],
          [
            -4.975004,
            6.334578
          ],
          [
            -4.975262,
            6.339697
          ],
          [
            -4.976034,
            6.344131999999999
          ],
          [
            -4.975605,
            6.346692000000001
          ],
          [
            -4.974747,
            6.350018
          ],
          [
            -4.974318,
            6.352407
          ],
          [
            -4.974232,
            6.355051
          ],
          [
            -4.975348,
            6.358208000000001
          ],
          [
            -4.975777,
            6.361108
          ],
          [
            -4.975777,
            6.363581999999999
          ],
          [
            -4.975519,
            6.366226
          ],
          [
            -4.975519,
            6.368956
          ],
          [
            -4.975348,
            6.373818
          ],
          [
            -4.975519,
            6.376462
          ],
          [
            -4.976292,
            6.378424
          ],
          [
            -4.977408,
            6.380556
          ],
          [
            -4.979382,
            6.382517999999999
          ],
          [
            -4.983759,
            6.386698
          ],
          [
            -4.985561,
            6.389598
          ],
          [
            -4.986506,
            6.392498
          ],
          [
            -4.987021,
            6.403331
          ],
          [
            -4.986591,
            6.405207
          ],
          [
            -4.985733,
            6.408278
          ],
          [
            -4.983759,
            6.41604
          ],
          [
            -4.982472,
            6.41911
          ],
          [
            -4.981356,
            6.425507
          ],
          [
            -4.981356,
            6.430966000000001
          ],
          [
            -4.980926,
            6.439836
          ],
          [
            -4.980755,
            6.442309
          ],
          [
            -4.980926,
            6.453823
          ],
          [
            -4.980497,
            6.456723
          ],
          [
            -4.98024,
            6.459537
          ],
          [
            -4.980068,
            6.464057
          ],
          [
            -4.980154,
            6.468407000000001
          ],
          [
            -4.980755,
            6.473694
          ],
          [
            -4.980926,
            6.477447
          ],
          [
            -4.981699,
            6.480773
          ],
          [
            -4.983673,
            6.483672
          ],
          [
            -4.986334,
            6.486913
          ],
          [
            -4.989413,
            6.490506
          ],
          [
            -4.99099,
            6.491913
          ],
          [
            -4.992707,
            6.493821000000001
          ],
          [
            -4.996773,
            6.497829
          ],
          [
            -4.997824,
            6.49881
          ],
          [
            -4.999938,
            6.500164
          ],
          [
            -5.001215,
            6.501239999999999
          ],
          [
            -5.001826,
            6.501922
          ],
          [
            -5.002974,
            6.503563999999999
          ],
          [
            -5.005238,
            6.506933
          ],
          [
            -5.006021,
            6.508285999999999
          ],
          [
            -5.007094,
            6.509491000000001
          ],
          [
            -5.009009,
            6.511207
          ],
          [
            -5.009948,
            6.511953
          ],
          [
            -5.010838,
            6.512934
          ],
          [
            -5.01189,
            6.514565000000001
          ],
          [
            -5.01322,
            6.517939
          ],
          [
            -5.013714,
            6.519404000000001
          ],
          [
            -5.015785,
            6.524679
          ],
          [
            -5.016503,
            6.526717
          ],
          [
            -5.016954,
            6.529733
          ],
          [
            -5.017319,
            6.532792
          ],
          [
            -5.017619,
            6.534839
          ],
          [
            -5.018038,
            6.538761999999999
          ],
          [
            -5.017812,
            6.545924
          ],
          [
            -5.017523,
            6.553023000000001
          ],
          [
            -5.017544,
            6.553833
          ],
          [
            -5.017898,
            6.555538999999999
          ],
          [
            -5.017898,
            6.555538999999999
          ],
          [
            -5.01809,
            6.555512000000001
          ]
        ]
      },
      "properties": {
        "name": "Route",
        "folder": "FO EARTH",
        "stroke-width": 5,
        "stroke": "#FF0000"
      }
    },
    {
      "type": "Feature",
      "geometry": {
        "type": "LineString",
        "coordinates": [
          [
            -5.019671,
            6.551504
          ],
          [
            -5.018434,
            6.551051000000001
          ],
          [
            -5.017606,
            6.550919
          ],
          [
            -5.017606,
            6.550919
          ],
          [
            -5.017523,
            6.553023000000001
          ],
          [
            -5.017544,
            6.553833
          ],
          [
            -5.017898,
            6.555538999999999
          ],
          [
            -5.017898,
            6.555538999999999
          ],
          [
            -5.014916,
            6.556049999999999
          ],
          [
            -5.013585,
            6.556135
          ],
          [
            -5.011718,
            6.556455
          ],
          [
            -5.010356,
            6.556775
          ],
          [
            -5.005732,
            6.558288
          ],
          [
            -5.002706,
            6.559184
          ],
          [
            -4.997664,
            6.560420000000001
          ],
          [
            -4.996945,
            6.560559
          ],
          [
            -4.996129,
            6.560591000000001
          ],
          [
            -4.99114,
            6.559930000000001
          ],
          [
            -4.990185,
            6.559723
          ],
          [
            -4.988029,
            6.559482
          ],
          [
            -4.976034,
            6.557798
          ],
          [
            -4.971185,
            6.556924
          ],
          [
            -4.968781,
            6.556636
          ],
          [
            -4.952488,
            6.555
          ],
          [
            -4.951744,
            6.555037999999999
          ],
          [
            -4.949942,
            6.555251000000001
          ],
          [
            -4.944599,
            6.556317
          ],
          [
            -4.94094,
            6.556977
          ],
          [
            -4.939985,
            6.556913
          ],
          [
            -4.937153,
            6.556358999999999
          ],
          [
            -4.935747,
            6.556028999999999
          ],
          [
            -4.934095,
            6.555379
          ],
          [
            -4.93313,
            6.555080000000001
          ],
          [
            -4.932175,
            6.554963
          ],
          [
            -4.927229,
            6.555218999999999
          ],
          [
            -4.925147,
            6.555218999999999
          ],
          [
            -4.923634,
            6.555037999999999
          ],
          [
            -4.922014,
            6.55476
          ],
          [
            -4.920437,
            6.554601
          ],
          [
            -4.918732,
            6.554803
          ],
          [
            -4.917315,
            6.555196999999999
          ],
          [
            -4.910781,
            6.558234999999999
          ],
          [
            -4.902552,
            6.562733
          ],
          [
            -4.896147,
            6.566165
          ],
          [
            -4.891834,
            6.567667999999999
          ],
          [
            -4.8878,
            6.570140999999999
          ],
          [
            -4.881964,
            6.57321
          ],
          [
            -4.875011,
            6.577133
          ],
          [
            -4.872351,
            6.577815
          ],
          [
            -4.865141,
            6.581396
          ],
          [
            -4.854841,
            6.585915
          ],
          [
            -4.850721,
            6.588642999999999
          ],
          [
            -4.849691,
            6.58924
          ],
          [
            -4.843769,
            6.593418
          ],
          [
            -4.839563,
            6.595550000000001
          ],
          [
            -4.832869,
            6.598533999999999
          ],
          [
            -4.830294,
            6.600495
          ],
          [
            -4.827805,
            6.601859
          ],
          [
            -4.825916,
            6.602626
          ],
          [
            -4.8242,
            6.603735
          ],
          [
            -4.822655,
            6.605184
          ],
          [
            -4.821196,
            6.606889
          ],
          [
            -4.820509,
            6.607145
          ],
          [
            -4.818621,
            6.609277000000001
          ],
          [
            -4.815016,
            6.61354
          ],
          [
            -4.813385,
            6.615671000000001
          ],
          [
            -4.811668,
            6.617717
          ],
          [
            -4.809523,
            6.620787
          ],
          [
            -4.807634,
            6.623259
          ],
          [
            -4.805746,
            6.625391000000001
          ],
          [
            -4.804029,
            6.626925
          ],
          [
            -4.800253,
            6.629995
          ],
          [
            -4.797678,
            6.632296
          ],
          [
            -4.795275,
            6.634002
          ],
          [
            -4.793901,
            6.634427999999999
          ],
          [
            -4.791498,
            6.635025
          ],
          [
            -4.787292,
            6.636218
          ],
          [
            -4.78549,
            6.6369
          ],
          [
            -4.780855,
            6.639969999999999
          ],
          [
            -4.77828,
            6.641419
          ],
          [
            -4.776478,
            6.64338
          ],
          [
            -4.773683,
            6.646822
          ],
          [
            -4.773372,
            6.647144
          ],
          [
            -4.763381,
            6.656405
          ],
          [
            -4.762542,
            6.656932
          ],
          [
            -4.762044,
            6.657137
          ],
          [
            -4.761466,
            6.657294
          ],
          [
            -4.760705,
            6.657381000000001
          ],
          [
            -4.760248,
            6.657371
          ],
          [
            -4.743165,
            6.656401
          ],
          [
            -4.736212,
            6.656842
          ],
          [
            -4.729116,
            6.657011
          ],
          [
            -4.728498,
            6.657074000000001
          ],
          [
            -4.727394,
            6.657353
          ],
          [
            -4.726547,
            6.657695
          ],
          [
            -4.725494,
            6.658315999999999
          ],
          [
            -4.724925,
            6.658771999999999
          ],
          [
            -4.724295,
            6.659455999999999
          ],
          [
            -4.71938,
            6.66558
          ],
          [
            -4.718394,
            6.6665
          ],
          [
            -4.717662,
            6.666975999999999
          ],
          [
            -4.716962,
            6.667353
          ],
          [
            -4.716495,
            6.667538
          ],
          [
            -4.715272,
            6.667884
          ],
          [
            -4.714314,
            6.667982
          ],
          [
            -4.710351,
            6.668029
          ],
          [
            -4.710351,
            6.668029
          ],
          [
            -4.709476,
            6.667826
          ],
          [
            -4.709283,
            6.667724
          ],
          [
            -4.708881,
            6.667378
          ],
          [
            -4.708747,
            6.667336
          ],
          [
            -4.708747,
            6.667336
          ],
          [
            -4.706483,
            6.665274
          ],
          [
            -4.706252,
            6.664874
          ],
          [
            -4.70624,
            6.661238000000001
          ],
          [
            -4.70624,
            6.661238000000001
          ],
          [
            -4.70622,
            6.655406
          ],
          [
            -4.705201,
            6.650935
          ],
          [
            -4.705233,
            6.645143
          ],
          [
            -4.705233,
            6.645143
          ],
          [
            -4.704999,
            6.644959
          ]
        ]
      },
      "properties": {
        "name": "Route",
        "folder": "FO EARTH",
        "stroke-width": 5,
        "stroke": "#FF0000"
      }
    },
    {
      "type": "Feature",
      "geometry": {
        "type": "LineString",
        "coordinates": [
          [
            -5.47353,
            10.109738
          ],
          [
            -5.475858,
            10.111187
          ],
          [
            -5.477167,
            10.112074
          ],
          [
            -5.480515,
            10.114207
          ],
          [
            -5.481008,
            10.114471
          ],
          [
            -5.481738,
            10.114989
          ],
          [
            -5.483122,
            10.116108
          ],
          [
            -5.489624,
            10.122625
          ],
          [
            -5.491115,
            10.124009
          ],
          [
            -5.492842,
            10.125255
          ],
          [
            -5.498807,
            10.12911
          ],
          [
            -5.504365,
            10.132786
          ],
          [
            -5.506371,
            10.134
          ],
          [
            -5.520598,
            10.141382
          ],
          [
            -5.539931,
            10.150212
          ],
          [
            -5.541165,
            10.150898
          ],
          [
            -5.552376,
            10.157974
          ],
          [
            -5.553557,
            10.158628
          ],
          [
            -5.555102,
            10.159273
          ],
          [
            -5.557044,
            10.159853
          ],
          [
            -5.56097,
            10.161955
          ],
          [
            -5.564135,
            10.163518
          ],
          [
            -5.565423,
            10.163888
          ],
          [
            -5.566506,
            10.164067
          ],
          [
            -5.567461,
            10.16431
          ],
          [
            -5.568352,
            10.164627
          ],
          [
            -5.575422,
            10.168619
          ],
          [
            -5.578212,
            10.170509
          ],
          [
            -5.579242,
            10.17129
          ],
          [
            -5.581462,
            10.173149
          ],
          [
            -5.584917,
            10.175536
          ],
          [
            -5.589809,
            10.178514
          ],
          [
            -5.596183,
            10.181944
          ],
          [
            -5.596933,
            10.182526
          ],
          [
            -5.600924,
            10.184997
          ],
          [
            -5.602169,
            10.185863
          ],
          [
            -5.603328,
            10.186497
          ],
          [
            -5.604722,
            10.187426
          ],
          [
            -5.608188,
            10.18996
          ],
          [
            -5.609207,
            10.190763
          ],
          [
            -5.61161,
            10.192452
          ],
          [
            -5.613928,
            10.193888
          ],
          [
            -5.614132,
            10.194058
          ],
          [
            -5.615323,
            10.195578
          ],
          [
            -5.616181,
            10.197289
          ],
          [
            -5.617254,
            10.199992
          ],
          [
            -5.617533,
            10.200963
          ],
          [
            -5.617533,
            10.200963
          ],
          [
            -5.618112,
            10.200752
          ],
          [
            -5.619893,
            10.199738
          ],
          [
            -5.621073,
            10.198281
          ],
          [
            -5.623004,
            10.199274
          ]
        ]
      },
      "properties": {
        "name": "Route",
        "folder": "FO EARTH",
        "stroke-width": 5,
        "stroke": "#FF0000"
      }
    },
    {
      "type": "Feature",
      "geometry": {
        "type": "LineString",
        "coordinates": [
          [
            -4.346454,
            7.449144
          ],
          [
            -4.348526,
            7.449538999999999
          ],
          [
            -4.352646,
            7.449114
          ],
          [
            -4.355564,
            7.450049999999999
          ],
          [
            -4.358396,
            7.450816
          ],
          [
            -4.360027,
            7.451582
          ],
          [
            -4.362602,
            7.451582
          ],
          [
            -4.366207,
            7.450986
          ],
          [
            -4.371443,
            7.448773000000001
          ],
          [
            -4.37788,
            7.447497
          ],
          [
            -4.391956,
            7.450305
          ],
          [
            -4.39805,
            7.451582
          ],
          [
            -4.400711,
            7.452433
          ],
          [
            -4.403372,
            7.45405
          ],
          [
            -4.407062,
            7.456433000000001
          ],
          [
            -4.411268,
            7.458816
          ],
          [
            -4.414015,
            7.460603
          ],
          [
            -4.41925,
            7.463326
          ],
          [
            -4.425688,
            7.467156
          ],
          [
            -4.43264,
            7.471156
          ],
          [
            -4.438906,
            7.474645
          ],
          [
            -4.442682,
            7.476943
          ],
          [
            -4.445257,
            7.478134
          ],
          [
            -4.447918,
            7.478729999999999
          ],
          [
            -4.450836,
            7.4789
          ],
          [
            -4.453239,
            7.479155
          ],
          [
            -4.461651,
            7.479496
          ],
          [
            -4.4662,
            7.479751000000001
          ],
          [
            -4.469032,
            7.480261
          ],
          [
            -4.47165,
            7.481878
          ],
          [
            -4.483023,
            7.490302999999999
          ],
          [
            -4.484997,
            7.491324
          ],
          [
            -4.487486,
            7.492005
          ],
          [
            -4.493752,
            7.493452
          ],
          [
            -4.497517,
            7.494143
          ],
          [
            -4.504738,
            7.495663999999999
          ],
          [
            -4.507484,
            7.497196
          ],
          [
            -4.509201,
            7.499153
          ],
          [
            -4.512463,
            7.501451
          ],
          [
            -4.521646,
            7.505279999999999
          ],
          [
            -4.524651,
            7.506386
          ],
          [
            -4.527998,
            7.507747999999999
          ],
          [
            -4.534178,
            7.50945
          ],
          [
            -4.53818,
            7.50962
          ],
          [
            -4.544821,
            7.508429
          ],
          [
            -4.548683,
            7.507663
          ],
          [
            -4.552803,
            7.506557
          ],
          [
            -4.557352,
            7.506046
          ],
          [
            -4.561129,
            7.506301
          ],
          [
            -4.564734,
            7.506982
          ],
          [
            -4.569454,
            7.508599
          ],
          [
            -4.572115,
            7.509704999999999
          ],
          [
            -4.575892,
            7.510640999999999
          ],
          [
            -4.578466,
            7.510640999999999
          ],
          [
            -4.582758,
            7.509364999999999
          ],
          [
            -4.587221,
            7.508769
          ],
          [
            -4.591341,
            7.509024
          ],
          [
            -4.595032,
            7.510131
          ],
          [
            -4.600096,
            7.512768
          ],
          [
            -4.603014,
            7.51396
          ],
          [
            -4.605846,
            7.514811
          ],
          [
            -4.608936,
            7.514896
          ],
          [
            -4.612627,
            7.5143
          ],
          [
            -4.615803,
            7.513534
          ],
          [
            -4.61812,
            7.513619000000001
          ],
          [
            -4.62121,
            7.514641
          ],
          [
            -4.627375,
            7.518349
          ],
          [
            -4.630437,
            7.520044
          ],
          [
            -4.636316,
            7.52298
          ],
          [
            -4.650993,
            7.529871999999999
          ],
          [
            -4.655628,
            7.532169
          ],
          [
            -4.658718,
            7.535061999999999
          ],
          [
            -4.660091,
            7.536508999999999
          ],
          [
            -4.663107,
            7.539000000000001
          ]
        ]
      },
      "properties": {
        "name": "Route",
        "folder": "FO EARTH",
        "stroke-width": 5,
        "stroke": "#FF0000"
      }
    },
    {
      "type": "Feature",
      "geometry": {
        "type": "LineString",
        "coordinates": [
          [
            -4.663107,
            7.539000000000001
          ],
          [
            -4.666443,
            7.541785
          ],
          [
            -4.673138,
            7.545869
          ],
          [
            -4.678459,
            7.549613
          ],
          [
            -4.68112,
            7.551059
          ],
          [
            -4.686098,
            7.554037
          ],
          [
            -4.689617,
            7.556333999999999
          ],
          [
            -4.69305,
            7.558376
          ],
          [
            -4.695368,
            7.560674
          ],
          [
            -4.696655,
            7.562545999999999
          ],
          [
            -4.698715,
            7.56529
          ],
          [
            -4.701891,
            7.569692999999999
          ],
          [
            -4.706268,
            7.575053000000001
          ],
          [
            -4.709444,
            7.579562
          ],
          [
            -4.713135,
            7.581944
          ],
          [
            -4.718847,
            7.586031
          ],
          [
            -4.721649,
            7.587394
          ],
          [
            -4.725531,
            7.591106
          ],
          [
            -4.727314,
            7.593807999999999
          ],
          [
            -4.729611,
            7.596848999999999
          ],
          [
            -4.730623,
            7.600062
          ],
          [
            -4.731657,
            7.605769
          ],
          [
            -4.731922,
            7.609937
          ],
          [
            -4.733905,
            7.613508
          ],
          [
            -4.736395,
            7.617421000000001
          ],
          [
            -4.738541,
            7.620143999999999
          ],
          [
            -4.741201,
            7.622185
          ],
          [
            -4.744635,
            7.623461
          ],
          [
            -4.755707,
            7.626014
          ],
          [
            -4.758882,
            7.626184000000001
          ],
          [
            -4.764032,
            7.626014
          ],
          [
            -4.768324,
            7.625418
          ],
          [
            -4.771929,
            7.624823
          ],
          [
            -4.77622,
            7.625588
          ],
          [
            -4.794931,
            7.631884
          ],
          [
            -4.79639,
            7.632649000000001
          ],
          [
            -4.801798,
            7.634861
          ],
          [
            -4.805574,
            7.636648
          ],
          [
            -4.810295,
            7.638604
          ],
          [
            -4.816046,
            7.640560999999999
          ],
          [
            -4.820423,
            7.641411
          ],
          [
            -4.824028,
            7.641326
          ],
          [
            -4.828405,
            7.640986
          ],
          [
            -4.832869,
            7.639965
          ],
          [
            -4.838619,
            7.637753
          ],
          [
            -4.839821,
            7.637668
          ],
          [
            -4.84231,
            7.637327999999999
          ],
          [
            -4.845056,
            7.637838000000001
          ],
          [
            -4.847975,
            7.639029
          ],
          [
            -4.850378,
            7.641582
          ],
          [
            -4.85321,
            7.643708
          ],
          [
            -4.857159,
            7.645665
          ],
          [
            -4.864368,
            7.648812
          ],
          [
            -4.867544,
            7.650088
          ],
          [
            -4.871578,
            7.652384999999999
          ],
          [
            -4.875269,
            7.654171000000001
          ],
          [
            -4.878788,
            7.656128000000001
          ],
          [
            -4.882479,
            7.657999
          ],
          [
            -4.8878,
            7.660126
          ],
          [
            -4.891577,
            7.662252999999999
          ],
          [
            -4.894066,
            7.664378999999999
          ],
          [
            -4.8981,
            7.668547
          ],
          [
            -4.902649,
            7.672545
          ],
          [
            -4.907627,
            7.676033
          ],
          [
            -4.910974,
            7.676543
          ],
          [
            -4.914579,
            7.676883
          ],
          [
            -4.916897,
            7.676883
          ],
          [
            -4.925051,
            7.672715
          ],
          [
            -4.928055,
            7.67161
          ],
          [
            -4.930372,
            7.671439
          ],
          [
            -4.932561,
            7.671567
          ],
          [
            -4.934696,
            7.672003000000001
          ],
          [
            -4.937174,
            7.672907
          ],
          [
            -4.943762,
            7.675872999999999
          ],
          [
            -4.944878,
            7.676586
          ],
          [
            -4.946508,
            7.67784
          ],
          [
            -4.948139,
            7.67935
          ],
          [
            -4.951551,
            7.683975000000001
          ],
          [
            -4.952495,
            7.685166
          ],
          [
            -4.953332,
            7.686467000000001
          ],
          [
            -4.957033,
            7.689961000000001
          ],
          [
            -4.963074,
            7.69415
          ],
          [
            -4.965434,
            7.696255999999999
          ],
          [
            -4.966571,
            7.697096000000001
          ],
          [
            -4.967408,
            7.697436
          ],
          [
            -4.967934,
            7.697563
          ],
          [
            -4.968513,
            7.697617
          ],
          [
            -4.969683,
            7.697541999999999
          ],
          [
            -4.972169,
            7.697264
          ],
          [
            -4.972698,
            7.697287
          ],
          [
            -4.979382,
            7.69666
          ],
          [
            -4.981935,
            7.69632
          ],
          [
            -4.986602,
            7.695958000000001
          ],
          [
            -4.989231,
            7.695873
          ],
          [
            -4.993265,
            7.695969
          ],
          [
            -4.993769,
            7.695916
          ],
          [
            -4.996998,
            7.695155
          ],
          [
            -4.998093,
            7.694709000000001
          ],
          [
            -5.00033,
            7.69406
          ],
          [
            -5.003827,
            7.692896
          ],
          [
            -5.006558,
            7.691806000000001
          ],
          [
            -5.009015,
            7.689967
          ],
          [
            -5.01027,
            7.688957
          ],
          [
            -5.010812,
            7.689791
          ],
          [
            -5.010657,
            7.690676
          ],
          [
            -5.010657,
            7.690676
          ],
          [
            -5.010769,
            7.690785
          ],
          [
            -5.011777,
            7.691088
          ],
          [
            -5.016176,
            7.692178
          ],
          [
            -5.019734,
            7.693121
          ],
          [
            -5.019734,
            7.693121
          ],
          [
            -5.020298,
            7.691076
          ],
          [
            -5.0204,
            7.690949
          ],
          [
            -5.020625,
            7.690794
          ],
          [
            -5.022291,
            7.690008000000001
          ],
          [
            -5.022959,
            7.689628
          ],
          [
            -5.023147,
            7.689492
          ],
          [
            -5.023183,
            7.689296
          ],
          [
            -5.023183,
            7.689296
          ],
          [
            -5.02405,
            7.690937
          ],
          [
            -5.02405,
            7.690937
          ],
          [
            -5.024647,
            7.69058
          ],
          [
            -5.025259,
            7.69029
          ],
          [
            -5.026201,
            7.690987999999999
          ],
          [
            -5.026201,
            7.690987999999999
          ],
          [
            -5.027814,
            7.688642999999999
          ],
          [
            -5.027814,
            7.688642999999999
          ],
          [
            -5.027941,
            7.688687000000001
          ],
          [
            -5.028032,
            7.688632
          ],
          [
            -5.028039,
            7.688573000000001
          ],
          [
            -5.028019,
            7.688495000000001
          ],
          [
            -5.027925,
            7.688448000000001
          ],
          [
            -5.027971,
            7.687094999999999
          ],
          [
            -5.027971,
            7.687094999999999
          ],
          [
            -5.029868,
            7.686333
          ],
          [
            -5.030269,
            7.686255
          ],
          [
            -5.030269,
            7.686255
          ],
          [
            -5.030271,
            7.688249
          ],
          [
            -5.030271,
            7.688249
          ],
          [
            -5.030578,
            7.687998
          ]
        ]
      },
      "properties": {
        "name": "Route",
        "folder": "FO EARTH",
        "stroke-width": 5,
        "stroke": "#FF0000"
      }
    },
    {
      "type": "Feature",
      "geometry": {
        "type": "LineString",
        "coordinates": [
          [
            -5.19798,
            9.593748
          ],
          [
            -5.196836,
            9.593354
          ],
          [
            -5.196836,
            9.593354
          ],
          [
            -5.192548,
            9.600559
          ],
          [
            -5.19202,
            9.601578
          ],
          [
            -5.191078,
            9.603994
          ],
          [
            -5.190404,
            9.605994
          ],
          [
            -5.190035,
            9.607625
          ],
          [
            -5.189525,
            9.611555
          ],
          [
            -5.18849,
            9.618418
          ],
          [
            -5.186149,
            9.629639
          ],
          [
            -5.185622,
            9.631264
          ],
          [
            -5.18166,
            9.641495
          ],
          [
            -5.181118,
            9.64308
          ],
          [
            -5.180952,
            9.64371
          ],
          [
            -5.180838,
            9.646863
          ],
          [
            -5.179796,
            9.660154
          ],
          [
            -5.17971,
            9.663962
          ],
          [
            -5.178852,
            9.666584
          ],
          [
            -5.176535,
            9.6709
          ],
          [
            -5.175762,
            9.6731
          ],
          [
            -5.173788,
            9.677753
          ],
          [
            -5.1719,
            9.683168
          ],
          [
            -5.170956,
            9.686298
          ],
          [
            -5.171127,
            9.69019
          ],
          [
            -5.170784,
            9.696113
          ],
          [
            -5.170819,
            9.70313
          ],
          [
            -5.170774,
            9.709095
          ],
          [
            -5.170557,
            9.711617
          ],
          [
            -5.170317,
            9.71284
          ],
          [
            -5.169574,
            9.715125
          ],
          [
            -5.164773,
            9.727014
          ],
          [
            -5.16323,
            9.730145
          ],
          [
            -5.158134,
            9.739733
          ],
          [
            -5.156034,
            9.743578
          ],
          [
            -5.154817,
            9.746057
          ],
          [
            -5.153735,
            9.749339
          ],
          [
            -5.152673,
            9.752894
          ],
          [
            -5.151345,
            9.757036
          ],
          [
            -5.146314,
            9.77328
          ],
          [
            -5.145846,
            9.775149
          ],
          [
            -5.142846,
            9.789102
          ],
          [
            -5.142717,
            9.790243
          ],
          [
            -5.142674,
            9.79147
          ],
          [
            -5.142739,
            9.792738
          ],
          [
            -5.142953,
            9.794028
          ],
          [
            -5.14349,
            9.796185
          ],
          [
            -5.144069,
            9.797729
          ],
          [
            -5.147524,
            9.808618
          ],
          [
            -5.148468,
            9.811367
          ],
          [
            -5.150678,
            9.818196
          ],
          [
            -5.15265,
            9.825053
          ],
          [
            -5.155141,
            9.833419
          ],
          [
            -5.156043,
            9.835977
          ],
          [
            -5.158103,
            9.840776
          ],
          [
            -5.159111,
            9.842869
          ],
          [
            -5.160999,
            9.847309
          ],
          [
            -5.1616,
            9.84955
          ],
          [
            -5.16218,
            9.853482
          ],
          [
            -5.16366,
            9.866294
          ],
          [
            -5.16469,
            9.874581
          ],
          [
            -5.164905,
            9.879062
          ],
          [
            -5.164958,
            9.882799
          ],
          [
            -5.165039,
            9.884847
          ],
          [
            -5.165175,
            9.885574
          ],
          [
            -5.165097,
            9.8893
          ],
          [
            -5.165387,
            9.903518
          ],
          [
            -5.165565,
            9.906403
          ],
          [
            -5.166408,
            9.91351
          ],
          [
            -5.166816,
            9.917504
          ],
          [
            -5.16695,
            9.920657
          ],
          [
            -5.166354,
            9.933531
          ],
          [
            -5.166252,
            9.936739
          ],
          [
            -5.166082,
            9.938465
          ],
          [
            -5.165874,
            9.939955
          ],
          [
            -5.164407,
            9.948599
          ],
          [
            -5.16412,
            9.949666
          ],
          [
            -5.163834,
            9.950462
          ],
          [
            -5.163404,
            9.951418
          ],
          [
            -5.162539,
            9.952917
          ],
          [
            -5.160559,
            9.955885
          ],
          [
            -5.158197,
            9.959634
          ],
          [
            -5.156686,
            9.961928
          ],
          [
            -5.156208,
            9.962824
          ],
          [
            -5.156096,
            9.963633
          ],
          [
            -5.156078,
            9.964608
          ],
          [
            -5.156272,
            9.965656
          ],
          [
            -5.156993,
            9.968702
          ],
          [
            -5.156993,
            9.968702
          ],
          [
            -5.156093,
            9.968501
          ]
        ]
      },
      "properties": {
        "name": "Route",
        "folder": "FO EARTH",
        "stroke-width": 5,
        "stroke": "#FF0000"
      }
    },
    {
      "type": "Feature",
      "geometry": {
        "type": "LineString",
        "coordinates": [
          [
            -5.156093,
            9.968501
          ],
          [
            -5.156993,
            9.968702
          ],
          [
            -5.156993,
            9.968702
          ],
          [
            -5.15858,
            9.969042
          ],
          [
            -5.159774,
            9.96941
          ],
          [
            -5.160388,
            9.969655
          ],
          [
            -5.170092,
            9.973996
          ],
          [
            -5.176526,
            9.977276
          ],
          [
            -5.177913,
            9.9779
          ],
          [
            -5.179459,
            9.978744
          ],
          [
            -5.181175,
            9.979842
          ],
          [
            -5.182719,
            9.980941
          ],
          [
            -5.18377,
            9.981406
          ],
          [
            -5.189322,
            9.983226
          ],
          [
            -5.192024,
            9.983945
          ],
          [
            -5.19404,
            9.98458
          ],
          [
            -5.196549,
            9.985276
          ],
          [
            -5.196549,
            9.985276
          ],
          [
            -5.200389,
            9.986357
          ],
          [
            -5.204086,
            9.987067
          ],
          [
            -5.210094,
            9.988061
          ],
          [
            -5.210631,
            9.988187
          ],
          [
            -5.217133,
            9.989223
          ],
          [
            -5.21842,
            9.989476
          ],
          [
            -5.22196,
            9.990427
          ],
          [
            -5.223205,
            9.990935
          ],
          [
            -5.225544,
            9.991759
          ],
          [
            -5.228977,
            9.99309
          ],
          [
            -5.230436,
            9.993787
          ],
          [
            -5.232153,
            9.994464
          ],
          [
            -5.234556,
            9.995732
          ],
          [
            -5.236616,
            9.997
          ],
          [
            -5.237882,
            9.997464
          ],
          [
            -5.238419,
            9.99776
          ],
          [
            -5.239448,
            9.998183
          ],
          [
            -5.241508,
            9.999197
          ],
          [
            -5.244513,
            10.000888
          ],
          [
            -5.246744,
            10.002325
          ],
          [
            -5.248718,
            10.003424
          ],
          [
            -5.251293,
            10.005093
          ],
          [
            -5.25185,
            10.005542
          ],
          [
            -5.252666,
            10.005959
          ],
          [
            -5.254812,
            10.007565
          ],
          [
            -5.262537,
            10.012975
          ],
          [
            -5.264425,
            10.014243
          ],
          [
            -5.266185,
            10.015299
          ],
          [
            -5.268974,
            10.017286
          ],
          [
            -5.270519,
            10.018131
          ],
          [
            -5.272686,
            10.019821
          ],
          [
            -5.274446,
            10.021047
          ],
          [
            -5.275583,
            10.022188
          ],
          [
            -5.276527,
            10.023286
          ],
          [
            -5.278158,
            10.025568
          ],
          [
            -5.279016,
            10.027259
          ],
          [
            -5.281334,
            10.031062
          ],
          [
            -5.282278,
            10.032753
          ],
          [
            -5.28451,
            10.036281
          ],
          [
            -5.285261,
            10.037148
          ],
          [
            -5.28614,
            10.037908
          ],
          [
            -5.287685,
            10.039007
          ],
          [
            -5.292556,
            10.041838
          ],
          [
            -5.294809,
            10.042979
          ],
          [
            -5.295732,
            10.043613
          ],
          [
            -5.302124,
            10.047101
          ],
          [
            -5.30365,
            10.04805
          ],
          [
            -5.306654,
            10.04974
          ],
          [
            -5.308199,
            10.050754
          ],
          [
            -5.312254,
            10.053142
          ],
          [
            -5.314314,
            10.054473
          ],
          [
            -5.316439,
            10.055572
          ],
          [
            -5.32279,
            10.058699
          ],
          [
            -5.324678,
            10.059544
          ],
          [
            -5.32618,
            10.060093
          ],
          [
            -5.327704,
            10.060495
          ],
          [
            -5.331888,
            10.061065
          ],
          [
            -5.336751,
            10.061529
          ],
          [
            -5.338304,
            10.061741
          ],
          [
            -5.340171,
            10.061868
          ],
          [
            -5.342724,
            10.061889
          ],
          [
            -5.344005,
            10.061826
          ],
          [
            -5.349484,
            10.061826
          ],
          [
            -5.352488,
            10.061572
          ],
          [
            -5.354977,
            10.061551
          ],
          [
            -5.356307,
            10.061699
          ],
          [
            -5.357895,
            10.062227
          ],
          [
            -5.359504,
            10.062988
          ],
          [
            -5.365577,
            10.066305
          ],
          [
            -5.366349,
            10.066664
          ],
          [
            -5.367293,
            10.067234
          ],
          [
            -5.36931,
            10.068164
          ],
          [
            -5.3724,
            10.069347
          ],
          [
            -5.375361,
            10.070615
          ],
          [
            -5.377614,
            10.071502
          ],
          [
            -5.37843,
            10.071798
          ],
          [
            -5.379042,
            10.071887
          ],
          [
            -5.379953,
            10.072389
          ],
          [
            -5.383666,
            10.073741
          ],
          [
            -5.385103,
            10.074079
          ],
          [
            -5.388622,
            10.075094
          ],
          [
            -5.392141,
            10.076023
          ],
          [
            -5.392764,
            10.076256
          ],
          [
            -5.393686,
            10.076361
          ],
          [
            -5.394716,
            10.076762
          ],
          [
            -5.397892,
            10.077544
          ],
          [
            -5.400596,
            10.078432
          ],
          [
            -5.401764,
            10.078635
          ],
          [
            -5.402184,
            10.078896
          ],
          [
            -5.404801,
            10.07953
          ],
          [
            -5.406303,
            10.079826
          ],
          [
            -5.407934,
            10.080248
          ],
          [
            -5.411324,
            10.081938
          ],
          [
            -5.413213,
            10.083037
          ],
          [
            -5.41507,
            10.083984
          ],
          [
            -5.415938,
            10.084558
          ],
          [
            -5.417547,
            10.085403
          ],
          [
            -5.418427,
            10.085952
          ],
          [
            -5.419511,
            10.086343
          ],
          [
            -5.421013,
            10.087199
          ],
          [
            -5.421396,
            10.087492
          ],
          [
            -5.422429,
            10.087907
          ],
          [
            -5.424242,
            10.088329
          ],
          [
            -5.429692,
            10.088815
          ],
          [
            -5.430851,
            10.089037
          ],
          [
            -5.431827,
            10.089301
          ],
          [
            -5.444927,
            10.094445
          ],
          [
            -5.446901,
            10.09529
          ],
          [
            -5.447956,
            10.095844
          ],
          [
            -5.448639,
            10.096093
          ],
          [
            -5.466514,
            10.105303
          ],
          [
            -5.468091,
            10.106201
          ],
          [
            -5.47353,
            10.109738
          ]
        ]
      },
      "properties": {
        "name": "Route",
        "folder": "FO EARTH",
        "stroke-width": 5,
        "stroke": "#FF0000"
      }
    },
    {
      "type": "Feature",
      "geometry": {
        "type": "LineString",
        "coordinates": [
          [
            -5.623004,
            10.199274
          ],
          [
            -5.621073,
            10.198281
          ],
          [
            -5.619893,
            10.199738
          ],
          [
            -5.618112,
            10.200752
          ],
          [
            -5.617533,
            10.200963
          ],
          [
            -5.617533,
            10.200963
          ],
          [
            -5.61852,
            10.203878
          ],
          [
            -5.619421,
            10.206919
          ],
          [
            -5.61973,
            10.207255
          ],
          [
            -5.620086,
            10.208291
          ],
          [
            -5.620644,
            10.208988
          ],
          [
            -5.623455,
            10.213486
          ],
          [
            -5.62382,
            10.214141
          ],
          [
            -5.624635,
            10.215218
          ],
          [
            -5.625172,
            10.216126
          ],
          [
            -5.626159,
            10.218724
          ],
          [
            -5.626481,
            10.220582
          ],
          [
            -5.626717,
            10.221426
          ],
          [
            -5.627488999999999,
            10.225734
          ],
          [
            -5.627618,
            10.227593
          ],
          [
            -5.627918000000001,
            10.22793
          ],
          [
            -5.628519,
            10.231478
          ],
          [
            -5.629635000000001,
            10.239924
          ],
          [
            -5.629721,
            10.241783
          ],
          [
            -5.630064,
            10.244823
          ],
          [
            -5.629978,
            10.246259
          ],
          [
            -5.629721,
            10.248962
          ],
          [
            -5.629376999999999,
            10.254959
          ],
          [
            -5.629313,
            10.257408
          ],
          [
            -5.629205999999999,
            10.259308
          ],
          [
            -5.628948,
            10.263172
          ],
          [
            -5.628647999999999,
            10.266086
          ],
          [
            -5.628605,
            10.267627
          ],
          [
            -5.628498,
            10.268958
          ],
          [
            -5.62854,
            10.270224
          ],
          [
            -5.629699,
            10.27867
          ],
          [
            -5.630064,
            10.282576
          ],
          [
            -5.630386,
            10.284877
          ],
          [
            -5.630321999999999,
            10.285869
          ],
          [
            -5.630558,
            10.286693
          ],
          [
            -5.630664999999999,
            10.287474
          ],
          [
            -5.630664999999999,
            10.28872
          ],
          [
            -5.630514999999999,
            10.290409
          ],
          [
            -5.630193000000001,
            10.292689
          ],
          [
            -5.629928,
            10.293748
          ],
          [
            -5.629205999999999,
            10.298875
          ],
          [
            -5.62912,
            10.300838
          ],
          [
            -5.628905,
            10.302147
          ],
          [
            -5.627704000000001,
            10.311795
          ],
          [
            -5.627360000000001,
            10.313294
          ],
          [
            -5.626845,
            10.314983
          ],
          [
            -5.62633,
            10.316165
          ],
          [
            -5.625515,
            10.318318
          ],
          [
            -5.625279000000001,
            10.319542
          ],
          [
            -5.62515,
            10.320999
          ],
          [
            -5.624976,
            10.32181
          ],
          [
            -5.625193,
            10.322414
          ],
          [
            -5.625428999999999,
            10.324166
          ],
          [
            -5.62573,
            10.327037
          ],
          [
            -5.625279000000001,
            10.329084
          ],
          [
            -5.625,
            10.330055
          ],
          [
            -5.624356,
            10.331681
          ],
          [
            -5.62309,
            10.336262
          ],
          [
            -5.622983,
            10.33814
          ],
          [
            -5.623047,
            10.339259
          ],
          [
            -5.623348,
            10.34118
          ],
          [
            -5.624142,
            10.344051
          ],
          [
            -5.624485,
            10.345064
          ],
          [
            -5.62633,
            10.351903
          ],
          [
            -5.626930999999999,
            10.354563
          ],
          [
            -5.627081,
            10.356589
          ],
          [
            -5.627124,
            10.358257
          ],
          [
            -5.627253,
            10.360262
          ],
          [
            -5.627661,
            10.362267
          ],
          [
            -5.628176,
            10.364188
          ],
          [
            -5.628862,
            10.365982
          ],
          [
            -5.630772,
            10.369022
          ],
          [
            -5.63118,
            10.370373
          ],
          [
            -5.63118,
            10.371745
          ],
          [
            -5.631566,
            10.37242
          ],
          [
            -5.631781,
            10.373961
          ],
          [
            -5.631909,
            10.377908
          ],
          [
            -5.632038,
            10.380335
          ],
          [
            -5.632124,
            10.380842
          ],
          [
            -5.632167,
            10.381602
          ],
          [
            -5.632188,
            10.384662
          ],
          [
            -5.632145,
            10.387532
          ],
          [
            -5.632081,
            10.38825
          ],
          [
            -5.632060000000001,
            10.389474
          ],
          [
            -5.632467,
            10.391036
          ],
          [
            -5.632682,
            10.393168
          ],
          [
            -5.632768,
            10.39513
          ],
          [
            -5.63251,
            10.396903
          ],
          [
            -5.631716,
            10.399731
          ],
          [
            -5.631115000000001,
            10.401462
          ],
          [
            -5.630836,
            10.402602
          ],
          [
            -5.630127999999999,
            10.404776
          ],
          [
            -5.629569999999999,
            10.406105
          ],
          [
            -5.629184,
            10.407814
          ],
          [
            -5.629141,
            10.409376
          ],
          [
            -5.629699,
            10.415286
          ],
          [
            -5.629699,
            10.41575
          ],
          [
            -5.629934999999999,
            10.416974
          ],
          [
            -5.629978,
            10.418177
          ],
          [
            -5.630214,
            10.419612
          ],
          [
            -5.630364000000001,
            10.422081
          ],
          [
            -5.630708,
            10.424972
          ],
          [
            -5.630879,
            10.427842
          ],
          [
            -5.630944000000001,
            10.430037
          ],
          [
            -5.631051,
            10.43143
          ],
          [
            -5.631008,
            10.433181
          ],
          [
            -5.631566,
            10.436642
          ],
          [
            -5.632024,
            10.438217
          ]
        ]
      },
      "properties": {
        "name": "Route",
        "folder": "FO EARTH",
        "stroke-width": 5,
        "stroke": "#FF0000"
      }
    },
    {
      "type": "Feature",
      "geometry": {
        "type": "LineString",
        "coordinates": [
          [
            -5.424441,
            6.385008
          ],
          [
            -5.424809,
            6.385211
          ],
          [
            -5.424892,
            6.385209
          ],
          [
            -5.42603,
            6.383277
          ],
          [
            -5.42603,
            6.383277
          ],
          [
            -5.424978,
            6.382654
          ],
          [
            -5.424589,
            6.382368
          ],
          [
            -5.424155,
            6.381716
          ],
          [
            -5.423237,
            6.37938
          ],
          [
            -5.421991,
            6.374846
          ],
          [
            -5.421778,
            6.374310000000001
          ],
          [
            -5.421011,
            6.372743999999999
          ],
          [
            -5.420474,
            6.371826
          ],
          [
            -5.420129,
            6.371386000000001
          ],
          [
            -5.417684,
            6.368833
          ],
          [
            -5.414677,
            6.365718
          ],
          [
            -5.413907,
            6.364995
          ],
          [
            -5.412516,
            6.363980000000001
          ],
          [
            -5.40892,
            6.361897000000001
          ],
          [
            -5.407912,
            6.361137
          ],
          [
            -5.407372,
            6.360661
          ],
          [
            -5.406406,
            6.359619000000001
          ],
          [
            -5.405536,
            6.358402000000001
          ],
          [
            -5.404917,
            6.357303
          ],
          [
            -5.403658,
            6.354369
          ],
          [
            -5.400274,
            6.346131
          ],
          [
            -5.398836,
            6.343449999999999
          ],
          [
            -5.398124,
            6.342539999999999
          ],
          [
            -5.396968,
            6.341211
          ],
          [
            -5.38788,
            6.331534
          ],
          [
            -5.386997,
            6.330479
          ],
          [
            -5.386625,
            6.329952000000001
          ],
          [
            -5.386298,
            6.329451999999999
          ],
          [
            -5.385801,
            6.328501
          ],
          [
            -5.385089,
            6.326623
          ],
          [
            -5.383398,
            6.319646
          ],
          [
            -5.382932,
            6.318494
          ],
          [
            -5.382072,
            6.316936
          ],
          [
            -5.380868,
            6.315383
          ],
          [
            -5.379207,
            6.313909
          ],
          [
            -5.376455,
            6.312171
          ],
          [
            -5.375079,
            6.311081
          ],
          [
            -5.368323,
            6.304728
          ],
          [
            -5.364474,
            6.301007
          ],
          [
            -5.362666,
            6.298983
          ],
          [
            -5.361952,
            6.298053
          ],
          [
            -5.355076,
            6.288543
          ],
          [
            -5.3535,
            6.286257
          ],
          [
            -5.352767,
            6.284984
          ],
          [
            -5.350366,
            6.279721
          ],
          [
            -5.348404,
            6.275200000000001
          ],
          [
            -5.348026,
            6.274046
          ],
          [
            -5.347641,
            6.272381
          ],
          [
            -5.347435,
            6.270816
          ],
          [
            -5.346692,
            6.261978
          ],
          [
            -5.346402,
            6.259505999999999
          ],
          [
            -5.346297,
            6.259002
          ],
          [
            -5.346033,
            6.258202
          ],
          [
            -5.34559,
            6.257242000000001
          ],
          [
            -5.345108,
            6.256421
          ],
          [
            -5.344448,
            6.255522000000001
          ],
          [
            -5.343727,
            6.254762999999999
          ],
          [
            -5.34312,
            6.254243
          ],
          [
            -5.342538,
            6.253813
          ],
          [
            -5.341726,
            6.253339
          ],
          [
            -5.329922,
            6.248377999999999
          ],
          [
            -5.32904,
            6.248044999999999
          ],
          [
            -5.328354,
            6.24786
          ],
          [
            -5.327468,
            6.247756
          ],
          [
            -5.326642,
            6.247773000000001
          ],
          [
            -5.324799,
            6.248044000000001
          ],
          [
            -5.323767,
            6.248094
          ],
          [
            -5.322456,
            6.247916
          ],
          [
            -5.321151,
            6.247496
          ],
          [
            -5.320221,
            6.247059
          ],
          [
            -5.319611,
            6.246708
          ],
          [
            -5.318367,
            6.245883999999999
          ],
          [
            -5.317372,
            6.245018999999999
          ],
          [
            -5.316583,
            6.24406
          ],
          [
            -5.316242,
            6.243455
          ],
          [
            -5.315868,
            6.242571000000001
          ],
          [
            -5.315605,
            6.241253999999999
          ],
          [
            -5.315572,
            6.240214
          ],
          [
            -5.315964,
            6.232202
          ],
          [
            -5.315913,
            6.23145
          ],
          [
            -5.315748,
            6.230314000000001
          ],
          [
            -5.315572,
            6.229592
          ],
          [
            -5.315075,
            6.228096999999999
          ],
          [
            -5.314582,
            6.227039
          ],
          [
            -5.311185,
            6.220514
          ],
          [
            -5.306274,
            6.211193
          ],
          [
            -5.305458,
            6.209862000000001
          ],
          [
            -5.30417,
            6.207985000000001
          ],
          [
            -5.301543,
            6.204715
          ],
          [
            -5.299251,
            6.201973
          ],
          [
            -5.298124,
            6.200376
          ],
          [
            -5.297642,
            6.199776
          ],
          [
            -5.296526,
            6.197814
          ],
          [
            -5.295925,
            6.194656
          ],
          [
            -5.295496,
            6.190987
          ],
          [
            -5.295324,
            6.187830000000001
          ],
          [
            -5.295721,
            6.18457
          ]
        ]
      },
      "properties": {
        "name": "Route",
        "folder": "FO EARTH",
        "stroke-width": 5,
        "stroke": "#FF0000"
      }
    },
    {
      "type": "Feature",
      "geometry": {
        "type": "LineString",
        "coordinates": [
          [
            -5.936768,
            6.132737
          ],
          [
            -5.936748,
            6.132351999999999
          ],
          [
            -5.936994999999999,
            6.131776
          ],
          [
            -5.937166,
            6.131391
          ],
          [
            -5.937379000000001,
            6.131318
          ],
          [
            -5.937379000000001,
            6.131318
          ],
          [
            -5.937552,
            6.131125
          ],
          [
            -5.939017,
            6.130724999999999
          ],
          [
            -5.940127,
            6.130527
          ],
          [
            -5.94253,
            6.131719
          ],
          [
            -5.943085,
            6.132051
          ],
          [
            -5.943085,
            6.132051
          ],
          [
            -5.943078,
            6.132258000000001
          ],
          [
            -5.943417,
            6.133107
          ],
          [
            -5.947739,
            6.143496
          ],
          [
            -5.947690000000001,
            6.144266999999999
          ],
          [
            -5.948270999999999,
            6.144777000000001
          ],
          [
            -5.949624000000001,
            6.14798
          ],
          [
            -5.949728999999999,
            6.148568000000001
          ],
          [
            -5.949642,
            6.149097
          ],
          [
            -5.949441000000001,
            6.149545
          ],
          [
            -5.94855,
            6.150658
          ],
          [
            -5.948012,
            6.151625
          ],
          [
            -5.947803,
            6.152114
          ],
          [
            -5.947541000000001,
            6.153092
          ],
          [
            -5.94611,
            6.164544000000001
          ],
          [
            -5.946195,
            6.166048999999999
          ],
          [
            -5.946388,
            6.16683
          ],
          [
            -5.94696,
            6.168095
          ],
          [
            -5.947353,
            6.168675000000001
          ],
          [
            -5.947787,
            6.169193
          ],
          [
            -5.957175,
            6.178426
          ],
          [
            -5.958313,
            6.179797000000001
          ],
          [
            -5.959179,
            6.181136
          ],
          [
            -5.959656,
            6.182072000000001
          ],
          [
            -5.960253,
            6.183559
          ],
          [
            -5.964324,
            6.196313
          ],
          [
            -5.964743,
            6.197754
          ],
          [
            -5.964855,
            6.198483
          ],
          [
            -5.964902,
            6.199246000000001
          ],
          [
            -5.964892,
            6.199693
          ],
          [
            -5.964681999999999,
            6.200791
          ],
          [
            -5.964422,
            6.201603999999999
          ],
          [
            -5.964146,
            6.202166
          ],
          [
            -5.960321,
            6.208188
          ],
          [
            -5.956666,
            6.214375
          ],
          [
            -5.954705,
            6.216167000000001
          ],
          [
            -5.948758,
            6.224324
          ],
          [
            -5.94799,
            6.225499999999999
          ],
          [
            -5.945032,
            6.232203000000001
          ],
          [
            -5.944736,
            6.23379
          ],
          [
            -5.944913999999999,
            6.235436999999999
          ],
          [
            -5.954018999999999,
            6.265416
          ],
          [
            -5.954315,
            6.266944
          ],
          [
            -5.954315,
            6.268238
          ],
          [
            -5.954018999999999,
            6.269531
          ],
          [
            -5.951476,
            6.274764
          ],
          [
            -5.945265000000001,
            6.284524
          ],
          [
            -5.938759,
            6.293283999999999
          ],
          [
            -5.935920000000001,
            6.296516999999999
          ],
          [
            -5.934854999999999,
            6.298693
          ],
          [
            -5.931129000000001,
            6.305982999999999
          ],
          [
            -5.930892000000001,
            6.307041
          ],
          [
            -5.93101,
            6.308510999999999
          ],
          [
            -5.932844,
            6.314918999999999
          ],
          [
            -5.933376,
            6.316389
          ],
          [
            -5.934559,
            6.31874
          ],
          [
            -5.935565,
            6.320327
          ],
          [
            -5.935920000000001,
            6.321679999999999
          ],
          [
            -5.936274999999999,
            6.324090000000001
          ],
          [
            -5.936393,
            6.32991
          ],
          [
            -5.936759,
            6.340337
          ],
          [
            -5.936908,
            6.341263
          ],
          [
            -5.937206,
            6.342041
          ],
          [
            -5.939626,
            6.346059
          ]
        ]
      },
      "properties": {
        "name": "Route",
        "folder": "FO EARTH",
        "stroke-width": 5,
        "stroke": "#FF0000"
      }
    },
    {
      "type": "Feature",
      "geometry": {
        "type": "LineString",
        "coordinates": [
          [
            -3.172617,
            5.601682
          ],
          [
            -3.173075,
            5.598816
          ],
          [
            -3.173161,
            5.597791
          ],
          [
            -3.172474,
            5.596595
          ],
          [
            -3.17256,
            5.595827
          ],
          [
            -3.172988999999999,
            5.595143
          ],
          [
            -3.173761,
            5.594887
          ],
          [
            -3.17462,
            5.594374
          ],
          [
            -3.175907,
            5.593264
          ],
          [
            -3.176508,
            5.592239
          ],
          [
            -3.177023,
            5.591214
          ],
          [
            -3.177195,
            5.590103
          ],
          [
            -3.177023,
            5.589078
          ],
          [
            -3.176851000000001,
            5.587114
          ],
          [
            -3.176937,
            5.586345
          ],
          [
            -3.177452,
            5.585149
          ],
          [
            -3.17874,
            5.583611
          ],
          [
            -3.17934,
            5.582757
          ],
          [
            -3.180628,
            5.581305
          ],
          [
            -3.180628,
            5.580451
          ],
          [
            -3.180542,
            5.579767
          ],
          [
            -3.179253999999999,
            5.576521
          ],
          [
            -3.178997,
            5.575325
          ],
          [
            -3.178482,
            5.573788
          ],
          [
            -3.17728,
            5.571054
          ],
          [
            -3.176765000000001,
            5.570029
          ],
          [
            -3.17625,
            5.569174
          ],
          [
            -3.175478,
            5.568235
          ],
          [
            -3.17522,
            5.56721
          ],
          [
            -3.173761,
            5.565672
          ],
          [
            -3.172474,
            5.565074
          ],
          [
            -3.171015,
            5.564305
          ],
          [
            -3.169985,
            5.56328
          ],
          [
            -3.169298,
            5.561999
          ],
          [
            -3.168783,
            5.557044
          ],
          [
            -3.168354,
            5.553968
          ],
          [
            -3.167667,
            5.552345
          ],
          [
            -3.166981,
            5.550893
          ],
          [
            -3.166723,
            5.549697
          ],
          [
            -3.166552,
            5.548501
          ],
          [
            -3.166637,
            5.547305
          ],
          [
            -3.167838999999999,
            5.546024
          ],
          [
            -3.169126,
            5.545511
          ],
          [
            -3.17256,
            5.543205
          ],
          [
            -3.175049,
            5.540983
          ],
          [
            -3.175650000000001,
            5.5403
          ],
          [
            -3.176336,
            5.53936
          ],
          [
            -3.176680000000001,
            5.53825
          ],
          [
            -3.176851000000001,
            5.536968
          ],
          [
            -3.176765000000001,
            5.535772
          ],
          [
            -3.176765000000001,
            5.534747
          ],
          [
            -3.176851000000001,
            5.533466
          ],
          [
            -3.17738,
            5.532265
          ],
          [
            -3.177759,
            5.530632
          ],
          [
            -3.178218,
            5.529342
          ],
          [
            -3.178162,
            5.527966
          ],
          [
            -3.178188000000001,
            5.526763
          ],
          [
            -3.177473,
            5.523574
          ],
          [
            -3.177438,
            5.523253
          ],
          [
            -3.177547,
            5.521289
          ],
          [
            -3.177708,
            5.519514
          ],
          [
            -3.177853,
            5.518839
          ],
          [
            -3.17824,
            5.517652
          ],
          [
            -3.179328,
            5.515961
          ],
          [
            -3.180235,
            5.515242
          ],
          [
            -3.180727,
            5.514995
          ],
          [
            -3.181242,
            5.51482
          ],
          [
            -3.182484000000001,
            5.514637
          ],
          [
            -3.183201,
            5.514412
          ],
          [
            -3.183987,
            5.513988
          ],
          [
            -3.184528,
            5.513565
          ],
          [
            -3.184754,
            5.513319
          ],
          [
            -3.185569999999999,
            5.512124
          ],
          [
            -3.186065,
            5.511194
          ],
          [
            -3.186872,
            5.509023
          ],
          [
            -3.187532,
            5.50704
          ],
          [
            -3.187719,
            5.505932
          ],
          [
            -3.188388,
            5.504549
          ],
          [
            -3.18979,
            5.502989
          ],
          [
            -3.19081,
            5.502034
          ],
          [
            -3.192829000000001,
            5.49955
          ],
          [
            -3.193437,
            5.498698
          ],
          [
            -3.193688,
            5.49815
          ],
          [
            -3.193823,
            5.4977
          ],
          [
            -3.194175,
            5.495649
          ],
          [
            -3.194418,
            5.495056
          ],
          [
            -3.194768,
            5.494486
          ],
          [
            -3.195586,
            5.493657
          ],
          [
            -3.197316,
            5.492475
          ],
          [
            -3.197721,
            5.492041
          ],
          [
            -3.198268,
            5.491265
          ],
          [
            -3.198519000000001,
            5.490761
          ],
          [
            -3.198616,
            5.490365
          ],
          [
            -3.198648,
            5.489902
          ],
          [
            -3.198564,
            5.489441
          ],
          [
            -3.198305,
            5.48895
          ],
          [
            -3.197052,
            5.487194
          ],
          [
            -3.196697,
            5.486338
          ],
          [
            -3.196644,
            5.485771
          ],
          [
            -3.196669,
            5.485293
          ],
          [
            -3.196756999999999,
            5.484839
          ],
          [
            -3.197274,
            5.483201
          ],
          [
            -3.197508,
            5.481762
          ],
          [
            -3.197705,
            5.481156
          ],
          [
            -3.197967,
            5.480603
          ],
          [
            -3.198371,
            5.480032
          ],
          [
            -3.200041,
            5.478056
          ],
          [
            -3.200585,
            5.477744
          ],
          [
            -3.202817,
            5.477032
          ],
          [
            -3.203457,
            5.476664
          ],
          [
            -3.203744,
            5.476381
          ],
          [
            -3.204023,
            5.475917
          ],
          [
            -3.204135,
            5.47544
          ],
          [
            -3.204145,
            5.475073
          ],
          [
            -3.203983,
            5.473961
          ],
          [
            -3.20418,
            5.471931
          ],
          [
            -3.204277,
            5.471767
          ],
          [
            -3.207268,
            5.469006
          ],
          [
            -3.207268,
            5.469006
          ],
          [
            -3.206122999999999,
            5.46772
          ],
          [
            -3.205886,
            5.467534
          ],
          [
            -3.205183,
            5.467148
          ],
          [
            -3.204716,
            5.467022
          ],
          [
            -3.203547,
            5.466986
          ]
        ]
      },
      "properties": {
        "name": "Route",
        "folder": "FO EARTH",
        "stroke-width": 5,
        "stroke": "#FF0000"
      }
    },
    {
      "type": "Feature",
      "geometry": {
        "type": "LineString",
        "coordinates": [
          [
            -3.203547,
            5.466986
          ],
          [
            -3.204716,
            5.467022
          ],
          [
            -3.205013,
            5.467073
          ],
          [
            -3.205886,
            5.467534
          ],
          [
            -3.206122999999999,
            5.46772
          ],
          [
            -3.207333000000001,
            5.469066
          ],
          [
            -3.207702,
            5.469369
          ],
          [
            -3.208712,
            5.470012
          ],
          [
            -3.210016,
            5.471259
          ],
          [
            -3.210568,
            5.471533
          ],
          [
            -3.211067,
            5.471575
          ],
          [
            -3.211674,
            5.471407
          ],
          [
            -3.212266,
            5.471027
          ],
          [
            -3.214606,
            5.469222
          ],
          [
            -3.217796,
            5.466883
          ],
          [
            -3.218319,
            5.46641
          ],
          [
            -3.219977000000001,
            5.464717
          ],
          [
            -3.220535,
            5.464455
          ],
          [
            -3.220866,
            5.464356
          ],
          [
            -3.221584,
            5.464301
          ],
          [
            -3.222311,
            5.464424
          ],
          [
            -3.226698,
            5.46633
          ],
          [
            -3.228683000000001,
            5.467123
          ],
          [
            -3.229556,
            5.467193
          ],
          [
            -3.229936,
            5.467121
          ],
          [
            -3.230266,
            5.466958
          ],
          [
            -3.231346,
            5.466177
          ],
          [
            -3.232203,
            5.465754
          ],
          [
            -3.236253,
            5.464792
          ],
          [
            -3.237401,
            5.464385
          ],
          [
            -3.241225000000001,
            5.462572
          ],
          [
            -3.243524,
            5.461148
          ],
          [
            -3.24441,
            5.46069
          ],
          [
            -3.245146999999999,
            5.460441
          ],
          [
            -3.245941,
            5.460377
          ],
          [
            -3.246621,
            5.460549
          ],
          [
            -3.246947,
            5.460758
          ],
          [
            -3.248308,
            5.462103
          ],
          [
            -3.248862,
            5.462456
          ],
          [
            -3.249136,
            5.462547
          ],
          [
            -3.249768,
            5.462715
          ],
          [
            -3.250261000000001,
            5.462782
          ],
          [
            -3.250795,
            5.462722
          ],
          [
            -3.251471,
            5.46247
          ],
          [
            -3.251878,
            5.462162
          ],
          [
            -3.254432,
            5.459536
          ],
          [
            -3.25563,
            5.457762
          ],
          [
            -3.256564,
            5.456805
          ],
          [
            -3.257432,
            5.455504
          ],
          [
            -3.257625,
            5.454968
          ],
          [
            -3.258338,
            5.452075
          ],
          [
            -3.258578,
            5.451425
          ],
          [
            -3.259915,
            5.448564
          ],
          [
            -3.263089,
            5.44209
          ],
          [
            -3.263522,
            5.440707
          ],
          [
            -3.26363,
            5.440142
          ],
          [
            -3.264533999999999,
            5.429949
          ],
          [
            -3.26467,
            5.429385
          ],
          [
            -3.264941,
            5.428723
          ],
          [
            -3.265424,
            5.427975
          ],
          [
            -3.268727999999999,
            5.423942
          ],
          [
            -3.270479,
            5.421909
          ],
          [
            -3.271274,
            5.4212
          ],
          [
            -3.274914,
            5.418218
          ],
          [
            -3.276316,
            5.417386
          ],
          [
            -3.279932,
            5.416053
          ],
          [
            -3.283506,
            5.414129
          ],
          [
            -3.285084,
            5.413082
          ],
          [
            -3.288603,
            5.409834
          ],
          [
            -3.292551,
            5.407955
          ],
          [
            -3.296585,
            5.408382
          ],
          [
            -3.299847,
            5.408382
          ],
          [
            -3.301907,
            5.407698
          ],
          [
            -3.304653,
            5.40616
          ],
          [
            -3.307056,
            5.404708
          ],
          [
            -3.309631,
            5.403768
          ],
          [
            -3.311090000000001,
            5.403084
          ],
          [
            -3.313665,
            5.402998
          ],
          [
            -3.316069000000001,
            5.40223
          ],
          [
            -3.318729,
            5.40223
          ],
          [
            -3.322334000000001,
            5.402657
          ],
          [
            -3.324909,
            5.403255
          ],
          [
            -3.327913,
            5.403768
          ],
          [
            -3.330145,
            5.404451
          ],
          [
            -3.331862,
            5.405306
          ],
          [
            -3.333492,
            5.405391
          ],
          [
            -3.334951,
            5.405648
          ],
          [
            -3.337183,
            5.405818
          ],
          [
            -3.340702,
            5.406246
          ],
          [
            -3.34199,
            5.406587
          ],
          [
            -3.343878,
            5.407356
          ],
          [
            -3.34568,
            5.408296
          ],
          [
            -3.347912,
            5.409151
          ],
          [
            -3.350143,
            5.409407
          ],
          [
            -3.353577,
            5.408126
          ],
          [
            -3.35701,
            5.40616
          ],
          [
            -3.358898,
            5.405477
          ],
          [
            -3.360357000000001,
            5.40428
          ],
          [
            -3.361731,
            5.403426
          ],
          [
            -3.364391,
            5.401546
          ],
          [
            -3.366365,
            5.401204
          ],
          [
            -3.367996,
            5.40146
          ],
          [
            -3.369627,
            5.402486
          ],
          [
            -3.370914,
            5.403768
          ],
          [
            -3.372202,
            5.404878
          ],
          [
            -3.373575,
            5.405648
          ],
          [
            -3.375721,
            5.405306
          ],
          [
            -3.377523,
            5.404366
          ],
          [
            -3.384476,
            5.40146
          ],
          [
            -3.386707,
            5.39941
          ],
          [
            -3.39323,
            5.394454
          ],
          [
            -3.395634,
            5.393514
          ],
          [
            -3.398641000000001,
            5.393347
          ],
          [
            -3.401156,
            5.39347
          ],
          [
            -3.402983,
            5.39324
          ]
        ]
      },
      "properties": {
        "name": "Route",
        "folder": "FO EARTH",
        "stroke-width": 5,
        "stroke": "#FF0000"
      }
    },
    {
      "type": "Feature",
      "geometry": {
        "type": "LineString",
        "coordinates": [
          [
            -3.403002,
            5.393261
          ],
          [
            -3.407503,
            5.398233
          ],
          [
            -3.409641999999999,
            5.400363
          ],
          [
            -3.410559,
            5.400928
          ],
          [
            -3.411868,
            5.401145
          ],
          [
            -3.413135,
            5.401058
          ],
          [
            -3.424965,
            5.399754
          ],
          [
            -3.440201,
            5.397755
          ],
          [
            -3.445493,
            5.396621
          ],
          [
            -3.446948,
            5.396224
          ],
          [
            -3.447884000000001,
            5.396052
          ],
          [
            -3.448975,
            5.396052
          ],
          [
            -3.449945,
            5.396224
          ],
          [
            -3.457977,
            5.399415
          ],
          [
            -3.46276,
            5.401155
          ],
          [
            -3.465453,
            5.402887
          ],
          [
            -3.467013,
            5.404088
          ],
          [
            -3.467667,
            5.404679
          ],
          [
            -3.47024,
            5.407284
          ],
          [
            -3.472938,
            5.411188
          ],
          [
            -3.474203,
            5.412502
          ],
          [
            -3.475413,
            5.41294
          ],
          [
            -3.483718,
            5.415295
          ],
          [
            -3.486853,
            5.416773
          ],
          [
            -3.489603,
            5.418799
          ],
          [
            -3.491088,
            5.420661
          ],
          [
            -3.492684000000001,
            5.423837
          ],
          [
            -3.493949,
            5.428217
          ],
          [
            -3.495269,
            5.431557
          ],
          [
            -3.497909,
            5.436266
          ],
          [
            -3.500054,
            5.440263
          ],
          [
            -3.500989,
            5.441906
          ],
          [
            -3.502529,
            5.443768
          ],
          [
            -3.506324,
            5.446943
          ],
          [
            -3.508634,
            5.449243
          ],
          [
            -3.510393999999999,
            5.451324
          ],
          [
            -3.513309,
            5.454609
          ],
          [
            -3.515564,
            5.456416
          ],
          [
            -3.517215,
            5.457456
          ],
          [
            -3.5308,
            5.462822
          ],
          [
            -3.533935,
            5.463917
          ],
          [
            -3.53674,
            5.46545
          ],
          [
            -3.554726,
            5.476072
          ],
          [
            -3.568686,
            5.484069
          ],
          [
            -3.572165,
            5.485986
          ],
          [
            -3.573884000000001,
            5.48678
          ],
          [
            -3.576344,
            5.487622
          ],
          [
            -3.584787,
            5.489921
          ],
          [
            -3.586987,
            5.490661
          ],
          [
            -3.588004,
            5.491263
          ],
          [
            -3.588884,
            5.491564
          ],
          [
            -3.590094,
            5.491674
          ],
          [
            -3.595098999999999,
            5.492686
          ],
          [
            -3.596447,
            5.493124
          ],
          [
            -3.59774,
            5.493781
          ],
          [
            -3.599417,
            5.494767
          ],
          [
            -3.600874999999999,
            5.49526
          ],
          [
            -3.60599,
            5.496546
          ],
          [
            -3.607526,
            5.497199
          ],
          [
            -3.607942,
            5.497314
          ],
          [
            -3.608531,
            5.497728
          ],
          [
            -3.611788,
            5.501867
          ],
          [
            -3.615409,
            5.506213
          ],
          [
            -3.617262,
            5.508213
          ],
          [
            -3.621403,
            5.511352
          ],
          [
            -3.623274,
            5.512593
          ],
          [
            -3.625145,
            5.513542
          ],
          [
            -3.626825,
            5.514163
          ],
          [
            -3.629043,
            5.514732
          ],
          [
            -3.630862,
            5.514921
          ],
          [
            -3.631482,
            5.514884
          ],
          [
            -3.632297,
            5.514677
          ],
          [
            -3.634757,
            5.513228
          ],
          [
            -3.637633,
            5.512159
          ],
          [
            -3.641115000000001,
            5.51128
          ],
          [
            -3.644285,
            5.510728
          ],
          [
            -3.646191,
            5.510452
          ],
          [
            -3.647698,
            5.510142
          ],
          [
            -3.649864,
            5.509021
          ],
          [
            -3.650973,
            5.508193
          ],
          [
            -3.651492,
            5.507607
          ],
          [
            -3.654004,
            5.504209
          ],
          [
            -3.65449,
            5.503709
          ],
          [
            -3.655027,
            5.503364
          ],
          [
            -3.656968,
            5.502325
          ],
          [
            -3.661228,
            5.5014
          ],
          [
            -3.662399,
            5.501368
          ]
        ]
      },
      "properties": {
        "name": "Route",
        "folder": "FO EARTH",
        "stroke-width": 5,
        "stroke": "#FF0000"
      }
    },
    {
      "type": "Feature",
      "geometry": {
        "type": "LineString",
        "coordinates": [
          [
            -3.304158,
            5.286306
          ],
          [
            -3.304539,
            5.286486
          ],
          [
            -3.304539,
            5.286486
          ],
          [
            -3.304763,
            5.286119
          ],
          [
            -3.304763,
            5.286119
          ],
          [
            -3.308611,
            5.290055
          ],
          [
            -3.309287,
            5.290532
          ],
          [
            -3.310097,
            5.290849
          ],
          [
            -3.319133,
            5.293609
          ],
          [
            -3.324166,
            5.295839
          ],
          [
            -3.324773,
            5.296051
          ],
          [
            -3.333024,
            5.298253
          ],
          [
            -3.334711,
            5.298466
          ],
          [
            -3.336236,
            5.298539
          ],
          [
            -3.340574,
            5.299032
          ],
          [
            -3.350155,
            5.30053
          ],
          [
            -3.351717,
            5.300706
          ],
          [
            -3.35269,
            5.300727
          ],
          [
            -3.355962,
            5.300548
          ],
          [
            -3.356861,
            5.30045
          ],
          [
            -3.36185,
            5.299453
          ],
          [
            -3.373476,
            5.2962
          ],
          [
            -3.374511,
            5.29595
          ],
          [
            -3.375329,
            5.295834
          ],
          [
            -3.377445,
            5.295746
          ],
          [
            -3.383731,
            5.295615
          ],
          [
            -3.384763,
            5.295525
          ],
          [
            -3.390117000000001,
            5.294348
          ],
          [
            -3.392822,
            5.294355
          ],
          [
            -3.393804,
            5.294437
          ],
          [
            -3.394774,
            5.294602
          ],
          [
            -3.39559,
            5.294825
          ],
          [
            -3.399113,
            5.294824
          ],
          [
            -3.402251,
            5.294722
          ],
          [
            -3.405874,
            5.293973
          ],
          [
            -3.407571,
            5.293706
          ],
          [
            -3.409612,
            5.293312
          ],
          [
            -3.412621,
            5.292463
          ],
          [
            -3.414356,
            5.292082
          ],
          [
            -3.415096,
            5.292006
          ],
          [
            -3.417137,
            5.291993
          ],
          [
            -3.418891,
            5.292107
          ],
          [
            -3.420479,
            5.292431
          ],
          [
            -3.421634,
            5.292781
          ],
          [
            -3.424258,
            5.293433
          ],
          [
            -3.4282,
            5.294729
          ],
          [
            -3.430968,
            5.295542
          ],
          [
            -3.434565,
            5.29685
          ],
          [
            -3.435331000000001,
            5.296939
          ],
          [
            -3.436224,
            5.296863
          ],
          [
            -3.437448,
            5.296583
          ],
          [
            -3.439509,
            5.295992
          ],
          [
            -3.444892,
            5.293909
          ],
          [
            -3.449722,
            5.291523
          ],
          [
            -3.451607999999999,
            5.290942
          ],
          [
            -3.455203,
            5.289305
          ],
          [
            -3.456188,
            5.288644
          ],
          [
            -3.458132,
            5.287586
          ],
          [
            -3.462483,
            5.285459
          ],
          [
            -3.46315,
            5.285203
          ],
          [
            -3.463656,
            5.285107
          ],
          [
            -3.467464,
            5.285052
          ],
          [
            -3.468469,
            5.28494
          ],
          [
            -3.470149,
            5.284603
          ],
          [
            -3.471832,
            5.283979
          ]
        ]
      },
      "properties": {
        "name": "Route",
        "folder": "FO EARTH",
        "stroke-width": 5,
        "stroke": "#FF0000"
      }
    },
    {
      "type": "Feature",
      "geometry": {
        "type": "LineString",
        "coordinates": [
          [
            -3.500541,
            5.278482
          ],
          [
            -3.50169,
            5.277594
          ],
          [
            -3.50169,
            5.277594
          ],
          [
            -3.504177,
            5.27714
          ],
          [
            -3.505229,
            5.277033
          ],
          [
            -3.506312,
            5.277119
          ],
          [
            -3.507214,
            5.277268
          ],
          [
            -3.508608,
            5.277407
          ],
          [
            -3.508962,
            5.277396
          ],
          [
            -3.509274,
            5.277183
          ],
          [
            -3.511801,
            5.280214
          ],
          [
            -3.512890000000001,
            5.281232
          ],
          [
            -3.513694,
            5.281895
          ],
          [
            -3.515743,
            5.283123
          ],
          [
            -3.518316,
            5.283975
          ],
          [
            -3.518919,
            5.284308
          ],
          [
            -3.518919,
            5.284308
          ],
          [
            -3.519959,
            5.283437
          ],
          [
            -3.523532,
            5.280879
          ],
          [
            -3.524197000000001,
            5.280612
          ],
          [
            -3.524991,
            5.280452
          ],
          [
            -3.52644,
            5.280452
          ],
          [
            -3.529873,
            5.281477
          ],
          [
            -3.532662,
            5.28152
          ],
          [
            -3.533446,
            5.281435
          ],
          [
            -3.533435,
            5.281392
          ],
          [
            -3.533438,
            5.281698
          ],
          [
            -3.533446,
            5.281413
          ],
          [
            -3.536407,
            5.281029
          ],
          [
            -3.5394,
            5.280708
          ],
          [
            -3.544636000000001,
            5.279341
          ],
          [
            -3.555107,
            5.278572
          ],
          [
            -3.558626,
            5.277888
          ],
          [
            -3.566608,
            5.276093
          ],
          [
            -3.574591,
            5.275068
          ],
          [
            -3.581758,
            5.274919
          ],
          [
            -3.584719,
            5.274555
          ],
          [
            -3.587035999999999,
            5.274384
          ],
          [
            -3.588652,
            5.274058
          ],
          [
            -3.588863,
            5.273909
          ],
          [
            -3.591609,
            5.273056
          ],
          [
            -3.59332,
            5.27242
          ],
          [
            -3.594022,
            5.2721
          ],
          [
            -3.594535,
            5.271743
          ]
        ]
      },
      "properties": {
        "name": "Route",
        "folder": "FO EARTH",
        "stroke-width": 5,
        "stroke": "#FF0000"
      }
    },
    {
      "type": "Feature",
      "geometry": {
        "type": "LineString",
        "coordinates": [
          [
            -3.594535,
            5.271743
          ],
          [
            -3.595914,
            5.270832
          ],
          [
            -3.596333,
            5.270522
          ],
          [
            -3.59667,
            5.270196
          ],
          [
            -3.597098,
            5.269535
          ],
          [
            -3.597667,
            5.26841
          ],
          [
            -3.598418,
            5.267091
          ],
          [
            -3.599482,
            5.26635
          ],
          [
            -3.599838,
            5.265464
          ],
          [
            -3.60019,
            5.264266
          ],
          [
            -3.600731000000001,
            5.263641
          ],
          [
            -3.601343,
            5.263123
          ],
          [
            -3.601747,
            5.262877
          ],
          [
            -3.603343999999999,
            5.261563
          ],
          [
            -3.607636,
            5.258999
          ],
          [
            -3.610468,
            5.257376
          ],
          [
            -3.612614,
            5.255922
          ],
          [
            -3.614931,
            5.253615
          ],
          [
            -3.618023,
            5.250283
          ],
          [
            -3.622459,
            5.247188
          ],
          [
            -3.626869,
            5.243978
          ],
          [
            -3.629093,
            5.242241
          ],
          [
            -3.630295,
            5.241392
          ],
          [
            -3.632784,
            5.239085
          ],
          [
            -3.635187,
            5.236264
          ],
          [
            -3.636389,
            5.233444
          ],
          [
            -3.638105,
            5.230879
          ],
          [
            -3.640938,
            5.229512
          ],
          [
            -3.644457,
            5.228486
          ],
          [
            -3.646345,
            5.228486
          ],
          [
            -3.650551,
            5.227888
          ],
          [
            -3.656044,
            5.227631
          ],
          [
            -3.662481,
            5.226862
          ],
          [
            -3.67424,
            5.22558
          ],
          [
            -3.68042,
            5.22464
          ],
          [
            -3.687029,
            5.223443
          ],
          [
            -3.69072,
            5.223187
          ],
          [
            -3.693123,
            5.22293
          ],
          [
            -3.695526,
            5.222503
          ],
          [
            -3.697414000000001,
            5.222076
          ],
          [
            -3.701461999999999,
            5.220418
          ],
          [
            -3.702895,
            5.218536
          ],
          [
            -3.704824,
            5.216292
          ],
          [
            -3.705388,
            5.215722
          ],
          [
            -3.706077,
            5.21521
          ],
          [
            -3.706913,
            5.214737
          ],
          [
            -3.707643,
            5.214419
          ],
          [
            -3.708694,
            5.214155
          ],
          [
            -3.709981,
            5.214049
          ],
          [
            -3.71044,
            5.214055
          ],
          [
            -3.711452,
            5.21421
          ],
          [
            -3.712026,
            5.21436
          ],
          [
            -3.713289,
            5.214873
          ],
          [
            -3.715041,
            5.215983
          ],
          [
            -3.715041,
            5.215983
          ],
          [
            -3.723426,
            5.221171
          ],
          [
            -3.723426,
            5.221171
          ],
          [
            -3.724655,
            5.221894
          ],
          [
            -3.725201,
            5.22217
          ],
          [
            -3.725749,
            5.222361
          ]
        ]
      },
      "properties": {
        "name": "Route",
        "folder": "FO EARTH",
        "stroke-width": 5,
        "stroke": "#FF0000"
      }
    },
    {
      "type": "Feature",
      "geometry": {
        "type": "LineString",
        "coordinates": [
          [
            -5.634249461331451,
            10.43610530795246
          ],
          [
            -5.632405339173872,
            10.40637150099057
          ],
          [
            -5.634393670839087,
            10.39962553744017
          ],
          [
            -5.634374384591288,
            10.38659464995626
          ],
          [
            -5.632161883655496,
            10.36433949970565
          ],
          [
            -5.626702518776928,
            10.3341151289347
          ],
          [
            -5.628376133157889,
            10.3270297691436
          ],
          [
            -5.628068577727936,
            10.31985033704443
          ],
          [
            -5.630594773606369,
            10.30889774996733
          ],
          [
            -5.633915675891813,
            10.28853928545193
          ],
          [
            -5.632289254242214,
            10.26960388173909
          ],
          [
            -5.633614347365502,
            10.24297300149412
          ],
          [
            -5.629845098926855,
            10.21903708344568
          ],
          [
            -5.625276079995465,
            10.19898167053011
          ],
          [
            -5.658234681725819,
            10.18078955153075
          ],
          [
            -5.681830086257268,
            10.1560885458069
          ],
          [
            -5.698253653633256,
            10.13418825650952
          ],
          [
            -5.72121145366205,
            10.12267369159233
          ],
          [
            -5.746646560860374,
            10.08668912227843
          ],
          [
            -5.794100096324088,
            10.05866123334042
          ],
          [
            -5.845177546681839,
            10.03520509618647
          ],
          [
            -5.863244352250973,
            10.0322701026477
          ],
          [
            -5.898603947854497,
            10.0030189317537
          ],
          [
            -5.870885330423588,
            9.92608971567123
          ],
          [
            -5.853289565507227,
            9.906364680731476
          ],
          [
            -5.834273880196442,
            9.836812910610096
          ],
          [
            -5.824474806218657,
            9.818455117816956
          ],
          [
            -5.820904048950909,
            9.773565432566896
          ],
          [
            -5.829449678478371,
            9.729243840137887
          ],
          [
            -5.820591175607925,
            9.701108369259144
          ],
          [
            -5.801196283873579,
            9.67940436079303
          ],
          [
            -5.757515672415664,
            9.657810399475952
          ],
          [
            -5.709658650178199,
            9.610920277332957
          ],
          [
            -5.668573544212095,
            9.576225293867077
          ],
          [
            -5.653090720438775,
            9.52764825529952
          ],
          [
            -5.643020043311349,
            9.498846105988099
          ],
          [
            -5.640745765754099,
            9.479832372726278
          ]
        ]
      },
      "properties": {
        "name": "Pogo-Korhogo",
        "folder": "FO EARTH",
        "stroke-width": 5,
        "stroke": "#FF0000"
      }
    },
    {
      "type": "Feature",
      "geometry": {
        "type": "LineString",
        "coordinates": [
          [
            -4.70472483369056,
            6.644397909576812
          ],
          [
            -4.700636297537445,
            6.646514433730025
          ],
          [
            -4.697144981362131,
            6.647642163501242
          ],
          [
            -4.6916936628327,
            6.648224123457615
          ],
          [
            -4.597596478901362,
            6.62978192760519
          ],
          [
            -4.504230510177166,
            6.619206082594223
          ],
          [
            -4.356121033619626,
            6.623242646651982
          ],
          [
            -4.272550708569556,
            6.626194153536598
          ],
          [
            -4.228715336149036,
            6.635613502847509
          ],
          [
            -4.210320948428307,
            6.635905317248439
          ],
          [
            -4.193100374704929,
            6.652598773164928
          ],
          [
            -4.167410807933971,
            6.669247488048017
          ],
          [
            -4.12715308314393,
            6.694591106082718
          ],
          [
            -4.127369329173063,
            6.699157359775916
          ],
          [
            -4.123786235545431,
            6.696465481885355
          ],
          [
            -4.103842353096876,
            6.688821361428122
          ],
          [
            -4.033683910208827,
            6.678948999577564
          ],
          [
            -3.967677081388955,
            6.67058046068619
          ],
          [
            -3.962950530086827,
            6.667940568138369
          ],
          [
            -3.954385066774331,
            6.665054432392384
          ],
          [
            -3.910488293008863,
            6.646243198504617
          ],
          [
            -3.835479024936971,
            6.613235137515638
          ],
          [
            -3.807048512870711,
            6.589526099986852
          ],
          [
            -3.779760365893195,
            6.567843406345769
          ],
          [
            -3.768930040476427,
            6.561041205089742
          ]
        ]
      },
      "properties": {
        "name": "Dimbokro-Bongouanou",
        "folder": "FO EARTH",
        "stroke-width": 5,
        "stroke": "#FF0000"
      }
    },
    {
      "type": "Feature",
      "geometry": {
        "type": "LineString",
        "coordinates": [
          [
            -3.962534310591548,
            7.054716536477044
          ],
          [
            -3.963711232948819,
            7.060578080892091
          ],
          [
            -3.962556966016664,
            7.065640061159876
          ],
          [
            -3.959230592092368,
            7.073538294878384
          ],
          [
            -3.954866539471003,
            7.08923610264148
          ],
          [
            -3.958714548190637,
            7.134194942204558
          ],
          [
            -3.951136405954886,
            7.148665073732553
          ],
          [
            -3.975308967240274,
            7.211084466253599
          ],
          [
            -4.01759990571634,
            7.305075557345327
          ],
          [
            -4.027236350842321,
            7.314477475626236
          ],
          [
            -4.068171699131565,
            7.311899307348329
          ],
          [
            -4.099493418138712,
            7.315389101760939
          ],
          [
            -4.175287810684418,
            7.285184929230306
          ],
          [
            -4.227897153000034,
            7.287713299829846
          ],
          [
            -4.255290414310418,
            7.281543301922733
          ]
        ]
      },
      "properties": {
        "name": "Daoukro-Ananda",
        "folder": "FO EARTH",
        "stroke-width": 5,
        "stroke": "#FF0000"
      }
    }
  ]
}