{
"type": "FeatureCollection",
"name": "hotosm_civ_railways_lines_geojson",
"features": [
{ "type": "Feature", "properties": { "name": "Chemins de fer Abidjan-Niger", "name:en": null, "railway": "rail", "ele": null, "operator:type": null, "layer": null, "addr:full": null, "addr:city": null, "source": null, "name:fr": null, "osm_id": 30671888, "osm_type": "ways_line" }, "geometry": { "type": "LineString", "coordinates": [ [ -4.0209784, 5.4207419 ], [ -4.0209382, 5.4229578 ], [ -4.0209462, 5.4235335 ], [ -4.0209561, 5.4238102 ], [ -4.0210153, 5.4241923 ], [ -4.0211079, 5.4246214 ], [ -4.0212165, 5.4249892 ], [ -4.021329, 5.4252871 ], [ -4.0214526, 5.4255755 ], [ -4.0215891, 5.4258482 ], [ -4.0217599, 5.4261417 ], [ -4.021978, 5.4264703 ], [ -4.0222417, 5.4268214 ], [ -4.0247474, 5.4297533 ], [ -4.0260161, 5.4312166 ], [ -4.0266907, 5.4320176 ], [ -4.0270784, 5.432442 ], [ -4.0272341, 5.432595 ], [ -4.0273559, 5.4327145 ], [ -4.0277944, 5.4331044 ], [ -4.0280348, 5.4332861 ], [ -4.0283724, 5.4335143 ], [ -4.0290099, 5.4338732 ], [ -4.0295083, 5.434099 ], [ -4.0299134, 5.4342619 ], [ -4.0303834, 5.4344088 ], [ -4.0321785, 5.434824 ], [ -4.033515, 5.4351098 ], [ -4.0348072, 5.4354016 ], [ -4.0365886, 5.435804 ], [ -4.0410104, 5.4368027 ], [ -4.0435987, 5.4374088 ], [ -4.0443715, 5.437605 ], [ -4.0448407, 5.4377583 ], [ -4.0452138, 5.4379201 ], [ -4.0457499, 5.4381885 ], [ -4.0462325, 5.4384763 ], [ -4.0467088, 5.4388459 ], [ -4.0471042, 5.4391943 ], [ -4.0476006, 5.4396891 ], [ -4.0479559, 5.440129 ], [ -4.0482704, 5.4405918 ], [ -4.0487692, 5.4415566 ], [ -4.0494527, 5.4428605 ], [ -4.0499984, 5.4439727 ], [ -4.0510374, 5.446088 ], [ -4.0519365, 5.4479185 ], [ -4.052341, 5.4485816 ], [ -4.0529865, 5.4496219 ], [ -4.0532848, 5.4500006 ], [ -4.0535006, 5.4503168 ], [ -4.0570222, 5.4543778 ], [ -4.0578993, 5.4554298 ], [ -4.0582693, 5.4559313 ], [ -4.0585806, 5.4564711 ], [ -4.0587563, 5.4568956 ], [ -4.0589029, 5.4573227 ], [ -4.0590138, 5.4577848 ], [ -4.0590825, 5.4582938 ], [ -4.059105, 5.4586739 ], [ -4.0590942, 5.4591118 ], [ -4.0590637, 5.4595028 ], [ -4.0589789, 5.4599662 ], [ -4.0588511, 5.4605155 ], [ -4.0573966, 5.4665184 ], [ -4.0572006, 5.4670338 ], [ -4.0568796, 5.4676666 ], [ -4.0564486, 5.468389 ], [ -4.0563874, 5.4684916 ], [ -4.0555446, 5.469822 ], [ -4.0552772, 5.4704223 ], [ -4.055147, 5.4708453 ], [ -4.0550468, 5.4712772 ], [ -4.0549539, 5.4718234 ], [ -4.0549312, 5.4722033 ], [ -4.0549386, 5.472592 ], [ -4.0550347, 5.4733005 ], [ -4.0552461, 5.474094 ], [ -4.0555128, 5.4747957 ], [ -4.0563639, 5.4765511 ], [ -4.056712, 5.4773339 ], [ -4.0568859, 5.4778948 ], [ -4.0569895, 5.4785439 ], [ -4.0569958, 5.4790571 ], [ -4.0569796, 5.4794627 ], [ -4.0569201, 5.4799262 ], [ -4.0568326, 5.4803812 ], [ -4.0564467, 5.4819676 ], [ -4.0558383, 5.4845614 ], [ -4.0554938, 5.4859777 ], [ -4.0553615, 5.4868648 ], [ -4.0553251, 5.4876156 ], [ -4.0553547, 5.4881713 ], [ -4.0554298, 5.4888072 ], [ -4.0557965, 5.4911857 ], [ -4.0558345, 5.4915964 ], [ -4.0558564, 5.4919772 ], [ -4.0558479, 5.4923854 ], [ -4.0558179, 5.4927395 ] ] } },
{ "type": "Feature", "properties": { "name": "Chemins de fer Abidjan-Niger", "name:en": null, "railway": "rail", "ele": null, "operator:type": null, "layer": null, "addr:full": null, "addr:city": null, "source": "Perry-Castañeda LibraryMap Collection;landsat;landsat and personal knowledge", "name:fr": null, "osm_id": 403839149, "osm_type": "ways_line" }, "geometry": { "type": "LineString", "coordinates": [ [ -5.1721698, 9.0654695 ], [ -5.1719729, 9.0655862 ], [ -5.1709463, 9.0661954 ], [ -5.1706264, 9.0664318 ], [ -5.1703394, 9.0666814 ], [ -5.1701114, 9.0669616 ], [ -5.1698921, 9.0672636 ], [ -5.1697279, 9.0675655 ], [ -5.1696048, 9.0678182 ], [ -5.1694686, 9.0681823 ], [ -5.1693765, 9.0685084 ], [ -5.169316, 9.0688503 ], [ -5.1693023, 9.0692574 ], [ -5.1693255, 9.0696685 ], [ -5.1693849, 9.0702823 ], [ -5.1698181, 9.0742525 ], [ -5.1698593, 9.0745924 ], [ -5.1699631, 9.0750512 ], [ -5.1701034, 9.0754161 ], [ -5.1702305, 9.0757016 ], [ -5.1704467, 9.076073 ], [ -5.1706364, 9.0763545 ], [ -5.1708517, 9.0766398 ], [ -5.1711387, 9.0769417 ], [ -5.1728474, 9.0784547 ], [ -5.1755672, 9.0807546 ], [ -5.1758992, 9.0810571 ], [ -5.1761974, 9.0813914 ], [ -5.1764714, 9.0817679 ], [ -5.1766989, 9.0821541 ], [ -5.1768699, 9.0825147 ], [ -5.1770101, 9.0829222 ], [ -5.1771013, 9.0832851 ], [ -5.177169, 9.0836714 ], [ -5.1772005, 9.0840638 ], [ -5.1772101, 9.0846054 ], [ -5.1769375, 9.0938733 ], [ -5.176943, 9.0943427 ], [ -5.1769818, 9.094718 ], [ -5.177053, 9.0950869 ], [ -5.1771791, 9.0954948 ], [ -5.1773188, 9.0958289 ], [ -5.1804374, 9.1024222 ], [ -5.1806069, 9.1027966 ], [ -5.1807518, 9.1032177 ], [ -5.1808537, 9.1036547 ], [ -5.1809154, 9.1041155 ], [ -5.1809315, 9.1046267 ], [ -5.180897, 9.1050742 ], [ -5.1800991, 9.1139057 ], [ -5.1800329, 9.1143065 ], [ -5.179931, 9.1146879 ], [ -5.1798103, 9.1150215 ], [ -5.1796306, 9.1154214 ], [ -5.1793704, 9.1158584 ], [ -5.1789869, 9.1163748 ], [ -5.1737129, 9.1235401 ], [ -5.1732339, 9.1241723 ], [ -5.1728534, 9.1246167 ], [ -5.1724293, 9.1250383 ], [ -5.171925, 9.1254805 ], [ -5.1714501, 9.1258511 ], [ -5.1708709, 9.1262221 ], [ -5.170115, 9.1266223 ], [ -5.1609092, 9.1307225 ], [ -5.1604581, 9.1309793 ], [ -5.1599945, 9.1313093 ], [ -5.1595269, 9.1317397 ], [ -5.1592408, 9.1321064 ], [ -5.1589778, 9.1325128 ], [ -5.158763, 9.1329139 ], [ -5.1558682, 9.1390273 ], [ -5.1554298, 9.140095 ], [ -5.1551934, 9.1407051 ], [ -5.1550217, 9.1411923 ], [ -5.1548635, 9.1417564 ], [ -5.154724, 9.1423522 ], [ -5.1546501, 9.1429022 ], [ -5.1538416, 9.1479212 ], [ -5.1529672, 9.1537072 ], [ -5.1520981, 9.159186 ], [ -5.1513618, 9.1640236 ], [ -5.1512666, 9.1648236 ], [ -5.1512318, 9.1654379 ], [ -5.1512452, 9.1660258 ], [ -5.1512854, 9.1665898 ], [ -5.1513542, 9.1671722 ], [ -5.1514755, 9.1677741 ], [ -5.1545438, 9.1806914 ], [ -5.154716, 9.1815345 ], [ -5.1548224, 9.1824298 ], [ -5.1548903, 9.183298 ], [ -5.1548796, 9.1839679 ], [ -5.1548332, 9.1846931 ], [ -5.1545577, 9.1882097 ], [ -5.1542757, 9.1912616 ], [ -5.1541271, 9.1931723 ], [ -5.1540883, 9.1936932 ], [ -5.1540937, 9.1941222 ], [ -5.1541741, 9.1945908 ], [ -5.1542922, 9.1949747 ], [ -5.1544529, 9.1953546 ], [ -5.1546864, 9.1957479 ], [ -5.1549734, 9.1961238 ], [ -5.1552439, 9.1964151 ], [ -5.1555823, 9.1967063 ], [ -5.1559935, 9.1969584 ], [ -5.1564755, 9.1971697 ], [ -5.1570682, 9.1973365 ], [ -5.1617798, 9.1985411 ], [ -5.1622074, 9.1986577 ], [ -5.1626365, 9.1988272 ], [ -5.1630415, 9.199039 ], [ -5.1634504, 9.1993077 ], [ -5.1639213, 9.1996718 ], [ -5.1643585, 9.2001881 ], [ -5.1646574, 9.2005968 ], [ -5.1649057, 9.2010751 ], [ -5.1651061, 9.2016129 ], [ -5.1652195, 9.2020706 ], [ -5.1652953, 9.2025789 ], [ -5.166201, 9.2121763 ], [ -5.1666811, 9.2171887 ], [ -5.167188, 9.2262336 ], [ -5.1681205, 9.2457498 ], [ -5.1694551, 9.2734708 ], [ -5.1694842, 9.2741069 ], [ -5.1694497, 9.2746752 ], [ -5.1693554, 9.2751843 ], [ -5.1691436, 9.2757931 ], [ -5.1689404, 9.2762168 ], [ -5.1686527, 9.2766746 ], [ -5.1683174, 9.2770876 ], [ -5.1679097, 9.2774688 ], [ -5.167424, 9.2778377 ], [ -5.16692, 9.27812 ], [ -5.1664348, 9.2783152 ], [ -5.1657999, 9.2784876 ], [ -5.1593253, 9.279766 ], [ -5.1588439, 9.2798882 ], [ -5.1583155, 9.2801 ], [ -5.1578418, 9.2803595 ], [ -5.1574116, 9.2806744 ], [ -5.1569506, 9.281096 ], [ -5.1496674, 9.2895701 ], [ -5.1493757, 9.2899497 ], [ -5.1490914, 9.290405 ], [ -5.1489063, 9.2907941 ], [ -5.1487802, 9.2911277 ], [ -5.1486572, 9.2915732 ], [ -5.1485683, 9.2920991 ], [ -5.1485469, 9.2925676 ], [ -5.1485817, 9.2929964 ], [ -5.1486699, 9.2934827 ], [ -5.1496814, 9.2975122 ], [ -5.1498719, 9.2981845 ], [ -5.1500543, 9.2986266 ], [ -5.1503459, 9.2991195 ], [ -5.1507597, 9.2996271 ], [ -5.1511406, 9.3000004 ], [ -5.1516055, 9.3003501 ], [ -5.1522537, 9.3006939 ], [ -5.1527595, 9.3008929 ], [ -5.153289, 9.3010327 ], [ -5.1539032, 9.3011094 ], [ -5.1545161, 9.3010895 ], [ -5.1551666, 9.3009877 ], [ -5.1585046, 9.3001809 ], [ -5.1591738, 9.300048 ], [ -5.159721, 9.2999951 ], [ -5.1603888, 9.3000268 ], [ -5.1608875, 9.3001063 ], [ -5.1615127, 9.3003127 ], [ -5.1620123, 9.3005333 ], [ -5.16243, 9.3007944 ], [ -5.1628111, 9.3010789 ], [ -5.1631783, 9.3014271 ], [ -5.1634831, 9.3018028 ], [ -5.1637443, 9.3021709 ], [ -5.1640081, 9.3026773 ], [ -5.1641949, 9.3031687 ], [ -5.1643659, 9.3038818 ], [ -5.1644068, 9.3044604 ], [ -5.164396, 9.3050825 ], [ -5.1643559, 9.3057364 ], [ -5.1641815, 9.3086928 ], [ -5.1640935, 9.3106854 ], [ -5.1640504, 9.3116615 ], [ -5.1639379, 9.3134073 ] ] } },
{ "type": "Feature", "properties": { "name": "Chemins de fer Abidjan-Niger", "name:en": null, "railway": "rail", "ele": null, "operator:type": null, "layer": null, "addr:full": null, "addr:city": null, "source": null, "name:fr": null, "osm_id": 402994423, "osm_type": "ways_line" }, "geometry": { "type": "LineString", "coordinates": [ [ -4.9609347, 7.5672119 ], [ -4.9621088, 7.5699036 ], [ -4.9641649, 7.5746024 ], [ -4.9643625, 7.574957 ] ] } },
{ "type": "Feature", "properties": { "name": "Chemins de fer Abidjan-Niger", "name:en": null, "railway": "rail", "ele": null, "operator:type": null, "layer": null, "addr:full": null, "addr:city": null, "source": "Perry-Castañeda LibraryMap Collection;landsat;landsat and personal knowledge", "name:fr": null, "osm_id": 403839156, "osm_type": "ways_line" }, "geometry": { "type": "LineString", "coordinates": [ [ -5.1882086, 9.3351557 ], [ -5.1918323, 9.343094 ], [ -5.1929578, 9.3455665 ], [ -5.1933329, 9.346223 ], [ -5.1936868, 9.3468027 ], [ -5.1940568, 9.3473081 ], [ -5.1945233, 9.3478512 ], [ -5.2067513, 9.36046 ], [ -5.2158909, 9.3698655 ] ] } },
{ "type": "Feature", "properties": { "name": "Chemins de fer Abidjan-Niger", "name:en": null, "railway": "rail", "ele": null, "operator:type": null, "layer": null, "addr:full": null, "addr:city": null, "source": "Perry-Castañeda LibraryMap Collection;landsat;landsat and personal knowledge", "name:fr": null, "osm_id": 404023843, "osm_type": "ways_line" }, "geometry": { "type": "LineString", "coordinates": [ [ -5.1908595, 9.5889137 ], [ -5.1908253, 9.5893235 ], [ -5.1908412, 9.5916697 ], [ -5.190872, 9.593338 ], [ -5.1908688, 9.593613 ], [ -5.1908434, 9.5938999 ], [ -5.190799, 9.5942624 ], [ -5.1907066, 9.594614 ], [ -5.1906002, 9.5949272 ], [ -5.1904612, 9.5952567 ], [ -5.1903389, 9.5955015 ], [ -5.1901567, 9.5958028 ], [ -5.1899424, 9.5961069 ], [ -5.1896856, 9.5964051 ], [ -5.1731723, 9.6133534 ], [ -5.172827, 9.6137399 ], [ -5.1725078, 9.6141511 ], [ -5.1722315, 9.6145967 ], [ -5.171984, 9.6150653 ], [ -5.171793, 9.6155329 ], [ -5.1716348, 9.6160122 ], [ -5.1714338, 9.6168459 ], [ -5.169322, 9.6262674 ], [ -5.1692248, 9.6267322 ], [ -5.1691845, 9.6271025 ], [ -5.1691577, 9.6274687 ], [ -5.1691503, 9.6278646 ], [ -5.1691993, 9.6284234 ], [ -5.1692945, 9.6289509 ], [ -5.1694211, 9.6294551 ], [ -5.1695815, 9.6299241 ], [ -5.1697559, 9.6303411 ], [ -5.1699597, 9.6307491 ], [ -5.1701792, 9.6310921 ], [ -5.173039, 9.6357842 ], [ -5.1731958, 9.6361027 ], [ -5.1733326, 9.636424 ], [ -5.1734345, 9.6367386 ], [ -5.173516, 9.6370595 ], [ -5.1735753, 9.637409 ], [ -5.1736021, 9.6377342 ], [ -5.1736062, 9.6380549 ], [ -5.1735793, 9.6384998 ], [ -5.1735351, 9.6388303 ], [ -5.1734383, 9.6392654 ], [ -5.1733057, 9.6396289 ], [ -5.1731529, 9.6399885 ], [ -5.1729423, 9.6403773 ], [ -5.1726723, 9.6407944 ], [ -5.1657492, 9.6519065 ] ] } },
{ "type": "Feature", "properties": { "name": "Chemins de fer Abidjan-Niger", "name:en": null, "railway": "rail", "ele": null, "operator:type": null, "layer": null, "addr:full": null, "addr:city": null, "source": null, "name:fr": null, "osm_id": 404235975, "osm_type": "ways_line" }, "geometry": { "type": "LineString", "coordinates": [ [ -5.1230678, 9.9865566 ], [ -5.1227691, 9.987097 ], [ -5.1223692, 9.9877207 ], [ -5.1218972, 9.988353 ], [ -5.1181148, 9.9932076 ], [ -5.1143346, 9.998057 ], [ -5.1100363, 10.00356 ], [ -5.1058253, 10.0094009 ], [ -5.1025963, 10.0139038 ] ] } },
{ "type": "Feature", "properties": { "name": "Chemins de fer Abidjan-Niger", "name:en": null, "railway": "rail", "ele": null, "operator:type": null, "layer": null, "addr:full": null, "addr:city": null, "source": "Perry-Castañeda LibraryMap Collection;landsat;landsat and personal knowledge", "name:fr": null, "osm_id": 403612107, "osm_type": "ways_line" }, "geometry": { "type": "LineString", "coordinates": [ [ -5.1219678, 8.3448006 ], [ -5.1219624, 8.3476932 ] ] } },
{ "type": "Feature", "properties": { "name": "Chemins de fer Abidjan-Niger", "name:en": null, "railway": "rail", "ele": null, "operator:type": null, "layer": null, "addr:full": null, "addr:city": null, "source": "Perry-Castañeda LibraryMap Collection;landsat;landsat and personal knowledge", "name:fr": null, "osm_id": 403758469, "osm_type": "ways_line" }, "geometry": { "type": "LineString", "coordinates": [ [ -5.1629844, 8.80985 ], [ -5.1633554, 8.8096472 ], [ -5.1640984, 8.8091171 ], [ -5.1646091, 8.8087721 ], [ -5.165933, 8.8078779 ], [ -5.1662857, 8.8076049 ], [ -5.1665674, 8.8073359 ], [ -5.1667766, 8.8070708 ], [ -5.166967, 8.8067634 ], [ -5.1671172, 8.8064447 ] ] } },
{ "type": "Feature", "properties": { "name": "Chemins de fer Abidjan-Niger", "name:en": null, "railway": "rail", "ele": null, "operator:type": null, "layer": null, "addr:full": null, "addr:city": null, "source": "Perry-Castañeda LibraryMap Collection;landsat;landsat and personal knowledge", "name:fr": null, "osm_id": 403758539, "osm_type": "ways_line" }, "geometry": { "type": "LineString", "coordinates": [ [ -5.1702234, 8.7992677 ], [ -5.1700455, 8.800224 ], [ -5.1699154, 8.800835 ], [ -5.1697136, 8.8015205 ], [ -5.1695385, 8.8020304 ], [ -5.1693689, 8.8024257 ], [ -5.1691614, 8.8028399 ], [ -5.1671172, 8.8064447 ] ] } },
{ "type": "Feature", "properties": { "name": "Chemins de fer Abidjan-Niger", "name:en": null, "railway": "rail", "ele": null, "operator:type": null, "layer": "1", "addr:full": null, "addr:city": null, "source": null, "name:fr": null, "osm_id": 402689671, "osm_type": "ways_line" }, "geometry": { "type": "LineString", "coordinates": [ [ -4.7070647, 6.6353846 ], [ -4.7069446, 6.6355892 ] ] } },
{ "type": "Feature", "properties": { "name": null, "name:en": null, "railway": "rail", "ele": null, "operator:type": null, "layer": null, "addr:full": null, "addr:city": null, "source": null, "name:fr": null, "osm_id": 402994452, "osm_type": "ways_line" }, "geometry": { "type": "LineString", "coordinates": [ [ -5.0342353, 7.6842569 ], [ -5.0341924, 7.6842582 ] ] } },
{ "type": "Feature", "properties": { "name": "Chemins de fer Abidjan-Niger", "name:en": null, "railway": "rail", "ele": null, "operator:type": null, "layer": "1", "addr:full": null, "addr:city": null, "source": null, "name:fr": null, "osm_id": 402981125, "osm_type": "ways_line" }, "geometry": { "type": "LineString", "coordinates": [ [ -4.8197373, 7.2759133 ], [ -4.819897, 7.2760572 ] ] } },
{ "type": "Feature", "properties": { "name": "Chemins de fer Abidjan-Niger", "name:en": null, "railway": "rail", "ele": null, "operator:type": null, "layer": null, "addr:full": null, "addr:city": null, "source": null, "name:fr": null, "osm_id": 404235973, "osm_type": "ways_line" }, "geometry": { "type": "LineString", "coordinates": [ [ -5.074514, 10.1281985 ], [ -5.0698788, 10.1347398 ], [ -5.0684559, 10.1367365 ] ] } },
{ "type": "Feature", "properties": { "name": "Chemins de fer Abidjan-Niger", "name:en": null, "railway": "rail", "ele": null, "operator:type": null, "layer": null, "addr:full": null, "addr:city": null, "source": null, "name:fr": null, "osm_id": 402689673, "osm_type": "ways_line" }, "geometry": { "type": "LineString", "coordinates": [ [ -4.7043601, 6.6436363 ], [ -4.7040275, 6.6434951 ], [ -4.7035489, 6.6431468 ] ] } },
{ "type": "Feature", "properties": { "name": "Chemins de fer Abidjan-Niger", "name:en": null, "railway": "rail", "ele": null, "operator:type": null, "layer": null, "addr:full": null, "addr:city": null, "source": null, "name:fr": null, "osm_id": 402689681, "osm_type": "ways_line" }, "geometry": { "type": "LineString", "coordinates": [ [ -4.7051996, 6.6440999 ], [ -4.7048939, 6.6438788 ], [ -4.7047517, 6.6438068 ], [ -4.7043601, 6.6436363 ], [ -4.7040624, 6.6434605 ], [ -4.703582, 6.6431016 ] ] } },
{ "type": "Feature", "properties": { "name": "Chemins de fer Abidjan-Niger", "name:en": null, "railway": "rail", "ele": null, "operator:type": null, "layer": null, "addr:full": null, "addr:city": null, "source": "Perry-Castañeda LibraryMap Collection;landsat;landsat and personal knowledge", "name:fr": null, "osm_id": 403758511, "osm_type": "ways_line" }, "geometry": { "type": "LineString", "coordinates": [ [ -5.1289387, 8.6820318 ], [ -5.1304553, 8.6793042 ], [ -5.1316703, 8.677119 ] ] } },
{ "type": "Feature", "properties": { "name": "Chemins de fer Abidjan-Niger", "name:en": null, "railway": "rail", "ele": null, "operator:type": null, "layer": "1", "addr:full": null, "addr:city": null, "source": "Perry-Castañeda LibraryMap Collection;landsat;landsat and personal knowledge", "name:fr": null, "osm_id": 404023821, "osm_type": "ways_line" }, "geometry": { "type": "LineString", "coordinates": [ [ -5.1536656, 9.7742371 ], [ -5.1536685, 9.7743375 ] ] } },
{ "type": "Feature", "properties": { "name": "Chemins de fer Abidjan-Niger", "name:en": null, "railway": "rail", "ele": null, "operator:type": null, "layer": null, "addr:full": null, "addr:city": null, "source": null, "name:fr": null, "osm_id": 402994426, "osm_type": "ways_line" }, "geometry": { "type": "LineString", "coordinates": [ [ -5.0281627, 7.6864821 ], [ -5.0291575, 7.6859564 ], [ -5.0305106, 7.6852414 ], [ -5.0311639, 7.6848921 ], [ -5.0317542, 7.6845661 ], [ -5.032321, 7.6842548 ], [ -5.0327549, 7.684028 ] ] } },
{ "type": "Feature", "properties": { "name": null, "name:en": null, "railway": "rail", "ele": null, "operator:type": null, "layer": null, "addr:full": null, "addr:city": null, "source": null, "name:fr": null, "osm_id": 402994470, "osm_type": "ways_line" }, "geometry": { "type": "LineString", "coordinates": [ [ -5.027877, 7.6866828 ], [ -5.0275833, 7.6868383 ], [ -5.0264809, 7.6874311 ], [ -5.0261805, 7.6875494 ] ] } },
{ "type": "Feature", "properties": { "name": null, "name:en": null, "railway": "rail", "ele": null, "operator:type": null, "layer": null, "addr:full": null, "addr:city": null, "source": null, "name:fr": null, "osm_id": 247573186, "osm_type": "ways_line" }, "geometry": { "type": "LineString", "coordinates": [ [ -5.0339593, 7.6842246 ], [ -5.0334499, 7.6842431 ], [ -5.0331532, 7.6843031 ], [ -5.0328891, 7.684356 ] ] } },
{ "type": "Feature", "properties": { "name": null, "name:en": null, "railway": "rail", "ele": null, "operator:type": null, "layer": null, "addr:full": null, "addr:city": null, "source": null, "name:fr": null, "osm_id": 247573199, "osm_type": "ways_line" }, "geometry": { "type": "LineString", "coordinates": [ [ -5.03087, 7.6844863 ], [ -5.0321372, 7.6838005 ], [ -5.0322436, 7.6837556 ], [ -5.0323402, 7.6837277 ], [ -5.0325239, 7.6836931 ], [ -5.0326808, 7.6836727 ], [ -5.0329461, 7.68366 ] ] } },
{ "type": "Feature", "properties": { "name": null, "name:en": null, "railway": "rail", "ele": null, "operator:type": null, "layer": null, "addr:full": null, "addr:city": null, "source": "survey", "name:fr": null, "osm_id": 483242244, "osm_type": "ways_line" }, "geometry": { "type": "LineString", "coordinates": [ [ -5.0048332, 7.6696701 ], [ -5.0051965, 7.6699967 ], [ -5.0053339, 7.6701203 ], [ -5.0055541, 7.6702704 ], [ -5.0057231, 7.6703186 ], [ -5.0058606, 7.6703302 ], [ -5.0060199, 7.6703092 ], [ -5.006205, 7.6702274 ], [ -5.0071726, 7.6696926 ], [ -5.007371, 7.6695441 ], [ -5.0076748, 7.6692704 ], [ -5.0079444, 7.6689926 ], [ -5.0081603, 7.6687401 ], [ -5.0082707, 7.6685422 ], [ -5.0083015, 7.6684818 ], [ -5.0083923, 7.6683214 ], [ -5.0089945, 7.6676781 ] ] } },
{ "type": "Feature", "properties": { "name": null, "name:en": null, "railway": "rail", "ele": null, "operator:type": null, "layer": null, "addr:full": null, "addr:city": null, "source": null, "name:fr": null, "osm_id": 247573189, "osm_type": "ways_line" }, "geometry": { "type": "LineString", "coordinates": [ [ -5.0339665, 7.68446 ], [ -5.03324, 7.6844801 ], [ -5.033114, 7.6844735 ], [ -5.0329047, 7.6844363 ] ] } },
{ "type": "Feature", "properties": { "name": null, "name:en": null, "railway": "rail", "ele": null, "operator:type": null, "layer": null, "addr:full": null, "addr:city": null, "source": null, "name:fr": null, "osm_id": 247573196, "osm_type": "ways_line" }, "geometry": { "type": "LineString", "coordinates": [ [ -5.0336768, 7.683489 ], [ -5.0334693, 7.6835672 ], [ -5.033283, 7.6836154 ], [ -5.0329461, 7.68366 ], [ -5.0326859, 7.6836959 ] ] } },
{ "type": "Feature", "properties": { "name": null, "name:en": null, "railway": "rail", "ele": null, "operator:type": null, "layer": null, "addr:full": null, "addr:city": null, "source": null, "name:fr": null, "osm_id": 402994450, "osm_type": "ways_line" }, "geometry": { "type": "LineString", "coordinates": [ [ -5.0339679, 7.6845056 ], [ -5.0331931, 7.6845272 ] ] } },
{ "type": "Feature", "properties": { "name": "Chemins de fer Abidjan-Niger", "name:en": null, "railway": "rail", "ele": null, "operator:type": null, "layer": "1", "addr:full": null, "addr:city": null, "source": "Perry-Castañeda LibraryMap Collection;landsat;landsat and personal knowledge", "name:fr": null, "osm_id": 404023807, "osm_type": "ways_line" }, "geometry": { "type": "LineString", "coordinates": [ [ -5.1474563, 9.6944569 ], [ -5.1474842, 9.694578 ] ] } },
{ "type": "Feature", "properties": { "name": "Chemins de fer Abidjan-Niger", "name:en": null, "railway": "rail", "ele": null, "operator:type": null, "layer": "1", "addr:full": null, "addr:city": null, "source": "Perry-Castañeda LibraryMap Collection;landsat;landsat and personal knowledge", "name:fr": null, "osm_id": 404023816, "osm_type": "ways_line" }, "geometry": { "type": "LineString", "coordinates": [ [ -5.1474558, 9.9592281 ], [ -5.1474191, 9.9592847 ] ] } },
{ "type": "Feature", "properties": { "name": "Chemins de fer Abidjan-Niger", "name:en": null, "railway": "rail", "ele": null, "operator:type": null, "layer": null, "addr:full": null, "addr:city": null, "source": null, "name:fr": null, "osm_id": 402787775, "osm_type": "ways_line" }, "geometry": { "type": "LineString", "coordinates": [ [ -4.8143531, 7.2368328 ], [ -4.8157183, 7.2389844 ], [ -4.8187478, 7.2437141 ], [ -4.8190789, 7.2442234 ] ] } },
{ "type": "Feature", "properties": { "name": "Chemins de fer Abidjan-Niger", "name:en": null, "railway": "rail", "ele": null, "operator:type": null, "layer": null, "addr:full": null, "addr:city": null, "source": "Perry-Castañeda LibraryMap Collection;landsat;landsat and personal knowledge", "name:fr": null, "osm_id": 403894077, "osm_type": "ways_line" }, "geometry": { "type": "LineString", "coordinates": [ [ -5.2288582, 9.3957396 ], [ -5.2299755, 9.3988355 ], [ -5.2301371, 9.3993297 ], [ -5.2302041, 9.3996115 ], [ -5.2302469, 9.3998559 ], [ -5.2302672, 9.4000852 ], [ -5.2302725, 9.4003617 ], [ -5.230271, 9.4006549 ], [ -5.2302471, 9.4009651 ], [ -5.2302028, 9.4012733 ], [ -5.2301456, 9.4015479 ], [ -5.2300446, 9.4018912 ], [ -5.2299445, 9.4021697 ], [ -5.2298099, 9.4024668 ], [ -5.2296476, 9.4027552 ], [ -5.2295145, 9.4029565 ], [ -5.2292895, 9.4032567 ], [ -5.2290653, 9.4035168 ], [ -5.2288349, 9.4037528 ], [ -5.2286096, 9.403942 ], [ -5.2283297, 9.4041464 ], [ -5.2280195, 9.4043456 ], [ -5.2276877, 9.4045252 ], [ -5.2272547, 9.4047061 ], [ -5.2150642, 9.4090828 ], [ -5.2145695, 9.4092634 ], [ -5.2141806, 9.4094381 ], [ -5.213879, 9.4095973 ], [ -5.2135838, 9.4097966 ], [ -5.2132935, 9.4100257 ], [ -5.2130353, 9.4102531 ], [ -5.2127228, 9.4105851 ], [ -5.2125187, 9.4108531 ], [ -5.2122883, 9.4112401 ], [ -5.2120677, 9.4116752 ], [ -5.2119235, 9.4120709 ], [ -5.2118254, 9.4124315 ], [ -5.2117289, 9.412906 ], [ -5.2106735, 9.419426 ], [ -5.2106361, 9.4198014 ], [ -5.2106307, 9.4201481 ], [ -5.2106496, 9.4205079 ], [ -5.2106964, 9.4208413 ], [ -5.2107879, 9.421214 ], [ -5.2109231, 9.4216034 ], [ -5.2110357, 9.4218693 ], [ -5.2111723, 9.4221407 ], [ -5.2143202, 9.4277659 ], [ -5.2144998, 9.4281297 ], [ -5.2146339, 9.4284584 ], [ -5.2147466, 9.4288362 ], [ -5.2148289, 9.4292389 ], [ -5.2148726, 9.429589 ], [ -5.2148925, 9.4300138 ], [ -5.2148673, 9.4304423 ], [ -5.2148031, 9.4308721 ], [ -5.2141933, 9.4345778 ] ] } },
{ "type": "Feature", "properties": { "name": "Chemins de fer Abidjan-Niger", "name:en": null, "railway": "rail", "ele": null, "operator:type": null, "layer": null, "addr:full": null, "addr:city": null, "source": "Perry-Castañeda LibraryMap Collection;landsat;landsat and personal knowledge", "name:fr": null, "osm_id": 403612108, "osm_type": "ways_line" }, "geometry": { "type": "LineString", "coordinates": [ [ -5.115062, 8.3774542 ], [ -5.1151276, 8.3778085 ] ] } },
{ "type": "Feature", "properties": { "name": "Chemins de fer Abidjan-Niger", "name:en": null, "railway": "rail", "ele": null, "operator:type": null, "layer": null, "addr:full": null, "addr:city": null, "source": "Perry-Castañeda LibraryMap Collection;landsat;landsat and personal knowledge", "name:fr": null, "osm_id": 403612110, "osm_type": "ways_line" }, "geometry": { "type": "LineString", "coordinates": [ [ -5.1219544, 8.3526446 ], [ -5.1219571, 8.3541823 ], [ -5.1219463, 8.3546329 ], [ -5.1219061, 8.3551065 ], [ -5.1218371, 8.3555208 ], [ -5.1217572, 8.3559305 ], [ -5.1216271, 8.3563936 ], [ -5.1214568, 8.3568514 ], [ -5.1212538, 8.3573209 ], [ -5.121021, 8.3577828 ], [ -5.1207624, 8.3582049 ], [ -5.1171755, 8.3634856 ], [ -5.1150676, 8.3665771 ], [ -5.114813, 8.3670071 ], [ -5.1145939, 8.3674497 ], [ -5.1143758, 8.3679611 ], [ -5.1141983, 8.3684743 ], [ -5.1140566, 8.3690411 ], [ -5.11396, 8.3696037 ], [ -5.1139191, 8.3702036 ], [ -5.1139131, 8.3707129 ], [ -5.1139426, 8.3712277 ], [ -5.114007, 8.3717372 ], [ -5.1145781, 8.3748403 ], [ -5.115062, 8.3774542 ] ] } },
{ "type": "Feature", "properties": { "name": "Chemins de fer Abidjan-Niger", "name:en": null, "railway": "rail", "ele": null, "operator:type": null, "layer": null, "addr:full": null, "addr:city": null, "source": "Perry-Castañeda LibraryMap Collection;landsat;landsat and personal knowledge", "name:fr": null, "osm_id": 403834617, "osm_type": "ways_line" }, "geometry": { "type": "LineString", "coordinates": [ [ -5.1721698, 9.0654695 ], [ -5.1724564, 9.0653571 ], [ -5.1726548, 9.0652472 ], [ -5.1748484, 9.0639586 ], [ -5.1772924, 9.062523 ], [ -5.1778805, 9.0621124 ] ] } },
{ "type": "Feature", "properties": { "name": "Chemins de fer Abidjan-Niger", "name:en": null, "railway": "rail", "ele": null, "operator:type": null, "layer": null, "addr:full": null, "addr:city": null, "source": "Perry-Castañeda LibraryMap Collection;landsat;landsat and personal knowledge", "name:fr": null, "osm_id": 403616677, "osm_type": "ways_line" }, "geometry": { "type": "LineString", "coordinates": [ [ -5.1420252, 8.5839103 ], [ -5.142854, 8.5851255 ], [ -5.14316, 8.5856247 ], [ -5.1445724, 8.588142 ], [ -5.145247, 8.5893288 ], [ -5.1454599, 8.5896672 ], [ -5.1456805, 8.589974 ], [ -5.1475819, 8.5923018 ], [ -5.1478337, 8.5926747 ], [ -5.1479936, 8.5930006 ], [ -5.1480979, 8.5933218 ], [ -5.1481411, 8.5936385 ], [ -5.1481555, 8.5939716 ], [ -5.1481354, 8.5942819 ], [ -5.1480794, 8.5945786 ], [ -5.1479651, 8.5949621 ], [ -5.1477468, 8.5954207 ], [ -5.1455458, 8.5997235 ], [ -5.1454452, 8.5999852 ], [ -5.1453631, 8.6002775 ], [ -5.1453182, 8.600541 ], [ -5.1450862, 8.6042486 ], [ -5.144897, 8.6071463 ], [ -5.1447169, 8.6094388 ], [ -5.1446625, 8.6101064 ], [ -5.1445996, 8.6104044 ], [ -5.1444912, 8.6106866 ], [ -5.1443374, 8.6109831 ], [ -5.1441615, 8.611251 ], [ -5.1391861, 8.6180433 ], [ -5.1367957, 8.6213534 ], [ -5.134673, 8.6242197 ], [ -5.1344615, 8.6245397 ], [ -5.1342992, 8.6248182 ], [ -5.1341635, 8.6251399 ], [ -5.1340387, 8.6254761 ], [ -5.133949, 8.625826 ], [ -5.133905, 8.6260911 ], [ -5.133896, 8.6263659 ], [ -5.1338996, 8.6266586 ], [ -5.1339263, 8.6269429 ], [ -5.1339787, 8.6272592 ], [ -5.13408, 8.6276086 ], [ -5.1341908, 8.6278899 ], [ -5.1343261, 8.6281675 ], [ -5.1344682, 8.6284088 ], [ -5.1347106, 8.6287337 ], [ -5.1349363, 8.6289922 ], [ -5.1352229, 8.6292509 ], [ -5.1356015, 8.6295365 ], [ -5.1398809, 8.632533 ], [ -5.1401199, 8.6327366 ], [ -5.1402701, 8.6328968 ], [ -5.1404496, 8.6331304 ], [ -5.140596, 8.6333539 ], [ -5.1407201, 8.6336116 ], [ -5.1408076, 8.6338543 ], [ -5.1408728, 8.6341105 ], [ -5.1409098, 8.6343678 ], [ -5.140923, 8.634573 ], [ -5.140927, 8.6347903 ], [ -5.1409109, 8.634976 ], [ -5.140883, 8.6351712 ], [ -5.1408345, 8.6353778 ], [ -5.1407602, 8.6356009 ], [ -5.1406359, 8.6359182 ], [ -5.1390624, 8.6394521 ], [ -5.1381425, 8.6415762 ], [ -5.1380548, 8.6418225 ], [ -5.137998, 8.6420669 ], [ -5.1379541, 8.64235 ], [ -5.1372058, 8.6500481 ], [ -5.1368251, 8.6542756 ], [ -5.1368102, 8.654622 ], [ -5.1368245, 8.654929 ], [ -5.1368784, 8.6551996 ], [ -5.1369676, 8.6555027 ], [ -5.1370727, 8.6557736 ], [ -5.1376263, 8.6568404 ], [ -5.1412612, 8.6636257 ], [ -5.1414513, 8.6640148 ], [ -5.1415613, 8.6642972 ], [ -5.1416402, 8.664589 ], [ -5.1417019, 8.6648798 ], [ -5.141733, 8.6651033 ], [ -5.1417468, 8.6653543 ], [ -5.141737, 8.6656562 ], [ -5.1417113, 8.6659289 ], [ -5.1416528, 8.6662304 ], [ -5.1415667, 8.6665299 ], [ -5.1414662, 8.6668172 ], [ -5.1413193, 8.6671261 ], [ -5.1411738, 8.6673718 ], [ -5.1410352, 8.6675726 ], [ -5.1408465, 8.6678153 ], [ -5.1406467, 8.6680333 ], [ -5.1403721, 8.6682713 ], [ -5.1348516, 8.6722491 ], [ -5.1345487, 8.6724747 ], [ -5.1342979, 8.6726741 ], [ -5.1340405, 8.6729364 ], [ -5.13385, 8.6732078 ], [ -5.1337085, 8.6734341 ], [ -5.1328131, 8.6750454 ] ] } },
{ "type": "Feature", "properties": { "name": "Chemins de fer Abidjan-Niger", "name:en": null, "railway": "rail", "ele": null, "operator:type": null, "layer": null, "addr:full": null, "addr:city": null, "source": "Perry-Castañeda LibraryMap Collection;landsat;landsat and personal knowledge", "name:fr": null, "osm_id": 403758491, "osm_type": "ways_line" }, "geometry": { "type": "LineString", "coordinates": [ [ -5.1525054, 8.8265003 ], [ -5.1536147, 8.8287196 ] ] } },
{ "type": "Feature", "properties": { "name": "Chemins de fer Abidjan-Niger", "name:en": null, "railway": "rail", "ele": null, "operator:type": null, "layer": null, "addr:full": null, "addr:city": null, "source": "Perry-Castañeda LibraryMap Collection;landsat;landsat and personal knowledge", "name:fr": null, "osm_id": 403758515, "osm_type": "ways_line" }, "geometry": { "type": "LineString", "coordinates": [ [ -5.132701, 8.6752471 ], [ -5.1317298, 8.6770108 ], [ -5.1316703, 8.677119 ] ] } },
{ "type": "Feature", "properties": { "name": "Chemins de fer Abidjan-Niger", "name:en": null, "railway": "rail", "ele": null, "operator:type": null, "layer": null, "addr:full": null, "addr:city": null, "source": "Perry-Castañeda LibraryMap Collection;landsat;landsat and personal knowledge", "name:fr": null, "osm_id": 403839155, "osm_type": "ways_line" }, "geometry": { "type": "LineString", "coordinates": [ [ -5.1740332, 9.3230599 ], [ -5.1743336, 9.323576 ], [ -5.174634, 9.3239836 ], [ -5.1749755, 9.3243619 ], [ -5.1753395, 9.3246903 ], [ -5.175752, 9.3249858 ], [ -5.1761575, 9.3252064 ], [ -5.176643, 9.3254155 ], [ -5.177137, 9.3255577 ], [ -5.1777266, 9.3256643 ], [ -5.1782578, 9.3256858 ], [ -5.180939, 9.3256731 ], [ -5.1813208, 9.3256881 ], [ -5.1818298, 9.3257566 ], [ -5.1822998, 9.3258813 ], [ -5.1827692, 9.3260585 ], [ -5.1831742, 9.3262624 ], [ -5.1835402, 9.3264956 ], [ -5.183952, 9.3268315 ], [ -5.1843628, 9.3272354 ], [ -5.1846226, 9.3275567 ], [ -5.1849267, 9.328053 ], [ -5.1854836, 9.3291792 ], [ -5.1862649, 9.3309677 ], [ -5.1882086, 9.3351557 ] ] } },
{ "type": "Feature", "properties": { "name": "Chemins de fer Abidjan-Niger", "name:en": null, "railway": "rail", "ele": null, "operator:type": null, "layer": "1", "addr:full": null, "addr:city": null, "source": "Perry-Castañeda LibraryMap Collection;landsat;landsat and personal knowledge", "name:fr": null, "osm_id": 404023819, "osm_type": "ways_line" }, "geometry": { "type": "LineString", "coordinates": [ [ -5.1551708, 9.7071603 ], [ -5.1552855, 9.7073184 ] ] } },
{ "type": "Feature", "properties": { "name": "Chemins de fer Abidjan-Niger", "name:en": null, "railway": "rail", "ele": null, "operator:type": null, "layer": null, "addr:full": null, "addr:city": null, "source": "Perry-Castañeda LibraryMap Collection;landsat;landsat and personal knowledge", "name:fr": null, "osm_id": 404023827, "osm_type": "ways_line" }, "geometry": { "type": "LineString", "coordinates": [ [ -5.1461199, 9.6882581 ], [ -5.1474563, 9.6944569 ] ] } },
{ "type": "Feature", "properties": { "name": "Chemins de fer Abidjan-Niger", "name:en": null, "railway": "rail", "ele": null, "operator:type": null, "layer": null, "addr:full": null, "addr:city": null, "source": "Perry-Castañeda LibraryMap Collection;landsat;landsat and personal knowledge", "name:fr": null, "osm_id": 404023820, "osm_type": "ways_line" }, "geometry": { "type": "LineString", "coordinates": [ [ -5.1657492, 9.6519065 ], [ -5.1645575, 9.6538193 ] ] } },
{ "type": "Feature", "properties": { "name": "Chemins de fer Abidjan-Niger", "name:en": null, "railway": "rail", "ele": null, "operator:type": null, "layer": null, "addr:full": null, "addr:city": null, "source": "Perry-Castañeda LibraryMap Collection;landsat;landsat and personal knowledge", "name:fr": null, "osm_id": 403968865, "osm_type": "ways_line" }, "geometry": { "type": "LineString", "coordinates": [ [ -5.1908971, 9.5839297 ], [ -5.1908939, 9.5835898 ] ] } },
{ "type": "Feature", "properties": { "name": "Chemins de fer Abidjan-Niger", "name:en": null, "railway": "rail", "ele": null, "operator:type": null, "layer": null, "addr:full": null, "addr:city": null, "source": "Perry-Castañeda LibraryMap Collection;landsat;landsat and personal knowledge", "name:fr": null, "osm_id": 403968869, "osm_type": "ways_line" }, "geometry": { "type": "LineString", "coordinates": [ [ -5.1908992, 9.5879748 ], [ -5.1909247, 9.5877354 ], [ -5.1909328, 9.5876084 ], [ -5.1909331, 9.5868415 ], [ -5.190918, 9.58581 ], [ -5.1909019, 9.5855813 ], [ -5.1908698, 9.5852612 ] ] } },
{ "type": "Feature", "properties": { "name": "Chemins de fer Abidjan-Niger", "name:en": null, "railway": "rail", "ele": null, "operator:type": null, "layer": "1", "addr:full": null, "addr:city": null, "source": "Perry-Castañeda LibraryMap Collection;landsat;landsat and personal knowledge", "name:fr": null, "osm_id": 404023825, "osm_type": "ways_line" }, "geometry": { "type": "LineString", "coordinates": [ [ -5.1646751, 9.7331318 ], [ -5.1646512, 9.7331781 ] ] } },
{ "type": "Feature", "properties": { "name": "Chemins de fer Abidjan-Niger", "name:en": null, "railway": "rail", "ele": null, "operator:type": null, "layer": null, "addr:full": null, "addr:city": null, "source": "Perry-Castañeda LibraryMap Collection;landsat;landsat and personal knowledge", "name:fr": null, "osm_id": 403894066, "osm_type": "ways_line" }, "geometry": { "type": "LineString", "coordinates": [ [ -5.2141933, 9.4345778 ], [ -5.2141471, 9.4349285 ], [ -5.2141201, 9.4352676 ], [ -5.2141189, 9.4356337 ], [ -5.214147, 9.4359769 ], [ -5.2142182, 9.4363851 ], [ -5.2143058, 9.4367333 ], [ -5.2144341, 9.4370704 ], [ -5.2145673, 9.4373771 ], [ -5.2147332, 9.4376829 ], [ -5.2148912, 9.437948 ], [ -5.2151288, 9.4382637 ], [ -5.2153587, 9.4385455 ], [ -5.2202538, 9.4442603 ], [ -5.2209961, 9.4450662 ], [ -5.221381, 9.4454247 ], [ -5.2217451, 9.4457459 ], [ -5.2267513, 9.449839 ] ] } },
{ "type": "Feature", "properties": { "name": "Chemins de fer Abidjan-Niger", "name:en": null, "railway": "rail", "ele": null, "operator:type": null, "layer": null, "addr:full": null, "addr:city": null, "source": "Perry-Castañeda LibraryMap Collection;landsat;landsat and personal knowledge", "name:fr": null, "osm_id": 403839151, "osm_type": "ways_line" }, "geometry": { "type": "LineString", "coordinates": [ [ -5.2179869, 9.3720239 ], [ -5.221356, 9.3755111 ] ] } },
{ "type": "Feature", "properties": { "name": "Chemins de fer Abidjan-Niger", "name:en": null, "railway": "rail", "ele": null, "operator:type": null, "layer": null, "addr:full": null, "addr:city": null, "source": "Perry-Castañeda LibraryMap Collection;landsat;landsat and personal knowledge", "name:fr": null, "osm_id": 403839150, "osm_type": "ways_line" }, "geometry": { "type": "LineString", "coordinates": [ [ -5.1639379, 9.3134073 ], [ -5.1639186, 9.3142354 ], [ -5.1639635, 9.3148921 ], [ -5.1640635, 9.3154265 ], [ -5.1641922, 9.3158579 ], [ -5.1644095, 9.3163555 ], [ -5.1647333, 9.316873 ], [ -5.1650827, 9.3173269 ], [ -5.1654719, 9.3177039 ], [ -5.165992, 9.3180892 ], [ -5.1665044, 9.3183803 ], [ -5.1671771, 9.3186473 ], [ -5.1708296, 9.319841 ], [ -5.1714252, 9.3200785 ], [ -5.1719706, 9.320384 ], [ -5.1724346, 9.3207413 ], [ -5.172864, 9.3211589 ], [ -5.1732098, 9.3216279 ], [ -5.1739799, 9.322968 ] ] } },
{ "type": "Feature", "properties": { "name": "Chemins de fer Abidjan-Niger", "name:en": null, "railway": "rail", "ele": null, "operator:type": null, "layer": null, "addr:full": null, "addr:city": null, "source": "Perry-Castañeda LibraryMap Collection;landsat;landsat and personal knowledge", "name:fr": null, "osm_id": 404023822, "osm_type": "ways_line" }, "geometry": { "type": "LineString", "coordinates": [ [ -5.1599369, 9.7423287 ], [ -5.1595101, 9.7431791 ] ] } },
{ "type": "Feature", "properties": { "name": "Chemins de fer Abidjan-Niger", "name:en": null, "railway": "rail", "ele": null, "operator:type": null, "layer": null, "addr:full": null, "addr:city": null, "source": "Perry-Castañeda LibraryMap Collection;landsat;landsat and personal knowledge", "name:fr": null, "osm_id": 404023833, "osm_type": "ways_line" }, "geometry": { "type": "LineString", "coordinates": [ [ -5.1552855, 9.7073184 ], [ -5.1580169, 9.711019 ], [ -5.1628469, 9.717594 ] ] } },
{ "type": "Feature", "properties": { "name": "Chemins de fer Abidjan-Niger", "name:en": null, "railway": "rail", "ele": null, "operator:type": null, "layer": null, "addr:full": null, "addr:city": null, "source": "Perry-Castañeda LibraryMap Collection;landsat;landsat and personal knowledge", "name:fr": null, "osm_id": 403968870, "osm_type": "ways_line" }, "geometry": { "type": "LineString", "coordinates": [ [ -5.1907571, 9.5880779 ], [ -5.1907249, 9.5878994 ], [ -5.1907088, 9.5877712 ], [ -5.1906982, 9.5868521 ], [ -5.1906766, 9.5839216 ], [ -5.1906766, 9.5838344 ], [ -5.1907074, 9.5835474 ] ] } },
{ "type": "Feature", "properties": { "name": "Chemins de fer Abidjan-Niger", "name:en": null, "railway": "rail", "ele": null, "operator:type": null, "layer": null, "addr:full": null, "addr:city": null, "source": "Perry-Castañeda LibraryMap Collection;landsat;landsat and personal knowledge", "name:fr": null, "osm_id": 403598949, "osm_type": "ways_line" }, "geometry": { "type": "LineString", "coordinates": [ [ -5.0797785, 8.0250188 ], [ -5.0826391, 8.0382446 ], [ -5.084944, 8.0489127 ], [ -5.0867064, 8.0570518 ], [ -5.0878855, 8.0625678 ], [ -5.08803, 8.0632541 ], [ -5.0881105, 8.0637959 ], [ -5.0881482, 8.0642594 ], [ -5.0881507, 8.064821 ], [ -5.0881068, 8.0653817 ], [ -5.087993, 8.0660404 ], [ -5.0878557, 8.0666003 ], [ -5.0875906, 8.0674962 ], [ -5.0821027, 8.0850401 ], [ -5.0819409, 8.0857368 ], [ -5.0818632, 8.0862619 ], [ -5.0818185, 8.0868153 ], [ -5.0818153, 8.0872715 ], [ -5.0818462, 8.0878125 ], [ -5.0819092, 8.0882673 ], [ -5.0819945, 8.0887259 ], [ -5.0821258, 8.0891964 ], [ -5.0822633, 8.0896004 ], [ -5.0824253, 8.0899789 ], [ -5.0826808, 8.0904928 ], [ -5.0829452, 8.0909464 ], [ -5.0832664, 8.091405 ], [ -5.0836215, 8.0918404 ], [ -5.0840005, 8.0922366 ], [ -5.0842481, 8.0924683 ], [ -5.0845671, 8.0927315 ], [ -5.0892943, 8.0963257 ], [ -5.1024247, 8.1062808 ], [ -5.1029967, 8.1067281 ], [ -5.10345, 8.1071636 ], [ -5.1038678, 8.1076171 ], [ -5.1042171, 8.1080664 ], [ -5.1045366, 8.1085707 ], [ -5.1048469, 8.1091391 ], [ -5.1050889, 8.1097022 ], [ -5.1053038, 8.1103739 ], [ -5.1054134, 8.1108227 ], [ -5.1054936, 8.1113776 ], [ -5.1055349, 8.1119358 ], [ -5.105535, 8.1124138 ], [ -5.1054974, 8.112998 ], [ -5.1054062, 8.113622 ], [ -5.1041341, 8.120699 ], [ -5.1040609, 8.1214735 ], [ -5.1040401, 8.1220655 ], [ -5.1040517, 8.1226365 ], [ -5.1041179, 8.1232519 ], [ -5.1042249, 8.1239036 ], [ -5.1049187, 8.127005 ], [ -5.1050018, 8.1273426 ], [ -5.1058578, 8.1311293 ], [ -5.1061977, 8.1326502 ], [ -5.1065538, 8.1342434 ] ] } },
{ "type": "Feature", "properties": { "name": "Chemins de fer Abidjan-Niger", "name:en": null, "railway": "rail", "ele": null, "operator:type": null, "layer": null, "addr:full": null, "addr:city": null, "source": "Perry-Castañeda LibraryMap Collection;landsat;landsat and personal knowledge", "name:fr": null, "osm_id": 403758513, "osm_type": "ways_line" }, "geometry": { "type": "LineString", "coordinates": [ [ -5.1501806, 8.8218855 ], [ -5.1513116, 8.8241508 ], [ -5.1524592, 8.8264098 ] ] } },
{ "type": "Feature", "properties": { "name": "Chemins de fer Abidjan-Niger", "name:en": null, "railway": "rail", "ele": null, "operator:type": null, "layer": null, "addr:full": null, "addr:city": null, "source": "Perry-Castañeda LibraryMap Collection;landsat;landsat and personal knowledge", "name:fr": null, "osm_id": 403758517, "osm_type": "ways_line" }, "geometry": { "type": "LineString", "coordinates": [ [ -5.1629844, 8.80985 ], [ -5.162247, 8.8103496 ], [ -5.1562241, 8.8144148 ] ] } },
{ "type": "Feature", "properties": { "name": "Chemins de fer Abidjan-Niger", "name:en": null, "railway": "rail", "ele": null, "operator:type": null, "layer": null, "addr:full": null, "addr:city": null, "source": "Perry-Castañeda LibraryMap Collection;landsat;landsat and personal knowledge", "name:fr": null, "osm_id": 403758541, "osm_type": "ways_line" }, "geometry": { "type": "LineString", "coordinates": [ [ -5.1671172, 8.8064447 ], [ -5.1669467, 8.8067455 ], [ -5.1667471, 8.8070457 ], [ -5.1665335, 8.8073108 ], [ -5.1662653, 8.8075679 ], [ -5.1659156, 8.8078382 ], [ -5.164591, 8.8087473 ], [ -5.1629844, 8.80985 ] ] } },
{ "type": "Feature", "properties": { "name": "Chemins de fer Abidjan-Niger", "name:en": null, "railway": "rail", "ele": null, "operator:type": null, "layer": null, "addr:full": null, "addr:city": null, "source": null, "name:fr": null, "osm_id": 561171282, "osm_type": "ways_line" }, "geometry": { "type": "LineString", "coordinates": [ [ -4.0194185, 5.3139225 ], [ -4.0194449, 5.3140331 ], [ -4.0195296, 5.3141947 ], [ -4.019599, 5.3143163 ], [ -4.0198732, 5.3147324 ], [ -4.019965, 5.3148784 ], [ -4.0200702, 5.3150456 ], [ -4.020513, 5.3157491 ], [ -4.0206383, 5.3158999 ], [ -4.0207793, 5.3160299 ], [ -4.0209909, 5.3161677 ], [ -4.0211273, 5.3162226 ], [ -4.0212536, 5.316268 ], [ -4.0226092, 5.3167467 ], [ -4.0228048, 5.3168267 ], [ -4.0229947, 5.3169212 ], [ -4.0235706, 5.3172468 ], [ -4.0238962, 5.3174308 ] ] } },
{ "type": "Feature", "properties": { "name": null, "name:en": null, "railway": "rail", "ele": null, "operator:type": null, "layer": null, "addr:full": null, "addr:city": null, "source": null, "name:fr": null, "osm_id": 1341511487, "osm_type": "ways_line" }, "geometry": { "type": "LineString", "coordinates": [ [ -4.0193734, 5.3139241 ], [ -4.0193966, 5.3140463 ], [ -4.0194684, 5.3141992 ], [ -4.0198536, 5.3148086 ], [ -4.0200702, 5.3150456 ] ] } },
{ "type": "Feature", "properties": { "name": "Chemins de fer Abidjan-Niger", "name:en": null, "railway": "rail", "ele": null, "operator:type": null, "layer": "1", "addr:full": null, "addr:city": null, "source": null, "name:fr": null, "osm_id": 402689667, "osm_type": "ways_line" }, "geometry": { "type": "LineString", "coordinates": [ [ -4.7050498, 6.6387168 ], [ -4.705002, 6.638796 ] ] } },
{ "type": "Feature", "properties": { "name": "Chemins de fer Abidjan-Niger", "name:en": null, "railway": "rail", "ele": null, "operator:type": null, "layer": null, "addr:full": null, "addr:city": null, "source": null, "name:fr": null, "osm_id": 402689670, "osm_type": "ways_line" }, "geometry": { "type": "LineString", "coordinates": [ [ -4.7069446, 6.6355892 ], [ -4.7067538, 6.6359113 ] ] } },
{ "type": "Feature", "properties": { "name": "Chemins de fer Abidjan-Niger", "name:en": null, "railway": "rail", "ele": null, "operator:type": null, "layer": null, "addr:full": null, "addr:city": null, "source": null, "name:fr": null, "osm_id": 402787778, "osm_type": "ways_line" }, "geometry": { "type": "LineString", "coordinates": [ [ -4.7371044, 6.8476407 ], [ -4.737333, 6.8473016 ], [ -4.7394348, 6.8422391 ], [ -4.7401037, 6.8406279 ], [ -4.740335, 6.8398681 ] ] } },
{ "type": "Feature", "properties": { "name": "Chemins de fer Abidjan-Niger", "name:en": null, "railway": "rail", "ele": null, "operator:type": null, "layer": null, "addr:full": null, "addr:city": null, "source": null, "name:fr": null, "osm_id": 402689676, "osm_type": "ways_line" }, "geometry": { "type": "LineString", "coordinates": [ [ -4.7079155, 6.6336176 ], [ -4.707767, 6.6340848 ], [ -4.707658, 6.6343317 ], [ -4.7075132, 6.6346247 ], [ -4.7070647, 6.6353846 ] ] } },
{ "type": "Feature", "properties": { "name": "Chemins de fer Abidjan-Niger", "name:en": null, "railway": "rail", "ele": null, "operator:type": null, "layer": null, "addr:full": null, "addr:city": null, "source": null, "name:fr": null, "osm_id": 402689674, "osm_type": "ways_line" }, "geometry": { "type": "LineString", "coordinates": [ [ -4.7085849, 6.6465985 ], [ -4.7088823, 6.6469 ], [ -4.7089341, 6.6469673 ], [ -4.709062, 6.6471584 ], [ -4.7091613, 6.6473662 ], [ -4.7092524, 6.6476193 ], [ -4.7092927, 6.6478964 ], [ -4.7092873, 6.6482161 ], [ -4.7092283, 6.6485491 ], [ -4.7091157, 6.6489327 ], [ -4.708952, 6.6494016 ], [ -4.7089011, 6.6495881 ], [ -4.7088743, 6.6497799 ], [ -4.7089199, 6.6499957 ], [ -4.7090084, 6.6501822 ], [ -4.7091532, 6.6503554 ], [ -4.709282, 6.6504673 ], [ -4.7094214, 6.6505499 ], [ -4.7095904, 6.6505898 ], [ -4.7098291, 6.6506085 ], [ -4.7100276, 6.6505818 ], [ -4.7102046, 6.6505072 ], [ -4.7103951, 6.6503794 ], [ -4.7105211, 6.6502328 ], [ -4.7106311, 6.650049 ], [ -4.7106874, 6.6498252 ], [ -4.7106713, 6.6495375 ], [ -4.7105748, 6.6492764 ], [ -4.7094429, 6.6475607 ], [ -4.7092122, 6.6472356 ], [ -4.7089341, 6.6469673 ] ] } },
{ "type": "Feature", "properties": { "name": null, "name:en": null, "railway": "rail", "ele": null, "operator:type": null, "layer": null, "addr:full": null, "addr:city": null, "source": null, "name:fr": null, "osm_id": 402994466, "osm_type": "ways_line" }, "geometry": { "type": "LineString", "coordinates": [ [ -5.0342345, 7.6842147 ], [ -5.0341911, 7.6842163 ], [ -5.0339593, 7.6842246 ] ] } },
{ "type": "Feature", "properties": { "name": null, "name:en": null, "railway": "rail", "ele": null, "operator:type": null, "layer": null, "addr:full": null, "addr:city": null, "source": null, "name:fr": null, "osm_id": 402994442, "osm_type": "ways_line" }, "geometry": { "type": "LineString", "coordinates": [ [ -5.0047167, 7.66955 ], [ -5.0050919, 7.6698479 ], [ -5.005335, 7.6700409 ], [ -5.005489, 7.6701323 ], [ -5.0056306, 7.6701759 ], [ -5.0057889, 7.6702046 ], [ -5.0058774, 7.670209 ], [ -5.006023, 7.6701844 ], [ -5.006122, 7.6701468 ], [ -5.0066591, 7.669835 ] ] } },
{ "type": "Feature", "properties": { "name": null, "name:en": null, "railway": "rail", "ele": null, "operator:type": null, "layer": null, "addr:full": null, "addr:city": null, "source": null, "name:fr": null, "osm_id": 247573197, "osm_type": "ways_line" }, "geometry": { "type": "LineString", "coordinates": [ [ -5.0326859, 7.6836959 ], [ -5.0325333, 7.6837436 ], [ -5.0324432, 7.6837823 ], [ -5.0318825, 7.6841036 ] ] } },
{ "type": "Feature", "properties": { "name": "Chemins de fer Abidjan-Niger", "name:en": null, "railway": "rail", "ele": null, "operator:type": null, "layer": null, "addr:full": null, "addr:city": null, "source": null, "name:fr": null, "osm_id": 402787774, "osm_type": "ways_line" }, "geometry": { "type": "LineString", "coordinates": [ [ -4.6868614, 7.0104751 ], [ -4.6854238, 7.0165504 ], [ -4.6847604, 7.0193819 ] ] } },
{ "type": "Feature", "properties": { "name": "Chemins de fer Abidjan-Niger", "name:en": null, "railway": "rail", "ele": null, "operator:type": null, "layer": null, "addr:full": null, "addr:city": null, "source": null, "name:fr": null, "osm_id": 402787777, "osm_type": "ways_line" }, "geometry": { "type": "LineString", "coordinates": [ [ -4.6847604, 7.0193819 ], [ -4.6848751, 7.0190619 ], [ -4.6854625, 7.0165515 ], [ -4.6868063, 7.0108865 ], [ -4.6868614, 7.0104751 ] ] } },
{ "type": "Feature", "properties": { "name": "Chemins de fer Abidjan-Niger", "name:en": null, "railway": "rail", "ele": null, "operator:type": null, "layer": null, "addr:full": null, "addr:city": null, "source": null, "name:fr": null, "osm_id": 402981131, "osm_type": "ways_line" }, "geometry": { "type": "LineString", "coordinates": [ [ -4.8190789, 7.2442234 ], [ -4.8198397, 7.2454659 ], [ -4.8211401, 7.2475055 ], [ -4.8213143, 7.247826 ], [ -4.8214699, 7.2481719 ], [ -4.8215876, 7.2484788 ], [ -4.8217046, 7.2488929 ], [ -4.8217903, 7.249313 ], [ -4.8218481, 7.2497138 ], [ -4.8218603, 7.2501159 ], [ -4.8218293, 7.2505719 ], [ -4.821768, 7.2511029 ], [ -4.8216782, 7.2515386 ], [ -4.8215855, 7.2518771 ], [ -4.8214569, 7.2522499 ], [ -4.8164649, 7.2645507 ], [ -4.8163321, 7.2648985 ], [ -4.8162127, 7.2652617 ], [ -4.8161443, 7.2655424 ], [ -4.8160824, 7.2658617 ], [ -4.8160424, 7.2661783 ], [ -4.8160143, 7.2665881 ], [ -4.8160197, 7.267178 ], [ -4.8161732, 7.2706349 ], [ -4.8162181, 7.2710699 ], [ -4.8163066, 7.2715741 ], [ -4.8164154, 7.2719533 ], [ -4.8165641, 7.272339 ], [ -4.8167803, 7.2728225 ], [ -4.817012, 7.2732157 ], [ -4.8172577, 7.2735775 ], [ -4.8175552, 7.2739394 ], [ -4.8178715, 7.2742684 ], [ -4.8197373, 7.2759133 ] ] } },
{ "type": "Feature", "properties": { "name": "Chemins de fer Abidjan-Niger", "name:en": null, "railway": "rail", "ele": null, "operator:type": null, "layer": null, "addr:full": null, "addr:city": null, "source": null, "name:fr": null, "osm_id": 402787779, "osm_type": "ways_line" }, "geometry": { "type": "LineString", "coordinates": [ [ -4.8141717, 7.2365469 ], [ -4.8144046, 7.2370235 ], [ -4.8156717, 7.239013 ], [ -4.8183448, 7.2432099 ], [ -4.8187478, 7.2437141 ] ] } },
{ "type": "Feature", "properties": { "name": null, "name:en": null, "railway": "rail", "ele": null, "operator:type": null, "layer": null, "addr:full": null, "addr:city": null, "source": null, "name:fr": null, "osm_id": 402995088, "osm_type": "ways_line" }, "geometry": { "type": "LineString", "coordinates": [ [ -5.0327398, 7.6840819 ], [ -5.0326916, 7.6841098 ], [ -5.0322785, 7.6843304 ], [ -5.0311785, 7.6849194 ], [ -5.0291736, 7.6859865 ], [ -5.0282632, 7.6864742 ] ] } },
{ "type": "Feature", "properties": { "name": null, "name:en": null, "railway": "rail", "ele": null, "operator:type": null, "layer": null, "addr:full": null, "addr:city": null, "source": null, "name:fr": null, "osm_id": 247573188, "osm_type": "ways_line" }, "geometry": { "type": "LineString", "coordinates": [ [ -5.0339605, 7.684265 ], [ -5.0334193, 7.6842808 ], [ -5.0331532, 7.6843031 ] ] } },
{ "type": "Feature", "properties": { "name": null, "name:en": null, "railway": "rail", "ele": null, "operator:type": null, "layer": null, "addr:full": null, "addr:city": null, "source": null, "name:fr": null, "osm_id": 247573185, "osm_type": "ways_line" }, "geometry": { "type": "LineString", "coordinates": [ [ -5.033963, 7.684346 ], [ -5.033358, 7.6843561 ], [ -5.033154, 7.6843531 ], [ -5.0328891, 7.684356 ], [ -5.0325601, 7.6843645 ], [ -5.032269, 7.6844208 ], [ -5.03219, 7.6844438 ], [ -5.0320894, 7.6844753 ], [ -5.0318735, 7.6845842 ] ] } },
{ "type": "Feature", "properties": { "name": null, "name:en": null, "railway": "rail", "ele": null, "operator:type": null, "layer": null, "addr:full": null, "addr:city": null, "source": null, "name:fr": null, "osm_id": 402994449, "osm_type": "ways_line" }, "geometry": { "type": "LineString", "coordinates": [ [ -5.0341937, 7.6843002 ], [ -5.0339617, 7.6843054 ] ] } },
{ "type": "Feature", "properties": { "name": null, "name:en": null, "railway": "rail", "ele": null, "operator:type": null, "layer": null, "addr:full": null, "addr:city": null, "source": null, "name:fr": null, "osm_id": 402787799, "osm_type": "ways_line" }, "geometry": { "type": "LineString", "coordinates": [ [ -4.8183891, 7.2430875 ], [ -4.8181785, 7.2426857 ], [ -4.81649, 7.240005 ] ] } },
{ "type": "Feature", "properties": { "name": "Chemins de fer Abidjan-Niger", "name:en": null, "railway": "rail", "ele": null, "operator:type": null, "layer": null, "addr:full": null, "addr:city": null, "source": null, "name:fr": null, "osm_id": 402787773, "osm_type": "ways_line" }, "geometry": { "type": "LineString", "coordinates": [ [ -4.8146077, 7.2371586 ], [ -4.8143531, 7.2368328 ] ] } },
{ "type": "Feature", "properties": { "name": "Chemins de fer Abidjan-Niger", "name:en": null, "railway": "rail", "ele": null, "operator:type": null, "layer": null, "addr:full": null, "addr:city": null, "source": null, "name:fr": null, "osm_id": 402981130, "osm_type": "ways_line" }, "geometry": { "type": "LineString", "coordinates": [ [ -4.8912393, 7.3882917 ], [ -4.892433, 7.394365 ], [ -4.8930116, 7.3972053 ] ] } },
{ "type": "Feature", "properties": { "name": "Chemins de fer Abidjan-Niger", "name:en": null, "railway": "rail", "ele": null, "operator:type": null, "layer": null, "addr:full": null, "addr:city": null, "source": null, "name:fr": null, "osm_id": 402981132, "osm_type": "ways_line" }, "geometry": { "type": "LineString", "coordinates": [ [ -4.8930116, 7.3972053 ], [ -4.8929804, 7.3967668 ], [ -4.892484, 7.3943629 ], [ -4.8913548, 7.3886827 ], [ -4.8912393, 7.3882917 ] ] } },
{ "type": "Feature", "properties": { "name": null, "name:en": null, "railway": "rail", "ele": null, "operator:type": null, "layer": null, "addr:full": null, "addr:city": null, "source": null, "name:fr": null, "osm_id": 402994455, "osm_type": "ways_line" }, "geometry": { "type": "LineString", "coordinates": [ [ -5.0282632, 7.6864742 ], [ -5.028164, 7.686526 ] ] } },
{ "type": "Feature", "properties": { "name": null, "name:en": null, "railway": "rail", "ele": null, "operator:type": null, "layer": null, "addr:full": null, "addr:city": null, "source": null, "name:fr": null, "osm_id": 402994444, "osm_type": "ways_line" }, "geometry": { "type": "LineString", "coordinates": [ [ -5.030173, 7.6855452 ], [ -5.030358, 7.6854654 ], [ -5.030472, 7.6854362 ], [ -5.0306732, 7.6854255 ], [ -5.03081, 7.6854441 ], [ -5.0309696, 7.685496 ], [ -5.0311399, 7.6855797 ], [ -5.0312646, 7.6856767 ], [ -5.0313934, 7.6858362 ], [ -5.031683, 7.6863678 ] ] } },
{ "type": "Feature", "properties": { "name": null, "name:en": null, "railway": "rail", "ele": null, "operator:type": null, "layer": null, "addr:full": null, "addr:city": null, "source": null, "name:fr": null, "osm_id": 247573187, "osm_type": "ways_line" }, "geometry": { "type": "LineString", "coordinates": [ [ -5.0339617, 7.6843054 ], [ -5.0333886, 7.6843185 ], [ -5.033154, 7.6843531 ] ] } },
{ "type": "Feature", "properties": { "name": null, "name:en": null, "railway": "rail", "ele": null, "operator:type": null, "layer": null, "addr:full": null, "addr:city": null, "source": null, "name:fr": null, "osm_id": 403035188, "osm_type": "ways_line" }, "geometry": { "type": "LineString", "coordinates": [ [ -5.0347676, 7.6832884 ], [ -5.0345329, 7.683311 ], [ -5.0343183, 7.6833562 ], [ -5.0340541, 7.6834306 ], [ -5.0338449, 7.6835104 ], [ -5.0336437, 7.68361 ], [ -5.0327398, 7.6840819 ] ] } },
{ "type": "Feature", "properties": { "name": null, "name:en": null, "railway": "rail", "ele": null, "operator:type": null, "layer": null, "addr:full": null, "addr:city": null, "source": null, "name:fr": null, "osm_id": 402994462, "osm_type": "ways_line" }, "geometry": { "type": "LineString", "coordinates": [ [ -5.0327398, 7.6840819 ], [ -5.0330945, 7.6838504 ] ] } },
{ "type": "Feature", "properties": { "name": "Chemins de fer Abidjan-Niger", "name:en": null, "railway": "rail", "ele": null, "operator:type": null, "layer": null, "addr:full": null, "addr:city": null, "source": "Perry-Castañeda LibraryMap Collection;landsat;landsat and personal knowledge", "name:fr": null, "osm_id": 403598950, "osm_type": "ways_line" }, "geometry": { "type": "LineString", "coordinates": [ [ -5.1084562, 8.1427855 ], [ -5.1084336, 8.1425181 ], [ -5.1083545, 8.1418317 ], [ -5.1077282, 8.1390597 ], [ -5.1072262, 8.1368207 ], [ -5.106835, 8.1350756 ], [ -5.1066459, 8.1345233 ], [ -5.1065538, 8.1342434 ] ] } },
{ "type": "Feature", "properties": { "name": "Chemins de fer Abidjan-Niger", "name:en": null, "railway": "rail", "ele": null, "operator:type": null, "layer": null, "addr:full": null, "addr:city": null, "source": "Perry-Castañeda LibraryMap Collection;landsat;landsat and personal knowledge", "name:fr": null, "osm_id": 403968863, "osm_type": "ways_line" }, "geometry": { "type": "LineString", "coordinates": [ [ -5.1908338, 9.5839306 ], [ -5.1908282, 9.5835911 ] ] } },
{ "type": "Feature", "properties": { "name": null, "name:en": null, "railway": "rail", "ele": null, "operator:type": null, "layer": "1", "addr:full": null, "addr:city": null, "source": null, "name:fr": null, "osm_id": 402994446, "osm_type": "ways_line" }, "geometry": { "type": "LineString", "coordinates": [ [ -5.028164, 7.686526 ], [ -5.027877, 7.6866828 ] ] } },
{ "type": "Feature", "properties": { "name": null, "name:en": null, "railway": "rail", "ele": null, "operator:type": null, "layer": null, "addr:full": null, "addr:city": null, "source": null, "name:fr": null, "osm_id": 402994448, "osm_type": "ways_line" }, "geometry": { "type": "LineString", "coordinates": [ [ -5.0275833, 7.6868383 ], [ -5.0271984, 7.6870084 ] ] } },
{ "type": "Feature", "properties": { "name": "Chemins de fer Abidjan-Niger", "name:en": null, "railway": "rail", "ele": null, "operator:type": null, "layer": null, "addr:full": null, "addr:city": null, "source": null, "name:fr": null, "osm_id": 402994419, "osm_type": "ways_line" }, "geometry": { "type": "LineString", "coordinates": [ [ -5.0274921, 7.686845 ], [ -5.0278703, 7.686643 ] ] } },
{ "type": "Feature", "properties": { "name": "Chemins de fer Abidjan-Niger", "name:en": null, "railway": "rail", "ele": null, "operator:type": null, "layer": null, "addr:full": null, "addr:city": null, "source": null, "name:fr": null, "osm_id": 402994420, "osm_type": "ways_line" }, "geometry": { "type": "LineString", "coordinates": [ [ -5.0278668, 7.6866088 ], [ -5.0278348, 7.6866257 ] ] } },
{ "type": "Feature", "properties": { "name": "Chemins de fer Abidjan-Niger", "name:en": null, "railway": "rail", "ele": null, "operator:type": null, "layer": "1", "addr:full": null, "addr:city": null, "source": null, "name:fr": null, "osm_id": 402994422, "osm_type": "ways_line" }, "geometry": { "type": "LineString", "coordinates": [ [ -5.0278703, 7.686643 ], [ -5.0281627, 7.6864821 ] ] } },
{ "type": "Feature", "properties": { "name": "Chemins de fer Abidjan-Niger", "name:en": null, "railway": "rail", "ele": null, "operator:type": null, "layer": null, "addr:full": null, "addr:city": null, "source": null, "name:fr": null, "osm_id": 402994425, "osm_type": "ways_line" }, "geometry": { "type": "LineString", "coordinates": [ [ -5.025438, 7.6879417 ], [ -5.0258757, 7.6877105 ], [ -5.0261805, 7.6875494 ], [ -5.0271984, 7.6870084 ], [ -5.0274921, 7.686845 ] ] } },
{ "type": "Feature", "properties": { "name": "Chemins de fer Abidjan-Niger", "name:en": null, "railway": "rail", "ele": null, "operator:type": null, "layer": null, "addr:full": null, "addr:city": null, "source": "Perry-Castañeda LibraryMap Collection;landsat;landsat and personal knowledge", "name:fr": null, "osm_id": 404023796, "osm_type": "ways_line" }, "geometry": { "type": "LineString", "coordinates": [ [ -5.1640773, 9.6545954 ], [ -5.162689, 9.6567996 ] ] } },
{ "type": "Feature", "properties": { "name": "Chemins de fer Abidjan-Niger", "name:en": null, "railway": "rail", "ele": null, "operator:type": null, "layer": null, "addr:full": null, "addr:city": null, "source": "Perry-Castañeda LibraryMap Collection;landsat;landsat and personal knowledge", "name:fr": null, "osm_id": 404023823, "osm_type": "ways_line" }, "geometry": { "type": "LineString", "coordinates": [ [ -5.1594654, 9.7432681 ], [ -5.158804, 9.7445858 ] ] } },
{ "type": "Feature", "properties": { "name": "Chemins de fer Abidjan-Niger", "name:en": null, "railway": "rail", "ele": null, "operator:type": null, "layer": null, "addr:full": null, "addr:city": null, "source": "Perry-Castañeda LibraryMap Collection;landsat;landsat and personal knowledge", "name:fr": null, "osm_id": 403968864, "osm_type": "ways_line" }, "geometry": { "type": "LineString", "coordinates": [ [ -5.1908413, 9.5843861 ], [ -5.1908338, 9.5839306 ] ] } },
{ "type": "Feature", "properties": { "name": "Chemins de fer Abidjan-Niger", "name:en": null, "railway": "rail", "ele": null, "operator:type": null, "layer": null, "addr:full": null, "addr:city": null, "source": "Perry-Castañeda LibraryMap Collection;landsat;landsat and personal knowledge", "name:fr": null, "osm_id": 403598945, "osm_type": "ways_line" }, "geometry": { "type": "LineString", "coordinates": [ [ -5.0797539, 8.0249044 ], [ -5.0797785, 8.0250188 ] ] } },
{ "type": "Feature", "properties": { "name": "Chemins de fer Abidjan-Niger", "name:en": null, "railway": "rail", "ele": null, "operator:type": null, "layer": "1", "addr:full": null, "addr:city": null, "source": null, "name:fr": null, "osm_id": 171910563, "osm_type": "ways_line" }, "geometry": { "type": "LineString", "coordinates": [ [ -5.0678579, 10.1375756 ], [ -5.0674181, 10.1381908 ] ] } },
{ "type": "Feature", "properties": { "name": "Chemins de fer Abidjan-Niger", "name:en": null, "railway": "rail", "ele": null, "operator:type": null, "layer": null, "addr:full": null, "addr:city": null, "source": null, "name:fr": null, "osm_id": 404235974, "osm_type": "ways_line" }, "geometry": { "type": "LineString", "coordinates": [ [ -5.0674181, 10.1381908 ], [ -5.0666639, 10.1392749 ], [ -5.065109, 10.1414577 ] ] } },
{ "type": "Feature", "properties": { "name": "Chemins de fer Abidjan-Niger", "name:en": null, "railway": "rail", "ele": null, "operator:type": null, "layer": null, "addr:full": null, "addr:city": null, "source": null, "name:fr": null, "osm_id": 404235969, "osm_type": "ways_line" }, "geometry": { "type": "LineString", "coordinates": [ [ -5.06832, 10.1369272 ], [ -5.0678579, 10.1375756 ] ] } },
{ "type": "Feature", "properties": { "name": "Chemins de fer Abidjan-Niger", "name:en": null, "railway": "rail", "ele": null, "operator:type": null, "layer": null, "addr:full": null, "addr:city": null, "source": "Perry-Castañeda LibraryMap Collection;landsat;landsat and personal knowledge", "name:fr": null, "osm_id": 403894068, "osm_type": "ways_line" }, "geometry": { "type": "LineString", "coordinates": [ [ -5.2286083, 9.3950417 ], [ -5.2288582, 9.3957396 ] ] } },
{ "type": "Feature", "properties": { "name": "Chemins de fer Abidjan-Niger", "name:en": null, "railway": "rail", "ele": null, "operator:type": null, "layer": null, "addr:full": null, "addr:city": null, "source": "Perry-Castañeda LibraryMap Collection;landsat;landsat and personal knowledge", "name:fr": null, "osm_id": 403894076, "osm_type": "ways_line" }, "geometry": { "type": "LineString", "coordinates": [ [ -5.2262661, 9.3866374 ], [ -5.2271126, 9.3904324 ], [ -5.2272886, 9.3911727 ], [ -5.2274297, 9.3916957 ], [ -5.2285732, 9.3949446 ] ] } },
{ "type": "Feature", "properties": { "name": "Chemins de fer Abidjan-Niger", "name:en": null, "railway": "rail", "ele": null, "operator:type": null, "layer": null, "addr:full": null, "addr:city": null, "source": "Perry-Castañeda LibraryMap Collection;landsat;landsat and personal knowledge", "name:fr": null, "osm_id": 403894078, "osm_type": "ways_line" }, "geometry": { "type": "LineString", "coordinates": [ [ -5.221356, 9.3755111 ], [ -5.2234825, 9.3776342 ], [ -5.2239555, 9.3781597 ], [ -5.2242548, 9.3786199 ], [ -5.2244843, 9.3791082 ], [ -5.2246372, 9.3795316 ], [ -5.2247546, 9.379987 ] ] } },
{ "type": "Feature", "properties": { "name": "Chemins de fer Abidjan-Niger", "name:en": null, "railway": "rail", "ele": null, "operator:type": null, "layer": "1", "addr:full": null, "addr:city": null, "source": "Perry-Castañeda LibraryMap Collection;landsat;landsat and personal knowledge", "name:fr": null, "osm_id": 403839154, "osm_type": "ways_line" }, "geometry": { "type": "LineString", "coordinates": [ [ -5.2178853, 9.3719179 ], [ -5.2179869, 9.3720239 ] ] } },
{ "type": "Feature", "properties": { "name": "Chemins de fer Abidjan-Niger", "name:en": null, "railway": "rail", "ele": null, "operator:type": null, "layer": null, "addr:full": null, "addr:city": null, "source": "Perry-Castañeda LibraryMap Collection;landsat;landsat and personal knowledge", "name:fr": null, "osm_id": 403839153, "osm_type": "ways_line" }, "geometry": { "type": "LineString", "coordinates": [ [ -5.2158909, 9.3698655 ], [ -5.2178853, 9.3719179 ] ] } },
{ "type": "Feature", "properties": { "name": "Chemins de fer Abidjan-Niger", "name:en": null, "railway": "rail", "ele": null, "operator:type": null, "layer": null, "addr:full": null, "addr:city": null, "source": "Perry-Castañeda LibraryMap Collection;landsat;landsat and personal knowledge", "name:fr": null, "osm_id": 403894075, "osm_type": "ways_line" }, "geometry": { "type": "LineString", "coordinates": [ [ -5.2320545, 9.4549703 ], [ -5.2321836, 9.455406 ], [ -5.2322641, 9.4558188 ], [ -5.2323078, 9.456164 ], [ -5.2330897, 9.464965 ], [ -5.2335124, 9.4691556 ], [ -5.2338076, 9.4727116 ], [ -5.2338224, 9.4730912 ], [ -5.2338077, 9.4733955 ], [ -5.2337708, 9.4736753 ], [ -5.2337192, 9.4739696 ], [ -5.2336343, 9.4742953 ], [ -5.233522, 9.474631 ], [ -5.2333829, 9.4749692 ], [ -5.2332485, 9.4752289 ], [ -5.2330791, 9.4755113 ], [ -5.2328907, 9.4757969 ], [ -5.2326517, 9.4760834 ], [ -5.2323975, 9.4763423 ], [ -5.2321469, 9.4765643 ], [ -5.2318577, 9.4767779 ], [ -5.2316138, 9.4769413 ], [ -5.2312207, 9.4771575 ], [ -5.2247438, 9.4802806 ], [ -5.2176061, 9.4837224 ], [ -5.2172437, 9.4839196 ], [ -5.2169245, 9.4841194 ], [ -5.2166607, 9.4843322 ], [ -5.2163961, 9.4845757 ], [ -5.2161293, 9.4848575 ], [ -5.2159043, 9.4851391 ], [ -5.2157189, 9.4854223 ], [ -5.2155405, 9.485749 ], [ -5.215393, 9.4860704 ], [ -5.2152703, 9.4863831 ] ] } },
{ "type": "Feature", "properties": { "name": "Chemins de fer Abidjan-Niger", "name:en": null, "railway": "rail", "ele": null, "operator:type": null, "layer": "1", "addr:full": null, "addr:city": null, "source": "Perry-Castañeda LibraryMap Collection;landsat;landsat and personal knowledge", "name:fr": null, "osm_id": 403894070, "osm_type": "ways_line" }, "geometry": { "type": "LineString", "coordinates": [ [ -5.2147372, 9.4879479 ], [ -5.2146893, 9.4880926 ] ] } },
{ "type": "Feature", "properties": { "name": "Chemins de fer Abidjan-Niger", "name:en": null, "railway": "rail", "ele": null, "operator:type": null, "layer": "1", "addr:full": null, "addr:city": null, "source": "Perry-Castañeda LibraryMap Collection;landsat;landsat and personal knowledge", "name:fr": null, "osm_id": 403612109, "osm_type": "ways_line" }, "geometry": { "type": "LineString", "coordinates": [ [ -5.1120932, 8.4376636 ], [ -5.1121098, 8.4377157 ] ] } },
{ "type": "Feature", "properties": { "name": "Chemins de fer Abidjan-Niger", "name:en": null, "railway": "rail", "ele": null, "operator:type": null, "layer": null, "addr:full": null, "addr:city": null, "source": "Perry-Castañeda LibraryMap Collection;landsat;landsat and personal knowledge", "name:fr": null, "osm_id": 403612112, "osm_type": "ways_line" }, "geometry": { "type": "LineString", "coordinates": [ [ -5.1219264, 8.3403916 ], [ -5.1219587, 8.3409101 ], [ -5.1219705, 8.3413453 ], [ -5.1219678, 8.3448006 ] ] } },
{ "type": "Feature", "properties": { "name": "Chemins de fer Abidjan-Niger", "name:en": null, "railway": "rail", "ele": null, "operator:type": null, "layer": "1", "addr:full": null, "addr:city": null, "source": "Perry-Castañeda LibraryMap Collection;landsat;landsat and personal knowledge", "name:fr": null, "osm_id": 403616685, "osm_type": "ways_line" }, "geometry": { "type": "LineString", "coordinates": [ [ -5.1328131, 8.6750454 ], [ -5.132701, 8.6752471 ] ] } },
{ "type": "Feature", "properties": { "name": "Chemins de fer Abidjan-Niger", "name:en": null, "railway": "rail", "ele": null, "operator:type": null, "layer": "1", "addr:full": null, "addr:city": null, "source": "Perry-Castañeda LibraryMap Collection;landsat;landsat and personal knowledge", "name:fr": null, "osm_id": 403616689, "osm_type": "ways_line" }, "geometry": { "type": "LineString", "coordinates": [ [ -5.1419949, 8.58386 ], [ -5.1420252, 8.5839103 ] ] } },
{ "type": "Feature", "properties": { "name": "Chemins de fer Abidjan-Niger", "name:en": null, "railway": "rail", "ele": null, "operator:type": null, "layer": null, "addr:full": null, "addr:city": null, "source": "Perry-Castañeda LibraryMap Collection;landsat;landsat and personal knowledge", "name:fr": null, "osm_id": 403612111, "osm_type": "ways_line" }, "geometry": { "type": "LineString", "coordinates": [ [ -5.1293667, 8.2779945 ], [ -5.1293675, 8.2784251 ], [ -5.1293345, 8.2788505 ], [ -5.1292776, 8.2792542 ], [ -5.1292232, 8.2795525 ], [ -5.1290944, 8.2800622 ], [ -5.1289338, 8.2805555 ], [ -5.1279444, 8.2833068 ], [ -5.1278254, 8.2836453 ], [ -5.1261537, 8.2883994 ], [ -5.1245114, 8.2929544 ], [ -5.1219551, 8.3001108 ], [ -5.1187231, 8.3090902 ], [ -5.1159952, 8.316811 ], [ -5.1158456, 8.3172544 ], [ -5.1157218, 8.3177001 ], [ -5.1156297, 8.3181262 ], [ -5.1155728, 8.3185116 ], [ -5.1155358, 8.3189052 ], [ -5.1155106, 8.3193625 ], [ -5.1155224, 8.3198699 ], [ -5.1155625, 8.3203205 ], [ -5.1156552, 8.3208877 ], [ -5.1157929, 8.3214503 ], [ -5.1174987, 8.3265994 ], [ -5.1184178, 8.3293178 ], [ -5.1192748, 8.3318401 ], [ -5.1213601, 8.338022 ], [ -5.1215547, 8.3385867 ], [ -5.1217183, 8.3391678 ], [ -5.1218015, 8.3395646 ], [ -5.1218739, 8.3399773 ], [ -5.1219264, 8.3403916 ] ] } },
{ "type": "Feature", "properties": { "name": "Chemins de fer Abidjan-Niger", "name:en": null, "railway": "rail", "ele": null, "operator:type": null, "layer": null, "addr:full": null, "addr:city": null, "source": "Perry-Castañeda LibraryMap Collection;landsat;landsat and personal knowledge", "name:fr": null, "osm_id": 403612115, "osm_type": "ways_line" }, "geometry": { "type": "LineString", "coordinates": [ [ -5.1281887, 8.2737792 ], [ -5.1288547, 8.2754175 ], [ -5.1290113, 8.2758392 ], [ -5.1291414, 8.2762745 ], [ -5.1292262, 8.2767315 ], [ -5.129305, 8.2771863 ], [ -5.1293538, 8.2776082 ], [ -5.1293667, 8.2779945 ] ] } },
{ "type": "Feature", "properties": { "name": "Chemins de fer Abidjan-Niger", "name:en": null, "railway": "rail", "ele": null, "operator:type": null, "layer": "1", "addr:full": null, "addr:city": null, "source": "Perry-Castañeda LibraryMap Collection;landsat;landsat and personal knowledge", "name:fr": null, "osm_id": 403758487, "osm_type": "ways_line" }, "geometry": { "type": "LineString", "coordinates": [ [ -5.1329049, 8.697541 ], [ -5.1330728, 8.697729 ] ] } },
{ "type": "Feature", "properties": { "name": "Chemins de fer Abidjan-Niger", "name:en": null, "railway": "rail", "ele": null, "operator:type": null, "layer": null, "addr:full": null, "addr:city": null, "source": null, "name:fr": null, "osm_id": 404024168, "osm_type": "ways_line" }, "geometry": { "type": "LineString", "coordinates": [ [ -5.1430843, 9.9625299 ], [ -5.1427638, 9.9627492 ], [ -5.1416721, 9.9632961 ] ] } },
{ "type": "Feature", "properties": { "name": "Chemins de fer Abidjan-Niger", "name:en": null, "railway": "rail", "ele": null, "operator:type": null, "layer": null, "addr:full": null, "addr:city": null, "source": "Perry-Castañeda LibraryMap Collection;landsat;landsat and personal knowledge", "name:fr": null, "osm_id": 404023799, "osm_type": "ways_line" }, "geometry": { "type": "LineString", "coordinates": [ [ -5.1534349, 9.7587894 ], [ -5.1534637, 9.7609253 ] ] } },
{ "type": "Feature", "properties": { "name": "Chemins de fer Abidjan-Niger", "name:en": null, "railway": "rail", "ele": null, "operator:type": null, "layer": null, "addr:full": null, "addr:city": null, "source": "Perry-Castañeda LibraryMap Collection;landsat;landsat and personal knowledge", "name:fr": null, "osm_id": 404023803, "osm_type": "ways_line" }, "geometry": { "type": "LineString", "coordinates": [ [ -5.1534637, 9.7609253 ], [ -5.1536503, 9.7723011 ] ] } },
{ "type": "Feature", "properties": { "name": null, "name:en": null, "railway": "rail", "ele": null, "operator:type": null, "layer": null, "addr:full": null, "addr:city": null, "source": null, "name:fr": null, "osm_id": 1180426370, "osm_type": "ways_line" }, "geometry": { "type": "LineString", "coordinates": [ [ -5.1498064, 9.9553314 ], [ -5.1481502, 9.9580247 ] ] } },
{ "type": "Feature", "properties": { "name": "Chemins de fer Abidjan-Niger", "name:en": null, "railway": "rail", "ele": null, "operator:type": null, "layer": null, "addr:full": null, "addr:city": null, "source": null, "name:fr": null, "osm_id": 255501536, "osm_type": "ways_line" }, "geometry": { "type": "LineString", "coordinates": [ [ -5.1025636, 10.0139491 ], [ -5.0936804, 10.0262813 ], [ -5.093189, 10.0270199 ], [ -5.0927907, 10.0277424 ], [ -5.0924541, 10.0285729 ], [ -5.0922239, 10.0292538 ], [ -5.0920404, 10.02996 ], [ -5.0899492, 10.0402649 ], [ -5.0898094, 10.0410683 ], [ -5.0897745, 10.0418373 ], [ -5.0898041, 10.0426319 ], [ -5.0899111, 10.0434739 ], [ -5.0916024, 10.0552647 ], [ -5.0916628, 10.0560589 ], [ -5.0916146, 10.0568302 ], [ -5.0915056, 10.0574941 ], [ -5.091349, 10.0581084 ], [ -5.0911114, 10.0587038 ], [ -5.090743, 10.059374 ], [ -5.084485, 10.0702923 ], [ -5.0830056, 10.0728868 ], [ -5.0826748, 10.0735473 ], [ -5.0823878, 10.0742735 ], [ -5.0822007, 10.0749244 ], [ -5.0820659, 10.0755754 ], [ -5.0819747, 10.0761987 ], [ -5.0819093, 10.0770366 ], [ -5.0805818, 10.0932607 ], [ -5.0797646, 10.1030326 ], [ -5.0784657, 10.1195725 ], [ -5.078394, 10.1202422 ], [ -5.0782545, 10.1209657 ], [ -5.0781011, 10.1215908 ], [ -5.0777162, 10.1228303 ], [ -5.0774069, 10.1236194 ], [ -5.0770355, 10.1244201 ], [ -5.076605, 10.1252116 ], [ -5.0759558, 10.1261727 ], [ -5.074514, 10.1281985 ] ] } },
{ "type": "Feature", "properties": { "name": "Chemins de fer Abidjan-Niger", "name:en": null, "railway": "rail", "ele": null, "operator:type": null, "layer": null, "addr:full": null, "addr:city": null, "source": "Perry-Castañeda LibraryMap Collection;landsat;landsat and personal knowledge", "name:fr": null, "osm_id": 403968867, "osm_type": "ways_line" }, "geometry": { "type": "LineString", "coordinates": [ [ -5.1908156, 9.5848923 ], [ -5.1908362, 9.5868519 ], [ -5.1908595, 9.5889137 ] ] } },
{ "type": "Feature", "properties": { "name": "Chemins de fer Abidjan-Niger", "name:en": null, "railway": "rail", "ele": null, "operator:type": null, "layer": null, "addr:full": null, "addr:city": null, "source": "Perry-Castañeda LibraryMap Collection;landsat;landsat and personal knowledge", "name:fr": null, "osm_id": 404023815, "osm_type": "ways_line" }, "geometry": { "type": "LineString", "coordinates": [ [ -5.1645015, 9.6539097 ], [ -5.1641047, 9.6545512 ] ] } },
{ "type": "Feature", "properties": { "name": "Chemins de fer Abidjan-Niger", "name:en": null, "railway": "rail", "ele": null, "operator:type": null, "layer": "1", "addr:full": null, "addr:city": null, "source": "Perry-Castañeda LibraryMap Collection;landsat;landsat and personal knowledge", "name:fr": null, "osm_id": 404023818, "osm_type": "ways_line" }, "geometry": { "type": "LineString", "coordinates": [ [ -5.1645575, 9.6538193 ], [ -5.1645015, 9.6539097 ] ] } },
{ "type": "Feature", "properties": { "name": "Chemins de fer Abidjan-Niger", "name:en": null, "railway": "rail", "ele": null, "operator:type": null, "layer": null, "addr:full": null, "addr:city": null, "source": "Perry-Castañeda LibraryMap Collection;landsat;landsat and personal knowledge", "name:fr": null, "osm_id": 403968868, "osm_type": "ways_line" }, "geometry": { "type": "LineString", "coordinates": [ [ -5.1907631, 9.5841862 ], [ -5.1907863, 9.5868511 ], [ -5.1908159, 9.5890419 ], [ -5.1908253, 9.5893235 ] ] } },
{ "type": "Feature", "properties": { "name": "Chemins de fer Abidjan-Niger", "name:en": null, "railway": "rail", "ele": null, "operator:type": null, "layer": null, "addr:full": null, "addr:city": null, "source": "Perry-Castañeda LibraryMap Collection;landsat;landsat and personal knowledge", "name:fr": null, "osm_id": 403894073, "osm_type": "ways_line" }, "geometry": { "type": "LineString", "coordinates": [ [ -5.2146893, 9.4880926 ], [ -5.2138679, 9.490651 ] ] } },
{ "type": "Feature", "properties": { "name": "Chemins de fer Abidjan-Niger", "name:en": null, "railway": "rail", "ele": null, "operator:type": null, "layer": null, "addr:full": null, "addr:city": null, "source": "Perry-Castañeda LibraryMap Collection;landsat;landsat and personal knowledge", "name:fr": null, "osm_id": 403968872, "osm_type": "ways_line" }, "geometry": { "type": "LineString", "coordinates": [ [ -5.1908148, 9.5846252 ], [ -5.1908295, 9.5845141 ], [ -5.1908413, 9.5843861 ], [ -5.1908995, 9.584177 ], [ -5.1909717, 9.5839177 ], [ -5.190969, 9.5835607 ] ] } },
{ "type": "Feature", "properties": { "name": "Chemins de fer Abidjan-Niger", "name:en": null, "railway": "rail", "ele": null, "operator:type": null, "layer": null, "addr:full": null, "addr:city": null, "source": "Perry-Castañeda LibraryMap Collection;landsat;landsat and personal knowledge", "name:fr": null, "osm_id": 403834616, "osm_type": "ways_line" }, "geometry": { "type": "LineString", "coordinates": [ [ -5.1772924, 9.062523 ], [ -5.1767278, 9.0629017 ], [ -5.1748726, 9.0639941 ], [ -5.1730974, 9.0650393 ], [ -5.1726548, 9.0652472 ] ] } },
{ "type": "Feature", "properties": { "name": "Chemins de fer Abidjan-Niger", "name:en": null, "railway": "rail", "ele": null, "operator:type": null, "layer": null, "addr:full": null, "addr:city": null, "source": "Perry-Castañeda LibraryMap Collection;landsat;landsat and personal knowledge", "name:fr": null, "osm_id": 403758525, "osm_type": "ways_line" }, "geometry": { "type": "LineString", "coordinates": [ [ -5.1316703, 8.677119 ], [ -5.131421, 8.6774784 ], [ -5.1304185, 8.6792853 ], [ -5.1292444, 8.6814013 ], [ -5.1289387, 8.6820318 ] ] } },
{ "type": "Feature", "properties": { "name": "Chemins de fer Abidjan-Niger", "name:en": null, "railway": "rail", "ele": null, "operator:type": null, "layer": "1", "addr:full": null, "addr:city": null, "source": "Perry-Castañeda LibraryMap Collection;landsat;landsat and personal knowledge", "name:fr": null, "osm_id": 403839152, "osm_type": "ways_line" }, "geometry": { "type": "LineString", "coordinates": [ [ -5.1739799, 9.322968 ], [ -5.1740332, 9.3230599 ] ] } },
{ "type": "Feature", "properties": { "name": null, "name:en": null, "railway": "rail", "ele": null, "operator:type": null, "layer": null, "addr:full": null, "addr:city": null, "source": null, "name:fr": null, "osm_id": 402994458, "osm_type": "ways_line" }, "geometry": { "type": "LineString", "coordinates": [ [ -5.0342368, 7.6843414 ], [ -5.034195, 7.6843421 ] ] } },
{ "type": "Feature", "properties": { "name": null, "name:en": null, "railway": "rail", "ele": null, "operator:type": null, "layer": null, "addr:full": null, "addr:city": null, "source": null, "name:fr": null, "osm_id": 402994469, "osm_type": "ways_line" }, "geometry": { "type": "LineString", "coordinates": [ [ -5.0311995, 7.6847889 ], [ -5.0315047, 7.6845756 ], [ -5.0324086, 7.6840958 ], [ -5.0328847, 7.6839078 ] ] } },
{ "type": "Feature", "properties": { "name": "Chemins de fer Abidjan-Niger", "name:en": null, "railway": "rail", "ele": null, "operator:type": null, "layer": "1", "addr:full": null, "addr:city": null, "source": null, "name:fr": null, "osm_id": 404235971, "osm_type": "ways_line" }, "geometry": { "type": "LineString", "coordinates": [ [ -5.1025963, 10.0139038 ], [ -5.1025636, 10.0139491 ] ] } },
{ "type": "Feature", "properties": { "name": "Chemins de fer Abidjan-Niger", "name:en": null, "railway": "rail", "ele": null, "operator:type": null, "layer": null, "addr:full": null, "addr:city": null, "source": null, "name:fr": null, "osm_id": 402689680, "osm_type": "ways_line" }, "geometry": { "type": "LineString", "coordinates": [ [ -4.705002, 6.638796 ], [ -4.7045973, 6.6394494 ], [ -4.7040314, 6.6404219 ], [ -4.7038705, 6.6408188 ], [ -4.7037846, 6.6412531 ], [ -4.7037739, 6.6416714 ] ] } },
{ "type": "Feature", "properties": { "name": "Chemins de fer Abidjan-Niger", "name:en": null, "railway": "rail", "ele": null, "operator:type": null, "layer": null, "addr:full": null, "addr:city": null, "source": null, "name:fr": null, "osm_id": 402626108, "osm_type": "ways_line" }, "geometry": { "type": "LineString", "coordinates": [ [ -4.5292957, 6.3193399 ], [ -4.5250155, 6.3174165 ], [ -4.5228081, 6.3164246 ], [ -4.5224962, 6.3163409 ] ] } },
{ "type": "Feature", "properties": { "name": "Chemins de fer Abidjan-Niger", "name:en": null, "railway": "rail", "ele": null, "operator:type": null, "layer": null, "addr:full": null, "addr:city": null, "source": null, "name:fr": null, "osm_id": 402539569, "osm_type": "ways_line" }, "geometry": { "type": "LineString", "coordinates": [ [ -4.0582367, 5.540601 ], [ -4.0621761, 5.5469999 ], [ -4.0623929, 5.5474257 ], [ -4.0625111, 5.5478312 ], [ -4.0625621, 5.548253 ], [ -4.0625758, 5.5486775 ], [ -4.0625443, 5.5491119 ], [ -4.062475, 5.5496169 ], [ -4.0619312, 5.5549856 ], [ -4.0617175, 5.5571349 ] ] } },
{ "type": "Feature", "properties": { "name": "Chemins de fer Abidjan-Niger", "name:en": null, "railway": "rail", "ele": null, "operator:type": null, "layer": "1", "addr:full": null, "addr:city": null, "source": null, "name:fr": null, "osm_id": 402981129, "osm_type": "ways_line" }, "geometry": { "type": "LineString", "coordinates": [ [ -4.8205209, 7.2765959 ], [ -4.8208628, 7.2769017 ] ] } },
{ "type": "Feature", "properties": { "name": null, "name:en": null, "railway": "rail", "ele": null, "operator:type": null, "layer": null, "addr:full": null, "addr:city": null, "source": null, "name:fr": null, "osm_id": 484928485, "osm_type": "ways_line" }, "geometry": { "type": "LineString", "coordinates": [ [ -4.012101, 5.2982822 ], [ -4.0120057, 5.298245 ], [ -4.0117416, 5.298142 ], [ -4.0115351, 5.298067 ], [ -4.0113068, 5.2979775 ], [ -4.011115, 5.2978953 ], [ -4.010733, 5.2975788 ] ] } },
{ "type": "Feature", "properties": { "name": null, "name:en": null, "railway": "rail", "ele": null, "operator:type": null, "layer": null, "addr:full": null, "addr:city": null, "source": null, "name:fr": null, "osm_id": 395952405, "osm_type": "ways_line" }, "geometry": { "type": "LineString", "coordinates": [ [ -4.0249945, 5.329937 ], [ -4.0249917, 5.3301022 ], [ -4.0249802, 5.3301918 ], [ -4.024962, 5.3302756 ], [ -4.0249256, 5.3303737 ], [ -4.0248606, 5.3305062 ] ] } },
{ "type": "Feature", "properties": { "name": null, "name:en": null, "railway": "rail", "ele": null, "operator:type": null, "layer": null, "addr:full": null, "addr:city": null, "source": null, "name:fr": null, "osm_id": 395952398, "osm_type": "ways_line" }, "geometry": { "type": "LineString", "coordinates": [ [ -4.0252376, 5.3286671 ], [ -4.0252366, 5.328575 ], [ -4.0252251, 5.3283863 ], [ -4.0252713, 5.3281462 ] ] } },
{ "type": "Feature", "properties": { "name": null, "name:en": null, "railway": "rail", "ele": null, "operator:type": null, "layer": null, "addr:full": null, "addr:city": null, "source": null, "name:fr": null, "osm_id": 395952396, "osm_type": "ways_line" }, "geometry": { "type": "LineString", "coordinates": [ [ -4.0252777, 5.3286672 ], [ -4.0252787, 5.3285702 ], [ -4.0252617, 5.328418 ], [ -4.0252713, 5.3281462 ] ] } },
{ "type": "Feature", "properties": { "name": null, "name:en": null, "railway": "rail", "ele": null, "operator:type": null, "layer": null, "addr:full": null, "addr:city": null, "source": null, "name:fr": null, "osm_id": 342814490, "osm_type": "ways_line" }, "geometry": { "type": "LineString", "coordinates": [ [ -3.9909837, 5.2658236 ], [ -3.9912571, 5.2661322 ], [ -3.9926222, 5.2673463 ], [ -3.9928866, 5.2675331 ] ] } },
{ "type": "Feature", "properties": { "name": "Chemins de fer Abidjan-Niger", "name:en": null, "railway": "rail", "ele": null, "operator:type": null, "layer": null, "addr:full": null, "addr:city": null, "source": null, "name:fr": null, "osm_id": 402539570, "osm_type": "ways_line" }, "geometry": { "type": "LineString", "coordinates": [ [ -4.0558125, 5.4928133 ], [ -4.0553521, 5.4958347 ], [ -4.0552448, 5.4965386 ], [ -4.0549605, 5.4982537 ], [ -4.0549386, 5.4987608 ], [ -4.054943, 5.4992776 ], [ -4.0549984, 5.4997595 ], [ -4.0551137, 5.5002063 ], [ -4.0556257, 5.5015891 ], [ -4.0563344, 5.5034594 ], [ -4.0575688, 5.5066952 ], [ -4.0577629, 5.5074837 ], [ -4.0578542, 5.5082299 ], [ -4.0578803, 5.508925 ], [ -4.0577942, 5.5097255 ], [ -4.0576258, 5.5104509 ], [ -4.057449, 5.5110888 ] ] } },
{ "type": "Feature", "properties": { "name": "Chemins de fer Abidjan-Niger", "name:en": null, "railway": "rail", "ele": null, "operator:type": null, "layer": null, "addr:full": null, "addr:city": null, "source": "Perry-Castañeda LibraryMap Collection;landsat;landsat and personal knowledge", "name:fr": null, "osm_id": 403968873, "osm_type": "ways_line" }, "geometry": { "type": "LineString", "coordinates": [ [ -5.1907427, 9.5832552 ], [ -5.1907074, 9.5835474 ], [ -5.1907437, 9.5868463 ], [ -5.1907571, 9.5880779 ], [ -5.1907745, 9.5887668 ], [ -5.1907799, 9.5888753 ], [ -5.1908159, 9.5890419 ] ] } },
{ "type": "Feature", "properties": { "name": "Chemins de fer Abidjan-Niger", "name:en": null, "railway": "rail", "ele": null, "operator:type": null, "layer": null, "addr:full": null, "addr:city": null, "source": "Perry-Castañeda LibraryMap Collection;landsat;landsat and personal knowledge", "name:fr": null, "osm_id": 403758480, "osm_type": "ways_line" }, "geometry": { "type": "LineString", "coordinates": [ [ -5.1289387, 8.6820318 ], [ -5.1287039, 8.6824331 ], [ -5.1285444, 8.6827323 ], [ -5.1284309, 8.6829829 ], [ -5.1283383, 8.6832477 ], [ -5.1282735, 8.6834973 ], [ -5.1282372, 8.6837306 ], [ -5.1282212, 8.6839838 ], [ -5.1282317, 8.6842195 ], [ -5.1282601, 8.6844399 ], [ -5.1282989, 8.6846318 ], [ -5.1304473, 8.6942396 ], [ -5.1305249, 8.6945203 ], [ -5.1306292, 8.6948035 ], [ -5.1307639, 8.6950615 ], [ -5.1309262, 8.6953107 ], [ -5.1311427, 8.6955778 ], [ -5.1329049, 8.697541 ] ] } },
{ "type": "Feature", "properties": { "name": "Chemins de fer Abidjan-Niger", "name:en": null, "railway": "rail", "ele": null, "operator:type": null, "layer": null, "addr:full": null, "addr:city": null, "source": null, "name:fr": null, "osm_id": 402626105, "osm_type": "ways_line" }, "geometry": { "type": "LineString", "coordinates": [ [ -4.4085857, 6.237107 ], [ -4.4125547, 6.238625 ], [ -4.4157741, 6.2398258 ] ] } },
{ "type": "Feature", "properties": { "name": "Chemins de fer Abidjan-Niger", "name:en": null, "railway": "rail", "ele": null, "operator:type": null, "layer": null, "addr:full": null, "addr:city": null, "source": null, "name:fr": null, "osm_id": 402689679, "osm_type": "ways_line" }, "geometry": { "type": "LineString", "coordinates": [ [ -4.6223611, 6.4981869 ], [ -4.6225231, 6.4975666 ], [ -4.623143, 6.4934958 ], [ -4.6232786, 6.4926069 ], [ -4.623553, 6.4908055 ], [ -4.6235876, 6.4901689 ] ] } },
{ "type": "Feature", "properties": { "name": "Chemins de fer Abidjan-Niger", "name:en": null, "railway": "rail", "ele": null, "operator:type": null, "layer": null, "addr:full": null, "addr:city": null, "source": null, "name:fr": null, "osm_id": 402615259, "osm_type": "ways_line" }, "geometry": { "type": "LineString", "coordinates": [ [ -4.2211051, 5.9381891 ], [ -4.2217224, 5.9399587 ], [ -4.2218557, 5.9404047 ], [ -4.2219469, 5.9407969 ], [ -4.2220193, 5.9412024 ], [ -4.222056, 5.9415022 ], [ -4.2220867, 5.9419481 ], [ -4.2220944, 5.9424189 ], [ -4.2220738, 5.9429461 ], [ -4.2220024, 5.9435186 ], [ -4.2215792, 5.9459924 ], [ -4.2215211, 5.946589 ], [ -4.2215043, 5.9471302 ], [ -4.2215461, 5.9476135 ], [ -4.2216391, 5.9481106 ], [ -4.2217671, 5.9486082 ], [ -4.2219415, 5.949067 ], [ -4.2221432, 5.9494777 ], [ -4.2223519, 5.94983 ], [ -4.2225821, 5.9501698 ], [ -4.2245449, 5.9526851 ], [ -4.2295586, 5.9591351 ], [ -4.2298814, 5.9595747 ], [ -4.2301194, 5.9599484 ], [ -4.2303556, 5.9603782 ], [ -4.2305392, 5.9608385 ], [ -4.2306587, 5.9612106 ], [ -4.230766, 5.9616854 ], [ -4.2308316, 5.9621742 ], [ -4.231357, 5.9682693 ], [ -4.2314586, 5.9690209 ], [ -4.2315954, 5.9697492 ], [ -4.231753, 5.970377 ], [ -4.2320004, 5.9710697 ], [ -4.2322659, 5.9716886 ], [ -4.2325275, 5.9722053 ], [ -4.2372465, 5.9800031 ], [ -4.2375579, 5.9805585 ], [ -4.2378366, 5.9811209 ], [ -4.2380485, 5.9816703 ], [ -4.2381641, 5.9821084 ], [ -4.2382738, 5.982604 ], [ -4.2390818, 5.9869872 ], [ -4.2392477, 5.9876836 ], [ -4.2394435, 5.9882758 ], [ -4.2397229, 5.988938 ], [ -4.2400309, 5.9895056 ], [ -4.2404819, 5.9901781 ], [ -4.2408979, 5.9906802 ], [ -4.2429231, 5.9929506 ], [ -4.2434775, 5.9934909 ], [ -4.2440754, 5.9940231 ], [ -4.2448162, 5.9945625 ], [ -4.2454597, 5.9949554 ], [ -4.2459505, 5.9952301 ], [ -4.2466291, 5.9955482 ], [ -4.2499577, 5.9968664 ], [ -4.2505613, 5.9971854 ], [ -4.2511419, 5.9975909 ], [ -4.2515403, 5.997959 ], [ -4.2519607, 5.9984228 ], [ -4.2523557, 5.9989807 ], [ -4.2544494, 6.0022845 ], [ -4.2551161, 6.003347 ], [ -4.255459, 6.0039316 ], [ -4.2557519, 6.0045512 ], [ -4.2561106, 6.0054656 ], [ -4.2576609, 6.0115229 ], [ -4.2596174, 6.0191012 ], [ -4.2597344, 6.0195496 ], [ -4.2598953, 6.020091 ], [ -4.2600777, 6.0205925 ], [ -4.260298, 6.0211052 ], [ -4.2605176, 6.0215448 ], [ -4.2607805, 6.0220089 ], [ -4.261038, 6.022423 ], [ -4.2655922, 6.0295647 ], [ -4.2660805, 6.0302138 ], [ -4.2668343, 6.0310081 ], [ -4.2686109, 6.0329547 ], [ -4.269149, 6.0336654 ], [ -4.2696774, 6.0345082 ], [ -4.270045, 6.0353118 ], [ -4.2703479, 6.036122 ], [ -4.2715737, 6.0399069 ], [ -4.2718124, 6.0405497 ], [ -4.2721048, 6.0411579 ], [ -4.2724964, 6.0417687 ], [ -4.2729255, 6.0423582 ], [ -4.27358, 6.0430437 ], [ -4.2742891, 6.0436179 ], [ -4.2758787, 6.0449161 ], [ -4.2762327, 6.0452495 ], [ -4.2766618, 6.045751 ], [ -4.2770105, 6.0462871 ], [ -4.2773726, 6.0470766 ], [ -4.2777175, 6.0480753 ], [ -4.2784562, 6.0501152 ], [ -4.2787566, 6.0507948 ], [ -4.2791429, 6.051443 ], [ -4.2795774, 6.0520484 ], [ -4.2800776, 6.0525839 ], [ -4.2807683, 6.053198 ], [ -4.2814937, 6.0536833 ], [ -4.2856087, 6.0562712 ], [ -4.286838, 6.057091 ], [ -4.2876287, 6.0577209 ], [ -4.2985573, 6.0673229 ], [ -4.3004802, 6.069023 ] ] } },
{ "type": "Feature", "properties": { "name": "Chemins de fer Abidjan-Niger", "name:en": null, "railway": "rail", "ele": null, "operator:type": null, "layer": null, "addr:full": null, "addr:city": null, "source": null, "name:fr": null, "osm_id": 1323223667, "osm_type": "ways_line" }, "geometry": { "type": "LineString", "coordinates": [ [ -4.2202111, 5.9356264 ], [ -4.2211051, 5.9381891 ] ] } },
{ "type": "Feature", "properties": { "name": "Chemins de fer Abidjan-Niger", "name:en": null, "railway": "rail", "ele": null, "operator:type": null, "layer": null, "addr:full": null, "addr:city": null, "source": "Perry-Castañeda LibraryMap Collection;landsat;landsat and personal knowledge", "name:fr": null, "osm_id": 403968866, "osm_type": "ways_line" }, "geometry": { "type": "LineString", "coordinates": [ [ -5.1908995, 9.584177 ], [ -5.1908971, 9.5839297 ] ] } },
{ "type": "Feature", "properties": { "name": "Chemins de fer Abidjan-Niger", "name:en": null, "railway": "rail", "ele": null, "operator:type": null, "layer": null, "addr:full": null, "addr:city": null, "source": "Perry-Castañeda LibraryMap Collection;landsat;landsat and personal knowledge", "name:fr": null, "osm_id": 403968871, "osm_type": "ways_line" }, "geometry": { "type": "LineString", "coordinates": [ [ -5.2138679, 9.490651 ], [ -5.210757, 9.5000509 ], [ -5.2076042, 9.5094742 ], [ -5.2074191, 9.5100208 ], [ -5.2072377, 9.510454 ], [ -5.2070287, 9.510852 ], [ -5.2067578, 9.5112541 ], [ -5.2063829, 9.5117184 ], [ -5.2018238, 9.5174475 ], [ -5.187785, 9.5350536 ], [ -5.1874915, 9.5354819 ], [ -5.1872295, 9.5359519 ], [ -5.1870731, 9.5363521 ], [ -5.1869583, 9.5367237 ], [ -5.1868665, 9.5371192 ], [ -5.1868174, 9.5375418 ], [ -5.1868024, 9.5380098 ], [ -5.1868397, 9.5384471 ], [ -5.186909, 9.5388567 ], [ -5.1870448, 9.5393432 ], [ -5.187183, 9.5396797 ], [ -5.1873441, 9.5399781 ], [ -5.187764, 9.5406705 ], [ -5.1943255, 9.551251 ], [ -5.1945449, 9.5516239 ], [ -5.1947308, 9.5520295 ], [ -5.1948781, 9.5524571 ], [ -5.1949585, 9.5528194 ], [ -5.1950069, 9.5531289 ], [ -5.195039, 9.5533934 ], [ -5.1950497, 9.5536738 ], [ -5.1950419, 9.553971 ], [ -5.1950186, 9.5543037 ], [ -5.1949588, 9.5546829 ], [ -5.1948423, 9.5551191 ], [ -5.1947013, 9.5554892 ], [ -5.1945197, 9.5558598 ], [ -5.1943258, 9.5561901 ], [ -5.194065, 9.55654 ], [ -5.1901406, 9.5609903 ], [ -5.1898679, 9.5613557 ], [ -5.1896299, 9.5618235 ], [ -5.1894817, 9.5622127 ], [ -5.1893637, 9.5625909 ], [ -5.1892692, 9.5630073 ], [ -5.1892162, 9.5634188 ], [ -5.1892288, 9.5639849 ], [ -5.1895618, 9.5673117 ], [ -5.1905305, 9.5766489 ], [ -5.1905828, 9.5779762 ], [ -5.1907427, 9.5832552 ], [ -5.1907631, 9.5841862 ], [ -5.1907973, 9.5843977 ], [ -5.1908053, 9.5844784 ], [ -5.1908148, 9.5846252 ], [ -5.1908156, 9.5848923 ] ] } },
{ "type": "Feature", "properties": { "name": "Chemins de fer Abidjan-Niger", "name:en": null, "railway": "rail", "ele": null, "operator:type": null, "layer": null, "addr:full": null, "addr:city": null, "source": "Perry-Castañeda LibraryMap Collection;landsat;landsat and personal knowledge", "name:fr": null, "osm_id": 403968874, "osm_type": "ways_line" }, "geometry": { "type": "LineString", "coordinates": [ [ -5.1908595, 9.5889137 ], [ -5.1908898, 9.5885949 ], [ -5.1908979, 9.5884469 ], [ -5.1908992, 9.5879748 ], [ -5.1908774, 9.5868433 ], [ -5.1908698, 9.5852612 ], [ -5.1908156, 9.5848923 ] ] } },
{ "type": "Feature", "properties": { "name": null, "name:en": null, "railway": "rail", "ele": null, "operator:type": null, "layer": null, "addr:full": null, "addr:city": null, "source": null, "name:fr": null, "osm_id": 236257899, "osm_type": "ways_line" }, "geometry": { "type": "LineString", "coordinates": [ [ -4.0072431, 5.2963732 ], [ -4.0070179, 5.2962341 ], [ -4.0068307, 5.2960982 ], [ -4.0066872, 5.2959728 ], [ -4.006542, 5.2958195 ], [ -4.0064336, 5.2956488 ], [ -4.0063793, 5.2955042 ], [ -4.0063496, 5.2953352 ], [ -4.0063548, 5.295161 ], [ -4.0063828, 5.2949676 ], [ -4.0064406, 5.2948126 ], [ -4.0065035, 5.2946628 ], [ -4.0065341, 5.2945537 ], [ -4.0065599, 5.2944595 ], [ -4.0065998, 5.294314 ], [ -4.0066316, 5.2941514 ], [ -4.0066362, 5.2941277 ], [ -4.006654, 5.2939381 ], [ -4.0066807, 5.2903949 ], [ -4.0067038, 5.2902603 ], [ -4.0067358, 5.2901628 ], [ -4.0067963, 5.2900441 ], [ -4.0068728, 5.289913 ], [ -4.0069653, 5.2897872 ], [ -4.0070813, 5.2896592 ], [ -4.0080894, 5.2888279 ], [ -4.0081909, 5.288737 ], [ -4.0082197, 5.2887066 ], [ -4.0082537, 5.2886617 ], [ -4.0082886, 5.2886142 ], [ -4.0083175, 5.2885755 ], [ -4.0083467, 5.2885204 ], [ -4.0084225, 5.288377 ], [ -4.0084972, 5.2882034 ], [ -4.008547, 5.2880227 ], [ -4.0085755, 5.2878332 ], [ -4.0085979, 5.2874104 ], [ -4.0086087, 5.2870843 ], [ -4.008636, 5.2862033 ], [ -4.0086779, 5.2860224 ], [ -4.0087427, 5.2858684 ], [ -4.0088032, 5.2857657 ], [ -4.009349, 5.2851014 ], [ -4.0094225, 5.2849796 ], [ -4.0094674, 5.2848558 ], [ -4.0094898, 5.2847665 ], [ -4.0095, 5.2846771 ], [ -4.0095149, 5.2833444 ], [ -4.0095751, 5.2765189 ], [ -4.0095938, 5.2736181 ], [ -4.0095999, 5.2733704 ], [ -4.0095816, 5.2732283 ], [ -4.009553, 5.2731085 ], [ -4.0094959, 5.2729603 ], [ -4.009394, 5.272741 ], [ -4.0093471, 5.272542 ], [ -4.0093246, 5.2723959 ], [ -4.0093246, 5.2722497 ], [ -4.0093389, 5.2720832 ], [ -4.0093756, 5.2719492 ], [ -4.0094144, 5.2718375 ], [ -4.0094878, 5.2716954 ], [ -4.0095775, 5.2715594 ], [ -4.0097019, 5.2714335 ], [ -4.0098344, 5.2713259 ], [ -4.011227, 5.2703879 ] ] } },
{ "type": "Feature", "properties": { "name": null, "name:en": null, "railway": "rail", "ele": null, "operator:type": null, "layer": null, "addr:full": null, "addr:city": null, "source": null, "name:fr": null, "osm_id": 395916218, "osm_type": "ways_line" }, "geometry": { "type": "LineString", "coordinates": [ [ -4.0248923, 5.3267258 ], [ -4.0250038, 5.3268317 ], [ -4.0251284, 5.3269664 ], [ -4.0251848, 5.3270572 ], [ -4.0252328, 5.327149 ], [ -4.025276, 5.3273353 ], [ -4.0252864, 5.3275357 ], [ -4.0252882, 5.3279159 ], [ -4.0252713, 5.3281462 ] ] } },
{ "type": "Feature", "properties": { "name": null, "name:en": null, "railway": "rail", "ele": null, "operator:type": null, "layer": null, "addr:full": null, "addr:city": null, "source": null, "name:fr": null, "osm_id": 395916223, "osm_type": "ways_line" }, "geometry": { "type": "LineString", "coordinates": [ [ -4.0248251, 5.327535 ], [ -4.0248223, 5.3273787 ], [ -4.024812, 5.3272785 ], [ -4.0247838, 5.3271549 ], [ -4.0247217, 5.3269807 ], [ -4.024665, 5.3268587 ], [ -4.024622, 5.3267663 ], [ -4.0245712, 5.3266581 ], [ -4.0245056, 5.3264803 ], [ -4.0244663, 5.3263494 ], [ -4.0244589, 5.3263246 ] ] } },
{ "type": "Feature", "properties": { "name": null, "name:en": null, "railway": "rail", "ele": null, "operator:type": null, "layer": null, "addr:full": null, "addr:city": null, "source": null, "name:fr": null, "osm_id": 395916224, "osm_type": "ways_line" }, "geometry": { "type": "LineString", "coordinates": [ [ -4.0254171, 5.3274758 ], [ -4.0254622, 5.3277735 ] ] } },
{ "type": "Feature", "properties": { "name": null, "name:en": null, "railway": "rail", "ele": null, "operator:type": null, "layer": null, "addr:full": null, "addr:city": null, "source": null, "name:fr": null, "osm_id": 395916229, "osm_type": "ways_line" }, "geometry": { "type": "LineString", "coordinates": [ [ -4.0252563, 5.3274571 ], [ -4.0252337, 5.3273344 ], [ -4.0251745, 5.3271659 ], [ -4.025134, 5.3270629 ], [ -4.025087, 5.3269767 ], [ -4.0250038, 5.3268317 ] ] } },
{ "type": "Feature", "properties": { "name": null, "name:en": null, "railway": "rail", "ele": null, "operator:type": null, "layer": null, "addr:full": null, "addr:city": null, "source": null, "name:fr": null, "osm_id": 395952389, "osm_type": "ways_line" }, "geometry": { "type": "LineString", "coordinates": [ [ -4.0253983, 5.3290124 ], [ -4.025398, 5.3286675 ] ] } },
{ "type": "Feature", "properties": { "name": null, "name:en": null, "railway": "rail", "ele": null, "operator:type": null, "layer": null, "addr:full": null, "addr:city": null, "source": null, "name:fr": null, "osm_id": 395952391, "osm_type": "ways_line" }, "geometry": { "type": "LineString", "coordinates": [ [ -4.0250257, 5.3290118 ], [ -4.0250255, 5.3291315 ] ] } },
{ "type": "Feature", "properties": { "name": null, "name:en": null, "railway": "rail", "ele": null, "operator:type": null, "layer": null, "addr:full": null, "addr:city": null, "source": null, "name:fr": null, "osm_id": 395952392, "osm_type": "ways_line" }, "geometry": { "type": "LineString", "coordinates": [ [ -4.0253589, 5.3290124 ], [ -4.0253579, 5.3286674 ] ] } },
{ "type": "Feature", "properties": { "name": null, "name:en": null, "railway": "rail", "ele": null, "operator:type": null, "layer": null, "addr:full": null, "addr:city": null, "source": null, "name:fr": null, "osm_id": 395952394, "osm_type": "ways_line" }, "geometry": { "type": "LineString", "coordinates": [ [ -4.0251964, 5.3285045 ], [ -4.0251587, 5.3286673 ], [ -4.0251562, 5.329012 ] ] } },
{ "type": "Feature", "properties": { "name": null, "name:en": null, "railway": "rail", "ele": null, "operator:type": null, "layer": null, "addr:full": null, "addr:city": null, "source": null, "name:fr": null, "osm_id": 395952395, "osm_type": "ways_line" }, "geometry": { "type": "LineString", "coordinates": [ [ -4.0251975, 5.3286671 ], [ -4.0251964, 5.3285045 ], [ -4.0252251, 5.3283863 ] ] } },
{ "type": "Feature", "properties": { "name": null, "name:en": null, "railway": "rail", "ele": null, "operator:type": null, "layer": null, "addr:full": null, "addr:city": null, "source": null, "name:fr": null, "osm_id": 395952397, "osm_type": "ways_line" }, "geometry": { "type": "LineString", "coordinates": [ [ -4.0257715, 5.3296944 ], [ -4.0256136, 5.3299603 ], [ -4.0255055, 5.3301117 ], [ -4.025362, 5.3302423 ], [ -4.025186, 5.3303719 ] ] } },
{ "type": "Feature", "properties": { "name": null, "name:en": null, "railway": "rail", "ele": null, "operator:type": null, "layer": null, "addr:full": null, "addr:city": null, "source": null, "name:fr": null, "osm_id": 395952400, "osm_type": "ways_line" }, "geometry": { "type": "LineString", "coordinates": [ [ -4.0253178, 5.3286673 ], [ -4.0253141, 5.3285769 ], [ -4.0252988, 5.3285026 ], [ -4.0252617, 5.328418 ] ] } },
{ "type": "Feature", "properties": { "name": null, "name:en": null, "railway": "rail", "ele": null, "operator:type": null, "layer": null, "addr:full": null, "addr:city": null, "source": null, "name:fr": null, "osm_id": 395952403, "osm_type": "ways_line" }, "geometry": { "type": "LineString", "coordinates": [ [ -4.0251677, 5.3299374 ], [ -4.0251668, 5.3300241 ], [ -4.0251572, 5.3301127 ], [ -4.0251333, 5.3302184 ], [ -4.0250998, 5.3303032 ], [ -4.0250471, 5.3304252 ] ] } },
{ "type": "Feature", "properties": { "name": null, "name:en": null, "railway": "rail", "ele": null, "operator:type": null, "layer": null, "addr:full": null, "addr:city": null, "source": null, "name:fr": null, "osm_id": 395952406, "osm_type": "ways_line" }, "geometry": { "type": "LineString", "coordinates": [ [ -4.0247639, 5.329542 ], [ -4.0247649, 5.3301022 ], [ -4.0247668, 5.3302575 ], [ -4.0247582, 5.3303861 ], [ -4.0247477, 5.33051 ], [ -4.0247036, 5.3307243 ], [ -4.0246625, 5.3308911 ] ] } },
{ "type": "Feature", "properties": { "name": null, "name:en": null, "railway": "rail", "ele": null, "operator:type": null, "layer": null, "addr:full": null, "addr:city": null, "source": null, "name:fr": null, "osm_id": 395952407, "osm_type": "ways_line" }, "geometry": { "type": "LineString", "coordinates": [ [ -4.0249438, 5.3299369 ], [ -4.0249409, 5.3300994 ], [ -4.0249362, 5.330187 ], [ -4.0249237, 5.3302718 ], [ -4.0249017, 5.330369 ], [ -4.0248606, 5.3305062 ], [ -4.0247917, 5.3306977 ] ] } },
{ "type": "Feature", "properties": { "name": null, "name:en": null, "railway": "rail", "ele": null, "operator:type": null, "layer": null, "addr:full": null, "addr:city": null, "source": null, "name:fr": null, "osm_id": 395952408, "osm_type": "ways_line" }, "geometry": { "type": "LineString", "coordinates": [ [ -4.0251314, 5.3299373 ], [ -4.0251266, 5.3300231 ], [ -4.0251093, 5.3301022 ], [ -4.0250759, 5.3302032 ], [ -4.0250385, 5.3302842 ], [ -4.0249744, 5.3303957 ], [ -4.0247917, 5.3306977 ], [ -4.0246998, 5.330892 ] ] } },
{ "type": "Feature", "properties": { "name": null, "name:en": null, "railway": "rail", "ele": null, "operator:type": null, "layer": null, "addr:full": null, "addr:city": null, "source": null, "name:fr": null, "osm_id": 401459332, "osm_type": "ways_line" }, "geometry": { "type": "LineString", "coordinates": [ [ -4.0250992, 5.3279153 ], [ -4.0250836, 5.3281237 ], [ -4.0250541, 5.3283091 ], [ -4.0249788, 5.3285621 ], [ -4.0248917, 5.3288326 ], [ -4.0248261, 5.329006 ], [ -4.0246652, 5.3294815 ], [ -4.0246375, 5.3295958 ], [ -4.0246262, 5.329678 ], [ -4.0246083, 5.3299056 ] ] } },
{ "type": "Feature", "properties": { "name": null, "name:en": null, "railway": "rail", "ele": null, "operator:type": null, "layer": null, "addr:full": null, "addr:city": null, "source": null, "name:fr": null, "osm_id": 401459334, "osm_type": "ways_line" }, "geometry": { "type": "LineString", "coordinates": [ [ -4.0248815, 5.3279151 ], [ -4.0248825, 5.327535 ] ] } },
{ "type": "Feature", "properties": { "name": null, "name:en": null, "railway": "rail", "ele": null, "operator:type": null, "layer": null, "addr:full": null, "addr:city": null, "source": null, "name:fr": null, "osm_id": 401459335, "osm_type": "ways_line" }, "geometry": { "type": "LineString", "coordinates": [ [ -4.0252801, 5.3290122 ], [ -4.0252777, 5.3286672 ] ] } },
{ "type": "Feature", "properties": { "name": null, "name:en": null, "railway": "rail", "ele": null, "operator:type": null, "layer": null, "addr:full": null, "addr:city": null, "source": null, "name:fr": null, "osm_id": 401459338, "osm_type": "ways_line" }, "geometry": { "type": "LineString", "coordinates": [ [ -4.0245592, 5.3293053 ], [ -4.0245624, 5.3290137 ] ] } },
{ "type": "Feature", "properties": { "name": null, "name:en": null, "railway": "rail", "ele": null, "operator:type": null, "layer": null, "addr:full": null, "addr:city": null, "source": null, "name:fr": null, "osm_id": 401459339, "osm_type": "ways_line" }, "geometry": { "type": "LineString", "coordinates": [ [ -4.0246449, 5.3289862 ], [ -4.0246545, 5.327499 ] ] } },
{ "type": "Feature", "properties": { "name": null, "name:en": null, "railway": "rail", "ele": null, "operator:type": null, "layer": null, "addr:full": null, "addr:city": null, "source": null, "name:fr": null, "osm_id": 401459341, "osm_type": "ways_line" }, "geometry": { "type": "LineString", "coordinates": [ [ -4.0254409, 5.3294223 ], [ -4.0254414, 5.3295408 ] ] } },
{ "type": "Feature", "properties": { "name": null, "name:en": null, "railway": "rail", "ele": null, "operator:type": null, "layer": null, "addr:full": null, "addr:city": null, "source": null, "name:fr": null, "osm_id": 401459342, "osm_type": "ways_line" }, "geometry": { "type": "LineString", "coordinates": [ [ -4.024772, 5.3289711 ], [ -4.0247682, 5.3275349 ] ] } },
{ "type": "Feature", "properties": { "name": null, "name:en": null, "railway": "rail", "ele": null, "operator:type": null, "layer": null, "addr:full": null, "addr:city": null, "source": null, "name:fr": null, "osm_id": 401459345, "osm_type": "ways_line" }, "geometry": { "type": "LineString", "coordinates": [ [ -4.025096, 5.3275352 ], [ -4.0250992, 5.3279153 ] ] } },
{ "type": "Feature", "properties": { "name": null, "name:en": null, "railway": "rail", "ele": null, "operator:type": null, "layer": null, "addr:full": null, "addr:city": null, "source": null, "name:fr": null, "osm_id": 401459349, "osm_type": "ways_line" }, "geometry": { "type": "LineString", "coordinates": [ [ -4.0246036, 5.3290137 ], [ -4.024601, 5.3293054 ] ] } },
{ "type": "Feature", "properties": { "name": null, "name:en": null, "railway": "rail", "ele": null, "operator:type": null, "layer": null, "addr:full": null, "addr:city": null, "source": null, "name:fr": null, "osm_id": 401459350, "osm_type": "ways_line" }, "geometry": { "type": "LineString", "coordinates": [ [ -4.0248251, 5.3279151 ], [ -4.0248251, 5.327535 ] ] } },
{ "type": "Feature", "properties": { "name": null, "name:en": null, "railway": "rail", "ele": null, "operator:type": null, "layer": null, "addr:full": null, "addr:city": null, "source": null, "name:fr": null, "osm_id": 401459351, "osm_type": "ways_line" }, "geometry": { "type": "LineString", "coordinates": [ [ -4.0251266, 5.3291317 ], [ -4.0251314, 5.3299373 ] ] } },
{ "type": "Feature", "properties": { "name": null, "name:en": null, "railway": "rail", "ele": null, "operator:type": null, "layer": null, "addr:full": null, "addr:city": null, "source": null, "name:fr": null, "osm_id": 401459352, "osm_type": "ways_line" }, "geometry": { "type": "LineString", "coordinates": [ [ -4.0245627, 5.3289861 ], [ -4.0245787, 5.3274989 ] ] } },
{ "type": "Feature", "properties": { "name": null, "name:en": null, "railway": "rail", "ele": null, "operator:type": null, "layer": null, "addr:full": null, "addr:city": null, "source": null, "name:fr": null, "osm_id": 401459354, "osm_type": "ways_line" }, "geometry": { "type": "LineString", "coordinates": [ [ -4.024939, 5.3291805 ], [ -4.0249438, 5.3299369 ] ] } },
{ "type": "Feature", "properties": { "name": null, "name:en": null, "railway": "rail", "ele": null, "operator:type": null, "layer": null, "addr:full": null, "addr:city": null, "source": null, "name:fr": null, "osm_id": 401459357, "osm_type": "ways_line" }, "geometry": { "type": "LineString", "coordinates": [ [ -4.0254622, 5.3277735 ], [ -4.0254641, 5.3279842 ] ] } },
{ "type": "Feature", "properties": { "name": null, "name:en": null, "railway": "rail", "ele": null, "operator:type": null, "layer": null, "addr:full": null, "addr:city": null, "source": null, "name:fr": null, "osm_id": 401459358, "osm_type": "ways_line" }, "geometry": { "type": "LineString", "coordinates": [ [ -4.0248481, 5.3291803 ], [ -4.02485, 5.3297416 ] ] } },
{ "type": "Feature", "properties": { "name": null, "name:en": null, "railway": "rail", "ele": null, "operator:type": null, "layer": null, "addr:full": null, "addr:city": null, "source": null, "name:fr": null, "osm_id": 401459360, "osm_type": "ways_line" }, "geometry": { "type": "LineString", "coordinates": [ [ -4.0246166, 5.3274989 ], [ -4.0246038, 5.3289862 ] ] } },
{ "type": "Feature", "properties": { "name": null, "name:en": null, "railway": "rail", "ele": null, "operator:type": null, "layer": null, "addr:full": null, "addr:city": null, "source": null, "name:fr": null, "osm_id": 401459362, "osm_type": "ways_line" }, "geometry": { "type": "LineString", "coordinates": [ [ -4.0251695, 5.3291317 ], [ -4.0251677, 5.3299374 ] ] } },
{ "type": "Feature", "properties": { "name": null, "name:en": null, "railway": "rail", "ele": null, "operator:type": null, "layer": null, "addr:full": null, "addr:city": null, "source": null, "name:fr": null, "osm_id": 401459363, "osm_type": "ways_line" }, "geometry": { "type": "LineString", "coordinates": [ [ -4.0254199, 5.3277737 ], [ -4.0254246, 5.3279851 ] ] } },
{ "type": "Feature", "properties": { "name": null, "name:en": null, "railway": "rail", "ele": null, "operator:type": null, "layer": null, "addr:full": null, "addr:city": null, "source": null, "name:fr": null, "osm_id": 401459369, "osm_type": "ways_line" }, "geometry": { "type": "LineString", "coordinates": [ [ -4.0251509, 5.3275353 ], [ -4.0251491, 5.3279154 ] ] } },
{ "type": "Feature", "properties": { "name": null, "name:en": null, "railway": "rail", "ele": null, "operator:type": null, "layer": null, "addr:full": null, "addr:city": null, "source": null, "name:fr": null, "osm_id": 401459375, "osm_type": "ways_line" }, "geometry": { "type": "LineString", "coordinates": [ [ -4.0248759, 5.328536 ], [ -4.0248251, 5.328256 ], [ -4.0248251, 5.3279151 ] ] } },
{ "type": "Feature", "properties": { "name": null, "name:en": null, "railway": "rail", "ele": null, "operator:type": null, "layer": null, "addr:full": null, "addr:city": null, "source": null, "name:fr": null, "osm_id": 401459377, "osm_type": "ways_line" }, "geometry": { "type": "LineString", "coordinates": [ [ -4.0251491, 5.3279154 ], [ -4.0251321, 5.3281237 ], [ -4.0250541, 5.3283091 ] ] } },
{ "type": "Feature", "properties": { "name": null, "name:en": null, "railway": "rail", "ele": null, "operator:type": null, "layer": null, "addr:full": null, "addr:city": null, "source": null, "name:fr": null, "osm_id": 401459379, "osm_type": "ways_line" }, "geometry": { "type": "LineString", "coordinates": [ [ -4.0250431, 5.3279153 ], [ -4.0250334, 5.3281247 ], [ -4.0250249, 5.3283072 ], [ -4.0249788, 5.3285621 ] ] } },
{ "type": "Feature", "properties": { "name": null, "name:en": null, "railway": "rail", "ele": null, "operator:type": null, "layer": null, "addr:full": null, "addr:city": null, "source": null, "name:fr": null, "osm_id": 401459383, "osm_type": "ways_line" }, "geometry": { "type": "LineString", "coordinates": [ [ -4.0245787, 5.3274989 ], [ -4.0245745, 5.3272907 ], [ -4.0245716, 5.3271897 ], [ -4.0245544, 5.3270592 ], [ -4.0245286, 5.3269172 ] ] } },
{ "type": "Feature", "properties": { "name": null, "name:en": null, "railway": "rail", "ele": null, "operator:type": null, "layer": null, "addr:full": null, "addr:city": null, "source": null, "name:fr": null, "osm_id": 401459385, "osm_type": "ways_line" }, "geometry": { "type": "LineString", "coordinates": [ [ -4.0248917, 5.3288326 ], [ -4.024913, 5.3287042 ], [ -4.0249281, 5.3285657 ], [ -4.0249352, 5.3284498 ], [ -4.0249379, 5.3279152 ] ] } },
{ "type": "Feature", "properties": { "name": null, "name:en": null, "railway": "rail", "ele": null, "operator:type": null, "layer": null, "addr:full": null, "addr:city": null, "source": null, "name:fr": null, "osm_id": 401459387, "osm_type": "ways_line" }, "geometry": { "type": "LineString", "coordinates": [ [ -4.0248261, 5.329006 ], [ -4.0248627, 5.328829 ], [ -4.0248769, 5.3286989 ], [ -4.0248759, 5.328536 ], [ -4.0248815, 5.3279151 ] ] } },
{ "type": "Feature", "properties": { "name": null, "name:en": null, "railway": "rail", "ele": null, "operator:type": null, "layer": null, "addr:full": null, "addr:city": null, "source": null, "name:fr": null, "osm_id": 401459390, "osm_type": "ways_line" }, "geometry": { "type": "LineString", "coordinates": [ [ -4.024601, 5.3293054 ], [ -4.0245999, 5.3295911 ], [ -4.0246083, 5.3299056 ], [ -4.0245007, 5.3311883 ], [ -4.0244874, 5.3313466 ], [ -4.0244847, 5.3313786 ], [ -4.0244801, 5.3321825 ] ] } },
{ "type": "Feature", "properties": { "name": "Chemins de fer Abidjan-Niger", "name:en": null, "railway": "rail", "ele": null, "operator:type": null, "layer": null, "addr:full": null, "addr:city": null, "source": "Perry-Castañeda LibraryMap Collection;landsat;landsat and personal knowledge", "name:fr": null, "osm_id": 404023844, "osm_type": "ways_line" }, "geometry": { "type": "LineString", "coordinates": [ [ -5.158804, 9.7445858 ], [ -5.1549162, 9.7521594 ], [ -5.1546875, 9.7525959 ], [ -5.1544327, 9.7532171 ], [ -5.1541538, 9.7539519 ], [ -5.1539338, 9.7546181 ], [ -5.1537897, 9.7551695 ] ] } },
{ "type": "Feature", "properties": { "name": "Chemins de fer Abidjan-Niger", "name:en": null, "railway": "rail", "ele": null, "operator:type": null, "layer": "1", "addr:full": null, "addr:city": null, "source": null, "name:fr": null, "osm_id": 404235972, "osm_type": "ways_line" }, "geometry": { "type": "LineString", "coordinates": [ [ -5.0684559, 10.1367365 ], [ -5.06832, 10.1369272 ] ] } },
{ "type": "Feature", "properties": { "name": "Chemins de fer Abidjan-Niger", "name:en": null, "railway": "rail", "ele": null, "operator:type": null, "layer": "1", "addr:full": null, "addr:city": null, "source": "Perry-Castañeda LibraryMap Collection;landsat;landsat and personal knowledge", "name:fr": null, "osm_id": 404023813, "osm_type": "ways_line" }, "geometry": { "type": "LineString", "coordinates": [ [ -5.153502, 9.7568201 ], [ -5.1534989, 9.7568769 ] ] } },
{ "type": "Feature", "properties": { "name": "Chemins de fer Abidjan-Niger", "name:en": null, "railway": "rail", "ele": null, "operator:type": null, "layer": null, "addr:full": null, "addr:city": null, "source": "Perry-Castañeda LibraryMap Collection;landsat;landsat and personal knowledge", "name:fr": null, "osm_id": 404023836, "osm_type": "ways_line" }, "geometry": { "type": "LineString", "coordinates": [ [ -5.1534989, 9.7568769 ], [ -5.1534507, 9.7574442 ], [ -5.1534242, 9.7580942 ], [ -5.1534282, 9.7586862 ] ] } },
{ "type": "Feature", "properties": { "name": "Chemins de fer Abidjan-Niger", "name:en": null, "railway": "rail", "ele": null, "operator:type": null, "layer": null, "addr:full": null, "addr:city": null, "source": "Perry-Castañeda LibraryMap Collection;landsat;landsat and personal knowledge", "name:fr": null, "osm_id": 404023787, "osm_type": "ways_line" }, "geometry": { "type": "LineString", "coordinates": [ [ -5.1474842, 9.694578 ], [ -5.1478318, 9.6962077 ], [ -5.1479755, 9.6967409 ], [ -5.1481563, 9.6972296 ], [ -5.1482593, 9.6974709 ], [ -5.1483414, 9.6976275 ], [ -5.1484863, 9.6979368 ], [ -5.1486941, 9.6982937 ], [ -5.1489044, 9.6986078 ], [ -5.1500568, 9.7001851 ], [ -5.153917, 9.7053962 ], [ -5.1551708, 9.7071603 ] ] } },
{ "type": "Feature", "properties": { "name": "Chemins de fer Abidjan-Niger", "name:en": null, "railway": "rail", "ele": null, "operator:type": null, "layer": "1", "addr:full": null, "addr:city": null, "source": null, "name:fr": null, "osm_id": 404235970, "osm_type": "ways_line" }, "geometry": { "type": "LineString", "coordinates": [ [ -5.1230858, 9.9865207 ], [ -5.1230678, 9.9865566 ] ] } },
{ "type": "Feature", "properties": { "name": null, "name:en": null, "railway": "rail", "ele": null, "operator:type": null, "layer": null, "addr:full": null, "addr:city": null, "source": null, "name:fr": null, "osm_id": 402608905, "osm_type": "ways_line" }, "geometry": { "type": "LineString", "coordinates": [ [ -4.2159295, 5.9282217 ], [ -4.2155753, 5.9279513 ] ] } },
{ "type": "Feature", "properties": { "name": null, "name:en": null, "railway": "rail", "ele": null, "operator:type": null, "layer": null, "addr:full": null, "addr:city": null, "source": null, "name:fr": null, "osm_id": 204431370, "osm_type": "ways_line" }, "geometry": { "type": "LineString", "coordinates": [ [ -4.3031771, 6.0712968 ], [ -4.3034116, 6.0715041 ], [ -4.3035354, 6.0716704 ] ] } },
{ "type": "Feature", "properties": { "name": "Chemins de fer Abidjan-Niger", "name:en": null, "railway": "rail", "ele": null, "operator:type": null, "layer": null, "addr:full": null, "addr:city": null, "source": null, "name:fr": null, "osm_id": 402608860, "osm_type": "ways_line" }, "geometry": { "type": "LineString", "coordinates": [ [ -4.2186747, 5.9311669 ], [ -4.2185411, 5.9308859 ], [ -4.218253, 5.9300817 ], [ -4.2182132, 5.9299709 ], [ -4.2181294, 5.9297867 ], [ -4.2180156, 5.9296082 ], [ -4.2179131, 5.9294715 ], [ -4.2177702, 5.9293407 ], [ -4.2176058, 5.9292261 ], [ -4.2172873, 5.9290328 ], [ -4.2171716, 5.928956 ], [ -4.2145651, 5.9272748 ], [ -4.2144111, 5.9271755 ], [ -4.2143016, 5.9270781 ] ] } },
{ "type": "Feature", "properties": { "name": null, "name:en": null, "railway": "rail", "ele": null, "operator:type": null, "layer": null, "addr:full": null, "addr:city": null, "source": null, "name:fr": null, "osm_id": 402608904, "osm_type": "ways_line" }, "geometry": { "type": "LineString", "coordinates": [ [ -4.2182132, 5.9299709 ], [ -4.2181093, 5.9297974 ], [ -4.2179886, 5.92962 ], [ -4.2178937, 5.9294862 ], [ -4.2177523, 5.9293609 ], [ -4.2175909, 5.9292487 ], [ -4.2172781, 5.9290483 ], [ -4.2155753, 5.9279513 ], [ -4.2145749, 5.9273083 ], [ -4.2144111, 5.9271755 ] ] } },
{ "type": "Feature", "properties": { "name": "Chemins de fer Abidjan-Niger", "name:en": null, "railway": "rail", "ele": null, "operator:type": null, "layer": null, "addr:full": null, "addr:city": null, "source": null, "name:fr": null, "osm_id": 402689675, "osm_type": "ways_line" }, "geometry": { "type": "LineString", "coordinates": [ [ -4.6235876, 6.4901689 ], [ -4.6232077, 6.4925996 ], [ -4.6230695, 6.4934955 ], [ -4.6223611, 6.4981869 ] ] } },
{ "type": "Feature", "properties": { "name": null, "name:en": null, "railway": "rail", "ele": null, "operator:type": null, "layer": null, "addr:full": null, "addr:city": null, "source": null, "name:fr": null, "osm_id": 395916235, "osm_type": "ways_line" }, "geometry": { "type": "LineString", "coordinates": [ [ -4.0256954, 5.3277723 ], [ -4.0256917, 5.3275198 ], [ -4.0256569, 5.3273803 ], [ -4.0255845, 5.3272417 ], [ -4.0254716, 5.3270891 ], [ -4.0253343, 5.3269758 ], [ -4.024984, 5.3267732 ], [ -4.0248173, 5.3266584 ] ] } },
{ "type": "Feature", "properties": { "name": null, "name:en": null, "railway": "rail", "ele": null, "operator:type": null, "layer": null, "addr:full": null, "addr:city": null, "source": null, "name:fr": null, "osm_id": 30669687, "osm_type": "ways_line" }, "geometry": { "type": "LineString", "coordinates": [ [ -4.0244576, 5.3259741 ], [ -4.0244941, 5.3261503 ], [ -4.0245228, 5.3262713 ], [ -4.0245599, 5.3263513 ], [ -4.0246472, 5.326479 ], [ -4.0247377, 5.3265871 ], [ -4.0248527, 5.3267577 ], [ -4.0249397, 5.3269156 ], [ -4.0249986, 5.3270245 ], [ -4.0250353, 5.3271115 ], [ -4.0250626, 5.3272096 ], [ -4.025087, 5.3273494 ], [ -4.025096, 5.3275352 ] ] } },
{ "type": "Feature", "properties": { "name": null, "name:en": null, "railway": "rail", "ele": null, "operator:type": null, "layer": null, "addr:full": null, "addr:city": null, "source": null, "name:fr": null, "osm_id": 395952387, "osm_type": "ways_line" }, "geometry": { "type": "LineString", "coordinates": [ [ -4.0254414, 5.3295408 ], [ -4.0254423, 5.3296916 ], [ -4.0254356, 5.3298421 ], [ -4.0254136, 5.3299917 ], [ -4.0253868, 5.3300832 ], [ -4.0253361, 5.3301889 ], [ -4.0252605, 5.330288 ], [ -4.025186, 5.3303719 ], [ -4.0250567, 5.3304966 ], [ -4.0248861, 5.3306415 ] ] } },
{ "type": "Feature", "properties": { "name": null, "name:en": null, "railway": "rail", "ele": null, "operator:type": null, "layer": null, "addr:full": null, "addr:city": null, "source": null, "name:fr": null, "osm_id": 395952388, "osm_type": "ways_line" }, "geometry": { "type": "LineString", "coordinates": [ [ -4.0244874, 5.3313466 ], [ -4.0245161, 5.3312302 ], [ -4.0245611, 5.3311312 ], [ -4.0246357, 5.3309959 ], [ -4.0246998, 5.330892 ], [ -4.024828, 5.3307196 ], [ -4.0248861, 5.3306415 ], [ -4.0250471, 5.3304252 ], [ -4.0251227, 5.3303147 ], [ -4.0251648, 5.330227 ], [ -4.0251974, 5.3301203 ], [ -4.0252203, 5.330025 ], [ -4.0252347, 5.3299376 ] ] } },
{ "type": "Feature", "properties": { "name": null, "name:en": null, "railway": "rail", "ele": null, "operator:type": null, "layer": null, "addr:full": null, "addr:city": null, "source": null, "name:fr": null, "osm_id": 395916221, "osm_type": "ways_line" }, "geometry": { "type": "LineString", "coordinates": [ [ -4.0244287, 5.3305657 ], [ -4.0244179, 5.3291343 ], [ -4.0243878, 5.3289451 ], [ -4.0243578, 5.3285931 ], [ -4.024357, 5.3279801 ], [ -4.0243564, 5.3274784 ], [ -4.0243697, 5.3273307 ], [ -4.0243821, 5.3271897 ], [ -4.0244, 5.3270675 ], [ -4.0244204, 5.3269401 ], [ -4.0244462, 5.3267345 ], [ -4.0244538, 5.326647 ] ] } },
{ "type": "Feature", "properties": { "name": null, "name:en": null, "railway": "rail", "ele": null, "operator:type": null, "layer": null, "addr:full": null, "addr:city": null, "source": null, "name:fr": null, "osm_id": 30669688, "osm_type": "ways_line" }, "geometry": { "type": "LineString", "coordinates": [ [ -4.0206461, 5.308509 ], [ -4.0208278, 5.3085049 ], [ -4.0210075, 5.3084795 ], [ -4.0211337, 5.3084466 ], [ -4.0212455, 5.3083989 ], [ -4.0213676, 5.3083391 ], [ -4.0214813, 5.3082556 ], [ -4.0216199, 5.3081225 ], [ -4.0216875, 5.3080555 ], [ -4.022257, 5.3074916 ], [ -4.0227878, 5.3066534 ], [ -4.0234666, 5.3060027 ] ] } },
{ "type": "Feature", "properties": { "name": null, "name:en": null, "railway": "rail", "ele": null, "operator:type": null, "layer": null, "addr:full": null, "addr:city": null, "source": null, "name:fr": null, "osm_id": 401459355, "osm_type": "ways_line" }, "geometry": { "type": "LineString", "coordinates": [ [ -4.0250334, 5.3275352 ], [ -4.0250431, 5.3279153 ] ] } },
{ "type": "Feature", "properties": { "name": null, "name:en": null, "railway": "rail", "ele": null, "operator:type": null, "layer": null, "addr:full": null, "addr:city": null, "source": null, "name:fr": null, "osm_id": 401459361, "osm_type": "ways_line" }, "geometry": { "type": "LineString", "coordinates": [ [ -4.0244823, 5.3281518 ], [ -4.0244803, 5.3274988 ] ] } },
{ "type": "Feature", "properties": { "name": null, "name:en": null, "railway": "rail", "ele": null, "operator:type": null, "layer": null, "addr:full": null, "addr:city": null, "source": null, "name:fr": null, "osm_id": 395952386, "osm_type": "ways_line" }, "geometry": { "type": "LineString", "coordinates": [ [ -4.02485, 5.3297416 ], [ -4.024851, 5.3301032 ], [ -4.0248481, 5.3301899 ], [ -4.0248424, 5.3302766 ], [ -4.0248347, 5.3303623 ], [ -4.0248031, 5.33051 ], [ -4.0247295, 5.330731 ], [ -4.0246625, 5.3308911 ], [ -4.0245611, 5.3311312 ] ] } },
{ "type": "Feature", "properties": { "name": null, "name:en": null, "railway": "rail", "ele": null, "operator:type": null, "layer": null, "addr:full": null, "addr:city": null, "source": null, "name:fr": null, "osm_id": 395916226, "osm_type": "ways_line" }, "geometry": { "type": "LineString", "coordinates": [ [ -4.0244426, 5.3274987 ], [ -4.0244414, 5.3270678 ], [ -4.0244556, 5.3268278 ] ] } },
{ "type": "Feature", "properties": { "name": null, "name:en": null, "railway": "rail", "ele": null, "operator:type": null, "layer": null, "addr:full": null, "addr:city": null, "source": null, "name:fr": null, "osm_id": 401459348, "osm_type": "ways_line" }, "geometry": { "type": "LineString", "coordinates": [ [ -4.0254398, 5.3291322 ], [ -4.0254401, 5.3291945 ] ] } },
{ "type": "Feature", "properties": { "name": null, "name:en": null, "railway": "rail", "ele": null, "operator:type": null, "layer": null, "addr:full": null, "addr:city": null, "source": null, "name:fr": null, "osm_id": 401459336, "osm_type": "ways_line" }, "geometry": { "type": "LineString", "coordinates": [ [ -4.0246447, 5.3290138 ], [ -4.0246449, 5.3289862 ] ] } },
{ "type": "Feature", "properties": { "name": "Chemins de fer Abidjan-Niger", "name:en": null, "railway": "rail", "ele": null, "operator:type": null, "layer": "1", "addr:full": null, "addr:city": null, "source": null, "name:fr": null, "osm_id": 30672414, "osm_type": "ways_line" }, "geometry": { "type": "LineString", "coordinates": [ [ -4.028034, 5.3292119 ], [ -4.0281279, 5.3294597 ] ] } },
{ "type": "Feature", "properties": { "name": "Chemins de fer Abidjan-Niger", "name:en": null, "railway": "rail", "ele": null, "operator:type": null, "layer": null, "addr:full": null, "addr:city": null, "source": null, "name:fr": null, "osm_id": 402689672, "osm_type": "ways_line" }, "geometry": { "type": "LineString", "coordinates": [ [ -4.7055371, 6.6378817 ], [ -4.7050498, 6.6387168 ] ] } },
{ "type": "Feature", "properties": { "name": null, "name:en": null, "railway": "rail", "ele": null, "operator:type": null, "layer": null, "addr:full": null, "addr:city": null, "source": null, "name:fr": null, "osm_id": 395916231, "osm_type": "ways_line" }, "geometry": { "type": "LineString", "coordinates": [ [ -4.0246375, 5.3295958 ], [ -4.0246428, 5.3293054 ] ] } },
{ "type": "Feature", "properties": { "name": null, "name:en": null, "railway": "rail", "ele": null, "operator:type": null, "layer": null, "addr:full": null, "addr:city": null, "source": null, "name:fr": null, "osm_id": 342814494, "osm_type": "ways_line" }, "geometry": { "type": "LineString", "coordinates": [ [ -3.9906268, 5.2655759 ], [ -3.9907998, 5.2656281 ], [ -3.9909072, 5.2656523 ], [ -3.9910103, 5.2656666 ], [ -3.9910977, 5.2656708 ], [ -3.9911662, 5.2656675 ], [ -3.9912795, 5.2656566 ], [ -3.9923121, 5.265484 ] ] } },
{ "type": "Feature", "properties": { "name": null, "name:en": null, "railway": "rail", "ele": null, "operator:type": null, "layer": null, "addr:full": null, "addr:city": null, "source": null, "name:fr": null, "osm_id": 247573190, "osm_type": "ways_line" }, "geometry": { "type": "LineString", "coordinates": [ [ -5.0342397, 7.684498 ], [ -5.0339679, 7.6845056 ] ] } },
{ "type": "Feature", "properties": { "name": "Chemins de fer Abidjan-Niger", "name:en": null, "railway": "rail", "ele": null, "operator:type": null, "layer": null, "addr:full": null, "addr:city": null, "source": null, "name:fr": null, "osm_id": 402981128, "osm_type": "ways_line" }, "geometry": { "type": "LineString", "coordinates": [ [ -4.819897, 7.2760572 ], [ -4.8205209, 7.2765959 ] ] } },
{ "type": "Feature", "properties": { "name": null, "name:en": null, "railway": "rail", "ele": null, "operator:type": null, "layer": null, "addr:full": null, "addr:city": null, "source": null, "name:fr": null, "osm_id": 334753564, "osm_type": "ways_line" }, "geometry": { "type": "LineString", "coordinates": [ [ -4.0131307, 5.298969 ], [ -4.0130214, 5.2988118 ], [ -4.0127397, 5.2985168 ], [ -4.011523, 5.2974214 ] ] } },
{ "type": "Feature", "properties": { "name": null, "name:en": null, "railway": "rail", "ele": null, "operator:type": null, "layer": null, "addr:full": null, "addr:city": null, "source": null, "name:fr": null, "osm_id": 341410348, "osm_type": "ways_line" }, "geometry": { "type": "LineString", "coordinates": [ [ -4.0149548, 5.2621452 ], [ -4.0151603, 5.2623872 ], [ -4.015231, 5.2625149 ], [ -4.0152907, 5.2626843 ], [ -4.0153261, 5.2628472 ], [ -4.0153349, 5.2630034 ], [ -4.0153301, 5.263126 ], [ -4.0152907, 5.2632763 ], [ -4.0152487, 5.2634083 ], [ -4.0151714, 5.2635403 ], [ -4.0150962, 5.2636548 ], [ -4.0149617, 5.2638126 ], [ -4.0143969, 5.2644536 ], [ -4.0138521, 5.2650719 ] ] } },
{ "type": "Feature", "properties": { "name": null, "name:en": null, "railway": "rail", "ele": null, "operator:type": null, "layer": null, "addr:full": null, "addr:city": null, "source": null, "name:fr": null, "osm_id": 341410350, "osm_type": "ways_line" }, "geometry": { "type": "LineString", "coordinates": [ [ -4.0124476, 5.2613977 ], [ -4.0122742, 5.2616611 ], [ -4.011388, 5.2626513 ] ] } },
{ "type": "Feature", "properties": { "name": null, "name:en": null, "railway": "rail", "ele": null, "operator:type": null, "layer": null, "addr:full": null, "addr:city": null, "source": null, "name:fr": null, "osm_id": 342814491, "osm_type": "ways_line" }, "geometry": { "type": "LineString", "coordinates": [ [ -3.9913543, 5.2660273 ], [ -3.9916601, 5.2662371 ], [ -3.9926566, 5.2671285 ], [ -3.9927174, 5.267187 ], [ -3.9929381, 5.2674633 ] ] } },
{ "type": "Feature", "properties": { "name": "Chemins de fer Abidjan-Niger", "name:en": null, "railway": "rail", "ele": null, "operator:type": null, "layer": "1", "addr:full": null, "addr:city": null, "source": null, "name:fr": null, "osm_id": 395988807, "osm_type": "ways_line" }, "geometry": { "type": "LineString", "coordinates": [ [ -4.0192865, 5.3103286 ], [ -4.0194185, 5.3139225 ] ] } },
{ "type": "Feature", "properties": { "name": null, "name:en": null, "railway": "rail", "ele": null, "operator:type": null, "layer": null, "addr:full": null, "addr:city": null, "source": null, "name:fr": null, "osm_id": 342814492, "osm_type": "ways_line" }, "geometry": { "type": "LineString", "coordinates": [ [ -3.9944066, 5.2688411 ], [ -3.9941291, 5.2685221 ], [ -3.9929381, 5.2674633 ], [ -3.9926242, 5.2671588 ], [ -3.9913543, 5.2660273 ], [ -3.9911052, 5.265854 ] ] } },
{ "type": "Feature", "properties": { "name": null, "name:en": null, "railway": "rail", "ele": null, "operator:type": null, "layer": "1", "addr:full": null, "addr:city": null, "source": null, "name:fr": null, "osm_id": 30672412, "osm_type": "ways_line" }, "geometry": { "type": "LineString", "coordinates": [ [ -4.0192414, 5.3103302 ], [ -4.0193734, 5.3139241 ] ] } },
{ "type": "Feature", "properties": { "name": "Chemins de fer Abidjan-Niger", "name:en": null, "railway": "rail", "ele": null, "operator:type": null, "layer": null, "addr:full": null, "addr:city": null, "source": null, "name:fr": null, "osm_id": 402543292, "osm_type": "ways_line" }, "geometry": { "type": "LineString", "coordinates": [ [ -4.1425841, 5.8005351 ], [ -4.142324, 5.8000334 ], [ -4.1418222, 5.7992423 ], [ -4.1411411, 5.7981682 ], [ -4.1407254, 5.7976211 ] ] } },
{ "type": "Feature", "properties": { "name": "Chemins de fer Abidjan-Niger", "name:en": null, "railway": "rail", "ele": null, "operator:type": null, "layer": null, "addr:full": null, "addr:city": null, "source": null, "name:fr": null, "osm_id": 402543286, "osm_type": "ways_line" }, "geometry": { "type": "LineString", "coordinates": [ [ -4.1403246, 5.7970695 ], [ -4.1417445, 5.7992984 ], [ -4.1427476, 5.800873 ] ] } },
{ "type": "Feature", "properties": { "name": null, "name:en": null, "railway": "rail", "ele": null, "operator:type": null, "layer": null, "addr:full": null, "addr:city": null, "source": null, "name:fr": null, "osm_id": 396000413, "osm_type": "ways_line" }, "geometry": { "type": "LineString", "coordinates": [ [ -4.0139549, 5.2999963 ], [ -4.01406, 5.3002136 ], [ -4.0141609, 5.3004223 ] ] } },
{ "type": "Feature", "properties": { "name": null, "name:en": null, "railway": "rail", "ele": null, "operator:type": null, "layer": null, "addr:full": null, "addr:city": null, "source": null, "name:fr": null, "osm_id": 396000414, "osm_type": "ways_line" }, "geometry": { "type": "LineString", "coordinates": [ [ -4.0139052, 5.3000308 ], [ -4.01406, 5.3002136 ], [ -4.014213, 5.3003943 ] ] } },
{ "type": "Feature", "properties": { "name": null, "name:en": null, "railway": "rail", "ele": null, "operator:type": null, "layer": null, "addr:full": null, "addr:city": null, "source": null, "name:fr": null, "osm_id": 334734914, "osm_type": "ways_line" }, "geometry": { "type": "LineString", "coordinates": [ [ -4.0169775, 5.3030944 ], [ -4.0161066, 5.3020851 ], [ -4.013682, 5.2992543 ] ] } },
{ "type": "Feature", "properties": { "name": null, "name:en": null, "railway": "rail", "ele": null, "operator:type": null, "layer": null, "addr:full": null, "addr:city": null, "source": null, "name:fr": null, "osm_id": 334734916, "osm_type": "ways_line" }, "geometry": { "type": "LineString", "coordinates": [ [ -4.0166448, 5.3025769 ], [ -4.0161788, 5.3020277 ], [ -4.0133371, 5.2987344 ] ] } },
{ "type": "Feature", "properties": { "name": null, "name:en": null, "railway": "rail", "ele": null, "operator:type": null, "layer": null, "addr:full": null, "addr:city": null, "source": null, "name:fr": null, "osm_id": 334734922, "osm_type": "ways_line" }, "geometry": { "type": "LineString", "coordinates": [ [ -4.0128733, 5.2981613 ], [ -4.0135609, 5.298771 ], [ -4.0162804, 5.301948 ], [ -4.0165192, 5.3022486 ], [ -4.0166911, 5.302497 ], [ -4.0180898, 5.3047146 ], [ -4.0184785, 5.305572 ] ] } },
{ "type": "Feature", "properties": { "name": null, "name:en": null, "railway": "rail", "ele": null, "operator:type": null, "layer": null, "addr:full": null, "addr:city": null, "source": null, "name:fr": null, "osm_id": 334753537, "osm_type": "ways_line" }, "geometry": { "type": "LineString", "coordinates": [ [ -4.0128393, 5.2987707 ], [ -4.0123244, 5.2983354 ], [ -4.0113894, 5.2975253 ] ] } },
{ "type": "Feature", "properties": { "name": null, "name:en": null, "railway": "rail", "ele": null, "operator:type": null, "layer": null, "addr:full": null, "addr:city": null, "source": null, "name:fr": null, "osm_id": 334753538, "osm_type": "ways_line" }, "geometry": { "type": "LineString", "coordinates": [ [ -4.0112024, 5.2975568 ], [ -4.0118533, 5.2981154 ], [ -4.0120057, 5.298245 ] ] } },
{ "type": "Feature", "properties": { "name": "Chemins de fer Abidjan-Niger", "name:en": null, "railway": "rail", "ele": null, "operator:type": null, "layer": null, "addr:full": null, "addr:city": null, "source": null, "name:fr": null, "osm_id": 290983390, "osm_type": "ways_line" }, "geometry": { "type": "LineString", "coordinates": [ [ -4.8930116, 7.3972053 ], [ -4.8938218, 7.4010971 ], [ -4.8966402, 7.4152514 ], [ -4.8983731, 7.4239938 ], [ -4.8985265, 7.4248184 ], [ -4.8985855, 7.4253291 ], [ -4.8986283, 7.4258962 ], [ -4.8986177, 7.4264222 ], [ -4.8985882, 7.4269568 ], [ -4.8979485, 7.4323478 ], [ -4.8975395, 7.4359918 ], [ -4.8975052, 7.4368284 ], [ -4.8975059, 7.4377096 ], [ -4.8985339, 7.455396 ], [ -4.8986055, 7.4560311 ], [ -4.8987416, 7.4567054 ], [ -4.8988979, 7.457313 ], [ -4.899201, 7.4580657 ], [ -4.8996122, 7.4588259 ], [ -4.9102558, 7.4757427 ], [ -4.9105413, 7.4761633 ], [ -4.9108712, 7.4765622 ], [ -4.9112002, 7.4768984 ], [ -4.9116062, 7.4772404 ], [ -4.9120628, 7.4775659 ], [ -4.9126938, 7.4779183 ], [ -4.9171027, 7.4802548 ], [ -4.9217624, 7.4827261 ], [ -4.9224342, 7.4831096 ], [ -4.923019, 7.4835059 ], [ -4.9236332, 7.4840421 ], [ -4.9240597, 7.4844872 ], [ -4.9245292, 7.4850864 ], [ -4.9270483, 7.4886842 ], [ -4.9274151, 7.4892713 ], [ -4.9277102, 7.4898431 ], [ -4.9279587, 7.4904688 ], [ -4.9281527, 7.4911541 ], [ -4.9282763, 7.4917865 ], [ -4.9283512, 7.4924439 ], [ -4.9283646, 7.4930981 ], [ -4.9283006, 7.49382 ], [ -4.9263631, 7.5062094 ], [ -4.9262859, 7.5068199 ], [ -4.9262432, 7.5076079 ], [ -4.9262483, 7.5082851 ], [ -4.926322, 7.5091343 ], [ -4.9264334, 7.5098434 ], [ -4.9265807, 7.5105205 ], [ -4.9267848, 7.5112102 ], [ -4.926994, 7.5117846 ], [ -4.9272081, 7.5122952 ], [ -4.9291543, 7.5163717 ], [ -4.9295491, 7.5171193 ], [ -4.9299364, 7.517688 ], [ -4.9303791, 7.5182498 ], [ -4.9394173, 7.5282203 ], [ -4.9401502, 7.528944 ], [ -4.9408771, 7.5295684 ], [ -4.9477619, 7.5351206 ], [ -4.9482934, 7.5355678 ], [ -4.9487092, 7.5359985 ], [ -4.9490603, 7.5364573 ], [ -4.9493583, 7.5369638 ], [ -4.9496364, 7.5376027 ], [ -4.9498142, 7.5381949 ], [ -4.949923, 7.5387204 ], [ -4.9499671, 7.5391867 ], [ -4.9499671, 7.5397451 ], [ -4.949911, 7.5404293 ], [ -4.9494686, 7.5448784 ], [ -4.9494352, 7.5456349 ], [ -4.949454, 7.5461564 ], [ -4.9495541, 7.5467755 ], [ -4.9497012, 7.5474425 ], [ -4.9498732, 7.5480465 ], [ -4.9501379, 7.5486928 ], [ -4.9510494, 7.5508712 ], [ -4.9515174, 7.5519099 ], [ -4.9518988, 7.5526796 ], [ -4.952306, 7.5532899 ], [ -4.9527856, 7.5538491 ], [ -4.9532019, 7.554279 ], [ -4.9572792, 7.5581624 ], [ -4.9580647, 7.5589189 ], [ -4.958408, 7.5592884 ], [ -4.9587394, 7.5597049 ], [ -4.9589767, 7.5600648 ], [ -4.9591696, 7.5604327 ], [ -4.9593736, 7.5608705 ], [ -4.959556, 7.5613677 ], [ -4.9596606, 7.561833 ], [ -4.9597612, 7.5624007 ], [ -4.959984, 7.5638956 ], [ -4.9601238, 7.5648144 ], [ -4.9602641, 7.5654065 ], [ -4.9604676, 7.5660928 ], [ -4.9609347, 7.5672119 ] ] } },
{ "type": "Feature", "properties": { "name": null, "name:en": null, "railway": "rail", "ele": null, "operator:type": null, "layer": null, "addr:full": null, "addr:city": null, "source": null, "name:fr": null, "osm_id": 401459340, "osm_type": "ways_line" }, "geometry": { "type": "LineString", "coordinates": [ [ -4.025702, 5.3279795 ], [ -4.0256954, 5.3277723 ] ] } },
{ "type": "Feature", "properties": { "name": null, "name:en": null, "railway": "rail", "ele": null, "operator:type": null, "layer": null, "addr:full": null, "addr:city": null, "source": null, "name:fr": null, "osm_id": 395916228, "osm_type": "ways_line" }, "geometry": { "type": "LineString", "coordinates": [ [ -4.0244803, 5.3274988 ], [ -4.024475, 5.3270659 ], [ -4.0244556, 5.3268278 ], [ -4.0244462, 5.3267345 ] ] } },
{ "type": "Feature", "properties": { "name": null, "name:en": null, "railway": "rail", "ele": null, "operator:type": null, "layer": null, "addr:full": null, "addr:city": null, "source": null, "name:fr": null, "osm_id": 395916220, "osm_type": "ways_line" }, "geometry": { "type": "LineString", "coordinates": [ [ -4.0249399, 5.3275351 ], [ -4.0249333, 5.327373 ], [ -4.0249088, 5.3272523 ], [ -4.024859, 5.3271193 ], [ -4.024764, 5.3269592 ], [ -4.024683, 5.3268516 ] ] } },
{ "type": "Feature", "properties": { "name": null, "name:en": null, "railway": "rail", "ele": null, "operator:type": null, "layer": null, "addr:full": null, "addr:city": null, "source": null, "name:fr": null, "osm_id": 395916219, "osm_type": "ways_line" }, "geometry": { "type": "LineString", "coordinates": [ [ -4.0249397, 5.3269156 ], [ -4.0249751, 5.3270329 ], [ -4.0250033, 5.3271228 ], [ -4.0250259, 5.3272164 ], [ -4.0250343, 5.3273559 ], [ -4.0250334, 5.3275352 ] ] } },
{ "type": "Feature", "properties": { "name": null, "name:en": null, "railway": "rail", "ele": null, "operator:type": null, "layer": null, "addr:full": null, "addr:city": null, "source": null, "name:fr": null, "osm_id": 401459346, "osm_type": "ways_line" }, "geometry": { "type": "LineString", "coordinates": [ [ -4.0249945, 5.3291806 ], [ -4.0249945, 5.329937 ] ] } },
{ "type": "Feature", "properties": { "name": null, "name:en": null, "railway": "rail", "ele": null, "operator:type": null, "layer": null, "addr:full": null, "addr:city": null, "source": null, "name:fr": null, "osm_id": 401459364, "osm_type": "ways_line" }, "geometry": { "type": "LineString", "coordinates": [ [ -4.0249379, 5.3279152 ], [ -4.0249399, 5.3275351 ] ] } },
{ "type": "Feature", "properties": { "name": null, "name:en": null, "railway": "rail", "ele": null, "operator:type": null, "layer": null, "addr:full": null, "addr:city": null, "source": null, "name:fr": null, "osm_id": 401459356, "osm_type": "ways_line" }, "geometry": { "type": "LineString", "coordinates": [ [ -4.0249387, 5.3291314 ], [ -4.024939, 5.3291805 ] ] } },
{ "type": "Feature", "properties": { "name": "Chemins de fer Abidjan-Niger", "name:en": null, "railway": "rail", "ele": null, "operator:type": null, "layer": null, "addr:full": null, "addr:city": null, "source": null, "name:fr": null, "osm_id": 402626107, "osm_type": "ways_line" }, "geometry": { "type": "LineString", "coordinates": [ [ -4.5224962, 6.3163409 ], [ -4.5249913, 6.317476 ], [ -4.5285876, 6.3190947 ], [ -4.5292957, 6.3193399 ] ] } },
{ "type": "Feature", "properties": { "name": "Chemins de fer Abidjan-Niger", "name:en": null, "railway": "rail", "ele": null, "operator:type": null, "layer": null, "addr:full": null, "addr:city": null, "source": null, "name:fr": null, "osm_id": 402689664, "osm_type": "ways_line" }, "geometry": { "type": "LineString", "coordinates": [ [ -4.703582, 6.6431016 ], [ -4.7032617, 6.6428624 ] ] } },
{ "type": "Feature", "properties": { "name": null, "name:en": null, "railway": "rail", "ele": null, "operator:type": null, "layer": null, "addr:full": null, "addr:city": null, "source": null, "name:fr": null, "osm_id": 342814489, "osm_type": "ways_line" }, "geometry": { "type": "LineString", "coordinates": [ [ -3.9905027, 5.2655131 ], [ -3.9903231, 5.26542 ], [ -3.9900912, 5.2652549 ], [ -3.9897308, 5.2649309 ], [ -3.9896213, 5.2647971 ], [ -3.9895402, 5.2646518 ], [ -3.9894957, 5.2645369 ], [ -3.9894533, 5.2643824 ], [ -3.9883047, 5.25726 ], [ -3.9882933, 5.2571685 ], [ -3.9882658, 5.2570361 ], [ -3.9882787, 5.2568439 ], [ -3.9883181, 5.2566603 ], [ -3.9883774, 5.2564901 ], [ -3.988465, 5.2563267 ], [ -3.9885961, 5.2561699 ], [ -3.9887464, 5.2560382 ], [ -3.9889177, 5.2559501 ], [ -3.9891707, 5.2558699 ] ] } },
{ "type": "Feature", "properties": { "name": null, "name:en": null, "railway": "rail", "ele": null, "operator:type": null, "layer": null, "addr:full": null, "addr:city": null, "source": null, "name:fr": null, "osm_id": 334734906, "osm_type": "ways_line" }, "geometry": { "type": "LineString", "coordinates": [ [ -4.0185269, 5.305648 ], [ -4.0184785, 5.305572 ], [ -4.0183958, 5.3054424 ], [ -4.0182185, 5.3051643 ], [ -4.0179708, 5.3048742 ], [ -4.0162125, 5.3028163 ], [ -4.015069, 5.3014987 ] ] } },
{ "type": "Feature", "properties": { "name": null, "name:en": null, "railway": "rail", "ele": null, "operator:type": null, "layer": null, "addr:full": null, "addr:city": null, "source": null, "name:fr": null, "osm_id": 334753524, "osm_type": "ways_line" }, "geometry": { "type": "LineString", "coordinates": [ [ -4.0161324, 5.3031113 ], [ -4.0159018, 5.3029223 ] ] } },
{ "type": "Feature", "properties": { "name": null, "name:en": null, "railway": "rail", "ele": null, "operator:type": null, "layer": null, "addr:full": null, "addr:city": null, "source": null, "name:fr": null, "osm_id": 334753526, "osm_type": "ways_line" }, "geometry": { "type": "LineString", "coordinates": [ [ -4.0160255, 5.303121 ], [ -4.0161518, 5.3032108 ] ] } },
{ "type": "Feature", "properties": { "name": null, "name:en": null, "railway": "rail", "ele": null, "operator:type": null, "layer": null, "addr:full": null, "addr:city": null, "source": "yahoo", "name:fr": null, "osm_id": 334734910, "osm_type": "ways_line" }, "geometry": { "type": "LineString", "coordinates": [ [ -4.0149181, 5.2996872 ], [ -4.0151732, 5.3000119 ], [ -4.0165768, 5.3016169 ] ] } },
{ "type": "Feature", "properties": { "name": null, "name:en": null, "railway": "rail", "ele": null, "operator:type": null, "layer": null, "addr:full": null, "addr:city": null, "source": null, "name:fr": null, "osm_id": 334734908, "osm_type": "ways_line" }, "geometry": { "type": "LineString", "coordinates": [ [ -4.0134617, 5.2993328 ], [ -4.0133007, 5.2991383 ], [ -4.0131307, 5.298969 ], [ -4.0129413, 5.2988312 ], [ -4.0128393, 5.2987707 ], [ -4.0124297, 5.2984998 ], [ -4.012101, 5.2982822 ] ] } },
{ "type": "Feature", "properties": { "name": null, "name:en": null, "railway": "rail", "ele": null, "operator:type": null, "layer": null, "addr:full": null, "addr:city": null, "source": null, "name:fr": null, "osm_id": 334753528, "osm_type": "ways_line" }, "geometry": { "type": "LineString", "coordinates": [ [ -4.0124297, 5.2984998 ], [ -4.011336, 5.2975423 ] ] } },
{ "type": "Feature", "properties": { "name": null, "name:en": null, "railway": "rail", "ele": null, "operator:type": null, "layer": null, "addr:full": null, "addr:city": null, "source": null, "name:fr": null, "osm_id": 334753540, "osm_type": "ways_line" }, "geometry": { "type": "LineString", "coordinates": [ [ -4.0113068, 5.2979775 ], [ -4.0111441, 5.2978591 ], [ -4.0107612, 5.2975476 ] ] } },
{ "type": "Feature", "properties": { "name": null, "name:en": null, "railway": "rail", "ele": null, "operator:type": null, "layer": null, "addr:full": null, "addr:city": null, "source": null, "name:fr": null, "osm_id": 334753532, "osm_type": "ways_line" }, "geometry": { "type": "LineString", "coordinates": [ [ -4.0118533, 5.2981154 ], [ -4.011251, 5.2977357 ], [ -4.011064, 5.297581 ] ] } },
{ "type": "Feature", "properties": { "name": null, "name:en": null, "railway": "rail", "ele": null, "operator:type": null, "layer": null, "addr:full": null, "addr:city": null, "source": null, "name:fr": null, "osm_id": 334753522, "osm_type": "ways_line" }, "geometry": { "type": "LineString", "coordinates": [ [ -4.012101, 5.2982822 ], [ -4.0113166, 5.2975713 ] ] } },
{ "type": "Feature", "properties": { "name": null, "name:en": null, "railway": "rail", "ele": null, "operator:type": null, "layer": null, "addr:full": null, "addr:city": null, "source": null, "name:fr": null, "osm_id": 334734903, "osm_type": "ways_line" }, "geometry": { "type": "LineString", "coordinates": [ [ -4.0166302, 5.3015782 ], [ -4.0152192, 5.2999943 ], [ -4.0149181, 5.2996872 ], [ -4.0141215, 5.2990246 ], [ -4.0136181, 5.2986586 ], [ -4.0132535, 5.298412 ], [ -4.0128733, 5.2981613 ] ] } },
{ "type": "Feature", "properties": { "name": null, "name:en": null, "railway": "rail", "ele": null, "operator:type": null, "layer": null, "addr:full": null, "addr:city": null, "source": null, "name:fr": null, "osm_id": 334734923, "osm_type": "ways_line" }, "geometry": { "type": "LineString", "coordinates": [ [ -4.0147772, 5.3011042 ], [ -4.0143425, 5.300594 ] ] } },
{ "type": "Feature", "properties": { "name": null, "name:en": null, "railway": "rail", "ele": null, "operator:type": null, "layer": null, "addr:full": null, "addr:city": null, "source": null, "name:fr": null, "osm_id": 334753565, "osm_type": "ways_line" }, "geometry": { "type": "LineString", "coordinates": [ [ -4.0117416, 5.298142 ], [ -4.0115497, 5.2980356 ], [ -4.0113748, 5.2979171 ], [ -4.0112121, 5.2977986 ], [ -4.0108169, 5.2974859 ] ] } },
{ "type": "Feature", "properties": { "name": null, "name:en": null, "railway": "rail", "ele": null, "operator:type": null, "layer": null, "addr:full": null, "addr:city": null, "source": null, "name:fr": null, "osm_id": 396000409, "osm_type": "ways_line" }, "geometry": { "type": "LineString", "coordinates": [ [ -4.0138423, 5.2998226 ], [ -4.0136177, 5.2995815 ] ] } },
{ "type": "Feature", "properties": { "name": null, "name:en": null, "railway": "rail", "ele": null, "operator:type": null, "layer": null, "addr:full": null, "addr:city": null, "source": null, "name:fr": null, "osm_id": 334734904, "osm_type": "ways_line" }, "geometry": { "type": "LineString", "coordinates": [ [ -4.0177595, 5.3043543 ], [ -4.015926, 5.3022287 ], [ -4.0147093, 5.3008141 ], [ -4.0144615, 5.3004344 ], [ -4.014277, 5.3001418 ], [ -4.0140973, 5.2998758 ], [ -4.013682, 5.2992543 ], [ -4.0134731, 5.2989448 ], [ -4.0133371, 5.2987344 ], [ -4.0131865, 5.2985507 ] ] } },
{ "type": "Feature", "properties": { "name": null, "name:en": null, "railway": "rail", "ele": null, "operator:type": null, "layer": null, "addr:full": null, "addr:city": null, "source": null, "name:fr": null, "osm_id": 334734917, "osm_type": "ways_line" }, "geometry": { "type": "LineString", "coordinates": [ [ -4.0168051, 5.3028332 ], [ -4.0161427, 5.3020564 ], [ -4.0134731, 5.2989448 ] ] } },
{ "type": "Feature", "properties": { "name": null, "name:en": null, "railway": "rail", "ele": null, "operator:type": null, "layer": null, "addr:full": null, "addr:city": null, "source": null, "name:fr": null, "osm_id": 395988808, "osm_type": "ways_line" }, "geometry": { "type": "LineString", "coordinates": [ [ -4.0136177, 5.2995815 ], [ -4.013461, 5.2994405 ], [ -4.0132764, 5.2992955 ], [ -4.0131064, 5.2991866 ], [ -4.0127931, 5.2990199 ], [ -4.0113255, 5.2983116 ], [ -4.0072582, 5.2963484 ], [ -4.0070371, 5.2962114 ], [ -4.0068499, 5.2960788 ], [ -4.0067051, 5.2959509 ], [ -4.0065735, 5.2957986 ], [ -4.0064716, 5.2956344 ], [ -4.0064192, 5.2954922 ], [ -4.0063968, 5.2953387 ], [ -4.0063983, 5.2951655 ], [ -4.0064259, 5.2949828 ], [ -4.006479, 5.2948335 ], [ -4.0065508, 5.2946924 ], [ -4.006631, 5.2945943 ], [ -4.0066758, 5.294542 ], [ -4.0067082, 5.2945043 ], [ -4.0068429, 5.2943962 ], [ -4.0069741, 5.2943213 ], [ -4.0071569, 5.2942505 ], [ -4.007305, 5.2942034 ], [ -4.0074608, 5.294197 ], [ -4.0076684, 5.2942355 ], [ -4.0078419, 5.2942952 ], [ -4.0080129, 5.2943881 ], [ -4.008154, 5.2944866 ], [ -4.0082668, 5.2945855 ], [ -4.0083685, 5.2947028 ], [ -4.0084511, 5.2948354 ], [ -4.0085259, 5.2950042 ], [ -4.0086287, 5.2952752 ], [ -4.0087242, 5.2954329 ], [ -4.0088426, 5.2955721 ], [ -4.0089586, 5.29567 ], [ -4.0090203, 5.295722 ], [ -4.009308, 5.2958786 ], [ -4.0106165, 5.2965911 ], [ -4.0110043, 5.2968938 ] ] } },
{ "type": "Feature", "properties": { "name": null, "name:en": null, "railway": "rail", "ele": null, "operator:type": null, "layer": null, "addr:full": null, "addr:city": null, "source": null, "name:fr": null, "osm_id": 30671904, "osm_type": "ways_line" }, "geometry": { "type": "LineString", "coordinates": [ [ -4.0113438, 5.2626249 ], [ -4.0124476, 5.2613977 ], [ -4.0126145, 5.2612121 ], [ -4.0126874, 5.2611175 ], [ -4.0127537, 5.2609899 ], [ -4.0128018, 5.2608614 ], [ -4.0128057, 5.260843 ], [ -4.0128168, 5.2607907 ], [ -4.0128245, 5.2607544 ], [ -4.0128311, 5.260618 ], [ -4.0128267, 5.2605344 ], [ -4.0128178, 5.2604463 ], [ -4.0127904, 5.2603503 ], [ -4.0127095, 5.2601691 ], [ -4.0125946, 5.2600106 ] ] } },
{ "type": "Feature", "properties": { "name": null, "name:en": null, "railway": "rail", "ele": null, "operator:type": null, "layer": null, "addr:full": null, "addr:city": null, "source": null, "name:fr": null, "osm_id": 402994468, "osm_type": "ways_line" }, "geometry": { "type": "LineString", "coordinates": [ [ -5.0254238, 7.6879075 ], [ -5.0258585, 7.6876764 ], [ -5.0278348, 7.6866257 ] ] } },
{ "type": "Feature", "properties": { "name": null, "name:en": null, "railway": "rail", "ele": null, "operator:type": null, "layer": null, "addr:full": null, "addr:city": null, "source": null, "name:fr": null, "osm_id": 395916222, "osm_type": "ways_line" }, "geometry": { "type": "LineString", "coordinates": [ [ -4.0248825, 5.327535 ], [ -4.0248797, 5.3273777 ], [ -4.0248609, 5.3272682 ], [ -4.0248232, 5.3271399 ], [ -4.0247471, 5.3269704 ], [ -4.024683, 5.3268516 ], [ -4.024622, 5.3267663 ] ] } },
{ "type": "Feature", "properties": { "name": null, "name:en": null, "railway": "rail", "ele": null, "operator:type": null, "layer": null, "addr:full": null, "addr:city": null, "source": null, "name:fr": null, "osm_id": 396000417, "osm_type": "ways_line" }, "geometry": { "type": "LineString", "coordinates": [ [ -4.0137646, 5.2998156 ], [ -4.0138871, 5.3000031 ], [ -4.0139052, 5.3000308 ], [ -4.0141609, 5.3004223 ], [ -4.0142183, 5.3005102 ], [ -4.0148403, 5.3015081 ], [ -4.0150926, 5.3018847 ], [ -4.0154606, 5.3024132 ], [ -4.0159018, 5.3029223 ], [ -4.0161518, 5.3032108 ], [ -4.0186664, 5.3061241 ], [ -4.0188354, 5.3063275 ], [ -4.0190673, 5.3066504 ], [ -4.0193212, 5.3071893 ], [ -4.0195575, 5.3076907 ], [ -4.0197081, 5.3080596 ], [ -4.0197475, 5.3081967 ], [ -4.0197926, 5.3084479 ], [ -4.0198014, 5.3086705 ], [ -4.0197801, 5.3088709 ], [ -4.01974, 5.3090391 ], [ -4.019651, 5.3092504 ], [ -4.0193764, 5.3097044 ], [ -4.0193078, 5.3098444 ], [ -4.0192507, 5.3099706 ], [ -4.0192294, 5.3101043 ], [ -4.0192414, 5.3103302 ] ] } },
{ "type": "Feature", "properties": { "name": null, "name:en": null, "railway": "rail", "ele": null, "operator:type": null, "layer": null, "addr:full": null, "addr:city": null, "source": null, "name:fr": null, "osm_id": 395952401, "osm_type": "ways_line" }, "geometry": { "type": "LineString", "coordinates": [ [ -4.0259851, 5.3305351 ], [ -4.025547, 5.3305344 ], [ -4.0254309, 5.3305328 ], [ -4.0252691, 5.3305443 ], [ -4.0251189, 5.3305767 ], [ -4.0249582, 5.3306329 ], [ -4.024828, 5.3307196 ] ] } },
{ "type": "Feature", "properties": { "name": null, "name:en": null, "railway": "rail", "ele": null, "operator:type": null, "layer": null, "addr:full": null, "addr:city": null, "source": null, "name:fr": null, "osm_id": 395952402, "osm_type": "ways_line" }, "geometry": { "type": "LineString", "coordinates": [ [ -4.0246874, 5.3295458 ], [ -4.0246759, 5.3302594 ], [ -4.0246673, 5.3303842 ], [ -4.0246529, 5.3304947 ], [ -4.0246118, 5.3307186 ], [ -4.024573, 5.3309636 ] ] } },
{ "type": "Feature", "properties": { "name": null, "name:en": null, "railway": "rail", "ele": null, "operator:type": null, "layer": null, "addr:full": null, "addr:city": null, "source": null, "name:fr": null, "osm_id": 402994447, "osm_type": "ways_line" }, "geometry": { "type": "LineString", "coordinates": [ [ -5.034195, 7.6843421 ], [ -5.033963, 7.684346 ] ] } },
{ "type": "Feature", "properties": { "name": null, "name:en": null, "railway": "rail", "ele": null, "operator:type": null, "layer": null, "addr:full": null, "addr:city": null, "source": null, "name:fr": null, "osm_id": 402994463, "osm_type": "ways_line" }, "geometry": { "type": "LineString", "coordinates": [ [ -5.0326916, 7.6841098 ], [ -5.032321, 7.6842548 ] ] } },
{ "type": "Feature", "properties": { "name": "Chemins de fer Abidjan-Niger", "name:en": null, "railway": "rail", "ele": null, "operator:type": null, "layer": null, "addr:full": null, "addr:city": null, "source": null, "name:fr": null, "osm_id": 402994428, "osm_type": "ways_line" }, "geometry": { "type": "LineString", "coordinates": [ [ -5.0322745, 7.6842267 ], [ -5.0317296, 7.6845255 ], [ -5.0311995, 7.6847889 ], [ -5.0311289, 7.6848266 ], [ -5.0304711, 7.6851777 ], [ -5.0293345, 7.6857845 ], [ -5.0291328, 7.6859101 ], [ -5.0288848, 7.6860646 ], [ -5.0281582, 7.6864469 ] ] } },
{ "type": "Feature", "properties": { "name": "Chemins de fer Abidjan-Niger", "name:en": null, "railway": "rail", "ele": null, "operator:type": null, "layer": "1", "addr:full": null, "addr:city": null, "source": "Perry-Castañeda LibraryMap Collection;landsat", "name:fr": null, "osm_id": 60500263, "osm_type": "ways_line" }, "geometry": { "type": "LineString", "coordinates": [ [ -5.0281582, 7.6864469 ], [ -5.0278668, 7.6866088 ] ] } },
{ "type": "Feature", "properties": { "name": null, "name:en": null, "railway": "rail", "ele": null, "operator:type": null, "layer": null, "addr:full": null, "addr:city": null, "source": null, "name:fr": null, "osm_id": 402994464, "osm_type": "ways_line" }, "geometry": { "type": "LineString", "coordinates": [ [ -5.003449, 7.6681849 ], [ -5.0044241, 7.6692461 ], [ -5.0046309, 7.6694598 ], [ -5.0047167, 7.66955 ], [ -5.0048332, 7.6696701 ], [ -5.0053165, 7.6701522 ], [ -5.0055756, 7.6704448 ], [ -5.0058107, 7.6707289 ], [ -5.0060258, 7.6710451 ], [ -5.0067513, 7.6723692 ], [ -5.0077553, 7.6742795 ], [ -5.0080136, 7.6747161 ], [ -5.0089593, 7.6764811 ], [ -5.0105075, 7.6792871 ], [ -5.0108712, 7.679939 ], [ -5.0114066, 7.6806801 ], [ -5.0122612, 7.6818241 ], [ -5.0129427, 7.6826824 ], [ -5.0140268, 7.683947 ], [ -5.0145278, 7.6846383 ], [ -5.0149345, 7.6850955 ], [ -5.0166922, 7.6870922 ], [ -5.0181714, 7.6887748 ], [ -5.0186864, 7.6893303 ], [ -5.0189828, 7.6895655 ], [ -5.0192979, 7.6897742 ], [ -5.0196668, 7.6899417 ], [ -5.0199631, 7.6900373 ], [ -5.0202501, 7.6900892 ], [ -5.0205479, 7.6901065 ], [ -5.0208335, 7.6900852 ], [ -5.0211514, 7.69004 ], [ -5.0214772, 7.6899536 ], [ -5.0218213, 7.6898252 ], [ -5.0254238, 7.6879075 ] ] } },
{ "type": "Feature", "properties": { "name": null, "name:en": null, "railway": "rail", "ele": null, "operator:type": null, "layer": null, "addr:full": null, "addr:city": null, "source": null, "name:fr": null, "osm_id": 402994467, "osm_type": "ways_line" }, "geometry": { "type": "LineString", "coordinates": [ [ -5.0299727, 7.6856492 ], [ -5.0297908, 7.6857831 ], [ -5.028911, 7.6862496 ] ] } },
{ "type": "Feature", "properties": { "name": null, "name:en": null, "railway": "rail", "ele": null, "operator:type": null, "layer": null, "addr:full": null, "addr:city": null, "source": null, "name:fr": null, "osm_id": 402994459, "osm_type": "ways_line" }, "geometry": { "type": "LineString", "coordinates": [ [ -5.0339691, 7.6845452 ], [ -5.0333098, 7.6845652 ] ] } },
{ "type": "Feature", "properties": { "name": "Chemins de fer Abidjan-Niger", "name:en": null, "railway": "rail", "ele": null, "operator:type": null, "layer": null, "addr:full": null, "addr:city": null, "source": "Perry-Castañeda LibraryMap Collection;landsat;landsat and personal knowledge", "name:fr": null, "osm_id": 403612106, "osm_type": "ways_line" }, "geometry": { "type": "LineString", "coordinates": [ [ -5.1219624, 8.3476932 ], [ -5.1219544, 8.3526446 ] ] } },
{ "type": "Feature", "properties": { "name": "Chemins de fer Abidjan-Niger", "name:en": null, "railway": "rail", "ele": null, "operator:type": null, "layer": null, "addr:full": null, "addr:city": null, "source": "Perry-Castañeda LibraryMap Collection;landsat;landsat and personal knowledge", "name:fr": null, "osm_id": 403758471, "osm_type": "ways_line" }, "geometry": { "type": "LineString", "coordinates": [ [ -5.1186874, 8.5293207 ], [ -5.1177752, 8.5283595 ], [ -5.1176173, 8.5281767 ], [ -5.117514, 8.5280494 ], [ -5.1173691, 8.5278306 ], [ -5.1172479, 8.5275951 ], [ -5.1171626, 8.5273982 ], [ -5.1170996, 8.5272099 ], [ -5.1170473, 8.5269857 ], [ -5.1170068, 8.5266687 ], [ -5.1168937, 8.5243149 ] ] } },
{ "type": "Feature", "properties": { "name": "Chemins de fer Abidjan-Niger", "name:en": null, "railway": "rail", "ele": null, "operator:type": null, "layer": null, "addr:full": null, "addr:city": null, "source": "Perry-Castañeda LibraryMap Collection;landsat;landsat and personal knowledge", "name:fr": null, "osm_id": 403758520, "osm_type": "ways_line" }, "geometry": { "type": "LineString", "coordinates": [ [ -5.1186874, 8.5293207 ], [ -5.1215187, 8.5323041 ], [ -5.1217304, 8.5325402 ], [ -5.121916, 8.5328035 ], [ -5.1220955, 8.5331622 ], [ -5.1222186, 8.5334699 ], [ -5.1222776, 8.5337298 ], [ -5.1223133, 8.5339758 ], [ -5.1226299, 8.5365928 ], [ -5.1226316, 8.5369261 ], [ -5.1226028, 8.5372156 ], [ -5.1225458, 8.537499 ], [ -5.1223347, 8.5381589 ], [ -5.1216159, 8.5403152 ], [ -5.1215266, 8.5405905 ], [ -5.1214635, 8.5409128 ], [ -5.1214367, 8.5412032 ], [ -5.1214421, 8.5414724 ], [ -5.1214689, 8.5417668 ], [ -5.1215277, 8.5420233 ], [ -5.1216191, 8.5423 ], [ -5.1217881, 8.54267 ], [ -5.1239204, 8.5466579 ], [ -5.1258246, 8.5502122 ], [ -5.1260246, 8.5505901 ], [ -5.1261628, 8.5509363 ], [ -5.1262572, 8.5513464 ], [ -5.1266432, 8.5539077 ], [ -5.1269059, 8.5556511 ], [ -5.1269205, 8.55594 ], [ -5.1269195, 8.5562587 ], [ -5.1263446, 8.5595262 ], [ -5.126313, 8.5598336 ], [ -5.1263001, 8.5601169 ], [ -5.1263317, 8.5604875 ], [ -5.1264189, 8.5608344 ], [ -5.126523, 8.561131 ], [ -5.1266536, 8.5614051 ], [ -5.1269034, 8.561782 ], [ -5.1419949, 8.58386 ] ] } },
{ "type": "Feature", "properties": { "name": "Chemins de fer Abidjan-Niger", "name:en": null, "railway": "rail", "ele": null, "operator:type": null, "layer": null, "addr:full": null, "addr:city": null, "source": null, "name:fr": null, "osm_id": 403598944, "osm_type": "ways_line" }, "geometry": { "type": "LineString", "coordinates": [ [ -5.0576574, 7.901315 ], [ -5.0576869, 7.9014253 ] ] } },
{ "type": "Feature", "properties": { "name": "Chemins de fer Abidjan-Niger", "name:en": null, "railway": "rail", "ele": null, "operator:type": null, "layer": null, "addr:full": null, "addr:city": null, "source": null, "name:fr": null, "osm_id": 402994421, "osm_type": "ways_line" }, "geometry": { "type": "LineString", "coordinates": [ [ -5.0327549, 7.684028 ], [ -5.0322745, 7.6842267 ] ] } },
{ "type": "Feature", "properties": { "name": null, "name:en": null, "railway": "rail", "ele": null, "operator:type": null, "layer": null, "addr:full": null, "addr:city": null, "source": null, "name:fr": null, "osm_id": 402994461, "osm_type": "ways_line" }, "geometry": { "type": "LineString", "coordinates": [ [ -5.0342404, 7.684537 ], [ -5.0339691, 7.6845452 ] ] } },
{ "type": "Feature", "properties": { "name": "Chemins de fer Abidjan-Niger", "name:en": null, "railway": "rail", "ele": null, "operator:type": null, "layer": null, "addr:full": null, "addr:city": null, "source": null, "name:fr": null, "osm_id": 402608866, "osm_type": "ways_line" }, "geometry": { "type": "LineString", "coordinates": [ [ -4.2190403, 5.9322295 ], [ -4.219988, 5.9349834 ] ] } },
{ "type": "Feature", "properties": { "name": "Chemins de fer Abidjan-Niger", "name:en": null, "railway": "rail", "ele": null, "operator:type": null, "layer": null, "addr:full": null, "addr:city": null, "source": "Perry-Castañeda LibraryMap Collection;landsat;landsat and personal knowledge", "name:fr": null, "osm_id": 403598946, "osm_type": "ways_line" }, "geometry": { "type": "LineString", "coordinates": [ [ -5.1065538, 8.1342434 ], [ -5.1071636, 8.1369718 ], [ -5.1076347, 8.1390795 ], [ -5.1084562, 8.1427855 ] ] } },
{ "type": "Feature", "properties": { "name": "Chemins de fer Abidjan-Niger", "name:en": null, "railway": "rail", "ele": null, "operator:type": null, "layer": null, "addr:full": null, "addr:city": null, "source": "Perry-Castañeda LibraryMap Collection;landsat;landsat and personal knowledge", "name:fr": null, "osm_id": 403598947, "osm_type": "ways_line" }, "geometry": { "type": "LineString", "coordinates": [ [ -5.1084336, 8.1425181 ], [ -5.1076732, 8.1390703 ], [ -5.1071866, 8.1369164 ], [ -5.1066459, 8.1345233 ] ] } },
{ "type": "Feature", "properties": { "name": "Chemins de fer Abidjan-Niger", "name:en": null, "railway": "rail", "ele": null, "operator:type": null, "layer": null, "addr:full": null, "addr:city": null, "source": "Perry-Castañeda LibraryMap Collection;landsat;landsat and personal knowledge", "name:fr": null, "osm_id": 404023839, "osm_type": "ways_line" }, "geometry": { "type": "LineString", "coordinates": [ [ -5.1760739, 9.8282771 ], [ -5.1759587, 9.8311461 ], [ -5.1757584, 9.8361339 ], [ -5.1751536, 9.8503433 ], [ -5.1748549, 9.8574687 ], [ -5.1745489, 9.8649392 ], [ -5.1742308, 9.8719535 ], [ -5.1742909, 9.8743725 ], [ -5.1747934, 9.8827337 ], [ -5.1749543, 9.8854606 ], [ -5.1752048, 9.8899132 ], [ -5.175303, 9.8910703 ], [ -5.1753352, 9.8918076 ], [ -5.1753432, 9.8926135 ], [ -5.175328, 9.8934562 ], [ -5.1750997, 9.8959199 ], [ -5.1745815, 9.9011666 ], [ -5.174096, 9.9057324 ], [ -5.1736561, 9.9102981 ], [ -5.1726056, 9.9207854 ], [ -5.1720412, 9.9265574 ], [ -5.1719556, 9.9275168 ], [ -5.1718859, 9.928069 ], [ -5.171771, 9.9286676 ], [ -5.1716203, 9.9292922 ], [ -5.1714031, 9.9299237 ], [ -5.1711385, 9.9305438 ], [ -5.1708371, 9.9311311 ], [ -5.1705421, 9.9316198 ], [ -5.1701236, 9.9322275 ], [ -5.169762, 9.932664 ], [ -5.16915, 9.9332896 ], [ -5.1662534, 9.935873 ], [ -5.1578822, 9.9431934 ], [ -5.1573027, 9.9437544 ], [ -5.1567865, 9.9443145 ], [ -5.1562271, 9.9450991 ], [ -5.155688, 9.9459155 ], [ -5.1546406, 9.9476995 ], [ -5.1504223, 9.9544442 ], [ -5.1499077, 9.9552671 ], [ -5.1474558, 9.9592281 ] ] } },
{ "type": "Feature", "properties": { "name": "Chemins de fer Abidjan-Niger", "name:en": null, "railway": "rail", "ele": null, "operator:type": null, "layer": null, "addr:full": null, "addr:city": null, "source": null, "name:fr": null, "osm_id": 404235968, "osm_type": "ways_line" }, "geometry": { "type": "LineString", "coordinates": [ [ -5.1384276, 9.9647112 ], [ -5.1382659, 9.9647913 ], [ -5.1379425, 9.9649656 ], [ -5.1375042, 9.9652497 ], [ -5.1371137, 9.9655415 ], [ -5.1367945, 9.9658321 ], [ -5.1364905, 9.9661622 ], [ -5.1363464, 9.9663327 ], [ -5.1324902, 9.9708952 ], [ -5.1299422, 9.9739098 ], [ -5.1293205, 9.9746539 ], [ -5.1273537, 9.9770078 ], [ -5.1270519, 9.9773753 ], [ -5.1267032, 9.9778666 ], [ -5.1264019, 9.978349 ], [ -5.1259737, 9.9792308 ], [ -5.1234589, 9.9856485 ], [ -5.1230858, 9.9865207 ] ] } },
{ "type": "Feature", "properties": { "name": "Chemins de fer Abidjan-Niger", "name:en": null, "railway": "rail", "ele": null, "operator:type": null, "layer": null, "addr:full": null, "addr:city": null, "source": null, "name:fr": null, "osm_id": 402615260, "osm_type": "ways_line" }, "geometry": { "type": "LineString", "coordinates": [ [ -4.3004802, 6.069023 ], [ -4.3022093, 6.0705858 ], [ -4.3028261, 6.0711184 ], [ -4.3055844, 6.0735868 ] ] } },
{ "type": "Feature", "properties": { "name": "Chemins de fer Abidjan-Niger", "name:en": null, "railway": "rail", "ele": null, "operator:type": null, "layer": null, "addr:full": null, "addr:city": null, "source": null, "name:fr": null, "osm_id": 171933449, "osm_type": "ways_line" }, "geometry": { "type": "LineString", "coordinates": [ [ -4.5292957, 6.3193399 ], [ -4.5306279, 6.3199466 ], [ -4.5310316, 6.3201465 ], [ -4.5313253, 6.3203238 ], [ -4.5316215, 6.3205568 ], [ -4.5319958, 6.3209023 ], [ -4.5323158, 6.3212612 ], [ -4.5326951, 6.3218111 ], [ -4.5372401, 6.3287811 ], [ -4.5395012, 6.3322553 ], [ -4.5396696, 6.3325722 ], [ -4.5398118, 6.3329081 ], [ -4.5399298, 6.3332493 ], [ -4.5400103, 6.3335852 ], [ -4.5400894, 6.3339758 ], [ -4.5411149, 6.340196 ], [ -4.5412924, 6.3412601 ], [ -4.541456, 6.3418359 ], [ -4.541634, 6.3422695 ], [ -4.5418315, 6.3426356 ], [ -4.5420884, 6.3430284 ], [ -4.5424296, 6.3434247 ], [ -4.5428152, 6.3437776 ], [ -4.5440013, 6.3447974 ], [ -4.5443715, 6.3451601 ], [ -4.5446688, 6.3455149 ], [ -4.5449435, 6.3459503 ], [ -4.5451655, 6.3463837 ], [ -4.5453214, 6.3468218 ], [ -4.545423, 6.3472261 ], [ -4.5454873, 6.3476244 ], [ -4.5455141, 6.3480125 ], [ -4.5455069, 6.3485481 ], [ -4.5454498, 6.3489615 ], [ -4.5453504, 6.3493586 ], [ -4.5452459, 6.3496973 ], [ -4.5451242, 6.3500216 ], [ -4.5432815, 6.3537169 ], [ -4.5430438, 6.3542424 ], [ -4.54284, 6.3548182 ], [ -4.5426819, 6.3553226 ], [ -4.5425466, 6.3559641 ], [ -4.5424511, 6.3566255 ], [ -4.542376, 6.3578358 ], [ -4.5421888, 6.3621043 ], [ -4.5422186, 6.3626798 ], [ -4.5422821, 6.3631592 ], [ -4.5423978, 6.3637335 ], [ -4.5425462, 6.3642474 ], [ -4.542722, 6.3646786 ], [ -4.5429411, 6.3651291 ], [ -4.5431967, 6.3655823 ], [ -4.5435476, 6.3660656 ], [ -4.5450964, 6.3679362 ], [ -4.5454519, 6.3683897 ], [ -4.5457207, 6.3688557 ], [ -4.5459067, 6.3692978 ], [ -4.5460533, 6.3697727 ], [ -4.5461558, 6.3703195 ], [ -4.5461935, 6.3708199 ], [ -4.5461874, 6.3712814 ], [ -4.5460653, 6.3740407 ], [ -4.5460694, 6.3744562 ], [ -4.5461159, 6.3749106 ], [ -4.5462085, 6.3753828 ], [ -4.5463108, 6.375773 ], [ -4.546461, 6.3762075 ], [ -4.5466287, 6.37658 ], [ -4.5468311, 6.3769352 ], [ -4.5471208, 6.3773857 ], [ -4.5474745, 6.3777922 ], [ -4.5520402, 6.3825697 ], [ -4.5523426, 6.3829149 ], [ -4.5526059, 6.383274 ], [ -4.5528512, 6.3836682 ], [ -4.5531075, 6.3841537 ], [ -4.5546286, 6.3873293 ], [ -4.5550789, 6.3884829 ], [ -4.5583364, 6.3972107 ], [ -4.5586299, 6.3978979 ], [ -4.5588876, 6.3983956 ], [ -4.5592236, 6.3989297 ], [ -4.5595877, 6.3994112 ], [ -4.5600412, 6.3999264 ], [ -4.5663206, 6.4063629 ], [ -4.5683961, 6.4085084 ], [ -4.56935, 6.4095458 ], [ -4.5782086, 6.4196793 ], [ -4.5785616, 6.420063 ], [ -4.5789372, 6.4204202 ], [ -4.5793556, 6.4207507 ], [ -4.5797849, 6.4210362 ], [ -4.5890199, 6.4269619 ], [ -4.5895051, 6.4272702 ], [ -4.5900791, 6.4275714 ], [ -4.5906698, 6.4278304 ], [ -4.6071238, 6.4348946 ], [ -4.6076529, 6.4351462 ], [ -4.608074, 6.4353968 ], [ -4.6084066, 6.4356393 ], [ -4.6087443, 6.435937 ], [ -4.6090637, 6.436271 ], [ -4.6093907, 6.4367008 ], [ -4.6096709, 6.4371955 ], [ -4.6098416, 6.4376063 ], [ -4.6099828, 6.438078 ], [ -4.6100642, 6.4385472 ], [ -4.6101001, 6.4389823 ], [ -4.6100994, 6.439437 ], [ -4.6098547, 6.4449316 ], [ -4.6098853, 6.4455093 ], [ -4.6099918, 6.4461592 ], [ -4.6101366, 6.4466816 ], [ -4.6103408, 6.4472544 ], [ -4.6105724, 6.4476954 ], [ -4.6109037, 6.4481794 ], [ -4.6112943, 6.4486433 ], [ -4.6117084, 6.4490323 ], [ -4.6122823, 6.4494948 ], [ -4.6137732, 6.4507128 ], [ -4.6142461, 6.4511834 ], [ -4.6145369, 6.4515608 ], [ -4.6148197, 6.4520254 ], [ -4.6150502, 6.452496 ], [ -4.6152187, 6.4529999 ], [ -4.615324, 6.4535312 ], [ -4.6154045, 6.4541949 ], [ -4.6157378, 6.4579346 ], [ -4.6158163, 6.458524 ], [ -4.615898, 6.4589496 ], [ -4.616047, 6.4594169 ], [ -4.6162803, 6.4599498 ], [ -4.6165659, 6.4604207 ], [ -4.6168999, 6.460872 ], [ -4.6171989, 6.4612096 ], [ -4.6177234, 6.4616316 ], [ -4.6196948, 6.4628736 ], [ -4.6201278, 6.4631819 ], [ -4.6205155, 6.4635239 ], [ -4.6208923, 6.4639441 ], [ -4.6211873, 6.4643652 ], [ -4.6215052, 6.4649338 ], [ -4.6221919, 6.466205 ], [ -4.6225016, 6.4667372 ], [ -4.6227954, 6.4671698 ], [ -4.6230675, 6.4674781 ], [ -4.6233545, 6.4677526 ], [ -4.6236791, 6.4680191 ], [ -4.6240184, 6.4682572 ], [ -4.6301044, 6.4723215 ], [ -4.6306569, 6.4727026 ], [ -4.6310646, 6.4730411 ], [ -4.6313597, 6.4733609 ], [ -4.6316426, 6.4737251 ], [ -4.63188, 6.4741125 ], [ -4.6320517, 6.4744642 ], [ -4.6322273, 6.4749031 ], [ -4.632344, 6.4752824 ], [ -4.6324311, 6.4757506 ], [ -4.6324633, 6.4760891 ], [ -4.6324701, 6.4765563 ], [ -4.632403, 6.4786058 ], [ -4.6323628, 6.4790136 ], [ -4.6322782, 6.4794497 ], [ -4.6321563, 6.479885 ], [ -4.6319551, 6.4803434 ], [ -4.6317257, 6.4807476 ], [ -4.6314938, 6.4810817 ], [ -4.6312375, 6.4814112 ], [ -4.6308942, 6.4817577 ], [ -4.6253276, 6.4869548 ], [ -4.6244781, 6.4878572 ], [ -4.6242343, 6.4882338 ], [ -4.6240424, 6.4885879 ], [ -4.6238558, 6.489023 ], [ -4.6237245, 6.4894362 ], [ -4.6235876, 6.4901689 ] ] } },
{ "type": "Feature", "properties": { "name": "Chemins de fer Abidjan-Niger", "name:en": null, "railway": "rail", "ele": null, "operator:type": null, "layer": null, "addr:full": null, "addr:city": null, "source": null, "name:fr": null, "osm_id": 204431366, "osm_type": "ways_line" }, "geometry": { "type": "LineString", "coordinates": [ [ -4.3055844, 6.0735868 ], [ -4.305163, 6.0731314 ], [ -4.3035354, 6.0716704 ], [ -4.3028686, 6.0710798 ], [ -4.3022539, 6.0705354 ], [ -4.3010879, 6.0694849 ], [ -4.3009311, 6.0693522 ], [ -4.3004802, 6.069023 ] ] } },
{ "type": "Feature", "properties": { "name": "Chemins de fer Abidjan-Niger", "name:en": null, "railway": "rail", "ele": null, "operator:type": null, "layer": null, "addr:full": null, "addr:city": null, "source": null, "name:fr": null, "osm_id": 204436902, "osm_type": "ways_line" }, "geometry": { "type": "LineString", "coordinates": [ [ -4.2186142, 5.930994 ], [ -4.2184895, 5.9304978 ], [ -4.2183401, 5.9300866 ], [ -4.2182906, 5.9299504 ], [ -4.2181988, 5.9297495 ], [ -4.2180947, 5.9295737 ], [ -4.2179694, 5.9294288 ], [ -4.2178256, 5.9292785 ], [ -4.2176545, 5.929152 ], [ -4.217338, 5.9289472 ], [ -4.2172238, 5.9288749 ], [ -4.2169403, 5.9286961 ], [ -4.2145927, 5.9272035 ], [ -4.2145419, 5.9271772 ], [ -4.2143053, 5.927061 ], [ -4.2141389, 5.9269779 ] ] } },
{ "type": "Feature", "properties": { "name": null, "name:en": null, "railway": "rail", "ele": null, "operator:type": null, "layer": null, "addr:full": null, "addr:city": null, "source": null, "name:fr": null, "osm_id": 401459344, "osm_type": "ways_line" }, "geometry": { "type": "LineString", "coordinates": [ [ -4.0246038, 5.3289862 ], [ -4.0246036, 5.3290137 ] ] } },
{ "type": "Feature", "properties": { "name": "Chemins de fer Abidjan-Niger", "name:en": null, "railway": "rail", "ele": null, "operator:type": null, "layer": null, "addr:full": null, "addr:city": null, "source": null, "name:fr": null, "osm_id": 402608859, "osm_type": "ways_line" }, "geometry": { "type": "LineString", "coordinates": [ [ -4.2141389, 5.9269779 ], [ -4.2143016, 5.9270781 ], [ -4.2145527, 5.9272328 ], [ -4.2172, 5.9289098 ], [ -4.2173171, 5.9289824 ], [ -4.2176333, 5.9291843 ], [ -4.2177997, 5.9293076 ], [ -4.2179449, 5.9294474 ], [ -4.2180579, 5.9295898 ], [ -4.2181648, 5.9297677 ], [ -4.218253, 5.9299611 ], [ -4.2182946, 5.9300841 ], [ -4.2184449, 5.930512 ], [ -4.2186142, 5.930994 ] ] } },
{ "type": "Feature", "properties": { "name": "Chemins de fer Abidjan-Niger", "name:en": null, "railway": "rail", "ele": null, "operator:type": null, "layer": null, "addr:full": null, "addr:city": null, "source": null, "name:fr": null, "osm_id": 402608862, "osm_type": "ways_line" }, "geometry": { "type": "LineString", "coordinates": [ [ -4.2030542, 5.9028381 ], [ -4.2031084, 5.9029644 ] ] } },
{ "type": "Feature", "properties": { "name": "Chemins de fer Abidjan-Niger", "name:en": null, "railway": "rail", "ele": null, "operator:type": null, "layer": null, "addr:full": null, "addr:city": null, "source": null, "name:fr": null, "osm_id": 402608869, "osm_type": "ways_line" }, "geometry": { "type": "LineString", "coordinates": [ [ -4.2189208, 5.9318823 ], [ -4.2190403, 5.9322295 ] ] } },
{ "type": "Feature", "properties": { "name": "Chemins de fer Abidjan-Niger", "name:en": null, "railway": "rail", "ele": null, "operator:type": null, "layer": null, "addr:full": null, "addr:city": null, "source": null, "name:fr": null, "osm_id": 402626113, "osm_type": "ways_line" }, "geometry": { "type": "LineString", "coordinates": [ [ -4.4157741, 6.2398258 ], [ -4.4179512, 6.2406561 ], [ -4.4185895, 6.2409174 ], [ -4.4190888, 6.2412093 ], [ -4.4195819, 6.2415973 ], [ -4.4200074, 6.2420235 ], [ -4.4202847, 6.2423865 ], [ -4.4205192, 6.242757 ], [ -4.421977, 6.2452824 ], [ -4.4223853, 6.246063 ], [ -4.4243867, 6.2495728 ], [ -4.4277734, 6.2547634 ], [ -4.4315327, 6.2604504 ], [ -4.4327556, 6.2623155 ], [ -4.4331231, 6.2628234 ], [ -4.4335066, 6.2632633 ], [ -4.4338783, 6.2636272 ], [ -4.4344451, 6.2640906 ], [ -4.4350355, 6.2645137 ], [ -4.4356711, 6.2648427 ], [ -4.4472786, 6.2702305 ], [ -4.4521482, 6.2724716 ], [ -4.4526335, 6.2727229 ], [ -4.453009, 6.2729815 ], [ -4.453363, 6.2732614 ], [ -4.4536822, 6.2735974 ], [ -4.454047, 6.2741013 ], [ -4.4552272, 6.2758929 ], [ -4.4555249, 6.2763435 ], [ -4.4560747, 6.2770047 ], [ -4.4565582, 6.2774396 ], [ -4.4570698, 6.2778152 ], [ -4.4576059, 6.2781013 ], [ -4.4649811, 6.2816352 ], [ -4.465797, 6.2820581 ], [ -4.4779822, 6.2894122 ], [ -4.4837637, 6.2928874 ], [ -4.4886834, 6.2958859 ], [ -4.4894361, 6.2963444 ], [ -4.4901307, 6.2968457 ], [ -4.4909418, 6.2975255 ], [ -4.4965937, 6.3024138 ], [ -4.4971259, 6.3028388 ], [ -4.4976785, 6.3031668 ], [ -4.4982498, 6.3034547 ], [ -4.4988365, 6.3036957 ], [ -4.4996392, 6.3039134 ], [ -4.501418, 6.3042329 ], [ -4.5019877, 6.3043616 ], [ -4.5024922, 6.3045168 ], [ -4.5031421, 6.3048357 ], [ -4.5044659, 6.305601 ], [ -4.5208859, 6.3155764 ], [ -4.5213382, 6.3158141 ], [ -4.5224962, 6.3163409 ] ] } },
{ "type": "Feature", "properties": { "name": "Chemins de fer Abidjan-Niger", "name:en": null, "railway": "rail", "ele": null, "operator:type": null, "layer": null, "addr:full": null, "addr:city": null, "source": null, "name:fr": null, "osm_id": 402689685, "osm_type": "ways_line" }, "geometry": { "type": "LineString", "coordinates": [ [ -4.6223611, 6.4981869 ], [ -4.6222609, 6.4988001 ], [ -4.621619, 6.5030278 ], [ -4.6215591, 6.5035198 ], [ -4.6215237, 6.5039117 ], [ -4.6215256, 6.5042527 ], [ -4.621535, 6.5045845 ], [ -4.6215591, 6.5048323 ], [ -4.6216149, 6.5051218 ], [ -4.6216999, 6.5054559 ], [ -4.6217895, 6.5057287 ], [ -4.6220036, 6.5062232 ], [ -4.6292105, 6.5193265 ], [ -4.6295655, 6.5199996 ], [ -4.6297102, 6.5203102 ], [ -4.6298391, 6.5206378 ], [ -4.6299667, 6.5209998 ], [ -4.6300671, 6.5213627 ], [ -4.6301544, 6.5217517 ], [ -4.6302911, 6.5227416 ], [ -4.6308953, 6.5279746 ], [ -4.6309777, 6.5284151 ], [ -4.6310607, 6.5287816 ], [ -4.6311829, 6.529144 ], [ -4.6313557, 6.5295386 ], [ -4.6315659, 6.5299474 ], [ -4.6317529, 6.5302512 ], [ -4.6320147, 6.530609 ], [ -4.6323067, 6.530964 ], [ -4.6325644, 6.5312249 ], [ -4.6463927, 6.5439205 ], [ -4.647193, 6.5447569 ], [ -4.6479172, 6.5457268 ], [ -4.6486757, 6.5468712 ], [ -4.6616126, 6.5658437 ], [ -4.6624158, 6.5670245 ], [ -4.6627605, 6.5676623 ], [ -4.663077, 6.5683551 ], [ -4.6633522, 6.569204 ], [ -4.6670781, 6.5875701 ], [ -4.6672559, 6.5882114 ], [ -4.6674544, 6.5887656 ], [ -4.6677226, 6.5893837 ], [ -4.6681735, 6.5901617 ], [ -4.6724669, 6.5971132 ], [ -4.6737474, 6.5991856 ], [ -4.6740312, 6.5995993 ], [ -4.6742994, 6.5999537 ], [ -4.6746937, 6.6003773 ], [ -4.6751389, 6.600785 ], [ -4.6755833, 6.6011481 ], [ -4.6824087, 6.6064496 ], [ -4.6847771, 6.6082464 ], [ -4.6853528, 6.6086157 ], [ -4.685841, 6.6088688 ], [ -4.6862312, 6.6090607 ], [ -4.6938552, 6.6121559 ], [ -4.6943307, 6.6123956 ], [ -4.6946627, 6.6125989 ], [ -4.6950495, 6.6128904 ], [ -4.6954003, 6.6132011 ], [ -4.695682, 6.6135101 ], [ -4.6960153, 6.6140175 ], [ -4.6961889, 6.6143121 ], [ -4.6963504, 6.6146455 ], [ -4.698817, 6.6209235 ], [ -4.6990106, 6.6213566 ], [ -4.6992234, 6.6217543 ], [ -4.6995014, 6.6221692 ], [ -4.6998033, 6.6225517 ], [ -4.7003568, 6.6231194 ], [ -4.7068445, 6.6293124 ], [ -4.707186, 6.6297225 ], [ -4.7074247, 6.6300742 ], [ -4.7076294, 6.6304276 ], [ -4.7077975, 6.6308175 ], [ -4.7079242, 6.6312078 ], [ -4.7080309, 6.6316861 ], [ -4.7080688, 6.6321258 ], [ -4.7080818, 6.6326372 ], [ -4.7080208, 6.6331776 ], [ -4.7079155, 6.6336176 ] ] } },
{ "type": "Feature", "properties": { "name": "Chemins de fer Abidjan-Niger", "name:en": null, "railway": "rail", "ele": null, "operator:type": null, "layer": null, "addr:full": null, "addr:city": null, "source": null, "name:fr": null, "osm_id": 402787776, "osm_type": "ways_line" }, "geometry": { "type": "LineString", "coordinates": [ [ -4.8190789, 7.2442234 ], [ -4.8188946, 7.2438831 ], [ -4.8183891, 7.2430875 ], [ -4.815758, 7.2389622 ], [ -4.8146077, 7.2371586 ] ] } },
{ "type": "Feature", "properties": { "name": "Chemins de fer Abidjan-Niger", "name:en": null, "railway": "rail", "ele": null, "operator:type": null, "layer": null, "addr:full": null, "addr:city": null, "source": null, "name:fr": null, "osm_id": 402981173, "osm_type": "ways_line" }, "geometry": { "type": "LineString", "coordinates": [ [ -4.8208628, 7.2769017 ], [ -4.8217976, 7.2777262 ], [ -4.8221525, 7.2780713 ], [ -4.8224234, 7.2784052 ], [ -4.8226688, 7.2787604 ], [ -4.8228487, 7.2790847 ], [ -4.8230095, 7.2794309 ], [ -4.8231409, 7.2798074 ], [ -4.8232449, 7.280211 ], [ -4.8233058, 7.2805843 ], [ -4.8233286, 7.2809647 ], [ -4.8233179, 7.2813844 ], [ -4.8232897, 7.2817004 ], [ -4.8232401, 7.2820103 ], [ -4.8219623, 7.2879274 ], [ -4.8216429, 7.289279 ], [ -4.8214565, 7.2899627 ], [ -4.8212397, 7.2906326 ], [ -4.8185111, 7.2978719 ], [ -4.8183183, 7.2983872 ], [ -4.818169, 7.2988901 ], [ -4.8180943, 7.2993051 ], [ -4.818054, 7.2997618 ], [ -4.8180527, 7.3001471 ], [ -4.8180999, 7.3006154 ], [ -4.818211, 7.3010996 ], [ -4.8183862, 7.3015819 ], [ -4.818561, 7.3019642 ], [ -4.818792, 7.3023597 ], [ -4.8191055, 7.3027956 ], [ -4.8194876, 7.3032017 ], [ -4.8198203, 7.3034926 ], [ -4.8202386, 7.3037748 ], [ -4.8206962, 7.3040219 ], [ -4.8289257, 7.307931 ], [ -4.8293509, 7.3081511 ], [ -4.8296613, 7.3083532 ], [ -4.8299765, 7.3086047 ], [ -4.8302359, 7.3088431 ], [ -4.8305438, 7.309174 ], [ -4.830761, 7.3094706 ], [ -4.8309589, 7.3097789 ], [ -4.8311956, 7.3102408 ], [ -4.83136, 7.3106749 ], [ -4.8330153, 7.3171734 ], [ -4.8334123, 7.3187068 ], [ -4.8335479, 7.3191052 ], [ -4.8337249, 7.319487 ], [ -4.8339598, 7.3198844 ], [ -4.8342144, 7.3202452 ], [ -4.8345043, 7.3205773 ], [ -4.8348367, 7.3208903 ], [ -4.8350549, 7.3210695 ], [ -4.8418025, 7.3264106 ], [ -4.8424689, 7.3269252 ], [ -4.8428913, 7.3272525 ], [ -4.8433165, 7.3275438 ], [ -4.8440249, 7.3279597 ], [ -4.8529268, 7.3328433 ], [ -4.8567815, 7.3349579 ], [ -4.8573565, 7.3352533 ], [ -4.857956, 7.3354874 ], [ -4.8585742, 7.3356696 ], [ -4.859312, 7.3358394 ], [ -4.8638133, 7.336211 ], [ -4.8643436, 7.3362881 ], [ -4.8648584, 7.3363969 ], [ -4.8654165, 7.3365967 ], [ -4.865935, 7.336842 ], [ -4.8664197, 7.3371394 ], [ -4.8667978, 7.3374185 ], [ -4.8672471, 7.3378191 ], [ -4.8676463, 7.3382581 ], [ -4.8681524, 7.3389643 ], [ -4.8686525, 7.3397162 ], [ -4.8735947, 7.3471756 ], [ -4.8791179, 7.3554703 ], [ -4.8835188, 7.3621417 ], [ -4.8874916, 7.3682116 ], [ -4.8876963, 7.3686303 ], [ -4.8878773, 7.3691038 ], [ -4.8880375, 7.369594 ], [ -4.8881643, 7.3701718 ], [ -4.8883151, 7.3710776 ], [ -4.8895716, 7.3800486 ], [ -4.8903926, 7.3839835 ], [ -4.8912393, 7.3882917 ] ] } },
{ "type": "Feature", "properties": { "name": "Chemins de fer Abidjan-Niger", "name:en": null, "railway": "rail", "ele": null, "operator:type": null, "layer": null, "addr:full": null, "addr:city": null, "source": null, "name:fr": null, "osm_id": 402994424, "osm_type": "ways_line" }, "geometry": { "type": "LineString", "coordinates": [ [ -4.9643625, 7.574957 ], [ -4.9621457, 7.5698867 ], [ -4.9611197, 7.5675309 ], [ -4.9609347, 7.5672119 ] ] } },
{ "type": "Feature", "properties": { "name": "Chemins de fer Abidjan-Niger", "name:en": null, "railway": "rail", "ele": null, "operator:type": null, "layer": null, "addr:full": null, "addr:city": null, "source": "Perry-Castañeda LibraryMap Collection;landsat;landsat and personal knowledge", "name:fr": null, "osm_id": 403598948, "osm_type": "ways_line" }, "geometry": { "type": "LineString", "coordinates": [ [ -5.0576869, 7.9014253 ], [ -5.0578216, 7.9018571 ], [ -5.0580267, 7.9024226 ], [ -5.0582774, 7.9029746 ], [ -5.0585062, 7.9034166 ], [ -5.0590226, 7.9043756 ], [ -5.0602584, 7.9066417 ], [ -5.0663269, 7.9177958 ], [ -5.0713856, 7.9271033 ], [ -5.0762551, 7.9360612 ], [ -5.0773119, 7.9379977 ], [ -5.0778363, 7.9389673 ], [ -5.0781058, 7.9394828 ], [ -5.0783915, 7.9400631 ], [ -5.0786476, 7.9406369 ], [ -5.0788649, 7.9412253 ], [ -5.079072, 7.9418616 ], [ -5.0792163, 7.9423756 ], [ -5.079349, 7.9429401 ], [ -5.0795596, 7.9439629 ], [ -5.0812212, 7.9523719 ], [ -5.0854511, 7.973709 ], [ -5.0871982, 7.9825134 ], [ -5.0873898, 7.9838282 ], [ -5.0874359, 7.9842489 ], [ -5.0874587, 7.9848266 ], [ -5.0874453, 7.9851879 ], [ -5.0873997, 7.9856354 ], [ -5.087346, 7.9859741 ], [ -5.0872173, 7.9865744 ], [ -5.0870537, 7.9872355 ], [ -5.08594, 7.9915569 ], [ -5.0845767, 7.9967409 ], [ -5.0828294, 8.0034062 ], [ -5.0792122, 8.0171873 ], [ -5.0790889, 8.0176746 ], [ -5.0789749, 8.0181659 ], [ -5.0789038, 8.0186586 ], [ -5.0788528, 8.0192097 ], [ -5.0788408, 8.0197356 ], [ -5.0788595, 8.0202629 ], [ -5.0789078, 8.0208153 ], [ -5.0789843, 8.0213372 ], [ -5.0790868, 8.021867 ], [ -5.0795464, 8.0239382 ], [ -5.0797539, 8.0249044 ] ] } },
{ "type": "Feature", "properties": { "name": "Chemins de fer Abidjan-Niger", "name:en": null, "railway": "rail", "ele": null, "operator:type": null, "layer": null, "addr:full": null, "addr:city": null, "source": "Perry-Castañeda LibraryMap Collection;landsat;landsat and personal knowledge", "name:fr": null, "osm_id": 403612113, "osm_type": "ways_line" }, "geometry": { "type": "LineString", "coordinates": [ [ -5.1151276, 8.3778085 ], [ -5.1157958, 8.3815379 ], [ -5.1162702, 8.3841821 ], [ -5.1168966, 8.3875532 ], [ -5.1180607, 8.3939804 ], [ -5.1181483, 8.3945179 ], [ -5.1181994, 8.3949582 ], [ -5.1182382, 8.3953896 ], [ -5.1182382, 8.3959389 ], [ -5.1181837, 8.3964412 ], [ -5.1181295, 8.3968689 ], [ -5.1180263, 8.3973691 ], [ -5.1178772, 8.3978742 ], [ -5.1176709, 8.3984212 ], [ -5.117441, 8.3989263 ], [ -5.1172082, 8.3993392 ], [ -5.11694, 8.3997519 ], [ -5.1166745, 8.4001116 ], [ -5.114995, 8.4023382 ], [ -5.1117673, 8.4063416 ], [ -5.1086444, 8.4102898 ], [ -5.1083507, 8.4106958 ], [ -5.1080391, 8.411196 ], [ -5.1078545, 8.4115303 ], [ -5.1076468, 8.4119681 ], [ -5.1074629, 8.4124643 ], [ -5.107313, 8.4130198 ], [ -5.107229, 8.4134142 ], [ -5.1071725, 8.413809 ], [ -5.1071231, 8.4142831 ], [ -5.1071141, 8.4148577 ], [ -5.1071417, 8.4154011 ], [ -5.1072134, 8.415938 ], [ -5.1073323, 8.4165 ], [ -5.1074516, 8.4169918 ], [ -5.1075013, 8.4173013 ], [ -5.1075333, 8.4177202 ], [ -5.1076853, 8.4210189 ], [ -5.1077132, 8.4214298 ], [ -5.1077648, 8.4218362 ], [ -5.1080793, 8.4234556 ], [ -5.1086796, 8.4268282 ], [ -5.1087606, 8.4272113 ], [ -5.1088722, 8.4276351 ], [ -5.1113662, 8.4354349 ], [ -5.1120932, 8.4376636 ] ] } },
{ "type": "Feature", "properties": { "name": "Chemins de fer Abidjan-Niger", "name:en": null, "railway": "rail", "ele": null, "operator:type": null, "layer": null, "addr:full": null, "addr:city": null, "source": "Perry-Castañeda LibraryMap Collection;landsat;landsat and personal knowledge", "name:fr": null, "osm_id": 403612114, "osm_type": "ways_line" }, "geometry": { "type": "LineString", "coordinates": [ [ -5.1084562, 8.1427855 ], [ -5.1085643, 8.1432544 ], [ -5.1087681, 8.1440744 ], [ -5.1088598, 8.1444155 ], [ -5.1090216, 8.144859 ], [ -5.1091738, 8.1452195 ], [ -5.1093716, 8.1456503 ], [ -5.1096323, 8.1460862 ], [ -5.1098921, 8.1465645 ], [ -5.1101816, 8.1469672 ], [ -5.1104918, 8.1473839 ], [ -5.1171053, 8.1547876 ], [ -5.1290295, 8.1681173 ], [ -5.1292674, 8.1684206 ], [ -5.1294848, 8.1687433 ], [ -5.1296577, 8.169022 ], [ -5.1298736, 8.1694056 ], [ -5.1300749, 8.1698026 ], [ -5.130229, 8.1702087 ], [ -5.1304008, 8.1706987 ], [ -5.13052, 8.1711911 ], [ -5.13061, 8.1716704 ], [ -5.1306622, 8.1720911 ], [ -5.1306876, 8.1726288 ], [ -5.1306851, 8.1730749 ], [ -5.1306517, 8.1735064 ], [ -5.1306021, 8.173953 ], [ -5.13025, 8.1762583 ], [ -5.1297468, 8.1793489 ], [ -5.1271994, 8.1957692 ], [ -5.1265425, 8.1999245 ], [ -5.1261279, 8.2025933 ], [ -5.126089, 8.2029673 ], [ -5.1260625, 8.2033531 ], [ -5.1260552, 8.2037774 ], [ -5.1260689, 8.2041274 ], [ -5.1261037, 8.204519 ], [ -5.1261679, 8.2049373 ], [ -5.1262459, 8.205334 ], [ -5.1263306, 8.2056759 ], [ -5.1264189, 8.205991 ], [ -5.126553, 8.2063773 ], [ -5.1267143, 8.2067908 ], [ -5.1282461, 8.2103385 ], [ -5.1288978, 8.2119083 ], [ -5.1290193, 8.2122336 ], [ -5.1291433, 8.2126556 ], [ -5.1292097, 8.2130168 ], [ -5.1292505, 8.2133551 ], [ -5.1292755, 8.213707 ], [ -5.129276, 8.2140917 ], [ -5.129254, 8.2144768 ], [ -5.1291928, 8.214916 ], [ -5.1290999, 8.2153349 ], [ -5.1289348, 8.2159462 ], [ -5.1286599, 8.2168847 ], [ -5.1284268, 8.2177308 ], [ -5.1248539, 8.2308887 ], [ -5.1244187, 8.2325463 ], [ -5.1235469, 8.2357335 ], [ -5.1216911, 8.2425766 ], [ -5.1206527, 8.2463665 ], [ -5.1198318, 8.2494157 ], [ -5.1197228, 8.2498862 ], [ -5.1196383, 8.2503653 ], [ -5.1195793, 8.2508537 ], [ -5.1195739, 8.251349 ], [ -5.1195887, 8.2518491 ], [ -5.1196297, 8.2522858 ], [ -5.1196892, 8.2527423 ], [ -5.1197972, 8.2532112 ], [ -5.1199065, 8.2535971 ], [ -5.1200218, 8.2539395 ], [ -5.1202497, 8.2545278 ], [ -5.1227589, 8.2606042 ], [ -5.1274168, 8.2718803 ], [ -5.1281887, 8.2737792 ] ] } },
{ "type": "Feature", "properties": { "name": "Chemins de fer Abidjan-Niger", "name:en": null, "railway": "rail", "ele": null, "operator:type": null, "layer": null, "addr:full": null, "addr:city": null, "source": "Perry-Castañeda LibraryMap Collection;landsat;landsat and personal knowledge", "name:fr": null, "osm_id": 403616694, "osm_type": "ways_line" }, "geometry": { "type": "LineString", "coordinates": [ [ -5.1121098, 8.4377157 ], [ -5.1141234, 8.4440558 ], [ -5.1160447, 8.4500305 ], [ -5.1175608, 8.454754 ], [ -5.1186281, 8.4580711 ], [ -5.1201497, 8.4627964 ], [ -5.1208812, 8.4651467 ], [ -5.1212932, 8.4663832 ], [ -5.121489, 8.4669921 ], [ -5.1216632, 8.4676419 ], [ -5.1217358, 8.4680387 ], [ -5.1217983, 8.4684882 ], [ -5.1218498, 8.4690096 ], [ -5.1218726, 8.4694389 ], [ -5.1218551, 8.4700072 ], [ -5.1218134, 8.4705837 ], [ -5.1200307, 8.486461 ], [ -5.119983, 8.4870401 ], [ -5.119983, 8.4876768 ], [ -5.1200259, 8.4882365 ], [ -5.1201011, 8.4888103 ], [ -5.1219006, 8.4978682 ], [ -5.1220322, 8.4985771 ], [ -5.1220829, 8.4990557 ], [ -5.1220939, 8.4994658 ], [ -5.122067, 8.4999406 ], [ -5.1219827, 8.5003754 ], [ -5.1218551, 8.5008081 ], [ -5.1217159, 8.5011648 ], [ -5.121544, 8.5015163 ], [ -5.1213109, 8.5018716 ], [ -5.1210478, 8.5022193 ], [ -5.1207688, 8.5025429 ], [ -5.1204757, 8.5028161 ], [ -5.1201251, 8.5030788 ], [ -5.1198049, 8.5032815 ], [ -5.1171515, 8.505021 ], [ -5.1168957, 8.5052434 ], [ -5.116657, 8.5054795 ], [ -5.1164336, 8.5058027 ], [ -5.1162815, 8.5060551 ], [ -5.1161781, 8.5063357 ], [ -5.1160911, 8.5065963 ], [ -5.1160428, 8.5069518 ], [ -5.1160349, 8.5073214 ], [ -5.116877, 8.5239241 ], [ -5.1168937, 8.5243149 ] ] } },
{ "type": "Feature", "properties": { "name": "Chemins de fer Abidjan-Niger", "name:en": null, "railway": "rail", "ele": null, "operator:type": null, "layer": null, "addr:full": null, "addr:city": null, "source": "Perry-Castañeda LibraryMap Collection;landsat;landsat and personal knowledge", "name:fr": null, "osm_id": 403758474, "osm_type": "ways_line" }, "geometry": { "type": "LineString", "coordinates": [ [ -5.1168937, 8.5243149 ], [ -5.1168855, 8.5246703 ], [ -5.1169807, 8.5266691 ], [ -5.1170183, 8.5269913 ], [ -5.1170706, 8.5272181 ], [ -5.1171349, 8.5274065 ], [ -5.1172181, 8.5276094 ], [ -5.1173388, 8.5278468 ], [ -5.117485, 8.5280656 ], [ -5.1175976, 8.5282049 ], [ -5.1177532, 8.5283866 ], [ -5.1183956, 8.5290444 ], [ -5.1186874, 8.5293207 ] ] } },
{ "type": "Feature", "properties": { "name": "Chemins de fer Abidjan-Niger", "name:en": null, "railway": "rail", "ele": null, "operator:type": null, "layer": null, "addr:full": null, "addr:city": null, "source": "Perry-Castañeda LibraryMap Collection;landsat;landsat and personal knowledge", "name:fr": null, "osm_id": 403758477, "osm_type": "ways_line" }, "geometry": { "type": "LineString", "coordinates": [ [ -5.1561739, 8.8144491 ], [ -5.1540968, 8.8158419 ], [ -5.1535687, 8.8162113 ], [ -5.1528523, 8.8167573 ], [ -5.1508358, 8.8184578 ], [ -5.1505794, 8.8186935 ], [ -5.1503796, 8.8189267 ], [ -5.1501973, 8.8191774 ], [ -5.150051, 8.8194595 ], [ -5.1499493, 8.8197386 ], [ -5.1498816, 8.8199957 ], [ -5.1498364, 8.8202758 ], [ -5.1498225, 8.8205788 ], [ -5.1498453, 8.8208783 ], [ -5.1499048, 8.8211796 ], [ -5.1499861, 8.8214389 ], [ -5.1500832, 8.8216739 ], [ -5.1501806, 8.8218855 ] ] } },
{ "type": "Feature", "properties": { "name": "Chemins de fer Abidjan-Niger", "name:en": null, "railway": "rail", "ele": null, "operator:type": null, "layer": "1", "addr:full": null, "addr:city": null, "source": "Perry-Castañeda LibraryMap Collection;landsat;landsat and personal knowledge", "name:fr": null, "osm_id": 403758482, "osm_type": "ways_line" }, "geometry": { "type": "LineString", "coordinates": [ [ -5.1702406, 8.7991731 ], [ -5.1702234, 8.7992677 ] ] } },
{ "type": "Feature", "properties": { "name": "Chemins de fer Abidjan-Niger", "name:en": null, "railway": "rail", "ele": null, "operator:type": null, "layer": "1", "addr:full": null, "addr:city": null, "source": "Perry-Castañeda LibraryMap Collection;landsat;landsat and personal knowledge", "name:fr": null, "osm_id": 403758485, "osm_type": "ways_line" }, "geometry": { "type": "LineString", "coordinates": [ [ -5.1562241, 8.8144148 ], [ -5.1561739, 8.8144491 ] ] } },
{ "type": "Feature", "properties": { "name": "Chemins de fer Abidjan-Niger", "name:en": null, "railway": "rail", "ele": null, "operator:type": null, "layer": "1", "addr:full": null, "addr:city": null, "source": "Perry-Castañeda LibraryMap Collection;landsat;landsat and personal knowledge", "name:fr": null, "osm_id": 403758489, "osm_type": "ways_line" }, "geometry": { "type": "LineString", "coordinates": [ [ -5.1640632, 8.858924 ], [ -5.1640927, 8.8590136 ] ] } },
{ "type": "Feature", "properties": { "name": "Chemins de fer Abidjan-Niger", "name:en": null, "railway": "rail", "ele": null, "operator:type": null, "layer": "1", "addr:full": null, "addr:city": null, "source": "Perry-Castañeda LibraryMap Collection;landsat;landsat and personal knowledge", "name:fr": null, "osm_id": 403758506, "osm_type": "ways_line" }, "geometry": { "type": "LineString", "coordinates": [ [ -5.1536147, 8.8287196 ], [ -5.1536847, 8.828859 ] ] } },
{ "type": "Feature", "properties": { "name": "Chemins de fer Abidjan-Niger", "name:en": null, "railway": "rail", "ele": null, "operator:type": null, "layer": null, "addr:full": null, "addr:city": null, "source": null, "name:fr": null, "osm_id": 402689684, "osm_type": "ways_line" }, "geometry": { "type": "LineString", "coordinates": [ [ -4.7037739, 6.6416714 ], [ -4.7038088, 6.642103 ], [ -4.7039187, 6.6424573 ], [ -4.7040422, 6.6427584 ], [ -4.7043011, 6.6431754 ], [ -4.7044847, 6.6433924 ], [ -4.7047126, 6.6436482 ] ] } },
{ "type": "Feature", "properties": { "name": "Chemins de fer Abidjan-Niger", "name:en": null, "railway": "rail", "ele": null, "operator:type": null, "layer": "1", "addr:full": null, "addr:city": null, "source": "Perry-Castañeda LibraryMap Collection;landsat;landsat and personal knowledge", "name:fr": null, "osm_id": 403758509, "osm_type": "ways_line" }, "geometry": { "type": "LineString", "coordinates": [ [ -5.1524592, 8.8264098 ], [ -5.1525054, 8.8265003 ] ] } },
{ "type": "Feature", "properties": { "name": "Chemins de fer Abidjan-Niger", "name:en": null, "railway": "rail", "ele": null, "operator:type": null, "layer": null, "addr:full": null, "addr:city": null, "source": "Perry-Castañeda LibraryMap Collection;landsat;landsat and personal knowledge", "name:fr": null, "osm_id": 403758522, "osm_type": "ways_line" }, "geometry": { "type": "LineString", "coordinates": [ [ -5.1549782, 8.8307226 ], [ -5.1552924, 8.8309753 ], [ -5.1556179, 8.831189 ], [ -5.1559983, 8.8313943 ], [ -5.1563944, 8.8315601 ], [ -5.1568356, 8.8316966 ], [ -5.157302, 8.8318104 ], [ -5.1598677, 8.8323315 ], [ -5.1602434, 8.8324347 ], [ -5.1606591, 8.8325924 ], [ -5.1610184, 8.8327745 ], [ -5.1613747, 8.8329866 ], [ -5.1617213, 8.8332484 ], [ -5.1620578, 8.8335511 ], [ -5.1623288, 8.8338554 ], [ -5.1625782, 8.8341846 ], [ -5.1628076, 8.8345537 ], [ -5.1629885, 8.8349134 ], [ -5.167137, 8.844524 ], [ -5.1672952, 8.8449202 ], [ -5.1674012, 8.8452568 ], [ -5.1674545, 8.845554 ], [ -5.1674709, 8.8458875 ], [ -5.1674585, 8.8461583 ], [ -5.1674263, 8.8463928 ], [ -5.1673703, 8.8466203 ], [ -5.1672936, 8.846846 ], [ -5.1671933, 8.8470695 ], [ -5.1670418, 8.8473412 ], [ -5.1668899, 8.847555 ], [ -5.1667156, 8.8477537 ], [ -5.1665228, 8.847964 ], [ -5.1645687, 8.8499243 ], [ -5.1643861, 8.8501337 ], [ -5.1642213, 8.8503562 ], [ -5.1640803, 8.8506054 ], [ -5.1639652, 8.8508651 ], [ -5.1638791, 8.8511209 ], [ -5.1637935, 8.8514721 ], [ -5.1631873, 8.854584 ], [ -5.1631482, 8.8548909 ], [ -5.1631265, 8.8551836 ], [ -5.1631268, 8.8554952 ], [ -5.1631415, 8.8557396 ], [ -5.1631872, 8.8560855 ], [ -5.1632501, 8.8564029 ], [ -5.1633454, 8.8567182 ], [ -5.1640632, 8.858924 ] ] } },
{ "type": "Feature", "properties": { "name": "Chemins de fer Abidjan-Niger", "name:en": null, "railway": "rail", "ele": null, "operator:type": null, "layer": null, "addr:full": null, "addr:city": null, "source": "Perry-Castañeda LibraryMap Collection;landsat;landsat and personal knowledge", "name:fr": null, "osm_id": 403758527, "osm_type": "ways_line" }, "geometry": { "type": "LineString", "coordinates": [ [ -5.1330728, 8.697729 ], [ -5.1368691, 8.7019811 ], [ -5.13705, 8.7022214 ], [ -5.1372025, 8.702476 ], [ -5.1373226, 8.7027526 ], [ -5.1374238, 8.703054 ], [ -5.141367, 8.7161685 ], [ -5.1414994, 8.7165755 ], [ -5.1416512, 8.7169376 ], [ -5.1532009, 8.740244 ], [ -5.1533669, 8.7405498 ], [ -5.1535178, 8.7407811 ], [ -5.1536914, 8.7409885 ], [ -5.1538577, 8.7411595 ], [ -5.1540401, 8.7413093 ], [ -5.154269, 8.7414633 ], [ -5.1719736, 8.7515692 ], [ -5.1723274, 8.7517822 ], [ -5.1726523, 8.7520411 ], [ -5.1728947, 8.7523031 ], [ -5.1730597, 8.7525244 ], [ -5.1732106, 8.7527584 ], [ -5.1746277, 8.7553508 ], [ -5.174779, 8.75563 ], [ -5.1748889, 8.7558699 ], [ -5.174971, 8.7561117 ], [ -5.1750405, 8.7564266 ], [ -5.1750686, 8.7567063 ], [ -5.1750743, 8.7569984 ], [ -5.1745099, 8.7700488 ], [ -5.1745046, 8.7705631 ], [ -5.1745274, 8.7709462 ], [ -5.1745791, 8.7712929 ], [ -5.174879, 8.7726885 ], [ -5.1759658, 8.7775766 ], [ -5.1769602, 8.7821519 ], [ -5.1770065, 8.7824381 ], [ -5.1770199, 8.7827112 ], [ -5.1770071, 8.7829586 ], [ -5.176969, 8.7832055 ], [ -5.1769136, 8.7834253 ], [ -5.1768416, 8.7836442 ], [ -5.1767496, 8.7838628 ], [ -5.1766324, 8.784079 ], [ -5.1765009, 8.7842658 ], [ -5.1763688, 8.7844296 ], [ -5.1727288, 8.7887036 ], [ -5.1725098, 8.7889894 ], [ -5.1723026, 8.7892906 ], [ -5.1721665, 8.7895196 ], [ -5.1720525, 8.789733 ], [ -5.17195, 8.789971 ], [ -5.1718661, 8.7902074 ], [ -5.1717883, 8.7904871 ], [ -5.1717287, 8.7907657 ], [ -5.1709032, 8.79553 ], [ -5.1702406, 8.7991731 ] ] } },
{ "type": "Feature", "properties": { "name": "Chemins de fer Abidjan-Niger", "name:en": null, "railway": "rail", "ele": null, "operator:type": null, "layer": null, "addr:full": null, "addr:city": null, "source": "Perry-Castañeda LibraryMap Collection;landsat;landsat and personal knowledge", "name:fr": null, "osm_id": 403758537, "osm_type": "ways_line" }, "geometry": { "type": "LineString", "coordinates": [ [ -5.1536847, 8.828859 ], [ -5.15396, 8.8294186 ], [ -5.1541695, 8.8297817 ], [ -5.1544056, 8.8301117 ], [ -5.154707, 8.8304657 ], [ -5.1549782, 8.8307226 ] ] } },
{ "type": "Feature", "properties": { "name": "Chemins de fer Abidjan-Niger", "name:en": null, "railway": "rail", "ele": null, "operator:type": null, "layer": null, "addr:full": null, "addr:city": null, "source": "Perry-Castañeda LibraryMap Collection;landsat;landsat and personal knowledge", "name:fr": null, "osm_id": 403834614, "osm_type": "ways_line" }, "geometry": { "type": "LineString", "coordinates": [ [ -5.1640927, 8.8590136 ], [ -5.1646347, 8.8606905 ], [ -5.1647321, 8.8610169 ], [ -5.1647796, 8.8613583 ], [ -5.1647924, 8.8616596 ], [ -5.1647735, 8.8619255 ], [ -5.1647041, 8.8622457 ], [ -5.1646167, 8.8625143 ], [ -5.1645189, 8.8627396 ], [ -5.1643928, 8.8629648 ], [ -5.1642609, 8.8631733 ], [ -5.1602594, 8.8691289 ], [ -5.1600892, 8.8693821 ], [ -5.1599229, 8.8696856 ], [ -5.1597497, 8.8700591 ], [ -5.1546896, 8.8818143 ], [ -5.1545476, 8.8821651 ], [ -5.1544306, 8.8824932 ], [ -5.1543568, 8.8828192 ], [ -5.1543093, 8.8831597 ], [ -5.1534697, 8.8915517 ], [ -5.1534294, 8.8919293 ], [ -5.153414, 8.8923168 ], [ -5.15342, 8.892617 ], [ -5.1534462, 8.892913 ], [ -5.1534898, 8.8932052 ], [ -5.1535642, 8.8935623 ], [ -5.1536802, 8.8939406 ], [ -5.156009, 8.9001463 ], [ -5.1561525, 8.9004826 ], [ -5.1563001, 8.9007674 ], [ -5.1564771, 8.9010616 ], [ -5.1567265, 8.9014153 ], [ -5.157001, 8.9017247 ], [ -5.1578774, 8.9025725 ], [ -5.164602, 8.9091366 ], [ -5.1650061, 8.9095592 ], [ -5.1653203, 8.9099148 ], [ -5.165614, 8.9102851 ], [ -5.1658528, 8.9106236 ], [ -5.1660666, 8.910964 ], [ -5.1662242, 8.9112265 ], [ -5.1663677, 8.911491 ], [ -5.1665537, 8.91187 ], [ -5.1666924, 8.9121945 ], [ -5.1668412, 8.9125951 ], [ -5.1669823, 8.9130117 ], [ -5.1670911, 8.9134293 ], [ -5.1671824, 8.9138236 ], [ -5.1672685, 8.9143082 ], [ -5.1682948, 8.9204786 ], [ -5.1683432, 8.9207538 ], [ -5.1684018, 8.9210369 ], [ -5.1685242, 8.9214348 ], [ -5.1686524, 8.9217603 ], [ -5.168779, 8.9220231 ], [ -5.1689065, 8.9222602 ], [ -5.1690632, 8.9225052 ], [ -5.1692458, 8.9227478 ], [ -5.1694473, 8.9229801 ], [ -5.1696843, 8.9232221 ], [ -5.1700335, 8.9235227 ], [ -5.1796435, 8.9300855 ], [ -5.1798955, 8.9302717 ], [ -5.1801362, 8.9304576 ], [ -5.1804306, 8.9307062 ], [ -5.1807605, 8.9310069 ], [ -5.1810526, 8.9313058 ], [ -5.1813546, 8.9316402 ], [ -5.1816349, 8.9319913 ], [ -5.1818931, 8.9323413 ], [ -5.1821271, 8.9326921 ], [ -5.182347, 8.9330644 ], [ -5.1825564, 8.9334565 ], [ -5.1827753, 8.9339211 ], [ -5.1829541, 8.9343673 ], [ -5.1833648, 8.935523 ], [ -5.1835587, 8.9360686 ], [ -5.1877375, 8.9479118 ], [ -5.1903601, 8.9552958 ], [ -5.191598, 8.9588066 ], [ -5.1917468, 8.9592078 ], [ -5.1919231, 8.9596022 ], [ -5.1922041, 8.9601219 ], [ -5.1925126, 8.9605962 ], [ -5.1928185, 8.960998 ], [ -5.1952424, 8.9637867 ], [ -5.1954724, 8.9640722 ], [ -5.1957124, 8.9644034 ], [ -5.195919, 8.9647611 ], [ -5.1960606, 8.9650552 ], [ -5.1961684, 8.9653188 ], [ -5.1962654, 8.9656072 ], [ -5.1963361, 8.965907 ], [ -5.196391, 8.9662395 ], [ -5.1964359, 8.9665871 ], [ -5.197042, 8.9736008 ], [ -5.1971796, 8.9752335 ], [ -5.1972413, 8.9757045 ], [ -5.1973298, 8.9761284 ], [ -5.1974483, 8.9765082 ], [ -5.1975954, 8.9768914 ], [ -5.197773, 8.9772228 ], [ -5.1980446, 8.9776292 ], [ -5.1983155, 8.9779577 ], [ -5.1986034, 8.9782618 ], [ -5.2018161, 8.9813078 ], [ -5.2024247, 8.9819172 ], [ -5.2027009, 8.9822152 ], [ -5.2029694, 8.9825579 ], [ -5.2031857, 8.9829322 ], [ -5.203338, 8.9832538 ], [ -5.2034535, 8.9835803 ], [ -5.2035834, 8.9839916 ], [ -5.203638, 8.9843426 ], [ -5.2040256, 8.9897745 ], [ -5.2046302, 8.9979392 ], [ -5.2053349, 9.0076559 ], [ -5.2056648, 9.0122744 ], [ -5.2059944, 9.0168845 ], [ -5.2066639, 9.0253992 ], [ -5.2073086, 9.0342646 ], [ -5.2076694, 9.0391563 ], [ -5.2077194, 9.0398982 ], [ -5.2077341, 9.0403763 ], [ -5.2077137, 9.0408564 ], [ -5.2076617, 9.0413405 ], [ -5.2075705, 9.041826 ], [ -5.2075209, 9.042061 ], [ -5.2074297, 9.0424186 ], [ -5.2073096, 9.0427839 ], [ -5.2071869, 9.0431152 ], [ -5.2070367, 9.0434596 ], [ -5.2068746, 9.0437708 ], [ -5.2066223, 9.0442079 ], [ -5.2064164, 9.0445179 ], [ -5.2061181, 9.0449112 ], [ -5.205867, 9.0452042 ], [ -5.2055991, 9.0454926 ], [ -5.205237, 9.045821 ], [ -5.2048599, 9.0461352 ], [ -5.2044725, 9.0464091 ], [ -5.192578, 9.0534358 ], [ -5.1778805, 9.0621124 ] ] } },
{ "type": "Feature", "properties": { "name": "Chemins de fer Abidjan-Niger", "name:en": null, "railway": "rail", "ele": null, "operator:type": null, "layer": null, "addr:full": null, "addr:city": null, "source": "Perry-Castañeda LibraryMap Collection;landsat;landsat and personal knowledge", "name:fr": null, "osm_id": 403834615, "osm_type": "ways_line" }, "geometry": { "type": "LineString", "coordinates": [ [ -5.1778805, 9.0621124 ], [ -5.1748165, 9.0639136 ], [ -5.1721698, 9.0654695 ] ] } },
{ "type": "Feature", "properties": { "name": "Chemins de fer Abidjan-Niger", "name:en": null, "railway": "rail", "ele": null, "operator:type": null, "layer": "1", "addr:full": null, "addr:city": null, "source": "Perry-Castañeda LibraryMap Collection;landsat;landsat and personal knowledge", "name:fr": null, "osm_id": 403894067, "osm_type": "ways_line" }, "geometry": { "type": "LineString", "coordinates": [ [ -5.2262425, 9.3865326 ], [ -5.2262661, 9.3866374 ] ] } },
{ "type": "Feature", "properties": { "name": "Chemins de fer Abidjan-Niger", "name:en": null, "railway": "rail", "ele": null, "operator:type": null, "layer": null, "addr:full": null, "addr:city": null, "source": "Perry-Castañeda LibraryMap Collection;landsat;landsat and personal knowledge", "name:fr": null, "osm_id": 403894069, "osm_type": "ways_line" }, "geometry": { "type": "LineString", "coordinates": [ [ -5.2152703, 9.4863831 ], [ -5.2147372, 9.4879479 ] ] } },
{ "type": "Feature", "properties": { "name": "Chemins de fer Abidjan-Niger", "name:en": null, "railway": "rail", "ele": null, "operator:type": null, "layer": "1", "addr:full": null, "addr:city": null, "source": "Perry-Castañeda LibraryMap Collection;landsat;landsat and personal knowledge", "name:fr": null, "osm_id": 403894071, "osm_type": "ways_line" }, "geometry": { "type": "LineString", "coordinates": [ [ -5.2285732, 9.3949446 ], [ -5.2286083, 9.3950417 ] ] } },
{ "type": "Feature", "properties": { "name": "Chemins de fer Abidjan-Niger", "name:en": null, "railway": "rail", "ele": null, "operator:type": null, "layer": "1", "addr:full": null, "addr:city": null, "source": "Perry-Castañeda LibraryMap Collection;landsat;landsat and personal knowledge", "name:fr": null, "osm_id": 403894072, "osm_type": "ways_line" }, "geometry": { "type": "LineString", "coordinates": [ [ -5.2267513, 9.449839 ], [ -5.2268963, 9.4499552 ] ] } },
{ "type": "Feature", "properties": { "name": "Chemins de fer Abidjan-Niger", "name:en": null, "railway": "rail", "ele": null, "operator:type": null, "layer": null, "addr:full": null, "addr:city": null, "source": "Perry-Castañeda LibraryMap Collection;landsat;landsat and personal knowledge", "name:fr": null, "osm_id": 403894074, "osm_type": "ways_line" }, "geometry": { "type": "LineString", "coordinates": [ [ -5.2247546, 9.379987 ], [ -5.2255156, 9.383259 ], [ -5.2262425, 9.3865326 ] ] } },
{ "type": "Feature", "properties": { "name": "Chemins de fer Abidjan-Niger", "name:en": null, "railway": "rail", "ele": null, "operator:type": null, "layer": null, "addr:full": null, "addr:city": null, "source": "Perry-Castañeda LibraryMap Collection;landsat;landsat and personal knowledge", "name:fr": null, "osm_id": 403894079, "osm_type": "ways_line" }, "geometry": { "type": "LineString", "coordinates": [ [ -5.2268963, 9.4499552 ], [ -5.2303839, 9.4527492 ], [ -5.2307996, 9.4531029 ], [ -5.2311376, 9.4534233 ], [ -5.2314245, 9.4537762 ], [ -5.2316711, 9.4541339 ], [ -5.2318859, 9.4545475 ], [ -5.2320545, 9.4549703 ] ] } },
{ "type": "Feature", "properties": { "name": "Chemins de fer Abidjan-Niger", "name:en": null, "railway": "rail", "ele": null, "operator:type": null, "layer": null, "addr:full": null, "addr:city": null, "source": "Perry-Castañeda LibraryMap Collection;landsat;landsat and personal knowledge", "name:fr": null, "osm_id": 404023791, "osm_type": "ways_line" }, "geometry": { "type": "LineString", "coordinates": [ [ -5.1628469, 9.717594 ], [ -5.1665151, 9.7225874 ], [ -5.1669667, 9.7232087 ], [ -5.1671853, 9.7235458 ], [ -5.1673615, 9.7238728 ], [ -5.1675098, 9.7242146 ], [ -5.1676311, 9.7245435 ], [ -5.1677257, 9.7248663 ], [ -5.1677925, 9.7252133 ], [ -5.167825, 9.725551 ], [ -5.1678317, 9.7259303 ], [ -5.1678031, 9.7263536 ], [ -5.1677472, 9.7267433 ], [ -5.1676641, 9.7271094 ], [ -5.1675849, 9.7273685 ], [ -5.1674615, 9.727687 ], [ -5.1672787, 9.7280608 ], [ -5.1659877, 9.7306162 ], [ -5.1646751, 9.7331318 ] ] } },
{ "type": "Feature", "properties": { "name": "Chemins de fer Abidjan-Niger", "name:en": null, "railway": "rail", "ele": null, "operator:type": null, "layer": null, "addr:full": null, "addr:city": null, "source": "Perry-Castañeda LibraryMap Collection;landsat;landsat and personal knowledge", "name:fr": null, "osm_id": 404023824, "osm_type": "ways_line" }, "geometry": { "type": "LineString", "coordinates": [ [ -5.1536503, 9.7723011 ], [ -5.1536656, 9.7742371 ] ] } },
{ "type": "Feature", "properties": { "name": "Chemins de fer Abidjan-Niger", "name:en": null, "railway": "rail", "ele": null, "operator:type": null, "layer": "1", "addr:full": null, "addr:city": null, "source": "Perry-Castañeda LibraryMap Collection;landsat;landsat and personal knowledge", "name:fr": null, "osm_id": 404023826, "osm_type": "ways_line" }, "geometry": { "type": "LineString", "coordinates": [ [ -5.1595101, 9.7431791 ], [ -5.1594654, 9.7432681 ] ] } },
{ "type": "Feature", "properties": { "name": "Chemins de fer Abidjan-Niger", "name:en": null, "railway": "rail", "ele": null, "operator:type": null, "layer": "1", "addr:full": null, "addr:city": null, "source": "Perry-Castañeda LibraryMap Collection;landsat;landsat and personal knowledge", "name:fr": null, "osm_id": 404023828, "osm_type": "ways_line" }, "geometry": { "type": "LineString", "coordinates": [ [ -5.1641047, 9.6545512 ], [ -5.1640773, 9.6545954 ] ] } },
{ "type": "Feature", "properties": { "name": "Chemins de fer Abidjan-Niger", "name:en": null, "railway": "rail", "ele": null, "operator:type": null, "layer": "1", "addr:full": null, "addr:city": null, "source": "Perry-Castañeda LibraryMap Collection;landsat;landsat and personal knowledge", "name:fr": null, "osm_id": 404023829, "osm_type": "ways_line" }, "geometry": { "type": "LineString", "coordinates": [ [ -5.1760781, 9.8281819 ], [ -5.1760739, 9.8282771 ] ] } },
{ "type": "Feature", "properties": { "name": "Chemins de fer Abidjan-Niger", "name:en": null, "railway": "rail", "ele": null, "operator:type": null, "layer": "1", "addr:full": null, "addr:city": null, "source": "Perry-Castañeda LibraryMap Collection;landsat;landsat and personal knowledge", "name:fr": null, "osm_id": 404023830, "osm_type": "ways_line" }, "geometry": { "type": "LineString", "coordinates": [ [ -5.1534282, 9.7586862 ], [ -5.1534349, 9.7587894 ] ] } },
{ "type": "Feature", "properties": { "name": "Chemins de fer Abidjan-Niger", "name:en": null, "railway": "rail", "ele": null, "operator:type": null, "layer": null, "addr:full": null, "addr:city": null, "source": "Perry-Castañeda LibraryMap Collection;landsat;landsat and personal knowledge", "name:fr": null, "osm_id": 404023831, "osm_type": "ways_line" }, "geometry": { "type": "LineString", "coordinates": [ [ -5.1538984, 9.7762653 ], [ -5.1540689, 9.7769685 ], [ -5.154299, 9.7777902 ], [ -5.1545895, 9.7785817 ], [ -5.1549836, 9.7795388 ], [ -5.1583246, 9.7863007 ], [ -5.1617562, 9.7932411 ], [ -5.1659031, 9.8016464 ], [ -5.1678616, 9.805606 ], [ -5.1682541, 9.8063777 ], [ -5.1684528, 9.8067383 ], [ -5.168745, 9.8071706 ], [ -5.16904, 9.8075724 ], [ -5.1693526, 9.8079355 ], [ -5.174061, 9.8128713 ], [ -5.174391, 9.8132442 ], [ -5.1747022, 9.8136407 ], [ -5.1749918, 9.8140662 ], [ -5.1752564, 9.8144872 ], [ -5.1755202, 9.8149648 ], [ -5.1757429, 9.8154564 ], [ -5.1761447, 9.8165059 ], [ -5.1762713, 9.8170131 ], [ -5.1763705, 9.8175681 ], [ -5.1764402, 9.8181204 ], [ -5.1764783, 9.818664 ], [ -5.1764778, 9.8194155 ], [ -5.1764043, 9.8216499 ], [ -5.1760781, 9.8281819 ] ] } },
{ "type": "Feature", "properties": { "name": "Chemins de fer Abidjan-Niger", "name:en": null, "railway": "rail", "ele": null, "operator:type": null, "layer": null, "addr:full": null, "addr:city": null, "source": "Perry-Castañeda LibraryMap Collection;landsat;landsat and personal knowledge", "name:fr": null, "osm_id": 404023834, "osm_type": "ways_line" }, "geometry": { "type": "LineString", "coordinates": [ [ -5.162689, 9.6567996 ], [ -5.162483, 9.6571036 ], [ -5.1622371, 9.6574064 ], [ -5.1620217, 9.6576549 ], [ -5.1617615, 9.6578876 ], [ -5.1614665, 9.658115 ], [ -5.1611325, 9.6583252 ], [ -5.1607919, 9.6585037 ], [ -5.1604089, 9.6586556 ], [ -5.1529285, 9.6612189 ], [ -5.1467458, 9.6633375 ], [ -5.1463499, 9.663484 ], [ -5.1460548, 9.6636175 ], [ -5.1457692, 9.6637894 ], [ -5.145501, 9.6639678 ], [ -5.1452207, 9.6641992 ], [ -5.1449579, 9.6644307 ], [ -5.1447271, 9.6646633 ], [ -5.1445166, 9.6649237 ], [ -5.1443275, 9.6652 ], [ -5.1441656, 9.6654851 ], [ -5.1440231, 9.6657711 ], [ -5.1438943, 9.6660686 ], [ -5.1437937, 9.6663819 ], [ -5.1437103, 9.666697 ], [ -5.1436476, 9.6670324 ], [ -5.1435497, 9.6678349 ], [ -5.1431653, 9.6714554 ], [ -5.1430494, 9.6724806 ], [ -5.1430266, 9.6730332 ], [ -5.1430324, 9.6736595 ], [ -5.1430803, 9.6742587 ], [ -5.1431612, 9.6748725 ], [ -5.1439875, 9.6785105 ], [ -5.1442976, 9.6798996 ], [ -5.1461199, 9.6882581 ] ] } },
{ "type": "Feature", "properties": { "name": "Chemins de fer Abidjan-Niger", "name:en": null, "railway": "rail", "ele": null, "operator:type": null, "layer": null, "addr:full": null, "addr:city": null, "source": "Perry-Castañeda LibraryMap Collection;landsat;landsat and personal knowledge", "name:fr": null, "osm_id": 404023835, "osm_type": "ways_line" }, "geometry": { "type": "LineString", "coordinates": [ [ -5.1646512, 9.7331781 ], [ -5.1626135, 9.7371644 ], [ -5.160149, 9.7419284 ], [ -5.1599369, 9.7423287 ] ] } },
{ "type": "Feature", "properties": { "name": "Chemins de fer Abidjan-Niger", "name:en": null, "railway": "rail", "ele": null, "operator:type": null, "layer": null, "addr:full": null, "addr:city": null, "source": "Perry-Castañeda LibraryMap Collection;landsat;landsat and personal knowledge", "name:fr": null, "osm_id": 404023837, "osm_type": "ways_line" }, "geometry": { "type": "LineString", "coordinates": [ [ -5.1537897, 9.7551695 ], [ -5.1536629, 9.7558235 ], [ -5.1535771, 9.7563046 ], [ -5.153502, 9.7568201 ] ] } },
{ "type": "Feature", "properties": { "name": "Chemins de fer Abidjan-Niger", "name:en": null, "railway": "rail", "ele": null, "operator:type": null, "layer": null, "addr:full": null, "addr:city": null, "source": "Perry-Castañeda LibraryMap Collection;landsat;landsat and personal knowledge", "name:fr": null, "osm_id": 404023838, "osm_type": "ways_line" }, "geometry": { "type": "LineString", "coordinates": [ [ -5.1536685, 9.7743375 ], [ -5.1537032, 9.7748873 ], [ -5.1537783, 9.7755957 ], [ -5.1538984, 9.7762653 ] ] } },
{ "type": "Feature", "properties": { "name": "Chemins de fer Abidjan-Niger", "name:en": null, "railway": "rail", "ele": null, "operator:type": null, "layer": null, "addr:full": null, "addr:city": null, "source": null, "name:fr": null, "osm_id": 404023845, "osm_type": "ways_line" }, "geometry": { "type": "LineString", "coordinates": [ [ -5.1474191, 9.9592847 ], [ -5.1469883, 9.9599653 ], [ -5.1467428, 9.9602739 ], [ -5.1463728, 9.960638 ], [ -5.1460723, 9.9608815 ], [ -5.1456721, 9.9611395 ], [ -5.1450745, 9.9614653 ], [ -5.1441316, 9.9619152 ], [ -5.1437723, 9.9620889 ] ] } },
{ "type": "Feature", "properties": { "name": "Chemins de fer Abidjan-Niger", "name:en": null, "railway": "rail", "ele": null, "operator:type": null, "layer": null, "addr:full": null, "addr:city": null, "source": null, "name:fr": null, "osm_id": 402543303, "osm_type": "ways_line" }, "geometry": { "type": "LineString", "coordinates": [ [ -4.0617175, 5.5571349 ], [ -4.0617049, 5.5573647 ], [ -4.0617295, 5.5577914 ], [ -4.0618007, 5.5581672 ], [ -4.0618904, 5.5585549 ], [ -4.0620331, 5.5589198 ], [ -4.0622458, 5.5593238 ], [ -4.06245, 5.5595959 ], [ -4.0627259, 5.5599097 ], [ -4.0633151, 5.5604846 ], [ -4.0654752, 5.5624725 ], [ -4.0673911, 5.564305 ], [ -4.0676558, 5.5646082 ], [ -4.0679066, 5.5649352 ], [ -4.0702582, 5.5680713 ], [ -4.0708219, 5.5688021 ], [ -4.0710518, 5.5691432 ], [ -4.0712532, 5.5694669 ], [ -4.0713801, 5.5697418 ], [ -4.0714876, 5.5699882 ], [ -4.0715967, 5.5703068 ], [ -4.0717073, 5.5706681 ], [ -4.0717931, 5.5710346 ], [ -4.0718404, 5.571388 ], [ -4.0718839, 5.571948 ], [ -4.0718917, 5.5723989 ], [ -4.0717288, 5.5743614 ], [ -4.0715029, 5.5767398 ], [ -4.0713887, 5.5779174 ], [ -4.0713747, 5.5782535 ], [ -4.0713872, 5.5785616 ], [ -4.0714471, 5.5789877 ], [ -4.0715142, 5.5793067 ], [ -4.0716027, 5.5795816 ], [ -4.0717406, 5.5798914 ], [ -4.0718736, 5.5801556 ], [ -4.0721485, 5.580588 ], [ -4.0725391, 5.5810275 ], [ -4.0751908, 5.5839489 ], [ -4.0778297, 5.5867633 ], [ -4.0781607, 5.5871496 ], [ -4.0784926, 5.5876321 ], [ -4.0787951, 5.5881814 ], [ -4.0789886, 5.5887106 ], [ -4.0791518, 5.5894213 ], [ -4.0796352, 5.5932803 ], [ -4.0797754, 5.594415 ], [ -4.079821, 5.5949404 ], [ -4.0798479, 5.5958226 ], [ -4.0798391, 5.5969772 ], [ -4.0798115, 5.5999029 ], [ -4.0798686, 5.6004794 ], [ -4.0805269, 5.6035834 ], [ -4.0810488, 5.6059517 ], [ -4.0811482, 5.606673 ], [ -4.081189, 5.6072714 ], [ -4.0814254, 5.6102496 ], [ -4.081788, 5.6148352 ], [ -4.0819859, 5.6175589 ], [ -4.0820439, 5.6181213 ], [ -4.0822508, 5.6192187 ], [ -4.0824006, 5.6197122 ], [ -4.082701, 5.620513 ], [ -4.0830898, 5.6212948 ], [ -4.0847343, 5.624329 ], [ -4.0851195, 5.6250904 ], [ -4.0854509, 5.6258289 ], [ -4.08576, 5.6268469 ], [ -4.085861, 5.6272253 ] ] } },
{ "type": "Feature", "properties": { "name": null, "name:en": null, "railway": "rail", "ele": null, "operator:type": null, "layer": null, "addr:full": null, "addr:city": null, "source": null, "name:fr": null, "osm_id": 396000411, "osm_type": "ways_line" }, "geometry": { "type": "LineString", "coordinates": [ [ -4.013671, 5.299559 ], [ -4.0134617, 5.2993328 ] ] } },
{ "type": "Feature", "properties": { "name": "Chemins de fer Abidjan-Niger", "name:en": null, "railway": "rail", "ele": null, "operator:type": null, "layer": null, "addr:full": null, "addr:city": null, "source": null, "name:fr": null, "osm_id": 402543285, "osm_type": "ways_line" }, "geometry": { "type": "LineString", "coordinates": [ [ -4.1427476, 5.800873 ], [ -4.1428328, 5.8010034 ], [ -4.1437866, 5.8025474 ], [ -4.1440896, 5.8030412 ], [ -4.1443901, 5.803436 ], [ -4.1447093, 5.8037909 ], [ -4.1450061, 5.8040759 ], [ -4.146782, 5.805481 ], [ -4.1471313, 5.8058083 ], [ -4.1473969, 5.8061338 ], [ -4.147503, 5.806283 ], [ -4.1478341, 5.8068863 ], [ -4.1479835, 5.8073206 ], [ -4.1480781, 5.8078336 ], [ -4.1481357, 5.8083318 ], [ -4.1482691, 5.8099318 ], [ -4.1483276, 5.8103206 ], [ -4.148459, 5.8108116 ], [ -4.1486253, 5.8112519 ], [ -4.1488608, 5.8117091 ], [ -4.1491644, 5.8121698 ], [ -4.1494671, 5.8125449 ], [ -4.1498457, 5.8129063 ], [ -4.1502212, 5.8132469 ], [ -4.1541483, 5.8167086 ], [ -4.1545396, 5.8171091 ], [ -4.1548917, 5.8175522 ], [ -4.1552442, 5.8181392 ], [ -4.1576278, 5.8221924 ], [ -4.1586179, 5.8238827 ], [ -4.1588728, 5.8243996 ], [ -4.1591176, 5.825051 ], [ -4.1605204, 5.8293691 ], [ -4.1621709, 5.8344401 ], [ -4.1623296, 5.8349063 ], [ -4.16253, 5.8353295 ], [ -4.1662829, 5.8416517 ], [ -4.1666287, 5.8421451 ], [ -4.1669004, 5.842457 ], [ -4.1672761, 5.8428166 ], [ -4.1695946, 5.8449207 ], [ -4.1699202, 5.8451647 ], [ -4.1702457, 5.845375 ], [ -4.17233, 5.8465652 ], [ -4.1727528, 5.8468596 ], [ -4.1730727, 5.8471635 ], [ -4.1733885, 5.8475212 ], [ -4.1737071, 5.8479403 ], [ -4.1739488, 5.8483441 ], [ -4.1741918, 5.8488569 ], [ -4.1757761, 5.8522999 ], [ -4.1761453, 5.8529882 ], [ -4.177395, 5.8551901 ], [ -4.1787478, 5.8575338 ], [ -4.179124, 5.8581436 ], [ -4.1801809, 5.8596491 ], [ -4.1806845, 5.8603292 ], [ -4.1809242, 5.86068 ], [ -4.1811707, 5.861073 ], [ -4.1814149, 5.8615273 ], [ -4.1816538, 5.8620393 ], [ -4.1832385, 5.8657964 ], [ -4.1835288, 5.8664469 ], [ -4.1838221, 5.8670465 ], [ -4.1852161, 5.8694884 ], [ -4.1864767, 5.8716404 ], [ -4.1876085, 5.8735535 ], [ -4.1887072, 5.8754297 ], [ -4.1898746, 5.8776878 ], [ -4.1900858, 5.8780717 ], [ -4.1904898, 5.8786594 ], [ -4.1919546, 5.880646 ], [ -4.1946358, 5.8842295 ], [ -4.1948887, 5.8846298 ], [ -4.195147, 5.8851406 ], [ -4.1961062, 5.8872459 ], [ -4.199261, 5.8941561 ], [ -4.201247, 5.8986601 ], [ -4.2030542, 5.9028381 ] ] } },
{ "type": "Feature", "properties": { "name": null, "name:en": null, "railway": "rail", "ele": null, "operator:type": null, "layer": null, "addr:full": null, "addr:city": null, "source": null, "name:fr": null, "osm_id": 396000416, "osm_type": "ways_line" }, "geometry": { "type": "LineString", "coordinates": [ [ -4.0154961, 5.3025116 ], [ -4.0150466, 5.301914 ], [ -4.0144811, 5.3010704 ], [ -4.0143498, 5.3008745 ] ] } },
{ "type": "Feature", "properties": { "name": null, "name:en": null, "railway": "rail", "ele": null, "operator:type": null, "layer": null, "addr:full": null, "addr:city": null, "source": null, "name:fr": null, "osm_id": 484928483, "osm_type": "ways_line" }, "geometry": { "type": "LineString", "coordinates": [ [ -4.0108169, 5.2974859 ], [ -4.0105856, 5.2973029 ] ] } },
{ "type": "Feature", "properties": { "name": null, "name:en": null, "railway": "rail", "ele": null, "operator:type": null, "layer": null, "addr:full": null, "addr:city": null, "source": null, "name:fr": null, "osm_id": 396000418, "osm_type": "ways_line" }, "geometry": { "type": "LineString", "coordinates": [ [ -4.0191074, 5.3066225 ], [ -4.0188961, 5.3062283 ], [ -4.0186726, 5.3058656 ], [ -4.0185269, 5.305648 ] ] } },
{ "type": "Feature", "properties": { "name": null, "name:en": null, "railway": "rail", "ele": null, "operator:type": null, "layer": null, "addr:full": null, "addr:city": null, "source": null, "name:fr": null, "osm_id": 341410349, "osm_type": "ways_line" }, "geometry": { "type": "LineString", "coordinates": [ [ -4.0143007, 5.2615488 ], [ -4.0144399, 5.2617249 ], [ -4.0145108, 5.261835 ], [ -4.0146056, 5.2620242 ], [ -4.0146741, 5.262231 ], [ -4.0147051, 5.2623762 ], [ -4.0147183, 5.2625127 ], [ -4.0147073, 5.2626337 ], [ -4.0146741, 5.2627922 ], [ -4.0146233, 5.2629374 ], [ -4.014546, 5.2630782 ], [ -4.0143846, 5.2633071 ], [ -4.0141747, 5.2635888 ], [ -4.0132532, 5.2646164 ] ] } },
{ "type": "Feature", "properties": { "name": null, "name:en": null, "railway": "rail", "ele": null, "operator:type": null, "layer": null, "addr:full": null, "addr:city": null, "source": null, "name:fr": null, "osm_id": 396094872, "osm_type": "ways_line" }, "geometry": { "type": "LineString", "coordinates": [ [ -4.0190499, 5.26838 ], [ -4.0188549, 5.2674327 ] ] } },
{ "type": "Feature", "properties": { "name": null, "name:en": null, "railway": "rail", "ele": null, "operator:type": null, "layer": null, "addr:full": null, "addr:city": null, "source": null, "name:fr": null, "osm_id": 395916217, "osm_type": "ways_line" }, "geometry": { "type": "LineString", "coordinates": [ [ -4.0248527, 5.3267577 ], [ -4.0249732, 5.326899 ], [ -4.0250353, 5.3270048 ], [ -4.0250748, 5.3270975 ], [ -4.0251096, 5.3272042 ], [ -4.0251378, 5.3273419 ], [ -4.0251509, 5.3275353 ] ] } },
{ "type": "Feature", "properties": { "name": "Chemins de fer Abidjan-Niger", "name:en": null, "railway": "rail", "ele": null, "operator:type": null, "layer": null, "addr:full": null, "addr:city": null, "source": null, "name:fr": null, "osm_id": 402539572, "osm_type": "ways_line" }, "geometry": { "type": "LineString", "coordinates": [ [ -4.0558179, 5.4927395 ], [ -4.0558125, 5.4928133 ] ] } },
{ "type": "Feature", "properties": { "name": null, "name:en": null, "railway": "rail", "ele": null, "operator:type": null, "layer": null, "addr:full": null, "addr:city": null, "source": null, "name:fr": null, "osm_id": 401459368, "osm_type": "ways_line" }, "geometry": { "type": "LineString", "coordinates": [ [ -4.0254401, 5.3291945 ], [ -4.0254409, 5.3294223 ] ] } },
{ "type": "Feature", "properties": { "name": null, "name:en": null, "railway": "rail", "ele": null, "operator:type": null, "layer": null, "addr:full": null, "addr:city": null, "source": null, "name:fr": null, "osm_id": 401459347, "osm_type": "ways_line" }, "geometry": { "type": "LineString", "coordinates": [ [ -4.0252406, 5.3290122 ], [ -4.0252376, 5.3286671 ] ] } },
{ "type": "Feature", "properties": { "name": null, "name:en": null, "railway": "rail", "ele": null, "operator:type": null, "layer": null, "addr:full": null, "addr:city": null, "source": null, "name:fr": null, "osm_id": 334725253, "osm_type": "ways_line" }, "geometry": { "type": "LineString", "coordinates": [ [ -4.0209459, 5.3085655 ], [ -4.0211101, 5.308597 ], [ -4.0215868, 5.3086776 ], [ -4.0222059, 5.3087805 ] ] } },
{ "type": "Feature", "properties": { "name": null, "name:en": null, "railway": "rail", "ele": null, "operator:type": null, "layer": null, "addr:full": null, "addr:city": null, "source": null, "name:fr": null, "osm_id": 334725254, "osm_type": "ways_line" }, "geometry": { "type": "LineString", "coordinates": [ [ -4.0186726, 5.3058656 ], [ -4.0189034, 5.3061558 ], [ -4.0196174, 5.3076405 ], [ -4.0197931, 5.3079972 ], [ -4.0199411, 5.3081783 ], [ -4.0200572, 5.3082842 ], [ -4.0202558, 5.3084056 ], [ -4.0204463, 5.3084739 ], [ -4.0206461, 5.308509 ], [ -4.0209459, 5.3085655 ], [ -4.0211166, 5.308556 ], [ -4.0212447, 5.3085369 ], [ -4.0213699, 5.3084889 ], [ -4.0215019, 5.3084306 ], [ -4.0215794, 5.308378 ], [ -4.0217251, 5.3082336 ], [ -4.0244729, 5.3055936 ] ] } },
{ "type": "Feature", "properties": { "name": null, "name:en": null, "railway": "rail", "ele": null, "operator:type": null, "layer": null, "addr:full": null, "addr:city": null, "source": null, "name:fr": null, "osm_id": 334753535, "osm_type": "ways_line" }, "geometry": { "type": "LineString", "coordinates": [ [ -4.0186664, 5.3061241 ], [ -4.0184306, 5.3059167 ], [ -4.0182028, 5.305725 ], [ -4.0167318, 5.3040024 ], [ -4.0164356, 5.3035988 ] ] } },
{ "type": "Feature", "properties": { "name": "Chemins de fer Abidjan-Niger", "name:en": null, "railway": "rail", "ele": null, "operator:type": null, "layer": null, "addr:full": null, "addr:city": null, "source": null, "name:fr": null, "osm_id": 334753521, "osm_type": "ways_line" }, "geometry": { "type": "LineString", "coordinates": [ [ -4.0138423, 5.2998226 ], [ -4.0139382, 5.2999705 ], [ -4.0139549, 5.2999963 ], [ -4.014213, 5.3003943 ], [ -4.0142678, 5.3004788 ], [ -4.0143425, 5.300594 ], [ -4.014906, 5.3014815 ], [ -4.0151385, 5.3018554 ], [ -4.0155082, 5.3023569 ], [ -4.0156564, 5.30256 ], [ -4.0161324, 5.3031113 ], [ -4.0188718, 5.3062936 ], [ -4.0191074, 5.3066225 ], [ -4.0192548, 5.3069647 ], [ -4.0195927, 5.3076655 ], [ -4.0197496, 5.3080309 ], [ -4.0197999, 5.308182 ], [ -4.0198465, 5.3084421 ], [ -4.0198556, 5.3086723 ], [ -4.0198336, 5.30888 ], [ -4.0197916, 5.3090559 ], [ -4.0196994, 5.3092749 ], [ -4.019424, 5.3097302 ], [ -4.0193568, 5.3098673 ], [ -4.019303, 5.3099862 ], [ -4.0192835, 5.3101082 ], [ -4.0192865, 5.3103286 ] ] } },
{ "type": "Feature", "properties": { "name": null, "name:en": null, "railway": "rail", "ele": null, "operator:type": null, "layer": null, "addr:full": null, "addr:city": null, "source": null, "name:fr": null, "osm_id": 334734907, "osm_type": "ways_line" }, "geometry": { "type": "LineString", "coordinates": [ [ -4.0183618, 5.3054666 ], [ -4.0181311, 5.3052611 ], [ -4.0161032, 5.3028985 ], [ -4.015518, 5.3022311 ] ] } },
{ "type": "Feature", "properties": { "name": null, "name:en": null, "railway": "rail", "ele": null, "operator:type": null, "layer": null, "addr:full": null, "addr:city": null, "source": null, "name:fr": null, "osm_id": 334734911, "osm_type": "ways_line" }, "geometry": { "type": "LineString", "coordinates": [ [ -4.0178372, 5.3046565 ], [ -4.0162465, 5.3027921 ], [ -4.0152824, 5.3016967 ] ] } },
{ "type": "Feature", "properties": { "name": null, "name:en": null, "railway": "rail", "ele": null, "operator:type": null, "layer": null, "addr:full": null, "addr:city": null, "source": null, "name:fr": null, "osm_id": 396000415, "osm_type": "ways_line" }, "geometry": { "type": "LineString", "coordinates": [ [ -4.013264, 5.2990223 ], [ -4.0130466, 5.2987876 ], [ -4.0127397, 5.2985168 ] ] } },
{ "type": "Feature", "properties": { "name": null, "name:en": null, "railway": "rail", "ele": null, "operator:type": null, "layer": null, "addr:full": null, "addr:city": null, "source": null, "name:fr": null, "osm_id": 402531569, "osm_type": "ways_line" }, "geometry": { "type": "LineString", "coordinates": [ [ -4.0138423, 5.2998226 ], [ -4.013671, 5.299559 ], [ -4.0133128, 5.2990077 ], [ -4.0131865, 5.2988312 ], [ -4.0130304, 5.2986501 ], [ -4.012764, 5.2983814 ], [ -4.0112097, 5.2970224 ], [ -4.0110043, 5.2968938 ] ] } },
{ "type": "Feature", "properties": { "name": null, "name:en": null, "railway": "rail", "ele": null, "operator:type": null, "layer": null, "addr:full": null, "addr:city": null, "source": null, "name:fr": null, "osm_id": 402531566, "osm_type": "ways_line" }, "geometry": { "type": "LineString", "coordinates": [ [ -4.0110043, 5.2968938 ], [ -4.0117201, 5.2975225 ], [ -4.0127231, 5.2984237 ], [ -4.0129897, 5.2986634 ], [ -4.013156, 5.2988616 ], [ -4.013264, 5.2990223 ], [ -4.0133069, 5.2990861 ], [ -4.0134617, 5.2993328 ], [ -4.0136177, 5.2995815 ], [ -4.0137646, 5.2998156 ] ] } },
{ "type": "Feature", "properties": { "name": null, "name:en": null, "railway": "rail", "ele": null, "operator:type": null, "layer": null, "addr:full": null, "addr:city": null, "source": null, "name:fr": null, "osm_id": 334753562, "osm_type": "ways_line" }, "geometry": { "type": "LineString", "coordinates": [ [ -4.0115351, 5.298067 ], [ -4.0113384, 5.2979485 ], [ -4.0111781, 5.2978276 ], [ -4.0107893, 5.2975165 ] ] } },
{ "type": "Feature", "properties": { "name": null, "name:en": null, "railway": "rail", "ele": null, "operator:type": null, "layer": null, "addr:full": null, "addr:city": null, "source": null, "name:fr": null, "osm_id": 334734912, "osm_type": "ways_line" }, "geometry": { "type": "LineString", "coordinates": [ [ -4.0182185, 5.3051643 ], [ -4.0180218, 5.3048524 ], [ -4.0178931, 5.3045646 ], [ -4.0177595, 5.3043543 ], [ -4.0176138, 5.3041076 ], [ -4.0174317, 5.3038223 ], [ -4.0172689, 5.3035611 ], [ -4.0171305, 5.3033386 ], [ -4.0169775, 5.3030944 ], [ -4.0168051, 5.3028332 ], [ -4.0166448, 5.3025769 ], [ -4.016215, 5.301999 ], [ -4.0135265, 5.2988819 ], [ -4.0131865, 5.2985507 ], [ -4.0126304, 5.2980573 ], [ -4.01239, 5.2978445 ] ] } },
{ "type": "Feature", "properties": { "name": null, "name:en": null, "railway": "rail", "ele": null, "operator:type": null, "layer": null, "addr:full": null, "addr:city": null, "source": null, "name:fr": null, "osm_id": 334753534, "osm_type": "ways_line" }, "geometry": { "type": "LineString", "coordinates": [ [ -4.0154961, 5.3025116 ], [ -4.0150143, 5.3019347 ], [ -4.014442, 5.3010983 ], [ -4.0143037, 5.3008963 ] ] } },
{ "type": "Feature", "properties": { "name": null, "name:en": null, "railway": "rail", "ele": null, "operator:type": null, "layer": null, "addr:full": null, "addr:city": null, "source": null, "name:fr": null, "osm_id": 334734905, "osm_type": "ways_line" }, "geometry": { "type": "LineString", "coordinates": [ [ -4.0181311, 5.3052611 ], [ -4.0179151, 5.3050786 ], [ -4.0160571, 5.30293 ], [ -4.015705, 5.3025092 ], [ -4.015518, 5.3022311 ], [ -4.0153382, 5.3019579 ], [ -4.0151561, 5.3016798 ], [ -4.0149618, 5.301392 ], [ -4.0147772, 5.3011042 ], [ -4.0133857, 5.2989593 ], [ -4.0132497, 5.2987973 ], [ -4.0130773, 5.2986087 ], [ -4.0127956, 5.2983524 ], [ -4.0115933, 5.2973126 ] ] } },
{ "type": "Feature", "properties": { "name": null, "name:en": null, "railway": "rail", "ele": null, "operator:type": null, "layer": null, "addr:full": null, "addr:city": null, "source": null, "name:fr": null, "osm_id": 484928480, "osm_type": "ways_line" }, "geometry": { "type": "LineString", "coordinates": [ [ -4.0234666, 5.3060027 ], [ -4.0243812, 5.3051258 ] ] } },
{ "type": "Feature", "properties": { "name": null, "name:en": null, "railway": "rail", "ele": null, "operator:type": null, "layer": null, "addr:full": null, "addr:city": null, "source": null, "name:fr": null, "osm_id": 334753531, "osm_type": "ways_line" }, "geometry": { "type": "LineString", "coordinates": [ [ -4.0090203, 5.295722 ], [ -4.0090753, 5.2957959 ] ] } },
{ "type": "Feature", "properties": { "name": null, "name:en": null, "railway": "rail", "ele": null, "operator:type": null, "layer": null, "addr:full": null, "addr:city": null, "source": null, "name:fr": null, "osm_id": 401459365, "osm_type": "ways_line" }, "geometry": { "type": "LineString", "coordinates": [ [ -4.0245624, 5.3290137 ], [ -4.0245627, 5.3289861 ] ] } },
{ "type": "Feature", "properties": { "name": null, "name:en": null, "railway": "rail", "ele": null, "operator:type": null, "layer": null, "addr:full": null, "addr:city": null, "source": null, "name:fr": null, "osm_id": 395916232, "osm_type": "ways_line" }, "geometry": { "type": "LineString", "coordinates": [ [ -4.0255111, 5.327267 ], [ -4.0254613, 5.3271846 ], [ -4.0253832, 5.3270928 ], [ -4.0253165, 5.3270273 ], [ -4.0252045, 5.3269505 ], [ -4.0248923, 5.3267258 ], [ -4.0248173, 5.3266584 ], [ -4.0247377, 5.3265871 ] ] } },
{ "type": "Feature", "properties": { "name": null, "name:en": null, "railway": "rail", "ele": null, "operator:type": null, "layer": null, "addr:full": null, "addr:city": null, "source": null, "name:fr": null, "osm_id": 395916230, "osm_type": "ways_line" }, "geometry": { "type": "LineString", "coordinates": [ [ -4.0247682, 5.3275349 ], [ -4.0247691, 5.3273775 ], [ -4.0247682, 5.3272745 ], [ -4.024755, 5.3271565 ], [ -4.0247217, 5.3269807 ] ] } },
{ "type": "Feature", "properties": { "name": null, "name:en": null, "railway": "rail", "ele": null, "operator:type": null, "layer": null, "addr:full": null, "addr:city": null, "source": null, "name:fr": null, "osm_id": 401459343, "osm_type": "ways_line" }, "geometry": { "type": "LineString", "coordinates": [ [ -4.0252012, 5.3290121 ], [ -4.0251975, 5.3286671 ] ] } },
{ "type": "Feature", "properties": { "name": null, "name:en": null, "railway": "rail", "ele": null, "operator:type": null, "layer": null, "addr:full": null, "addr:city": null, "source": null, "name:fr": null, "osm_id": 341410351, "osm_type": "ways_line" }, "geometry": { "type": "LineString", "coordinates": [ [ -4.0188549, 5.2674327 ], [ -4.0188368, 5.2673449 ], [ -4.0186761, 5.2665335 ], [ -4.0185073, 5.2656809 ], [ -4.0184713, 5.265543 ], [ -4.0184087, 5.2654432 ], [ -4.0183644, 5.2653611 ], [ -4.0182911, 5.2652818 ], [ -4.0181651, 5.2651428 ], [ -4.016793, 5.2638624 ], [ -4.0166748, 5.2637521 ], [ -4.0158988, 5.2630279 ], [ -4.0157614, 5.2628978 ], [ -4.0156317, 5.2627768 ], [ -4.0154341, 5.2625932 ], [ -4.0149548, 5.2621452 ], [ -4.0143007, 5.2615488 ], [ -4.0138358, 5.2611297 ], [ -4.0131687, 5.2605282 ], [ -4.0131029, 5.2604689 ], [ -4.0127385, 5.2601403 ], [ -4.0125946, 5.2600106 ], [ -4.0122432, 5.2596917 ], [ -4.0119221, 5.2594048 ], [ -4.0112246, 5.2587838 ], [ -4.0111237, 5.258694 ], [ -4.0102542, 5.2579199 ], [ -4.0102197, 5.2578892 ], [ -4.0094589, 5.2572118 ], [ -4.0094384, 5.2571936 ], [ -4.0084599, 5.2563224 ], [ -4.0082656, 5.2561531 ], [ -4.0074898, 5.2554774 ], [ -4.0055539, 5.2537081 ], [ -4.0054456, 5.2536201 ], [ -4.0053528, 5.2535629 ], [ -4.0052586, 5.2535195 ], [ -4.0050953, 5.2534695 ], [ -4.0049396, 5.2534286 ], [ -4.0047346, 5.2534074 ], [ -4.0044976, 5.2534044 ], [ -4.0042081, 5.2534242 ], [ -4.0036349, 5.2535075 ], [ -4.0023382, 5.2537205 ], [ -3.9970573, 5.2545879 ], [ -3.9909081, 5.2555875 ], [ -3.9891707, 5.2558699 ] ] } },
{ "type": "Feature", "properties": { "name": null, "name:en": null, "railway": "rail", "ele": null, "operator:type": null, "layer": null, "addr:full": null, "addr:city": null, "source": null, "name:fr": null, "osm_id": 341650931, "osm_type": "ways_line" }, "geometry": { "type": "LineString", "coordinates": [ [ -4.0158988, 5.2630279 ], [ -4.0159824, 5.2631453 ], [ -4.016042, 5.2632395 ], [ -4.0161006, 5.2633504 ], [ -4.0161433, 5.2634356 ], [ -4.0161782, 5.263532 ], [ -4.0162109, 5.263643 ], [ -4.0162904, 5.2640673 ], [ -4.0168413, 5.2670058 ] ] } },
{ "type": "Feature", "properties": { "name": null, "name:en": null, "railway": "rail", "ele": null, "operator:type": null, "layer": null, "addr:full": null, "addr:city": null, "source": null, "name:fr": null, "osm_id": 343338620, "osm_type": "ways_line" }, "geometry": { "type": "LineString", "coordinates": [ [ -3.9672116, 5.2606569 ], [ -3.9667458, 5.2610311 ], [ -3.9649615, 5.2622247 ] ] } },
{ "type": "Feature", "properties": { "name": null, "name:en": null, "railway": "rail", "ele": null, "operator:type": null, "layer": null, "addr:full": null, "addr:city": null, "source": null, "name:fr": null, "osm_id": 401459359, "osm_type": "ways_line" }, "geometry": { "type": "LineString", "coordinates": [ [ -4.0244428, 5.3281527 ], [ -4.0244426, 5.3274987 ] ] } },
{ "type": "Feature", "properties": { "name": null, "name:en": null, "railway": "rail", "ele": null, "operator:type": null, "layer": null, "addr:full": null, "addr:city": null, "source": null, "name:fr": null, "osm_id": 395952390, "osm_type": "ways_line" }, "geometry": { "type": "LineString", "coordinates": [ [ -4.0254394, 5.3290125 ], [ -4.0254381, 5.3286676 ] ] } },
{ "type": "Feature", "properties": { "name": null, "name:en": null, "railway": "rail", "ele": null, "operator:type": null, "layer": null, "addr:full": null, "addr:city": null, "source": null, "name:fr": null, "osm_id": 401459367, "osm_type": "ways_line" }, "geometry": { "type": "LineString", "coordinates": [ [ -4.024848, 5.3291312 ], [ -4.0248481, 5.3291803 ] ] } },
{ "type": "Feature", "properties": { "name": null, "name:en": null, "railway": "rail", "ele": null, "operator:type": null, "layer": null, "addr:full": null, "addr:city": null, "source": null, "name:fr": null, "osm_id": 401459381, "osm_type": "ways_line" }, "geometry": { "type": "LineString", "coordinates": [ [ -4.0246545, 5.327499 ], [ -4.0246481, 5.3272926 ], [ -4.0246261, 5.3271859 ], [ -4.0245752, 5.3270548 ] ] } },
{ "type": "Feature", "properties": { "name": null, "name:en": null, "railway": "rail", "ele": null, "operator:type": null, "layer": null, "addr:full": null, "addr:city": null, "source": null, "name:fr": null, "osm_id": 395916233, "osm_type": "ways_line" }, "geometry": { "type": "LineString", "coordinates": [ [ -4.0252045, 5.3269505 ], [ -4.0252835, 5.327046 ], [ -4.0253315, 5.3271237 ], [ -4.0253738, 5.3272351 ], [ -4.0254048, 5.3273391 ], [ -4.0254171, 5.3274758 ], [ -4.0254199, 5.3277737 ] ] } },
{ "type": "Feature", "properties": { "name": null, "name:en": null, "railway": "rail", "ele": null, "operator:type": null, "layer": null, "addr:full": null, "addr:city": null, "source": null, "name:fr": null, "osm_id": 395916234, "osm_type": "ways_line" }, "geometry": { "type": "LineString", "coordinates": [ [ -4.0245999, 5.3295911 ], [ -4.0245592, 5.3293053 ] ] } },
{ "type": "Feature", "properties": { "name": null, "name:en": null, "railway": "rail", "ele": null, "operator:type": null, "layer": null, "addr:full": null, "addr:city": null, "source": null, "name:fr": null, "osm_id": 401459353, "osm_type": "ways_line" }, "geometry": { "type": "LineString", "coordinates": [ [ -4.0249945, 5.3291315 ], [ -4.0249945, 5.3291806 ] ] } },
{ "type": "Feature", "properties": { "name": null, "name:en": null, "railway": "rail", "ele": null, "operator:type": null, "layer": null, "addr:full": null, "addr:city": null, "source": null, "name:fr": null, "osm_id": 395916225, "osm_type": "ways_line" }, "geometry": { "type": "LineString", "coordinates": [ [ -4.0243878, 5.3289451 ], [ -4.0243927, 5.3279819 ], [ -4.0243955, 5.3274794 ], [ -4.0244, 5.3270675 ] ] } },
{ "type": "Feature", "properties": { "name": null, "name:en": null, "railway": "rail", "ele": null, "operator:type": null, "layer": null, "addr:full": null, "addr:city": null, "source": null, "name:fr": null, "osm_id": 401459373, "osm_type": "ways_line" }, "geometry": { "type": "LineString", "coordinates": [ [ -4.0252347, 5.3299376 ], [ -4.0252399, 5.3291319 ] ] } },
{ "type": "Feature", "properties": { "name": null, "name:en": null, "railway": "rail", "ele": null, "operator:type": null, "layer": null, "addr:full": null, "addr:city": null, "source": null, "name:fr": null, "osm_id": 395916227, "osm_type": "ways_line" }, "geometry": { "type": "LineString", "coordinates": [ [ -4.0253343, 5.3269758 ], [ -4.0254895, 5.3270703 ], [ -4.0256211, 5.3272258 ], [ -4.0257039, 5.3273456 ], [ -4.0257848, 5.3274823 ] ] } },
{ "type": "Feature", "properties": { "name": null, "name:en": null, "railway": "rail", "ele": null, "operator:type": null, "layer": null, "addr:full": null, "addr:city": null, "source": null, "name:fr": null, "osm_id": 401459333, "osm_type": "ways_line" }, "geometry": { "type": "LineString", "coordinates": [ [ -4.0246428, 5.3293054 ], [ -4.0246447, 5.3290138 ] ] } },
{ "type": "Feature", "properties": { "name": null, "name:en": null, "railway": "rail", "ele": null, "operator:type": null, "layer": null, "addr:full": null, "addr:city": null, "source": null, "name:fr": null, "osm_id": 395952404, "osm_type": "ways_line" }, "geometry": { "type": "LineString", "coordinates": [ [ -4.0247256, 5.3295439 ], [ -4.0247213, 5.3302585 ], [ -4.0247132, 5.3303871 ], [ -4.0246969, 5.3305033 ], [ -4.0246501, 5.3307243 ], [ -4.024573, 5.3309636 ], [ -4.0245007, 5.3311883 ] ] } },
{ "type": "Feature", "properties": { "name": null, "name:en": null, "railway": "rail", "ele": null, "operator:type": null, "layer": null, "addr:full": null, "addr:city": null, "source": null, "name:fr": null, "osm_id": 401459337, "osm_type": "ways_line" }, "geometry": { "type": "LineString", "coordinates": [ [ -4.0253195, 5.3290123 ], [ -4.0253178, 5.3286673 ] ] } },
{ "type": "Feature", "properties": { "name": "Chemins de fer Abidjan-Niger", "name:en": null, "railway": "rail", "ele": null, "operator:type": null, "layer": null, "addr:full": null, "addr:city": null, "source": null, "name:fr": null, "osm_id": 30671882, "osm_type": "ways_line" }, "geometry": { "type": "LineString", "coordinates": [ [ -4.0238962, 5.3174308 ], [ -4.0247634, 5.3179396 ], [ -4.0253357, 5.3183429 ], [ -4.0255561, 5.318536 ], [ -4.0258168, 5.318838 ], [ -4.0259294, 5.319039 ], [ -4.0260081, 5.3192372 ], [ -4.0260501, 5.3194689 ], [ -4.0260756, 5.3197105 ], [ -4.0261046, 5.3200954 ], [ -4.0262355, 5.322165 ], [ -4.0263652, 5.3241576 ], [ -4.0264206, 5.3244924 ], [ -4.0264821, 5.324797 ], [ -4.0266139, 5.3252116 ], [ -4.0272683, 5.3270125 ], [ -4.0274394, 5.3275052 ], [ -4.028034, 5.3292119 ] ] } },
{ "type": "Feature", "properties": { "name": null, "name:en": null, "railway": "rail", "ele": null, "operator:type": null, "layer": null, "addr:full": null, "addr:city": null, "source": null, "name:fr": null, "osm_id": 30671901, "osm_type": "ways_line" }, "geometry": { "type": "LineString", "coordinates": [ [ -3.9946553, 5.2690788 ], [ -3.9944066, 5.2688411 ], [ -3.9942388, 5.2686893 ], [ -3.9911052, 5.265854 ], [ -3.9909249, 5.2657369 ], [ -3.9907487, 5.2656376 ], [ -3.9906268, 5.2655759 ], [ -3.9905027, 5.2655131 ] ] } },
{ "type": "Feature", "properties": { "name": null, "name:en": null, "railway": "rail", "ele": null, "operator:type": null, "layer": null, "addr:full": null, "addr:city": null, "source": null, "name:fr": null, "osm_id": 334753520, "osm_type": "ways_line" }, "geometry": { "type": "LineString", "coordinates": [ [ -4.0104881, 5.2973756 ], [ -4.0102407, 5.2971675 ], [ -4.0101047, 5.2970272 ], [ -4.0100344, 5.2969246 ], [ -4.0096409, 5.2963501 ], [ -4.0094563, 5.2961397 ], [ -4.0090753, 5.2957959 ], [ -4.0089405, 5.295695 ], [ -4.0088176, 5.2956029 ], [ -4.0076786, 5.2947759 ] ] } },
{ "type": "Feature", "properties": { "name": null, "name:en": null, "railway": "rail", "ele": null, "operator:type": null, "layer": null, "addr:full": null, "addr:city": null, "source": null, "name:fr": null, "osm_id": 342814493, "osm_type": "ways_line" }, "geometry": { "type": "LineString", "coordinates": [ [ -3.9907487, 5.2656376 ], [ -3.9909107, 5.2657611 ], [ -3.9909837, 5.2658236 ], [ -3.9928866, 5.2675331 ], [ -3.9938698, 5.2684274 ], [ -3.9942388, 5.2686893 ] ] } },
{ "type": "Feature", "properties": { "name": "Chemins de fer Abidjan-Niger", "name:en": null, "railway": "rail", "ele": null, "operator:type": null, "layer": "1", "addr:full": null, "addr:city": null, "source": null, "name:fr": null, "osm_id": 171933448, "osm_type": "ways_line" }, "geometry": { "type": "LineString", "coordinates": [ [ -4.219988, 5.9349834 ], [ -4.2202111, 5.9356264 ] ] } },
{ "type": "Feature", "properties": { "name": "Chemins de fer Abidjan-Niger", "name:en": null, "railway": "rail", "ele": null, "operator:type": null, "layer": null, "addr:full": null, "addr:city": null, "source": null, "name:fr": null, "osm_id": 402608896, "osm_type": "ways_line" }, "geometry": { "type": "LineString", "coordinates": [ [ -4.2031084, 5.9029644 ], [ -4.203506, 5.9038172 ], [ -4.2038254, 5.904328 ], [ -4.2040992, 5.9046747 ], [ -4.2044185, 5.905005 ], [ -4.2047682, 5.9053138 ], [ -4.205294, 5.9057122 ], [ -4.2058211, 5.9060998 ], [ -4.2062379, 5.9064535 ], [ -4.2065143, 5.9067606 ], [ -4.2067302, 5.9070726 ], [ -4.2069019, 5.907459 ], [ -4.2070322, 5.9079709 ], [ -4.2070714, 5.9083927 ], [ -4.2070714, 5.9096626 ], [ -4.2070251, 5.9102017 ], [ -4.2069374, 5.910784 ], [ -4.2067524, 5.9118265 ], [ -4.2067132, 5.9122318 ], [ -4.2066968, 5.9126048 ], [ -4.20673, 5.9130404 ], [ -4.2071269, 5.9155054 ], [ -4.2072889, 5.9164838 ], [ -4.2074193, 5.9170103 ], [ -4.207561, 5.9174142 ], [ -4.2077363, 5.9178225 ], [ -4.2079799, 5.9182268 ], [ -4.2082383, 5.9186012 ], [ -4.2103294, 5.9216113 ], [ -4.2107204, 5.9222698 ], [ -4.210996, 5.9227977 ], [ -4.2118404, 5.9245317 ], [ -4.2121186, 5.9250967 ], [ -4.2123466, 5.9254977 ], [ -4.2126014, 5.925846 ], [ -4.2128921, 5.9261355 ], [ -4.2132551, 5.9264113 ], [ -4.2141389, 5.9269779 ] ] } },
{ "type": "Feature", "properties": { "name": "Chemins de fer Abidjan-Niger", "name:en": null, "railway": "rail", "ele": null, "operator:type": null, "layer": null, "addr:full": null, "addr:city": null, "source": null, "name:fr": null, "osm_id": 402626111, "osm_type": "ways_line" }, "geometry": { "type": "LineString", "coordinates": [ [ -4.4157741, 6.2398258 ], [ -4.4151923, 6.2396738 ], [ -4.4125377, 6.2386714 ], [ -4.4090849, 6.2373675 ], [ -4.4085857, 6.237107 ] ] } },
{ "type": "Feature", "properties": { "name": null, "name:en": null, "railway": "rail", "ele": null, "operator:type": null, "layer": null, "addr:full": null, "addr:city": null, "source": null, "name:fr": null, "osm_id": 402608906, "osm_type": "ways_line" }, "geometry": { "type": "LineString", "coordinates": [ [ -4.2145927, 5.9272035 ], [ -4.2147545, 5.927267 ], [ -4.2166227, 5.9284515 ], [ -4.2169403, 5.9286961 ] ] } },
{ "type": "Feature", "properties": { "name": null, "name:en": null, "railway": "rail", "ele": null, "operator:type": null, "layer": null, "addr:full": null, "addr:city": null, "source": null, "name:fr": null, "osm_id": 402608908, "osm_type": "ways_line" }, "geometry": { "type": "LineString", "coordinates": [ [ -4.2151206, 5.9277018 ], [ -4.2159295, 5.9282217 ], [ -4.2168896, 5.9288357 ], [ -4.2172657, 5.9290691 ], [ -4.2175809, 5.9292639 ], [ -4.2177365, 5.9293786 ], [ -4.2178773, 5.9294986 ], [ -4.2179886, 5.92962 ] ] } },
{ "type": "Feature", "properties": { "name": "Chemins de fer Abidjan-Niger", "name:en": null, "railway": "rail", "ele": null, "operator:type": null, "layer": null, "addr:full": null, "addr:city": null, "source": null, "name:fr": null, "osm_id": 402608873, "osm_type": "ways_line" }, "geometry": { "type": "LineString", "coordinates": [ [ -4.2186142, 5.930994 ], [ -4.2186747, 5.9311669 ], [ -4.2189208, 5.9318823 ] ] } },
{ "type": "Feature", "properties": { "name": "Chemins de fer Abidjan-Niger", "name:en": null, "railway": "rail", "ele": null, "operator:type": null, "layer": null, "addr:full": null, "addr:city": null, "source": null, "name:fr": null, "osm_id": 402543301, "osm_type": "ways_line" }, "geometry": { "type": "LineString", "coordinates": [ [ -4.1427476, 5.800873 ], [ -4.1425841, 5.8005351 ], [ -4.1417797, 5.799274 ], [ -4.1407254, 5.7976211 ], [ -4.1403246, 5.7970695 ] ] } },
{ "type": "Feature", "properties": { "name": null, "name:en": null, "railway": "rail", "ele": null, "operator:type": null, "layer": null, "addr:full": null, "addr:city": null, "source": "yahoo", "name:fr": null, "osm_id": 30671902, "osm_type": "ways_line" }, "geometry": { "type": "LineString", "coordinates": [ [ -3.9719535, 5.2568653 ], [ -3.9720942, 5.2567712 ], [ -3.9722703, 5.2566625 ], [ -3.9724796, 5.2565708 ], [ -3.972766, 5.2564841 ], [ -3.9731376, 5.2564146 ], [ -3.9741279, 5.2563206 ], [ -3.9743786, 5.2563151 ], [ -3.974577, 5.2563108 ], [ -3.9750512, 5.2563265 ], [ -3.9779704, 5.2567753 ], [ -3.979505, 5.2570115 ], [ -3.9801049, 5.2570821 ], [ -3.9807046, 5.2571017 ], [ -3.9813017, 5.2570832 ], [ -3.9820163, 5.2570172 ], [ -3.9826484, 5.256919 ], [ -3.9841998, 5.2566779 ], [ -3.9854405, 5.2564762 ], [ -3.9863996, 5.2563203 ], [ -3.9869974, 5.2562232 ], [ -3.9891707, 5.2558699 ] ] } },
{ "type": "Feature", "properties": { "name": "Chemins de fer Abidjan-Niger", "name:en": null, "railway": "rail", "ele": null, "operator:type": null, "layer": null, "addr:full": null, "addr:city": null, "source": null, "name:fr": null, "osm_id": 396096031, "osm_type": "ways_line" }, "geometry": { "type": "LineString", "coordinates": [ [ -4.0209784, 5.4207419 ], [ -4.020997, 5.42017 ], [ -4.0211188, 5.4145149 ], [ -4.0211193, 5.4144937 ], [ -4.0211943, 5.4116502 ], [ -4.0213467, 5.4041028 ], [ -4.0213924, 5.4017882 ], [ -4.0214522, 5.3993915 ], [ -4.0214854, 5.3987126 ], [ -4.0215304, 5.3983197 ], [ -4.0216203, 5.3977555 ], [ -4.0217219, 5.3972712 ], [ -4.0218196, 5.3968996 ], [ -4.0219251, 5.3965728 ], [ -4.0220814, 5.3961352 ], [ -4.0222631, 5.3957091 ], [ -4.0249145, 5.389854 ], [ -4.0265304, 5.386298 ], [ -4.0267571, 5.3856561 ], [ -4.0268606, 5.3852631 ], [ -4.0269231, 5.3849188 ], [ -4.0271244, 5.3838606 ], [ -4.0272426, 5.3833659 ], [ -4.0274224, 5.3828076 ], [ -4.0275924, 5.3824496 ], [ -4.0277897, 5.3820898 ], [ -4.0281219, 5.3816501 ], [ -4.0284482, 5.3812864 ], [ -4.0289054, 5.3809167 ], [ -4.0293411, 5.3805783 ], [ -4.0298569, 5.3802495 ], [ -4.0303387, 5.3799115 ], [ -4.0307891, 5.3795318 ], [ -4.0311345, 5.3791632 ], [ -4.031292, 5.3789458 ], [ -4.0314523, 5.3787037 ], [ -4.031607, 5.3784286 ], [ -4.0317507, 5.3781343 ], [ -4.031864, 5.3778564 ], [ -4.0319773, 5.3774823 ], [ -4.0320546, 5.3771274 ], [ -4.0321099, 5.3767285 ], [ -4.0321265, 5.3762223 ], [ -4.0321016, 5.3757078 ], [ -4.0318474, 5.3732786 ], [ -4.0315849, 5.3706376 ], [ -4.0313887, 5.368665 ], [ -4.031245, 5.3671739 ], [ -4.0311116, 5.3658833 ], [ -4.0309891, 5.3651244 ], [ -4.0308693, 5.3645768 ] ] } },
{ "type": "Feature", "properties": { "name": "Chemins de fer Abidjan-Niger", "name:en": null, "railway": "rail", "ele": null, "operator:type": null, "layer": null, "addr:full": null, "addr:city": null, "source": "Perry-Castañeda LibraryMap Collection;landsat;2005 spot", "name:fr": null, "osm_id": 402539571, "osm_type": "ways_line" }, "geometry": { "type": "LineString", "coordinates": [ [ -4.057449, 5.5110888 ], [ -4.0566451, 5.5140085 ], [ -4.0562589, 5.5154475 ], [ -4.05595, 5.5169251 ], [ -4.0556851, 5.518238 ], [ -4.0554077, 5.5196131 ], [ -4.0547971, 5.5226398 ], [ -4.0542926, 5.5249002 ], [ -4.0541547, 5.5255179 ], [ -4.0538644, 5.526511 ], [ -4.0536325, 5.5276339 ], [ -4.0535329, 5.528029 ], [ -4.0534513, 5.5284834 ], [ -4.0534372, 5.5289244 ], [ -4.0533226, 5.5296732 ], [ -4.0532924, 5.5303394 ], [ -4.0532876, 5.5308786 ], [ -4.0533675, 5.5315568 ], [ -4.0534963, 5.5321909 ], [ -4.0537135, 5.532889 ], [ -4.0540019, 5.5335646 ], [ -4.0543384, 5.5342025 ], [ -4.0582367, 5.540601 ] ] } },
{ "type": "Feature", "properties": { "name": null, "name:en": null, "railway": "rail", "ele": null, "operator:type": null, "layer": null, "addr:full": null, "addr:city": null, "source": null, "name:fr": null, "osm_id": 739759973, "osm_type": "ways_line" }, "geometry": { "type": "LineString", "coordinates": [ [ -4.0554202, 5.5196176 ], [ -4.0555148, 5.519938 ], [ -4.0555282, 5.5201502 ], [ -4.0555201, 5.5203237 ], [ -4.0549462, 5.5231497 ], [ -4.0548697, 5.5233846 ], [ -4.0547302, 5.5238011 ], [ -4.0546015, 5.5241562 ], [ -4.0544768, 5.5245313 ], [ -4.054348, 5.524909 ], [ -4.0542971, 5.5250652 ] ] } },
{ "type": "Feature", "properties": { "name": "Chemins de fer Abidjan-Niger", "name:en": null, "railway": "rail", "ele": null, "operator:type": null, "layer": null, "addr:full": null, "addr:city": null, "source": null, "name:fr": null, "osm_id": 402537992, "osm_type": "ways_line" }, "geometry": { "type": "LineString", "coordinates": [ [ -4.0308263, 5.3645889 ], [ -4.0309438, 5.3651369 ], [ -4.0310757, 5.3658938 ], [ -4.0312169, 5.3671752 ], [ -4.0313523, 5.3686743 ], [ -4.0314602, 5.3697704 ], [ -4.031468, 5.3698489 ], [ -4.0315457, 5.3706383 ], [ -4.0318136, 5.3732846 ], [ -4.0320706, 5.3757216 ], [ -4.0320933, 5.376225 ], [ -4.0320785, 5.3767339 ], [ -4.0320187, 5.3771329 ], [ -4.0319443, 5.3774759 ], [ -4.0318308, 5.3778454 ], [ -4.0317148, 5.3781247 ], [ -4.0315742, 5.3784181 ], [ -4.0314219, 5.37869 ], [ -4.0312699, 5.3789266 ], [ -4.0311094, 5.3791467 ], [ -4.0307646, 5.3795146 ], [ -4.0303197, 5.379884 ], [ -4.0298386, 5.3802266 ], [ -4.0293205, 5.3805568 ], [ -4.0288878, 5.3808973 ], [ -4.0284221, 5.3812736 ], [ -4.0281023, 5.3816307 ], [ -4.0277674, 5.3820697 ], [ -4.0275709, 5.382438 ], [ -4.0274027, 5.3827932 ], [ -4.0272094, 5.3833561 ], [ -4.0270951, 5.3838509 ], [ -4.0269025, 5.3849118 ], [ -4.0268254, 5.385269 ], [ -4.0267269, 5.385652 ], [ -4.0264964, 5.3862847 ], [ -4.0248803, 5.3898429 ], [ -4.022231, 5.3956971 ], [ -4.0220501, 5.3961196 ], [ -4.0218942, 5.3965575 ], [ -4.0217863, 5.3968996 ], [ -4.0216887, 5.3972614 ], [ -4.0215812, 5.3977478 ], [ -4.0214923, 5.3983153 ], [ -4.0214444, 5.3987009 ], [ -4.0214099, 5.3993916 ], [ -4.0213528, 5.4017722 ], [ -4.021312, 5.4041047 ], [ -4.0211445, 5.4116471 ], [ -4.0210853, 5.4144942 ], [ -4.0210849, 5.4145141 ], [ -4.0209616, 5.4201685 ], [ -4.0209784, 5.4207419 ] ] } },
{ "type": "Feature", "properties": { "name": "Pont de chemin de fer Dimbokro", "name:en": null, "railway": "rail", "ele": null, "operator:type": null, "layer": "1", "addr:full": null, "addr:city": null, "source": null, "name:fr": null, "osm_id": 290983388, "osm_type": "ways_line" }, "geometry": { "type": "LineString", "coordinates": [ [ -4.7067538, 6.6359113 ], [ -4.7055371, 6.6378817 ] ] } },
{ "type": "Feature", "properties": { "name": "chemin de fer", "name:en": null, "railway": "rail", "ele": null, "operator:type": null, "layer": null, "addr:full": null, "addr:city": null, "source": null, "name:fr": null, "osm_id": 334784773, "osm_type": "ways_line" }, "geometry": { "type": "LineString", "coordinates": [ [ -4.0095938, 5.2736181 ], [ -4.0095693, 5.2733664 ], [ -4.0095469, 5.2732242 ], [ -4.0095204, 5.2731085 ], [ -4.0094593, 5.2729586 ], [ -4.0093756, 5.2727532 ], [ -4.0093161, 5.272548 ], [ -4.0092931, 5.2723983 ], [ -4.0092931, 5.2722483 ], [ -4.0093077, 5.2720777 ], [ -4.0093454, 5.2719399 ], [ -4.0093853, 5.2718251 ], [ -4.0094605, 5.2716795 ], [ -4.0095528, 5.2715395 ], [ -4.0096806, 5.2714102 ], [ -4.0098155, 5.2713006 ], [ -4.0112093, 5.2703618 ] ] } },
{ "type": "Feature", "properties": { "name": "Chemins de fer Abidjan-Niger", "name:en": null, "railway": "rail", "ele": null, "operator:type": null, "layer": null, "addr:full": null, "addr:city": null, "source": null, "name:fr": null, "osm_id": 402994427, "osm_type": "ways_line" }, "geometry": { "type": "LineString", "coordinates": [ [ -4.9643625, 7.574957 ], [ -4.9651699, 7.5769538 ], [ -4.9661516, 7.5795408 ], [ -4.971263, 7.5930229 ], [ -4.9716549, 7.5940552 ], [ -4.9719666, 7.5948205 ], [ -4.9722885, 7.5954533 ], [ -4.9725537, 7.5958616 ], [ -4.9730261, 7.5964769 ], [ -4.9734718, 7.5969669 ], [ -4.974033, 7.5974624 ], [ -4.9799521, 7.6023028 ], [ -4.9805068, 7.6028337 ], [ -4.9810028, 7.6033763 ], [ -4.9813409, 7.6038493 ], [ -4.9816655, 7.6044235 ], [ -4.981914, 7.6049357 ], [ -4.9821054, 7.6054312 ], [ -4.9822535, 7.6059007 ], [ -4.9824077, 7.6065075 ], [ -4.9830271, 7.6095167 ], [ -4.9835672, 7.6121308 ], [ -4.9837039, 7.6127715 ], [ -4.9838434, 7.6132687 ], [ -4.983999, 7.6136621 ], [ -4.9842153, 7.6141203 ], [ -4.9845059, 7.6145953 ], [ -4.9848519, 7.6150313 ], [ -4.9852375, 7.6154313 ], [ -4.9901954, 7.6203019 ], [ -4.9907367, 7.6208615 ], [ -4.99119, 7.6213985 ], [ -4.9915774, 7.6219245 ], [ -4.9918874, 7.6224194 ], [ -4.9934408, 7.6252541 ], [ -4.9998818, 7.6368728 ], [ -5.0001513, 7.6374025 ], [ -5.0003417, 7.6379075 ], [ -5.0004597, 7.6384073 ], [ -5.0005371, 7.6388411 ], [ -5.0005938, 7.6394919 ], [ -5.0005818, 7.63995 ], [ -5.0005268, 7.6404144 ], [ -5.0004293, 7.6408804 ], [ -5.0002666, 7.6414113 ], [ -5.0000846, 7.6418679 ], [ -4.9976866, 7.6473519 ], [ -4.9963132, 7.650533 ], [ -4.9961065, 7.6510611 ], [ -4.9959858, 7.6515157 ], [ -4.9959004, 7.6519633 ], [ -4.9958544, 7.6524302 ], [ -4.9958462, 7.6528606 ], [ -4.9958658, 7.6532437 ], [ -4.9958678, 7.6532835 ], [ -4.9959577, 7.6538323 ], [ -4.9962272, 7.6555696 ], [ -4.9965373, 7.6573934 ], [ -4.9968586, 7.6594037 ], [ -4.9969836, 7.6599744 ], [ -4.9971451, 7.6604616 ], [ -4.9973108, 7.6609261 ], [ -4.9975052, 7.6613652 ], [ -4.9978043, 7.661915 ], [ -4.9981928, 7.6625072 ], [ -4.9986814, 7.6631138 ], [ -5.0006249, 7.6652254 ], [ -5.0014116, 7.6660694 ], [ -5.0043891, 7.6692803 ], [ -5.0045903, 7.6694982 ], [ -5.0052405, 7.6702113 ], [ -5.0056579, 7.6707651 ], [ -5.0059106, 7.6712033 ], [ -5.0061223, 7.6716246 ], [ -5.0062883, 7.6720417 ], [ -5.0064082, 7.6724559 ], [ -5.0065691, 7.6733368 ], [ -5.0067051, 7.6742431 ], [ -5.0067854, 7.6746562 ], [ -5.0068587, 7.6750331 ], [ -5.007039, 7.6756293 ], [ -5.0072048, 7.6760318 ], [ -5.0074253, 7.6764713 ], [ -5.0076597, 7.6768439 ], [ -5.0080967, 7.6773897 ], [ -5.009607, 7.6790909 ], [ -5.0114496, 7.6811871 ], [ -5.0131039, 7.6830543 ], [ -5.0144929, 7.6846609 ], [ -5.0149034, 7.6851215 ], [ -5.0166517, 7.6871295 ], [ -5.0181411, 7.688796 ], [ -5.0186629, 7.6893569 ], [ -5.0189537, 7.6895953 ], [ -5.0192801, 7.6898119 ], [ -5.0196507, 7.6899774 ], [ -5.0199504, 7.6900772 ], [ -5.0202413, 7.6901295 ], [ -5.0205414, 7.6901471 ], [ -5.0208385, 7.690128 ], [ -5.0211585, 7.6900805 ], [ -5.0215007, 7.6899908 ], [ -5.021846, 7.6898573 ], [ -5.025438, 7.6879417 ] ] } },
{ "type": "Feature", "properties": { "name": "Chemins de fer Abidjan-Niger", "name:en": null, "railway": "rail", "ele": null, "operator:type": null, "layer": null, "addr:full": null, "addr:city": null, "source": null, "name:fr": null, "osm_id": 402787772, "osm_type": "ways_line" }, "geometry": { "type": "LineString", "coordinates": [ [ -4.6847604, 7.0193819 ], [ -4.6845828, 7.0201587 ], [ -4.6844715, 7.020739 ], [ -4.6844171, 7.0211587 ], [ -4.6843629, 7.0219493 ], [ -4.6843941, 7.022867 ], [ -4.6855161, 7.0312324 ], [ -4.6866732, 7.0398124 ], [ -4.6868318, 7.0409732 ], [ -4.6868707, 7.0415961 ], [ -4.6868778, 7.0421817 ], [ -4.6868318, 7.0429431 ], [ -4.6866953, 7.0438791 ], [ -4.6856628, 7.0493685 ], [ -4.6855645, 7.0499081 ], [ -4.685523, 7.0503491 ], [ -4.6855121, 7.0506947 ], [ -4.6855363, 7.0510966 ], [ -4.6855736, 7.051355 ], [ -4.6856583, 7.0517395 ], [ -4.6857586, 7.0521091 ], [ -4.6859252, 7.0525274 ], [ -4.6861384, 7.0529373 ], [ -4.6863796, 7.0532923 ], [ -4.6866803, 7.05366 ], [ -4.6869921, 7.0539745 ], [ -4.6874813, 7.0543528 ], [ -4.692646, 7.0579421 ], [ -4.6938468, 7.058772 ], [ -4.6944104, 7.0592327 ], [ -4.6949546, 7.0597281 ], [ -4.6952995, 7.0601258 ], [ -4.6956129, 7.060536 ], [ -4.6959057, 7.0609975 ], [ -4.6961791, 7.0614773 ], [ -4.6964743, 7.0621847 ], [ -4.6968479, 7.0632696 ], [ -4.6993456, 7.0705748 ], [ -4.7018587, 7.0779427 ], [ -4.7042273, 7.084991 ], [ -4.7065949, 7.0919614 ], [ -4.70688, 7.0927179 ], [ -4.7070571, 7.0931296 ], [ -4.7072447, 7.0934978 ], [ -4.7074649, 7.0938544 ], [ -4.7077061, 7.0942217 ], [ -4.7080427, 7.0946503 ], [ -4.7082949, 7.0949413 ], [ -4.7085322, 7.0951839 ], [ -4.7087796, 7.0954183 ], [ -4.7280843, 7.1111478 ], [ -4.7290244, 7.1119138 ], [ -4.7296747, 7.1124605 ], [ -4.7302087, 7.1129629 ], [ -4.7304915, 7.113267 ], [ -4.7307731, 7.113593 ], [ -4.7310267, 7.1139238 ], [ -4.7312398, 7.1142271 ], [ -4.731441, 7.1145285 ], [ -4.7316676, 7.1149105 ], [ -4.7318688, 7.1152964 ], [ -4.7330133, 7.1176412 ], [ -4.7362334, 7.1242014 ], [ -4.7389552, 7.1298296 ], [ -4.7448858, 7.1420221 ], [ -4.7461833, 7.1446644 ], [ -4.7464184, 7.1451354 ], [ -4.7466518, 7.1455267 ], [ -4.7469656, 7.1459525 ], [ -4.7472034, 7.1462444 ], [ -4.7475074, 7.146546 ], [ -4.7478453, 7.1468374 ], [ -4.7482155, 7.1470969 ], [ -4.7485564, 7.147298 ], [ -4.748988, 7.1475134 ], [ -4.7494144, 7.1476797 ], [ -4.7501006, 7.1479035 ], [ -4.7562235, 7.1498348 ], [ -4.7566884, 7.1499731 ], [ -4.7569501, 7.150051 ], [ -4.7576126, 7.1502027 ], [ -4.7581195, 7.1502825 ], [ -4.7584908, 7.1502887 ], [ -4.7589108, 7.1502719 ], [ -4.7593507, 7.1502266 ], [ -4.7598143, 7.1501182 ], [ -4.7672348, 7.1479777 ], [ -4.7678975, 7.1478234 ], [ -4.768375, 7.1477569 ], [ -4.7689436, 7.1477462 ], [ -4.769496, 7.1477989 ], [ -4.7699816, 7.1478767 ], [ -4.7705046, 7.1480284 ], [ -4.7710834, 7.1482416 ], [ -4.7716313, 7.1485351 ], [ -4.7853965, 7.15736 ], [ -4.7858657, 7.1576877 ], [ -4.7862893, 7.1580387 ], [ -4.7865335, 7.1582598 ], [ -4.786736, 7.158494 ], [ -4.7870778, 7.1589559 ], [ -4.7873489, 7.1593803 ], [ -4.7875528, 7.1597848 ], [ -4.7877184, 7.1601917 ], [ -4.7892506, 7.165279 ], [ -4.7895069, 7.1660813 ], [ -4.789787, 7.1668256 ], [ -4.7900582, 7.1674598 ], [ -4.7906038, 7.1685362 ], [ -4.7913653, 7.1698881 ], [ -4.7930894, 7.1728645 ], [ -4.7953099, 7.1767498 ], [ -4.7957864, 7.1777323 ], [ -4.7960507, 7.1784763 ], [ -4.7962387, 7.1791759 ], [ -4.7964406, 7.1803202 ], [ -4.7971933, 7.1857147 ], [ -4.7979076, 7.1911056 ], [ -4.7982255, 7.1934777 ], [ -4.7988143, 7.1961472 ], [ -4.799107, 7.1974035 ], [ -4.7993842, 7.1986598 ], [ -4.7994947, 7.1994499 ], [ -4.7995365, 7.1998711 ], [ -4.7995617, 7.20038 ], [ -4.7995515, 7.2011744 ], [ -4.7994218, 7.2036434 ], [ -4.7992821, 7.2064912 ], [ -4.7991526, 7.2081459 ], [ -4.7990637, 7.2100604 ], [ -4.7990298, 7.2108205 ], [ -4.799049, 7.211363 ], [ -4.7991134, 7.2117674 ], [ -4.7992233, 7.2122371 ], [ -4.7994282, 7.2128003 ], [ -4.7996632, 7.2132416 ], [ -4.7999715, 7.2136878 ], [ -4.8005121, 7.2142887 ], [ -4.8008219, 7.2145521 ], [ -4.8010489, 7.2147036 ], [ -4.8041535, 7.2166609 ], [ -4.8051077, 7.2172605 ], [ -4.8054018, 7.2174593 ], [ -4.8056553, 7.2176508 ], [ -4.8060117, 7.2179762 ], [ -4.8062534, 7.2182482 ], [ -4.8064688, 7.2185266 ], [ -4.8067321, 7.2189439 ], [ -4.8068864, 7.2192487 ], [ -4.8070259, 7.219576 ], [ -4.8071184, 7.2198648 ], [ -4.8071895, 7.2201495 ], [ -4.8072472, 7.2204462 ], [ -4.8072874, 7.2207469 ], [ -4.8073157, 7.2214393 ], [ -4.8073349, 7.2219071 ], [ -4.8073839, 7.223304 ], [ -4.8074228, 7.2240717 ], [ -4.8075382, 7.2248021 ], [ -4.8077334, 7.2256224 ], [ -4.8079115, 7.2261714 ], [ -4.8081726, 7.2268504 ], [ -4.8084635, 7.2275176 ], [ -4.8087948, 7.2280936 ], [ -4.8095977, 7.2294689 ], [ -4.8115308, 7.2323745 ], [ -4.8130385, 7.2348028 ], [ -4.8141717, 7.2365469 ], [ -4.8143531, 7.2368328 ] ] } },
{ "type": "Feature", "properties": { "name": "Chemins de fer Abidjan-Niger", "name:en": null, "railway": "rail", "ele": null, "operator:type": null, "layer": null, "addr:full": null, "addr:city": null, "source": null, "name:fr": null, "osm_id": 402626102, "osm_type": "ways_line" }, "geometry": { "type": "LineString", "coordinates": [ [ -4.3055844, 6.0735868 ], [ -4.3062069, 6.074149 ], [ -4.3069616, 6.0748351 ], [ -4.3073158, 6.0752363 ], [ -4.3076309, 6.075673 ], [ -4.3078141, 6.0759939 ], [ -4.3079939, 6.0764126 ], [ -4.3081134, 6.0767684 ], [ -4.3082149, 6.0771474 ], [ -4.3110115, 6.0902054 ], [ -4.3110985, 6.0907362 ], [ -4.3111226, 6.091123 ], [ -4.3111131, 6.0915482 ], [ -4.3110663, 6.0919524 ], [ -4.3109941, 6.0923886 ], [ -4.3107524, 6.0937629 ], [ -4.310672, 6.0942301 ], [ -4.3106398, 6.0947022 ], [ -4.3106586, 6.0951662 ], [ -4.3107257, 6.0956223 ], [ -4.3108303, 6.0960597 ], [ -4.3109831, 6.0964624 ], [ -4.3111843, 6.0968971 ], [ -4.3114203, 6.0972625 ], [ -4.3116698, 6.0975986 ], [ -4.3119287, 6.0979031 ], [ -4.3130134, 6.0989624 ], [ -4.3133059, 6.0992735 ], [ -4.3135634, 6.0995908 ], [ -4.3137941, 6.0999322 ], [ -4.3139979, 6.1003216 ], [ -4.3141642, 6.1006817 ], [ -4.3142957, 6.1010844 ], [ -4.3143815, 6.1015058 ], [ -4.3144236, 6.1019426 ], [ -4.3144324, 6.1023811 ], [ -4.314386, 6.1028948 ], [ -4.3136212, 6.1097398 ], [ -4.3135205, 6.1105149 ], [ -4.3134079, 6.1111816 ], [ -4.3132917, 6.1117934 ], [ -4.3117959, 6.1176463 ], [ -4.3117288, 6.1180543 ], [ -4.3116993, 6.1184357 ], [ -4.3116993, 6.1188117 ], [ -4.3117395, 6.1192198 ], [ -4.3118012, 6.1195771 ], [ -4.3119074, 6.1199781 ], [ -4.312056, 6.1203799 ], [ -4.312225, 6.1207373 ], [ -4.31252, 6.121228 ], [ -4.314463, 6.1243902 ], [ -4.3148267, 6.1249643 ], [ -4.3152371, 6.125503 ], [ -4.3159893, 6.1263706 ], [ -4.3203084, 6.1305675 ], [ -4.3206659, 6.1309408 ], [ -4.3209744, 6.1313595 ], [ -4.3212506, 6.1318422 ], [ -4.322003, 6.1331983 ], [ -4.3222505, 6.1336301 ], [ -4.3224727, 6.1339513 ], [ -4.3228576, 6.1343777 ], [ -4.3232219, 6.1347073 ], [ -4.3237076, 6.1350509 ], [ -4.3242727, 6.1353342 ], [ -4.3248865, 6.1355382 ], [ -4.3266439, 6.1359382 ], [ -4.3271891, 6.1360905 ], [ -4.3277661, 6.1363147 ], [ -4.3285237, 6.1366419 ], [ -4.3337691, 6.1390403 ], [ -4.3341372, 6.1392163 ], [ -4.3345687, 6.1394788 ], [ -4.3348977, 6.1397361 ], [ -4.3352775, 6.1401032 ], [ -4.3355334, 6.1403974 ], [ -4.3357912, 6.1407623 ], [ -4.3359994, 6.1411389 ], [ -4.3362004, 6.1416274 ], [ -4.3363332, 6.1421008 ], [ -4.337494, 6.1473883 ], [ -4.3376228, 6.1480698 ], [ -4.337765, 6.1485445 ], [ -4.3379789, 6.1491141 ], [ -4.3383621, 6.1499317 ], [ -4.3415413, 6.1561088 ], [ -4.3418078, 6.1565542 ], [ -4.3421678, 6.1570447 ], [ -4.3425137, 6.1574421 ], [ -4.3428936, 6.1577663 ], [ -4.3433076, 6.1580623 ], [ -4.3438462, 6.1583864 ], [ -4.3443566, 6.1586486 ], [ -4.3504221, 6.1617374 ], [ -4.3511839, 6.1621525 ], [ -4.3562542, 6.1652061 ], [ -4.3569347, 6.1656009 ], [ -4.3574191, 6.1659814 ], [ -4.3577394, 6.1662943 ], [ -4.3580586, 6.1666892 ], [ -4.3583581, 6.167163 ], [ -4.3586111, 6.1677396 ], [ -4.3587951, 6.1683521 ], [ -4.3589373, 6.1690377 ], [ -4.3599442, 6.1753156 ], [ -4.3603255, 6.1776958 ], [ -4.3607664, 6.1804526 ], [ -4.3608863, 6.181027 ], [ -4.3610198, 6.1815502 ], [ -4.3613094, 6.1823449 ], [ -4.3616548, 6.1831282 ], [ -4.3631152, 6.1861423 ], [ -4.3635652, 6.1871234 ], [ -4.3638176, 6.1877142 ], [ -4.3639997, 6.1882807 ], [ -4.3641848, 6.188958 ], [ -4.3647848, 6.1919695 ], [ -4.3648607, 6.1925739 ], [ -4.3648942, 6.1933064 ], [ -4.3649411, 6.1961897 ], [ -4.3649788, 6.1968977 ], [ -4.3650484, 6.1973817 ], [ -4.3651599, 6.1978221 ], [ -4.365355, 6.1983843 ], [ -4.3655554, 6.1988189 ], [ -4.3658987, 6.1993816 ], [ -4.3662452, 6.1998957 ], [ -4.3689036, 6.2037939 ], [ -4.3694204, 6.2046026 ], [ -4.3698549, 6.2054559 ], [ -4.3702124, 6.2063444 ], [ -4.3714526, 6.2097686 ], [ -4.3716279, 6.2103089 ], [ -4.3717335, 6.2108234 ], [ -4.3717915, 6.2113461 ], [ -4.3718049, 6.2117247 ], [ -4.3717822, 6.212165 ], [ -4.3716857, 6.2127924 ], [ -4.3707972, 6.2181404 ], [ -4.3707428, 6.2186255 ], [ -4.370741, 6.2191515 ], [ -4.370783, 6.2196041 ], [ -4.3708635, 6.2199987 ], [ -4.3709846, 6.2204062 ], [ -4.371137, 6.22078 ], [ -4.3713458, 6.2211673 ], [ -4.3715501, 6.2214839 ], [ -4.3718371, 6.2218359 ], [ -4.3721031, 6.2221298 ], [ -4.3724863, 6.2224726 ], [ -4.372918, 6.2227531 ], [ -4.373307, 6.2229584 ], [ -4.3737133, 6.2231218 ], [ -4.3824706, 6.2256921 ], [ -4.3833277, 6.2260061 ], [ -4.3873104, 6.2276647 ], [ -4.3904248, 6.2289738 ], [ -4.3943393, 6.2307924 ], [ -4.4027227, 6.2346665 ], [ -4.4051689, 6.2357863 ], [ -4.4063652, 6.2362716 ], [ -4.4076634, 6.2367542 ], [ -4.4085857, 6.237107 ] ] } },
{ "type": "Feature", "properties": { "name": "Chemins de fer Abidjan-Niger", "name:en": null, "railway": "rail", "ele": null, "operator:type": null, "layer": null, "addr:full": null, "addr:city": null, "source": null, "name:fr": null, "osm_id": 92340400, "osm_type": "ways_line" }, "geometry": { "type": "LineString", "coordinates": [ [ -4.0871724, 5.6320623 ], [ -4.0873089, 5.6326322 ], [ -4.0873635, 5.633081 ], [ -4.087339, 5.6334996 ], [ -4.0871656, 5.6344049 ], [ -4.0864602, 5.6400079 ], [ -4.0863778, 5.6405028 ], [ -4.0862557, 5.6409985 ], [ -4.0860861, 5.6415799 ], [ -4.0852741, 5.6441448 ], [ -4.0851533, 5.6446548 ], [ -4.0851065, 5.6451525 ], [ -4.085106, 5.6456448 ], [ -4.085156, 5.6460158 ], [ -4.0852372, 5.6463631 ], [ -4.0853632, 5.6467234 ], [ -4.0855878, 5.6471766 ], [ -4.0860043, 5.647735 ], [ -4.0890815, 5.6513972 ], [ -4.0900489, 5.6525626 ], [ -4.0902161, 5.6528061 ], [ -4.0903823, 5.6531014 ], [ -4.0904781, 5.6533454 ], [ -4.0905567, 5.6536232 ], [ -4.0906076, 5.6539315 ], [ -4.0906216, 5.6542136 ], [ -4.0905875, 5.6545841 ], [ -4.0903837, 5.6559894 ], [ -4.0903408, 5.6563086 ], [ -4.0903354, 5.6566461 ], [ -4.0903716, 5.6569744 ], [ -4.0904362, 5.6572465 ], [ -4.0905258, 5.6574975 ], [ -4.0906605, 5.6577651 ], [ -4.0914834, 5.6588788 ], [ -4.0918575, 5.6593486 ], [ -4.0920775, 5.6596742 ], [ -4.0922607, 5.6600214 ], [ -4.0923859, 5.6604042 ], [ -4.092461, 5.6608446 ], [ -4.092524, 5.6614962 ], [ -4.0928238, 5.6651219 ], [ -4.0928821, 5.6653714 ], [ -4.0929733, 5.665665 ], [ -4.0930835, 5.6659111 ], [ -4.0932824, 5.666269 ], [ -4.0946739, 5.6685985 ], [ -4.0947892, 5.6688906 ], [ -4.0948884, 5.6692243 ], [ -4.0949349, 5.6696012 ], [ -4.0950064, 5.6726505 ], [ -4.0950102, 5.6737023 ], [ -4.0949796, 5.67405 ], [ -4.0948954, 5.6744134 ], [ -4.0943936, 5.6758396 ], [ -4.0942058, 5.6763734 ], [ -4.0940361, 5.6769046 ], [ -4.0939604, 5.6773316 ], [ -4.0939281, 5.677858 ], [ -4.0939295, 5.6783725 ], [ -4.0940009, 5.6790385 ], [ -4.0945672, 5.6837106 ], [ -4.0950911, 5.6883819 ], [ -4.0951179, 5.6890231 ], [ -4.0952327, 5.6944567 ], [ -4.0952619, 5.6948536 ], [ -4.0953156, 5.6952246 ], [ -4.0965312, 5.7004646 ], [ -4.0966486, 5.7008481 ], [ -4.0968069, 5.7012218 ], [ -4.0969733, 5.7015014 ], [ -4.0994417, 5.7052931 ], [ -4.0996983, 5.7057883 ], [ -4.1006617, 5.7078071 ], [ -4.1008302, 5.7082677 ], [ -4.1009177, 5.7086843 ], [ -4.1009402, 5.7090471 ], [ -4.1009214, 5.709418 ], [ -4.1008569, 5.7097354 ], [ -4.1005566, 5.7107792 ], [ -4.1003991, 5.7115892 ], [ -4.1003849, 5.7119695 ], [ -4.1004118, 5.7123271 ], [ -4.1004815, 5.7125914 ], [ -4.1007097, 5.7130461 ], [ -4.1037196, 5.718104 ], [ -4.1038799, 5.7184629 ], [ -4.1039871, 5.7188899 ], [ -4.1040283, 5.7192686 ], [ -4.1040022, 5.7198056 ], [ -4.103906, 5.7204003 ], [ -4.1026162, 5.7266157 ], [ -4.1025629, 5.7270939 ], [ -4.1025548, 5.7275183 ], [ -4.1025924, 5.7278972 ], [ -4.1027407, 5.729395 ], [ -4.1028231, 5.7298401 ], [ -4.1029607, 5.7302408 ], [ -4.1031825, 5.7306274 ], [ -4.1034373, 5.730976 ], [ -4.1064602, 5.7344489 ], [ -4.106833, 5.7349375 ], [ -4.107116, 5.7354278 ], [ -4.1120356, 5.7452833 ], [ -4.112353, 5.7458287 ], [ -4.1127419, 5.7463251 ], [ -4.1131372, 5.7467109 ], [ -4.1163179, 5.749851 ], [ -4.1166767, 5.7502615 ], [ -4.1169626, 5.7507 ], [ -4.1171461, 5.7511261 ], [ -4.1172552, 5.751518 ], [ -4.1172882, 5.7519348 ], [ -4.1172775, 5.7524471 ], [ -4.1172653, 5.7539409 ], [ -4.1173177, 5.7545261 ], [ -4.117431, 5.7550355 ], [ -4.1176235, 5.7554708 ], [ -4.1178193, 5.7557803 ], [ -4.1181301, 5.7562039 ], [ -4.1185408, 5.7566477 ], [ -4.1203526, 5.758195 ], [ -4.1207751, 5.7585931 ], [ -4.1211154, 5.7590138 ], [ -4.1229826, 5.7620005 ], [ -4.1231891, 5.7623586 ], [ -4.12335, 5.7627482 ], [ -4.1234309, 5.763207 ], [ -4.1243031, 5.7699774 ], [ -4.1244148, 5.7704499 ], [ -4.1246026, 5.7709543 ], [ -4.1248128, 5.7714395 ], [ -4.1276607, 5.777877 ], [ -4.1278722, 5.778325 ], [ -4.1281297, 5.7787439 ], [ -4.1283361, 5.7790139 ], [ -4.1287091, 5.7793764 ], [ -4.1330332, 5.7831332 ], [ -4.1334753, 5.7836301 ], [ -4.1337999, 5.7841398 ], [ -4.1341808, 5.7847909 ], [ -4.134424, 5.7853805 ], [ -4.1348898, 5.7890073 ], [ -4.1349962, 5.7897143 ], [ -4.1351253, 5.7901981 ], [ -4.1352778, 5.7906296 ], [ -4.1355272, 5.7911126 ], [ -4.1358101, 5.7915545 ], [ -4.1383972, 5.7946046 ], [ -4.1395288, 5.7959387 ], [ -4.1403246, 5.7970695 ] ] } },
{ "type": "Feature", "properties": { "name": null, "name:en": null, "railway": "rail", "ele": null, "operator:type": null, "layer": null, "addr:full": null, "addr:city": null, "source": null, "name:fr": null, "osm_id": 247573198, "osm_type": "ways_line" }, "geometry": { "type": "LineString", "coordinates": [ [ -5.030891, 7.684526 ], [ -5.0321582, 7.6838409 ], [ -5.0322544, 7.6837941 ], [ -5.0323478, 7.6837614 ], [ -5.032532, 7.6837237 ], [ -5.0326859, 7.6836959 ] ] } },
{ "type": "Feature", "properties": { "name": null, "name:en": null, "railway": "rail", "ele": null, "operator:type": null, "layer": null, "addr:full": null, "addr:city": null, "source": null, "name:fr": null, "osm_id": 334753566, "osm_type": "ways_line" }, "geometry": { "type": "LineString", "coordinates": [ [ -4.0184306, 5.3059167 ], [ -4.0164356, 5.3035988 ], [ -4.0160255, 5.303121 ], [ -4.0154961, 5.3025116 ] ] } },
{ "type": "Feature", "properties": { "name": null, "name:en": null, "railway": "rail", "ele": null, "operator:type": null, "layer": null, "addr:full": null, "addr:city": null, "source": null, "name:fr": null, "osm_id": 395988806, "osm_type": "ways_line" }, "geometry": { "type": "LineString", "coordinates": [ [ -4.0192548, 5.3069647 ], [ -4.0193212, 5.3071893 ] ] } },
{ "type": "Feature", "properties": { "name": "Chemins de fer Abidjan-Niger", "name:en": null, "railway": "rail", "ele": null, "operator:type": null, "layer": null, "addr:full": null, "addr:city": null, "source": null, "name:fr": null, "osm_id": 402689663, "osm_type": "ways_line" }, "geometry": { "type": "LineString", "coordinates": [ [ -4.7035489, 6.6431468 ], [ -4.7032295, 6.6429143 ] ] } },
{ "type": "Feature", "properties": { "name": null, "name:en": null, "railway": "rail", "ele": null, "operator:type": null, "layer": null, "addr:full": null, "addr:city": null, "source": null, "name:fr": null, "osm_id": 402994451, "osm_type": "ways_line" }, "geometry": { "type": "LineString", "coordinates": [ [ -5.0278348, 7.6866257 ], [ -5.0274921, 7.686845 ] ] } },
{ "type": "Feature", "properties": { "name": null, "name:en": null, "railway": "rail", "ele": null, "operator:type": null, "layer": null, "addr:full": null, "addr:city": null, "source": null, "name:fr": null, "osm_id": 402994453, "osm_type": "ways_line" }, "geometry": { "type": "LineString", "coordinates": [ [ -5.0341924, 7.6842582 ], [ -5.0339605, 7.684265 ] ] } },
{ "type": "Feature", "properties": { "name": null, "name:en": null, "railway": "rail", "ele": null, "operator:type": null, "layer": null, "addr:full": null, "addr:city": null, "source": null, "name:fr": null, "osm_id": 402994456, "osm_type": "ways_line" }, "geometry": { "type": "LineString", "coordinates": [ [ -5.0342389, 7.6844524 ], [ -5.0339665, 7.68446 ] ] } },
{ "type": "Feature", "properties": { "name": null, "name:en": null, "railway": "rail", "ele": null, "operator:type": null, "layer": null, "addr:full": null, "addr:city": null, "source": null, "name:fr": null, "osm_id": 402994460, "osm_type": "ways_line" }, "geometry": { "type": "LineString", "coordinates": [ [ -5.034236, 7.6842992 ], [ -5.0341937, 7.6843002 ] ] } },
{ "type": "Feature", "properties": { "name": null, "name:en": null, "railway": "rail", "ele": null, "operator:type": null, "layer": null, "addr:full": null, "addr:city": null, "source": null, "name:fr": null, "osm_id": 402994471, "osm_type": "ways_line" }, "geometry": { "type": "LineString", "coordinates": [ [ -5.0282632, 7.6864742 ], [ -5.0287635, 7.6862602 ], [ -5.0292061, 7.6860473 ], [ -5.0299727, 7.6856492 ], [ -5.030173, 7.6855452 ], [ -5.031213, 7.684984 ], [ -5.031447, 7.6848182 ] ] } },
{ "type": "Feature", "properties": { "name": null, "name:en": null, "railway": "rail", "ele": null, "operator:type": null, "layer": null, "addr:full": null, "addr:city": null, "source": null, "name:fr": null, "osm_id": 402994473, "osm_type": "ways_line" }, "geometry": { "type": "LineString", "coordinates": [ [ -5.0343223, 7.6847406 ], [ -5.0338838, 7.6847526 ], [ -5.0333098, 7.6845652 ], [ -5.0331931, 7.6845272 ], [ -5.0329047, 7.6844363 ], [ -5.0328377, 7.684427 ], [ -5.0326902, 7.6844057 ], [ -5.0325453, 7.6844004 ], [ -5.032269, 7.6844208 ] ] } },
{ "type": "Feature", "properties": { "name": null, "name:en": null, "railway": "rail", "ele": null, "operator:type": null, "layer": null, "addr:full": null, "addr:city": null, "source": null, "name:fr": null, "osm_id": 402994474, "osm_type": "ways_line" }, "geometry": { "type": "LineString", "coordinates": [ [ -5.0313934, 7.6858362 ], [ -5.0313451, 7.6856701 ], [ -5.0313303, 7.685504 ], [ -5.0313384, 7.6853498 ], [ -5.0313759, 7.685181 ], [ -5.0314349, 7.6850335 ], [ -5.0315369, 7.6848846 ], [ -5.0316375, 7.6847663 ], [ -5.0317931, 7.6846283 ] ] } },
{ "type": "Feature", "properties": { "name": null, "name:en": null, "railway": "rail", "ele": null, "operator:type": null, "layer": null, "addr:full": null, "addr:city": null, "source": null, "name:fr": null, "osm_id": 403035191, "osm_type": "ways_line" }, "geometry": { "type": "LineString", "coordinates": [ [ -5.0322745, 7.6842267 ], [ -5.0328847, 7.6839078 ], [ -5.0336768, 7.683489 ], [ -5.0338047, 7.6834213 ], [ -5.0340125, 7.6833243 ], [ -5.0342794, 7.6832319 ], [ -5.0345155, 7.6831907 ], [ -5.0347502, 7.6831615 ] ] } },
{ "type": "Feature", "properties": { "name": null, "name:en": null, "railway": "rail", "ele": null, "operator:type": null, "layer": null, "addr:full": null, "addr:city": null, "source": null, "name:fr": null, "osm_id": 484928481, "osm_type": "ways_line" }, "geometry": { "type": "LineString", "coordinates": [ [ -4.0107612, 5.2975476 ], [ -4.0105338, 5.2973625 ] ] } },
{ "type": "Feature", "properties": { "name": null, "name:en": null, "railway": "rail", "ele": null, "operator:type": null, "layer": null, "addr:full": null, "addr:city": null, "source": null, "name:fr": null, "osm_id": 484928482, "osm_type": "ways_line" }, "geometry": { "type": "LineString", "coordinates": [ [ -4.0107893, 5.2975165 ], [ -4.0105597, 5.2973327 ] ] } },
{ "type": "Feature", "properties": { "name": null, "name:en": null, "railway": "rail", "ele": null, "operator:type": null, "layer": null, "addr:full": null, "addr:city": null, "source": null, "name:fr": null, "osm_id": 484928484, "osm_type": "ways_line" }, "geometry": { "type": "LineString", "coordinates": [ [ -4.010733, 5.2975788 ], [ -4.0104881, 5.2973756 ] ] } },
{ "type": "Feature", "properties": { "name": "Chemins de fer Abidjan-Niger", "name:en": null, "railway": "rail", "ele": null, "operator:type": null, "layer": null, "addr:full": null, "addr:city": null, "source": null, "name:fr": null, "osm_id": 402787771, "osm_type": "ways_line" }, "geometry": { "type": "LineString", "coordinates": [ [ -4.7094509, 6.6472534 ], [ -4.7142349, 6.6508594 ], [ -4.7184636, 6.654069 ], [ -4.7192762, 6.6547324 ], [ -4.7200701, 6.6554374 ], [ -4.7216964, 6.6571547 ], [ -4.7231227, 6.6587907 ], [ -4.723996, 6.6599446 ], [ -4.7246904, 6.6610437 ], [ -4.7267673, 6.6647154 ], [ -4.7271567, 6.6652964 ], [ -4.7275314, 6.6657998 ], [ -4.7279913, 6.6663104 ], [ -4.7284656, 6.6667617 ], [ -4.7289484, 6.667168 ], [ -4.7338264, 6.6710637 ], [ -4.734541, 6.6717409 ], [ -4.7349298, 6.6722577 ], [ -4.7353428, 6.6729476 ], [ -4.7363617, 6.6748296 ], [ -4.7366131, 6.6753906 ], [ -4.736819, 6.6760592 ], [ -4.7369034, 6.6765528 ], [ -4.7369307, 6.6770103 ], [ -4.7368904, 6.6775058 ], [ -4.7368274, 6.6779112 ], [ -4.7367165, 6.6783317 ], [ -4.7344972, 6.6854632 ], [ -4.7343531, 6.6860119 ], [ -4.7342191, 6.6866611 ], [ -4.7341626, 6.6871601 ], [ -4.7341295, 6.6876837 ], [ -4.7341013, 6.6904056 ], [ -4.7340236, 6.6947402 ], [ -4.7340527, 6.695381 ], [ -4.7340883, 6.6960688 ], [ -4.7342117, 6.6968572 ], [ -4.7343504, 6.6973896 ], [ -4.7345139, 6.6979591 ], [ -4.7407757, 6.7150882 ], [ -4.7410076, 6.7157249 ], [ -4.7411825, 6.7163468 ], [ -4.7412383, 6.7167851 ], [ -4.7412586, 6.7171498 ], [ -4.7412356, 6.7176002 ], [ -4.7411619, 6.7181298 ], [ -4.7410425, 6.7185831 ], [ -4.7408741, 6.7190237 ], [ -4.7406965, 6.7193583 ], [ -4.7405051, 6.7196821 ], [ -4.7401556, 6.7201652 ], [ -4.7398543, 6.7204664 ], [ -4.7395283, 6.7207497 ], [ -4.7390927, 6.7210674 ], [ -4.7288425, 6.7279978 ], [ -4.7283392, 6.7283768 ], [ -4.7279291, 6.7287591 ], [ -4.7275264, 6.7291945 ], [ -4.7271406, 6.7296804 ], [ -4.7267606, 6.7302252 ], [ -4.7264764, 6.7307712 ], [ -4.7262447, 6.7313425 ], [ -4.726066, 6.7318421 ], [ -4.7258891, 6.7325059 ], [ -4.7209883, 6.7552074 ], [ -4.7208515, 6.7558867 ], [ -4.7207918, 6.7563862 ], [ -4.7207523, 6.7568748 ], [ -4.7207631, 6.7575061 ], [ -4.7208213, 6.7580509 ], [ -4.7209159, 6.7586275 ], [ -4.7210413, 6.7591163 ], [ -4.7212082, 6.7596049 ], [ -4.721384, 6.7600417 ], [ -4.7313392, 6.7814378 ], [ -4.7316905, 6.7820743 ], [ -4.7320678, 6.7826004 ], [ -4.7324013, 6.7830172 ], [ -4.7329243, 6.7835499 ], [ -4.7334411, 6.7839774 ], [ -4.733965, 6.7843703 ], [ -4.7374117, 6.7867833 ], [ -4.7381967, 6.7874106 ], [ -4.7388949, 6.7880298 ], [ -4.7457638, 6.7945629 ], [ -4.7464498, 6.7952463 ], [ -4.7468182, 6.7956844 ], [ -4.747107, 6.7961119 ], [ -4.7473599, 6.796558 ], [ -4.7475468, 6.7969668 ], [ -4.7476998, 6.7974331 ], [ -4.7478221, 6.7979321 ], [ -4.7478721, 6.7981584 ], [ -4.7478929, 6.7983917 ], [ -4.747915, 6.7986298 ], [ -4.7479176, 6.7988868 ], [ -4.7479096, 6.7992158 ], [ -4.7478851, 6.7995334 ], [ -4.7431614, 6.8322017 ], [ -4.7430139, 6.8329421 ], [ -4.7428281, 6.833714 ], [ -4.7425848, 6.8344068 ], [ -4.7422983, 6.835156 ], [ -4.7407104, 6.838965 ], [ -4.740335, 6.8398681 ], [ -4.7393606, 6.8422124 ], [ -4.7371044, 6.8476407 ], [ -4.7322931, 6.8591419 ], [ -4.7321161, 6.8595862 ], [ -4.7319659, 6.8600177 ], [ -4.7318506, 6.8604251 ], [ -4.7317594, 6.8608272 ], [ -4.7316735, 6.8612746 ], [ -4.7316333, 6.8617806 ], [ -4.7316172, 6.8622386 ], [ -4.7316306, 6.8627046 ], [ -4.7316789, 6.863152 ], [ -4.7317513, 6.8635861 ], [ -4.7318747, 6.8641054 ], [ -4.7320589, 6.8646854 ], [ -4.7355047, 6.8735023 ], [ -4.7356539, 6.8739157 ], [ -4.7357612, 6.8742699 ], [ -4.7358444, 6.874632 ], [ -4.7359087, 6.8750528 ], [ -4.7359329, 6.8754948 ], [ -4.7359234, 6.8758678 ], [ -4.7358846, 6.876315 ], [ -4.7358256, 6.8766638 ], [ -4.7357559, 6.8769594 ], [ -4.7356781, 6.877255 ], [ -4.735552, 6.8776225 ], [ -4.7353664, 6.8780212 ], [ -4.734678, 6.8793121 ], [ -4.7165192, 6.9124636 ], [ -4.7158225, 6.9139155 ], [ -4.7151412, 6.9154812 ], [ -4.7141327, 6.9181385 ], [ -4.7027008, 6.9478077 ], [ -4.6960825, 6.9650016 ], [ -4.6864804, 6.9882493 ], [ -4.6849125, 6.9920452 ], [ -4.6843601, 6.9933958 ], [ -4.6841045, 6.9940602 ], [ -4.683931, 6.9947429 ], [ -4.6838509, 6.995284 ], [ -4.6838318, 6.9958404 ], [ -4.683865, 6.99636 ], [ -4.6839444, 6.9968674 ], [ -4.6840901, 6.9974301 ], [ -4.6868506, 7.0072325 ], [ -4.6869994, 7.0078516 ], [ -4.6870732, 7.0084437 ], [ -4.6870906, 7.0089192 ], [ -4.6870622, 7.0094507 ], [ -4.6869914, 7.0098935 ], [ -4.6868614, 7.0104751 ] ] } },
{ "type": "Feature", "properties": { "name": null, "name:en": null, "railway": "rail", "ele": null, "operator:type": null, "layer": null, "addr:full": null, "addr:city": null, "source": null, "name:fr": null, "osm_id": 334767243, "osm_type": "ways_line" }, "geometry": { "type": "LineString", "coordinates": [ [ -4.0071569, 5.2942505 ], [ -4.0073476, 5.294161 ], [ -4.0074575, 5.2941094 ], [ -4.0082879, 5.2938105 ], [ -4.0084654, 5.2937459 ], [ -4.0085825, 5.2937019 ], [ -4.0092267, 5.2934599 ], [ -4.0093628, 5.293419 ], [ -4.0094809, 5.293396 ], [ -4.0095887, 5.293396 ], [ -4.0097197, 5.2934088 ], [ -4.0098532, 5.293442 ], [ -4.0100201, 5.2935034 ], [ -4.0102471, 5.2936353 ], [ -4.0104207, 5.2937361 ], [ -4.0123619, 5.2954389 ], [ -4.0124533, 5.2955143 ], [ -4.0138211, 5.2966431 ], [ -4.0143526, 5.2971 ], [ -4.0168935, 5.2992766 ], [ -4.0179238, 5.3001404 ], [ -4.0190364, 5.3009949 ], [ -4.0196319, 5.3013872 ], [ -4.0202119, 5.3017547 ], [ -4.0212951, 5.3023603 ], [ -4.0214733, 5.3024464 ], [ -4.0227674, 5.3030395 ], [ -4.0238488, 5.3035351 ], [ -4.0239133, 5.3035654 ], [ -4.0244006, 5.3038572 ], [ -4.0246224, 5.3039482 ], [ -4.0250037, 5.3042039 ], [ -4.0251535, 5.304351 ], [ -4.0253328, 5.3045102 ] ] } },
{ "type": "Feature", "properties": { "name": null, "name:en": null, "railway": "rail", "ele": null, "operator:type": null, "layer": null, "addr:full": null, "addr:city": null, "source": null, "name:fr": null, "osm_id": 334734909, "osm_type": "ways_line" }, "geometry": { "type": "LineString", "coordinates": [ [ -4.0183958, 5.3054424 ], [ -4.0161712, 5.3028429 ], [ -4.0151561, 5.3016798 ] ] } },
{ "type": "Feature", "properties": { "name": null, "name:en": null, "railway": "rail", "ele": null, "operator:type": null, "layer": null, "addr:full": null, "addr:city": null, "source": null, "name:fr": null, "osm_id": 334734913, "osm_type": "ways_line" }, "geometry": { "type": "LineString", "coordinates": [ [ -4.0174317, 5.3038223 ], [ -4.0159982, 5.3021713 ], [ -4.014277, 5.3001418 ] ] } },
{ "type": "Feature", "properties": { "name": null, "name:en": null, "railway": "rail", "ele": null, "operator:type": null, "layer": null, "addr:full": null, "addr:city": null, "source": null, "name:fr": null, "osm_id": 334734918, "osm_type": "ways_line" }, "geometry": { "type": "LineString", "coordinates": [ [ -4.0176138, 5.3041076 ], [ -4.0159621, 5.3022 ], [ -4.0144615, 5.3004344 ] ] } },
{ "type": "Feature", "properties": { "name": null, "name:en": null, "railway": "rail", "ele": null, "operator:type": null, "layer": null, "addr:full": null, "addr:city": null, "source": null, "name:fr": null, "osm_id": 334734919, "osm_type": "ways_line" }, "geometry": { "type": "LineString", "coordinates": [ [ -4.0172689, 5.3035611 ], [ -4.0160343, 5.3021425 ], [ -4.0140973, 5.2998758 ] ] } },
{ "type": "Feature", "properties": { "name": null, "name:en": null, "railway": "rail", "ele": null, "operator:type": null, "layer": null, "addr:full": null, "addr:city": null, "source": null, "name:fr": null, "osm_id": 334734920, "osm_type": "ways_line" }, "geometry": { "type": "LineString", "coordinates": [ [ -4.0179708, 5.3048742 ], [ -4.0178372, 5.3046565 ], [ -4.0176672, 5.3043784 ], [ -4.0162805, 5.3027704 ], [ -4.015569, 5.3019385 ], [ -4.0152824, 5.3016967 ], [ -4.015069, 5.3014987 ], [ -4.0149618, 5.301392 ] ] } },
{ "type": "Feature", "properties": { "name": null, "name:en": null, "railway": "rail", "ele": null, "operator:type": null, "layer": null, "addr:full": null, "addr:city": null, "source": null, "name:fr": null, "osm_id": 334734921, "osm_type": "ways_line" }, "geometry": { "type": "LineString", "coordinates": [ [ -4.0185269, 5.305648 ], [ -4.0183618, 5.3054666 ], [ -4.0161324, 5.3028743 ], [ -4.0153382, 5.3019579 ] ] } },
{ "type": "Feature", "properties": { "name": null, "name:en": null, "railway": "rail", "ele": null, "operator:type": null, "layer": null, "addr:full": null, "addr:city": null, "source": null, "name:fr": null, "osm_id": 396000419, "osm_type": "ways_line" }, "geometry": { "type": "LineString", "coordinates": [ [ -4.0128733, 5.2981613 ], [ -4.01239, 5.2978445 ], [ -4.0120014, 5.2975858 ], [ -4.0115933, 5.2973126 ], [ -4.0112097, 5.2970224 ] ] } },
{ "type": "Feature", "properties": { "name": null, "name:en": null, "railway": "rail", "ele": null, "operator:type": null, "layer": null, "addr:full": null, "addr:city": null, "source": null, "name:fr": null, "osm_id": 402994472, "osm_type": "ways_line" }, "geometry": { "type": "LineString", "coordinates": [ [ -5.0322785, 7.6843304 ], [ -5.0318735, 7.6845842 ], [ -5.0317931, 7.6846283 ], [ -5.031447, 7.6848182 ], [ -5.0311955, 7.6849513 ], [ -5.0291882, 7.6860138 ], [ -5.0287635, 7.6862602 ] ] } },
{ "type": "Feature", "properties": { "name": "Chemins de fer Abidjan-Niger", "name:en": null, "railway": "rail", "ele": null, "operator:type": null, "layer": null, "addr:full": null, "addr:city": null, "source": null, "name:fr": null, "osm_id": 255501549, "osm_type": "ways_line" }, "geometry": { "type": "LineString", "coordinates": [ [ -5.0327549, 7.684028 ], [ -5.0330945, 7.6838504 ], [ -5.0336231, 7.683574 ], [ -5.0338264, 7.6834701 ], [ -5.0340353, 7.6833868 ], [ -5.0343103, 7.6833083 ], [ -5.0345229, 7.6832636 ], [ -5.0347542, 7.6832392 ], [ -5.03495, 7.6832346 ], [ -5.035156, 7.6832419 ], [ -5.0354167, 7.6832751 ], [ -5.0356332, 7.6833177 ], [ -5.0358365, 7.6833788 ], [ -5.0359947, 7.6834432 ], [ -5.0362057, 7.6835474 ], [ -5.0363984, 7.6836605 ], [ -5.036721, 7.6838863 ], [ -5.0371481, 7.6841905 ], [ -5.0393938, 7.6857862 ], [ -5.0414623, 7.687256 ], [ -5.0417101, 7.6874805 ], [ -5.0418866, 7.6876792 ], [ -5.0420413, 7.6878983 ], [ -5.042179, 7.6881391 ], [ -5.0423019, 7.6883886 ], [ -5.0423903, 7.6886429 ], [ -5.0424472, 7.688886 ], [ -5.0424863, 7.6891345 ], [ -5.0424998, 7.6894188 ], [ -5.0424847, 7.6896941 ], [ -5.0424383, 7.6899764 ], [ -5.0423694, 7.6902151 ], [ -5.042256, 7.6905006 ], [ -5.0409497, 7.693275 ], [ -5.0408382, 7.693593 ], [ -5.0407495, 7.6939501 ], [ -5.0407117, 7.6942778 ], [ -5.0406985, 7.6945349 ], [ -5.0407193, 7.6948425 ], [ -5.0407603, 7.6951432 ], [ -5.0408163, 7.6953782 ], [ -5.0408618, 7.6955194 ], [ -5.0409209, 7.6957078 ], [ -5.0410332, 7.695993 ], [ -5.0411495, 7.696262 ], [ -5.0413345, 7.696579 ], [ -5.0415057, 7.6968136 ], [ -5.0417725, 7.697121 ], [ -5.0428028, 7.6981933 ], [ -5.0430955, 7.6984891 ], [ -5.0434047, 7.69873 ], [ -5.0436704, 7.6989027 ], [ -5.0439894, 7.6990676 ], [ -5.0443263, 7.6991966 ], [ -5.0446599, 7.6992909 ], [ -5.0447054, 7.6993023 ], [ -5.0449666, 7.6993456 ], [ -5.0453064, 7.6993706 ], [ -5.0456363, 7.6993702 ], [ -5.046271, 7.6993242 ], [ -5.0497755, 7.6989429 ], [ -5.0567603, 7.6981828 ], [ -5.0602506, 7.697803 ], [ -5.0605566, 7.6977839 ], [ -5.0609457, 7.6977856 ], [ -5.0613191, 7.6978101 ], [ -5.0616532, 7.6978511 ], [ -5.0617107, 7.6978582 ], [ -5.0622125, 7.6979529 ], [ -5.0625878, 7.6980416 ], [ -5.0628998, 7.698138 ], [ -5.0632584, 7.6982728 ], [ -5.0636355, 7.6984225 ], [ -5.0640367, 7.6986144 ], [ -5.0644182, 7.6988363 ], [ -5.0647839, 7.6990545 ], [ -5.0667149, 7.7002695 ], [ -5.0677308, 7.7009088 ], [ -5.0767706, 7.7066154 ], [ -5.07747, 7.7070446 ], [ -5.0776765, 7.7071895 ], [ -5.0779879, 7.7074121 ], [ -5.0783447, 7.707688 ], [ -5.0786019, 7.7079191 ], [ -5.0789122, 7.7082344 ], [ -5.0791625, 7.7085304 ], [ -5.0794293, 7.7088826 ], [ -5.0797085, 7.7092926 ], [ -5.0799416, 7.709688 ], [ -5.0801737, 7.7101518 ], [ -5.0803919, 7.7106925 ], [ -5.0805449, 7.7111634 ], [ -5.0806738, 7.7116902 ], [ -5.0819495, 7.7173463 ], [ -5.0858918, 7.7348199 ], [ -5.0867386, 7.7385813 ], [ -5.0888857, 7.7480194 ], [ -5.0890102, 7.7486785 ], [ -5.0890799, 7.7492047 ], [ -5.0891175, 7.7497309 ], [ -5.0891232, 7.7502212 ], [ -5.0891114, 7.7506012 ], [ -5.0890723, 7.7510536 ], [ -5.0890238, 7.7514058 ], [ -5.0889512, 7.7518172 ], [ -5.0888493, 7.7522956 ], [ -5.0886883, 7.7528351 ], [ -5.0885927, 7.7531208 ], [ -5.088495, 7.7533827 ], [ -5.0882583, 7.7539228 ], [ -5.0879454, 7.7545228 ], [ -5.0875661, 7.7551589 ], [ -5.0770385, 7.7722121 ], [ -5.0765653, 7.7729824 ], [ -5.0763515, 7.7733653 ], [ -5.0761651, 7.7737493 ], [ -5.0759613, 7.7742516 ], [ -5.0757584, 7.7748681 ], [ -5.0756353, 7.7754421 ], [ -5.0755735, 7.7758361 ], [ -5.0755252, 7.7763036 ], [ -5.0755213, 7.7768785 ], [ -5.0755736, 7.7775522 ], [ -5.0756206, 7.7778711 ], [ -5.0757198, 7.7783282 ], [ -5.0758383, 7.7788027 ], [ -5.0760132, 7.7793057 ], [ -5.0762366, 7.7798281 ], [ -5.0764812, 7.780295 ], [ -5.0766364, 7.7805838 ], [ -5.0767378, 7.7807724 ], [ -5.0789789, 7.7849545 ], [ -5.0791772, 7.785344 ], [ -5.0793488, 7.7857506 ], [ -5.0795178, 7.7862263 ], [ -5.0796535, 7.7866792 ], [ -5.0797445, 7.7870501 ], [ -5.079864, 7.7876732 ], [ -5.0799175, 7.7880799 ], [ -5.079959, 7.7886021 ], [ -5.07997, 7.7890032 ], [ -5.0799639, 7.7893616 ], [ -5.0799251, 7.7898932 ], [ -5.0798641, 7.7904426 ], [ -5.0779326, 7.8043114 ], [ -5.0760003, 7.8181864 ], [ -5.0756975, 7.8204093 ], [ -5.0752343, 7.8236595 ], [ -5.0725644, 7.8427735 ], [ -5.072309, 7.8446136 ], [ -5.0721601, 7.8454838 ], [ -5.0719502, 7.846358 ], [ -5.0716698, 7.8472692 ], [ -5.0712764, 7.8482578 ], [ -5.0708206, 7.8492257 ], [ -5.0693082, 7.8522916 ], [ -5.0656564, 7.8597136 ], [ -5.0638773, 7.8633374 ], [ -5.0596997, 7.8718308 ], [ -5.0594451, 7.8724206 ], [ -5.0593029, 7.8728298 ], [ -5.0591279, 7.8734156 ], [ -5.0589902, 7.874057 ], [ -5.0589046, 7.8746112 ], [ -5.0588383, 7.8753482 ], [ -5.0584949, 7.8807833 ], [ -5.0578852, 7.8903465 ], [ -5.0573858, 7.8982785 ], [ -5.057361, 7.8986955 ], [ -5.0573543, 7.8990568 ], [ -5.0573804, 7.8997037 ], [ -5.0574482, 7.900263 ], [ -5.0575286, 7.9007452 ], [ -5.0576574, 7.901315 ] ] } },
{ "type": "Feature", "properties": { "name": "Chemins de fer Abidjan-Niger", "name:en": null, "railway": "rail", "ele": null, "operator:type": null, "layer": null, "addr:full": null, "addr:city": null, "source": null, "name:fr": null, "osm_id": 30672415, "osm_type": "ways_line" }, "geometry": { "type": "LineString", "coordinates": [ [ -4.0281279, 5.3294597 ], [ -4.0287598, 5.3311275 ], [ -4.0288629, 5.3314703 ], [ -4.0289213, 5.3317517 ], [ -4.0289503, 5.332059 ], [ -4.0289473, 5.3323838 ], [ -4.0289081, 5.3326769 ], [ -4.02883, 5.3329707 ], [ -4.0286723, 5.3333596 ], [ -4.0279287, 5.3347751 ], [ -4.0277766, 5.3351188 ], [ -4.0276623, 5.3354739 ], [ -4.0276049, 5.3358516 ], [ -4.0275855, 5.3361825 ], [ -4.0276106, 5.3364606 ], [ -4.0276954, 5.3368525 ], [ -4.0278448, 5.3372519 ], [ -4.0280439, 5.3376374 ], [ -4.0282905, 5.3379735 ], [ -4.0285653, 5.3383043 ], [ -4.0293674, 5.3391525 ], [ -4.0296113, 5.33953 ], [ -4.0297638, 5.3398531 ], [ -4.0298494, 5.3401076 ], [ -4.0299083, 5.3403855 ], [ -4.0299454, 5.3407053 ], [ -4.0299791, 5.3418939 ], [ -4.0299893, 5.3422535 ], [ -4.0299666, 5.3425525 ], [ -4.0299117, 5.3429098 ], [ -4.0298334, 5.3433586 ], [ -4.0297313, 5.3437195 ], [ -4.0296509, 5.3439621 ], [ -4.0295217, 5.3442399 ], [ -4.0292584, 5.3446921 ], [ -4.0277669, 5.3471659 ], [ -4.0270666, 5.3483181 ], [ -4.0267614, 5.3488953 ], [ -4.0265864, 5.3493384 ], [ -4.0264917, 5.3496708 ], [ -4.0264047, 5.350044 ], [ -4.0263595, 5.3504413 ], [ -4.0263483, 5.350871 ], [ -4.0263733, 5.3512679 ], [ -4.0264291, 5.3516451 ], [ -4.0265162, 5.3520176 ], [ -4.0266303, 5.352383 ], [ -4.0272188, 5.3540441 ], [ -4.0274999, 5.3546972 ] ] } }
]
}
