{
  "type": "FeatureCollection",
  "features": [
    {
      "type": "Feature",
      "geometry": {
        "coordinates": [
          -6.445027397,
          5.418403983
        ],
        "type": "Point"
      },
      "properties": {
        "ADM0_FR": "BAS-SASSANDRA",
        "ADM0_PCODE": "CI01",
        "ADM1_FR": "NAWA",
        "ADM1_PCODE": "CI126",
        "ADM2_FR": "MEAGUI",
        "ADM2_PCODE": "CI2603",
        "ADM3_FR": "MEAGUI",
        "ADM3_PCODE": "CI260301",
        "ADM4_FR": "ABODAGUI",
        "ADM4_PCODE": "CIV0036",
        "centerLat": 5.418403983,
        "centerLng": -6.445027397,
        "pop": 554,
        "score": 554,
        "whiteLoc": 1
      },
      "id": 1
    },
    {
      "type": "Feature",
      "geometry": {
        "coordinates": [
          -3.990737688,
          7.553039522
        ],
        "type": "Point"
      },
      "properties": {
        "ADM0_FR": "LACS",
        "ADM0_PCODE": "CI07",
        "ADM1_FR": "IFFOU",
        "ADM1_PCODE": "CI119",
        "ADM2_FR": "PRIKRO",
        "ADM2_PCODE": "CI1903",
        "ADM3_FR": "KOFFIAMONKRO",
        "ADM3_PCODE": "CI190304",
        "ADM4_FR": "ABOUA-COMOEKRO",
        "ADM4_PCODE": "CIV0057",
        "centerLat": 7.553039522,
        "centerLng": -3.990737688,
        "pop": 347,
        "score": 347,
        "whiteLoc": 1
      },
      "id": 2
    },
    {
      "type": "Feature",
      "geometry": {
        "coordinates": [
          -4.550692451,
          6.153139776
        ],
        "type": "Point"
      },
      "properties": {
        "ADM0_FR": "LAGUNES",
        "ADM0_PCODE": "CI08",
        "ADM1_FR": "AGNEBY-TIASSA",
        "ADM1_PCODE": "CI103",
        "ADM2_FR": "AGBOVILLE",
        "ADM2_PCODE": "CI0301",
        "ADM3_FR": "ANANGUIE",
        "ADM3_PCODE": "CI030103",
        "ADM4_FR": "ADAHI-KASSI-HO",
        "ADM4_PCODE": "CIV0092",
        "centerLat": 6.153139776,
        "centerLng": -4.550692451,
        "pop": 309,
        "score": 309,
        "whiteLoc": 1
      },
      "id": 3
    },
    {
      "type": "Feature",
      "geometry": {
        "coordinates": [
          -5.722246347,
          8.718445967
        ],
        "type": "Point"
      },
      "properties": {
        "ADM0_FR": "SAVANES",
        "ADM0_PCODE": "CI11",
        "ADM1_FR": "PORO",
        "ADM1_PCODE": "CI128",
        "ADM2_FR": "KORHOGO",
        "ADM2_PCODE": "CI2802",
        "ADM3_FR": "KANOROBA",
        "ADM3_PCODE": "CI280203",
        "ADM4_FR": "ADAMAKAHA",
        "ADM4_PCODE": "CIV0097",
        "centerLat": 8.718445967,
        "centerLng": -5.722246347,
        "pop": 498,
        "score": 498,
        "whiteLoc": 1
      },
      "id": 4
    },
    {
      "type": "Feature",
      "geometry": {
        "coordinates": [
          -3.23013577,
          6.303604053
        ],
        "type": "Point"
      },
      "properties": {
        "ADM0_FR": "COMOE",
        "ADM0_PCODE": "CI02",
        "ADM1_FR": "INDENIE-DJUABLIN",
        "ADM1_PCODE": "CI120",
        "ADM2_FR": "BETTIE",
        "ADM2_PCODE": "CI2003",
        "ADM3_FR": "DIAMARAKRO",
        "ADM3_PCODE": "CI200302",
        "ADM4_FR": "ADAMAKRO",
        "ADM4_PCODE": "CIV0098",
        "centerLat": 6.303604053,
        "centerLng": -3.23013577,
        "pop": 3726,
        "score": 3726,
        "whiteLoc": 1
      },
      "id": 5
    },
    {
      "type": "Feature",
      "geometry": {
        "coordinates": [
          -4.699965488,
          6.772241541
        ],
        "type": "Point"
      },
      "properties": {
        "ADM0_FR": "LACS",
        "ADM0_PCODE": "CI07",
        "ADM1_FR": "N'ZI",
        "ADM1_PCODE": "CI127",
        "ADM2_FR": "DIMBOKRO",
        "ADM2_PCODE": "CI2702",
        "ADM3_FR": "NOFOU",
        "ADM3_PCODE": "CI270204",
        "ADM4_FR": "ADIAKOUN-KONANKRO",
        "ADM4_PCODE": "CIV0115",
        "centerLat": 6.772241541,
        "centerLng": -4.699965488,
        "pop": 248,
        "score": 248,
        "whiteLoc": 1
      },
      "id": 6
    },
    {
      "type": "Feature",
      "geometry": {
        "coordinates": [
          -4.813786625,
          7.30373021
        ],
        "type": "Point"
      },
      "properties": {
        "ADM0_FR": "LACS",
        "ADM0_PCODE": "CI07",
        "ADM1_FR": "BELIER",
        "ADM1_PCODE": "CI106",
        "ADM2_FR": "DIDIEVI",
        "ADM2_PCODE": "CI0601",
        "ADM3_FR": "BOLI",
        "ADM3_PCODE": "CI060101",
        "ADM4_FR": "ADJEBO",
        "ADM4_PCODE": "CIV0146",
        "centerLat": 7.30373021,
        "centerLng": -4.813786625,
        "pop": 999,
        "score": 999,
        "whiteLoc": 1
      },
      "id": 7
    },
    {
      "type": "Feature",
      "geometry": {
        "coordinates": [
          -4.64583907,
          6.035730312
        ],
        "type": "Point"
      },
      "properties": {
        "ADM0_FR": "LAGUNES",
        "ADM0_PCODE": "CI08",
        "ADM1_FR": "AGNEBY-TIASSA",
        "ADM1_PCODE": "CI103",
        "ADM2_FR": "TIASSALE",
        "ADM2_PCODE": "CI0304",
        "ADM3_FR": "MOROKRO",
        "ADM3_PCODE": "CI030403",
        "ADM4_FR": "ADOMKRO",
        "ADM4_PCODE": "CIV0171",
        "centerLat": 6.035730312,
        "centerLng": -4.64583907,
        "pop": 727,
        "score": 727,
        "whiteLoc": 1
      },
      "id": 8
    },
    {
      "type": "Feature",
      "geometry": {
        "coordinates": [
          -4.600302581,
          6.184637279
        ],
        "type": "Point"
      },
      "properties": {
        "ADM0_FR": "LAGUNES",
        "ADM0_PCODE": "CI08",
        "ADM1_FR": "AGNEBY-TIASSA",
        "ADM1_PCODE": "CI103",
        "ADM2_FR": "TIASSALE",
        "ADM2_PCODE": "CI0304",
        "ADM3_FR": "MOROKRO",
        "ADM3_PCODE": "CI030403",
        "ADM4_FR": "AFFOUNVASSOU",
        "ADM4_PCODE": "CIV0203",
        "centerLat": 6.184637279,
        "centerLng": -4.600302581,
        "pop": 3314,
        "score": 3314,
        "whiteLoc": 1
      },
      "id": 9
    },
    {
      "type": "Feature",
      "geometry": {
        "coordinates": [
          -5.477891255,
          7.940234729
        ],
        "type": "Point"
      },
      "properties": {
        "ADM0_FR": "VALLEE DU BANDAMA",
        "ADM0_PCODE": "CI12",
        "ADM1_FR": "GBEKE",
        "ADM1_PCODE": "CI111",
        "ADM2_FR": "BEOUMI",
        "ADM2_PCODE": "CI1101",
        "ADM3_FR": "BODOKRO",
        "ADM3_PCODE": "CI110103",
        "ADM4_FR": "AGBA-KOUASSIKRO",
        "ADM4_PCODE": "CIV0212",
        "centerLat": 7.940234729,
        "centerLng": -5.477891255,
        "pop": 625,
        "score": 625,
        "whiteLoc": 1
      },
      "id": 10
    },
    {
      "type": "Feature",
      "geometry": {
        "coordinates": [
          -3.782992402,
          7.346541475
        ],
        "type": "Point"
      },
      "properties": {
        "ADM0_FR": "LACS",
        "ADM0_PCODE": "CI07",
        "ADM1_FR": "IFFOU",
        "ADM1_PCODE": "CI119",
        "ADM2_FR": "DAOUKRO",
        "ADM2_PCODE": "CI1901",
        "ADM3_FR": "SAMANZA",
        "ADM3_PCODE": "CI190107",
        "ADM4_FR": "AGBA-TANOUKRO",
        "ADM4_PCODE": "CIV0224",
        "centerLat": 7.346541475,
        "centerLng": -3.782992402,
        "pop": 209,
        "score": 209,
        "whiteLoc": 1
      },
      "id": 11
    },
    {
      "type": "Feature",
      "geometry": {
        "coordinates": [
          -3.757820169,
          7.456033694
        ],
        "type": "Point"
      },
      "properties": {
        "ADM0_FR": "LACS",
        "ADM0_PCODE": "CI07",
        "ADM1_FR": "IFFOU",
        "ADM1_PCODE": "CI119",
        "ADM2_FR": "PRIKRO",
        "ADM2_PCODE": "CI1903",
        "ADM3_FR": "NAFANA",
        "ADM3_PCODE": "CI190305",
        "ADM4_FR": "AGNASSOU",
        "ADM4_PCODE": "CIV0233",
        "centerLat": 7.456033694,
        "centerLng": -3.757820169,
        "pop": 502,
        "score": 502,
        "whiteLoc": 1
      },
      "id": 12
    },
    {
      "type": "Feature",
      "geometry": {
        "coordinates": [
          -4.884041296,
          5.716296293
        ],
        "type": "Point"
      },
      "properties": {
        "ADM0_FR": "LAGUNES",
        "ADM0_PCODE": "CI08",
        "ADM1_FR": "GRANDS-PONTS",
        "ADM1_PCODE": "CI115",
        "ADM2_FR": "GRAND-LAHOU",
        "ADM2_PCODE": "CI1502",
        "ADM3_FR": "BACANDA",
        "ADM3_PCODE": "CI150202",
        "ADM4_FR": "AGNIKRO",
        "ADM4_PCODE": "CIV0240",
        "centerLat": 5.716296293,
        "centerLng": -4.884041296,
        "pop": 643,
        "score": 643,
        "whiteLoc": 1
      },
      "id": 13
    },
    {
      "type": "Feature",
      "geometry": {
        "coordinates": [
          -3.397983521,
          7.287098732
        ],
        "type": "Point"
      },
      "properties": {
        "ADM0_FR": "COMOE",
        "ADM0_PCODE": "CI02",
        "ADM1_FR": "INDENIE-DJUABLIN",
        "ADM1_PCODE": "CI120",
        "ADM2_FR": "AGNIBILEKROU",
        "ADM2_PCODE": "CI2002",
        "ADM3_FR": "AGNIBILEKROU",
        "ADM3_PCODE": "CI200201",
        "ADM4_FR": "AGNIMOU-AGNINIKRO",
        "ADM4_PCODE": "CIV0242",
        "centerLat": 7.287098732,
        "centerLng": -3.397983521,
        "pop": 1216,
        "score": 1216,
        "whiteLoc": 1
      },
      "id": 14
    },
    {
      "type": "Feature",
      "geometry": {
        "coordinates": [
          -3.416666162,
          7.26318804
        ],
        "type": "Point"
      },
      "properties": {
        "ADM0_FR": "COMOE",
        "ADM0_PCODE": "CI02",
        "ADM1_FR": "INDENIE-DJUABLIN",
        "ADM1_PCODE": "CI120",
        "ADM2_FR": "AGNIBILEKROU",
        "ADM2_PCODE": "CI2002",
        "ADM3_FR": "DUFFREBO",
        "ADM3_PCODE": "CI200204",
        "ADM4_FR": "AGNINIKRO",
        "ADM4_PCODE": "CIV0243",
        "centerLat": 7.26318804,
        "centerLng": -3.416666162,
        "pop": 1529,
        "score": 1529,
        "whiteLoc": 1
      },
      "id": 15
    },
    {
      "type": "Feature",
      "geometry": {
        "coordinates": [
          -4.901050305,
          7.575351253
        ],
        "type": "Point"
      },
      "properties": {
        "ADM0_FR": "VALLEE DU BANDAMA",
        "ADM0_PCODE": "CI12",
        "ADM1_FR": "GBEKE",
        "ADM1_PCODE": "CI111",
        "ADM2_FR": "BOUAKE",
        "ADM2_PCODE": "CI1103",
        "ADM3_FR": "BOUAKE",
        "ADM3_PCODE": "CI110301",
        "ADM4_FR": "AGOUA-KONGOKRO",
        "ADM4_PCODE": "CIV0253",
        "centerLat": 7.575351253,
        "centerLng": -4.901050305,
        "pop": 819,
        "score": 819,
        "whiteLoc": 1
      },
      "id": 16
    },
    {
      "type": "Feature",
      "geometry": {
        "coordinates": [
          -3.669381403,
          7.5186585
        ],
        "type": "Point"
      },
      "properties": {
        "ADM0_FR": "LACS",
        "ADM0_PCODE": "CI07",
        "ADM1_FR": "IFFOU",
        "ADM1_PCODE": "CI119",
        "ADM2_FR": "PRIKRO",
        "ADM2_PCODE": "CI1903",
        "ADM3_FR": "NAFANA",
        "ADM3_PCODE": "CI190305",
        "ADM4_FR": "AHOUAN-BONVOINSOU",
        "ADM4_PCODE": "CIV0278",
        "centerLat": 7.5186585,
        "centerLng": -3.669381403,
        "pop": 724,
        "score": 724,
        "whiteLoc": 1
      },
      "id": 17
    },
    {
      "type": "Feature",
      "geometry": {
        "coordinates": [
          -4.3902023,
          7.641755763
        ],
        "type": "Point"
      },
      "properties": {
        "ADM0_FR": "LACS",
        "ADM0_PCODE": "CI07",
        "ADM1_FR": "IFFOU",
        "ADM1_PCODE": "CI119",
        "ADM2_FR": "M'BAHIAKRO",
        "ADM2_PCODE": "CI1902",
        "ADM3_FR": "KONDOSSOU",
        "ADM3_PCODE": "CI190203",
        "ADM4_FR": "AKAFOU-N'DRIKRO",
        "ADM4_PCODE": "CIV0327",
        "centerLat": 7.641755763,
        "centerLng": -4.3902023,
        "pop": 325,
        "score": 325,
        "whiteLoc": 1
      },
      "id": 18
    },
    {
      "type": "Feature",
      "geometry": {
        "coordinates": [
          -3.375432134,
          7.699439052
        ],
        "type": "Point"
      },
      "properties": {
        "ADM0_FR": "ZANZAN",
        "ADM0_PCODE": "CI14",
        "ADM1_FR": "GONTOUGO",
        "ADM1_PCODE": "CI114",
        "ADM2_FR": "TANDA",
        "ADM2_PCODE": "CI1404",
        "ADM3_FR": "DIAMBA",
        "ADM3_PCODE": "CI140403",
        "ADM4_FR": "AKA-YAO",
        "ADM4_PCODE": "CIV0354",
        "centerLat": 7.699439052,
        "centerLng": -3.375432134,
        "pop": 1067,
        "score": 1067,
        "whiteLoc": 1
      },
      "id": 19
    },
    {
      "type": "Feature",
      "geometry": {
        "coordinates": [
          -5.507447346,
          7.71463365
        ],
        "type": "Point"
      },
      "properties": {
        "ADM0_FR": "VALLEE DU BANDAMA",
        "ADM0_PCODE": "CI12",
        "ADM1_FR": "GBEKE",
        "ADM1_PCODE": "CI111",
        "ADM2_FR": "BEOUMI",
        "ADM2_PCODE": "CI1101",
        "ADM3_FR": "BEOUMI",
        "ADM3_PCODE": "CI110102",
        "ADM4_FR": "AKA-YAOKRO",
        "ADM4_PCODE": "CIV0356",
        "centerLat": 7.71463365,
        "centerLng": -5.507447346,
        "pop": 264,
        "score": 264,
        "whiteLoc": 1
      },
      "id": 20
    },
    {
      "type": "Feature",
      "geometry": {
        "coordinates": [
          -5.375001915,
          7.524176157
        ],
        "type": "Point"
      },
      "properties": {
        "ADM0_FR": "VALLEE DU BANDAMA",
        "ADM0_PCODE": "CI12",
        "ADM1_FR": "GBEKE",
        "ADM1_PCODE": "CI111",
        "ADM2_FR": "SAKASSOU",
        "ADM2_PCODE": "CI1104",
        "ADM3_FR": "SAKASSOU",
        "ADM3_PCODE": "CI110401",
        "ADM4_FR": "AKETE-DJABO",
        "ADM4_PCODE": "CIV0363",
        "centerLat": 7.524176157,
        "centerLng": -5.375001915,
        "pop": 252,
        "score": 252,
        "whiteLoc": 1
      },
      "id": 21
    },
    {
      "type": "Feature",
      "geometry": {
        "coordinates": [
          -3.840706363,
          7.631337163
        ],
        "type": "Point"
      },
      "properties": {
        "ADM0_FR": "LACS",
        "ADM0_PCODE": "CI07",
        "ADM1_FR": "IFFOU",
        "ADM1_PCODE": "CI119",
        "ADM2_FR": "PRIKRO",
        "ADM2_PCODE": "CI1903",
        "ADM3_FR": "ANIANOU",
        "ADM3_PCODE": "CI190302",
        "ADM4_FR": "AKORABLEKRO",
        "ADM4_PCODE": "CIV0369",
        "centerLat": 7.631337163,
        "centerLng": -3.840706363,
        "pop": 235,
        "score": 235,
        "whiteLoc": 1
      },
      "id": 22
    },
    {
      "type": "Feature",
      "geometry": {
        "coordinates": [
          -4.587908049,
          7.359086641
        ],
        "type": "Point"
      },
      "properties": {
        "ADM0_FR": "LACS",
        "ADM0_PCODE": "CI07",
        "ADM1_FR": "N'ZI",
        "ADM1_PCODE": "CI127",
        "ADM2_FR": "KOUASSI-KOUASSIKRO",
        "ADM2_PCODE": "CI2703",
        "ADM3_FR": "KOUASSI-KOUASSIKRO",
        "ADM3_PCODE": "CI270301",
        "ADM4_FR": "AKOTIAKRO",
        "ADM4_PCODE": "CIV0372",
        "centerLat": 7.359086641,
        "centerLng": -4.587908049,
        "pop": 742,
        "score": 742,
        "whiteLoc": 1
      },
      "id": 23
    },
    {
      "type": "Feature",
      "geometry": {
        "coordinates": [
          -4.911797666,
          7.815278597
        ],
        "type": "Point"
      },
      "properties": {
        "ADM0_FR": "VALLEE DU BANDAMA",
        "ADM0_PCODE": "CI12",
        "ADM1_FR": "GBEKE",
        "ADM1_PCODE": "CI111",
        "ADM2_FR": "BOUAKE",
        "ADM2_PCODE": "CI1103",
        "ADM3_FR": "BOUAKE",
        "ADM3_PCODE": "CI110301",
        "ADM4_FR": "AKPATOUKRO",
        "ADM4_PCODE": "CIV0389",
        "centerLat": 7.815278597,
        "centerLng": -4.911797666,
        "pop": 540,
        "score": 540,
        "whiteLoc": 1
      },
      "id": 24
    },
    {
      "type": "Feature",
      "geometry": {
        "coordinates": [
          -3.449621625,
          7.272845771
        ],
        "type": "Point"
      },
      "properties": {
        "ADM0_FR": "COMOE",
        "ADM0_PCODE": "CI02",
        "ADM1_FR": "INDENIE-DJUABLIN",
        "ADM1_PCODE": "CI120",
        "ADM2_FR": "AGNIBILEKROU",
        "ADM2_PCODE": "CI2002",
        "ADM3_FR": "DUFFREBO",
        "ADM3_PCODE": "CI200204",
        "ADM4_FR": "AKPOUESSO",
        "ADM4_PCODE": "CIV0399",
        "centerLat": 7.272845771,
        "centerLng": -3.449621625,
        "pop": 1176,
        "score": 1176,
        "whiteLoc": 1
      },
      "id": 25
    },
    {
      "type": "Feature",
      "geometry": {
        "coordinates": [
          -3.289808221,
          7.65957199
        ],
        "type": "Point"
      },
      "properties": {
        "ADM0_FR": "ZANZAN",
        "ADM0_PCODE": "CI14",
        "ADM1_FR": "GONTOUGO",
        "ADM1_PCODE": "CI114",
        "ADM2_FR": "KOUN-FAO",
        "ADM2_PCODE": "CI1402",
        "ADM3_FR": "KOUN-FAO",
        "ADM3_PCODE": "CI140201",
        "ADM4_FR": "AKRASSIKRO",
        "ADM4_PCODE": "CIV0403",
        "centerLat": 7.65957199,
        "centerLng": -3.289808221,
        "pop": 426,
        "score": 426,
        "whiteLoc": 1
      },
      "id": 26
    },
    {
      "type": "Feature",
      "geometry": {
        "coordinates": [
          -4.736167932,
          7.946324605
        ],
        "type": "Point"
      },
      "properties": {
        "ADM0_FR": "VALLEE DU BANDAMA",
        "ADM0_PCODE": "CI12",
        "ADM1_FR": "GBEKE",
        "ADM1_PCODE": "CI111",
        "ADM2_FR": "BOUAKE",
        "ADM2_PCODE": "CI1103",
        "ADM3_FR": "BOUAKE",
        "ADM3_PCODE": "CI110301",
        "ADM4_FR": "AKROU-KOUADIOKRO",
        "ADM4_PCODE": "CIV0415",
        "centerLat": 7.946324605,
        "centerLng": -4.736167932,
        "pop": 628,
        "score": 628,
        "whiteLoc": 1
      },
      "id": 27
    },
    {
      "type": "Feature",
      "geometry": {
        "coordinates": [
          -5.133015758,
          9.449331682
        ],
        "type": "Point"
      },
      "properties": {
        "ADM0_FR": "SAVANES",
        "ADM0_PCODE": "CI11",
        "ADM1_FR": "TCHOLOGO",
        "ADM1_PCODE": "CI131",
        "ADM2_FR": "FERKESSEDOUGOU",
        "ADM2_PCODE": "CI3101",
        "ADM3_FR": "KOUMBALA",
        "ADM3_PCODE": "CI310102",
        "ADM4_FR": "ALAMANDJOUKAHA",
        "ADM4_PCODE": "CIV0418",
        "centerLat": 9.449331682,
        "centerLng": -5.133015758,
        "pop": 366,
        "score": 366,
        "whiteLoc": 1
      },
      "id": 28
    },
    {
      "type": "Feature",
      "geometry": {
        "coordinates": [
          -3.036692959,
          9.594414356
        ],
        "type": "Point"
      },
      "properties": {
        "ADM0_FR": "ZANZAN",
        "ADM0_PCODE": "CI14",
        "ADM1_FR": "BOUNKANI",
        "ADM1_PCODE": "CI108",
        "ADM2_FR": "DOROPO",
        "ADM2_PCODE": "CI0802",
        "ADM3_FR": "DANOA",
        "ADM3_PCODE": "CI080201",
        "ADM4_FR": "ALIBOUGOU",
        "ADM4_PCODE": "CIV0420",
        "centerLat": 9.594414356,
        "centerLng": -3.036692959,
        "pop": 237,
        "score": 237,
        "whiteLoc": 1
      },
      "id": 29
    },
    {
      "type": "Feature",
      "geometry": {
        "coordinates": [
          -3.549257717,
          5.653654965
        ],
        "type": "Point"
      },
      "properties": {
        "ADM0_FR": "LAGUNES",
        "ADM0_PCODE": "CI08",
        "ADM1_FR": "LA ME",
        "ADM1_PCODE": "CI124",
        "ADM2_FR": "ALEPE",
        "ADM2_PCODE": "CI2403",
        "ADM3_FR": "ALLOSSO",
        "ADM3_PCODE": "CI240303",
        "ADM4_FR": "ALLOSSO 1",
        "ADM4_PCODE": "CIV0462",
        "centerLat": 5.653654965,
        "centerLng": -3.549257717,
        "pop": 3036,
        "score": 3036,
        "whiteLoc": 1
      },
      "id": 30
    },
    {
      "type": "Feature",
      "geometry": {
        "coordinates": [
          -7.107277202,
          6.860954494
        ],
        "type": "Point"
      },
      "properties": {
        "ADM0_FR": "MONTAGNES",
        "ADM0_PCODE": "CI09",
        "ADM1_FR": "GUEMON",
        "ADM1_PCODE": "CI116",
        "ADM2_FR": "DUEKOUE",
        "ADM2_PCODE": "CI1602",
        "ADM3_FR": "BAGOHOUO",
        "ADM3_PCODE": "CI160201",
        "ADM4_FR": "AMANI MICHELKRO",
        "ADM4_PCODE": "CIV0476",
        "centerLat": 6.860954494,
        "centerLng": -7.107277202,
        "pop": 922,
        "score": 922,
        "whiteLoc": 1
      },
      "id": 31
    },
    {
      "type": "Feature",
      "geometry": {
        "coordinates": [
          -4.430500929,
          6.176460742
        ],
        "type": "Point"
      },
      "properties": {
        "ADM0_FR": "LAGUNES",
        "ADM0_PCODE": "CI08",
        "ADM1_FR": "AGNEBY-TIASSA",
        "ADM1_PCODE": "CI103",
        "ADM2_FR": "AGBOVILLE",
        "ADM2_PCODE": "CI0301",
        "ADM3_FR": "CECHI",
        "ADM3_PCODE": "CI030106",
        "ADM4_FR": "AMANI N'GUESSANKRO",
        "ADM4_PCODE": "CIV0477",
        "centerLat": 6.176460742,
        "centerLng": -4.430500929,
        "pop": 1349,
        "score": 1349,
        "whiteLoc": 1
      },
      "id": 32
    },
    {
      "type": "Feature",
      "geometry": {
        "coordinates": [
          -4.922743486,
          7.855776871
        ],
        "type": "Point"
      },
      "properties": {
        "ADM0_FR": "VALLEE DU BANDAMA",
        "ADM0_PCODE": "CI12",
        "ADM1_FR": "GBEKE",
        "ADM1_PCODE": "CI111",
        "ADM2_FR": "BOUAKE",
        "ADM2_PCODE": "CI1103",
        "ADM3_FR": "BOUAKE",
        "ADM3_PCODE": "CI110301",
        "ADM4_FR": "AMANIKRO-PREPRESSOU",
        "ADM4_PCODE": "CIV0482",
        "centerLat": 7.855776871,
        "centerLng": -4.922743486,
        "pop": 302,
        "score": 302,
        "whiteLoc": 1
      },
      "id": 33
    },
    {
      "type": "Feature",
      "geometry": {
        "coordinates": [
          -4.769275144,
          6.938524356
        ],
        "type": "Point"
      },
      "properties": {
        "ADM0_FR": "LACS",
        "ADM0_PCODE": "CI07",
        "ADM1_FR": "N'ZI",
        "ADM1_PCODE": "CI127",
        "ADM2_FR": "DIMBOKRO",
        "ADM2_PCODE": "CI2702",
        "ADM3_FR": "NOFOU",
        "ADM3_PCODE": "CI270204",
        "ADM4_FR": "AMAN-POKOUKRO",
        "ADM4_PCODE": "CIV0485",
        "centerLat": 6.938524356,
        "centerLng": -4.769275144,
        "pop": 477,
        "score": 477,
        "whiteLoc": 1
      },
      "id": 34
    },
    {
      "type": "Feature",
      "geometry": {
        "coordinates": [
          -3.560768885,
          9.721359536
        ],
        "type": "Point"
      },
      "properties": {
        "ADM0_FR": "ZANZAN",
        "ADM0_PCODE": "CI14",
        "ADM1_FR": "BOUNKANI",
        "ADM1_PCODE": "CI108",
        "ADM2_FR": "TEHINI",
        "ADM2_PCODE": "CI0804",
        "ADM3_FR": "TEHINI",
        "ADM3_PCODE": "CI080401",
        "ADM4_FR": "AMENDI",
        "ADM4_PCODE": "CIV0495",
        "centerLat": 9.721359536,
        "centerLng": -3.560768885,
        "pop": 196,
        "score": 196,
        "whiteLoc": 1
      },
      "id": 35
    },
    {
      "type": "Feature",
      "geometry": {
        "coordinates": [
          -3.562916183,
          8.470462424
        ],
        "type": "Point"
      },
      "properties": {
        "ADM0_FR": "ZANZAN",
        "ADM0_PCODE": "CI14",
        "ADM1_FR": "BOUNKANI",
        "ADM1_PCODE": "CI108",
        "ADM2_FR": "NASSIAN",
        "ADM2_PCODE": "CI0803",
        "ADM3_FR": "NASSIAN",
        "ADM3_PCODE": "CI080301",
        "ADM4_FR": "ANGOBILA",
        "ADM4_PCODE": "CIV0556",
        "centerLat": 8.470462424,
        "centerLng": -3.562916183,
        "pop": 1701,
        "score": 1701,
        "whiteLoc": 1
      },
      "id": 36
    },
    {
      "type": "Feature",
      "geometry": {
        "coordinates": [
          -3.432272673,
          9.539663274
        ],
        "type": "Point"
      },
      "properties": {
        "ADM0_FR": "ZANZAN",
        "ADM0_PCODE": "CI14",
        "ADM1_FR": "BOUNKANI",
        "ADM1_PCODE": "CI108",
        "ADM2_FR": "DOROPO",
        "ADM2_PCODE": "CI0802",
        "ADM3_FR": "NIAMOUE",
        "ADM3_PCODE": "CI080204",
        "ADM4_FR": "ANSORPE",
        "ADM4_PCODE": "CIV0593",
        "centerLat": 9.539663274,
        "centerLng": -3.432272673,
        "pop": 300,
        "score": 300,
        "whiteLoc": 1
      },
      "id": 37
    },
    {
      "type": "Feature",
      "geometry": {
        "coordinates": [
          -3.179825691,
          5.115424836
        ],
        "type": "Point"
      },
      "properties": {
        "ADM0_FR": "COMOE",
        "ADM0_PCODE": "CI02",
        "ADM1_FR": "SUD-COMOE",
        "ADM1_PCODE": "CI130",
        "ADM2_FR": "ADIAKE",
        "ADM2_PCODE": "CI3002",
        "ADM3_FR": "ASSINIE-MAFIA",
        "ADM3_PCODE": "CI300202",
        "ADM4_FR": "ANZE-ASSANOU",
        "ADM4_PCODE": "CIV0599",
        "centerLat": 5.115424836,
        "centerLng": -3.179825691,
        "pop": 898,
        "score": 898,
        "whiteLoc": 1
      },
      "id": 38
    },
    {
      "type": "Feature",
      "geometry": {
        "coordinates": [
          -4.420085923,
          7.810773986
        ],
        "type": "Point"
      },
      "properties": {
        "ADM0_FR": "LACS",
        "ADM0_PCODE": "CI07",
        "ADM1_FR": "IFFOU",
        "ADM1_PCODE": "CI119",
        "ADM2_FR": "M'BAHIAKRO",
        "ADM2_PCODE": "CI1902",
        "ADM3_FR": "KONDOSSOU",
        "ADM3_PCODE": "CI190203",
        "ADM4_FR": "AOUMA BROUKRO",
        "ADM4_PCODE": "CIV0603",
        "centerLat": 7.810773986,
        "centerLng": -4.420085923,
        "pop": 917,
        "score": 917,
        "whiteLoc": 1
      },
      "id": 39
    },
    {
      "type": "Feature",
      "geometry": {
        "coordinates": [
          -4.509297977,
          6.14515651
        ],
        "type": "Point"
      },
      "properties": {
        "ADM0_FR": "LAGUNES",
        "ADM0_PCODE": "CI08",
        "ADM1_FR": "AGNEBY-TIASSA",
        "ADM1_PCODE": "CI103",
        "ADM2_FR": "AGBOVILLE",
        "ADM2_PCODE": "CI0301",
        "ADM3_FR": "ANANGUIE",
        "ADM3_PCODE": "CI030103",
        "ADM4_FR": "ARRIKOHO",
        "ADM4_PCODE": "CIV0624",
        "centerLat": 6.14515651,
        "centerLng": -4.509297977,
        "pop": 1077,
        "score": 1077,
        "whiteLoc": 1
      },
      "id": 40
    },
    {
      "type": "Feature",
      "geometry": {
        "coordinates": [
          -5.971436869,
          10.169862595
        ],
        "type": "Point"
      },
      "properties": {
        "ADM0_FR": "SAVANES",
        "ADM0_PCODE": "CI11",
        "ADM1_FR": "PORO",
        "ADM1_PCODE": "CI128",
        "ADM2_FR": "M'BENGUE",
        "ADM2_PCODE": "CI2803",
        "ADM3_FR": "BOUGOU",
        "ADM3_PCODE": "CI280302",
        "ADM4_FR": "ASSARIKAHA",
        "ADM4_PCODE": "CIV0659",
        "centerLat": 10.169862595,
        "centerLng": -5.971436869,
        "pop": 895,
        "score": 895,
        "whiteLoc": 1
      },
      "id": 41
    },
    {
      "type": "Feature",
      "geometry": {
        "coordinates": [
          -4.601691982,
          7.371097871
        ],
        "type": "Point"
      },
      "properties": {
        "ADM0_FR": "LACS",
        "ADM0_PCODE": "CI07",
        "ADM1_FR": "N'ZI",
        "ADM1_PCODE": "CI127",
        "ADM2_FR": "KOUASSI-KOUASSIKRO",
        "ADM2_PCODE": "CI2703",
        "ADM3_FR": "KOUASSI-KOUASSIKRO",
        "ADM3_PCODE": "CI270301",
        "ADM4_FR": "ASSEKRO",
        "ADM4_PCODE": "CIV0670",
        "centerLat": 7.371097871,
        "centerLng": -4.601691982,
        "pop": 214,
        "score": 214,
        "whiteLoc": 1
      },
      "id": 42
    },
    {
      "type": "Feature",
      "geometry": {
        "coordinates": [
          -3.06418053,
          9.22968171
        ],
        "type": "Point"
      },
      "properties": {
        "ADM0_FR": "ZANZAN",
        "ADM0_PCODE": "CI14",
        "ADM1_FR": "BOUNKANI",
        "ADM1_PCODE": "CI108",
        "ADM2_FR": "BOUNA",
        "ADM2_PCODE": "CI0801",
        "ADM3_FR": "BOUNA",
        "ADM3_PCODE": "CI080102",
        "ADM4_FR": "ASSOUM 1",
        "ADM4_PCODE": "CIV0729",
        "centerLat": 9.22968171,
        "centerLng": -3.06418053,
        "pop": 1320,
        "score": 1320,
        "whiteLoc": 1
      },
      "id": 43
    },
    {
      "type": "Feature",
      "geometry": {
        "coordinates": [
          -3.090101907,
          9.189519549
        ],
        "type": "Point"
      },
      "properties": {
        "ADM0_FR": "ZANZAN",
        "ADM0_PCODE": "CI14",
        "ADM1_FR": "BOUNKANI",
        "ADM1_PCODE": "CI108",
        "ADM2_FR": "BOUNA",
        "ADM2_PCODE": "CI0801",
        "ADM3_FR": "BOUNA",
        "ADM3_PCODE": "CI080102",
        "ADM4_FR": "ASSOUM 2",
        "ADM4_PCODE": "CIV0730",
        "centerLat": 9.189519549,
        "centerLng": -3.090101907,
        "pop": 956,
        "score": 956,
        "whiteLoc": 1
      },
      "id": 44
    },
    {
      "type": "Feature",
      "geometry": {
        "coordinates": [
          -2.996997567,
          7.415690158
        ],
        "type": "Point"
      },
      "properties": {
        "ADM0_FR": "ZANZAN",
        "ADM0_PCODE": "CI14",
        "ADM1_FR": "GONTOUGO",
        "ADM1_PCODE": "CI114",
        "ADM2_FR": "TRANSUA",
        "ADM2_PCODE": "CI1405",
        "ADM3_FR": "KOUASSI-NIANGUINI",
        "ADM3_PCODE": "CI140503",
        "ADM4_FR": "ASSUAKO",
        "ADM4_PCODE": "CIV0739",
        "centerLat": 7.415690158,
        "centerLng": -2.996997567,
        "pop": 2878,
        "score": 2878,
        "whiteLoc": 1
      },
      "id": 45
    },
    {
      "type": "Feature",
      "geometry": {
        "coordinates": [
          -2.842985882,
          5.116549965
        ],
        "type": "Point"
      },
      "properties": {
        "ADM0_FR": "COMOE",
        "ADM0_PCODE": "CI02",
        "ADM1_FR": "SUD-COMOE",
        "ADM1_PCODE": "CI130",
        "ADM2_FR": "TIAPOUM",
        "ADM2_PCODE": "CI3004",
        "ADM3_FR": "TIAPOUM",
        "ADM3_PCODE": "CI300401",
        "ADM4_FR": "ATCHIMANOU",
        "ADM4_PCODE": "CIV0754",
        "centerLat": 5.116549965,
        "centerLng": -2.842985882,
        "pop": 170,
        "score": 170,
        "whiteLoc": 1
      },
      "id": 46
    },
    {
      "type": "Feature",
      "geometry": {
        "coordinates": [
          -4.738526425,
          5.15994573
        ],
        "type": "Point"
      },
      "properties": {
        "ADM0_FR": "LAGUNES",
        "ADM0_PCODE": "CI08",
        "ADM1_FR": "GRANDS-PONTS",
        "ADM1_PCODE": "CI115",
        "ADM2_FR": "JACQUEVILLE",
        "ADM2_PCODE": "CI1503",
        "ADM3_FR": "JACQUEVILLE",
        "ADM3_PCODE": "CI150301",
        "ADM4_FR": "AVADIVRY",
        "ADM4_PCODE": "CIV0788",
        "centerLat": 5.15994573,
        "centerLng": -4.738526425,
        "pop": 195,
        "score": 195,
        "whiteLoc": 1
      },
      "id": 47
    },
    {
      "type": "Feature",
      "geometry": {
        "coordinates": [
          -3.199217771,
          9.683514101
        ],
        "type": "Point"
      },
      "properties": {
        "ADM0_FR": "ZANZAN",
        "ADM0_PCODE": "CI14",
        "ADM1_FR": "BOUNKANI",
        "ADM1_PCODE": "CI108",
        "ADM2_FR": "DOROPO",
        "ADM2_PCODE": "CI0802",
        "ADM3_FR": "DOROPO",
        "ADM3_PCODE": "CI080202",
        "ADM4_FR": "BABALDOUO",
        "ADM4_PCODE": "CIV0822",
        "centerLat": 9.683514101,
        "centerLng": -3.199217771,
        "pop": 70,
        "score": 70,
        "whiteLoc": 1
      },
      "id": 48
    },
    {
      "type": "Feature",
      "geometry": {
        "coordinates": [
          -5.251864653,
          5.136072152
        ],
        "type": "Point"
      },
      "properties": {
        "ADM0_FR": "LAGUNES",
        "ADM0_PCODE": "CI08",
        "ADM1_FR": "GRANDS-PONTS",
        "ADM1_PCODE": "CI115",
        "ADM2_FR": "GRAND-LAHOU",
        "ADM2_PCODE": "CI1502",
        "ADM3_FR": "EBONOU",
        "ADM3_PCODE": "CI150203",
        "ADM4_FR": "BADADON",
        "ADM4_PCODE": "CIV0845",
        "centerLat": 5.136072152,
        "centerLng": -5.251864653,
        "pop": 572,
        "score": 572,
        "whiteLoc": 1
      },
      "id": 49
    },
    {
      "type": "Feature",
      "geometry": {
        "coordinates": [
          -6.990085578,
          4.602950657
        ],
        "type": "Point"
      },
      "properties": {
        "ADM0_FR": "BAS-SASSANDRA",
        "ADM0_PCODE": "CI01",
        "ADM1_FR": "SAN-PEDRO",
        "ADM1_PCODE": "CI129",
        "ADM2_FR": "SAN-PEDRO",
        "ADM2_PCODE": "CI2901",
        "ADM3_FR": "GRAND-BEREBY",
        "ADM3_PCODE": "CI290105",
        "ADM4_FR": "BADIKE",
        "ADM4_PCODE": "CIV0855",
        "centerLat": 4.602950657,
        "centerLng": -6.990085578,
        "pop": 95,
        "score": 95,
        "whiteLoc": 1
      },
      "id": 50
    },
    {
      "type": "Feature",
      "geometry": {
        "coordinates": [
          -6.421548355,
          5.423110278
        ],
        "type": "Point"
      },
      "properties": {
        "ADM0_FR": "BAS-SASSANDRA",
        "ADM0_PCODE": "CI01",
        "ADM1_FR": "NAWA",
        "ADM1_PCODE": "CI126",
        "ADM2_FR": "MEAGUI",
        "ADM2_PCODE": "CI2603",
        "ADM3_FR": "MEAGUI",
        "ADM3_PCODE": "CI260301",
        "ADM4_FR": "BAGUI",
        "ADM4_PCODE": "CIV0875",
        "centerLat": 5.423110278,
        "centerLng": -6.421548355,
        "pop": 1577,
        "score": 1577,
        "whiteLoc": 1
      },
      "id": 51
    },
    {
      "type": "Feature",
      "geometry": {
        "coordinates": [
          -7.207309712,
          8.124651528
        ],
        "type": "Point"
      },
      "properties": {
        "ADM0_FR": "WOROBA",
        "ADM0_PCODE": "CI13",
        "ADM1_FR": "BAFING",
        "ADM1_PCODE": "CI104",
        "ADM2_FR": "TOUBA",
        "ADM2_PCODE": "CI0403",
        "ADM3_FR": "GUINTEGUELA",
        "ADM3_PCODE": "CI040304",
        "ADM4_FR": "BAHADALA",
        "ADM4_PCODE": "CIV0876",
        "centerLat": 8.124651528,
        "centerLng": -7.207309712,
        "pop": 1183,
        "score": 1183,
        "whiteLoc": 1
      },
      "id": 52
    },
    {
      "type": "Feature",
      "geometry": {
        "coordinates": [
          -3.040492116,
          9.583378461
        ],
        "type": "Point"
      },
      "properties": {
        "ADM0_FR": "ZANZAN",
        "ADM0_PCODE": "CI14",
        "ADM1_FR": "BOUNKANI",
        "ADM1_PCODE": "CI108",
        "ADM2_FR": "DOROPO",
        "ADM2_PCODE": "CI0802",
        "ADM3_FR": "DANOA",
        "ADM3_PCODE": "CI080201",
        "ADM4_FR": "BAHIANAN",
        "ADM4_PCODE": "CIV0880",
        "centerLat": 9.583378461,
        "centerLng": -3.040492116,
        "pop": 533,
        "score": 533,
        "whiteLoc": 1
      },
      "id": 53
    },
    {
      "type": "Feature",
      "geometry": {
        "coordinates": [
          -2.936782606,
          9.323847343
        ],
        "type": "Point"
      },
      "properties": {
        "ADM0_FR": "ZANZAN",
        "ADM0_PCODE": "CI14",
        "ADM1_FR": "BOUNKANI",
        "ADM1_PCODE": "CI108",
        "ADM2_FR": "BOUNA",
        "ADM2_PCODE": "CI0801",
        "ADM3_FR": "BOUNA",
        "ADM3_PCODE": "CI080102",
        "ADM4_FR": "BAHINTEDOUO",
        "ADM4_PCODE": "CIV0884",
        "centerLat": 9.323847343,
        "centerLng": -2.936782606,
        "pop": 129,
        "score": 129,
        "whiteLoc": 1
      },
      "id": 54
    },
    {
      "type": "Feature",
      "geometry": {
        "coordinates": [
          -7.984303133,
          9.443745578
        ],
        "type": "Point"
      },
      "properties": {
        "ADM0_FR": "DENGUELE",
        "ADM0_PCODE": "CI03",
        "ADM1_FR": "KABADOUGOU",
        "ADM1_PCODE": "CI121",
        "ADM2_FR": "GBELEBAN",
        "ADM2_PCODE": "CI2101",
        "ADM3_FR": "SEYDOUGOU",
        "ADM3_PCODE": "CI210103",
        "ADM4_FR": "BALALA",
        "ADM4_PCODE": "CIV0915",
        "centerLat": 9.443745578,
        "centerLng": -7.984303133,
        "pop": 1178,
        "score": 1178,
        "whiteLoc": 1
      },
      "id": 55
    },
    {
      "type": "Feature",
      "geometry": {
        "coordinates": [
          -3.216331008,
          9.313220459
        ],
        "type": "Point"
      },
      "properties": {
        "ADM0_FR": "ZANZAN",
        "ADM0_PCODE": "CI14",
        "ADM1_FR": "BOUNKANI",
        "ADM1_PCODE": "CI108",
        "ADM2_FR": "BOUNA",
        "ADM2_PCODE": "CI0801",
        "ADM3_FR": "BOUNA",
        "ADM3_PCODE": "CI080102",
        "ADM4_FR": "BALODOUO",
        "ADM4_PCODE": "CIV0927",
        "centerLat": 9.313220459,
        "centerLng": -3.216331008,
        "pop": 34,
        "score": 34,
        "whiteLoc": 1
      },
      "id": 56
    },
    {
      "type": "Feature",
      "geometry": {
        "coordinates": [
          -3.415407563,
          9.853459488
        ],
        "type": "Point"
      },
      "properties": {
        "ADM0_FR": "ZANZAN",
        "ADM0_PCODE": "CI14",
        "ADM1_FR": "BOUNKANI",
        "ADM1_PCODE": "CI108",
        "ADM2_FR": "DOROPO",
        "ADM2_PCODE": "CI0802",
        "ADM3_FR": "DOROPO",
        "ADM3_PCODE": "CI080202",
        "ADM4_FR": "BALTAN",
        "ADM4_PCODE": "CIV0931",
        "centerLat": 9.853459488,
        "centerLng": -3.415407563,
        "pop": 96,
        "score": 96,
        "whiteLoc": 1
      },
      "id": 57
    },
    {
      "type": "Feature",
      "geometry": {
        "coordinates": [
          -4.371953905,
          7.636546145
        ],
        "type": "Point"
      },
      "properties": {
        "ADM0_FR": "LACS",
        "ADM0_PCODE": "CI07",
        "ADM1_FR": "IFFOU",
        "ADM1_PCODE": "CI119",
        "ADM2_FR": "M'BAHIAKRO",
        "ADM2_PCODE": "CI1902",
        "ADM3_FR": "KONDOSSOU",
        "ADM3_PCODE": "CI190203",
        "ADM4_FR": "BANDAMANKRO",
        "ADM4_PCODE": "CIV0955",
        "centerLat": 7.636546145,
        "centerLng": -4.371953905,
        "pop": 396,
        "score": 396,
        "whiteLoc": 1
      },
      "id": 58
    },
    {
      "type": "Feature",
      "geometry": {
        "coordinates": [
          -3.120963373,
          9.145982096
        ],
        "type": "Point"
      },
      "properties": {
        "ADM0_FR": "ZANZAN",
        "ADM0_PCODE": "CI14",
        "ADM1_FR": "BOUNKANI",
        "ADM1_PCODE": "CI108",
        "ADM2_FR": "BOUNA",
        "ADM2_PCODE": "CI0801",
        "ADM3_FR": "BOUNA",
        "ADM3_PCODE": "CI080102",
        "ADM4_FR": "BANDOUO",
        "ADM4_PCODE": "CIV0959",
        "centerLat": 9.145982096,
        "centerLng": -3.120963373,
        "pop": 156,
        "score": 156,
        "whiteLoc": 1
      },
      "id": 59
    },
    {
      "type": "Feature",
      "geometry": {
        "coordinates": [
          -3.401192445,
          9.69590628
        ],
        "type": "Point"
      },
      "properties": {
        "ADM0_FR": "ZANZAN",
        "ADM0_PCODE": "CI14",
        "ADM1_FR": "BOUNKANI",
        "ADM1_PCODE": "CI108",
        "ADM2_FR": "DOROPO",
        "ADM2_PCODE": "CI0802",
        "ADM3_FR": "DOROPO",
        "ADM3_PCODE": "CI080202",
        "ADM4_FR": "BANIE",
        "ADM4_PCODE": "CIV0979",
        "centerLat": 9.69590628,
        "centerLng": -3.401192445,
        "pop": 754,
        "score": 754,
        "whiteLoc": 1
      },
      "id": 60
    },
    {
      "type": "Feature",
      "geometry": {
        "coordinates": [
          -8.305071189,
          6.902235885
        ],
        "type": "Point"
      },
      "properties": {
        "ADM0_FR": "MONTAGNES",
        "ADM0_PCODE": "CI09",
        "ADM1_FR": "TONKPI",
        "ADM1_PCODE": "CI132",
        "ADM2_FR": "ZOUAN-HOUNIEN",
        "ADM2_PCODE": "CI3205",
        "ADM3_FR": "ZOUAN-HOUNIEN",
        "ADM3_PCODE": "CI320501",
        "ADM4_FR": "BANYOUEPLEU",
        "ADM4_PCODE": "CIV0993",
        "centerLat": 6.902235885,
        "centerLng": -8.305071189,
        "pop": 660,
        "score": 660,
        "whiteLoc": 1
      },
      "id": 61
    },
    {
      "type": "Feature",
      "geometry": {
        "coordinates": [
          -7.626591322,
          8.497156846
        ],
        "type": "Point"
      },
      "properties": {
        "ADM0_FR": "WOROBA",
        "ADM0_PCODE": "CI13",
        "ADM1_FR": "BAFING",
        "ADM1_PCODE": "CI104",
        "ADM2_FR": "KORO",
        "ADM2_PCODE": "CI0401",
        "ADM3_FR": "NIOKOSSO",
        "ADM3_PCODE": "CI040105",
        "ADM4_FR": "BARAZAN",
        "ADM4_PCODE": "CIV1010",
        "centerLat": 8.497156846,
        "centerLng": -7.626591322,
        "pop": 580,
        "score": 580,
        "whiteLoc": 1
      },
      "id": 62
    },
    {
      "type": "Feature",
      "geometry": {
        "coordinates": [
          -4.774667638,
          9.378973888
        ],
        "type": "Point"
      },
      "properties": {
        "ADM0_FR": "SAVANES",
        "ADM0_PCODE": "CI11",
        "ADM1_FR": "TCHOLOGO",
        "ADM1_PCODE": "CI131",
        "ADM2_FR": "KONG",
        "ADM2_PCODE": "CI3102",
        "ADM3_FR": "SIKOLO",
        "ADM3_PCODE": "CI310204",
        "ADM4_FR": "BASSOULEYMANETOGONA",
        "ADM4_PCODE": "CIV1027",
        "centerLat": 9.378973888,
        "centerLng": -4.774667638,
        "pop": 140,
        "score": 140,
        "whiteLoc": 1
      },
      "id": 63
    },
    {
      "type": "Feature",
      "geometry": {
        "coordinates": [
          -3.383278227,
          9.904027253
        ],
        "type": "Point"
      },
      "properties": {
        "ADM0_FR": "ZANZAN",
        "ADM0_PCODE": "CI14",
        "ADM1_FR": "BOUNKANI",
        "ADM1_PCODE": "CI108",
        "ADM2_FR": "DOROPO",
        "ADM2_PCODE": "CI0802",
        "ADM3_FR": "DOROPO",
        "ADM3_PCODE": "CI080202",
        "ADM4_FR": "BATEFIGUI",
        "ADM4_PCODE": "CIV1031",
        "centerLat": 9.904027253,
        "centerLng": -3.383278227,
        "pop": 370,
        "score": 370,
        "whiteLoc": 1
      },
      "id": 64
    },
    {
      "type": "Feature",
      "geometry": {
        "coordinates": [
          -7.934294282,
          8.13532983
        ],
        "type": "Point"
      },
      "properties": {
        "ADM0_FR": "WOROBA",
        "ADM0_PCODE": "CI13",
        "ADM1_FR": "BAFING",
        "ADM1_PCODE": "CI104",
        "ADM2_FR": "OUANINOU",
        "ADM2_PCODE": "CI0402",
        "ADM3_FR": "OUANINOU",
        "ADM3_PCODE": "CI040201",
        "ADM4_FR": "BAYOLA",
        "ADM4_PCODE": "CIV1047",
        "centerLat": 8.13532983,
        "centerLng": -7.934294282,
        "pop": 554,
        "score": 554,
        "whiteLoc": 1
      },
      "id": 65
    },
    {
      "type": "Feature",
      "geometry": {
        "coordinates": [
          -4.793108222,
          9.377623044
        ],
        "type": "Point"
      },
      "properties": {
        "ADM0_FR": "SAVANES",
        "ADM0_PCODE": "CI11",
        "ADM1_FR": "TCHOLOGO",
        "ADM1_PCODE": "CI131",
        "ADM2_FR": "KONG",
        "ADM2_PCODE": "CI3102",
        "ADM3_FR": "SIKOLO",
        "ADM3_PCODE": "CI310204",
        "ADM4_FR": "BAZOUMANATOGONA",
        "ADM4_PCODE": "CIV1056",
        "centerLat": 9.377623044,
        "centerLng": -4.793108222,
        "pop": 86,
        "score": 86,
        "whiteLoc": 1
      },
      "id": 66
    },
    {
      "type": "Feature",
      "geometry": {
        "coordinates": [
          -4.323360272,
          7.792921153
        ],
        "type": "Point"
      },
      "properties": {
        "ADM0_FR": "LACS",
        "ADM0_PCODE": "CI07",
        "ADM1_FR": "IFFOU",
        "ADM1_PCODE": "CI119",
        "ADM2_FR": "M'BAHIAKRO",
        "ADM2_PCODE": "CI1902",
        "ADM3_FR": "BONGUERA",
        "ADM3_PCODE": "CI190202",
        "ADM4_FR": "BEDARA",
        "ADM4_PCODE": "CIV1074",
        "centerLat": 7.792921153,
        "centerLng": -4.323360272,
        "pop": 763,
        "score": 763,
        "whiteLoc": 1
      },
      "id": 67
    },
    {
      "type": "Feature",
      "geometry": {
        "coordinates": [
          -3.459112441,
          9.513801847
        ],
        "type": "Point"
      },
      "properties": {
        "ADM0_FR": "ZANZAN",
        "ADM0_PCODE": "CI14",
        "ADM1_FR": "BOUNKANI",
        "ADM1_PCODE": "CI108",
        "ADM2_FR": "DOROPO",
        "ADM2_PCODE": "CI0802",
        "ADM3_FR": "NIAMOUE",
        "ADM3_PCODE": "CI080204",
        "ADM4_FR": "BEGUETIMI 1",
        "ADM4_PCODE": "CIV1085",
        "centerLat": 9.513801847,
        "centerLng": -3.459112441,
        "pop": 120,
        "score": 120,
        "whiteLoc": 1
      },
      "id": 68
    },
    {
      "type": "Feature",
      "geometry": {
        "coordinates": [
          -3.437904698,
          9.519408313
        ],
        "type": "Point"
      },
      "properties": {
        "ADM0_FR": "ZANZAN",
        "ADM0_PCODE": "CI14",
        "ADM1_FR": "BOUNKANI",
        "ADM1_PCODE": "CI108",
        "ADM2_FR": "DOROPO",
        "ADM2_PCODE": "CI0802",
        "ADM3_FR": "NIAMOUE",
        "ADM3_PCODE": "CI080204",
        "ADM4_FR": "BEGUETIMI 2",
        "ADM4_PCODE": "CIV1086",
        "centerLat": 9.519408313,
        "centerLng": -3.437904698,
        "pop": 147,
        "score": 147,
        "whiteLoc": 1
      },
      "id": 69
    },
    {
      "type": "Feature",
      "geometry": {
        "coordinates": [
          -7.43408172,
          7.793209695
        ],
        "type": "Point"
      },
      "properties": {
        "ADM0_FR": "MONTAGNES",
        "ADM0_PCODE": "CI09",
        "ADM1_FR": "TONKPI",
        "ADM1_PCODE": "CI132",
        "ADM2_FR": "BIANKOUMA",
        "ADM2_PCODE": "CI3201",
        "ADM3_FR": "GOUINE",
        "ADM3_PCODE": "CI320105",
        "ADM4_FR": "BEHITA",
        "ADM4_PCODE": "CIV1093",
        "centerLat": 7.793209695,
        "centerLng": -7.43408172,
        "pop": 1400,
        "score": 1400,
        "whiteLoc": 1
      },
      "id": 70
    },
    {
      "type": "Feature",
      "geometry": {
        "coordinates": [
          -7.877973604,
          8.103720055
        ],
        "type": "Point"
      },
      "properties": {
        "ADM0_FR": "WOROBA",
        "ADM0_PCODE": "CI13",
        "ADM1_FR": "BAFING",
        "ADM1_PCODE": "CI104",
        "ADM2_FR": "OUANINOU",
        "ADM2_PCODE": "CI0402",
        "ADM3_FR": "OUANINOU",
        "ADM3_PCODE": "CI040201",
        "ADM4_FR": "BEKOSSO",
        "ADM4_PCODE": "CIV1102",
        "centerLat": 8.103720055,
        "centerLng": -7.877973604,
        "pop": 646,
        "score": 646,
        "whiteLoc": 1
      },
      "id": 71
    },
    {
      "type": "Feature",
      "geometry": {
        "coordinates": [
          -6.608093254,
          7.928213707
        ],
        "type": "Point"
      },
      "properties": {
        "ADM0_FR": "WOROBA",
        "ADM0_PCODE": "CI13",
        "ADM1_FR": "WORODOUGOU",
        "ADM1_PCODE": "CI133",
        "ADM2_FR": "SEGUELA",
        "ADM2_PCODE": "CI3302",
        "ADM3_FR": "SEGUELA",
        "ADM3_PCODE": "CI330201",
        "ADM4_FR": "BEKRO",
        "ADM4_PCODE": "CIV1103",
        "centerLat": 7.928213707,
        "centerLng": -6.608093254,
        "pop": 285,
        "score": 285,
        "whiteLoc": 1
      },
      "id": 72
    },
    {
      "type": "Feature",
      "geometry": {
        "coordinates": [
          -7.550740159,
          8.21290767
        ],
        "type": "Point"
      },
      "properties": {
        "ADM0_FR": "WOROBA",
        "ADM0_PCODE": "CI13",
        "ADM1_FR": "BAFING",
        "ADM1_PCODE": "CI104",
        "ADM2_FR": "TOUBA",
        "ADM2_PCODE": "CI0403",
        "ADM3_FR": "TOUBA",
        "ADM3_PCODE": "CI040301",
        "ADM4_FR": "BENIGORO",
        "ADM4_PCODE": "CIV1143",
        "centerLat": 8.21290767,
        "centerLng": -7.550740159,
        "pop": 197,
        "score": 197,
        "whiteLoc": 1
      },
      "id": 73
    },
    {
      "type": "Feature",
      "geometry": {
        "coordinates": [
          -7.466654812,
          5.274304383
        ],
        "type": "Point"
      },
      "properties": {
        "ADM0_FR": "BAS-SASSANDRA",
        "ADM0_PCODE": "CI01",
        "ADM1_FR": "SAN-PEDRO",
        "ADM1_PCODE": "CI129",
        "ADM2_FR": "TABOU",
        "ADM2_PCODE": "CI2902",
        "ADM3_FR": "DJOUROUTOU",
        "ADM3_PCODE": "CI290204",
        "ADM4_FR": "BEREBLO",
        "ADM4_PCODE": "CIV1163",
        "centerLat": 5.274304383,
        "centerLng": -7.466654812,
        "pop": 1013,
        "score": 1013,
        "whiteLoc": 1
      },
      "id": 74
    },
    {
      "type": "Feature",
      "geometry": {
        "coordinates": [
          -5.305632561,
          6.382155912
        ],
        "type": "Point"
      },
      "properties": {
        "ADM0_FR": "LACS",
        "ADM0_PCODE": "CI07",
        "ADM1_FR": "BELIER",
        "ADM1_PCODE": "CI106",
        "ADM2_FR": "TOUMODI",
        "ADM2_PCODE": "CI0604",
        "ADM3_FR": "KOKUMBO",
        "ADM3_PCODE": "CI060403",
        "ADM4_FR": "BERIABOUKRO",
        "ADM4_PCODE": "CIV1167",
        "centerLat": 6.382155912,
        "centerLng": -5.305632561,
        "pop": 1506,
        "score": 1506,
        "whiteLoc": 1
      },
      "id": 75
    },
    {
      "type": "Feature",
      "geometry": {
        "coordinates": [
          -6.697520279,
          8.159450955
        ],
        "type": "Point"
      },
      "properties": {
        "ADM0_FR": "WOROBA",
        "ADM0_PCODE": "CI13",
        "ADM1_FR": "WORODOUGOU",
        "ADM1_PCODE": "CI133",
        "ADM2_FR": "SEGUELA",
        "ADM2_PCODE": "CI3302",
        "ADM3_FR": "BOBI",
        "ADM3_PCODE": "CI330202",
        "ADM4_FR": "BESSELA",
        "ADM4_PCODE": "CIV1172",
        "centerLat": 8.159450955,
        "centerLng": -6.697520279,
        "pop": 128,
        "score": 128,
        "whiteLoc": 1
      },
      "id": 76
    },
    {
      "type": "Feature",
      "geometry": {
        "coordinates": [
          -7.543920486,
          7.589052727
        ],
        "type": "Point"
      },
      "properties": {
        "ADM0_FR": "MONTAGNES",
        "ADM0_PCODE": "CI09",
        "ADM1_FR": "TONKPI",
        "ADM1_PCODE": "CI132",
        "ADM2_FR": "MAN",
        "ADM2_PCODE": "CI3203",
        "ADM3_FR": "SANDOUGOU-SOBA",
        "ADM3_PCODE": "CI320307",
        "ADM4_FR": "BETA",
        "ADM4_PCODE": "CIV1176",
        "centerLat": 7.589052727,
        "centerLng": -7.543920486,
        "pop": 533,
        "score": 533,
        "whiteLoc": 1
      },
      "id": 77
    },
    {
      "type": "Feature",
      "geometry": {
        "coordinates": [
          -5.831342301,
          9.656767857
        ],
        "type": "Point"
      },
      "properties": {
        "ADM0_FR": "SAVANES",
        "ADM0_PCODE": "CI11",
        "ADM1_FR": "PORO",
        "ADM1_PCODE": "CI128",
        "ADM2_FR": "KORHOGO",
        "ADM2_PCODE": "CI2802",
        "ADM3_FR": "KONI",
        "ADM3_PCODE": "CI280208",
        "ADM4_FR": "BEVOGO",
        "ADM4_PCODE": "CIV1182",
        "centerLat": 9.656767857,
        "centerLng": -5.831342301,
        "pop": 871,
        "score": 871,
        "whiteLoc": 1
      },
      "id": 78
    },
    {
      "type": "Feature",
      "geometry": {
        "coordinates": [
          -5.990899367,
          5.639753386
        ],
        "type": "Point"
      },
      "properties": {
        "ADM0_FR": "GOH-DJIBOUA",
        "ADM0_PCODE": "CI06",
        "ADM1_FR": "LOH-DJIBOUA",
        "ADM1_PCODE": "CI122",
        "ADM2_FR": "LAKOTA",
        "ADM2_PCODE": "CI2203",
        "ADM3_FR": "NIAMBEZARIA",
        "ADM3_PCODE": "CI220305",
        "ADM4_FR": "BEYO",
        "ADM4_PCODE": "CIV1185",
        "centerLat": 5.639753386,
        "centerLng": -5.990899367,
        "pop": 865,
        "score": 865,
        "whiteLoc": 1
      },
      "id": 79
    },
    {
      "type": "Feature",
      "geometry": {
        "coordinates": [
          -7.416775474,
          4.381305884
        ],
        "type": "Point"
      },
      "properties": {
        "ADM0_FR": "BAS-SASSANDRA",
        "ADM0_PCODE": "CI01",
        "ADM1_FR": "SAN-PEDRO",
        "ADM1_PCODE": "CI129",
        "ADM2_FR": "TABOU",
        "ADM2_PCODE": "CI2902",
        "ADM3_FR": "TABOU",
        "ADM3_PCODE": "CI290201",
        "ADM4_FR": "BIANKE",
        "ADM4_PCODE": "CIV1195",
        "centerLat": 4.381305884,
        "centerLng": -7.416775474,
        "pop": 513,
        "score": 513,
        "whiteLoc": 1
      },
      "id": 80
    },
    {
      "type": "Feature",
      "geometry": {
        "coordinates": [
          -7.474012878,
          8.215942265
        ],
        "type": "Point"
      },
      "properties": {
        "ADM0_FR": "WOROBA",
        "ADM0_PCODE": "CI13",
        "ADM1_FR": "BAFING",
        "ADM1_PCODE": "CI104",
        "ADM2_FR": "TOUBA",
        "ADM2_PCODE": "CI0403",
        "ADM3_FR": "TOUBA",
        "ADM3_PCODE": "CI040301",
        "ADM4_FR": "BIANKO",
        "ADM4_PCODE": "CIV1196",
        "centerLat": 8.215942265,
        "centerLng": -7.474012878,
        "pop": 671,
        "score": 671,
        "whiteLoc": 1
      },
      "id": 81
    },
    {
      "type": "Feature",
      "geometry": {
        "coordinates": [
          -2.96609581,
          9.440076438
        ],
        "type": "Point"
      },
      "properties": {
        "ADM0_FR": "ZANZAN",
        "ADM0_PCODE": "CI14",
        "ADM1_FR": "BOUNKANI",
        "ADM1_PCODE": "CI108",
        "ADM2_FR": "BOUNA",
        "ADM2_PCODE": "CI0801",
        "ADM3_FR": "BOUNA",
        "ADM3_PCODE": "CI080102",
        "ADM4_FR": "BIBIELDOUO",
        "ADM4_PCODE": "CIV1202",
        "centerLat": 9.440076438,
        "centerLng": -2.96609581,
        "pop": 440,
        "score": 440,
        "whiteLoc": 1
      },
      "id": 82
    },
    {
      "type": "Feature",
      "geometry": {
        "coordinates": [
          -3.636070058,
          9.890340256
        ],
        "type": "Point"
      },
      "properties": {
        "ADM0_FR": "ZANZAN",
        "ADM0_PCODE": "CI14",
        "ADM1_FR": "BOUNKANI",
        "ADM1_PCODE": "CI108",
        "ADM2_FR": "TEHINI",
        "ADM2_PCODE": "CI0804",
        "ADM3_FR": "GOGO",
        "ADM3_PCODE": "CI080402",
        "ADM4_FR": "BIELMI-SIMITE",
        "ADM4_PCODE": "CIV1224",
        "centerLat": 9.890340256,
        "centerLng": -3.636070058,
        "pop": 229,
        "score": 229,
        "whiteLoc": 1
      },
      "id": 83
    },
    {
      "type": "Feature",
      "geometry": {
        "coordinates": [
          -3.332171884,
          9.717308264
        ],
        "type": "Point"
      },
      "properties": {
        "ADM0_FR": "ZANZAN",
        "ADM0_PCODE": "CI14",
        "ADM1_FR": "BOUNKANI",
        "ADM1_PCODE": "CI108",
        "ADM2_FR": "DOROPO",
        "ADM2_PCODE": "CI0802",
        "ADM3_FR": "DOROPO",
        "ADM3_PCODE": "CI080202",
        "ADM4_FR": "BIELPINDOUOGBE",
        "ADM4_PCODE": "CIV1226",
        "centerLat": 9.717308264,
        "centerLng": -3.332171884,
        "pop": 369,
        "score": 369,
        "whiteLoc": 1
      },
      "id": 84
    },
    {
      "type": "Feature",
      "geometry": {
        "coordinates": [
          -3.188934228,
          9.61103239
        ],
        "type": "Point"
      },
      "properties": {
        "ADM0_FR": "ZANZAN",
        "ADM0_PCODE": "CI14",
        "ADM1_FR": "BOUNKANI",
        "ADM1_PCODE": "CI108",
        "ADM2_FR": "BOUNA",
        "ADM2_PCODE": "CI0801",
        "ADM3_FR": "BOUKO",
        "ADM3_PCODE": "CI080101",
        "ADM4_FR": "BIELTADOUO",
        "ADM4_PCODE": "CIV1227",
        "centerLat": 9.61103239,
        "centerLng": -3.188934228,
        "pop": 186,
        "score": 186,
        "whiteLoc": 1
      },
      "id": 85
    },
    {
      "type": "Feature",
      "geometry": {
        "coordinates": [
          -2.934956872,
          9.350234769
        ],
        "type": "Point"
      },
      "properties": {
        "ADM0_FR": "ZANZAN",
        "ADM0_PCODE": "CI14",
        "ADM1_FR": "BOUNKANI",
        "ADM1_PCODE": "CI108",
        "ADM2_FR": "BOUNA",
        "ADM2_PCODE": "CI0801",
        "ADM3_FR": "BOUNA",
        "ADM3_PCODE": "CI080102",
        "ADM4_FR": "BIKOUEDOUO(BIKOHIDOUO)",
        "ADM4_PCODE": "CIV1240",
        "centerLat": 9.350234769,
        "centerLng": -2.934956872,
        "pop": 134,
        "score": 134,
        "whiteLoc": 1
      },
      "id": 86
    },
    {
      "type": "Feature",
      "geometry": {
        "coordinates": [
          -3.109373192,
          9.229619288
        ],
        "type": "Point"
      },
      "properties": {
        "ADM0_FR": "ZANZAN",
        "ADM0_PCODE": "CI14",
        "ADM1_FR": "BOUNKANI",
        "ADM1_PCODE": "CI108",
        "ADM2_FR": "BOUNA",
        "ADM2_PCODE": "CI0801",
        "ADM3_FR": "BOUNA",
        "ADM3_PCODE": "CI080102",
        "ADM4_FR": "BIKOUNEREDOUO",
        "ADM4_PCODE": "CIV1241",
        "centerLat": 9.229619288,
        "centerLng": -3.109373192,
        "pop": 127,
        "score": 127,
        "whiteLoc": 1
      },
      "id": 87
    },
    {
      "type": "Feature",
      "geometry": {
        "coordinates": [
          -3.033290057,
          9.582233516
        ],
        "type": "Point"
      },
      "properties": {
        "ADM0_FR": "ZANZAN",
        "ADM0_PCODE": "CI14",
        "ADM1_FR": "BOUNKANI",
        "ADM1_PCODE": "CI108",
        "ADM2_FR": "DOROPO",
        "ADM2_PCODE": "CI0802",
        "ADM3_FR": "DANOA",
        "ADM3_PCODE": "CI080201",
        "ADM4_FR": "BILBIELDOUO",
        "ADM4_PCODE": "CIV1244",
        "centerLat": 9.582233516,
        "centerLng": -3.033290057,
        "pop": 116,
        "score": 116,
        "whiteLoc": 1
      },
      "id": 88
    },
    {
      "type": "Feature",
      "geometry": {
        "coordinates": [
          -3.226922324,
          9.798182489
        ],
        "type": "Point"
      },
      "properties": {
        "ADM0_FR": "ZANZAN",
        "ADM0_PCODE": "CI14",
        "ADM1_FR": "BOUNKANI",
        "ADM1_PCODE": "CI108",
        "ADM2_FR": "DOROPO",
        "ADM2_PCODE": "CI0802",
        "ADM3_FR": "KALAMON",
        "ADM3_PCODE": "CI080203",
        "ADM4_FR": "BINANDOUO",
        "ADM4_PCODE": "CIV1248",
        "centerLat": 9.798182489,
        "centerLng": -3.226922324,
        "pop": 287,
        "score": 287,
        "whiteLoc": 1
      },
      "id": 89
    },
    {
      "type": "Feature",
      "geometry": {
        "coordinates": [
          -3.360284622,
          9.645516308
        ],
        "type": "Point"
      },
      "properties": {
        "ADM0_FR": "ZANZAN",
        "ADM0_PCODE": "CI14",
        "ADM1_FR": "BOUNKANI",
        "ADM1_PCODE": "CI108",
        "ADM2_FR": "DOROPO",
        "ADM2_PCODE": "CI0802",
        "ADM3_FR": "NIAMOUE",
        "ADM3_PCODE": "CI080204",
        "ADM4_FR": "BINANDOUO",
        "ADM4_PCODE": "CIV1249",
        "centerLat": 9.645516308,
        "centerLng": -3.360284622,
        "pop": 118,
        "score": 118,
        "whiteLoc": 1
      },
      "id": 90
    },
    {
      "type": "Feature",
      "geometry": {
        "coordinates": [
          -4.260758455,
          8.135524006
        ],
        "type": "Point"
      },
      "properties": {
        "ADM0_FR": "VALLEE DU BANDAMA",
        "ADM0_PCODE": "CI12",
        "ADM1_FR": "HAMBOL",
        "ADM1_PCODE": "CI117",
        "ADM2_FR": "DABAKALA",
        "ADM2_PCODE": "CI1701",
        "ADM3_FR": "YAOSSEDOUGOU",
        "ADM3_PCODE": "CI170110",
        "ADM4_FR": "BINDOLO WASSEGBOGO",
        "ADM4_PCODE": "CIV1252",
        "centerLat": 8.135524006,
        "centerLng": -4.260758455,
        "pop": 1087,
        "score": 1087,
        "whiteLoc": 1
      },
      "id": 91
    },
    {
      "type": "Feature",
      "geometry": {
        "coordinates": [
          -3.516634772,
          9.658488452
        ],
        "type": "Point"
      },
      "properties": {
        "ADM0_FR": "ZANZAN",
        "ADM0_PCODE": "CI14",
        "ADM1_FR": "BOUNKANI",
        "ADM1_PCODE": "CI108",
        "ADM2_FR": "DOROPO",
        "ADM2_PCODE": "CI0802",
        "ADM3_FR": "NIAMOUE",
        "ADM3_PCODE": "CI080204",
        "ADM4_FR": "BINEDOUO",
        "ADM4_PCODE": "CIV1253",
        "centerLat": 9.658488452,
        "centerLng": -3.516634772,
        "pop": 53,
        "score": 53,
        "whiteLoc": 1
      },
      "id": 92
    },
    {
      "type": "Feature",
      "geometry": {
        "coordinates": [
          -3.545879272,
          9.883628037
        ],
        "type": "Point"
      },
      "properties": {
        "ADM0_FR": "ZANZAN",
        "ADM0_PCODE": "CI14",
        "ADM1_FR": "BOUNKANI",
        "ADM1_PCODE": "CI108",
        "ADM2_FR": "TEHINI",
        "ADM2_PCODE": "CI0804",
        "ADM3_FR": "GOGO",
        "ADM3_PCODE": "CI080402",
        "ADM4_FR": "BINGUETAN",
        "ADM4_PCODE": "CIV1257",
        "centerLat": 9.883628037,
        "centerLng": -3.545879272,
        "pop": 217,
        "score": 217,
        "whiteLoc": 1
      },
      "id": 93
    },
    {
      "type": "Feature",
      "geometry": {
        "coordinates": [
          -7.57438553,
          8.572475316
        ],
        "type": "Point"
      },
      "properties": {
        "ADM0_FR": "WOROBA",
        "ADM0_PCODE": "CI13",
        "ADM1_FR": "BAFING",
        "ADM1_PCODE": "CI104",
        "ADM2_FR": "KORO",
        "ADM2_PCODE": "CI0401",
        "ADM3_FR": "NIOKOSSO",
        "ADM3_PCODE": "CI040105",
        "ADM4_FR": "BINI",
        "ADM4_PCODE": "CIV1260",
        "centerLat": 8.572475316,
        "centerLng": -7.57438553,
        "pop": 342,
        "score": 342,
        "whiteLoc": 1
      },
      "id": 94
    },
    {
      "type": "Feature",
      "geometry": {
        "coordinates": [
          -4.056801507,
          9.775532246
        ],
        "type": "Point"
      },
      "properties": {
        "ADM0_FR": "ZANZAN",
        "ADM0_PCODE": "CI14",
        "ADM1_FR": "BOUNKANI",
        "ADM1_PCODE": "CI108",
        "ADM2_FR": "TEHINI",
        "ADM2_PCODE": "CI0804",
        "ADM3_FR": "TOUGBO",
        "ADM3_PCODE": "CI080403",
        "ADM4_FR": "BININTIRA",
        "ADM4_PCODE": "CIV1263",
        "centerLat": 9.775532246,
        "centerLng": -4.056801507,
        "pop": 1,
        "score": 1,
        "whiteLoc": 1
      },
      "id": 95
    },
    {
      "type": "Feature",
      "geometry": {
        "coordinates": [
          -2.904546121,
          8.975754342
        ],
        "type": "Point"
      },
      "properties": {
        "ADM0_FR": "ZANZAN",
        "ADM0_PCODE": "CI14",
        "ADM1_FR": "BOUNKANI",
        "ADM1_PCODE": "CI108",
        "ADM2_FR": "BOUNA",
        "ADM2_PCODE": "CI0801",
        "ADM3_FR": "YOUNDOUO",
        "ADM3_PCODE": "CI080105",
        "ADM4_FR": "BINLAREDOUO",
        "ADM4_PCODE": "CIV1264",
        "centerLat": 8.975754342,
        "centerLng": -2.904546121,
        "pop": 213,
        "score": 213,
        "whiteLoc": 1
      },
      "id": 96
    },
    {
      "type": "Feature",
      "geometry": {
        "coordinates": [
          -3.146115832,
          9.314991617
        ],
        "type": "Point"
      },
      "properties": {
        "ADM0_FR": "ZANZAN",
        "ADM0_PCODE": "CI14",
        "ADM1_FR": "BOUNKANI",
        "ADM1_PCODE": "CI108",
        "ADM2_FR": "BOUNA",
        "ADM2_PCODE": "CI0801",
        "ADM3_FR": "BOUNA",
        "ADM3_PCODE": "CI080102",
        "ADM4_FR": "BINODOUO",
        "ADM4_PCODE": "CIV1265",
        "centerLat": 9.314991617,
        "centerLng": -3.146115832,
        "pop": 30,
        "score": 30,
        "whiteLoc": 1
      },
      "id": 97
    },
    {
      "type": "Feature",
      "geometry": {
        "coordinates": [
          -3.084875729,
          9.519696747
        ],
        "type": "Point"
      },
      "properties": {
        "ADM0_FR": "ZANZAN",
        "ADM0_PCODE": "CI14",
        "ADM1_FR": "BOUNKANI",
        "ADM1_PCODE": "CI108",
        "ADM2_FR": "BOUNA",
        "ADM2_PCODE": "CI0801",
        "ADM3_FR": "BOUKO",
        "ADM3_PCODE": "CI080101",
        "ADM4_FR": "BISSAMDOUO",
        "ADM4_PCODE": "CIV1274",
        "centerLat": 9.519696747,
        "centerLng": -3.084875729,
        "pop": 143,
        "score": 143,
        "whiteLoc": 1
      },
      "id": 98
    },
    {
      "type": "Feature",
      "geometry": {
        "coordinates": [
          -3.151936023,
          9.762659159
        ],
        "type": "Point"
      },
      "properties": {
        "ADM0_FR": "ZANZAN",
        "ADM0_PCODE": "CI14",
        "ADM1_FR": "BOUNKANI",
        "ADM1_PCODE": "CI108",
        "ADM2_FR": "DOROPO",
        "ADM2_PCODE": "CI0802",
        "ADM3_FR": "KALAMON",
        "ADM3_PCODE": "CI080203",
        "ADM4_FR": "BISSANKOI",
        "ADM4_PCODE": "CIV1275",
        "centerLat": 9.762659159,
        "centerLng": -3.151936023,
        "pop": 264,
        "score": 264,
        "whiteLoc": 1
      },
      "id": 99
    },
    {
      "type": "Feature",
      "geometry": {
        "coordinates": [
          -3.092342573,
          9.234361033
        ],
        "type": "Point"
      },
      "properties": {
        "ADM0_FR": "ZANZAN",
        "ADM0_PCODE": "CI14",
        "ADM1_FR": "BOUNKANI",
        "ADM1_PCODE": "CI108",
        "ADM2_FR": "BOUNA",
        "ADM2_PCODE": "CI0801",
        "ADM3_FR": "BOUNA",
        "ADM3_PCODE": "CI080102",
        "ADM4_FR": "BISSORI-TCHOGBOLO",
        "ADM4_PCODE": "CIV1278",
        "centerLat": 9.234361033,
        "centerLng": -3.092342573,
        "pop": 118,
        "score": 118,
        "whiteLoc": 1
      },
      "id": 100
    },
    {
      "type": "Feature",
      "geometry": {
        "coordinates": [
          -7.709105856,
          8.766477122
        ],
        "type": "Point"
      },
      "properties": {
        "ADM0_FR": "WOROBA",
        "ADM0_PCODE": "CI13",
        "ADM1_FR": "BAFING",
        "ADM1_PCODE": "CI104",
        "ADM2_FR": "KORO",
        "ADM2_PCODE": "CI0401",
        "ADM3_FR": "BOOKO",
        "ADM3_PCODE": "CI040102",
        "ADM4_FR": "BLAMADOUGOU",
        "ADM4_PCODE": "CIV1294",
        "centerLat": 8.766477122,
        "centerLng": -7.709105856,
        "pop": 215,
        "score": 215,
        "whiteLoc": 1
      },
      "id": 101
    },
    {
      "type": "Feature",
      "geometry": {
        "coordinates": [
          -6.766547538,
          5.654250006
        ],
        "type": "Point"
      },
      "properties": {
        "ADM0_FR": "BAS-SASSANDRA",
        "ADM0_PCODE": "CI01",
        "ADM1_FR": "NAWA",
        "ADM1_PCODE": "CI126",
        "ADM2_FR": "MEAGUI",
        "ADM2_PCODE": "CI2603",
        "ADM3_FR": "GNANMANGUI",
        "ADM3_PCODE": "CI260402",
        "ADM4_FR": "BLEDOUAGUI",
        "ADM4_PCODE": "CIV1310",
        "centerLat": 5.654250006,
        "centerLng": -6.766547538,
        "pop": 2016,
        "score": 2016,
        "whiteLoc": 1
      },
      "id": 102
    },
    {
      "type": "Feature",
      "geometry": {
        "coordinates": [
          -8.166272268,
          7.430035734
        ],
        "type": "Point"
      },
      "properties": {
        "ADM0_FR": "MONTAGNES",
        "ADM0_PCODE": "CI09",
        "ADM1_FR": "TONKPI",
        "ADM1_PCODE": "CI132",
        "ADM2_FR": "DANANE",
        "ADM2_PCODE": "CI3202",
        "ADM3_FR": "DALEU",
        "ADM3_PCODE": "CI320201",
        "ADM4_FR": "BLEUPLEU",
        "ADM4_PCODE": "CIV1321",
        "centerLat": 7.430035734,
        "centerLng": -8.166272268,
        "pop": 1878,
        "score": 1878,
        "whiteLoc": 1
      },
      "id": 103
    },
    {
      "type": "Feature",
      "geometry": {
        "coordinates": [
          -7.525471597,
          4.364171046
        ],
        "type": "Point"
      },
      "properties": {
        "ADM0_FR": "BAS-SASSANDRA",
        "ADM0_PCODE": "CI01",
        "ADM1_FR": "SAN-PEDRO",
        "ADM1_PCODE": "CI129",
        "ADM2_FR": "TABOU",
        "ADM2_PCODE": "CI2902",
        "ADM3_FR": "DJAMANDIOKE",
        "ADM3_PCODE": "CI290203",
        "ADM4_FR": "BLIERON",
        "ADM4_PCODE": "CIV1324",
        "centerLat": 4.364171046,
        "centerLng": -7.525471597,
        "pop": 764,
        "score": 764,
        "whiteLoc": 1
      },
      "id": 104
    },
    {
      "type": "Feature",
      "geometry": {
        "coordinates": [
          -7.468681753,
          7.214246864
        ],
        "type": "Point"
      },
      "properties": {
        "ADM0_FR": "MONTAGNES",
        "ADM0_PCODE": "CI09",
        "ADM1_FR": "GUEMON",
        "ADM1_PCODE": "CI116",
        "ADM2_FR": "KOUIBLY",
        "ADM2_PCODE": "CI1604",
        "ADM3_FR": "NIDROU",
        "ADM3_PCODE": "CI160402",
        "ADM4_FR": "BLOKPE",
        "ADM4_PCODE": "CIV1333",
        "centerLat": 7.214246864,
        "centerLng": -7.468681753,
        "pop": 1938,
        "score": 1938,
        "whiteLoc": 1
      },
      "id": 105
    },
    {
      "type": "Feature",
      "geometry": {
        "coordinates": [
          -8.321885146,
          6.884466928
        ],
        "type": "Point"
      },
      "properties": {
        "ADM0_FR": "MONTAGNES",
        "ADM0_PCODE": "CI09",
        "ADM1_FR": "TONKPI",
        "ADM1_PCODE": "CI132",
        "ADM2_FR": "ZOUAN-HOUNIEN",
        "ADM2_PCODE": "CI3205",
        "ADM3_FR": "ZOUAN-HOUNIEN",
        "ADM3_PCODE": "CI320501",
        "ADM4_FR": "BLONTOUO",
        "ADM4_PCODE": "CIV1340",
        "centerLat": 6.884466928,
        "centerLng": -8.321885146,
        "pop": 195,
        "score": 195,
        "whiteLoc": 1
      },
      "id": 106
    },
    {
      "type": "Feature",
      "geometry": {
        "coordinates": [
          -4.146155562,
          8.517736305
        ],
        "type": "Point"
      },
      "properties": {
        "ADM0_FR": "VALLEE DU BANDAMA",
        "ADM0_PCODE": "CI12",
        "ADM1_FR": "HAMBOL",
        "ADM1_PCODE": "CI117",
        "ADM2_FR": "DABAKALA",
        "ADM2_PCODE": "CI1701",
        "ADM3_FR": "TENDENE-BAMBARASSO",
        "ADM3_PCODE": "CI170109",
        "ADM4_FR": "BOBOSSO",
        "ADM4_PCODE": "CIV1352",
        "centerLat": 8.517736305,
        "centerLng": -4.146155562,
        "pop": 1619,
        "score": 1619,
        "whiteLoc": 1
      },
      "id": 107
    },
    {
      "type": "Feature",
      "geometry": {
        "coordinates": [
          -3.233376131,
          9.482936547
        ],
        "type": "Point"
      },
      "properties": {
        "ADM0_FR": "ZANZAN",
        "ADM0_PCODE": "CI14",
        "ADM1_FR": "BOUNKANI",
        "ADM1_PCODE": "CI108",
        "ADM2_FR": "BOUNA",
        "ADM2_PCODE": "CI0801",
        "ADM3_FR": "BOUKO",
        "ADM3_PCODE": "CI080101",
        "ADM4_FR": "BOGNIRA 3 (BINGUIDOUO)",
        "ADM4_PCODE": "CIV1391",
        "centerLat": 9.482936547,
        "centerLng": -3.233376131,
        "pop": 117,
        "score": 117,
        "whiteLoc": 1
      },
      "id": 108
    },
    {
      "type": "Feature",
      "geometry": {
        "coordinates": [
          -3.234628455,
          9.471588016
        ],
        "type": "Point"
      },
      "properties": {
        "ADM0_FR": "ZANZAN",
        "ADM0_PCODE": "CI14",
        "ADM1_FR": "BOUNKANI",
        "ADM1_PCODE": "CI108",
        "ADM2_FR": "BOUNA",
        "ADM2_PCODE": "CI0801",
        "ADM3_FR": "BOUKO",
        "ADM3_PCODE": "CI080101",
        "ADM4_FR": "BOGNIRA 4 (DITCHOUDOUO)",
        "ADM4_PCODE": "CIV1392",
        "centerLat": 9.471588016,
        "centerLng": -3.234628455,
        "pop": 238,
        "score": 238,
        "whiteLoc": 1
      },
      "id": 109
    },
    {
      "type": "Feature",
      "geometry": {
        "coordinates": [
          -3.0693626,
          9.602121827
        ],
        "type": "Point"
      },
      "properties": {
        "ADM0_FR": "ZANZAN",
        "ADM0_PCODE": "CI14",
        "ADM1_FR": "BOUNKANI",
        "ADM1_PCODE": "CI108",
        "ADM2_FR": "DOROPO",
        "ADM2_PCODE": "CI0802",
        "ADM3_FR": "DANOA",
        "ADM3_PCODE": "CI080201",
        "ADM4_FR": "BOHIDANAN",
        "ADM4_PCODE": "CIV1415",
        "centerLat": 9.602121827,
        "centerLng": -3.0693626,
        "pop": 118,
        "score": 118,
        "whiteLoc": 1
      },
      "id": 110
    },
    {
      "type": "Feature",
      "geometry": {
        "coordinates": [
          -3.586634748,
          9.820792837
        ],
        "type": "Point"
      },
      "properties": {
        "ADM0_FR": "ZANZAN",
        "ADM0_PCODE": "CI14",
        "ADM1_FR": "BOUNKANI",
        "ADM1_PCODE": "CI108",
        "ADM2_FR": "TEHINI",
        "ADM2_PCODE": "CI0804",
        "ADM3_FR": "GOGO",
        "ADM3_PCODE": "CI080402",
        "ADM4_FR": "BOKI",
        "ADM4_PCODE": "CIV1442",
        "centerLat": 9.820792837,
        "centerLng": -3.586634748,
        "pop": 881,
        "score": 881,
        "whiteLoc": 1
      },
      "id": 111
    },
    {
      "type": "Feature",
      "geometry": {
        "coordinates": [
          -5.974440399,
          5.312950776
        ],
        "type": "Point"
      },
      "properties": {
        "ADM0_FR": "BAS-SASSANDRA",
        "ADM0_PCODE": "CI01",
        "ADM1_FR": "GBOKLE",
        "ADM1_PCODE": "CI112",
        "ADM2_FR": "SASSANDRA",
        "ADM2_PCODE": "CI1202",
        "ADM3_FR": "DAKPADOU",
        "ADM3_PCODE": "CI120202",
        "ADM4_FR": "BOLO V 3",
        "ADM4_PCODE": "CIV1456",
        "centerLat": 5.312950776,
        "centerLng": -5.974440399,
        "pop": 689,
        "score": 689,
        "whiteLoc": 1
      },
      "id": 112
    },
    {
      "type": "Feature",
      "geometry": {
        "coordinates": [
          -3.034709738,
          9.438849385
        ],
        "type": "Point"
      },
      "properties": {
        "ADM0_FR": "ZANZAN",
        "ADM0_PCODE": "CI14",
        "ADM1_FR": "BOUNKANI",
        "ADM1_PCODE": "CI108",
        "ADM2_FR": "BOUNA",
        "ADM2_PCODE": "CI0801",
        "ADM3_FR": "BOUKO",
        "ADM3_PCODE": "CI080101",
        "ADM4_FR": "BONFILE 1",
        "ADM4_PCODE": "CIV1476",
        "centerLat": 9.438849385,
        "centerLng": -3.034709738,
        "pop": 155,
        "score": 155,
        "whiteLoc": 1
      },
      "id": 113
    },
    {
      "type": "Feature",
      "geometry": {
        "coordinates": [
          -4.856003208,
          7.69534493
        ],
        "type": "Point"
      },
      "properties": {
        "ADM0_FR": "VALLEE DU BANDAMA",
        "ADM0_PCODE": "CI12",
        "ADM1_FR": "GBEKE",
        "ADM1_PCODE": "CI111",
        "ADM2_FR": "BOUAKE",
        "ADM2_PCODE": "CI1103",
        "ADM3_FR": "BROBO",
        "ADM3_PCODE": "CI110303",
        "ADM4_FR": "BONGRABO",
        "ADM4_PCODE": "CIV1484",
        "centerLat": 7.69534493,
        "centerLng": -4.856003208,
        "pop": 901,
        "score": 901,
        "whiteLoc": 1
      },
      "id": 114
    },
    {
      "type": "Feature",
      "geometry": {
        "coordinates": [
          -6.845696167,
          8.166144939
        ],
        "type": "Point"
      },
      "properties": {
        "ADM0_FR": "WOROBA",
        "ADM0_PCODE": "CI13",
        "ADM1_FR": "WORODOUGOU",
        "ADM1_PCODE": "CI133",
        "ADM2_FR": "SEGUELA",
        "ADM2_PCODE": "CI3302",
        "ADM3_FR": "WOROFLA",
        "ADM3_PCODE": "CI330207",
        "ADM4_FR": "BONNA",
        "ADM4_PCODE": "CIV1495",
        "centerLat": 8.166144939,
        "centerLng": -6.845696167,
        "pop": 729,
        "score": 729,
        "whiteLoc": 1
      },
      "id": 115
    },
    {
      "type": "Feature",
      "geometry": {
        "coordinates": [
          -7.283104412,
          8.149174436
        ],
        "type": "Point"
      },
      "properties": {
        "ADM0_FR": "WOROBA",
        "ADM0_PCODE": "CI13",
        "ADM1_FR": "BAFING",
        "ADM1_PCODE": "CI104",
        "ADM2_FR": "TOUBA",
        "ADM2_PCODE": "CI0403",
        "ADM3_FR": "GUINTEGUELA",
        "ADM3_PCODE": "CI040304",
        "ADM4_FR": "BONTOMA",
        "ADM4_PCODE": "CIV1501",
        "centerLat": 8.149174436,
        "centerLng": -7.283104412,
        "pop": 695,
        "score": 695,
        "whiteLoc": 1
      },
      "id": 116
    },
    {
      "type": "Feature",
      "geometry": {
        "coordinates": [
          -7.552774863,
          8.240729568
        ],
        "type": "Point"
      },
      "properties": {
        "ADM0_FR": "WOROBA",
        "ADM0_PCODE": "CI13",
        "ADM1_FR": "BAFING",
        "ADM1_PCODE": "CI104",
        "ADM2_FR": "TOUBA",
        "ADM2_PCODE": "CI0403",
        "ADM3_FR": "TOUBA",
        "ADM3_PCODE": "CI040301",
        "ADM4_FR": "BOOLA",
        "ADM4_PCODE": "CIV1509",
        "centerLat": 8.240729568,
        "centerLng": -7.552774863,
        "pop": 149,
        "score": 149,
        "whiteLoc": 1
      },
      "id": 117
    },
    {
      "type": "Feature",
      "geometry": {
        "coordinates": [
          -4.769211542,
          9.381950385
        ],
        "type": "Point"
      },
      "properties": {
        "ADM0_FR": "SAVANES",
        "ADM0_PCODE": "CI11",
        "ADM1_FR": "TCHOLOGO",
        "ADM1_PCODE": "CI131",
        "ADM2_FR": "KONG",
        "ADM2_PCODE": "CI3102",
        "ADM3_FR": "SIKOLO",
        "ADM3_PCODE": "CI310204",
        "ADM4_FR": "BOROTOGONA",
        "ADM4_PCODE": "CIV1526",
        "centerLat": 9.381950385,
        "centerLng": -4.769211542,
        "pop": 221,
        "score": 221,
        "whiteLoc": 1
      },
      "id": 118
    },
    {
      "type": "Feature",
      "geometry": {
        "coordinates": [
          -4.500314381,
          7.951929403
        ],
        "type": "Point"
      },
      "properties": {
        "ADM0_FR": "VALLEE DU BANDAMA",
        "ADM0_PCODE": "CI12",
        "ADM1_FR": "HAMBOL",
        "ADM1_PCODE": "CI117",
        "ADM2_FR": "DABAKALA",
        "ADM2_PCODE": "CI1701",
        "ADM3_FR": "SATAMA SOKORO",
        "ADM3_PCODE": "CI170106",
        "ADM4_FR": "BOROYARADOUGOU",
        "ADM4_PCODE": "CIV1529",
        "centerLat": 7.951929403,
        "centerLng": -4.500314381,
        "pop": 1107,
        "score": 1107,
        "whiteLoc": 1
      },
      "id": 119
    },
    {
      "type": "Feature",
      "geometry": {
        "coordinates": [
          -5.836909786,
          8.391226411
        ],
        "type": "Point"
      },
      "properties": {
        "ADM0_FR": "WOROBA",
        "ADM0_PCODE": "CI13",
        "ADM1_FR": "BERE",
        "ADM1_PCODE": "CI107",
        "ADM2_FR": "MANKONO",
        "ADM2_PCODE": "CI0703",
        "ADM3_FR": "MARANDALAH",
        "ADM3_PCODE": "CI070303",
        "ADM4_FR": "BOROZOMBA",
        "ADM4_PCODE": "CIV1530",
        "centerLat": 8.391226411,
        "centerLng": -5.836909786,
        "pop": 1141,
        "score": 1141,
        "whiteLoc": 1
      },
      "id": 120
    },
    {
      "type": "Feature",
      "geometry": {
        "coordinates": [
          -3.44437385,
          6.608662864
        ],
        "type": "Point"
      },
      "properties": {
        "ADM0_FR": "COMOE",
        "ADM0_PCODE": "CI02",
        "ADM1_FR": "INDENIE-DJUABLIN",
        "ADM1_PCODE": "CI120",
        "ADM2_FR": "ABENGOUROU",
        "ADM2_PCODE": "CI2001",
        "ADM3_FR": "ABENGOUROU",
        "ADM3_PCODE": "CI200101",
        "ADM4_FR": "BOSSEMATIE",
        "ADM4_PCODE": "CIV1531",
        "centerLat": 6.608662864,
        "centerLng": -3.44437385,
        "pop": 1565,
        "score": 1565,
        "whiteLoc": 1
      },
      "id": 121
    },
    {
      "type": "Feature",
      "geometry": {
        "coordinates": [
          -3.04003413,
          7.612407894
        ],
        "type": "Point"
      },
      "properties": {
        "ADM0_FR": "ZANZAN",
        "ADM0_PCODE": "CI14",
        "ADM1_FR": "GONTOUGO",
        "ADM1_PCODE": "CI114",
        "ADM2_FR": "TRANSUA",
        "ADM2_PCODE": "CI1405",
        "ADM3_FR": "ASSUEFRY",
        "ADM3_PCODE": "CI140502",
        "ADM4_FR": "BOSSOMKUIKRO",
        "ADM4_PCODE": "CIV1535",
        "centerLat": 7.612407894,
        "centerLng": -3.04003413,
        "pop": 1943,
        "score": 1943,
        "whiteLoc": 1
      },
      "id": 122
    },
    {
      "type": "Feature",
      "geometry": {
        "coordinates": [
          -3.221569034,
          7.995429694
        ],
        "type": "Point"
      },
      "properties": {
        "ADM0_FR": "ZANZAN",
        "ADM0_PCODE": "CI14",
        "ADM1_FR": "GONTOUGO",
        "ADM1_PCODE": "CI114",
        "ADM2_FR": "TANDA",
        "ADM2_PCODE": "CI1404",
        "ADM3_FR": "TCHEDIO",
        "ADM3_PCODE": "CI140404",
        "ADM4_FR": "BOSSOUMARA",
        "ADM4_PCODE": "CIV1536",
        "centerLat": 7.995429694,
        "centerLng": -3.221569034,
        "pop": 235,
        "score": 235,
        "whiteLoc": 1
      },
      "id": 123
    },
    {
      "type": "Feature",
      "geometry": {
        "coordinates": [
          -3.852816322,
          8.444386246
        ],
        "type": "Point"
      },
      "properties": {
        "ADM0_FR": "ZANZAN",
        "ADM0_PCODE": "CI14",
        "ADM1_FR": "BOUNKANI",
        "ADM1_PCODE": "CI108",
        "ADM2_FR": "NASSIAN",
        "ADM2_PCODE": "CI0803",
        "ADM3_FR": "SOMINASSE",
        "ADM3_PCODE": "CI080305",
        "ADM4_FR": "BOUDOU",
        "ADM4_PCODE": "CIV1569",
        "centerLat": 8.444386246,
        "centerLng": -3.852816322,
        "pop": 895,
        "score": 895,
        "whiteLoc": 1
      },
      "id": 124
    },
    {
      "type": "Feature",
      "geometry": {
        "coordinates": [
          -6.358094251,
          7.882217772
        ],
        "type": "Point"
      },
      "properties": {
        "ADM0_FR": "WOROBA",
        "ADM0_PCODE": "CI13",
        "ADM1_FR": "WORODOUGOU",
        "ADM1_PCODE": "CI133",
        "ADM2_FR": "SEGUELA",
        "ADM2_PCODE": "CI3302",
        "ADM3_FR": "MASSALA",
        "ADM3_PCODE": "CI330205",
        "ADM4_FR": "BOUILA",
        "ADM4_PCODE": "CIV1584",
        "centerLat": 7.882217772,
        "centerLng": -6.358094251,
        "pop": 667,
        "score": 667,
        "whiteLoc": 1
      },
      "id": 125
    },
    {
      "type": "Feature",
      "geometry": {
        "coordinates": [
          -3.392173605,
          7.769254191
        ],
        "type": "Point"
      },
      "properties": {
        "ADM0_FR": "ZANZAN",
        "ADM0_PCODE": "CI14",
        "ADM1_FR": "GONTOUGO",
        "ADM1_PCODE": "CI114",
        "ADM2_FR": "TANDA",
        "ADM2_PCODE": "CI1404",
        "ADM3_FR": "DIAMBA",
        "ADM3_PCODE": "CI140403",
        "ADM4_FR": "BOUKO",
        "ADM4_PCODE": "CIV1588",
        "centerLat": 7.769254191,
        "centerLng": -3.392173605,
        "pop": 3097,
        "score": 3097,
        "whiteLoc": 1
      },
      "id": 126
    },
    {
      "type": "Feature",
      "geometry": {
        "coordinates": [
          -7.47878649,
          8.133469947
        ],
        "type": "Point"
      },
      "properties": {
        "ADM0_FR": "WOROBA",
        "ADM0_PCODE": "CI13",
        "ADM1_FR": "BAFING",
        "ADM1_PCODE": "CI104",
        "ADM2_FR": "TOUBA",
        "ADM2_PCODE": "CI0403",
        "ADM3_FR": "DIOMAN",
        "ADM3_PCODE": "CI040302",
        "ADM4_FR": "BOULA-DIOMAN",
        "ADM4_PCODE": "CIV1590",
        "centerLat": 8.133469947,
        "centerLng": -7.47878649,
        "pop": 184,
        "score": 184,
        "whiteLoc": 1
      },
      "id": 127
    },
    {
      "type": "Feature",
      "geometry": {
        "coordinates": [
          -7.257907949,
          7.131197332
        ],
        "type": "Point"
      },
      "properties": {
        "ADM0_FR": "MONTAGNES",
        "ADM0_PCODE": "CI09",
        "ADM1_FR": "GUEMON",
        "ADM1_PCODE": "CI116",
        "ADM2_FR": "BANGOLO",
        "ADM2_PCODE": "CI1601",
        "ADM3_FR": "DIEOUZON",
        "ADM3_PCODE": "CI160104",
        "ADM4_FR": "BOUOBLY",
        "ADM4_PCODE": "CIV1605",
        "centerLat": 7.131197332,
        "centerLng": -7.257907949,
        "pop": 1081,
        "score": 1081,
        "whiteLoc": 1
      },
      "id": 128
    },
    {
      "type": "Feature",
      "geometry": {
        "coordinates": [
          -5.294647176,
          7.501536079
        ],
        "type": "Point"
      },
      "properties": {
        "ADM0_FR": "VALLEE DU BANDAMA",
        "ADM0_PCODE": "CI12",
        "ADM1_FR": "GBEKE",
        "ADM1_PCODE": "CI111",
        "ADM2_FR": "SAKASSOU",
        "ADM2_PCODE": "CI1104",
        "ADM3_FR": "SAKASSOU",
        "ADM3_PCODE": "CI110401",
        "ADM4_FR": "BOWALI",
        "ADM4_PCODE": "CIV1619",
        "centerLat": 7.501536079,
        "centerLng": -5.294647176,
        "pop": 147,
        "score": 147,
        "whiteLoc": 1
      },
      "id": 129
    },
    {
      "type": "Feature",
      "geometry": {
        "coordinates": [
          -3.217214843,
          8.45859667
        ],
        "type": "Point"
      },
      "properties": {
        "ADM0_FR": "ZANZAN",
        "ADM0_PCODE": "CI14",
        "ADM1_FR": "GONTOUGO",
        "ADM1_PCODE": "CI114",
        "ADM2_FR": "BONDOUKOU",
        "ADM2_PCODE": "CI1401",
        "ADM3_FR": "LAOUDI-BA",
        "ADM3_PCODE": "CI140105",
        "ADM4_FR": "BRACODI",
        "ADM4_PCODE": "CIV1631",
        "centerLat": 8.45859667,
        "centerLng": -3.217214843,
        "pop": 1282,
        "score": 1282,
        "whiteLoc": 1
      },
      "id": 130
    },
    {
      "type": "Feature",
      "geometry": {
        "coordinates": [
          -6.119201002,
          8.247256613
        ],
        "type": "Point"
      },
      "properties": {
        "ADM0_FR": "WOROBA",
        "ADM0_PCODE": "CI13",
        "ADM1_FR": "BERE",
        "ADM1_PCODE": "CI107",
        "ADM2_FR": "MANKONO",
        "ADM2_PCODE": "CI0703",
        "ADM3_FR": "MANKONO",
        "ADM3_PCODE": "CI070301",
        "ADM4_FR": "BRAHIMA",
        "ADM4_PCODE": "CIV1636",
        "centerLat": 8.247256613,
        "centerLng": -6.119201002,
        "pop": 3578,
        "score": 3578,
        "whiteLoc": 1
      },
      "id": 131
    },
    {
      "type": "Feature",
      "geometry": {
        "coordinates": [
          -3.225989384,
          7.617224428
        ],
        "type": "Point"
      },
      "properties": {
        "ADM0_FR": "ZANZAN",
        "ADM0_PCODE": "CI14",
        "ADM1_FR": "GONTOUGO",
        "ADM1_PCODE": "CI114",
        "ADM2_FR": "KOUN-FAO",
        "ADM2_PCODE": "CI1402",
        "ADM3_FR": "KOUN-FAO",
        "ADM3_PCODE": "CI140201",
        "ADM4_FR": "BRINDOUKRO",
        "ADM4_PCODE": "CIV1656",
        "centerLat": 7.617224428,
        "centerLng": -3.225989384,
        "pop": 149,
        "score": 149,
        "whiteLoc": 1
      },
      "id": 132
    },
    {
      "type": "Feature",
      "geometry": {
        "coordinates": [
          -3.032455435,
          9.323437264
        ],
        "type": "Point"
      },
      "properties": {
        "ADM0_FR": "ZANZAN",
        "ADM0_PCODE": "CI14",
        "ADM1_FR": "BOUNKANI",
        "ADM1_PCODE": "CI108",
        "ADM2_FR": "BOUNA",
        "ADM2_PCODE": "CI0801",
        "ADM3_FR": "BOUNA",
        "ADM3_PCODE": "CI080102",
        "ADM4_FR": "BROMAKOTE",
        "ADM4_PCODE": "CIV1672",
        "centerLat": 9.323437264,
        "centerLng": -3.032455435,
        "pop": 1143,
        "score": 1143,
        "whiteLoc": 1
      },
      "id": 133
    },
    {
      "type": "Feature",
      "geometry": {
        "coordinates": [
          -3.371572835,
          9.683992011
        ],
        "type": "Point"
      },
      "properties": {
        "ADM0_FR": "ZANZAN",
        "ADM0_PCODE": "CI14",
        "ADM1_FR": "BOUNKANI",
        "ADM1_PCODE": "CI108",
        "ADM2_FR": "DOROPO",
        "ADM2_PCODE": "CI0802",
        "ADM3_FR": "DOROPO",
        "ADM3_PCODE": "CI080202",
        "ADM4_FR": "BROTTO",
        "ADM4_PCODE": "CIV1674",
        "centerLat": 9.683992011,
        "centerLng": -3.371572835,
        "pop": 238,
        "score": 238,
        "whiteLoc": 1
      },
      "id": 134
    },
    {
      "type": "Feature",
      "geometry": {
        "coordinates": [
          -6.679436669,
          7.245016083
        ],
        "type": "Point"
      },
      "properties": {
        "ADM0_FR": "SASSANDRA-MARAHOUE",
        "ADM0_PCODE": "CI10",
        "ADM1_FR": "HAUT-SASSANDRA",
        "ADM1_PCODE": "CI118",
        "ADM2_FR": "VAVOUA",
        "ADM2_PCODE": "CI1803",
        "ADM3_FR": "KETRO BASSAM",
        "ADM3_PCODE": "CI180305",
        "ADM4_FR": "BROUAFLA-KOUYA",
        "ADM4_PCODE": "CIV1675",
        "centerLat": 7.245016083,
        "centerLng": -6.679436669,
        "pop": 2916,
        "score": 2916,
        "whiteLoc": 1
      },
      "id": 135
    },
    {
      "type": "Feature",
      "geometry": {
        "coordinates": [
          -4.1667908,
          7.19775215
        ],
        "type": "Point"
      },
      "properties": {
        "ADM0_FR": "LACS",
        "ADM0_PCODE": "CI07",
        "ADM1_FR": "IFFOU",
        "ADM1_PCODE": "CI119",
        "ADM2_FR": "DAOUKRO",
        "ADM2_PCODE": "CI1901",
        "ADM3_FR": "DAOUKRO",
        "ADM3_PCODE": "CI190103",
        "ADM4_FR": "BROU-KOFFIKRO",
        "ADM4_PCODE": "CIV1687",
        "centerLat": 7.19775215,
        "centerLng": -4.1667908,
        "pop": 2091,
        "score": 2091,
        "whiteLoc": 1
      },
      "id": 136
    },
    {
      "type": "Feature",
      "geometry": {
        "coordinates": [
          -6.155620311,
          8.903088505
        ],
        "type": "Point"
      },
      "properties": {
        "ADM0_FR": "WOROBA",
        "ADM0_PCODE": "CI13",
        "ADM1_FR": "BERE",
        "ADM1_PCODE": "CI107",
        "ADM2_FR": "DIANRA",
        "ADM2_PCODE": "CI0701",
        "ADM3_FR": "DIANRA",
        "ADM3_PCODE": "CI070101",
        "ADM4_FR": "CISSEDOUGOU",
        "ADM4_PCODE": "CIV1713",
        "centerLat": 8.903088505,
        "centerLng": -6.155620311,
        "pop": 1150,
        "score": 1150,
        "whiteLoc": 1
      },
      "id": 137
    },
    {
      "type": "Feature",
      "geometry": {
        "coordinates": [
          -2.92497149,
          8.660049849
        ],
        "type": "Point"
      },
      "properties": {
        "ADM0_FR": "ZANZAN",
        "ADM0_PCODE": "CI14",
        "ADM1_FR": "BOUNKANI",
        "ADM1_PCODE": "CI108",
        "ADM2_FR": "BOUNA",
        "ADM2_PCODE": "CI0801",
        "ADM3_FR": "YOUNDOUO",
        "ADM3_PCODE": "CI080105",
        "ADM4_FR": "DABIELDOUO",
        "ADM4_PCODE": "CIV1742",
        "centerLat": 8.660049849,
        "centerLng": -2.92497149,
        "pop": 908,
        "score": 908,
        "whiteLoc": 1
      },
      "id": 138
    },
    {
      "type": "Feature",
      "geometry": {
        "coordinates": [
          -3.712365276,
          9.698547631
        ],
        "type": "Point"
      },
      "properties": {
        "ADM0_FR": "ZANZAN",
        "ADM0_PCODE": "CI14",
        "ADM1_FR": "BOUNKANI",
        "ADM1_PCODE": "CI108",
        "ADM2_FR": "TEHINI",
        "ADM2_PCODE": "CI0804",
        "ADM3_FR": "TEHINI",
        "ADM3_PCODE": "CI080401",
        "ADM4_FR": "DABILA-SEDAN",
        "ADM4_PCODE": "CIV1743",
        "centerLat": 9.698547631,
        "centerLng": -3.712365276,
        "pop": 389,
        "score": 389,
        "whiteLoc": 1
      },
      "id": 139
    },
    {
      "type": "Feature",
      "geometry": {
        "coordinates": [
          -3.081966354,
          9.489277642
        ],
        "type": "Point"
      },
      "properties": {
        "ADM0_FR": "ZANZAN",
        "ADM0_PCODE": "CI14",
        "ADM1_FR": "BOUNKANI",
        "ADM1_PCODE": "CI108",
        "ADM2_FR": "BOUNA",
        "ADM2_PCODE": "CI0801",
        "ADM3_FR": "BOUKO",
        "ADM3_PCODE": "CI080101",
        "ADM4_FR": "DABIRA",
        "ADM4_PCODE": "CIV1745",
        "centerLat": 9.489277642,
        "centerLng": -3.081966354,
        "pop": 201,
        "score": 201,
        "whiteLoc": 1
      },
      "id": 140
    },
    {
      "type": "Feature",
      "geometry": {
        "coordinates": [
          -3.297238769,
          9.740494226
        ],
        "type": "Point"
      },
      "properties": {
        "ADM0_FR": "ZANZAN",
        "ADM0_PCODE": "CI14",
        "ADM1_FR": "BOUNKANI",
        "ADM1_PCODE": "CI108",
        "ADM2_FR": "DOROPO",
        "ADM2_PCODE": "CI0802",
        "ADM3_FR": "DOROPO",
        "ADM3_PCODE": "CI080202",
        "ADM4_FR": "DABONKIRO 1",
        "ADM4_PCODE": "CIV1750",
        "centerLat": 9.740494226,
        "centerLng": -3.297238769,
        "pop": 408,
        "score": 408,
        "whiteLoc": 1
      },
      "id": 141
    },
    {
      "type": "Feature",
      "geometry": {
        "coordinates": [
          -3.270281114,
          9.753278818
        ],
        "type": "Point"
      },
      "properties": {
        "ADM0_FR": "ZANZAN",
        "ADM0_PCODE": "CI14",
        "ADM1_FR": "BOUNKANI",
        "ADM1_PCODE": "CI108",
        "ADM2_FR": "DOROPO",
        "ADM2_PCODE": "CI0802",
        "ADM3_FR": "DOROPO",
        "ADM3_PCODE": "CI080202",
        "ADM4_FR": "DABONKIRO 2",
        "ADM4_PCODE": "CIV1751",
        "centerLat": 9.753278818,
        "centerLng": -3.270281114,
        "pop": 227,
        "score": 227,
        "whiteLoc": 1
      },
      "id": 142
    },
    {
      "type": "Feature",
      "geometry": {
        "coordinates": [
          -3.289728842,
          9.752164435
        ],
        "type": "Point"
      },
      "properties": {
        "ADM0_FR": "ZANZAN",
        "ADM0_PCODE": "CI14",
        "ADM1_FR": "BOUNKANI",
        "ADM1_PCODE": "CI108",
        "ADM2_FR": "DOROPO",
        "ADM2_PCODE": "CI0802",
        "ADM3_FR": "DOROPO",
        "ADM3_PCODE": "CI080202",
        "ADM4_FR": "DABONKIRO 3",
        "ADM4_PCODE": "CIV1752",
        "centerLat": 9.752164435,
        "centerLng": -3.289728842,
        "pop": 200,
        "score": 200,
        "whiteLoc": 1
      },
      "id": 143
    },
    {
      "type": "Feature",
      "geometry": {
        "coordinates": [
          -3.25921295,
          9.759210236
        ],
        "type": "Point"
      },
      "properties": {
        "ADM0_FR": "ZANZAN",
        "ADM0_PCODE": "CI14",
        "ADM1_FR": "BOUNKANI",
        "ADM1_PCODE": "CI108",
        "ADM2_FR": "DOROPO",
        "ADM2_PCODE": "CI0802",
        "ADM3_FR": "DOROPO",
        "ADM3_PCODE": "CI080202",
        "ADM4_FR": "DABONKIRO 4",
        "ADM4_PCODE": "CIV1753",
        "centerLat": 9.759210236,
        "centerLng": -3.25921295,
        "pop": 102,
        "score": 102,
        "whiteLoc": 1
      },
      "id": 144
    },
    {
      "type": "Feature",
      "geometry": {
        "coordinates": [
          -3.10970929,
          9.534231062
        ],
        "type": "Point"
      },
      "properties": {
        "ADM0_FR": "ZANZAN",
        "ADM0_PCODE": "CI14",
        "ADM1_FR": "BOUNKANI",
        "ADM1_PCODE": "CI108",
        "ADM2_FR": "BOUNA",
        "ADM2_PCODE": "CI0801",
        "ADM3_FR": "BOUKO",
        "ADM3_PCODE": "CI080101",
        "ADM4_FR": "DABOUDOUO",
        "ADM4_PCODE": "CIV1756",
        "centerLat": 9.534231062,
        "centerLng": -3.10970929,
        "pop": 87,
        "score": 87,
        "whiteLoc": 1
      },
      "id": 145
    },
    {
      "type": "Feature",
      "geometry": {
        "coordinates": [
          -4.345751195,
          7.680391034
        ],
        "type": "Point"
      },
      "properties": {
        "ADM0_FR": "LACS",
        "ADM0_PCODE": "CI07",
        "ADM1_FR": "IFFOU",
        "ADM1_PCODE": "CI119",
        "ADM2_FR": "M'BAHIAKRO",
        "ADM2_PCODE": "CI1902",
        "ADM3_FR": "KONDOSSOU",
        "ADM3_PCODE": "CI190203",
        "ADM4_FR": "DADIEKRO",
        "ADM4_PCODE": "CIV1769",
        "centerLat": 7.680391034,
        "centerLng": -4.345751195,
        "pop": 588,
        "score": 588,
        "whiteLoc": 1
      },
      "id": 146
    },
    {
      "type": "Feature",
      "geometry": {
        "coordinates": [
          -3.13970234,
          9.268420571
        ],
        "type": "Point"
      },
      "properties": {
        "ADM0_FR": "ZANZAN",
        "ADM0_PCODE": "CI14",
        "ADM1_FR": "BOUNKANI",
        "ADM1_PCODE": "CI108",
        "ADM2_FR": "BOUNA",
        "ADM2_PCODE": "CI0801",
        "ADM3_FR": "BOUNA",
        "ADM3_PCODE": "CI080102",
        "ADM4_FR": "DADJODOUO",
        "ADM4_PCODE": "CIV1771",
        "centerLat": 9.268420571,
        "centerLng": -3.13970234,
        "pop": 502,
        "score": 502,
        "whiteLoc": 1
      },
      "id": 147
    },
    {
      "type": "Feature",
      "geometry": {
        "coordinates": [
          -5.803457439,
          9.620787836
        ],
        "type": "Point"
      },
      "properties": {
        "ADM0_FR": "SAVANES",
        "ADM0_PCODE": "CI11",
        "ADM1_FR": "PORO",
        "ADM1_PCODE": "CI128",
        "ADM2_FR": "KORHOGO",
        "ADM2_PCODE": "CI2802",
        "ADM3_FR": "SOHOUO",
        "ADM3_PCODE": "CI280215",
        "ADM4_FR": "DAGBAPLE",
        "ADM4_PCODE": "CIV1778",
        "centerLat": 9.620787836,
        "centerLng": -5.803457439,
        "pop": 870,
        "score": 870,
        "whiteLoc": 1
      },
      "id": 148
    },
    {
      "type": "Feature",
      "geometry": {
        "coordinates": [
          -3.104795686,
          8.182145822
        ],
        "type": "Point"
      },
      "properties": {
        "ADM0_FR": "ZANZAN",
        "ADM0_PCODE": "CI14",
        "ADM1_FR": "GONTOUGO",
        "ADM1_PCODE": "CI114",
        "ADM2_FR": "BONDOUKOU",
        "ADM2_PCODE": "CI1401",
        "ADM3_FR": "SAPLI-SEPLINGO",
        "ADM3_PCODE": "CI140107",
        "ADM4_FR": "DAGBOLOYO",
        "ADM4_PCODE": "CIV1784",
        "centerLat": 8.182145822,
        "centerLng": -3.104795686,
        "pop": 425,
        "score": 425,
        "whiteLoc": 1
      },
      "id": 149
    },
    {
      "type": "Feature",
      "geometry": {
        "coordinates": [
          -3.850399689,
          5.519790442
        ],
        "type": "Point"
      },
      "properties": {
        "ADM0_FR": "LAGUNES",
        "ADM0_PCODE": "CI08",
        "ADM1_FR": "LA ME",
        "ADM1_PCODE": "CI124",
        "ADM2_FR": "ALEPE",
        "ADM2_PCODE": "CI2403",
        "ADM3_FR": "DANGUIRA",
        "ADM3_PCODE": "CI240304",
        "ADM4_FR": "DAGUIKOI",
        "ADM4_PCODE": "CIV1795",
        "centerLat": 5.519790442,
        "centerLng": -3.850399689,
        "pop": 512,
        "score": 512,
        "whiteLoc": 1
      },
      "id": 150
    },
    {
      "type": "Feature",
      "geometry": {
        "coordinates": [
          -3.011275315,
          9.559885058
        ],
        "type": "Point"
      },
      "properties": {
        "ADM0_FR": "ZANZAN",
        "ADM0_PCODE": "CI14",
        "ADM1_FR": "BOUNKANI",
        "ADM1_PCODE": "CI108",
        "ADM2_FR": "BOUNA",
        "ADM2_PCODE": "CI0801",
        "ADM3_FR": "BOUKO",
        "ADM3_PCODE": "CI080101",
        "ADM4_FR": "DAHOUDOUO",
        "ADM4_PCODE": "CIV1809",
        "centerLat": 9.559885058,
        "centerLng": -3.011275315,
        "pop": 90,
        "score": 90,
        "whiteLoc": 1
      },
      "id": 151
    },
    {
      "type": "Feature",
      "geometry": {
        "coordinates": [
          -2.950899802,
          9.37559814
        ],
        "type": "Point"
      },
      "properties": {
        "ADM0_FR": "ZANZAN",
        "ADM0_PCODE": "CI14",
        "ADM1_FR": "BOUNKANI",
        "ADM1_PCODE": "CI108",
        "ADM2_FR": "BOUNA",
        "ADM2_PCODE": "CI0801",
        "ADM3_FR": "BOUNA",
        "ADM3_PCODE": "CI080102",
        "ADM4_FR": "DAKOUNDOUO",
        "ADM4_PCODE": "CIV1817",
        "centerLat": 9.37559814,
        "centerLng": -2.950899802,
        "pop": 918,
        "score": 918,
        "whiteLoc": 1
      },
      "id": 152
    },
    {
      "type": "Feature",
      "geometry": {
        "coordinates": [
          -3.011464797,
          9.746717169
        ],
        "type": "Point"
      },
      "properties": {
        "ADM0_FR": "ZANZAN",
        "ADM0_PCODE": "CI14",
        "ADM1_FR": "BOUNKANI",
        "ADM1_PCODE": "CI108",
        "ADM2_FR": "DOROPO",
        "ADM2_PCODE": "CI0802",
        "ADM3_FR": "DANOA",
        "ADM3_PCODE": "CI080201",
        "ADM4_FR": "DAKPOLOGUIDOUO",
        "ADM4_PCODE": "CIV1821",
        "centerLat": 9.746717169,
        "centerLng": -3.011464797,
        "pop": 152,
        "score": 152,
        "whiteLoc": 1
      },
      "id": 153
    },
    {
      "type": "Feature",
      "geometry": {
        "coordinates": [
          -3.336715016,
          9.599037898
        ],
        "type": "Point"
      },
      "properties": {
        "ADM0_FR": "ZANZAN",
        "ADM0_PCODE": "CI14",
        "ADM1_FR": "BOUNKANI",
        "ADM1_PCODE": "CI108",
        "ADM2_FR": "DOROPO",
        "ADM2_PCODE": "CI0802",
        "ADM3_FR": "DOROPO",
        "ADM3_PCODE": "CI080202",
        "ADM4_FR": "DAKPOLONGUI 1",
        "ADM4_PCODE": "CIV1822",
        "centerLat": 9.599037898,
        "centerLng": -3.336715016,
        "pop": 279,
        "score": 279,
        "whiteLoc": 1
      },
      "id": 154
    },
    {
      "type": "Feature",
      "geometry": {
        "coordinates": [
          -3.832653751,
          8.166100828
        ],
        "type": "Point"
      },
      "properties": {
        "ADM0_FR": "ZANZAN",
        "ADM0_PCODE": "CI14",
        "ADM1_FR": "GONTOUGO",
        "ADM1_PCODE": "CI114",
        "ADM2_FR": "SANDEGUE",
        "ADM2_PCODE": "CI1403",
        "ADM3_FR": "YOROBODI",
        "ADM3_PCODE": "CI140304",
        "ADM4_FR": "DALEWARE",
        "ADM4_PCODE": "CIV1827",
        "centerLat": 8.166100828,
        "centerLng": -3.832653751,
        "pop": 1614,
        "score": 1614,
        "whiteLoc": 1
      },
      "id": 155
    },
    {
      "type": "Feature",
      "geometry": {
        "coordinates": [
          -3.936702461,
          6.82194284
        ],
        "type": "Point"
      },
      "properties": {
        "ADM0_FR": "LACS",
        "ADM0_PCODE": "CI07",
        "ADM1_FR": "MORONOU",
        "ADM1_PCODE": "CI125",
        "ADM2_FR": "ARRAH",
        "ADM2_PCODE": "CI2501",
        "ADM3_FR": "ARRAH",
        "ADM3_PCODE": "CI250101",
        "ADM4_FR": "DALOSSO",
        "ADM4_PCODE": "CIV1836",
        "centerLat": 6.82194284,
        "centerLng": -3.936702461,
        "pop": 1637,
        "score": 1637,
        "whiteLoc": 1
      },
      "id": 156
    },
    {
      "type": "Feature",
      "geometry": {
        "coordinates": [
          -3.269086112,
          9.518934195
        ],
        "type": "Point"
      },
      "properties": {
        "ADM0_FR": "ZANZAN",
        "ADM0_PCODE": "CI14",
        "ADM1_FR": "BOUNKANI",
        "ADM1_PCODE": "CI108",
        "ADM2_FR": "DOROPO",
        "ADM2_PCODE": "CI0802",
        "ADM3_FR": "DOROPO",
        "ADM3_PCODE": "CI080202",
        "ADM4_FR": "DAMBELESSI",
        "ADM4_PCODE": "CIV1840",
        "centerLat": 9.518934195,
        "centerLng": -3.269086112,
        "pop": 209,
        "score": 209,
        "whiteLoc": 1
      },
      "id": 157
    },
    {
      "type": "Feature",
      "geometry": {
        "coordinates": [
          -3.112237769,
          9.602213445
        ],
        "type": "Point"
      },
      "properties": {
        "ADM0_FR": "ZANZAN",
        "ADM0_PCODE": "CI14",
        "ADM1_FR": "BOUNKANI",
        "ADM1_PCODE": "CI108",
        "ADM2_FR": "DOROPO",
        "ADM2_PCODE": "CI0802",
        "ADM3_FR": "DANOA",
        "ADM3_PCODE": "CI080201",
        "ADM4_FR": "DANDEDOUO",
        "ADM4_PCODE": "CIV1851",
        "centerLat": 9.602213445,
        "centerLng": -3.112237769,
        "pop": 518,
        "score": 518,
        "whiteLoc": 1
      },
      "id": 158
    },
    {
      "type": "Feature",
      "geometry": {
        "coordinates": [
          -7.537045427,
          8.032881637
        ],
        "type": "Point"
      },
      "properties": {
        "ADM0_FR": "WOROBA",
        "ADM0_PCODE": "CI13",
        "ADM1_FR": "BAFING",
        "ADM1_PCODE": "CI104",
        "ADM2_FR": "TOUBA",
        "ADM2_PCODE": "CI0403",
        "ADM3_FR": "FOUNGBESSO",
        "ADM3_PCODE": "CI040303",
        "ADM4_FR": "DANDUY",
        "ADM4_PCODE": "CIV1854",
        "centerLat": 8.032881637,
        "centerLng": -7.537045427,
        "pop": 454,
        "score": 454,
        "whiteLoc": 1
      },
      "id": 159
    },
    {
      "type": "Feature",
      "geometry": {
        "coordinates": [
          -7.075605788,
          8.039748021
        ],
        "type": "Point"
      },
      "properties": {
        "ADM0_FR": "WOROBA",
        "ADM0_PCODE": "CI13",
        "ADM1_FR": "WORODOUGOU",
        "ADM1_PCODE": "CI133",
        "ADM2_FR": "SEGUELA",
        "ADM2_PCODE": "CI3302",
        "ADM3_FR": "SIFIE",
        "ADM3_PCODE": "CI330206",
        "ADM4_FR": "DANGREZO",
        "ADM4_PCODE": "CIV1860",
        "centerLat": 8.039748021,
        "centerLng": -7.075605788,
        "pop": 785,
        "score": 785,
        "whiteLoc": 1
      },
      "id": 160
    },
    {
      "type": "Feature",
      "geometry": {
        "coordinates": [
          -3.008106305,
          9.363989246
        ],
        "type": "Point"
      },
      "properties": {
        "ADM0_FR": "ZANZAN",
        "ADM0_PCODE": "CI14",
        "ADM1_FR": "BOUNKANI",
        "ADM1_PCODE": "CI108",
        "ADM2_FR": "BOUNA",
        "ADM2_PCODE": "CI0801",
        "ADM3_FR": "BOUNA",
        "ADM3_PCODE": "CI080102",
        "ADM4_FR": "DAPIDOUO",
        "ADM4_PCODE": "CIV1880",
        "centerLat": 9.363989246,
        "centerLng": -3.008106305,
        "pop": 387,
        "score": 387,
        "whiteLoc": 1
      },
      "id": 161
    },
    {
      "type": "Feature",
      "geometry": {
        "coordinates": [
          -2.98703343,
          9.557069356
        ],
        "type": "Point"
      },
      "properties": {
        "ADM0_FR": "ZANZAN",
        "ADM0_PCODE": "CI14",
        "ADM1_FR": "BOUNKANI",
        "ADM1_PCODE": "CI108",
        "ADM2_FR": "BOUNA",
        "ADM2_PCODE": "CI0801",
        "ADM3_FR": "BOUKO",
        "ADM3_PCODE": "CI080101",
        "ADM4_FR": "DARIDOUO(DARIDION)",
        "ADM4_PCODE": "CIV1887",
        "centerLat": 9.557069356,
        "centerLng": -2.98703343,
        "pop": 176,
        "score": 176,
        "whiteLoc": 1
      },
      "id": 162
    },
    {
      "type": "Feature",
      "geometry": {
        "coordinates": [
          -6.985668447,
          4.595732429
        ],
        "type": "Point"
      },
      "properties": {
        "ADM0_FR": "BAS-SASSANDRA",
        "ADM0_PCODE": "CI01",
        "ADM1_FR": "SAN-PEDRO",
        "ADM1_PCODE": "CI129",
        "ADM2_FR": "SAN-PEDRO",
        "ADM2_PCODE": "CI2901",
        "ADM3_FR": "GRAND-BEREBY",
        "ADM3_PCODE": "CI290105",
        "ADM4_FR": "DAWA",
        "ADM4_PCODE": "CIV1901",
        "centerLat": 4.595732429,
        "centerLng": -6.985668447,
        "pop": 225,
        "score": 225,
        "whiteLoc": 1
      },
      "id": 163
    },
    {
      "type": "Feature",
      "geometry": {
        "coordinates": [
          -7.346228023,
          4.639451253
        ],
        "type": "Point"
      },
      "properties": {
        "ADM0_FR": "BAS-SASSANDRA",
        "ADM0_PCODE": "CI01",
        "ADM1_FR": "SAN-PEDRO",
        "ADM1_PCODE": "CI129",
        "ADM2_FR": "TABOU",
        "ADM2_PCODE": "CI2902",
        "ADM3_FR": "TABOU",
        "ADM3_PCODE": "CI290201",
        "ADM4_FR": "DEHIE",
        "ADM4_PCODE": "CIV1926",
        "centerLat": 4.639451253,
        "centerLng": -7.346228023,
        "pop": 4631,
        "score": 4631,
        "whiteLoc": 1
      },
      "id": 164
    },
    {
      "type": "Feature",
      "geometry": {
        "coordinates": [
          -3.248665214,
          9.794619631
        ],
        "type": "Point"
      },
      "properties": {
        "ADM0_FR": "ZANZAN",
        "ADM0_PCODE": "CI14",
        "ADM1_FR": "BOUNKANI",
        "ADM1_PCODE": "CI108",
        "ADM2_FR": "DOROPO",
        "ADM2_PCODE": "CI0802",
        "ADM3_FR": "KALAMON",
        "ADM3_PCODE": "CI080203",
        "ADM4_FR": "DEKODOUO",
        "ADM4_PCODE": "CIV1932",
        "centerLat": 9.794619631,
        "centerLng": -3.248665214,
        "pop": 1,
        "score": 1,
        "whiteLoc": 1
      },
      "id": 165
    },
    {
      "type": "Feature",
      "geometry": {
        "coordinates": [
          -3.126067327,
          9.227053296
        ],
        "type": "Point"
      },
      "properties": {
        "ADM0_FR": "ZANZAN",
        "ADM0_PCODE": "CI14",
        "ADM1_FR": "BOUNKANI",
        "ADM1_PCODE": "CI108",
        "ADM2_FR": "BOUNA",
        "ADM2_PCODE": "CI0801",
        "ADM3_FR": "BOUNA",
        "ADM3_PCODE": "CI080102",
        "ADM4_FR": "DELEDOUO",
        "ADM4_PCODE": "CIV1936",
        "centerLat": 9.227053296,
        "centerLng": -3.126067327,
        "pop": 614,
        "score": 614,
        "whiteLoc": 1
      },
      "id": 166
    },
    {
      "type": "Feature",
      "geometry": {
        "coordinates": [
          -5.383101463,
          7.677030477
        ],
        "type": "Point"
      },
      "properties": {
        "ADM0_FR": "VALLEE DU BANDAMA",
        "ADM0_PCODE": "CI12",
        "ADM1_FR": "GBEKE",
        "ADM1_PCODE": "CI111",
        "ADM2_FR": "BEOUMI",
        "ADM2_PCODE": "CI1101",
        "ADM3_FR": "LOLOBO",
        "ADM3_PCODE": "CI110105",
        "ADM4_FR": "DEMAKRO",
        "ADM4_PCODE": "CIV1939",
        "centerLat": 7.677030477,
        "centerLng": -5.383101463,
        "pop": 545,
        "score": 545,
        "whiteLoc": 1
      },
      "id": 167
    },
    {
      "type": "Feature",
      "geometry": {
        "coordinates": [
          -3.419275583,
          9.520577094
        ],
        "type": "Point"
      },
      "properties": {
        "ADM0_FR": "ZANZAN",
        "ADM0_PCODE": "CI14",
        "ADM1_FR": "BOUNKANI",
        "ADM1_PCODE": "CI108",
        "ADM2_FR": "DOROPO",
        "ADM2_PCODE": "CI0802",
        "ADM3_FR": "NIAMOUE",
        "ADM3_PCODE": "CI080204",
        "ADM4_FR": "DERIDOUO",
        "ADM4_PCODE": "CIV1953",
        "centerLat": 9.520577094,
        "centerLng": -3.419275583,
        "pop": 36,
        "score": 36,
        "whiteLoc": 1
      },
      "id": 168
    },
    {
      "type": "Feature",
      "geometry": {
        "coordinates": [
          -4.265951724,
          7.732237202
        ],
        "type": "Point"
      },
      "properties": {
        "ADM0_FR": "LACS",
        "ADM0_PCODE": "CI07",
        "ADM1_FR": "IFFOU",
        "ADM1_PCODE": "CI119",
        "ADM2_FR": "M'BAHIAKRO",
        "ADM2_PCODE": "CI1902",
        "ADM3_FR": "BONGUERA",
        "ADM3_PCODE": "CI190202",
        "ADM4_FR": "DESIDOUGOU",
        "ADM4_PCODE": "CIV1954",
        "centerLat": 7.732237202,
        "centerLng": -4.265951724,
        "pop": 1016,
        "score": 1016,
        "whiteLoc": 1
      },
      "id": 169
    },
    {
      "type": "Feature",
      "geometry": {
        "coordinates": [
          -7.863905891,
          8.889748306
        ],
        "type": "Point"
      },
      "properties": {
        "ADM0_FR": "WOROBA",
        "ADM0_PCODE": "CI13",
        "ADM1_FR": "BAFING",
        "ADM1_PCODE": "CI104",
        "ADM2_FR": "KORO",
        "ADM2_PCODE": "CI0401",
        "ADM3_FR": "BOOKO",
        "ADM3_PCODE": "CI040102",
        "ADM4_FR": "DIALA",
        "ADM4_PCODE": "CIV1983",
        "centerLat": 8.889748306,
        "centerLng": -7.863905891,
        "pop": 267,
        "score": 267,
        "whiteLoc": 1
      },
      "id": 170
    },
    {
      "type": "Feature",
      "geometry": {
        "coordinates": [
          -4.649883041,
          6.000077046
        ],
        "type": "Point"
      },
      "properties": {
        "ADM0_FR": "LAGUNES",
        "ADM0_PCODE": "CI08",
        "ADM1_FR": "AGNEBY-TIASSA",
        "ADM1_PCODE": "CI103",
        "ADM2_FR": "TIASSALE",
        "ADM2_PCODE": "CI0304",
        "ADM3_FR": "MOROKRO",
        "ADM3_PCODE": "CI030403",
        "ADM4_FR": "DIALLOKRO",
        "ADM4_PCODE": "CIV1986",
        "centerLat": 6.000077046,
        "centerLng": -4.649883041,
        "pop": 2660,
        "score": 2660,
        "whiteLoc": 1
      },
      "id": 171
    },
    {
      "type": "Feature",
      "geometry": {
        "coordinates": [
          -7.8168196,
          9.9274167
        ],
        "type": "Point"
      },
      "properties": {
        "ADM0_FR": "DENGUELE",
        "ADM0_PCODE": "CI03",
        "ADM1_FR": "FOLON",
        "ADM1_PCODE": "CI110",
        "ADM2_FR": "MINIGNAN",
        "ADM2_PCODE": "CI1002",
        "ADM3_FR": "MINIGNAN",
        "ADM3_PCODE": "CI100201",
        "ADM4_FR": "DIANDEGUELA",
        "ADM4_PCODE": "CIV1995",
        "centerLat": 9.9274167,
        "centerLng": -7.8168196,
        "pop": 1317,
        "score": 1317,
        "whiteLoc": 1
      },
      "id": 172
    },
    {
      "type": "Feature",
      "geometry": {
        "coordinates": [
          -5.507402502,
          9.24829169
        ],
        "type": "Point"
      },
      "properties": {
        "ADM0_FR": "SAVANES",
        "ADM0_PCODE": "CI11",
        "ADM1_FR": "PORO",
        "ADM1_PCODE": "CI128",
        "ADM2_FR": "KORHOGO",
        "ADM2_PCODE": "CI2802",
        "ADM3_FR": "NAPIEOLEDOUGOU",
        "ADM3_PCODE": "CI280212",
        "ADM4_FR": "DIATONKAHA",
        "ADM4_PCODE": "CIV2018",
        "centerLat": 9.24829169,
        "centerLng": -5.507402502,
        "pop": 253,
        "score": 253,
        "whiteLoc": 1
      },
      "id": 173
    },
    {
      "type": "Feature",
      "geometry": {
        "coordinates": [
          -5.273684527,
          5.116357591
        ],
        "type": "Point"
      },
      "properties": {
        "ADM0_FR": "LAGUNES",
        "ADM0_PCODE": "CI08",
        "ADM1_FR": "GRANDS-PONTS",
        "ADM1_PCODE": "CI115",
        "ADM2_FR": "GRAND-LAHOU",
        "ADM2_PCODE": "CI1502",
        "ADM3_FR": "EBONOU",
        "ADM3_PCODE": "CI150203",
        "ADM4_FR": "DIBOU",
        "ADM4_PCODE": "CIV2026",
        "centerLat": 5.116357591,
        "centerLng": -5.273684527,
        "pop": 144,
        "score": 144,
        "whiteLoc": 1
      },
      "id": 174
    },
    {
      "type": "Feature",
      "geometry": {
        "coordinates": [
          -5.682278291,
          9.107420617
        ],
        "type": "Point"
      },
      "properties": {
        "ADM0_FR": "SAVANES",
        "ADM0_PCODE": "CI11",
        "ADM1_FR": "PORO",
        "ADM1_PCODE": "CI128",
        "ADM2_FR": "KORHOGO",
        "ADM2_PCODE": "CI2802",
        "ADM3_FR": "KIEMOU",
        "ADM3_PCODE": "CI280205",
        "ADM4_FR": "DIEDANA",
        "ADM4_PCODE": "CIV2047",
        "centerLat": 9.107420617,
        "centerLng": -5.682278291,
        "pop": 362,
        "score": 362,
        "whiteLoc": 1
      },
      "id": 175
    },
    {
      "type": "Feature",
      "geometry": {
        "coordinates": [
          -5.954944708,
          8.324332045
        ],
        "type": "Point"
      },
      "properties": {
        "ADM0_FR": "WOROBA",
        "ADM0_PCODE": "CI13",
        "ADM1_FR": "BERE",
        "ADM1_PCODE": "CI107",
        "ADM2_FR": "MANKONO",
        "ADM2_PCODE": "CI0703",
        "ADM3_FR": "MARANDALAH",
        "ADM3_PCODE": "CI070303",
        "ADM4_FR": "DIEDOUGOU",
        "ADM4_PCODE": "CIV2049",
        "centerLat": 8.324332045,
        "centerLng": -5.954944708,
        "pop": 677,
        "score": 677,
        "whiteLoc": 1
      },
      "id": 176
    },
    {
      "type": "Feature",
      "geometry": {
        "coordinates": [
          -4.98212747,
          9.525355548
        ],
        "type": "Point"
      },
      "properties": {
        "ADM0_FR": "SAVANES",
        "ADM0_PCODE": "CI11",
        "ADM1_FR": "TCHOLOGO",
        "ADM1_PCODE": "CI131",
        "ADM2_FR": "FERKESSEDOUGOU",
        "ADM2_PCODE": "CI3101",
        "ADM3_FR": "TOGONIERE",
        "ADM3_PCODE": "CI310103",
        "ADM4_FR": "DIEMBALA 1",
        "ADM4_PCODE": "CIV2064",
        "centerLat": 9.525355548,
        "centerLng": -4.98212747,
        "pop": 516,
        "score": 516,
        "whiteLoc": 1
      },
      "id": 177
    },
    {
      "type": "Feature",
      "geometry": {
        "coordinates": [
          -5.573876054,
          8.920839991
        ],
        "type": "Point"
      },
      "properties": {
        "ADM0_FR": "SAVANES",
        "ADM0_PCODE": "CI11",
        "ADM1_FR": "PORO",
        "ADM1_PCODE": "CI128",
        "ADM2_FR": "KORHOGO",
        "ADM2_PCODE": "CI2802",
        "ADM3_FR": "KIEMOU",
        "ADM3_PCODE": "CI280205",
        "ADM4_FR": "DIEMBEKAHA",
        "ADM4_PCODE": "CIV2067",
        "centerLat": 8.920839991,
        "centerLng": -5.573876054,
        "pop": 1237,
        "score": 1237,
        "whiteLoc": 1
      },
      "id": 178
    },
    {
      "type": "Feature",
      "geometry": {
        "coordinates": [
          -4.675930374,
          8.518301081
        ],
        "type": "Point"
      },
      "properties": {
        "ADM0_FR": "VALLEE DU BANDAMA",
        "ADM0_PCODE": "CI12",
        "ADM1_FR": "HAMBOL",
        "ADM1_PCODE": "CI117",
        "ADM2_FR": "DABAKALA",
        "ADM2_PCODE": "CI1701",
        "ADM3_FR": "NIEMENE",
        "ADM3_PCODE": "CI170105",
        "ADM4_FR": "DIENGUESSO",
        "ADM4_PCODE": "CIV2077",
        "centerLat": 8.518301081,
        "centerLng": -4.675930374,
        "pop": 815,
        "score": 815,
        "whiteLoc": 1
      },
      "id": 179
    },
    {
      "type": "Feature",
      "geometry": {
        "coordinates": [
          -4.894929648,
          6.642094392
        ],
        "type": "Point"
      },
      "properties": {
        "ADM0_FR": "LACS",
        "ADM0_PCODE": "CI07",
        "ADM1_FR": "N'ZI",
        "ADM1_PCODE": "CI127",
        "ADM2_FR": "DIMBOKRO",
        "ADM2_PCODE": "CI2702",
        "ADM3_FR": "ABIGUI",
        "ADM3_PCODE": "CI270201",
        "ADM4_FR": "DIERI-KOUASSIKRO",
        "ADM4_PCODE": "CIV2085",
        "centerLat": 6.642094392,
        "centerLng": -4.894929648,
        "pop": 213,
        "score": 213,
        "whiteLoc": 1
      },
      "id": 180
    },
    {
      "type": "Feature",
      "geometry": {
        "coordinates": [
          -3.316688288,
          8.547070034
        ],
        "type": "Point"
      },
      "properties": {
        "ADM0_FR": "ZANZAN",
        "ADM0_PCODE": "CI14",
        "ADM1_FR": "BOUNKANI",
        "ADM1_PCODE": "CI108",
        "ADM2_FR": "NASSIAN",
        "ADM2_PCODE": "CI0803",
        "ADM3_FR": "KOTOUBA",
        "ADM3_PCODE": "CI080304",
        "ADM4_FR": "DIGBA",
        "ADM4_PCODE": "CIV2099",
        "centerLat": 8.547070034,
        "centerLng": -3.316688288,
        "pop": 554,
        "score": 554,
        "whiteLoc": 1
      },
      "id": 181
    },
    {
      "type": "Feature",
      "geometry": {
        "coordinates": [
          -3.54057354,
          9.638877554
        ],
        "type": "Point"
      },
      "properties": {
        "ADM0_FR": "ZANZAN",
        "ADM0_PCODE": "CI14",
        "ADM1_FR": "BOUNKANI",
        "ADM1_PCODE": "CI108",
        "ADM2_FR": "TEHINI",
        "ADM2_PCODE": "CI0804",
        "ADM3_FR": "TEHINI",
        "ADM3_PCODE": "CI080401",
        "ADM4_FR": "DIKOYE-SETROU",
        "ADM4_PCODE": "CIV2120",
        "centerLat": 9.638877554,
        "centerLng": -3.54057354,
        "pop": 74,
        "score": 74,
        "whiteLoc": 1
      },
      "id": 182
    },
    {
      "type": "Feature",
      "geometry": {
        "coordinates": [
          -2.974615864,
          9.519776922
        ],
        "type": "Point"
      },
      "properties": {
        "ADM0_FR": "ZANZAN",
        "ADM0_PCODE": "CI14",
        "ADM1_FR": "BOUNKANI",
        "ADM1_PCODE": "CI108",
        "ADM2_FR": "BOUNA",
        "ADM2_PCODE": "CI0801",
        "ADM3_FR": "BOUKO",
        "ADM3_PCODE": "CI080101",
        "ADM4_FR": "DINABADOUO(DJIMBADOUO)",
        "ADM4_PCODE": "CIV2130",
        "centerLat": 9.519776922,
        "centerLng": -2.974615864,
        "pop": 417,
        "score": 417,
        "whiteLoc": 1
      },
      "id": 183
    },
    {
      "type": "Feature",
      "geometry": {
        "coordinates": [
          -4.306746681,
          8.260486736
        ],
        "type": "Point"
      },
      "properties": {
        "ADM0_FR": "VALLEE DU BANDAMA",
        "ADM0_PCODE": "CI12",
        "ADM1_FR": "HAMBOL",
        "ADM1_PCODE": "CI117",
        "ADM2_FR": "DABAKALA",
        "ADM2_PCODE": "CI1701",
        "ADM3_FR": "YAOSSEDOUGOU",
        "ADM3_PCODE": "CI170110",
        "ADM4_FR": "DINGASSO",
        "ADM4_PCODE": "CIV2133",
        "centerLat": 8.260486736,
        "centerLng": -4.306746681,
        "pop": 1098,
        "score": 1098,
        "whiteLoc": 1
      },
      "id": 184
    },
    {
      "type": "Feature",
      "geometry": {
        "coordinates": [
          -3.34475065,
          9.91661438
        ],
        "type": "Point"
      },
      "properties": {
        "ADM0_FR": "ZANZAN",
        "ADM0_PCODE": "CI14",
        "ADM1_FR": "BOUNKANI",
        "ADM1_PCODE": "CI108",
        "ADM2_FR": "DOROPO",
        "ADM2_PCODE": "CI0802",
        "ADM3_FR": "DOROPO",
        "ADM3_PCODE": "CI080202",
        "ADM4_FR": "DININEMINA",
        "ADM4_PCODE": "CIV2137",
        "centerLat": 9.91661438,
        "centerLng": -3.34475065,
        "pop": 417,
        "score": 417,
        "whiteLoc": 1
      },
      "id": 185
    },
    {
      "type": "Feature",
      "geometry": {
        "coordinates": [
          -3.013670373,
          9.442866391
        ],
        "type": "Point"
      },
      "properties": {
        "ADM0_FR": "ZANZAN",
        "ADM0_PCODE": "CI14",
        "ADM1_FR": "BOUNKANI",
        "ADM1_PCODE": "CI108",
        "ADM2_FR": "BOUNA",
        "ADM2_PCODE": "CI0801",
        "ADM3_FR": "BOUKO",
        "ADM3_PCODE": "CI080101",
        "ADM4_FR": "DIOKORDOUO",
        "ADM4_PCODE": "CIV2144",
        "centerLat": 9.442866391,
        "centerLng": -3.013670373,
        "pop": 196,
        "score": 196,
        "whiteLoc": 1
      },
      "id": 186
    },
    {
      "type": "Feature",
      "geometry": {
        "coordinates": [
          -5.140589313,
          9.362391851
        ],
        "type": "Point"
      },
      "properties": {
        "ADM0_FR": "SAVANES",
        "ADM0_PCODE": "CI11",
        "ADM1_FR": "TCHOLOGO",
        "ADM1_PCODE": "CI131",
        "ADM2_FR": "FERKESSEDOUGOU",
        "ADM2_PCODE": "CI3101",
        "ADM3_FR": "KOUMBALA",
        "ADM3_PCODE": "CI310102",
        "ADM4_FR": "DIONGONAKAHA",
        "ADM4_PCODE": "CIV2153",
        "centerLat": 9.362391851,
        "centerLng": -5.140589313,
        "pop": 1161,
        "score": 1161,
        "whiteLoc": 1
      },
      "id": 187
    },
    {
      "type": "Feature",
      "geometry": {
        "coordinates": [
          -3.013418314,
          8.89624297
        ],
        "type": "Point"
      },
      "properties": {
        "ADM0_FR": "ZANZAN",
        "ADM0_PCODE": "CI14",
        "ADM1_FR": "BOUNKANI",
        "ADM1_PCODE": "CI108",
        "ADM2_FR": "BOUNA",
        "ADM2_PCODE": "CI0801",
        "ADM3_FR": "YOUNDOUO",
        "ADM3_PCODE": "CI080105",
        "ADM4_FR": "DIPETEDOUO",
        "ADM4_PCODE": "CIV2164",
        "centerLat": 8.89624297,
        "centerLng": -3.013418314,
        "pop": 257,
        "score": 257,
        "whiteLoc": 1
      },
      "id": 188
    },
    {
      "type": "Feature",
      "geometry": {
        "coordinates": [
          -3.136814726,
          9.736756152
        ],
        "type": "Point"
      },
      "properties": {
        "ADM0_FR": "ZANZAN",
        "ADM0_PCODE": "CI14",
        "ADM1_FR": "BOUNKANI",
        "ADM1_PCODE": "CI108",
        "ADM2_FR": "DOROPO",
        "ADM2_PCODE": "CI0802",
        "ADM3_FR": "KALAMON",
        "ADM3_PCODE": "CI080203",
        "ADM4_FR": "DITIATRE",
        "ADM4_PCODE": "CIV2166",
        "centerLat": 9.736756152,
        "centerLng": -3.136814726,
        "pop": 109,
        "score": 109,
        "whiteLoc": 1
      },
      "id": 189
    },
    {
      "type": "Feature",
      "geometry": {
        "coordinates": [
          -7.402958371,
          7.820430729
        ],
        "type": "Point"
      },
      "properties": {
        "ADM0_FR": "MONTAGNES",
        "ADM0_PCODE": "CI09",
        "ADM1_FR": "TONKPI",
        "ADM1_PCODE": "CI132",
        "ADM2_FR": "BIANKOUMA",
        "ADM2_PCODE": "CI3201",
        "ADM3_FR": "GOUINE",
        "ADM3_PCODE": "CI320105",
        "ADM4_FR": "DITOMBA",
        "ADM4_PCODE": "CIV2167",
        "centerLat": 7.820430729,
        "centerLng": -7.402958371,
        "pop": 595,
        "score": 595,
        "whiteLoc": 1
      },
      "id": 190
    },
    {
      "type": "Feature",
      "geometry": {
        "coordinates": [
          -3.363102215,
          9.543096033
        ],
        "type": "Point"
      },
      "properties": {
        "ADM0_FR": "ZANZAN",
        "ADM0_PCODE": "CI14",
        "ADM1_FR": "BOUNKANI",
        "ADM1_PCODE": "CI108",
        "ADM2_FR": "DOROPO",
        "ADM2_PCODE": "CI0802",
        "ADM3_FR": "NIAMOUE",
        "ADM3_PCODE": "CI080204",
        "ADM4_FR": "DITOUNEGNADOUO 1(DEPERE)",
        "ADM4_PCODE": "CIV2168",
        "centerLat": 9.543096033,
        "centerLng": -3.363102215,
        "pop": 215,
        "score": 215,
        "whiteLoc": 1
      },
      "id": 191
    },
    {
      "type": "Feature",
      "geometry": {
        "coordinates": [
          -3.353208921,
          9.547738846
        ],
        "type": "Point"
      },
      "properties": {
        "ADM0_FR": "ZANZAN",
        "ADM0_PCODE": "CI14",
        "ADM1_FR": "BOUNKANI",
        "ADM1_PCODE": "CI108",
        "ADM2_FR": "DOROPO",
        "ADM2_PCODE": "CI0802",
        "ADM3_FR": "NIAMOUE",
        "ADM3_PCODE": "CI080204",
        "ADM4_FR": "DITOUNEGNADOUO 2(MABROUDOUO)",
        "ADM4_PCODE": "CIV2169",
        "centerLat": 9.547738846,
        "centerLng": -3.353208921,
        "pop": 310,
        "score": 310,
        "whiteLoc": 1
      },
      "id": 192
    },
    {
      "type": "Feature",
      "geometry": {
        "coordinates": [
          -3.140677661,
          9.268464526
        ],
        "type": "Point"
      },
      "properties": {
        "ADM0_FR": "ZANZAN",
        "ADM0_PCODE": "CI14",
        "ADM1_FR": "BOUNKANI",
        "ADM1_PCODE": "CI108",
        "ADM2_FR": "BOUNA",
        "ADM2_PCODE": "CI0801",
        "ADM3_FR": "BOUNA",
        "ADM3_PCODE": "CI080102",
        "ADM4_FR": "DJADREDOUO",
        "ADM4_PCODE": "CIV2177",
        "centerLat": 9.268464526,
        "centerLng": -3.140677661,
        "pop": 502,
        "score": 502,
        "whiteLoc": 1
      },
      "id": 193
    },
    {
      "type": "Feature",
      "geometry": {
        "coordinates": [
          -3.915489981,
          7.733492976
        ],
        "type": "Point"
      },
      "properties": {
        "ADM0_FR": "LACS",
        "ADM0_PCODE": "CI07",
        "ADM1_FR": "IFFOU",
        "ADM1_PCODE": "CI119",
        "ADM2_FR": "PRIKRO",
        "ADM2_PCODE": "CI1903",
        "ADM3_FR": "PRIKRO",
        "ADM3_PCODE": "CI190301",
        "ADM4_FR": "DJAMDJANKRO",
        "ADM4_PCODE": "CIV2195",
        "centerLat": 7.733492976,
        "centerLng": -3.915489981,
        "pop": 356,
        "score": 356,
        "whiteLoc": 1
      },
      "id": 194
    },
    {
      "type": "Feature",
      "geometry": {
        "coordinates": [
          -4.642867667,
          9.082991614
        ],
        "type": "Point"
      },
      "properties": {
        "ADM0_FR": "SAVANES",
        "ADM0_PCODE": "CI11",
        "ADM1_FR": "TCHOLOGO",
        "ADM1_PCODE": "CI131",
        "ADM2_FR": "KONG",
        "ADM2_PCODE": "CI3102",
        "ADM3_FR": "KONG",
        "ADM3_PCODE": "CI310201",
        "ADM4_FR": "DJANGBANASSO",
        "ADM4_PCODE": "CIV2199",
        "centerLat": 9.082991614,
        "centerLng": -4.642867667,
        "pop": 4524,
        "score": 4524,
        "whiteLoc": 1
      },
      "id": 195
    },
    {
      "type": "Feature",
      "geometry": {
        "coordinates": [
          -3.044432179,
          9.528147594
        ],
        "type": "Point"
      },
      "properties": {
        "ADM0_FR": "ZANZAN",
        "ADM0_PCODE": "CI14",
        "ADM1_FR": "BOUNKANI",
        "ADM1_PCODE": "CI108",
        "ADM2_FR": "BOUNA",
        "ADM2_PCODE": "CI0801",
        "ADM3_FR": "BOUKO",
        "ADM3_PCODE": "CI080101",
        "ADM4_FR": "DJAPEREDOUO",
        "ADM4_PCODE": "CIV2208",
        "centerLat": 9.528147594,
        "centerLng": -3.044432179,
        "pop": 309,
        "score": 309,
        "whiteLoc": 1
      },
      "id": 196
    },
    {
      "type": "Feature",
      "geometry": {
        "coordinates": [
          -4.882188626,
          5.148353962
        ],
        "type": "Point"
      },
      "properties": {
        "ADM0_FR": "LAGUNES",
        "ADM0_PCODE": "CI08",
        "ADM1_FR": "GRANDS-PONTS",
        "ADM1_PCODE": "CI115",
        "ADM2_FR": "GRAND-LAHOU",
        "ADM2_PCODE": "CI1502",
        "ADM3_FR": "TOUKOUZOU",
        "ADM3_PCODE": "CI150205",
        "ADM4_FR": "DJATEKET",
        "ADM4_PCODE": "CIV2212",
        "centerLat": 5.148353962,
        "centerLng": -4.882188626,
        "pop": 285,
        "score": 285,
        "whiteLoc": 1
      },
      "id": 197
    },
    {
      "type": "Feature",
      "geometry": {
        "coordinates": [
          -3.433031727,
          7.497909552
        ],
        "type": "Point"
      },
      "properties": {
        "ADM0_FR": "ZANZAN",
        "ADM0_PCODE": "CI14",
        "ADM1_FR": "GONTOUGO",
        "ADM1_PCODE": "CI114",
        "ADM2_FR": "KOUN-FAO",
        "ADM2_PCODE": "CI1402",
        "ADM3_FR": "KOUN-FAO",
        "ADM3_PCODE": "CI140201",
        "ADM4_FR": "DJATOKRO",
        "ADM4_PCODE": "CIV2213",
        "centerLat": 7.497909552,
        "centerLng": -3.433031727,
        "pop": 624,
        "score": 624,
        "whiteLoc": 1
      },
      "id": 198
    },
    {
      "type": "Feature",
      "geometry": {
        "coordinates": [
          -3.241582536,
          6.202605809
        ],
        "type": "Point"
      },
      "properties": {
        "ADM0_FR": "COMOE",
        "ADM0_PCODE": "CI02",
        "ADM1_FR": "INDENIE-DJUABLIN",
        "ADM1_PCODE": "CI120",
        "ADM2_FR": "BETTIE",
        "ADM2_PCODE": "CI2003",
        "ADM3_FR": "DIAMARAKRO",
        "ADM3_PCODE": "CI200302",
        "ADM4_FR": "DJATTOKRO",
        "ADM4_PCODE": "CIV2216",
        "centerLat": 6.202605809,
        "centerLng": -3.241582536,
        "pop": 1815,
        "score": 1815,
        "whiteLoc": 1
      },
      "id": 199
    },
    {
      "type": "Feature",
      "geometry": {
        "coordinates": [
          -6.130859894,
          8.552320117
        ],
        "type": "Point"
      },
      "properties": {
        "ADM0_FR": "WOROBA",
        "ADM0_PCODE": "CI13",
        "ADM1_FR": "BERE",
        "ADM1_PCODE": "CI107",
        "ADM2_FR": "MANKONO",
        "ADM2_PCODE": "CI0703",
        "ADM3_FR": "SARHALA",
        "ADM3_PCODE": "CI070304",
        "ADM4_FR": "DJEMEDOUGOU",
        "ADM4_PCODE": "CIV2242",
        "centerLat": 8.552320117,
        "centerLng": -6.130859894,
        "pop": 1200,
        "score": 1200,
        "whiteLoc": 1
      },
      "id": 200
    },
    {
      "type": "Feature",
      "geometry": {
        "coordinates": [
          -6.425636059,
          7.982092454
        ],
        "type": "Point"
      },
      "properties": {
        "ADM0_FR": "WOROBA",
        "ADM0_PCODE": "CI13",
        "ADM1_FR": "WORODOUGOU",
        "ADM1_PCODE": "CI133",
        "ADM2_FR": "SEGUELA",
        "ADM2_PCODE": "CI3302",
        "ADM3_FR": "MASSALA",
        "ADM3_PCODE": "CI330205",
        "ADM4_FR": "DJENIGBE",
        "ADM4_PCODE": "CIV2249",
        "centerLat": 7.982092454,
        "centerLng": -6.425636059,
        "pop": 2512,
        "score": 2512,
        "whiteLoc": 1
      },
      "id": 201
    },
    {
      "type": "Feature",
      "geometry": {
        "coordinates": [
          -6.37222783,
          7.888968653
        ],
        "type": "Point"
      },
      "properties": {
        "ADM0_FR": "WOROBA",
        "ADM0_PCODE": "CI13",
        "ADM1_FR": "WORODOUGOU",
        "ADM1_PCODE": "CI133",
        "ADM2_FR": "SEGUELA",
        "ADM2_PCODE": "CI3302",
        "ADM3_FR": "MASSALA",
        "ADM3_PCODE": "CI330205",
        "ADM4_FR": "DJIGUIBALA",
        "ADM4_PCODE": "CIV2273",
        "centerLat": 7.888968653,
        "centerLng": -6.37222783,
        "pop": 1268,
        "score": 1268,
        "whiteLoc": 1
      },
      "id": 202
    },
    {
      "type": "Feature",
      "geometry": {
        "coordinates": [
          -6.497004123,
          7.835690371
        ],
        "type": "Point"
      },
      "properties": {
        "ADM0_FR": "WOROBA",
        "ADM0_PCODE": "CI13",
        "ADM1_FR": "WORODOUGOU",
        "ADM1_PCODE": "CI133",
        "ADM2_FR": "SEGUELA",
        "ADM2_PCODE": "CI3302",
        "ADM3_FR": "MASSALA",
        "ADM3_PCODE": "CI330205",
        "ADM4_FR": "DJIGUILA",
        "ADM4_PCODE": "CIV2274",
        "centerLat": 7.835690371,
        "centerLng": -6.497004123,
        "pop": 655,
        "score": 655,
        "whiteLoc": 1
      },
      "id": 203
    },
    {
      "type": "Feature",
      "geometry": {
        "coordinates": [
          -3.35467845,
          9.677688827
        ],
        "type": "Point"
      },
      "properties": {
        "ADM0_FR": "ZANZAN",
        "ADM0_PCODE": "CI14",
        "ADM1_FR": "BOUNKANI",
        "ADM1_PCODE": "CI108",
        "ADM2_FR": "DOROPO",
        "ADM2_PCODE": "CI0802",
        "ADM3_FR": "DOROPO",
        "ADM3_PCODE": "CI080202",
        "ADM4_FR": "DJILMITEDOUO",
        "ADM4_PCODE": "CIV2277",
        "centerLat": 9.677688827,
        "centerLng": -3.35467845,
        "pop": 104,
        "score": 104,
        "whiteLoc": 1
      },
      "id": 204
    },
    {
      "type": "Feature",
      "geometry": {
        "coordinates": [
          -7.581214757,
          4.879661537
        ],
        "type": "Point"
      },
      "properties": {
        "ADM0_FR": "BAS-SASSANDRA",
        "ADM0_PCODE": "CI01",
        "ADM1_FR": "SAN-PEDRO",
        "ADM1_PCODE": "CI129",
        "ADM2_FR": "TABOU",
        "ADM2_PCODE": "CI2902",
        "ADM3_FR": "GRABO",
        "ADM3_PCODE": "CI290205",
        "ADM4_FR": "DJIMANE",
        "ADM4_PCODE": "CIV2278",
        "centerLat": 4.879661537,
        "centerLng": -7.581214757,
        "pop": 179,
        "score": 179,
        "whiteLoc": 1
      },
      "id": 205
    },
    {
      "type": "Feature",
      "geometry": {
        "coordinates": [
          -3.025635378,
          8.565353955
        ],
        "type": "Point"
      },
      "properties": {
        "ADM0_FR": "ZANZAN",
        "ADM0_PCODE": "CI14",
        "ADM1_FR": "GONTOUGO",
        "ADM1_PCODE": "CI114",
        "ADM2_FR": "BONDOUKOU",
        "ADM2_PCODE": "CI1401",
        "ADM3_FR": "LAOUDI-BA",
        "ADM3_PCODE": "CI140105",
        "ADM4_FR": "DJIMPREDOUO",
        "ADM4_PCODE": "CIV2281",
        "centerLat": 8.565353955,
        "centerLng": -3.025635378,
        "pop": 6615,
        "score": 6615,
        "whiteLoc": 1
      },
      "id": 206
    },
    {
      "type": "Feature",
      "geometry": {
        "coordinates": [
          -5.011595102,
          9.416583284
        ],
        "type": "Point"
      },
      "properties": {
        "ADM0_FR": "SAVANES",
        "ADM0_PCODE": "CI11",
        "ADM1_FR": "TCHOLOGO",
        "ADM1_PCODE": "CI131",
        "ADM2_FR": "FERKESSEDOUGOU",
        "ADM2_PCODE": "CI3101",
        "ADM3_FR": "TOGONIERE",
        "ADM3_PCODE": "CI310103",
        "ADM4_FR": "DJO",
        "ADM4_PCODE": "CIV2287",
        "centerLat": 9.416583284,
        "centerLng": -5.011595102,
        "pop": 595,
        "score": 595,
        "whiteLoc": 1
      },
      "id": 207
    },
    {
      "type": "Feature",
      "geometry": {
        "coordinates": [
          -3.093270534,
          8.190161368
        ],
        "type": "Point"
      },
      "properties": {
        "ADM0_FR": "ZANZAN",
        "ADM0_PCODE": "CI14",
        "ADM1_FR": "GONTOUGO",
        "ADM1_PCODE": "CI114",
        "ADM2_FR": "BONDOUKOU",
        "ADM2_PCODE": "CI1401",
        "ADM3_FR": "SAPLI-SEPLINGO",
        "ADM3_PCODE": "CI140107",
        "ADM4_FR": "DJOBRI",
        "ADM4_PCODE": "CIV2288",
        "centerLat": 8.190161368,
        "centerLng": -3.093270534,
        "pop": 719,
        "score": 719,
        "whiteLoc": 1
      },
      "id": 208
    },
    {
      "type": "Feature",
      "geometry": {
        "coordinates": [
          -5.502938289,
          9.263176454
        ],
        "type": "Point"
      },
      "properties": {
        "ADM0_FR": "SAVANES",
        "ADM0_PCODE": "CI11",
        "ADM1_FR": "PORO",
        "ADM1_PCODE": "CI128",
        "ADM2_FR": "KORHOGO",
        "ADM2_PCODE": "CI2802",
        "ADM3_FR": "KARAKORO",
        "ADM3_PCODE": "CI280204",
        "ADM4_FR": "DOBELAKAHA",
        "ADM4_PCODE": "CIV2318",
        "centerLat": 9.263176454,
        "centerLng": -5.502938289,
        "pop": 184,
        "score": 184,
        "whiteLoc": 1
      },
      "id": 209
    },
    {
      "type": "Feature",
      "geometry": {
        "coordinates": [
          -4.015867326,
          6.207658166
        ],
        "type": "Point"
      },
      "properties": {
        "ADM0_FR": "LAGUNES",
        "ADM0_PCODE": "CI08",
        "ADM1_FR": "LA ME",
        "ADM1_PCODE": "CI124",
        "ADM2_FR": "AKOUPE",
        "ADM2_PCODE": "CI2402",
        "ADM3_FR": "AFFERY",
        "ADM3_PCODE": "CI240201",
        "ADM4_FR": "DODOKOI",
        "ADM4_PCODE": "CIV2325",
        "centerLat": 6.207658166,
        "centerLng": -4.015867326,
        "pop": 2351,
        "score": 2351,
        "whiteLoc": 1
      },
      "id": 210
    },
    {
      "type": "Feature",
      "geometry": {
        "coordinates": [
          -5.460554069,
          9.420985146
        ],
        "type": "Point"
      },
      "properties": {
        "ADM0_FR": "SAVANES",
        "ADM0_PCODE": "CI11",
        "ADM1_FR": "PORO",
        "ADM1_PCODE": "CI128",
        "ADM2_FR": "KORHOGO",
        "ADM2_PCODE": "CI2802",
        "ADM3_FR": "KOMBORODOUGOU",
        "ADM3_PCODE": "CI280207",
        "ADM4_FR": "DOGNINEKAHA",
        "ADM4_PCODE": "CIV2330",
        "centerLat": 9.420985146,
        "centerLng": -5.460554069,
        "pop": 218,
        "score": 218,
        "whiteLoc": 1
      },
      "id": 211
    },
    {
      "type": "Feature",
      "geometry": {
        "coordinates": [
          -6.039513595,
          6.55795542
        ],
        "type": "Point"
      },
      "properties": {
        "ADM0_FR": "SASSANDRA-MARAHOUE",
        "ADM0_PCODE": "CI10",
        "ADM1_FR": "MARAHOUE",
        "ADM1_PCODE": "CI123",
        "ADM2_FR": "SINFRA",
        "ADM2_PCODE": "CI2302",
        "ADM3_FR": "KOUETINFLA",
        "ADM3_PCODE": "CI230204",
        "ADM4_FR": "DOGOKRO",
        "ADM4_PCODE": "CIV2332",
        "centerLat": 6.55795542,
        "centerLng": -6.039513595,
        "pop": 761,
        "score": 761,
        "whiteLoc": 1
      },
      "id": 212
    },
    {
      "type": "Feature",
      "geometry": {
        "coordinates": [
          -2.996920362,
          9.505019464
        ],
        "type": "Point"
      },
      "properties": {
        "ADM0_FR": "ZANZAN",
        "ADM0_PCODE": "CI14",
        "ADM1_FR": "BOUNKANI",
        "ADM1_PCODE": "CI108",
        "ADM2_FR": "BOUNA",
        "ADM2_PCODE": "CI0801",
        "ADM3_FR": "BOUKO",
        "ADM3_PCODE": "CI080101",
        "ADM4_FR": "DOLOMITEDOUO",
        "ADM4_PCODE": "CIV2360",
        "centerLat": 9.505019464,
        "centerLng": -2.996920362,
        "pop": 199,
        "score": 199,
        "whiteLoc": 1
      },
      "id": 213
    },
    {
      "type": "Feature",
      "geometry": {
        "coordinates": [
          -3.322971283,
          7.662390699
        ],
        "type": "Point"
      },
      "properties": {
        "ADM0_FR": "ZANZAN",
        "ADM0_PCODE": "CI14",
        "ADM1_FR": "GONTOUGO",
        "ADM1_PCODE": "CI114",
        "ADM2_FR": "TANDA",
        "ADM2_PCODE": "CI1404",
        "ADM3_FR": "DIAMBA",
        "ADM3_PCODE": "CI140403",
        "ADM4_FR": "DOMAMBANGO",
        "ADM4_PCODE": "CIV2363",
        "centerLat": 7.662390699,
        "centerLng": -3.322971283,
        "pop": 676,
        "score": 676,
        "whiteLoc": 1
      },
      "id": 214
    },
    {
      "type": "Feature",
      "geometry": {
        "coordinates": [
          -3.448250767,
          9.501869878
        ],
        "type": "Point"
      },
      "properties": {
        "ADM0_FR": "ZANZAN",
        "ADM0_PCODE": "CI14",
        "ADM1_FR": "BOUNKANI",
        "ADM1_PCODE": "CI108",
        "ADM2_FR": "DOROPO",
        "ADM2_PCODE": "CI0802",
        "ADM3_FR": "NIAMOUE",
        "ADM3_PCODE": "CI080204",
        "ADM4_FR": "DONAFARA",
        "ADM4_PCODE": "CIV2372",
        "centerLat": 9.501869878,
        "centerLng": -3.448250767,
        "pop": 397,
        "score": 397,
        "whiteLoc": 1
      },
      "id": 215
    },
    {
      "type": "Feature",
      "geometry": {
        "coordinates": [
          -5.504503534,
          9.72517776
        ],
        "type": "Point"
      },
      "properties": {
        "ADM0_FR": "SAVANES",
        "ADM0_PCODE": "CI11",
        "ADM1_FR": "PORO",
        "ADM1_PCODE": "CI128",
        "ADM2_FR": "KORHOGO",
        "ADM2_PCODE": "CI2802",
        "ADM3_FR": "LATAHA",
        "ADM3_PCODE": "CI280209",
        "ADM4_FR": "DONATEHEVOGO",
        "ADM4_PCODE": "CIV2375",
        "centerLat": 9.72517776,
        "centerLng": -5.504503534,
        "pop": 489,
        "score": 489,
        "whiteLoc": 1
      },
      "id": 216
    },
    {
      "type": "Feature",
      "geometry": {
        "coordinates": [
          -3.412991132,
          9.473186443
        ],
        "type": "Point"
      },
      "properties": {
        "ADM0_FR": "ZANZAN",
        "ADM0_PCODE": "CI14",
        "ADM1_FR": "BOUNKANI",
        "ADM1_PCODE": "CI108",
        "ADM2_FR": "DOROPO",
        "ADM2_PCODE": "CI0802",
        "ADM3_FR": "NIAMOUE",
        "ADM3_PCODE": "CI080204",
        "ADM4_FR": "DOROVITAN",
        "ADM4_PCODE": "CIV2396",
        "centerLat": 9.473186443,
        "centerLng": -3.412991132,
        "pop": 103,
        "score": 103,
        "whiteLoc": 1
      },
      "id": 217
    },
    {
      "type": "Feature",
      "geometry": {
        "coordinates": [
          -7.324422317,
          7.693556695
        ],
        "type": "Point"
      },
      "properties": {
        "ADM0_FR": "MONTAGNES",
        "ADM0_PCODE": "CI09",
        "ADM1_FR": "TONKPI",
        "ADM1_PCODE": "CI132",
        "ADM2_FR": "BIANKOUMA",
        "ADM2_PCODE": "CI3201",
        "ADM3_FR": "GBONNE",
        "ADM3_PCODE": "CI320104",
        "ADM4_FR": "DOUAGUERE",
        "ADM4_PCODE": "CIV2411",
        "centerLat": 7.693556695,
        "centerLng": -7.324422317,
        "pop": 1833,
        "score": 1833,
        "whiteLoc": 1
      },
      "id": 218
    },
    {
      "type": "Feature",
      "geometry": {
        "coordinates": [
          -7.31882054,
          7.543049405
        ],
        "type": "Point"
      },
      "properties": {
        "ADM0_FR": "MONTAGNES",
        "ADM0_PCODE": "CI09",
        "ADM1_FR": "TONKPI",
        "ADM1_PCODE": "CI132",
        "ADM2_FR": "BIANKOUMA",
        "ADM2_PCODE": "CI3201",
        "ADM3_FR": "GBONNE",
        "ADM3_PCODE": "CI320104",
        "ADM4_FR": "DOUENE",
        "ADM4_PCODE": "CIV2439",
        "centerLat": 7.543049405,
        "centerLng": -7.31882054,
        "pop": 4223,
        "score": 4223,
        "whiteLoc": 1
      },
      "id": 219
    },
    {
      "type": "Feature",
      "geometry": {
        "coordinates": [
          -3.060671409,
          9.539639125
        ],
        "type": "Point"
      },
      "properties": {
        "ADM0_FR": "ZANZAN",
        "ADM0_PCODE": "CI14",
        "ADM1_FR": "BOUNKANI",
        "ADM1_PCODE": "CI108",
        "ADM2_FR": "BOUNA",
        "ADM2_PCODE": "CI0801",
        "ADM3_FR": "BOUKO",
        "ADM3_PCODE": "CI080101",
        "ADM4_FR": "DOUGBODOUO(DJIGBODOUO)",
        "ADM4_PCODE": "CIV2451",
        "centerLat": 9.539639125,
        "centerLng": -3.060671409,
        "pop": 195,
        "score": 195,
        "whiteLoc": 1
      },
      "id": 220
    },
    {
      "type": "Feature",
      "geometry": {
        "coordinates": [
          -7.329400049,
          8.973594507
        ],
        "type": "Point"
      },
      "properties": {
        "ADM0_FR": "DENGUELE",
        "ADM0_PCODE": "CI03",
        "ADM1_FR": "KABADOUGOU",
        "ADM1_PCODE": "CI121",
        "ADM2_FR": "ODIENNE",
        "ADM2_PCODE": "CI2103",
        "ADM3_FR": "DIOULATIEDOUGOU",
        "ADM3_PCODE": "CI210304",
        "ADM4_FR": "DOUMBA",
        "ADM4_PCODE": "CIV2467",
        "centerLat": 8.973594507,
        "centerLng": -7.329400049,
        "pop": 365,
        "score": 365,
        "whiteLoc": 1
      },
      "id": 221
    },
    {
      "type": "Feature",
      "geometry": {
        "coordinates": [
          -7.488223489,
          7.555302545
        ],
        "type": "Point"
      },
      "properties": {
        "ADM0_FR": "MONTAGNES",
        "ADM0_PCODE": "CI09",
        "ADM1_FR": "TONKPI",
        "ADM1_PCODE": "CI132",
        "ADM2_FR": "MAN",
        "ADM2_PCODE": "CI3203",
        "ADM3_FR": "SANDOUGOU-SOBA",
        "ADM3_PCODE": "CI320307",
        "ADM4_FR": "DOUODIE",
        "ADM4_PCODE": "CIV2473",
        "centerLat": 7.555302545,
        "centerLng": -7.488223489,
        "pop": 260,
        "score": 260,
        "whiteLoc": 1
      },
      "id": 222
    },
    {
      "type": "Feature",
      "geometry": {
        "coordinates": [
          -3.349846488,
          9.705677918
        ],
        "type": "Point"
      },
      "properties": {
        "ADM0_FR": "ZANZAN",
        "ADM0_PCODE": "CI14",
        "ADM1_FR": "BOUNKANI",
        "ADM1_PCODE": "CI108",
        "ADM2_FR": "DOROPO",
        "ADM2_PCODE": "CI0802",
        "ADM3_FR": "DOROPO",
        "ADM3_PCODE": "CI080202",
        "ADM4_FR": "DOUOGBE-GUIDRE",
        "ADM4_PCODE": "CIV2474",
        "centerLat": 9.705677918,
        "centerLng": -3.349846488,
        "pop": 155,
        "score": 155,
        "whiteLoc": 1
      },
      "id": 223
    },
    {
      "type": "Feature",
      "geometry": {
        "coordinates": [
          -7.519369172,
          7.227450545
        ],
        "type": "Point"
      },
      "properties": {
        "ADM0_FR": "MONTAGNES",
        "ADM0_PCODE": "CI09",
        "ADM1_FR": "TONKPI",
        "ADM1_PCODE": "CI132",
        "ADM2_FR": "MAN",
        "ADM2_PCODE": "CI3203",
        "ADM3_FR": "BOGOUINE",
        "ADM3_PCODE": "CI320302",
        "ADM4_FR": "DOYAGOUINE",
        "ADM4_PCODE": "CIV2482",
        "centerLat": 7.227450545,
        "centerLng": -7.519369172,
        "pop": 649,
        "score": 649,
        "whiteLoc": 1
      },
      "id": 224
    },
    {
      "type": "Feature",
      "geometry": {
        "coordinates": [
          -6.117818547,
          6.566037141
        ],
        "type": "Point"
      },
      "properties": {
        "ADM0_FR": "SASSANDRA-MARAHOUE",
        "ADM0_PCODE": "CI10",
        "ADM1_FR": "MARAHOUE",
        "ADM1_PCODE": "CI123",
        "ADM2_FR": "SINFRA",
        "ADM2_PCODE": "CI2302",
        "ADM3_FR": "KOUETINFLA",
        "ADM3_PCODE": "CI230204",
        "ADM4_FR": "DRAMANEKRO",
        "ADM4_PCODE": "CIV2486",
        "centerLat": 6.566037141,
        "centerLng": -6.117818547,
        "pop": 790,
        "score": 790,
        "whiteLoc": 1
      },
      "id": 225
    },
    {
      "type": "Feature",
      "geometry": {
        "coordinates": [
          -6.801067421,
          8.00277167
        ],
        "type": "Point"
      },
      "properties": {
        "ADM0_FR": "WOROBA",
        "ADM0_PCODE": "CI13",
        "ADM1_FR": "WORODOUGOU",
        "ADM1_PCODE": "CI133",
        "ADM2_FR": "SEGUELA",
        "ADM2_PCODE": "CI3302",
        "ADM3_FR": "SIFIE",
        "ADM3_PCODE": "CI330206",
        "ADM4_FR": "DRISSASSO",
        "ADM4_PCODE": "CIV2495",
        "centerLat": 8.00277167,
        "centerLng": -6.801067421,
        "pop": 1140,
        "score": 1140,
        "whiteLoc": 1
      },
      "id": 226
    },
    {
      "type": "Feature",
      "geometry": {
        "coordinates": [
          -8.136098968,
          8.278622651
        ],
        "type": "Point"
      },
      "properties": {
        "ADM0_FR": "MONTAGNES",
        "ADM0_PCODE": "CI09",
        "ADM1_FR": "TONKPI",
        "ADM1_PCODE": "CI132",
        "ADM2_FR": "BIANKOUMA",
        "ADM2_PCODE": "CI3201",
        "ADM3_FR": "SANTA",
        "ADM3_PCODE": "CI320107",
        "ADM4_FR": "DRODOUGOU",
        "ADM4_PCODE": "CIV2496",
        "centerLat": 8.278622651,
        "centerLng": -8.136098968,
        "pop": 558,
        "score": 558,
        "whiteLoc": 1
      },
      "id": 227
    },
    {
      "type": "Feature",
      "geometry": {
        "coordinates": [
          -4.335023237,
          8.268925785
        ],
        "type": "Point"
      },
      "properties": {
        "ADM0_FR": "VALLEE DU BANDAMA",
        "ADM0_PCODE": "CI12",
        "ADM1_FR": "HAMBOL",
        "ADM1_PCODE": "CI117",
        "ADM2_FR": "DABAKALA",
        "ADM2_PCODE": "CI1701",
        "ADM3_FR": "DABAKALA",
        "ADM3_PCODE": "CI170103",
        "ADM4_FR": "DYENDANA-SOKORO",
        "ADM4_PCODE": "CIV2511",
        "centerLat": 8.268925785,
        "centerLng": -4.335023237,
        "pop": 355,
        "score": 355,
        "whiteLoc": 1
      },
      "id": 228
    },
    {
      "type": "Feature",
      "geometry": {
        "coordinates": [
          -3.263773011,
          5.347644098
        ],
        "type": "Point"
      },
      "properties": {
        "ADM0_FR": "COMOE",
        "ADM0_PCODE": "CI02",
        "ADM1_FR": "SUD-COMOE",
        "ADM1_PCODE": "CI130",
        "ADM2_FR": "ADIAKE",
        "ADM2_PCODE": "CI3002",
        "ADM3_FR": "ADIAKE",
        "ADM3_PCODE": "CI300201",
        "ADM4_FR": "EROKOUAN",
        "ADM4_PCODE": "CIV2577",
        "centerLat": 5.347644098,
        "centerLng": -3.263773011,
        "pop": 879,
        "score": 879,
        "whiteLoc": 1
      },
      "id": 229
    },
    {
      "type": "Feature",
      "geometry": {
        "coordinates": [
          -4.385815027,
          7.58731951
        ],
        "type": "Point"
      },
      "properties": {
        "ADM0_FR": "LACS",
        "ADM0_PCODE": "CI07",
        "ADM1_FR": "IFFOU",
        "ADM1_PCODE": "CI119",
        "ADM2_FR": "M'BAHIAKRO",
        "ADM2_PCODE": "CI1902",
        "ADM3_FR": "M'BAHIAKRO",
        "ADM3_PCODE": "CI190201",
        "ADM4_FR": "ESSUIKRO",
        "ADM4_PCODE": "CIV2593",
        "centerLat": 7.58731951,
        "centerLng": -4.385815027,
        "pop": 701,
        "score": 701,
        "whiteLoc": 1
      },
      "id": 230
    },
    {
      "type": "Feature",
      "geometry": {
        "coordinates": [
          -3.880296812,
          7.791809134
        ],
        "type": "Point"
      },
      "properties": {
        "ADM0_FR": "LACS",
        "ADM0_PCODE": "CI07",
        "ADM1_FR": "IFFOU",
        "ADM1_PCODE": "CI119",
        "ADM2_FR": "PRIKRO",
        "ADM2_PCODE": "CI1903",
        "ADM3_FR": "FAMIENKRO",
        "ADM3_PCODE": "CI190303",
        "ADM4_FR": "ETTIEN-N'GUESSANKRO",
        "ADM4_PCODE": "CIV2598",
        "centerLat": 7.791809134,
        "centerLng": -3.880296812,
        "pop": 645,
        "score": 645,
        "whiteLoc": 1
      },
      "id": 231
    },
    {
      "type": "Feature",
      "geometry": {
        "coordinates": [
          -3.120764054,
          9.730157653
        ],
        "type": "Point"
      },
      "properties": {
        "ADM0_FR": "ZANZAN",
        "ADM0_PCODE": "CI14",
        "ADM1_FR": "BOUNKANI",
        "ADM1_PCODE": "CI108",
        "ADM2_FR": "DOROPO",
        "ADM2_PCODE": "CI0802",
        "ADM3_FR": "KALAMON",
        "ADM3_PCODE": "CI080203",
        "ADM4_FR": "FAFOUDOUO",
        "ADM4_PCODE": "CIV2610",
        "centerLat": 9.730157653,
        "centerLng": -3.120764054,
        "pop": 329,
        "score": 329,
        "whiteLoc": 1
      },
      "id": 232
    },
    {
      "type": "Feature",
      "geometry": {
        "coordinates": [
          -6.8803033,
          9.4610414
        ],
        "type": "Point"
      },
      "properties": {
        "ADM0_FR": "DENGUELE",
        "ADM0_PCODE": "CI03",
        "ADM1_FR": "KABADOUGOU",
        "ADM1_PCODE": "CI121",
        "ADM2_FR": "MADINANI",
        "ADM2_PCODE": "CI2102",
        "ADM3_FR": "MADINANI",
        "ADM3_PCODE": "CI210201",
        "ADM4_FR": "FANDASSO",
        "ADM4_PCODE": "CIV2626",
        "centerLat": 9.4610414,
        "centerLng": -6.8803033,
        "pop": 865,
        "score": 865,
        "whiteLoc": 1
      },
      "id": 233
    },
    {
      "type": "Feature",
      "geometry": {
        "coordinates": [
          -3.1848476,
          9.3255803
        ],
        "type": "Point"
      },
      "properties": {
        "ADM0_FR": "ZANZAN",
        "ADM0_PCODE": "CI14",
        "ADM1_FR": "BOUNKANI",
        "ADM1_PCODE": "CI108",
        "ADM2_FR": "BOUNA",
        "ADM2_PCODE": "CI0801",
        "ADM3_FR": "BOUNA",
        "ADM3_PCODE": "CI080102",
        "ADM4_FR": "FANEREDOUO",
        "ADM4_PCODE": "CIV2629",
        "centerLat": 9.3255803,
        "centerLng": -3.1848476,
        "pop": 307,
        "score": 307,
        "whiteLoc": 1
      },
      "id": 234
    },
    {
      "type": "Feature",
      "geometry": {
        "coordinates": [
          -3.395153765,
          9.564328596
        ],
        "type": "Point"
      },
      "properties": {
        "ADM0_FR": "ZANZAN",
        "ADM0_PCODE": "CI14",
        "ADM1_FR": "BOUNKANI",
        "ADM1_PCODE": "CI108",
        "ADM2_FR": "DOROPO",
        "ADM2_PCODE": "CI0802",
        "ADM3_FR": "NIAMOUE",
        "ADM3_PCODE": "CI080204",
        "ADM4_FR": "FANGADOUO",
        "ADM4_PCODE": "CIV2632",
        "centerLat": 9.564328596,
        "centerLng": -3.395153765,
        "pop": 125,
        "score": 125,
        "whiteLoc": 1
      },
      "id": 235
    },
    {
      "type": "Feature",
      "geometry": {
        "coordinates": [
          -3.020753346,
          9.503754498
        ],
        "type": "Point"
      },
      "properties": {
        "ADM0_FR": "ZANZAN",
        "ADM0_PCODE": "CI14",
        "ADM1_FR": "BOUNKANI",
        "ADM1_PCODE": "CI108",
        "ADM2_FR": "BOUNA",
        "ADM2_PCODE": "CI0801",
        "ADM3_FR": "BOUKO",
        "ADM3_PCODE": "CI080101",
        "ADM4_FR": "FANTANADOUO",
        "ADM4_PCODE": "CIV2638",
        "centerLat": 9.503754498,
        "centerLng": -3.020753346,
        "pop": 106,
        "score": 106,
        "whiteLoc": 1
      },
      "id": 236
    },
    {
      "type": "Feature",
      "geometry": {
        "coordinates": [
          -2.867130385,
          8.760960293
        ],
        "type": "Point"
      },
      "properties": {
        "ADM0_FR": "ZANZAN",
        "ADM0_PCODE": "CI14",
        "ADM1_FR": "BOUNKANI",
        "ADM1_PCODE": "CI108",
        "ADM2_FR": "BOUNA",
        "ADM2_PCODE": "CI0801",
        "ADM3_FR": "YOUNDOUO",
        "ADM3_PCODE": "CI080105",
        "ADM4_FR": "FAPIREDOUO",
        "ADM4_PCODE": "CIV2641",
        "centerLat": 8.760960293,
        "centerLng": -2.867130385,
        "pop": 853,
        "score": 853,
        "whiteLoc": 1
      },
      "id": 237
    },
    {
      "type": "Feature",
      "geometry": {
        "coordinates": [
          -7.5003843,
          9.3143777
        ],
        "type": "Point"
      },
      "properties": {
        "ADM0_FR": "DENGUELE",
        "ADM0_PCODE": "CI03",
        "ADM1_FR": "KABADOUGOU",
        "ADM1_PCODE": "CI121",
        "ADM2_FR": "ODIENNE",
        "ADM2_PCODE": "CI2103",
        "ADM3_FR": "DIOULATIEDOUGOU",
        "ADM3_PCODE": "CI210304",
        "ADM4_FR": "FARAKO",
        "ADM4_PCODE": "CIV2646",
        "centerLat": 9.3143777,
        "centerLng": -7.5003843,
        "pop": 1006,
        "score": 1006,
        "whiteLoc": 1
      },
      "id": 238
    },
    {
      "type": "Feature",
      "geometry": {
        "coordinates": [
          -7.72735414,
          8.891624957
        ],
        "type": "Point"
      },
      "properties": {
        "ADM0_FR": "WOROBA",
        "ADM0_PCODE": "CI13",
        "ADM1_FR": "BAFING",
        "ADM1_PCODE": "CI104",
        "ADM2_FR": "KORO",
        "ADM2_PCODE": "CI0401",
        "ADM3_FR": "BOOKO",
        "ADM3_PCODE": "CI040102",
        "ADM4_FR": "FARAKO-MOAMBASSO",
        "ADM4_PCODE": "CIV2650",
        "centerLat": 8.891624957,
        "centerLng": -7.72735414,
        "pop": 320,
        "score": 320,
        "whiteLoc": 1
      },
      "id": 239
    },
    {
      "type": "Feature",
      "geometry": {
        "coordinates": [
          -3.558035032,
          9.707102328
        ],
        "type": "Point"
      },
      "properties": {
        "ADM0_FR": "ZANZAN",
        "ADM0_PCODE": "CI14",
        "ADM1_FR": "BOUNKANI",
        "ADM1_PCODE": "CI108",
        "ADM2_FR": "TEHINI",
        "ADM2_PCODE": "CI0804",
        "ADM3_FR": "TEHINI",
        "ADM3_PCODE": "CI080401",
        "ADM4_FR": "FEKI",
        "ADM4_PCODE": "CIV2671",
        "centerLat": 9.707102328,
        "centerLng": -3.558035032,
        "pop": 1392,
        "score": 1392,
        "whiteLoc": 1
      },
      "id": 240
    },
    {
      "type": "Feature",
      "geometry": {
        "coordinates": [
          -7.564884838,
          4.90200557
        ],
        "type": "Point"
      },
      "properties": {
        "ADM0_FR": "BAS-SASSANDRA",
        "ADM0_PCODE": "CI01",
        "ADM1_FR": "SAN-PEDRO",
        "ADM1_PCODE": "CI129",
        "ADM2_FR": "TABOU",
        "ADM2_PCODE": "CI2902",
        "ADM3_FR": "GRABO",
        "ADM3_PCODE": "CI290205",
        "ADM4_FR": "FETE",
        "ADM4_PCODE": "CIV2687",
        "centerLat": 4.90200557,
        "centerLng": -7.564884838,
        "pop": 382,
        "score": 382,
        "whiteLoc": 1
      },
      "id": 241
    },
    {
      "type": "Feature",
      "geometry": {
        "coordinates": [
          -6.324172738,
          8.922168955
        ],
        "type": "Point"
      },
      "properties": {
        "ADM0_FR": "WOROBA",
        "ADM0_PCODE": "CI13",
        "ADM1_FR": "BERE",
        "ADM1_PCODE": "CI107",
        "ADM2_FR": "DIANRA",
        "ADM2_PCODE": "CI0701",
        "ADM3_FR": "DIANRA",
        "ADM3_PCODE": "CI070101",
        "ADM4_FR": "FILA-FARABA",
        "ADM4_PCODE": "CIV2696",
        "centerLat": 8.922168955,
        "centerLng": -6.324172738,
        "pop": 1116,
        "score": 1116,
        "whiteLoc": 1
      },
      "id": 242
    },
    {
      "type": "Feature",
      "geometry": {
        "coordinates": [
          -3.139197774,
          9.128854247
        ],
        "type": "Point"
      },
      "properties": {
        "ADM0_FR": "ZANZAN",
        "ADM0_PCODE": "CI14",
        "ADM1_FR": "BOUNKANI",
        "ADM1_PCODE": "CI108",
        "ADM2_FR": "BOUNA",
        "ADM2_PCODE": "CI0801",
        "ADM3_FR": "BOUNA",
        "ADM3_PCODE": "CI080102",
        "ADM4_FR": "FILTIBDOUO(FOTIBDOUO 1)",
        "ADM4_PCODE": "CIV2701",
        "centerLat": 9.128854247,
        "centerLng": -3.139197774,
        "pop": 51,
        "score": 51,
        "whiteLoc": 1
      },
      "id": 243
    },
    {
      "type": "Feature",
      "geometry": {
        "coordinates": [
          -3.135237773,
          9.135736042
        ],
        "type": "Point"
      },
      "properties": {
        "ADM0_FR": "ZANZAN",
        "ADM0_PCODE": "CI14",
        "ADM1_FR": "BOUNKANI",
        "ADM1_PCODE": "CI108",
        "ADM2_FR": "BOUNA",
        "ADM2_PCODE": "CI0801",
        "ADM3_FR": "BOUNA",
        "ADM3_PCODE": "CI080102",
        "ADM4_FR": "FINEREDOUO",
        "ADM4_PCODE": "CIV2707",
        "centerLat": 9.135736042,
        "centerLng": -3.135237773,
        "pop": 45,
        "score": 45,
        "whiteLoc": 1
      },
      "id": 244
    },
    {
      "type": "Feature",
      "geometry": {
        "coordinates": [
          -7.3585108,
          6.8648633
        ],
        "type": "Point"
      },
      "properties": {
        "ADM0_FR": "MONTAGNES",
        "ADM0_PCODE": "CI09",
        "ADM1_FR": "GUEMON",
        "ADM1_PCODE": "CI116",
        "ADM2_FR": "DUEKOUE",
        "ADM2_PCODE": "CI1602",
        "ADM3_FR": "DUEKOUE",
        "ADM3_PCODE": "CI160202",
        "ADM4_FR": "FLAMPLEU",
        "ADM4_PCODE": "CIV2721",
        "centerLat": 6.8648633,
        "centerLng": -7.3585108,
        "pop": 769,
        "score": 769,
        "whiteLoc": 1
      },
      "id": 245
    },
    {
      "type": "Feature",
      "geometry": {
        "coordinates": [
          -6.578284702,
          7.912295298
        ],
        "type": "Point"
      },
      "properties": {
        "ADM0_FR": "WOROBA",
        "ADM0_PCODE": "CI13",
        "ADM1_FR": "WORODOUGOU",
        "ADM1_PCODE": "CI133",
        "ADM2_FR": "SEGUELA",
        "ADM2_PCODE": "CI3302",
        "ADM3_FR": "SEGUELA",
        "ADM3_PCODE": "CI330201",
        "ADM4_FR": "FLANA",
        "ADM4_PCODE": "CIV2723",
        "centerLat": 7.912295298,
        "centerLng": -6.578284702,
        "pop": 594,
        "score": 594,
        "whiteLoc": 1
      },
      "id": 246
    },
    {
      "type": "Feature",
      "geometry": {
        "coordinates": [
          -8.003010113,
          7.197710971
        ],
        "type": "Point"
      },
      "properties": {
        "ADM0_FR": "MONTAGNES",
        "ADM0_PCODE": "CI09",
        "ADM1_FR": "TONKPI",
        "ADM1_PCODE": "CI132",
        "ADM2_FR": "DANANE",
        "ADM2_PCODE": "CI3202",
        "ADM3_FR": "ZONNEU",
        "ADM3_PCODE": "CI320207",
        "ADM4_FR": "FLANGBEPLEU",
        "ADM4_PCODE": "CIV2726",
        "centerLat": 7.197710971,
        "centerLng": -8.003010113,
        "pop": 803,
        "score": 803,
        "whiteLoc": 1
      },
      "id": 247
    },
    {
      "type": "Feature",
      "geometry": {
        "coordinates": [
          -5.209722491,
          8.575387825
        ],
        "type": "Point"
      },
      "properties": {
        "ADM0_FR": "VALLEE DU BANDAMA",
        "ADM0_PCODE": "CI12",
        "ADM1_FR": "HAMBOL",
        "ADM1_PCODE": "CI117",
        "ADM2_FR": "NIAKARAMADOUGOU",
        "ADM2_PCODE": "CI1703",
        "ADM3_FR": "NIAKARAMADOUGOU",
        "ADM3_PCODE": "CI170301",
        "ADM4_FR": "FOLOFONKAHA",
        "ADM4_PCODE": "CIV2739",
        "centerLat": 8.575387825,
        "centerLng": -5.209722491,
        "pop": 1330,
        "score": 1330,
        "whiteLoc": 1
      },
      "id": 248
    },
    {
      "type": "Feature",
      "geometry": {
        "coordinates": [
          -5.544587388,
          9.686888026
        ],
        "type": "Point"
      },
      "properties": {
        "ADM0_FR": "SAVANES",
        "ADM0_PCODE": "CI11",
        "ADM1_FR": "PORO",
        "ADM1_PCODE": "CI128",
        "ADM2_FR": "KORHOGO",
        "ADM2_PCODE": "CI2802",
        "ADM3_FR": "LATAHA",
        "ADM3_PCODE": "CI280209",
        "ADM4_FR": "FOSSONVOGO",
        "ADM4_PCODE": "CIV2761",
        "centerLat": 9.686888026,
        "centerLng": -5.544587388,
        "pop": 586,
        "score": 586,
        "whiteLoc": 1
      },
      "id": 249
    },
    {
      "type": "Feature",
      "geometry": {
        "coordinates": [
          -4.604069464,
          7.806694081
        ],
        "type": "Point"
      },
      "properties": {
        "ADM0_FR": "VALLEE DU BANDAMA",
        "ADM0_PCODE": "CI12",
        "ADM1_FR": "GBEKE",
        "ADM1_PCODE": "CI111",
        "ADM2_FR": "BOUAKE",
        "ADM2_PCODE": "CI1103",
        "ADM3_FR": "MAMINI",
        "ADM3_PCODE": "CI110305",
        "ADM4_FR": "FRONDOBO",
        "ADM4_PCODE": "CIV2787",
        "centerLat": 7.806694081,
        "centerLng": -4.604069464,
        "pop": 395,
        "score": 395,
        "whiteLoc": 1
      },
      "id": 250
    },
    {
      "type": "Feature",
      "geometry": {
        "coordinates": [
          -7.418338965,
          8.115227089
        ],
        "type": "Point"
      },
      "properties": {
        "ADM0_FR": "WOROBA",
        "ADM0_PCODE": "CI13",
        "ADM1_FR": "BAFING",
        "ADM1_PCODE": "CI104",
        "ADM2_FR": "TOUBA",
        "ADM2_PCODE": "CI0403",
        "ADM3_FR": "DIOMAN",
        "ADM3_PCODE": "CI040302",
        "ADM4_FR": "GAGNASSO",
        "ADM4_PCODE": "CIV2799",
        "centerLat": 8.115227089,
        "centerLng": -7.418338965,
        "pop": 168,
        "score": 168,
        "whiteLoc": 1
      },
      "id": 251
    },
    {
      "type": "Feature",
      "geometry": {
        "coordinates": [
          -3.036015889,
          9.630800842
        ],
        "type": "Point"
      },
      "properties": {
        "ADM0_FR": "ZANZAN",
        "ADM0_PCODE": "CI14",
        "ADM1_FR": "BOUNKANI",
        "ADM1_PCODE": "CI108",
        "ADM2_FR": "DOROPO",
        "ADM2_PCODE": "CI0802",
        "ADM3_FR": "DANOA",
        "ADM3_PCODE": "CI080201",
        "ADM4_FR": "GALBADI 1",
        "ADM4_PCODE": "CIV2810",
        "centerLat": 9.630800842,
        "centerLng": -3.036015889,
        "pop": 312,
        "score": 312,
        "whiteLoc": 1
      },
      "id": 252
    },
    {
      "type": "Feature",
      "geometry": {
        "coordinates": [
          -3.026292986,
          9.608949471
        ],
        "type": "Point"
      },
      "properties": {
        "ADM0_FR": "ZANZAN",
        "ADM0_PCODE": "CI14",
        "ADM1_FR": "BOUNKANI",
        "ADM1_PCODE": "CI108",
        "ADM2_FR": "DOROPO",
        "ADM2_PCODE": "CI0802",
        "ADM3_FR": "DANOA",
        "ADM3_PCODE": "CI080201",
        "ADM4_FR": "GALBADI 2",
        "ADM4_PCODE": "CIV2811",
        "centerLat": 9.608949471,
        "centerLng": -3.026292986,
        "pop": 162,
        "score": 162,
        "whiteLoc": 1
      },
      "id": 253
    },
    {
      "type": "Feature",
      "geometry": {
        "coordinates": [
          -7.442268078,
          7.615312369
        ],
        "type": "Point"
      },
      "properties": {
        "ADM0_FR": "MONTAGNES",
        "ADM0_PCODE": "CI09",
        "ADM1_FR": "TONKPI",
        "ADM1_PCODE": "CI132",
        "ADM2_FR": "BIANKOUMA",
        "ADM2_PCODE": "CI3201",
        "ADM3_FR": "GBONNE",
        "ADM3_PCODE": "CI320104",
        "ADM4_FR": "GANDIE",
        "ADM4_PCODE": "CIV2827",
        "centerLat": 7.615312369,
        "centerLng": -7.442268078,
        "pop": 551,
        "score": 551,
        "whiteLoc": 1
      },
      "id": 254
    },
    {
      "type": "Feature",
      "geometry": {
        "coordinates": [
          -3.511146555,
          9.568571746
        ],
        "type": "Point"
      },
      "properties": {
        "ADM0_FR": "ZANZAN",
        "ADM0_PCODE": "CI14",
        "ADM1_FR": "BOUNKANI",
        "ADM1_PCODE": "CI108",
        "ADM2_FR": "TEHINI",
        "ADM2_PCODE": "CI0804",
        "ADM3_FR": "TEHINI",
        "ADM3_PCODE": "CI080401",
        "ADM4_FR": "GANGANE",
        "ADM4_PCODE": "CIV2828",
        "centerLat": 9.568571746,
        "centerLng": -3.511146555,
        "pop": 147,
        "score": 147,
        "whiteLoc": 1
      },
      "id": 255
    },
    {
      "type": "Feature",
      "geometry": {
        "coordinates": [
          -3.322261955,
          9.520997259
        ],
        "type": "Point"
      },
      "properties": {
        "ADM0_FR": "ZANZAN",
        "ADM0_PCODE": "CI14",
        "ADM1_FR": "BOUNKANI",
        "ADM1_PCODE": "CI108",
        "ADM2_FR": "DOROPO",
        "ADM2_PCODE": "CI0802",
        "ADM3_FR": "DOROPO",
        "ADM3_PCODE": "CI080202",
        "ADM4_FR": "GANGATTA",
        "ADM4_PCODE": "CIV2829",
        "centerLat": 9.520997259,
        "centerLng": -3.322261955,
        "pop": 229,
        "score": 229,
        "whiteLoc": 1
      },
      "id": 256
    },
    {
      "type": "Feature",
      "geometry": {
        "coordinates": [
          -2.831136896,
          8.91970215
        ],
        "type": "Point"
      },
      "properties": {
        "ADM0_FR": "ZANZAN",
        "ADM0_PCODE": "CI14",
        "ADM1_FR": "BOUNKANI",
        "ADM1_PCODE": "CI108",
        "ADM2_FR": "BOUNA",
        "ADM2_PCODE": "CI0801",
        "ADM3_FR": "YOUNDOUO",
        "ADM3_PCODE": "CI080105",
        "ADM4_FR": "GANGODOUO",
        "ADM4_PCODE": "CIV2832",
        "centerLat": 8.91970215,
        "centerLng": -2.831136896,
        "pop": 1263,
        "score": 1263,
        "whiteLoc": 1
      },
      "id": 257
    },
    {
      "type": "Feature",
      "geometry": {
        "coordinates": [
          -4.080736708,
          9.767899983
        ],
        "type": "Point"
      },
      "properties": {
        "ADM0_FR": "ZANZAN",
        "ADM0_PCODE": "CI14",
        "ADM1_FR": "BOUNKANI",
        "ADM1_PCODE": "CI108",
        "ADM2_FR": "TEHINI",
        "ADM2_PCODE": "CI0804",
        "ADM3_FR": "TOUGBO",
        "ADM3_PCODE": "CI080403",
        "ADM4_FR": "GANGOYOU",
        "ADM4_PCODE": "CIV2833",
        "centerLat": 9.767899983,
        "centerLng": -4.080736708,
        "pop": 1076,
        "score": 1076,
        "whiteLoc": 1
      },
      "id": 258
    },
    {
      "type": "Feature",
      "geometry": {
        "coordinates": [
          -7.503749701,
          7.957946981
        ],
        "type": "Point"
      },
      "properties": {
        "ADM0_FR": "MONTAGNES",
        "ADM0_PCODE": "CI09",
        "ADM1_FR": "TONKPI",
        "ADM1_PCODE": "CI132",
        "ADM2_FR": "BIANKOUMA",
        "ADM2_PCODE": "CI3201",
        "ADM3_FR": "GOUINE",
        "ADM3_PCODE": "CI320105",
        "ADM4_FR": "GAOLE",
        "ADM4_PCODE": "CIV2851",
        "centerLat": 7.957946981,
        "centerLng": -7.503749701,
        "pop": 597,
        "score": 597,
        "whiteLoc": 1
      },
      "id": 259
    },
    {
      "type": "Feature",
      "geometry": {
        "coordinates": [
          -7.359862004,
          7.579801131
        ],
        "type": "Point"
      },
      "properties": {
        "ADM0_FR": "MONTAGNES",
        "ADM0_PCODE": "CI09",
        "ADM1_FR": "TONKPI",
        "ADM1_PCODE": "CI132",
        "ADM2_FR": "BIANKOUMA",
        "ADM2_PCODE": "CI3201",
        "ADM3_FR": "GBONNE",
        "ADM3_PCODE": "CI320104",
        "ADM4_FR": "GAOLE-GRABA 2",
        "ADM4_PCODE": "CIV2853",
        "centerLat": 7.579801131,
        "centerLng": -7.359862004,
        "pop": 1410,
        "score": 1410,
        "whiteLoc": 1
      },
      "id": 260
    },
    {
      "type": "Feature",
      "geometry": {
        "coordinates": [
          -3.371156393,
          9.561417829
        ],
        "type": "Point"
      },
      "properties": {
        "ADM0_FR": "ZANZAN",
        "ADM0_PCODE": "CI14",
        "ADM1_FR": "BOUNKANI",
        "ADM1_PCODE": "CI108",
        "ADM2_FR": "DOROPO",
        "ADM2_PCODE": "CI0802",
        "ADM3_FR": "NIAMOUE",
        "ADM3_PCODE": "CI080204",
        "ADM4_FR": "GARANKO",
        "ADM4_PCODE": "CIV2863",
        "centerLat": 9.561417829,
        "centerLng": -3.371156393,
        "pop": 155,
        "score": 155,
        "whiteLoc": 1
      },
      "id": 261
    },
    {
      "type": "Feature",
      "geometry": {
        "coordinates": [
          -7.5528055,
          9.7170359
        ],
        "type": "Point"
      },
      "properties": {
        "ADM0_FR": "DENGUELE",
        "ADM0_PCODE": "CI03",
        "ADM1_FR": "KABADOUGOU",
        "ADM1_PCODE": "CI121",
        "ADM2_FR": "SAMATIGUILA",
        "ADM2_PCODE": "CI2104",
        "ADM3_FR": "KIMBIRILA-SUD",
        "ADM3_PCODE": "CI210402",
        "ADM4_FR": "GBAGA",
        "ADM4_PCODE": "CIV2885",
        "centerLat": 9.7170359,
        "centerLng": -7.5528055,
        "pop": 1084,
        "score": 1084,
        "whiteLoc": 1
      },
      "id": 262
    },
    {
      "type": "Feature",
      "geometry": {
        "coordinates": [
          -8.13848865,
          8.312560026
        ],
        "type": "Point"
      },
      "properties": {
        "ADM0_FR": "MONTAGNES",
        "ADM0_PCODE": "CI09",
        "ADM1_FR": "TONKPI",
        "ADM1_PCODE": "CI132",
        "ADM2_FR": "BIANKOUMA",
        "ADM2_PCODE": "CI3201",
        "ADM3_FR": "SANTA",
        "ADM3_PCODE": "CI320107",
        "ADM4_FR": "GBAGBADOU",
        "ADM4_PCODE": "CIV2886",
        "centerLat": 8.312560026,
        "centerLng": -8.13848865,
        "pop": 271,
        "score": 271,
        "whiteLoc": 1
      },
      "id": 263
    },
    {
      "type": "Feature",
      "geometry": {
        "coordinates": [
          -7.531981667,
          7.840589194
        ],
        "type": "Point"
      },
      "properties": {
        "ADM0_FR": "MONTAGNES",
        "ADM0_PCODE": "CI09",
        "ADM1_FR": "TONKPI",
        "ADM1_PCODE": "CI132",
        "ADM2_FR": "BIANKOUMA",
        "ADM2_PCODE": "CI3201",
        "ADM3_FR": "KPATA",
        "ADM3_PCODE": "CI320106",
        "ADM4_FR": "GBAGOUINE",
        "ADM4_PCODE": "CIV2892",
        "centerLat": 7.840589194,
        "centerLng": -7.531981667,
        "pop": 1198,
        "score": 1198,
        "whiteLoc": 1
      },
      "id": 264
    },
    {
      "type": "Feature",
      "geometry": {
        "coordinates": [
          -7.569647729,
          4.830047332
        ],
        "type": "Point"
      },
      "properties": {
        "ADM0_FR": "BAS-SASSANDRA",
        "ADM0_PCODE": "CI01",
        "ADM1_FR": "SAN-PEDRO",
        "ADM1_PCODE": "CI129",
        "ADM2_FR": "TABOU",
        "ADM2_PCODE": "CI2902",
        "ADM3_FR": "GRABO",
        "ADM3_PCODE": "CI290205",
        "ADM4_FR": "GBAHIRO",
        "ADM4_PCODE": "CIV2898",
        "centerLat": 4.830047332,
        "centerLng": -7.569647729,
        "pop": 1072,
        "score": 1072,
        "whiteLoc": 1
      },
      "id": 265
    },
    {
      "type": "Feature",
      "geometry": {
        "coordinates": [
          -4.080410165,
          8.15518247
        ],
        "type": "Point"
      },
      "properties": {
        "ADM0_FR": "VALLEE DU BANDAMA",
        "ADM0_PCODE": "CI12",
        "ADM1_FR": "HAMBOL",
        "ADM1_PCODE": "CI117",
        "ADM2_FR": "DABAKALA",
        "ADM2_PCODE": "CI1701",
        "ADM3_FR": "BASSAWA",
        "ADM3_PCODE": "CI170101",
        "ADM4_FR": "GBAMEGUEDOUGOU",
        "ADM4_PCODE": "CIV2923",
        "centerLat": 8.15518247,
        "centerLng": -4.080410165,
        "pop": 298,
        "score": 298,
        "whiteLoc": 1
      },
      "id": 266
    },
    {
      "type": "Feature",
      "geometry": {
        "coordinates": [
          -4.937508921,
          9.551954543
        ],
        "type": "Point"
      },
      "properties": {
        "ADM0_FR": "SAVANES",
        "ADM0_PCODE": "CI11",
        "ADM1_FR": "TCHOLOGO",
        "ADM1_PCODE": "CI131",
        "ADM2_FR": "FERKESSEDOUGOU",
        "ADM2_PCODE": "CI3101",
        "ADM3_FR": "TOGONIERE",
        "ADM3_PCODE": "CI310103",
        "ADM4_FR": "GBAMGA",
        "ADM4_PCODE": "CIV2925",
        "centerLat": 9.551954543,
        "centerLng": -4.937508921,
        "pop": 1139,
        "score": 1139,
        "whiteLoc": 1
      },
      "id": 267
    },
    {
      "type": "Feature",
      "geometry": {
        "coordinates": [
          -3.434279733,
          9.474269211
        ],
        "type": "Point"
      },
      "properties": {
        "ADM0_FR": "ZANZAN",
        "ADM0_PCODE": "CI14",
        "ADM1_FR": "BOUNKANI",
        "ADM1_PCODE": "CI108",
        "ADM2_FR": "DOROPO",
        "ADM2_PCODE": "CI0802",
        "ADM3_FR": "NIAMOUE",
        "ADM3_PCODE": "CI080204",
        "ADM4_FR": "GBANA",
        "ADM4_PCODE": "CIV2927",
        "centerLat": 9.474269211,
        "centerLng": -3.434279733,
        "pop": 314,
        "score": 314,
        "whiteLoc": 1
      },
      "id": 268
    },
    {
      "type": "Feature",
      "geometry": {
        "coordinates": [
          -4.679519953,
          9.369909102
        ],
        "type": "Point"
      },
      "properties": {
        "ADM0_FR": "SAVANES",
        "ADM0_PCODE": "CI11",
        "ADM1_FR": "TCHOLOGO",
        "ADM1_PCODE": "CI131",
        "ADM2_FR": "KONG",
        "ADM2_PCODE": "CI3102",
        "ADM3_FR": "SIKOLO",
        "ADM3_PCODE": "CI310204",
        "ADM4_FR": "GBANASSITOGONA",
        "ADM4_PCODE": "CIV2932",
        "centerLat": 9.369909102,
        "centerLng": -4.679519953,
        "pop": 247,
        "score": 247,
        "whiteLoc": 1
      },
      "id": 269
    },
    {
      "type": "Feature",
      "geometry": {
        "coordinates": [
          -4.931329237,
          9.341508014
        ],
        "type": "Point"
      },
      "properties": {
        "ADM0_FR": "SAVANES",
        "ADM0_PCODE": "CI11",
        "ADM1_FR": "TCHOLOGO",
        "ADM1_PCODE": "CI131",
        "ADM2_FR": "FERKESSEDOUGOU",
        "ADM2_PCODE": "CI3101",
        "ADM3_FR": "KOUMBALA",
        "ADM3_PCODE": "CI310102",
        "ADM4_FR": "GBANE",
        "ADM4_PCODE": "CIV2938",
        "centerLat": 9.341508014,
        "centerLng": -4.931329237,
        "pop": 826,
        "score": 826,
        "whiteLoc": 1
      },
      "id": 270
    },
    {
      "type": "Feature",
      "geometry": {
        "coordinates": [
          -8.40088179,
          7.465824091
        ],
        "type": "Point"
      },
      "properties": {
        "ADM0_FR": "MONTAGNES",
        "ADM0_PCODE": "CI09",
        "ADM1_FR": "TONKPI",
        "ADM1_PCODE": "CI132",
        "ADM2_FR": "DANANE",
        "ADM2_PCODE": "CI3202",
        "ADM3_FR": "GBON-HOUYE",
        "ADM3_PCODE": "CI320203",
        "ADM4_FR": "GBANTOPLEU",
        "ADM4_PCODE": "CIV2964",
        "centerLat": 7.465824091,
        "centerLng": -8.40088179,
        "pop": 984,
        "score": 984,
        "whiteLoc": 1
      },
      "id": 271
    },
    {
      "type": "Feature",
      "geometry": {
        "coordinates": [
          -7.449924838,
          4.643534031
        ],
        "type": "Point"
      },
      "properties": {
        "ADM0_FR": "BAS-SASSANDRA",
        "ADM0_PCODE": "CI01",
        "ADM1_FR": "SAN-PEDRO",
        "ADM1_PCODE": "CI129",
        "ADM2_FR": "TABOU",
        "ADM2_PCODE": "CI2902",
        "ADM3_FR": "OLODIO",
        "ADM3_PCODE": "CI290206",
        "ADM4_FR": "GBAOULOKE",
        "ADM4_PCODE": "CIV2967",
        "centerLat": 4.643534031,
        "centerLng": -7.449924838,
        "pop": 294,
        "score": 294,
        "whiteLoc": 1
      },
      "id": 272
    },
    {
      "type": "Feature",
      "geometry": {
        "coordinates": [
          -7.372740353,
          4.583936469
        ],
        "type": "Point"
      },
      "properties": {
        "ADM0_FR": "BAS-SASSANDRA",
        "ADM0_PCODE": "CI01",
        "ADM1_FR": "SAN-PEDRO",
        "ADM1_PCODE": "CI129",
        "ADM2_FR": "TABOU",
        "ADM2_PCODE": "CI2902",
        "ADM3_FR": "IBOKE",
        "ADM3_PCODE": "CI290202",
        "ADM4_FR": "GBAROKE",
        "ADM4_PCODE": "CIV2973",
        "centerLat": 4.583936469,
        "centerLng": -7.372740353,
        "pop": 364,
        "score": 364,
        "whiteLoc": 1
      },
      "id": 273
    },
    {
      "type": "Feature",
      "geometry": {
        "coordinates": [
          -7.532317757,
          7.515581156
        ],
        "type": "Point"
      },
      "properties": {
        "ADM0_FR": "MONTAGNES",
        "ADM0_PCODE": "CI09",
        "ADM1_FR": "TONKPI",
        "ADM1_PCODE": "CI132",
        "ADM2_FR": "MAN",
        "ADM2_PCODE": "CI3203",
        "ADM3_FR": "SANDOUGOU-SOBA",
        "ADM3_PCODE": "CI320307",
        "ADM4_FR": "GBATA",
        "ADM4_PCODE": "CIV2978",
        "centerLat": 7.515581156,
        "centerLng": -7.532317757,
        "pop": 500,
        "score": 500,
        "whiteLoc": 1
      },
      "id": 274
    },
    {
      "type": "Feature",
      "geometry": {
        "coordinates": [
          -7.542609666,
          7.581276319
        ],
        "type": "Point"
      },
      "properties": {
        "ADM0_FR": "MONTAGNES",
        "ADM0_PCODE": "CI09",
        "ADM1_FR": "TONKPI",
        "ADM1_PCODE": "CI132",
        "ADM2_FR": "MAN",
        "ADM2_PCODE": "CI3203",
        "ADM3_FR": "SANDOUGOU-SOBA",
        "ADM3_PCODE": "CI320307",
        "ADM4_FR": "GBATODIE",
        "ADM4_PCODE": "CIV2982",
        "centerLat": 7.581276319,
        "centerLng": -7.542609666,
        "pop": 456,
        "score": 456,
        "whiteLoc": 1
      },
      "id": 275
    },
    {
      "type": "Feature",
      "geometry": {
        "coordinates": [
          -7.626177276,
          7.523428074
        ],
        "type": "Point"
      },
      "properties": {
        "ADM0_FR": "MONTAGNES",
        "ADM0_PCODE": "CI09",
        "ADM1_FR": "TONKPI",
        "ADM1_PCODE": "CI132",
        "ADM2_FR": "MAN",
        "ADM2_PCODE": "CI3203",
        "ADM3_FR": "MAN",
        "ADM3_PCODE": "CI320301",
        "ADM4_FR": "GBATONGOUIN",
        "ADM4_PCODE": "CIV2983",
        "centerLat": 7.523428074,
        "centerLng": -7.626177276,
        "pop": 1612,
        "score": 1612,
        "whiteLoc": 1
      },
      "id": 276
    },
    {
      "type": "Feature",
      "geometry": {
        "coordinates": [
          -7.466985815,
          7.723130556
        ],
        "type": "Point"
      },
      "properties": {
        "ADM0_FR": "MONTAGNES",
        "ADM0_PCODE": "CI09",
        "ADM1_FR": "TONKPI",
        "ADM1_PCODE": "CI132",
        "ADM2_FR": "BIANKOUMA",
        "ADM2_PCODE": "CI3201",
        "ADM3_FR": "KPATA",
        "ADM3_PCODE": "CI320106",
        "ADM4_FR": "GBEGUI",
        "ADM4_PCODE": "CIV2994",
        "centerLat": 7.723130556,
        "centerLng": -7.466985815,
        "pop": 124,
        "score": 124,
        "whiteLoc": 1
      },
      "id": 277
    },
    {
      "type": "Feature",
      "geometry": {
        "coordinates": [
          -4.727727231,
          5.19187826
        ],
        "type": "Point"
      },
      "properties": {
        "ADM0_FR": "LAGUNES",
        "ADM0_PCODE": "CI08",
        "ADM1_FR": "GRANDS-PONTS",
        "ADM1_PCODE": "CI115",
        "ADM2_FR": "JACQUEVILLE",
        "ADM2_PCODE": "CI1503",
        "ADM3_FR": "JACQUEVILLE",
        "ADM3_PCODE": "CI150301",
        "ADM4_FR": "GBEHIRI",
        "ADM4_PCODE": "CIV2997",
        "centerLat": 5.19187826,
        "centerLng": -4.727727231,
        "pop": 264,
        "score": 264,
        "whiteLoc": 1
      },
      "id": 278
    },
    {
      "type": "Feature",
      "geometry": {
        "coordinates": [
          -7.445030507,
          8.135961229
        ],
        "type": "Point"
      },
      "properties": {
        "ADM0_FR": "WOROBA",
        "ADM0_PCODE": "CI13",
        "ADM1_FR": "BAFING",
        "ADM1_PCODE": "CI104",
        "ADM2_FR": "TOUBA",
        "ADM2_PCODE": "CI0403",
        "ADM3_FR": "DIOMAN",
        "ADM3_PCODE": "CI040302",
        "ADM4_FR": "GBEKA",
        "ADM4_PCODE": "CIV3000",
        "centerLat": 8.135961229,
        "centerLng": -7.445030507,
        "pop": 303,
        "score": 303,
        "whiteLoc": 1
      },
      "id": 279
    },
    {
      "type": "Feature",
      "geometry": {
        "coordinates": [
          -7.370808575,
          5.29145304
        ],
        "type": "Point"
      },
      "properties": {
        "ADM0_FR": "BAS-SASSANDRA",
        "ADM0_PCODE": "CI01",
        "ADM1_FR": "SAN-PEDRO",
        "ADM1_PCODE": "CI129",
        "ADM2_FR": "TABOU",
        "ADM2_PCODE": "CI2902",
        "ADM3_FR": "DJOUROUTOU",
        "ADM3_PCODE": "CI290204",
        "ADM4_FR": "GBELETO",
        "ADM4_PCODE": "CIV3004",
        "centerLat": 5.29145304,
        "centerLng": -7.370808575,
        "pop": 1146,
        "score": 1146,
        "whiteLoc": 1
      },
      "id": 280
    },
    {
      "type": "Feature",
      "geometry": {
        "coordinates": [
          -3.348839427,
          9.524497802
        ],
        "type": "Point"
      },
      "properties": {
        "ADM0_FR": "ZANZAN",
        "ADM0_PCODE": "CI14",
        "ADM1_FR": "BOUNKANI",
        "ADM1_PCODE": "CI108",
        "ADM2_FR": "DOROPO",
        "ADM2_PCODE": "CI0802",
        "ADM3_FR": "NIAMOUE",
        "ADM3_PCODE": "CI080204",
        "ADM4_FR": "GBELTAN",
        "ADM4_PCODE": "CIV3010",
        "centerLat": 9.524497802,
        "centerLng": -3.348839427,
        "pop": 250,
        "score": 250,
        "whiteLoc": 1
      },
      "id": 281
    },
    {
      "type": "Feature",
      "geometry": {
        "coordinates": [
          -7.724635727,
          7.515954433
        ],
        "type": "Point"
      },
      "properties": {
        "ADM0_FR": "MONTAGNES",
        "ADM0_PCODE": "CI09",
        "ADM1_FR": "TONKPI",
        "ADM1_PCODE": "CI132",
        "ADM2_FR": "BIANKOUMA",
        "ADM2_PCODE": "CI3201",
        "ADM3_FR": "BLAPLEU",
        "ADM3_PCODE": "CI320102",
        "ADM4_FR": "GBENE",
        "ADM4_PCODE": "CIV3015",
        "centerLat": 7.515954433,
        "centerLng": -7.724635727,
        "pop": 3233,
        "score": 3233,
        "whiteLoc": 1
      },
      "id": 282
    },
    {
      "type": "Feature",
      "geometry": {
        "coordinates": [
          -7.4209899,
          9.5040306
        ],
        "type": "Point"
      },
      "properties": {
        "ADM0_FR": "DENGUELE",
        "ADM0_PCODE": "CI03",
        "ADM1_FR": "KABADOUGOU",
        "ADM1_PCODE": "CI121",
        "ADM2_FR": "ODIENNE",
        "ADM2_PCODE": "CI2103",
        "ADM3_FR": "ODIENNE",
        "ADM3_PCODE": "CI210301",
        "ADM4_FR": "GBEREDOUGOU",
        "ADM4_PCODE": "CIV3018",
        "centerLat": 9.5040306,
        "centerLng": -7.4209899,
        "pop": 528,
        "score": 528,
        "whiteLoc": 1
      },
      "id": 283
    },
    {
      "type": "Feature",
      "geometry": {
        "coordinates": [
          -4.299390494,
          8.270988894
        ],
        "type": "Point"
      },
      "properties": {
        "ADM0_FR": "VALLEE DU BANDAMA",
        "ADM0_PCODE": "CI12",
        "ADM1_FR": "HAMBOL",
        "ADM1_PCODE": "CI117",
        "ADM2_FR": "DABAKALA",
        "ADM2_PCODE": "CI1701",
        "ADM3_FR": "YAOSSEDOUGOU",
        "ADM3_PCODE": "CI170110",
        "ADM4_FR": "GBEREKORO NOUMOUSSO",
        "ADM4_PCODE": "CIV3020",
        "centerLat": 8.270988894,
        "centerLng": -4.299390494,
        "pop": 1066,
        "score": 1066,
        "whiteLoc": 1
      },
      "id": 284
    },
    {
      "type": "Feature",
      "geometry": {
        "coordinates": [
          -7.8692156,
          9.4774663
        ],
        "type": "Point"
      },
      "properties": {
        "ADM0_FR": "DENGUELE",
        "ADM0_PCODE": "CI03",
        "ADM1_FR": "KABADOUGOU",
        "ADM1_PCODE": "CI121",
        "ADM2_FR": "GBELEBAN",
        "ADM2_PCODE": "CI2101",
        "ADM3_FR": "SEYDOUGOU",
        "ADM3_PCODE": "CI210103",
        "ADM4_FR": "GBESSASSO",
        "ADM4_PCODE": "CIV3022",
        "centerLat": 9.4774663,
        "centerLng": -7.8692156,
        "pop": 947,
        "score": 947,
        "whiteLoc": 1
      },
      "id": 285
    },
    {
      "type": "Feature",
      "geometry": {
        "coordinates": [
          -3.102033914,
          9.180142854
        ],
        "type": "Point"
      },
      "properties": {
        "ADM0_FR": "ZANZAN",
        "ADM0_PCODE": "CI14",
        "ADM1_FR": "BOUNKANI",
        "ADM1_PCODE": "CI108",
        "ADM2_FR": "BOUNA",
        "ADM2_PCODE": "CI0801",
        "ADM3_FR": "BOUNA",
        "ADM3_PCODE": "CI080102",
        "ADM4_FR": "GBODOUO",
        "ADM4_PCODE": "CIV3061",
        "centerLat": 9.180142854,
        "centerLng": -3.102033914,
        "pop": 232,
        "score": 232,
        "whiteLoc": 1
      },
      "id": 286
    },
    {
      "type": "Feature",
      "geometry": {
        "coordinates": [
          -5.49362956,
          9.270843262
        ],
        "type": "Point"
      },
      "properties": {
        "ADM0_FR": "SAVANES",
        "ADM0_PCODE": "CI11",
        "ADM1_FR": "PORO",
        "ADM1_PCODE": "CI128",
        "ADM2_FR": "KORHOGO",
        "ADM2_PCODE": "CI2802",
        "ADM3_FR": "NAPIEOLEDOUGOU",
        "ADM3_PCODE": "CI280212",
        "ADM4_FR": "GBOMALEKAHA",
        "ADM4_PCODE": "CIV3080",
        "centerLat": 9.270843262,
        "centerLng": -5.49362956,
        "pop": 220,
        "score": 220,
        "whiteLoc": 1
      },
      "id": 287
    },
    {
      "type": "Feature",
      "geometry": {
        "coordinates": [
          -6.600729614,
          7.890111457
        ],
        "type": "Point"
      },
      "properties": {
        "ADM0_FR": "WOROBA",
        "ADM0_PCODE": "CI13",
        "ADM1_FR": "WORODOUGOU",
        "ADM1_PCODE": "CI133",
        "ADM2_FR": "SEGUELA",
        "ADM2_PCODE": "CI3302",
        "ADM3_FR": "SEGUELA",
        "ADM3_PCODE": "CI330201",
        "ADM4_FR": "GBONA",
        "ADM4_PCODE": "CIV3086",
        "centerLat": 7.890111457,
        "centerLng": -6.600729614,
        "pop": 859,
        "score": 859,
        "whiteLoc": 1
      },
      "id": 288
    },
    {
      "type": "Feature",
      "geometry": {
        "coordinates": [
          -3.177168366,
          9.693263191
        ],
        "type": "Point"
      },
      "properties": {
        "ADM0_FR": "ZANZAN",
        "ADM0_PCODE": "CI14",
        "ADM1_FR": "BOUNKANI",
        "ADM1_PCODE": "CI108",
        "ADM2_FR": "DOROPO",
        "ADM2_PCODE": "CI0802",
        "ADM3_FR": "KALAMON",
        "ADM3_PCODE": "CI080203",
        "ADM4_FR": "GBONKODOUO",
        "ADM4_PCODE": "CIV3093",
        "centerLat": 9.693263191,
        "centerLng": -3.177168366,
        "pop": 136,
        "score": 136,
        "whiteLoc": 1
      },
      "id": 289
    },
    {
      "type": "Feature",
      "geometry": {
        "coordinates": [
          -3.360884008,
          9.614528814
        ],
        "type": "Point"
      },
      "properties": {
        "ADM0_FR": "ZANZAN",
        "ADM0_PCODE": "CI14",
        "ADM1_FR": "BOUNKANI",
        "ADM1_PCODE": "CI108",
        "ADM2_FR": "DOROPO",
        "ADM2_PCODE": "CI0802",
        "ADM3_FR": "NIAMOUE",
        "ADM3_PCODE": "CI080204",
        "ADM4_FR": "GBONKOLOU",
        "ADM4_PCODE": "CIV3094",
        "centerLat": 9.614528814,
        "centerLng": -3.360884008,
        "pop": 306,
        "score": 306,
        "whiteLoc": 1
      },
      "id": 290
    },
    {
      "type": "Feature",
      "geometry": {
        "coordinates": [
          -2.898233339,
          8.700611219
        ],
        "type": "Point"
      },
      "properties": {
        "ADM0_FR": "ZANZAN",
        "ADM0_PCODE": "CI14",
        "ADM1_FR": "BOUNKANI",
        "ADM1_PCODE": "CI108",
        "ADM2_FR": "BOUNA",
        "ADM2_PCODE": "CI0801",
        "ADM3_FR": "YOUNDOUO",
        "ADM3_PCODE": "CI080105",
        "ADM4_FR": "GBORONKILDOUO",
        "ADM4_PCODE": "CIV3106",
        "centerLat": 8.700611219,
        "centerLng": -2.898233339,
        "pop": 2012,
        "score": 2012,
        "whiteLoc": 1
      },
      "id": 291
    },
    {
      "type": "Feature",
      "geometry": {
        "coordinates": [
          -4.787503765,
          5.230298628
        ],
        "type": "Point"
      },
      "properties": {
        "ADM0_FR": "LAGUNES",
        "ADM0_PCODE": "CI08",
        "ADM1_FR": "GRANDS-PONTS",
        "ADM1_PCODE": "CI115",
        "ADM2_FR": "JACQUEVILLE",
        "ADM2_PCODE": "CI1503",
        "ADM3_FR": "ATTOUTOU",
        "ADM3_PCODE": "CI150302",
        "ADM4_FR": "GBOYO",
        "ADM4_PCODE": "CIV3117",
        "centerLat": 5.230298628,
        "centerLng": -4.787503765,
        "pop": 2228,
        "score": 2228,
        "whiteLoc": 1
      },
      "id": 292
    },
    {
      "type": "Feature",
      "geometry": {
        "coordinates": [
          -6.079819082,
          6.553873289
        ],
        "type": "Point"
      },
      "properties": {
        "ADM0_FR": "SASSANDRA-MARAHOUE",
        "ADM0_PCODE": "CI10",
        "ADM1_FR": "MARAHOUE",
        "ADM1_PCODE": "CI123",
        "ADM2_FR": "SINFRA",
        "ADM2_PCODE": "CI2302",
        "ADM3_FR": "KOUETINFLA",
        "ADM3_PCODE": "CI230204",
        "ADM4_FR": "GBRIZOKRO",
        "ADM4_PCODE": "CIV3121",
        "centerLat": 6.553873289,
        "centerLng": -6.079819082,
        "pop": 1999,
        "score": 1999,
        "whiteLoc": 1
      },
      "id": 293
    },
    {
      "type": "Feature",
      "geometry": {
        "coordinates": [
          -7.530162407,
          7.251435512
        ],
        "type": "Point"
      },
      "properties": {
        "ADM0_FR": "MONTAGNES",
        "ADM0_PCODE": "CI09",
        "ADM1_FR": "TONKPI",
        "ADM1_PCODE": "CI132",
        "ADM2_FR": "MAN",
        "ADM2_PCODE": "CI3203",
        "ADM3_FR": "BOGOUINE",
        "ADM3_PCODE": "CI320302",
        "ADM4_FR": "GLEGOUINE",
        "ADM4_PCODE": "CIV3132",
        "centerLat": 7.251435512,
        "centerLng": -7.530162407,
        "pop": 716,
        "score": 716,
        "whiteLoc": 1
      },
      "id": 294
    },
    {
      "type": "Feature",
      "geometry": {
        "coordinates": [
          -7.431590593,
          4.378664336
        ],
        "type": "Point"
      },
      "properties": {
        "ADM0_FR": "BAS-SASSANDRA",
        "ADM0_PCODE": "CI01",
        "ADM1_FR": "SAN-PEDRO",
        "ADM1_PCODE": "CI129",
        "ADM2_FR": "TABOU",
        "ADM2_PCODE": "CI2902",
        "ADM3_FR": "TABOU",
        "ADM3_PCODE": "CI290201",
        "ADM4_FR": "GLEROKE",
        "ADM4_PCODE": "CIV3136",
        "centerLat": 4.378664336,
        "centerLng": -7.431590593,
        "pop": 318,
        "score": 318,
        "whiteLoc": 1
      },
      "id": 295
    },
    {
      "type": "Feature",
      "geometry": {
        "coordinates": [
          -7.279235791,
          4.772830085
        ],
        "type": "Point"
      },
      "properties": {
        "ADM0_FR": "BAS-SASSANDRA",
        "ADM0_PCODE": "CI01",
        "ADM1_FR": "SAN-PEDRO",
        "ADM1_PCODE": "CI129",
        "ADM2_FR": "SAN-PEDRO",
        "ADM2_PCODE": "CI2901",
        "ADM3_FR": "GRAND-BEREBY",
        "ADM3_PCODE": "CI290105",
        "ADM4_FR": "GLIKE",
        "ADM4_PCODE": "CIV3138",
        "centerLat": 4.772830085,
        "centerLng": -7.279235791,
        "pop": 10374,
        "score": 10374,
        "whiteLoc": 1
      },
      "id": 296
    },
    {
      "type": "Feature",
      "geometry": {
        "coordinates": [
          -8.301493917,
          6.632787477
        ],
        "type": "Point"
      },
      "properties": {
        "ADM0_FR": "MONTAGNES",
        "ADM0_PCODE": "CI09",
        "ADM1_FR": "TONKPI",
        "ADM1_PCODE": "CI132",
        "ADM2_FR": "ZOUAN-HOUNIEN",
        "ADM2_PCODE": "CI3205",
        "ADM3_FR": "GOULALEU",
        "ADM3_PCODE": "CI320504",
        "ADM4_FR": "GLIOULEU",
        "ADM4_PCODE": "CIV3144",
        "centerLat": 6.632787477,
        "centerLng": -8.301493917,
        "pop": 1155,
        "score": 1155,
        "whiteLoc": 1
      },
      "id": 297
    },
    {
      "type": "Feature",
      "geometry": {
        "coordinates": [
          -7.520525545,
          7.221953993
        ],
        "type": "Point"
      },
      "properties": {
        "ADM0_FR": "MONTAGNES",
        "ADM0_PCODE": "CI09",
        "ADM1_FR": "TONKPI",
        "ADM1_PCODE": "CI132",
        "ADM2_FR": "MAN",
        "ADM2_PCODE": "CI3203",
        "ADM3_FR": "BOGOUINE",
        "ADM3_PCODE": "CI320302",
        "ADM4_FR": "GLOLE",
        "ADM4_PCODE": "CIV3147",
        "centerLat": 7.221953993,
        "centerLng": -7.520525545,
        "pop": 1801,
        "score": 1801,
        "whiteLoc": 1
      },
      "id": 298
    },
    {
      "type": "Feature",
      "geometry": {
        "coordinates": [
          -4.909002573,
          7.548262921
        ],
        "type": "Point"
      },
      "properties": {
        "ADM0_FR": "VALLEE DU BANDAMA",
        "ADM0_PCODE": "CI12",
        "ADM1_FR": "GBEKE",
        "ADM1_PCODE": "CI111",
        "ADM2_FR": "BOUAKE",
        "ADM2_PCODE": "CI1103",
        "ADM3_FR": "BOUAKE",
        "ADM3_PCODE": "CI110301",
        "ADM4_FR": "GLOUBOUEKRO",
        "ADM4_PCODE": "CIV3157",
        "centerLat": 7.548262921,
        "centerLng": -4.909002573,
        "pop": 589,
        "score": 589,
        "whiteLoc": 1
      },
      "id": 299
    },
    {
      "type": "Feature",
      "geometry": {
        "coordinates": [
          -3.107814268,
          9.128808262
        ],
        "type": "Point"
      },
      "properties": {
        "ADM0_FR": "ZANZAN",
        "ADM0_PCODE": "CI14",
        "ADM1_FR": "BOUNKANI",
        "ADM1_PCODE": "CI108",
        "ADM2_FR": "BOUNA",
        "ADM2_PCODE": "CI0801",
        "ADM3_FR": "BOUNA",
        "ADM3_PCODE": "CI080102",
        "ADM4_FR": "GNADITEDOUO",
        "ADM4_PCODE": "CIV3159",
        "centerLat": 9.128808262,
        "centerLng": -3.107814268,
        "pop": 168,
        "score": 168,
        "whiteLoc": 1
      },
      "id": 300
    },
    {
      "type": "Feature",
      "geometry": {
        "coordinates": [
          -5.471952753,
          9.256621462
        ],
        "type": "Point"
      },
      "properties": {
        "ADM0_FR": "SAVANES",
        "ADM0_PCODE": "CI11",
        "ADM1_FR": "PORO",
        "ADM1_PCODE": "CI128",
        "ADM2_FR": "KORHOGO",
        "ADM2_PCODE": "CI2802",
        "ADM3_FR": "KOMBORODOUGOU",
        "ADM3_PCODE": "CI280207",
        "ADM4_FR": "GNAMATOLOH",
        "ADM4_PCODE": "CIV3182",
        "centerLat": 9.256621462,
        "centerLng": -5.471952753,
        "pop": 156,
        "score": 156,
        "whiteLoc": 1
      },
      "id": 301
    },
    {
      "type": "Feature",
      "geometry": {
        "coordinates": [
          -3.433050329,
          9.72548687
        ],
        "type": "Point"
      },
      "properties": {
        "ADM0_FR": "ZANZAN",
        "ADM0_PCODE": "CI14",
        "ADM1_FR": "BOUNKANI",
        "ADM1_PCODE": "CI108",
        "ADM2_FR": "DOROPO",
        "ADM2_PCODE": "CI0802",
        "ADM3_FR": "DOROPO",
        "ADM3_PCODE": "CI080202",
        "ADM4_FR": "GNANO-KOTE",
        "ADM4_PCODE": "CIV3195",
        "centerLat": 9.72548687,
        "centerLng": -3.433050329,
        "pop": 307,
        "score": 307,
        "whiteLoc": 1
      },
      "id": 302
    },
    {
      "type": "Feature",
      "geometry": {
        "coordinates": [
          -5.52273128,
          9.335962038
        ],
        "type": "Point"
      },
      "properties": {
        "ADM0_FR": "SAVANES",
        "ADM0_PCODE": "CI11",
        "ADM1_FR": "PORO",
        "ADM1_PCODE": "CI128",
        "ADM2_FR": "KORHOGO",
        "ADM2_PCODE": "CI2802",
        "ADM3_FR": "KARAKORO",
        "ADM3_PCODE": "CI280204",
        "ADM4_FR": "GNEGUIDIOKAHA",
        "ADM4_PCODE": "CIV3205",
        "centerLat": 9.335962038,
        "centerLng": -5.52273128,
        "pop": 291,
        "score": 291,
        "whiteLoc": 1
      },
      "id": 303
    },
    {
      "type": "Feature",
      "geometry": {
        "coordinates": [
          -3.141718594,
          9.571319156
        ],
        "type": "Point"
      },
      "properties": {
        "ADM0_FR": "ZANZAN",
        "ADM0_PCODE": "CI14",
        "ADM1_FR": "BOUNKANI",
        "ADM1_PCODE": "CI108",
        "ADM2_FR": "BOUNA",
        "ADM2_PCODE": "CI0801",
        "ADM3_FR": "BOUKO",
        "ADM3_PCODE": "CI080101",
        "ADM4_FR": "GNEMTA(GNEMTA KANDO)",
        "ADM4_PCODE": "CIV3207",
        "centerLat": 9.571319156,
        "centerLng": -3.141718594,
        "pop": 511,
        "score": 511,
        "whiteLoc": 1
      },
      "id": 304
    },
    {
      "type": "Feature",
      "geometry": {
        "coordinates": [
          -5.483669849,
          9.308029845
        ],
        "type": "Point"
      },
      "properties": {
        "ADM0_FR": "SAVANES",
        "ADM0_PCODE": "CI11",
        "ADM1_FR": "PORO",
        "ADM1_PCODE": "CI128",
        "ADM2_FR": "KORHOGO",
        "ADM2_PCODE": "CI2802",
        "ADM3_FR": "NAPIEOLEDOUGOU",
        "ADM3_PCODE": "CI280212",
        "ADM4_FR": "GNENESSIONKAHA",
        "ADM4_PCODE": "CIV3215",
        "centerLat": 9.308029845,
        "centerLng": -5.483669849,
        "pop": 511,
        "score": 511,
        "whiteLoc": 1
      },
      "id": 305
    },
    {
      "type": "Feature",
      "geometry": {
        "coordinates": [
          -5.8506904,
          9.89200902
        ],
        "type": "Point"
      },
      "properties": {
        "ADM0_FR": "SAVANES",
        "ADM0_PCODE": "CI11",
        "ADM1_FR": "PORO",
        "ADM1_PCODE": "CI128",
        "ADM2_FR": "M'BENGUE",
        "ADM2_PCODE": "CI2803",
        "ADM3_FR": "M'BENGUE",
        "ADM3_PCODE": "CI280301",
        "ADM4_FR": "GNENIFORI",
        "ADM4_PCODE": "CIV3216",
        "centerLat": 9.89200902,
        "centerLng": -5.8506904,
        "pop": 1933,
        "score": 1933,
        "whiteLoc": 1
      },
      "id": 306
    },
    {
      "type": "Feature",
      "geometry": {
        "coordinates": [
          -3.18213255,
          9.260039781
        ],
        "type": "Point"
      },
      "properties": {
        "ADM0_FR": "ZANZAN",
        "ADM0_PCODE": "CI14",
        "ADM1_FR": "BOUNKANI",
        "ADM1_PCODE": "CI108",
        "ADM2_FR": "BOUNA",
        "ADM2_PCODE": "CI0801",
        "ADM3_FR": "BOUNA",
        "ADM3_PCODE": "CI080102",
        "ADM4_FR": "GNINDIONDOUO",
        "ADM4_PCODE": "CIV3224",
        "centerLat": 9.260039781,
        "centerLng": -3.18213255,
        "pop": 543,
        "score": 543,
        "whiteLoc": 1
      },
      "id": 307
    },
    {
      "type": "Feature",
      "geometry": {
        "coordinates": [
          -4.04987797,
          9.794277003
        ],
        "type": "Point"
      },
      "properties": {
        "ADM0_FR": "ZANZAN",
        "ADM0_PCODE": "CI14",
        "ADM1_FR": "BOUNKANI",
        "ADM1_PCODE": "CI108",
        "ADM2_FR": "TEHINI",
        "ADM2_PCODE": "CI0804",
        "ADM3_FR": "TOUGBO",
        "ADM3_PCODE": "CI080403",
        "ADM4_FR": "GNINGNORA",
        "ADM4_PCODE": "CIV3228",
        "centerLat": 9.794277003,
        "centerLng": -4.04987797,
        "pop": 988,
        "score": 988,
        "whiteLoc": 1
      },
      "id": 308
    },
    {
      "type": "Feature",
      "geometry": {
        "coordinates": [
          -3.262543933,
          9.376272449
        ],
        "type": "Point"
      },
      "properties": {
        "ADM0_FR": "ZANZAN",
        "ADM0_PCODE": "CI14",
        "ADM1_FR": "BOUNKANI",
        "ADM1_PCODE": "CI108",
        "ADM2_FR": "BOUNA",
        "ADM2_PCODE": "CI0801",
        "ADM3_FR": "BOUNA",
        "ADM3_PCODE": "CI080102",
        "ADM4_FR": "GNOPARDOUO",
        "ADM4_PCODE": "CIV3243",
        "centerLat": 9.376272449,
        "centerLng": -3.262543933,
        "pop": 93,
        "score": 93,
        "whiteLoc": 1
      },
      "id": 309
    },
    {
      "type": "Feature",
      "geometry": {
        "coordinates": [
          -3.239454443,
          9.730287962
        ],
        "type": "Point"
      },
      "properties": {
        "ADM0_FR": "ZANZAN",
        "ADM0_PCODE": "CI14",
        "ADM1_FR": "BOUNKANI",
        "ADM1_PCODE": "CI108",
        "ADM2_FR": "DOROPO",
        "ADM2_PCODE": "CI0802",
        "ADM3_FR": "KALAMON",
        "ADM3_PCODE": "CI080203",
        "ADM4_FR": "GOBETAN",
        "ADM4_PCODE": "CIV3252",
        "centerLat": 9.730287962,
        "centerLng": -3.239454443,
        "pop": 205,
        "score": 205,
        "whiteLoc": 1
      },
      "id": 310
    },
    {
      "type": "Feature",
      "geometry": {
        "coordinates": [
          -3.013797227,
          8.676179441
        ],
        "type": "Point"
      },
      "properties": {
        "ADM0_FR": "ZANZAN",
        "ADM0_PCODE": "CI14",
        "ADM1_FR": "BOUNKANI",
        "ADM1_PCODE": "CI108",
        "ADM2_FR": "BOUNA",
        "ADM2_PCODE": "CI0801",
        "ADM3_FR": "YOUNDOUO",
        "ADM3_PCODE": "CI080105",
        "ADM4_FR": "GOMMIDOUO(GOMME)",
        "ADM4_PCODE": "CIV3334",
        "centerLat": 8.676179441,
        "centerLng": -3.013797227,
        "pop": 806,
        "score": 806,
        "whiteLoc": 1
      },
      "id": 311
    },
    {
      "type": "Feature",
      "geometry": {
        "coordinates": [
          -7.455293763,
          9.155533027
        ],
        "type": "Point"
      },
      "properties": {
        "ADM0_FR": "DENGUELE",
        "ADM0_PCODE": "CI03",
        "ADM1_FR": "KABADOUGOU",
        "ADM1_PCODE": "CI121",
        "ADM2_FR": "ODIENNE",
        "ADM2_PCODE": "CI2103",
        "ADM3_FR": "BAKO",
        "ADM3_PCODE": "CI210302",
        "ADM4_FR": "GONDIEDOUGOU",
        "ADM4_PCODE": "CIV3343",
        "centerLat": 9.155533027,
        "centerLng": -7.455293763,
        "pop": 717,
        "score": 717,
        "whiteLoc": 1
      },
      "id": 312
    },
    {
      "type": "Feature",
      "geometry": {
        "coordinates": [
          -3.684788287,
          9.826557104
        ],
        "type": "Point"
      },
      "properties": {
        "ADM0_FR": "ZANZAN",
        "ADM0_PCODE": "CI14",
        "ADM1_FR": "BOUNKANI",
        "ADM1_PCODE": "CI108",
        "ADM2_FR": "TEHINI",
        "ADM2_PCODE": "CI0804",
        "ADM3_FR": "GOGO",
        "ADM3_PCODE": "CI080402",
        "ADM4_FR": "GORE-SEMITE",
        "ADM4_PCODE": "CIV3357",
        "centerLat": 9.826557104,
        "centerLng": -3.684788287,
        "pop": 271,
        "score": 271,
        "whiteLoc": 1
      },
      "id": 313
    },
    {
      "type": "Feature",
      "geometry": {
        "coordinates": [
          -3.665744274,
          9.857484851
        ],
        "type": "Point"
      },
      "properties": {
        "ADM0_FR": "ZANZAN",
        "ADM0_PCODE": "CI14",
        "ADM1_FR": "BOUNKANI",
        "ADM1_PCODE": "CI108",
        "ADM2_FR": "TEHINI",
        "ADM2_PCODE": "CI0804",
        "ADM3_FR": "GOGO",
        "ADM3_PCODE": "CI080402",
        "ADM4_FR": "GORE-TONKORE",
        "ADM4_PCODE": "CIV3359",
        "centerLat": 9.857484851,
        "centerLng": -3.665744274,
        "pop": 431,
        "score": 431,
        "whiteLoc": 1
      },
      "id": 314
    },
    {
      "type": "Feature",
      "geometry": {
        "coordinates": [
          -3.710998318,
          9.847507175
        ],
        "type": "Point"
      },
      "properties": {
        "ADM0_FR": "ZANZAN",
        "ADM0_PCODE": "CI14",
        "ADM1_FR": "BOUNKANI",
        "ADM1_PCODE": "CI108",
        "ADM2_FR": "TEHINI",
        "ADM2_PCODE": "CI0804",
        "ADM3_FR": "GOGO",
        "ADM3_PCODE": "CI080402",
        "ADM4_FR": "GORE-TONTI",
        "ADM4_PCODE": "CIV3360",
        "centerLat": 9.847507175,
        "centerLng": -3.710998318,
        "pop": 106,
        "score": 106,
        "whiteLoc": 1
      },
      "id": 315
    },
    {
      "type": "Feature",
      "geometry": {
        "coordinates": [
          -3.243800557,
          8.29880292
        ],
        "type": "Point"
      },
      "properties": {
        "ADM0_FR": "ZANZAN",
        "ADM0_PCODE": "CI14",
        "ADM1_FR": "GONTOUGO",
        "ADM1_PCODE": "CI114",
        "ADM2_FR": "BONDOUKOU",
        "ADM2_PCODE": "CI1401",
        "ADM3_FR": "BONDO",
        "ADM3_PCODE": "CI140102",
        "ADM4_FR": "GORONGUI",
        "ADM4_PCODE": "CIV3362",
        "centerLat": 8.29880292,
        "centerLng": -3.243800557,
        "pop": 1847,
        "score": 1847,
        "whiteLoc": 1
      },
      "id": 316
    },
    {
      "type": "Feature",
      "geometry": {
        "coordinates": [
          -5.362949609,
          8.034978873
        ],
        "type": "Point"
      },
      "properties": {
        "ADM0_FR": "VALLEE DU BANDAMA",
        "ADM0_PCODE": "CI12",
        "ADM1_FR": "GBEKE",
        "ADM1_PCODE": "CI111",
        "ADM2_FR": "BOTRO",
        "ADM2_PCODE": "CI1102",
        "ADM3_FR": "BOTRO",
        "ADM3_PCODE": "CI110201",
        "ADM4_FR": "GOSSOLI-KONANKRO",
        "ADM4_PCODE": "CIV3366",
        "centerLat": 8.034978873,
        "centerLng": -5.362949609,
        "pop": 635,
        "score": 635,
        "whiteLoc": 1
      },
      "id": 317
    },
    {
      "type": "Feature",
      "geometry": {
        "coordinates": [
          -7.475257541,
          7.642201021
        ],
        "type": "Point"
      },
      "properties": {
        "ADM0_FR": "MONTAGNES",
        "ADM0_PCODE": "CI09",
        "ADM1_FR": "TONKPI",
        "ADM1_PCODE": "CI132",
        "ADM2_FR": "MAN",
        "ADM2_PCODE": "CI3203",
        "ADM3_FR": "SANDOUGOU-SOBA",
        "ADM3_PCODE": "CI320307",
        "ADM4_FR": "GOTONDIE",
        "ADM4_PCODE": "CIV3369",
        "centerLat": 7.642201021,
        "centerLng": -7.475257541,
        "pop": 57,
        "score": 57,
        "whiteLoc": 1
      },
      "id": 318
    },
    {
      "type": "Feature",
      "geometry": {
        "coordinates": [
          -7.517340637,
          8.525128583
        ],
        "type": "Point"
      },
      "properties": {
        "ADM0_FR": "WOROBA",
        "ADM0_PCODE": "CI13",
        "ADM1_FR": "BAFING",
        "ADM1_PCODE": "CI104",
        "ADM2_FR": "KORO",
        "ADM2_PCODE": "CI0401",
        "ADM3_FR": "KORO",
        "ADM3_PCODE": "CI040101",
        "ADM4_FR": "GOUAKE",
        "ADM4_PCODE": "CIV3380",
        "centerLat": 8.525128583,
        "centerLng": -7.517340637,
        "pop": 555,
        "score": 555,
        "whiteLoc": 1
      },
      "id": 319
    },
    {
      "type": "Feature",
      "geometry": {
        "coordinates": [
          -7.435998913,
          7.83107037
        ],
        "type": "Point"
      },
      "properties": {
        "ADM0_FR": "MONTAGNES",
        "ADM0_PCODE": "CI09",
        "ADM1_FR": "TONKPI",
        "ADM1_PCODE": "CI132",
        "ADM2_FR": "BIANKOUMA",
        "ADM2_PCODE": "CI3201",
        "ADM3_FR": "GOUINE",
        "ADM3_PCODE": "CI320105",
        "ADM4_FR": "GOUANE",
        "ADM4_PCODE": "CIV3388",
        "centerLat": 7.83107037,
        "centerLng": -7.435998913,
        "pop": 1727,
        "score": 1727,
        "whiteLoc": 1
      },
      "id": 320
    },
    {
      "type": "Feature",
      "geometry": {
        "coordinates": [
          -7.691366727,
          7.237507188
        ],
        "type": "Point"
      },
      "properties": {
        "ADM0_FR": "MONTAGNES",
        "ADM0_PCODE": "CI09",
        "ADM1_FR": "TONKPI",
        "ADM1_PCODE": "CI132",
        "ADM2_FR": "MAN",
        "ADM2_PCODE": "CI3203",
        "ADM3_FR": "BOGOUINE",
        "ADM3_PCODE": "CI320302",
        "ADM4_FR": "GOUEGOLE",
        "ADM4_PCODE": "CIV3397",
        "centerLat": 7.237507188,
        "centerLng": -7.691366727,
        "pop": 1060,
        "score": 1060,
        "whiteLoc": 1
      },
      "id": 321
    },
    {
      "type": "Feature",
      "geometry": {
        "coordinates": [
          -7.556203115,
          8.252858616
        ],
        "type": "Point"
      },
      "properties": {
        "ADM0_FR": "WOROBA",
        "ADM0_PCODE": "CI13",
        "ADM1_FR": "BAFING",
        "ADM1_PCODE": "CI104",
        "ADM2_FR": "TOUBA",
        "ADM2_PCODE": "CI0403",
        "ADM3_FR": "TOUBA",
        "ADM3_PCODE": "CI040301",
        "ADM4_FR": "GOUELA-TIENKO",
        "ADM4_PCODE": "CIV3409",
        "centerLat": 8.252858616,
        "centerLng": -7.556203115,
        "pop": 87,
        "score": 87,
        "whiteLoc": 1
      },
      "id": 322
    },
    {
      "type": "Feature",
      "geometry": {
        "coordinates": [
          -7.75004837,
          7.529588745
        ],
        "type": "Point"
      },
      "properties": {
        "ADM0_FR": "MONTAGNES",
        "ADM0_PCODE": "CI09",
        "ADM1_FR": "TONKPI",
        "ADM1_PCODE": "CI132",
        "ADM2_FR": "BIANKOUMA",
        "ADM2_PCODE": "CI3201",
        "ADM3_FR": "BLAPLEU",
        "ADM3_PCODE": "CI320102",
        "ADM4_FR": "GOUELE",
        "ADM4_PCODE": "CIV3410",
        "centerLat": 7.529588745,
        "centerLng": -7.75004837,
        "pop": 3616,
        "score": 3616,
        "whiteLoc": 1
      },
      "id": 323
    },
    {
      "type": "Feature",
      "geometry": {
        "coordinates": [
          -7.478872069,
          7.644850222
        ],
        "type": "Point"
      },
      "properties": {
        "ADM0_FR": "MONTAGNES",
        "ADM0_PCODE": "CI09",
        "ADM1_FR": "TONKPI",
        "ADM1_PCODE": "CI132",
        "ADM2_FR": "BIANKOUMA",
        "ADM2_PCODE": "CI3201",
        "ADM3_FR": "GBONNE",
        "ADM3_PCODE": "CI320104",
        "ADM4_FR": "GOUETIDIE",
        "ADM4_PCODE": "CIV3421",
        "centerLat": 7.644850222,
        "centerLng": -7.478872069,
        "pop": 490,
        "score": 490,
        "whiteLoc": 1
      },
      "id": 324
    },
    {
      "type": "Feature",
      "geometry": {
        "coordinates": [
          -7.72357117,
          7.538350156
        ],
        "type": "Point"
      },
      "properties": {
        "ADM0_FR": "MONTAGNES",
        "ADM0_PCODE": "CI09",
        "ADM1_FR": "TONKPI",
        "ADM1_PCODE": "CI132",
        "ADM2_FR": "MAN",
        "ADM2_PCODE": "CI3203",
        "ADM3_FR": "MAN",
        "ADM3_PCODE": "CI320301",
        "ADM4_FR": "GOULEDEPLEU",
        "ADM4_PCODE": "CIV3438",
        "centerLat": 7.538350156,
        "centerLng": -7.72357117,
        "pop": 963,
        "score": 963,
        "whiteLoc": 1
      },
      "id": 325
    },
    {
      "type": "Feature",
      "geometry": {
        "coordinates": [
          -3.684538853,
          9.862696831
        ],
        "type": "Point"
      },
      "properties": {
        "ADM0_FR": "ZANZAN",
        "ADM0_PCODE": "CI14",
        "ADM1_FR": "BOUNKANI",
        "ADM1_PCODE": "CI108",
        "ADM2_FR": "TEHINI",
        "ADM2_PCODE": "CI0804",
        "ADM3_FR": "GOGO",
        "ADM3_PCODE": "CI080402",
        "ADM4_FR": "GOULEGUETAN",
        "ADM4_PCODE": "CIV3439",
        "centerLat": 9.862696831,
        "centerLng": -3.684538853,
        "pop": 196,
        "score": 196,
        "whiteLoc": 1
      },
      "id": 326
    },
    {
      "type": "Feature",
      "geometry": {
        "coordinates": [
          -4.149955108,
          8.511308269
        ],
        "type": "Point"
      },
      "properties": {
        "ADM0_FR": "VALLEE DU BANDAMA",
        "ADM0_PCODE": "CI12",
        "ADM1_FR": "HAMBOL",
        "ADM1_PCODE": "CI117",
        "ADM2_FR": "DABAKALA",
        "ADM2_PCODE": "CI1701",
        "ADM3_FR": "TENDENE-BAMBARASSO",
        "ADM3_PCODE": "CI170109",
        "ADM4_FR": "GOUMBODOUGOU",
        "ADM4_PCODE": "CIV3443",
        "centerLat": 8.511308269,
        "centerLng": -4.149955108,
        "pop": 1091,
        "score": 1091,
        "whiteLoc": 1
      },
      "id": 327
    },
    {
      "type": "Feature",
      "geometry": {
        "coordinates": [
          -7.147963101,
          8.087712863
        ],
        "type": "Point"
      },
      "properties": {
        "ADM0_FR": "WOROBA",
        "ADM0_PCODE": "CI13",
        "ADM1_FR": "BAFING",
        "ADM1_PCODE": "CI104",
        "ADM2_FR": "TOUBA",
        "ADM2_PCODE": "CI0403",
        "ADM3_FR": "GUINTEGUELA",
        "ADM3_PCODE": "CI040304",
        "ADM4_FR": "GOURALO",
        "ADM4_PCODE": "CIV3451",
        "centerLat": 8.087712863,
        "centerLng": -7.147963101,
        "pop": 116,
        "score": 116,
        "whiteLoc": 1
      },
      "id": 328
    },
    {
      "type": "Feature",
      "geometry": {
        "coordinates": [
          -7.057180333,
          4.600238715
        ],
        "type": "Point"
      },
      "properties": {
        "ADM0_FR": "BAS-SASSANDRA",
        "ADM0_PCODE": "CI01",
        "ADM1_FR": "SAN-PEDRO",
        "ADM1_PCODE": "CI129",
        "ADM2_FR": "SAN-PEDRO",
        "ADM2_PCODE": "CI2901",
        "ADM3_FR": "GRAND-BEREBY",
        "ADM3_PCODE": "CI290105",
        "ADM4_FR": "GRAND-DJORO",
        "ADM4_PCODE": "CIV3486",
        "centerLat": 4.600238715,
        "centerLng": -7.057180333,
        "pop": 108,
        "score": 108,
        "whiteLoc": 1
      },
      "id": 329
    },
    {
      "type": "Feature",
      "geometry": {
        "coordinates": [
          -5.934388402,
          7.517741624
        ],
        "type": "Point"
      },
      "properties": {
        "ADM0_FR": "SASSANDRA-MARAHOUE",
        "ADM0_PCODE": "CI10",
        "ADM1_FR": "MARAHOUE",
        "ADM1_PCODE": "CI123",
        "ADM2_FR": "ZUENOULA",
        "ADM2_PCODE": "CI2303",
        "ADM3_FR": "GOHITAFLA",
        "ADM3_PCODE": "CI230302",
        "ADM4_FR": "GRAZRA",
        "ADM4_PCODE": "CIV3496",
        "centerLat": 7.517741624,
        "centerLng": -5.934388402,
        "pop": 877,
        "score": 877,
        "whiteLoc": 1
      },
      "id": 330
    },
    {
      "type": "Feature",
      "geometry": {
        "coordinates": [
          -8.265338573,
          7.287375374
        ],
        "type": "Point"
      },
      "properties": {
        "ADM0_FR": "MONTAGNES",
        "ADM0_PCODE": "CI09",
        "ADM1_FR": "TONKPI",
        "ADM1_PCODE": "CI132",
        "ADM2_FR": "DANANE",
        "ADM2_PCODE": "CI3202",
        "ADM3_FR": "KOUAN-HOULE",
        "ADM3_PCODE": "CI320204",
        "ADM4_FR": "GUETTA",
        "ADM4_PCODE": "CIV3566",
        "centerLat": 7.287375374,
        "centerLng": -8.265338573,
        "pop": 579,
        "score": 579,
        "whiteLoc": 1
      },
      "id": 331
    },
    {
      "type": "Feature",
      "geometry": {
        "coordinates": [
          -8.288452258,
          7.139599988
        ],
        "type": "Point"
      },
      "properties": {
        "ADM0_FR": "MONTAGNES",
        "ADM0_PCODE": "CI09",
        "ADM1_FR": "TONKPI",
        "ADM1_PCODE": "CI132",
        "ADM2_FR": "DANANE",
        "ADM2_PCODE": "CI3202",
        "ADM3_FR": "SEILEU",
        "ADM3_PCODE": "CI320206",
        "ADM4_FR": "GUEUDOLOUPLEU",
        "ADM4_PCODE": "CIV3569",
        "centerLat": 7.139599988,
        "centerLng": -8.288452258,
        "pop": 317,
        "score": 317,
        "whiteLoc": 1
      },
      "id": 332
    },
    {
      "type": "Feature",
      "geometry": {
        "coordinates": [
          -8.282240718,
          7.319350157
        ],
        "type": "Point"
      },
      "properties": {
        "ADM0_FR": "MONTAGNES",
        "ADM0_PCODE": "CI09",
        "ADM1_FR": "TONKPI",
        "ADM1_PCODE": "CI132",
        "ADM2_FR": "DANANE",
        "ADM2_PCODE": "CI3202",
        "ADM3_FR": "KOUAN-HOULE",
        "ADM3_PCODE": "CI320204",
        "ADM4_FR": "GUEUTAGBEUPLEU",
        "ADM4_PCODE": "CIV3574",
        "centerLat": 7.319350157,
        "centerLng": -8.282240718,
        "pop": 363,
        "score": 363,
        "whiteLoc": 1
      },
      "id": 333
    },
    {
      "type": "Feature",
      "geometry": {
        "coordinates": [
          -8.259172367,
          7.313337738
        ],
        "type": "Point"
      },
      "properties": {
        "ADM0_FR": "MONTAGNES",
        "ADM0_PCODE": "CI09",
        "ADM1_FR": "TONKPI",
        "ADM1_PCODE": "CI132",
        "ADM2_FR": "DANANE",
        "ADM2_PCODE": "CI3202",
        "ADM3_FR": "KOUAN-HOULE",
        "ADM3_PCODE": "CI320204",
        "ADM4_FR": "GUEUTEAGBEUPLEU",
        "ADM4_PCODE": "CIV3575",
        "centerLat": 7.313337738,
        "centerLng": -8.259172367,
        "pop": 478,
        "score": 478,
        "whiteLoc": 1
      },
      "id": 334
    },
    {
      "type": "Feature",
      "geometry": {
        "coordinates": [
          -7.580414129,
          4.833244897
        ],
        "type": "Point"
      },
      "properties": {
        "ADM0_FR": "BAS-SASSANDRA",
        "ADM0_PCODE": "CI01",
        "ADM1_FR": "SAN-PEDRO",
        "ADM1_PCODE": "CI129",
        "ADM2_FR": "TABOU",
        "ADM2_PCODE": "CI2902",
        "ADM3_FR": "GRABO",
        "ADM3_PCODE": "CI290205",
        "ADM4_FR": "GUIKLA",
        "ADM4_PCODE": "CIV3613",
        "centerLat": 4.833244897,
        "centerLng": -7.580414129,
        "pop": 89,
        "score": 89,
        "whiteLoc": 1
      },
      "id": 335
    },
    {
      "type": "Feature",
      "geometry": {
        "coordinates": [
          -2.881578758,
          8.055801222
        ],
        "type": "Point"
      },
      "properties": {
        "ADM0_FR": "ZANZAN",
        "ADM0_PCODE": "CI14",
        "ADM1_FR": "GONTOUGO",
        "ADM1_PCODE": "CI114",
        "ADM2_FR": "BONDOUKOU",
        "ADM2_PCODE": "CI1401",
        "ADM3_FR": "BONDOUKOU",
        "ADM3_PCODE": "CI140103",
        "ADM4_FR": "GUIMINI",
        "ADM4_PCODE": "CIV3620",
        "centerLat": 8.055801222,
        "centerLng": -2.881578758,
        "pop": 420,
        "score": 420,
        "whiteLoc": 1
      },
      "id": 336
    },
    {
      "type": "Feature",
      "geometry": {
        "coordinates": [
          -3.731489041,
          9.82439548
        ],
        "type": "Point"
      },
      "properties": {
        "ADM0_FR": "ZANZAN",
        "ADM0_PCODE": "CI14",
        "ADM1_FR": "BOUNKANI",
        "ADM1_PCODE": "CI108",
        "ADM2_FR": "TEHINI",
        "ADM2_PCODE": "CI0804",
        "ADM3_FR": "TEHINI",
        "ADM3_PCODE": "CI080401",
        "ADM4_FR": "HAGNON",
        "ADM4_PCODE": "CIV3642",
        "centerLat": 9.82439548,
        "centerLng": -3.731489041,
        "pop": 395,
        "score": 395,
        "whiteLoc": 1
      },
      "id": 337
    },
    {
      "type": "Feature",
      "geometry": {
        "coordinates": [
          -3.997049048,
          8.648298456
        ],
        "type": "Point"
      },
      "properties": {
        "ADM0_FR": "SAVANES",
        "ADM0_PCODE": "CI11",
        "ADM1_FR": "TCHOLOGO",
        "ADM1_PCODE": "CI131",
        "ADM2_FR": "KONG",
        "ADM2_PCODE": "CI3102",
        "ADM3_FR": "BILIMONO",
        "ADM3_PCODE": "CI310202",
        "ADM4_FR": "HAMARADOUGOU",
        "ADM4_PCODE": "CIV3645",
        "centerLat": 8.648298456,
        "centerLng": -3.997049048,
        "pop": 332,
        "score": 332,
        "whiteLoc": 1
      },
      "id": 338
    },
    {
      "type": "Feature",
      "geometry": {
        "coordinates": [
          -6.880640516,
          5.704327632
        ],
        "type": "Point"
      },
      "properties": {
        "ADM0_FR": "BAS-SASSANDRA",
        "ADM0_PCODE": "CI01",
        "ADM1_FR": "NAWA",
        "ADM1_PCODE": "CI126",
        "ADM2_FR": "MEAGUI",
        "ADM2_PCODE": "CI2603",
        "ADM3_FR": "GNANMANGUI",
        "ADM3_PCODE": "CI260402",
        "ADM4_FR": "HANAGBA",
        "ADM4_PCODE": "CIV3647",
        "centerLat": 5.704327632,
        "centerLng": -6.880640516,
        "pop": 1585,
        "score": 1585,
        "whiteLoc": 1
      },
      "id": 339
    },
    {
      "type": "Feature",
      "geometry": {
        "coordinates": [
          -3.230654808,
          9.705007271
        ],
        "type": "Point"
      },
      "properties": {
        "ADM0_FR": "ZANZAN",
        "ADM0_PCODE": "CI14",
        "ADM1_FR": "BOUNKANI",
        "ADM1_PCODE": "CI108",
        "ADM2_FR": "DOROPO",
        "ADM2_PCODE": "CI0802",
        "ADM3_FR": "DOROPO",
        "ADM3_PCODE": "CI080202",
        "ADM4_FR": "HOLARA",
        "ADM4_PCODE": "CIV3669",
        "centerLat": 9.705007271,
        "centerLng": -3.230654808,
        "pop": 74,
        "score": 74,
        "whiteLoc": 1
      },
      "id": 340
    },
    {
      "type": "Feature",
      "geometry": {
        "coordinates": [
          -3.013385414,
          9.125130572
        ],
        "type": "Point"
      },
      "properties": {
        "ADM0_FR": "ZANZAN",
        "ADM0_PCODE": "CI14",
        "ADM1_FR": "BOUNKANI",
        "ADM1_PCODE": "CI108",
        "ADM2_FR": "BOUNA",
        "ADM2_PCODE": "CI0801",
        "ADM3_FR": "ONDEFIDOUO",
        "ADM3_PCODE": "CI080103",
        "ADM4_FR": "HOMPOUNTEDOUO",
        "ADM4_PCODE": "CIV3671",
        "centerLat": 9.125130572,
        "centerLng": -3.013385414,
        "pop": 532,
        "score": 532,
        "whiteLoc": 1
      },
      "id": 341
    },
    {
      "type": "Feature",
      "geometry": {
        "coordinates": [
          -8.01465169,
          7.84811123
        ],
        "type": "Point"
      },
      "properties": {
        "ADM0_FR": "MONTAGNES",
        "ADM0_PCODE": "CI09",
        "ADM1_FR": "TONKPI",
        "ADM1_PCODE": "CI132",
        "ADM2_FR": "SIPILOU",
        "ADM2_PCODE": "CI3204",
        "ADM3_FR": "SIPILOU",
        "ADM3_PCODE": "CI320401",
        "ADM4_FR": "IBAVILLE",
        "ADM4_PCODE": "CIV3680",
        "centerLat": 7.84811123,
        "centerLng": -8.01465169,
        "pop": 135,
        "score": 135,
        "whiteLoc": 1
      },
      "id": 342
    },
    {
      "type": "Feature",
      "geometry": {
        "coordinates": [
          -2.918470743,
          9.271821121
        ],
        "type": "Point"
      },
      "properties": {
        "ADM0_FR": "ZANZAN",
        "ADM0_PCODE": "CI14",
        "ADM1_FR": "BOUNKANI",
        "ADM1_PCODE": "CI108",
        "ADM2_FR": "BOUNA",
        "ADM2_PCODE": "CI0801",
        "ADM3_FR": "BOUNA",
        "ADM3_PCODE": "CI080102",
        "ADM4_FR": "IPERDOUO",
        "ADM4_PCODE": "CIV3696",
        "centerLat": 9.271821121,
        "centerLng": -2.918470743,
        "pop": 18,
        "score": 18,
        "whiteLoc": 1
      },
      "id": 343
    },
    {
      "type": "Feature",
      "geometry": {
        "coordinates": [
          -7.56032123,
          4.756928444
        ],
        "type": "Point"
      },
      "properties": {
        "ADM0_FR": "BAS-SASSANDRA",
        "ADM0_PCODE": "CI01",
        "ADM1_FR": "SAN-PEDRO",
        "ADM1_PCODE": "CI129",
        "ADM2_FR": "TABOU",
        "ADM2_PCODE": "CI2902",
        "ADM3_FR": "OLODIO",
        "ADM3_PCODE": "CI290206",
        "ADM4_FR": "IRATO",
        "ADM4_PCODE": "CIV3702",
        "centerLat": 4.756928444,
        "centerLng": -7.56032123,
        "pop": 234,
        "score": 234,
        "whiteLoc": 1
      },
      "id": 344
    },
    {
      "type": "Feature",
      "geometry": {
        "coordinates": [
          -7.543687499,
          4.676763203
        ],
        "type": "Point"
      },
      "properties": {
        "ADM0_FR": "BAS-SASSANDRA",
        "ADM0_PCODE": "CI01",
        "ADM1_FR": "SAN-PEDRO",
        "ADM1_PCODE": "CI129",
        "ADM2_FR": "TABOU",
        "ADM2_PCODE": "CI2902",
        "ADM3_FR": "OLODIO",
        "ADM3_PCODE": "CI290206",
        "ADM4_FR": "IROUTOU",
        "ADM4_PCODE": "CIV3714",
        "centerLat": 4.676763203,
        "centerLng": -7.543687499,
        "pop": 455,
        "score": 455,
        "whiteLoc": 1
      },
      "id": 345
    },
    {
      "type": "Feature",
      "geometry": {
        "coordinates": [
          -7.845447729,
          7.2387355
        ],
        "type": "Point"
      },
      "properties": {
        "ADM0_FR": "MONTAGNES",
        "ADM0_PCODE": "CI09",
        "ADM1_FR": "TONKPI",
        "ADM1_PCODE": "CI132",
        "ADM2_FR": "DANANE",
        "ADM2_PCODE": "CI3202",
        "ADM3_FR": "MAHAPLEU",
        "ADM3_PCODE": "CI320205",
        "ADM4_FR": "ISSONNEU",
        "ADM4_PCODE": "CIV3716",
        "centerLat": 7.2387355,
        "centerLng": -7.845447729,
        "pop": 1574,
        "score": 1574,
        "whiteLoc": 1
      },
      "id": 346
    },
    {
      "type": "Feature",
      "geometry": {
        "coordinates": [
          -6.961253721,
          9.709039478
        ],
        "type": "Point"
      },
      "properties": {
        "ADM0_FR": "DENGUELE",
        "ADM0_PCODE": "CI03",
        "ADM1_FR": "KABADOUGOU",
        "ADM1_PCODE": "CI121",
        "ADM2_FR": "MADINANI",
        "ADM2_PCODE": "CI2102",
        "ADM3_FR": "MADINANI",
        "ADM3_PCODE": "CI210201",
        "ADM4_FR": "KADIASSO",
        "ADM4_PCODE": "CIV3748",
        "centerLat": 9.709039478,
        "centerLng": -6.961253721,
        "pop": 1552,
        "score": 1552,
        "whiteLoc": 1
      },
      "id": 347
    },
    {
      "type": "Feature",
      "geometry": {
        "coordinates": [
          -7.621132367,
          9.657303405
        ],
        "type": "Point"
      },
      "properties": {
        "ADM0_FR": "DENGUELE",
        "ADM0_PCODE": "CI03",
        "ADM1_FR": "KABADOUGOU",
        "ADM1_PCODE": "CI121",
        "ADM2_FR": "SAMATIGUILA",
        "ADM2_PCODE": "CI2104",
        "ADM3_FR": "KIMBIRILA-SUD",
        "ADM3_PCODE": "CI210402",
        "ADM4_FR": "KADIOLA",
        "ADM4_PCODE": "CIV3754",
        "centerLat": 9.657303405,
        "centerLng": -7.621132367,
        "pop": 787,
        "score": 787,
        "whiteLoc": 1
      },
      "id": 348
    },
    {
      "type": "Feature",
      "geometry": {
        "coordinates": [
          -2.749151162,
          5.168257816
        ],
        "type": "Point"
      },
      "properties": {
        "ADM0_FR": "COMOE",
        "ADM0_PCODE": "CI02",
        "ADM1_FR": "SUD-COMOE",
        "ADM1_PCODE": "CI130",
        "ADM2_FR": "TIAPOUM",
        "ADM2_PCODE": "CI3004",
        "ADM3_FR": "NOE",
        "ADM3_PCODE": "CI300402",
        "ADM4_FR": "KADJA-GNANZOUKRO",
        "ADM4_PCODE": "CIV3756",
        "centerLat": 5.168257816,
        "centerLng": -2.749151162,
        "pop": 643,
        "score": 643,
        "whiteLoc": 1
      },
      "id": 349
    },
    {
      "type": "Feature",
      "geometry": {
        "coordinates": [
          -6.011092094,
          4.974568045
        ],
        "type": "Point"
      },
      "properties": {
        "ADM0_FR": "BAS-SASSANDRA",
        "ADM0_PCODE": "CI01",
        "ADM1_FR": "GBOKLE",
        "ADM1_PCODE": "CI112",
        "ADM2_FR": "SASSANDRA",
        "ADM2_PCODE": "CI1202",
        "ADM3_FR": "SASSANDRA",
        "ADM3_PCODE": "CI120201",
        "ADM4_FR": "KADROKPA 1",
        "ADM4_PCODE": "CIV3759",
        "centerLat": 4.974568045,
        "centerLng": -6.011092094,
        "pop": 213,
        "score": 213,
        "whiteLoc": 1
      },
      "id": 350
    },
    {
      "type": "Feature",
      "geometry": {
        "coordinates": [
          -5.773987348,
          9.597095472
        ],
        "type": "Point"
      },
      "properties": {
        "ADM0_FR": "SAVANES",
        "ADM0_PCODE": "CI11",
        "ADM1_FR": "PORO",
        "ADM1_PCODE": "CI128",
        "ADM2_FR": "KORHOGO",
        "ADM2_PCODE": "CI2802",
        "ADM3_FR": "KONI",
        "ADM3_PCODE": "CI280208",
        "ADM4_FR": "KAFA",
        "ADM4_PCODE": "CIV3762",
        "centerLat": 9.597095472,
        "centerLng": -5.773987348,
        "pop": 1015,
        "score": 1015,
        "whiteLoc": 1
      },
      "id": 351
    },
    {
      "type": "Feature",
      "geometry": {
        "coordinates": [
          -5.565242344,
          9.647528554
        ],
        "type": "Point"
      },
      "properties": {
        "ADM0_FR": "SAVANES",
        "ADM0_PCODE": "CI11",
        "ADM1_FR": "PORO",
        "ADM1_PCODE": "CI128",
        "ADM2_FR": "KORHOGO",
        "ADM2_PCODE": "CI2802",
        "ADM3_FR": "LATAHA",
        "ADM3_PCODE": "CI280209",
        "ADM4_FR": "KAFAGAVOGO",
        "ADM4_PCODE": "CIV3763",
        "centerLat": 9.647528554,
        "centerLng": -5.565242344,
        "pop": 195,
        "score": 195,
        "whiteLoc": 1
      },
      "id": 352
    },
    {
      "type": "Feature",
      "geometry": {
        "coordinates": [
          -5.725427307,
          9.358134999
        ],
        "type": "Point"
      },
      "properties": {
        "ADM0_FR": "SAVANES",
        "ADM0_PCODE": "CI11",
        "ADM1_FR": "PORO",
        "ADM1_PCODE": "CI128",
        "ADM2_FR": "KORHOGO",
        "ADM2_PCODE": "CI2802",
        "ADM3_FR": "TIORONIARADOUGOU",
        "ADM3_PCODE": "CI280216",
        "ADM4_FR": "KAFONNON",
        "ADM4_PCODE": "CIV3781",
        "centerLat": 9.358134999,
        "centerLng": -5.725427307,
        "pop": 355,
        "score": 355,
        "whiteLoc": 1
      },
      "id": 353
    },
    {
      "type": "Feature",
      "geometry": {
        "coordinates": [
          -5.2316928,
          7.432055448
        ],
        "type": "Point"
      },
      "properties": {
        "ADM0_FR": "VALLEE DU BANDAMA",
        "ADM0_PCODE": "CI12",
        "ADM1_FR": "GBEKE",
        "ADM1_PCODE": "CI111",
        "ADM2_FR": "SAKASSOU",
        "ADM2_PCODE": "CI1104",
        "ADM3_FR": "SAKASSOU",
        "ADM3_PCODE": "CI110401",
        "ADM4_FR": "KAHAKRO",
        "ADM4_PCODE": "CIV3796",
        "centerLat": 7.432055448,
        "centerLng": -5.2316928,
        "pop": 463,
        "score": 463,
        "whiteLoc": 1
      },
      "id": 354
    },
    {
      "type": "Feature",
      "geometry": {
        "coordinates": [
          -5.569491475,
          9.675495107
        ],
        "type": "Point"
      },
      "properties": {
        "ADM0_FR": "SAVANES",
        "ADM0_PCODE": "CI11",
        "ADM1_FR": "PORO",
        "ADM1_PCODE": "CI128",
        "ADM2_FR": "KORHOGO",
        "ADM2_PCODE": "CI2802",
        "ADM3_FR": "LATAHA",
        "ADM3_PCODE": "CI280209",
        "ADM4_FR": "KAHOUAVOGO",
        "ADM4_PCODE": "CIV3811",
        "centerLat": 9.675495107,
        "centerLng": -5.569491475,
        "pop": 258,
        "score": 258,
        "whiteLoc": 1
      },
      "id": 355
    },
    {
      "type": "Feature",
      "geometry": {
        "coordinates": [
          -6.9093879,
          9.8513586
        ],
        "type": "Point"
      },
      "properties": {
        "ADM0_FR": "DENGUELE",
        "ADM0_PCODE": "CI03",
        "ADM1_FR": "KABADOUGOU",
        "ADM1_PCODE": "CI121",
        "ADM2_FR": "MADINANI",
        "ADM2_PCODE": "CI2102",
        "ADM3_FR": "FENGOLO",
        "ADM3_PCODE": "CI210202",
        "ADM4_FR": "KAKORO",
        "ADM4_PCODE": "CIV3823",
        "centerLat": 9.8513586,
        "centerLng": -6.9093879,
        "pop": 623,
        "score": 623,
        "whiteLoc": 1
      },
      "id": 356
    },
    {
      "type": "Feature",
      "geometry": {
        "coordinates": [
          -3.540466549,
          8.504818538
        ],
        "type": "Point"
      },
      "properties": {
        "ADM0_FR": "ZANZAN",
        "ADM0_PCODE": "CI14",
        "ADM1_FR": "BOUNKANI",
        "ADM1_PCODE": "CI108",
        "ADM2_FR": "NASSIAN",
        "ADM2_PCODE": "CI0803",
        "ADM3_FR": "NASSIAN",
        "ADM3_PCODE": "CI080301",
        "ADM4_FR": "KALABO",
        "ADM4_PCODE": "CIV3832",
        "centerLat": 8.504818538,
        "centerLng": -3.540466549,
        "pop": 220,
        "score": 220,
        "whiteLoc": 1
      },
      "id": 357
    },
    {
      "type": "Feature",
      "geometry": {
        "coordinates": [
          -3.371646228,
          9.711854611
        ],
        "type": "Point"
      },
      "properties": {
        "ADM0_FR": "ZANZAN",
        "ADM0_PCODE": "CI14",
        "ADM1_FR": "BOUNKANI",
        "ADM1_PCODE": "CI108",
        "ADM2_FR": "DOROPO",
        "ADM2_PCODE": "CI0802",
        "ADM3_FR": "DOROPO",
        "ADM3_PCODE": "CI080202",
        "ADM4_FR": "KALAMBOUROU",
        "ADM4_PCODE": "CIV3836",
        "centerLat": 9.711854611,
        "centerLng": -3.371646228,
        "pop": 108,
        "score": 108,
        "whiteLoc": 1
      },
      "id": 358
    },
    {
      "type": "Feature",
      "geometry": {
        "coordinates": [
          -7.597345377,
          8.681161077
        ],
        "type": "Point"
      },
      "properties": {
        "ADM0_FR": "WOROBA",
        "ADM0_PCODE": "CI13",
        "ADM1_FR": "BAFING",
        "ADM1_PCODE": "CI104",
        "ADM2_FR": "KORO",
        "ADM2_PCODE": "CI0401",
        "ADM3_FR": "NIOKOSSO",
        "ADM3_PCODE": "CI040105",
        "ADM4_FR": "KALASSI 1",
        "ADM4_PCODE": "CIV3841",
        "centerLat": 8.681161077,
        "centerLng": -7.597345377,
        "pop": 823,
        "score": 823,
        "whiteLoc": 1
      },
      "id": 359
    },
    {
      "type": "Feature",
      "geometry": {
        "coordinates": [
          -4.829152866,
          6.236428757
        ],
        "type": "Point"
      },
      "properties": {
        "ADM0_FR": "LACS",
        "ADM0_PCODE": "CI07",
        "ADM1_FR": "BELIER",
        "ADM1_PCODE": "CI106",
        "ADM2_FR": "TOUMODI",
        "ADM2_PCODE": "CI0604",
        "ADM3_FR": "KPOUEBO",
        "ADM3_PCODE": "CI060404",
        "ADM4_FR": "KALEKOUA",
        "ADM4_PCODE": "CIV3844",
        "centerLat": 6.236428757,
        "centerLng": -4.829152866,
        "pop": 756,
        "score": 756,
        "whiteLoc": 1
      },
      "id": 360
    },
    {
      "type": "Feature",
      "geometry": {
        "coordinates": [
          -3.139891698,
          9.638636961
        ],
        "type": "Point"
      },
      "properties": {
        "ADM0_FR": "ZANZAN",
        "ADM0_PCODE": "CI14",
        "ADM1_FR": "BOUNKANI",
        "ADM1_PCODE": "CI108",
        "ADM2_FR": "DOROPO",
        "ADM2_PCODE": "CI0802",
        "ADM3_FR": "DANOA",
        "ADM3_PCODE": "CI080201",
        "ADM4_FR": "KALFODOUO",
        "ADM4_PCODE": "CIV3845",
        "centerLat": 9.638636961,
        "centerLng": -3.139891698,
        "pop": 329,
        "score": 329,
        "whiteLoc": 1
      },
      "id": 361
    },
    {
      "type": "Feature",
      "geometry": {
        "coordinates": [
          -7.109639833,
          7.770996237
        ],
        "type": "Point"
      },
      "properties": {
        "ADM0_FR": "MONTAGNES",
        "ADM0_PCODE": "CI09",
        "ADM1_FR": "TONKPI",
        "ADM1_PCODE": "CI132",
        "ADM2_FR": "BIANKOUMA",
        "ADM2_PCODE": "CI3201",
        "ADM3_FR": "GBONNE",
        "ADM3_PCODE": "CI320104",
        "ADM4_FR": "KAMAHI",
        "ADM4_PCODE": "CIV3852",
        "centerLat": 7.770996237,
        "centerLng": -7.109639833,
        "pop": 1100,
        "score": 1100,
        "whiteLoc": 1
      },
      "id": 362
    },
    {
      "type": "Feature",
      "geometry": {
        "coordinates": [
          -6.107408714,
          9.553590659
        ],
        "type": "Point"
      },
      "properties": {
        "ADM0_FR": "SAVANES",
        "ADM0_PCODE": "CI11",
        "ADM1_FR": "PORO",
        "ADM1_PCODE": "CI128",
        "ADM2_FR": "KORHOGO",
        "ADM2_PCODE": "CI2802",
        "ADM3_FR": "NIOFOIN",
        "ADM3_PCODE": "CI280213",
        "ADM4_FR": "KAMANHAN",
        "ADM4_PCODE": "CIV3856",
        "centerLat": 9.553590659,
        "centerLng": -6.107408714,
        "pop": 383,
        "score": 383,
        "whiteLoc": 1
      },
      "id": 363
    },
    {
      "type": "Feature",
      "geometry": {
        "coordinates": [
          -3.875521703,
          7.81402847
        ],
        "type": "Point"
      },
      "properties": {
        "ADM0_FR": "LACS",
        "ADM0_PCODE": "CI07",
        "ADM1_FR": "IFFOU",
        "ADM1_PCODE": "CI119",
        "ADM2_FR": "PRIKRO",
        "ADM2_PCODE": "CI1903",
        "ADM3_FR": "FAMIENKRO",
        "ADM3_PCODE": "CI190303",
        "ADM4_FR": "KAMAYA",
        "ADM4_PCODE": "CIV3861",
        "centerLat": 7.81402847,
        "centerLng": -3.875521703,
        "pop": 450,
        "score": 450,
        "whiteLoc": 1
      },
      "id": 364
    },
    {
      "type": "Feature",
      "geometry": {
        "coordinates": [
          -6.341769195,
          9.373013369
        ],
        "type": "Point"
      },
      "properties": {
        "ADM0_FR": "SAVANES",
        "ADM0_PCODE": "CI11",
        "ADM1_FR": "BAGOUE",
        "ADM1_PCODE": "CI105",
        "ADM2_FR": "BOUNDIALI",
        "ADM2_PCODE": "CI0501",
        "ADM3_FR": "GANAONI",
        "ADM3_PCODE": "CI050103",
        "ADM4_FR": "KAMBIALA",
        "ADM4_PCODE": "CIV3862",
        "centerLat": 9.373013369,
        "centerLng": -6.341769195,
        "pop": 746,
        "score": 746,
        "whiteLoc": 1
      },
      "id": 365
    },
    {
      "type": "Feature",
      "geometry": {
        "coordinates": [
          -3.144150513,
          9.580747564
        ],
        "type": "Point"
      },
      "properties": {
        "ADM0_FR": "ZANZAN",
        "ADM0_PCODE": "CI14",
        "ADM1_FR": "BOUNKANI",
        "ADM1_PCODE": "CI108",
        "ADM2_FR": "BOUNA",
        "ADM2_PCODE": "CI0801",
        "ADM3_FR": "BOUKO",
        "ADM3_PCODE": "CI080101",
        "ADM4_FR": "KANDO",
        "ADM4_PCODE": "CIV3887",
        "centerLat": 9.580747564,
        "centerLng": -3.144150513,
        "pop": 188,
        "score": 188,
        "whiteLoc": 1
      },
      "id": 366
    },
    {
      "type": "Feature",
      "geometry": {
        "coordinates": [
          -7.98308292,
          7.186236003
        ],
        "type": "Point"
      },
      "properties": {
        "ADM0_FR": "MONTAGNES",
        "ADM0_PCODE": "CI09",
        "ADM1_FR": "TONKPI",
        "ADM1_PCODE": "CI132",
        "ADM2_FR": "DANANE",
        "ADM2_PCODE": "CI3202",
        "ADM3_FR": "ZONNEU",
        "ADM3_PCODE": "CI320207",
        "ADM4_FR": "KANGBAPLEU",
        "ADM4_PCODE": "CIV3899",
        "centerLat": 7.186236003,
        "centerLng": -7.98308292,
        "pop": 2213,
        "score": 2213,
        "whiteLoc": 1
      },
      "id": 367
    },
    {
      "type": "Feature",
      "geometry": {
        "coordinates": [
          -5.506772805,
          9.704864505
        ],
        "type": "Point"
      },
      "properties": {
        "ADM0_FR": "SAVANES",
        "ADM0_PCODE": "CI11",
        "ADM1_FR": "PORO",
        "ADM1_PCODE": "CI128",
        "ADM2_FR": "KORHOGO",
        "ADM2_PCODE": "CI2802",
        "ADM3_FR": "LATAHA",
        "ADM3_PCODE": "CI280209",
        "ADM4_FR": "KANIDIOVOGO",
        "ADM4_PCODE": "CIV3913",
        "centerLat": 9.704864505,
        "centerLng": -5.506772805,
        "pop": 538,
        "score": 538,
        "whiteLoc": 1
      },
      "id": 368
    },
    {
      "type": "Feature",
      "geometry": {
        "coordinates": [
          -6.06395291,
          9.711909154
        ],
        "type": "Point"
      },
      "properties": {
        "ADM0_FR": "SAVANES",
        "ADM0_PCODE": "CI11",
        "ADM1_FR": "PORO",
        "ADM1_PCODE": "CI128",
        "ADM2_FR": "KORHOGO",
        "ADM2_PCODE": "CI2802",
        "ADM3_FR": "NIOFOIN",
        "ADM3_PCODE": "CI280213",
        "ADM4_FR": "KANIHOUA",
        "ADM4_PCODE": "CIV3919",
        "centerLat": 9.711909154,
        "centerLng": -6.06395291,
        "pop": 685,
        "score": 685,
        "whiteLoc": 1
      },
      "id": 369
    },
    {
      "type": "Feature",
      "geometry": {
        "coordinates": [
          -3.066344319,
          9.255964086
        ],
        "type": "Point"
      },
      "properties": {
        "ADM0_FR": "ZANZAN",
        "ADM0_PCODE": "CI14",
        "ADM1_FR": "BOUNKANI",
        "ADM1_PCODE": "CI108",
        "ADM2_FR": "BOUNA",
        "ADM2_PCODE": "CI0801",
        "ADM3_FR": "BOUNA",
        "ADM3_PCODE": "CI080102",
        "ADM4_FR": "KAPARADOUO",
        "ADM4_PCODE": "CIV3936",
        "centerLat": 9.255964086,
        "centerLng": -3.066344319,
        "pop": 347,
        "score": 347,
        "whiteLoc": 1
      },
      "id": 370
    },
    {
      "type": "Feature",
      "geometry": {
        "coordinates": [
          -3.8182303,
          8.529770952
        ],
        "type": "Point"
      },
      "properties": {
        "ADM0_FR": "ZANZAN",
        "ADM0_PCODE": "CI14",
        "ADM1_FR": "BOUNKANI",
        "ADM1_PCODE": "CI108",
        "ADM2_FR": "NASSIAN",
        "ADM2_PCODE": "CI0803",
        "ADM3_FR": "KAKPIN",
        "ADM3_PCODE": "CI080303",
        "ADM4_FR": "KAPE",
        "ADM4_PCODE": "CIV3938",
        "centerLat": 8.529770952,
        "centerLng": -3.8182303,
        "pop": 675,
        "score": 675,
        "whiteLoc": 1
      },
      "id": 371
    },
    {
      "type": "Feature",
      "geometry": {
        "coordinates": [
          -4.680737726,
          8.537718051
        ],
        "type": "Point"
      },
      "properties": {
        "ADM0_FR": "VALLEE DU BANDAMA",
        "ADM0_PCODE": "CI12",
        "ADM1_FR": "HAMBOL",
        "ADM1_PCODE": "CI117",
        "ADM2_FR": "DABAKALA",
        "ADM2_PCODE": "CI1701",
        "ADM3_FR": "FOUMBOLO",
        "ADM3_PCODE": "CI170104",
        "ADM4_FR": "KAPELE SOKOURA",
        "ADM4_PCODE": "CIV3943",
        "centerLat": 8.537718051,
        "centerLng": -4.680737726,
        "pop": 187,
        "score": 187,
        "whiteLoc": 1
      },
      "id": 372
    },
    {
      "type": "Feature",
      "geometry": {
        "coordinates": [
          -4.085016399,
          8.220808539
        ],
        "type": "Point"
      },
      "properties": {
        "ADM0_FR": "VALLEE DU BANDAMA",
        "ADM0_PCODE": "CI12",
        "ADM1_FR": "HAMBOL",
        "ADM1_PCODE": "CI117",
        "ADM2_FR": "DABAKALA",
        "ADM2_PCODE": "CI1701",
        "ADM3_FR": "BASSAWA",
        "ADM3_PCODE": "CI170101",
        "ADM4_FR": "KARAGONO-SOBARA",
        "ADM4_PCODE": "CIV3957",
        "centerLat": 8.220808539,
        "centerLng": -4.085016399,
        "pop": 1405,
        "score": 1405,
        "whiteLoc": 1
      },
      "id": 373
    },
    {
      "type": "Feature",
      "geometry": {
        "coordinates": [
          -5.957620968,
          9.328947923
        ],
        "type": "Point"
      },
      "properties": {
        "ADM0_FR": "SAVANES",
        "ADM0_PCODE": "CI11",
        "ADM1_FR": "PORO",
        "ADM1_PCODE": "CI128",
        "ADM2_FR": "KORHOGO",
        "ADM2_PCODE": "CI2802",
        "ADM3_FR": "KOMBOLOKOURA",
        "ADM3_PCODE": "CI280206",
        "ADM4_FR": "KARANIENE",
        "ADM4_PCODE": "CIV3968",
        "centerLat": 9.328947923,
        "centerLng": -5.957620968,
        "pop": 501,
        "score": 501,
        "whiteLoc": 1
      },
      "id": 374
    },
    {
      "type": "Feature",
      "geometry": {
        "coordinates": [
          -5.502667686,
          9.246518539
        ],
        "type": "Point"
      },
      "properties": {
        "ADM0_FR": "SAVANES",
        "ADM0_PCODE": "CI11",
        "ADM1_FR": "PORO",
        "ADM1_PCODE": "CI128",
        "ADM2_FR": "KORHOGO",
        "ADM2_PCODE": "CI2802",
        "ADM3_FR": "NAPIEOLEDOUGOU",
        "ADM3_PCODE": "CI280212",
        "ADM4_FR": "KASSIENRE",
        "ADM4_PCODE": "CIV3987",
        "centerLat": 9.246518539,
        "centerLng": -5.502667686,
        "pop": 220,
        "score": 220,
        "whiteLoc": 1
      },
      "id": 375
    },
    {
      "type": "Feature",
      "geometry": {
        "coordinates": [
          -3.604300058,
          8.027645219
        ],
        "type": "Point"
      },
      "properties": {
        "ADM0_FR": "ZANZAN",
        "ADM0_PCODE": "CI14",
        "ADM1_FR": "GONTOUGO",
        "ADM1_PCODE": "CI114",
        "ADM2_FR": "SANDEGUE",
        "ADM2_PCODE": "CI1403",
        "ADM3_FR": "SANDEGUE",
        "ADM3_PCODE": "CI140301",
        "ADM4_FR": "KASSOUMDOUGOU",
        "ADM4_PCODE": "CIV3997",
        "centerLat": 8.027645219,
        "centerLng": -3.604300058,
        "pop": 392,
        "score": 392,
        "whiteLoc": 1
      },
      "id": 376
    },
    {
      "type": "Feature",
      "geometry": {
        "coordinates": [
          -6.096810754,
          10.052346573
        ],
        "type": "Point"
      },
      "properties": {
        "ADM0_FR": "SAVANES",
        "ADM0_PCODE": "CI11",
        "ADM1_FR": "PORO",
        "ADM1_PCODE": "CI128",
        "ADM2_FR": "M'BENGUE",
        "ADM2_PCODE": "CI2803",
        "ADM3_FR": "M'BENGUE",
        "ADM3_PCODE": "CI280301",
        "ADM4_FR": "KATALA 1",
        "ADM4_PCODE": "CIV4003",
        "centerLat": 10.052346573,
        "centerLng": -6.096810754,
        "pop": 517,
        "score": 517,
        "whiteLoc": 1
      },
      "id": 377
    },
    {
      "type": "Feature",
      "geometry": {
        "coordinates": [
          -6.125706907,
          9.897786192
        ],
        "type": "Point"
      },
      "properties": {
        "ADM0_FR": "SAVANES",
        "ADM0_PCODE": "CI11",
        "ADM1_FR": "PORO",
        "ADM1_PCODE": "CI128",
        "ADM2_FR": "M'BENGUE",
        "ADM2_PCODE": "CI2803",
        "ADM3_FR": "M'BENGUE",
        "ADM3_PCODE": "CI280301",
        "ADM4_FR": "KATALA 2",
        "ADM4_PCODE": "CIV4004",
        "centerLat": 9.897786192,
        "centerLng": -6.125706907,
        "pop": 586,
        "score": 586,
        "whiteLoc": 1
      },
      "id": 378
    },
    {
      "type": "Feature",
      "geometry": {
        "coordinates": [
          -5.86610464,
          9.556776103
        ],
        "type": "Point"
      },
      "properties": {
        "ADM0_FR": "SAVANES",
        "ADM0_PCODE": "CI11",
        "ADM1_FR": "PORO",
        "ADM1_PCODE": "CI128",
        "ADM2_FR": "KORHOGO",
        "ADM2_PCODE": "CI2802",
        "ADM3_FR": "KORHOGO",
        "ADM3_PCODE": "CI280201",
        "ADM4_FR": "KATEGUE",
        "ADM4_PCODE": "CIV4012",
        "centerLat": 9.556776103,
        "centerLng": -5.86610464,
        "pop": 563,
        "score": 563,
        "whiteLoc": 1
      },
      "id": 379
    },
    {
      "type": "Feature",
      "geometry": {
        "coordinates": [
          -5.598586411,
          8.756773797
        ],
        "type": "Point"
      },
      "properties": {
        "ADM0_FR": "VALLEE DU BANDAMA",
        "ADM0_PCODE": "CI12",
        "ADM1_FR": "HAMBOL",
        "ADM1_PCODE": "CI117",
        "ADM2_FR": "NIAKARAMADOUGOU",
        "ADM2_PCODE": "CI1703",
        "ADM3_FR": "TORTIYA",
        "ADM3_PCODE": "CI170306",
        "ADM4_FR": "KATIONRON",
        "ADM4_PCODE": "CIV4037",
        "centerLat": 8.756773797,
        "centerLng": -5.598586411,
        "pop": 1125,
        "score": 1125,
        "whiteLoc": 1
      },
      "id": 380
    },
    {
      "type": "Feature",
      "geometry": {
        "coordinates": [
          -5.800102652,
          9.942091182
        ],
        "type": "Point"
      },
      "properties": {
        "ADM0_FR": "SAVANES",
        "ADM0_PCODE": "CI11",
        "ADM1_FR": "PORO",
        "ADM1_PCODE": "CI128",
        "ADM2_FR": "M'BENGUE",
        "ADM2_PCODE": "CI2803",
        "ADM3_FR": "M'BENGUE",
        "ADM3_PCODE": "CI280301",
        "ADM4_FR": "KATIONRON",
        "ADM4_PCODE": "CIV4038",
        "centerLat": 9.942091182,
        "centerLng": -5.800102652,
        "pop": 640,
        "score": 640,
        "whiteLoc": 1
      },
      "id": 381
    },
    {
      "type": "Feature",
      "geometry": {
        "coordinates": [
          -4.325353396,
          9.028730778
        ],
        "type": "Point"
      },
      "properties": {
        "ADM0_FR": "SAVANES",
        "ADM0_PCODE": "CI11",
        "ADM1_FR": "TCHOLOGO",
        "ADM1_PCODE": "CI131",
        "ADM2_FR": "KONG",
        "ADM2_PCODE": "CI3102",
        "ADM3_FR": "BILIMONO",
        "ADM3_PCODE": "CI310202",
        "ADM4_FR": "KAWERE",
        "ADM4_PCODE": "CIV4056",
        "centerLat": 9.028730778,
        "centerLng": -4.325353396,
        "pop": 879,
        "score": 879,
        "whiteLoc": 1
      },
      "id": 382
    },
    {
      "type": "Feature",
      "geometry": {
        "coordinates": [
          -8.254013634,
          6.697810858
        ],
        "type": "Point"
      },
      "properties": {
        "ADM0_FR": "MONTAGNES",
        "ADM0_PCODE": "CI09",
        "ADM1_FR": "TONKPI",
        "ADM1_PCODE": "CI132",
        "ADM2_FR": "ZOUAN-HOUNIEN",
        "ADM2_PCODE": "CI3205",
        "ADM3_FR": "GOULALEU",
        "ADM3_PCODE": "CI320504",
        "ADM4_FR": "KEATOUO",
        "ADM4_PCODE": "CIV4075",
        "centerLat": 6.697810858,
        "centerLng": -8.254013634,
        "pop": 1221,
        "score": 1221,
        "whiteLoc": 1
      },
      "id": 383
    },
    {
      "type": "Feature",
      "geometry": {
        "coordinates": [
          -6.8666536,
          9.6182591
        ],
        "type": "Point"
      },
      "properties": {
        "ADM0_FR": "DENGUELE",
        "ADM0_PCODE": "CI03",
        "ADM1_FR": "KABADOUGOU",
        "ADM1_PCODE": "CI121",
        "ADM2_FR": "MADINANI",
        "ADM2_PCODE": "CI2102",
        "ADM3_FR": "MADINANI",
        "ADM3_PCODE": "CI210201",
        "ADM4_FR": "KEBIKO",
        "ADM4_PCODE": "CIV4077",
        "centerLat": 9.6182591,
        "centerLng": -6.8666536,
        "pop": 929,
        "score": 929,
        "whiteLoc": 1
      },
      "id": 384
    },
    {
      "type": "Feature",
      "geometry": {
        "coordinates": [
          -3.060278568,
          9.470591036
        ],
        "type": "Point"
      },
      "properties": {
        "ADM0_FR": "ZANZAN",
        "ADM0_PCODE": "CI14",
        "ADM1_FR": "BOUNKANI",
        "ADM1_PCODE": "CI108",
        "ADM2_FR": "BOUNA",
        "ADM2_PCODE": "CI0801",
        "ADM3_FR": "BOUKO",
        "ADM3_PCODE": "CI080101",
        "ADM4_FR": "KELFARA",
        "ADM4_PCODE": "CIV4097",
        "centerLat": 9.470591036,
        "centerLng": -3.060278568,
        "pop": 153,
        "score": 153,
        "whiteLoc": 1
      },
      "id": 385
    },
    {
      "type": "Feature",
      "geometry": {
        "coordinates": [
          -5.693208514,
          7.973280784
        ],
        "type": "Point"
      },
      "properties": {
        "ADM0_FR": "VALLEE DU BANDAMA",
        "ADM0_PCODE": "CI12",
        "ADM1_FR": "GBEKE",
        "ADM1_PCODE": "CI111",
        "ADM2_FR": "BEOUMI",
        "ADM2_PCODE": "CI1101",
        "ADM3_FR": "KONDROBO",
        "ADM3_PCODE": "CI110104",
        "ADM4_FR": "KENDE-KAN",
        "ADM4_PCODE": "CIV4103",
        "centerLat": 7.973280784,
        "centerLng": -5.693208514,
        "pop": 811,
        "score": 811,
        "whiteLoc": 1
      },
      "id": 386
    },
    {
      "type": "Feature",
      "geometry": {
        "coordinates": [
          -6.682405981,
          8.129751861
        ],
        "type": "Point"
      },
      "properties": {
        "ADM0_FR": "WOROBA",
        "ADM0_PCODE": "CI13",
        "ADM1_FR": "WORODOUGOU",
        "ADM1_PCODE": "CI133",
        "ADM2_FR": "SEGUELA",
        "ADM2_PCODE": "CI3302",
        "ADM3_FR": "BOBI",
        "ADM3_PCODE": "CI330202",
        "ADM4_FR": "KENEGBE NORD",
        "ADM4_PCODE": "CIV4106",
        "centerLat": 8.129751861,
        "centerLng": -6.682405981,
        "pop": 734,
        "score": 734,
        "whiteLoc": 1
      },
      "id": 387
    },
    {
      "type": "Feature",
      "geometry": {
        "coordinates": [
          -7.7871803,
          10.1616279
        ],
        "type": "Point"
      },
      "properties": {
        "ADM0_FR": "DENGUELE",
        "ADM0_PCODE": "CI03",
        "ADM1_FR": "FOLON",
        "ADM1_PCODE": "CI110",
        "ADM2_FR": "MINIGNAN",
        "ADM2_PCODE": "CI1002",
        "ADM3_FR": "SOKORO",
        "ADM3_PCODE": "CI100203",
        "ADM4_FR": "KENINGOUARA",
        "ADM4_PCODE": "CIV4112",
        "centerLat": 10.1616279,
        "centerLng": -7.7871803,
        "pop": 593,
        "score": 593,
        "whiteLoc": 1
      },
      "id": 388
    },
    {
      "type": "Feature",
      "geometry": {
        "coordinates": [
          -7.349319935,
          4.542719841
        ],
        "type": "Point"
      },
      "properties": {
        "ADM0_FR": "BAS-SASSANDRA",
        "ADM0_PCODE": "CI01",
        "ADM1_FR": "SAN-PEDRO",
        "ADM1_PCODE": "CI129",
        "ADM2_FR": "TABOU",
        "ADM2_PCODE": "CI2902",
        "ADM3_FR": "TABOU",
        "ADM3_PCODE": "CI290201",
        "ADM4_FR": "KEPOUE",
        "ADM4_PCODE": "CIV4113",
        "centerLat": 4.542719841,
        "centerLng": -7.349319935,
        "pop": 139,
        "score": 139,
        "whiteLoc": 1
      },
      "id": 389
    },
    {
      "type": "Feature",
      "geometry": {
        "coordinates": [
          -3.248250593,
          9.815803727
        ],
        "type": "Point"
      },
      "properties": {
        "ADM0_FR": "ZANZAN",
        "ADM0_PCODE": "CI14",
        "ADM1_FR": "BOUNKANI",
        "ADM1_PCODE": "CI108",
        "ADM2_FR": "DOROPO",
        "ADM2_PCODE": "CI0802",
        "ADM3_FR": "KALAMON",
        "ADM3_PCODE": "CI080203",
        "ADM4_FR": "KERAMIRA",
        "ADM4_PCODE": "CIV4114",
        "centerLat": 9.815803727,
        "centerLng": -3.248250593,
        "pop": 231,
        "score": 231,
        "whiteLoc": 1
      },
      "id": 390
    },
    {
      "type": "Feature",
      "geometry": {
        "coordinates": [
          -3.253467422,
          9.466391025
        ],
        "type": "Point"
      },
      "properties": {
        "ADM0_FR": "ZANZAN",
        "ADM0_PCODE": "CI14",
        "ADM1_FR": "BOUNKANI",
        "ADM1_PCODE": "CI108",
        "ADM2_FR": "BOUNA",
        "ADM2_PCODE": "CI0801",
        "ADM3_FR": "BOUKO",
        "ADM3_PCODE": "CI080101",
        "ADM4_FR": "KERANTEDOUO(KERANTIDOUO)",
        "ADM4_PCODE": "CIV4115",
        "centerLat": 9.466391025,
        "centerLng": -3.253467422,
        "pop": 173,
        "score": 173,
        "whiteLoc": 1
      },
      "id": 391
    },
    {
      "type": "Feature",
      "geometry": {
        "coordinates": [
          -7.7105621,
          9.7796275
        ],
        "type": "Point"
      },
      "properties": {
        "ADM0_FR": "DENGUELE",
        "ADM0_PCODE": "CI03",
        "ADM1_FR": "KABADOUGOU",
        "ADM1_PCODE": "CI121",
        "ADM2_FR": "SAMATIGUILA",
        "ADM2_PCODE": "CI2104",
        "ADM3_FR": "KIMBIRILA-SUD",
        "ADM3_PCODE": "CI210402",
        "ADM4_FR": "KERE",
        "ADM4_PCODE": "CIV4120",
        "centerLat": 9.7796275,
        "centerLng": -7.7105621,
        "pop": 984,
        "score": 984,
        "whiteLoc": 1
      },
      "id": 392
    },
    {
      "type": "Feature",
      "geometry": {
        "coordinates": [
          -3.37503735,
          9.638486517
        ],
        "type": "Point"
      },
      "properties": {
        "ADM0_FR": "ZANZAN",
        "ADM0_PCODE": "CI14",
        "ADM1_FR": "BOUNKANI",
        "ADM1_PCODE": "CI108",
        "ADM2_FR": "DOROPO",
        "ADM2_PCODE": "CI0802",
        "ADM3_FR": "NIAMOUE",
        "ADM3_PCODE": "CI080204",
        "ADM4_FR": "KIENTI",
        "ADM4_PCODE": "CIV4146",
        "centerLat": 9.638486517,
        "centerLng": -3.37503735,
        "pop": 380,
        "score": 380,
        "whiteLoc": 1
      },
      "id": 393
    },
    {
      "type": "Feature",
      "geometry": {
        "coordinates": [
          -3.458178759,
          9.784310022
        ],
        "type": "Point"
      },
      "properties": {
        "ADM0_FR": "ZANZAN",
        "ADM0_PCODE": "CI14",
        "ADM1_FR": "BOUNKANI",
        "ADM1_PCODE": "CI108",
        "ADM2_FR": "TEHINI",
        "ADM2_PCODE": "CI0804",
        "ADM3_FR": "GOGO",
        "ADM3_PCODE": "CI080402",
        "ADM4_FR": "KIERO",
        "ADM4_PCODE": "CIV4148",
        "centerLat": 9.784310022,
        "centerLng": -3.458178759,
        "pop": 1016,
        "score": 1016,
        "whiteLoc": 1
      },
      "id": 394
    },
    {
      "type": "Feature",
      "geometry": {
        "coordinates": [
          -3.074081324,
          7.92092284
        ],
        "type": "Point"
      },
      "properties": {
        "ADM0_FR": "ZANZAN",
        "ADM0_PCODE": "CI14",
        "ADM1_FR": "GONTOUGO",
        "ADM1_PCODE": "CI114",
        "ADM2_FR": "TANDA",
        "ADM2_PCODE": "CI1404",
        "ADM3_FR": "TANDA",
        "ADM3_PCODE": "CI140401",
        "ADM4_FR": "KIETAN",
        "ADM4_PCODE": "CIV4150",
        "centerLat": 7.92092284,
        "centerLng": -3.074081324,
        "pop": 693,
        "score": 693,
        "whiteLoc": 1
      },
      "id": 395
    },
    {
      "type": "Feature",
      "geometry": {
        "coordinates": [
          -3.033031171,
          9.729062978
        ],
        "type": "Point"
      },
      "properties": {
        "ADM0_FR": "ZANZAN",
        "ADM0_PCODE": "CI14",
        "ADM1_FR": "BOUNKANI",
        "ADM1_PCODE": "CI108",
        "ADM2_FR": "DOROPO",
        "ADM2_PCODE": "CI0802",
        "ADM3_FR": "DANOA",
        "ADM3_PCODE": "CI080201",
        "ADM4_FR": "KIMANTEDOUO",
        "ADM4_PCODE": "CIV4154",
        "centerLat": 9.729062978,
        "centerLng": -3.033031171,
        "pop": 48,
        "score": 48,
        "whiteLoc": 1
      },
      "id": 396
    },
    {
      "type": "Feature",
      "geometry": {
        "coordinates": [
          -3.799650562,
          8.070250849
        ],
        "type": "Point"
      },
      "properties": {
        "ADM0_FR": "ZANZAN",
        "ADM0_PCODE": "CI14",
        "ADM1_FR": "GONTOUGO",
        "ADM1_PCODE": "CI114",
        "ADM2_FR": "SANDEGUE",
        "ADM2_PCODE": "CI1403",
        "ADM3_FR": "YOROBODI",
        "ADM3_PCODE": "CI140304",
        "ADM4_FR": "KIMASSI",
        "ADM4_PCODE": "CIV4155",
        "centerLat": 8.070250849,
        "centerLng": -3.799650562,
        "pop": 560,
        "score": 560,
        "whiteLoc": 1
      },
      "id": 397
    },
    {
      "type": "Feature",
      "geometry": {
        "coordinates": [
          -5.141268712,
          9.437277774
        ],
        "type": "Point"
      },
      "properties": {
        "ADM0_FR": "SAVANES",
        "ADM0_PCODE": "CI11",
        "ADM1_FR": "TCHOLOGO",
        "ADM1_PCODE": "CI131",
        "ADM2_FR": "FERKESSEDOUGOU",
        "ADM2_PCODE": "CI3101",
        "ADM3_FR": "KOUMBALA",
        "ADM3_PCODE": "CI310102",
        "ADM4_FR": "KINYEKAHA",
        "ADM4_PCODE": "CIV4168",
        "centerLat": 9.437277774,
        "centerLng": -5.141268712,
        "pop": 858,
        "score": 858,
        "whiteLoc": 1
      },
      "id": 398
    },
    {
      "type": "Feature",
      "geometry": {
        "coordinates": [
          -5.122410058,
          8.525783761
        ],
        "type": "Point"
      },
      "properties": {
        "ADM0_FR": "VALLEE DU BANDAMA",
        "ADM0_PCODE": "CI12",
        "ADM1_FR": "HAMBOL",
        "ADM1_PCODE": "CI117",
        "ADM2_FR": "NIAKARAMADOUGOU",
        "ADM2_PCODE": "CI1703",
        "ADM3_FR": "NIAKARAMADOUGOU",
        "ADM3_PCODE": "CI170301",
        "ADM4_FR": "KIOHAN",
        "ADM4_PCODE": "CIV4169",
        "centerLat": 8.525783761,
        "centerLng": -5.122410058,
        "pop": 1137,
        "score": 1137,
        "whiteLoc": 1
      },
      "id": 399
    },
    {
      "type": "Feature",
      "geometry": {
        "coordinates": [
          -3.17273043,
          9.648219811
        ],
        "type": "Point"
      },
      "properties": {
        "ADM0_FR": "ZANZAN",
        "ADM0_PCODE": "CI14",
        "ADM1_FR": "BOUNKANI",
        "ADM1_PCODE": "CI108",
        "ADM2_FR": "DOROPO",
        "ADM2_PCODE": "CI0802",
        "ADM3_FR": "DOROPO",
        "ADM3_PCODE": "CI080202",
        "ADM4_FR": "KIRKPADOUO",
        "ADM4_PCODE": "CIV4178",
        "centerLat": 9.648219811,
        "centerLng": -3.17273043,
        "pop": 124,
        "score": 124,
        "whiteLoc": 1
      },
      "id": 400
    },
    {
      "type": "Feature",
      "geometry": {
        "coordinates": [
          -2.844998631,
          8.790389165
        ],
        "type": "Point"
      },
      "properties": {
        "ADM0_FR": "ZANZAN",
        "ADM0_PCODE": "CI14",
        "ADM1_FR": "BOUNKANI",
        "ADM1_PCODE": "CI108",
        "ADM2_FR": "BOUNA",
        "ADM2_PCODE": "CI0801",
        "ADM3_FR": "ONDEFIDOUO",
        "ADM3_PCODE": "CI080103",
        "ADM4_FR": "KISSAREDOUO",
        "ADM4_PCODE": "CIV4180",
        "centerLat": 8.790389165,
        "centerLng": -2.844998631,
        "pop": 856,
        "score": 856,
        "whiteLoc": 1
      },
      "id": 401
    },
    {
      "type": "Feature",
      "geometry": {
        "coordinates": [
          -3.015405799,
          9.405048347
        ],
        "type": "Point"
      },
      "properties": {
        "ADM0_FR": "ZANZAN",
        "ADM0_PCODE": "CI14",
        "ADM1_FR": "BOUNKANI",
        "ADM1_PCODE": "CI108",
        "ADM2_FR": "BOUNA",
        "ADM2_PCODE": "CI0801",
        "ADM3_FR": "BOUNA",
        "ADM3_PCODE": "CI080102",
        "ADM4_FR": "KOBETEDOUO",
        "ADM4_PCODE": "CIV4211",
        "centerLat": 9.405048347,
        "centerLng": -3.015405799,
        "pop": 189,
        "score": 189,
        "whiteLoc": 1
      },
      "id": 402
    },
    {
      "type": "Feature",
      "geometry": {
        "coordinates": [
          -3.260514829,
          9.791445733
        ],
        "type": "Point"
      },
      "properties": {
        "ADM0_FR": "ZANZAN",
        "ADM0_PCODE": "CI14",
        "ADM1_FR": "BOUNKANI",
        "ADM1_PCODE": "CI108",
        "ADM2_FR": "DOROPO",
        "ADM2_PCODE": "CI0802",
        "ADM3_FR": "DOROPO",
        "ADM3_PCODE": "CI080202",
        "ADM4_FR": "KOBILOU",
        "ADM4_PCODE": "CIV4212",
        "centerLat": 9.791445733,
        "centerLng": -3.260514829,
        "pop": 479,
        "score": 479,
        "whiteLoc": 1
      },
      "id": 403
    },
    {
      "type": "Feature",
      "geometry": {
        "coordinates": [
          -7.6892442,
          9.4258678
        ],
        "type": "Point"
      },
      "properties": {
        "ADM0_FR": "DENGUELE",
        "ADM0_PCODE": "CI03",
        "ADM1_FR": "KABADOUGOU",
        "ADM1_PCODE": "CI121",
        "ADM2_FR": "ODIENNE",
        "ADM2_PCODE": "CI2103",
        "ADM3_FR": "ODIENNE",
        "ADM3_PCODE": "CI210301",
        "ADM4_FR": "KODOUGOU",
        "ADM4_PCODE": "CIV4240",
        "centerLat": 9.4258678,
        "centerLng": -7.6892442,
        "pop": 523,
        "score": 523,
        "whiteLoc": 1
      },
      "id": 404
    },
    {
      "type": "Feature",
      "geometry": {
        "coordinates": [
          -4.322293962,
          7.743181208
        ],
        "type": "Point"
      },
      "properties": {
        "ADM0_FR": "LACS",
        "ADM0_PCODE": "CI07",
        "ADM1_FR": "IFFOU",
        "ADM1_PCODE": "CI119",
        "ADM2_FR": "M'BAHIAKRO",
        "ADM2_PCODE": "CI1902",
        "ADM3_FR": "BONGUERA",
        "ADM3_PCODE": "CI190202",
        "ADM4_FR": "KOFFIDOUGOU",
        "ADM4_PCODE": "CIV4257",
        "centerLat": 7.743181208,
        "centerLng": -4.322293962,
        "pop": 392,
        "score": 392,
        "whiteLoc": 1
      },
      "id": 405
    },
    {
      "type": "Feature",
      "geometry": {
        "coordinates": [
          -3.658795113,
          7.814178301
        ],
        "type": "Point"
      },
      "properties": {
        "ADM0_FR": "ZANZAN",
        "ADM0_PCODE": "CI14",
        "ADM1_FR": "GONTOUGO",
        "ADM1_PCODE": "CI114",
        "ADM2_FR": "KOUN-FAO",
        "ADM2_PCODE": "CI1402",
        "ADM3_FR": "KOUASSI-DATEKRO",
        "ADM3_PCODE": "CI140204",
        "ADM4_FR": "KOFFIKOKOREKRO",
        "ADM4_PCODE": "CIV4264",
        "centerLat": 7.814178301,
        "centerLng": -3.658795113,
        "pop": 148,
        "score": 148,
        "whiteLoc": 1
      },
      "id": 406
    },
    {
      "type": "Feature",
      "geometry": {
        "coordinates": [
          -4.493175205,
          7.270307098
        ],
        "type": "Point"
      },
      "properties": {
        "ADM0_FR": "LACS",
        "ADM0_PCODE": "CI07",
        "ADM1_FR": "N'ZI",
        "ADM1_PCODE": "CI127",
        "ADM2_FR": "BOCANDA",
        "ADM2_PCODE": "CI2701",
        "ADM3_FR": "BOCANDA",
        "ADM3_PCODE": "CI270102",
        "ADM4_FR": "KOFFI-KOUADIOKRO",
        "ADM4_PCODE": "CIV4265",
        "centerLat": 7.270307098,
        "centerLng": -4.493175205,
        "pop": 447,
        "score": 447,
        "whiteLoc": 1
      },
      "id": 407
    },
    {
      "type": "Feature",
      "geometry": {
        "coordinates": [
          -3.706741959,
          7.490333063
        ],
        "type": "Point"
      },
      "properties": {
        "ADM0_FR": "LACS",
        "ADM0_PCODE": "CI07",
        "ADM1_FR": "IFFOU",
        "ADM1_PCODE": "CI119",
        "ADM2_FR": "PRIKRO",
        "ADM2_PCODE": "CI1903",
        "ADM3_FR": "NAFANA",
        "ADM3_PCODE": "CI190305",
        "ADM4_FR": "KOFFI-SEGBREGBEKRO",
        "ADM4_PCODE": "CIV4278",
        "centerLat": 7.490333063,
        "centerLng": -3.706741959,
        "pop": 1010,
        "score": 1010,
        "whiteLoc": 1
      },
      "id": 408
    },
    {
      "type": "Feature",
      "geometry": {
        "coordinates": [
          -4.460150944,
          7.477193385
        ],
        "type": "Point"
      },
      "properties": {
        "ADM0_FR": "LACS",
        "ADM0_PCODE": "CI07",
        "ADM1_FR": "IFFOU",
        "ADM1_PCODE": "CI119",
        "ADM2_FR": "M'BAHIAKRO",
        "ADM2_PCODE": "CI1902",
        "ADM3_FR": "M'BAHIAKRO",
        "ADM3_PCODE": "CI190201",
        "ADM4_FR": "KOFFI-YAOKRO",
        "ADM4_PCODE": "CIV4280",
        "centerLat": 7.477193385,
        "centerLng": -4.460150944,
        "pop": 715,
        "score": 715,
        "whiteLoc": 1
      },
      "id": 409
    },
    {
      "type": "Feature",
      "geometry": {
        "coordinates": [
          -3.154675194,
          9.097418857
        ],
        "type": "Point"
      },
      "properties": {
        "ADM0_FR": "ZANZAN",
        "ADM0_PCODE": "CI14",
        "ADM1_FR": "BOUNKANI",
        "ADM1_PCODE": "CI108",
        "ADM2_FR": "BOUNA",
        "ADM2_PCODE": "CI0801",
        "ADM3_FR": "BOUNA",
        "ADM3_PCODE": "CI080102",
        "ADM4_FR": "KOFLANDE",
        "ADM4_PCODE": "CIV4283",
        "centerLat": 9.097418857,
        "centerLng": -3.154675194,
        "pop": 803,
        "score": 803,
        "whiteLoc": 1
      },
      "id": 410
    },
    {
      "type": "Feature",
      "geometry": {
        "coordinates": [
          -3.497433875,
          9.846593595
        ],
        "type": "Point"
      },
      "properties": {
        "ADM0_FR": "ZANZAN",
        "ADM0_PCODE": "CI14",
        "ADM1_FR": "BOUNKANI",
        "ADM1_PCODE": "CI108",
        "ADM2_FR": "TEHINI",
        "ADM2_PCODE": "CI0804",
        "ADM3_FR": "GOGO",
        "ADM3_PCODE": "CI080402",
        "ADM4_FR": "KOHODE",
        "ADM4_PCODE": "CIV4297",
        "centerLat": 9.846593595,
        "centerLng": -3.497433875,
        "pop": 535,
        "score": 535,
        "whiteLoc": 1
      },
      "id": 411
    },
    {
      "type": "Feature",
      "geometry": {
        "coordinates": [
          -3.769803907,
          9.609380368
        ],
        "type": "Point"
      },
      "properties": {
        "ADM0_FR": "ZANZAN",
        "ADM0_PCODE": "CI14",
        "ADM1_FR": "BOUNKANI",
        "ADM1_PCODE": "CI108",
        "ADM2_FR": "TEHINI",
        "ADM2_PCODE": "CI0804",
        "ADM3_FR": "TEHINI",
        "ADM3_PCODE": "CI080401",
        "ADM4_FR": "KOINTAN",
        "ADM4_PCODE": "CIV4311",
        "centerLat": 9.609380368,
        "centerLng": -3.769803907,
        "pop": 1836,
        "score": 1836,
        "whiteLoc": 1
      },
      "id": 412
    },
    {
      "type": "Feature",
      "geometry": {
        "coordinates": [
          -3.339556217,
          9.893094442
        ],
        "type": "Point"
      },
      "properties": {
        "ADM0_FR": "ZANZAN",
        "ADM0_PCODE": "CI14",
        "ADM1_FR": "BOUNKANI",
        "ADM1_PCODE": "CI108",
        "ADM2_FR": "DOROPO",
        "ADM2_PCODE": "CI0802",
        "ADM3_FR": "DOROPO",
        "ADM3_PCODE": "CI080202",
        "ADM4_FR": "KOITON",
        "ADM4_PCODE": "CIV4314",
        "centerLat": 9.893094442,
        "centerLng": -3.339556217,
        "pop": 474,
        "score": 474,
        "whiteLoc": 1
      },
      "id": 413
    },
    {
      "type": "Feature",
      "geometry": {
        "coordinates": [
          -5.513239668,
          9.281316668
        ],
        "type": "Point"
      },
      "properties": {
        "ADM0_FR": "SAVANES",
        "ADM0_PCODE": "CI11",
        "ADM1_FR": "PORO",
        "ADM1_PCODE": "CI128",
        "ADM2_FR": "KORHOGO",
        "ADM2_PCODE": "CI2802",
        "ADM3_FR": "NAPIEOLEDOUGOU",
        "ADM3_PCODE": "CI280212",
        "ADM4_FR": "KOKAHA",
        "ADM4_PCODE": "CIV4317",
        "centerLat": 9.281316668,
        "centerLng": -5.513239668,
        "pop": 1104,
        "score": 1104,
        "whiteLoc": 1
      },
      "id": 414
    },
    {
      "type": "Feature",
      "geometry": {
        "coordinates": [
          -6.29009467,
          7.823180278
        ],
        "type": "Point"
      },
      "properties": {
        "ADM0_FR": "WOROBA",
        "ADM0_PCODE": "CI13",
        "ADM1_FR": "WORODOUGOU",
        "ADM1_PCODE": "CI133",
        "ADM2_FR": "SEGUELA",
        "ADM2_PCODE": "CI3302",
        "ADM3_FR": "MASSALA",
        "ADM3_PCODE": "CI330205",
        "ADM4_FR": "KOKOKRO",
        "ADM4_PCODE": "CIV4329",
        "centerLat": 7.823180278,
        "centerLng": -6.29009467,
        "pop": 320,
        "score": 320,
        "whiteLoc": 1
      },
      "id": 415
    },
    {
      "type": "Feature",
      "geometry": {
        "coordinates": [
          -5.231411447,
          5.121038776
        ],
        "type": "Point"
      },
      "properties": {
        "ADM0_FR": "LAGUNES",
        "ADM0_PCODE": "CI08",
        "ADM1_FR": "GRANDS-PONTS",
        "ADM1_PCODE": "CI115",
        "ADM2_FR": "GRAND-LAHOU",
        "ADM2_PCODE": "CI1502",
        "ADM3_FR": "EBONOU",
        "ADM3_PCODE": "CI150203",
        "ADM4_FR": "KOKOU",
        "ADM4_PCODE": "CIV4340",
        "centerLat": 5.121038776,
        "centerLng": -5.231411447,
        "pop": 627,
        "score": 627,
        "whiteLoc": 1
      },
      "id": 416
    },
    {
      "type": "Feature",
      "geometry": {
        "coordinates": [
          -3.494837783,
          7.687585843
        ],
        "type": "Point"
      },
      "properties": {
        "ADM0_FR": "ZANZAN",
        "ADM0_PCODE": "CI14",
        "ADM1_FR": "GONTOUGO",
        "ADM1_PCODE": "CI114",
        "ADM2_FR": "KOUN-FAO",
        "ADM2_PCODE": "CI1402",
        "ADM3_FR": "KOUASSI-DATEKRO",
        "ADM3_PCODE": "CI140204",
        "ADM4_FR": "KOKOYAKRO",
        "ADM4_PCODE": "CIV4345",
        "centerLat": 7.687585843,
        "centerLng": -3.494837783,
        "pop": 643,
        "score": 643,
        "whiteLoc": 1
      },
      "id": 417
    },
    {
      "type": "Feature",
      "geometry": {
        "coordinates": [
          -3.358383309,
          9.632606502
        ],
        "type": "Point"
      },
      "properties": {
        "ADM0_FR": "ZANZAN",
        "ADM0_PCODE": "CI14",
        "ADM1_FR": "BOUNKANI",
        "ADM1_PCODE": "CI108",
        "ADM2_FR": "DOROPO",
        "ADM2_PCODE": "CI0802",
        "ADM3_FR": "NIAMOUE",
        "ADM3_PCODE": "CI080204",
        "ADM4_FR": "KOKPERENAN(BIELSA)",
        "ADM4_PCODE": "CIV4349",
        "centerLat": 9.632606502,
        "centerLng": -3.358383309,
        "pop": 272,
        "score": 272,
        "whiteLoc": 1
      },
      "id": 418
    },
    {
      "type": "Feature",
      "geometry": {
        "coordinates": [
          -3.182271963,
          8.948949844
        ],
        "type": "Point"
      },
      "properties": {
        "ADM0_FR": "ZANZAN",
        "ADM0_PCODE": "CI14",
        "ADM1_FR": "BOUNKANI",
        "ADM1_PCODE": "CI108",
        "ADM2_FR": "BOUNA",
        "ADM2_PCODE": "CI0801",
        "ADM3_FR": "BOUNA",
        "ADM3_PCODE": "CI080102",
        "ADM4_FR": "KOKPINGUE",
        "ADM4_PCODE": "CIV4350",
        "centerLat": 8.948949844,
        "centerLng": -3.182271963,
        "pop": 868,
        "score": 868,
        "whiteLoc": 1
      },
      "id": 419
    },
    {
      "type": "Feature",
      "geometry": {
        "coordinates": [
          -4.385023437,
          7.002176874
        ],
        "type": "Point"
      },
      "properties": {
        "ADM0_FR": "LACS",
        "ADM0_PCODE": "CI07",
        "ADM1_FR": "N'ZI",
        "ADM1_PCODE": "CI127",
        "ADM2_FR": "BOCANDA",
        "ADM2_PCODE": "CI2701",
        "ADM3_FR": "BOCANDA",
        "ADM3_PCODE": "CI270102",
        "ADM4_FR": "KOLIAKRO",
        "ADM4_PCODE": "CIV4360",
        "centerLat": 7.002176874,
        "centerLng": -4.385023437,
        "pop": 575,
        "score": 575,
        "whiteLoc": 1
      },
      "id": 420
    },
    {
      "type": "Feature",
      "geometry": {
        "coordinates": [
          -3.182462573,
          9.556674017
        ],
        "type": "Point"
      },
      "properties": {
        "ADM0_FR": "ZANZAN",
        "ADM0_PCODE": "CI14",
        "ADM1_FR": "BOUNKANI",
        "ADM1_PCODE": "CI108",
        "ADM2_FR": "BOUNA",
        "ADM2_PCODE": "CI0801",
        "ADM3_FR": "BOUKO",
        "ADM3_PCODE": "CI080101",
        "ADM4_FR": "KOLINDOUO",
        "ADM4_PCODE": "CIV4365",
        "centerLat": 9.556674017,
        "centerLng": -3.182462573,
        "pop": 174,
        "score": 174,
        "whiteLoc": 1
      },
      "id": 421
    },
    {
      "type": "Feature",
      "geometry": {
        "coordinates": [
          -3.108112558,
          9.55851722
        ],
        "type": "Point"
      },
      "properties": {
        "ADM0_FR": "ZANZAN",
        "ADM0_PCODE": "CI14",
        "ADM1_FR": "BOUNKANI",
        "ADM1_PCODE": "CI108",
        "ADM2_FR": "BOUNA",
        "ADM2_PCODE": "CI0801",
        "ADM3_FR": "BOUKO",
        "ADM3_PCODE": "CI080101",
        "ADM4_FR": "KOLONTIRA",
        "ADM4_PCODE": "CIV4378",
        "centerLat": 9.55851722,
        "centerLng": -3.108112558,
        "pop": 147,
        "score": 147,
        "whiteLoc": 1
      },
      "id": 422
    },
    {
      "type": "Feature",
      "geometry": {
        "coordinates": [
          -4.556605561,
          7.999491288
        ],
        "type": "Point"
      },
      "properties": {
        "ADM0_FR": "VALLEE DU BANDAMA",
        "ADM0_PCODE": "CI12",
        "ADM1_FR": "HAMBOL",
        "ADM1_PCODE": "CI117",
        "ADM2_FR": "DABAKALA",
        "ADM2_PCODE": "CI1701",
        "ADM3_FR": "SATAMA SOKORO",
        "ADM3_PCODE": "CI170106",
        "ADM4_FR": "KOMBARA-BAMBARASSO",
        "ADM4_PCODE": "CIV4386",
        "centerLat": 7.999491288,
        "centerLng": -4.556605561,
        "pop": 2514,
        "score": 2514,
        "whiteLoc": 1
      },
      "id": 423
    },
    {
      "type": "Feature",
      "geometry": {
        "coordinates": [
          -4.563659896,
          7.999227677
        ],
        "type": "Point"
      },
      "properties": {
        "ADM0_FR": "VALLEE DU BANDAMA",
        "ADM0_PCODE": "CI12",
        "ADM1_FR": "HAMBOL",
        "ADM1_PCODE": "CI117",
        "ADM2_FR": "DABAKALA",
        "ADM2_PCODE": "CI1701",
        "ADM3_FR": "SATAMA SOKORO",
        "ADM3_PCODE": "CI170106",
        "ADM4_FR": "KOMBARA-MANGOROSSO",
        "ADM4_PCODE": "CIV4387",
        "centerLat": 7.999227677,
        "centerLng": -4.563659896,
        "pop": 2369,
        "score": 2369,
        "whiteLoc": 1
      },
      "id": 424
    },
    {
      "type": "Feature",
      "geometry": {
        "coordinates": [
          -4.391676115,
          7.785760543
        ],
        "type": "Point"
      },
      "properties": {
        "ADM0_FR": "LACS",
        "ADM0_PCODE": "CI07",
        "ADM1_FR": "IFFOU",
        "ADM1_PCODE": "CI119",
        "ADM2_FR": "M'BAHIAKRO",
        "ADM2_PCODE": "CI1902",
        "ADM3_FR": "KONDOSSOU",
        "ADM3_PCODE": "CI190203",
        "ADM4_FR": "KOMENANKRO",
        "ADM4_PCODE": "CIV4394",
        "centerLat": 7.785760543,
        "centerLng": -4.391676115,
        "pop": 459,
        "score": 459,
        "whiteLoc": 1
      },
      "id": 425
    },
    {
      "type": "Feature",
      "geometry": {
        "coordinates": [
          -3.674874622,
          7.015925824
        ],
        "type": "Point"
      },
      "properties": {
        "ADM0_FR": "COMOE",
        "ADM0_PCODE": "CI02",
        "ADM1_FR": "INDENIE-DJUABLIN",
        "ADM1_PCODE": "CI120",
        "ADM2_FR": "ABENGOUROU",
        "ADM2_PCODE": "CI2001",
        "ADM3_FR": "AMELEKIA",
        "ADM3_PCODE": "CI200102",
        "ADM4_FR": "KONAN KONANKRO",
        "ADM4_PCODE": "CIV4408",
        "centerLat": 7.015925824,
        "centerLng": -3.674874622,
        "pop": 1591,
        "score": 1591,
        "whiteLoc": 1
      },
      "id": 426
    },
    {
      "type": "Feature",
      "geometry": {
        "coordinates": [
          -6.147211006,
          6.58644746
        ],
        "type": "Point"
      },
      "properties": {
        "ADM0_FR": "SASSANDRA-MARAHOUE",
        "ADM0_PCODE": "CI10",
        "ADM1_FR": "MARAHOUE",
        "ADM1_PCODE": "CI123",
        "ADM2_FR": "SINFRA",
        "ADM2_PCODE": "CI2302",
        "ADM3_FR": "KOUETINFLA",
        "ADM3_PCODE": "CI230204",
        "ADM4_FR": "KONAN KOUAMEKRO",
        "ADM4_PCODE": "CIV4409",
        "centerLat": 6.58644746,
        "centerLng": -6.147211006,
        "pop": 1312,
        "score": 1312,
        "whiteLoc": 1
      },
      "id": 427
    },
    {
      "type": "Feature",
      "geometry": {
        "coordinates": [
          -4.712819894,
          7.224510357
        ],
        "type": "Point"
      },
      "properties": {
        "ADM0_FR": "LACS",
        "ADM0_PCODE": "CI07",
        "ADM1_FR": "N'ZI",
        "ADM1_PCODE": "CI127",
        "ADM2_FR": "KOUASSI-KOUASSIKRO",
        "ADM2_PCODE": "CI2703",
        "ADM3_FR": "MEKRO",
        "ADM3_PCODE": "CI270302",
        "ADM4_FR": "KONAN OUFFOUEKRO",
        "ADM4_PCODE": "CIV4411",
        "centerLat": 7.224510357,
        "centerLng": -4.712819894,
        "pop": 301,
        "score": 301,
        "whiteLoc": 1
      },
      "id": 428
    },
    {
      "type": "Feature",
      "geometry": {
        "coordinates": [
          -5.154998509,
          7.874337262
        ],
        "type": "Point"
      },
      "properties": {
        "ADM0_FR": "VALLEE DU BANDAMA",
        "ADM0_PCODE": "CI12",
        "ADM1_FR": "GBEKE",
        "ADM1_PCODE": "CI111",
        "ADM2_FR": "BOTRO",
        "ADM2_PCODE": "CI1102",
        "ADM3_FR": "DIABO",
        "ADM3_PCODE": "CI110202",
        "ADM4_FR": "KONANBLEKRO",
        "ADM4_PCODE": "CIV4412",
        "centerLat": 7.874337262,
        "centerLng": -5.154998509,
        "pop": 1215,
        "score": 1215,
        "whiteLoc": 1
      },
      "id": 429
    },
    {
      "type": "Feature",
      "geometry": {
        "coordinates": [
          -4.000888383,
          7.579211482
        ],
        "type": "Point"
      },
      "properties": {
        "ADM0_FR": "LACS",
        "ADM0_PCODE": "CI07",
        "ADM1_FR": "IFFOU",
        "ADM1_PCODE": "CI119",
        "ADM2_FR": "PRIKRO",
        "ADM2_PCODE": "CI1903",
        "ADM3_FR": "PRIKRO",
        "ADM3_PCODE": "CI190301",
        "ADM4_FR": "KONANDI-N'DAKRO",
        "ADM4_PCODE": "CIV4416",
        "centerLat": 7.579211482,
        "centerLng": -4.000888383,
        "pop": 1349,
        "score": 1349,
        "whiteLoc": 1
      },
      "id": 430
    },
    {
      "type": "Feature",
      "geometry": {
        "coordinates": [
          -3.463507054,
          9.689923085
        ],
        "type": "Point"
      },
      "properties": {
        "ADM0_FR": "ZANZAN",
        "ADM0_PCODE": "CI14",
        "ADM1_FR": "BOUNKANI",
        "ADM1_PCODE": "CI108",
        "ADM2_FR": "DOROPO",
        "ADM2_PCODE": "CI0802",
        "ADM3_FR": "NIAMOUE",
        "ADM3_PCODE": "CI080204",
        "ADM4_FR": "KONAPE",
        "ADM4_PCODE": "CIV4433",
        "centerLat": 9.689923085,
        "centerLng": -3.463507054,
        "pop": 186,
        "score": 186,
        "whiteLoc": 1
      },
      "id": 431
    },
    {
      "type": "Feature",
      "geometry": {
        "coordinates": [
          -3.037475075,
          9.336553175
        ],
        "type": "Point"
      },
      "properties": {
        "ADM0_FR": "ZANZAN",
        "ADM0_PCODE": "CI14",
        "ADM1_FR": "BOUNKANI",
        "ADM1_PCODE": "CI108",
        "ADM2_FR": "BOUNA",
        "ADM2_PCODE": "CI0801",
        "ADM3_FR": "BOUNA",
        "ADM3_PCODE": "CI080102",
        "ADM4_FR": "KONDIDOUO",
        "ADM4_PCODE": "CIV4436",
        "centerLat": 9.336553175,
        "centerLng": -3.037475075,
        "pop": 229,
        "score": 229,
        "whiteLoc": 1
      },
      "id": 432
    },
    {
      "type": "Feature",
      "geometry": {
        "coordinates": [
          -4.443516471,
          7.624140732
        ],
        "type": "Point"
      },
      "properties": {
        "ADM0_FR": "LACS",
        "ADM0_PCODE": "CI07",
        "ADM1_FR": "IFFOU",
        "ADM1_PCODE": "CI119",
        "ADM2_FR": "M'BAHIAKRO",
        "ADM2_PCODE": "CI1902",
        "ADM3_FR": "M'BAHIAKRO",
        "ADM3_PCODE": "CI190201",
        "ADM4_FR": "KONDOKRO",
        "ADM4_PCODE": "CIV4440",
        "centerLat": 7.624140732,
        "centerLng": -4.443516471,
        "pop": 217,
        "score": 217,
        "whiteLoc": 1
      },
      "id": 433
    },
    {
      "type": "Feature",
      "geometry": {
        "coordinates": [
          -3.446897627,
          7.885653776
        ],
        "type": "Point"
      },
      "properties": {
        "ADM0_FR": "ZANZAN",
        "ADM0_PCODE": "CI14",
        "ADM1_FR": "GONTOUGO",
        "ADM1_PCODE": "CI114",
        "ADM2_FR": "KOUN-FAO",
        "ADM2_PCODE": "CI1402",
        "ADM3_FR": "KOUASSI-DATEKRO",
        "ADM3_PCODE": "CI140204",
        "ADM4_FR": "KONDOMAN-BOVOUANSO",
        "ADM4_PCODE": "CIV4441",
        "centerLat": 7.885653776,
        "centerLng": -3.446897627,
        "pop": 413,
        "score": 413,
        "whiteLoc": 1
      },
      "id": 434
    },
    {
      "type": "Feature",
      "geometry": {
        "coordinates": [
          -4.906426961,
          7.852536829
        ],
        "type": "Point"
      },
      "properties": {
        "ADM0_FR": "VALLEE DU BANDAMA",
        "ADM0_PCODE": "CI12",
        "ADM1_FR": "GBEKE",
        "ADM1_PCODE": "CI111",
        "ADM2_FR": "BOUAKE",
        "ADM2_PCODE": "CI1103",
        "ADM3_FR": "BOUAKE",
        "ADM3_PCODE": "CI110301",
        "ADM4_FR": "KONDOUNOU",
        "ADM4_PCODE": "CIV4446",
        "centerLat": 7.852536829,
        "centerLng": -4.906426961,
        "pop": 752,
        "score": 752,
        "whiteLoc": 1
      },
      "id": 435
    },
    {
      "type": "Feature",
      "geometry": {
        "coordinates": [
          -2.763736961,
          5.197276564
        ],
        "type": "Point"
      },
      "properties": {
        "ADM0_FR": "COMOE",
        "ADM0_PCODE": "CI02",
        "ADM1_FR": "SUD-COMOE",
        "ADM1_PCODE": "CI130",
        "ADM2_FR": "TIAPOUM",
        "ADM2_PCODE": "CI3004",
        "ADM3_FR": "NOE",
        "ADM3_PCODE": "CI300402",
        "ADM4_FR": "KONGODJAN-TANOE",
        "ADM4_PCODE": "CIV4473",
        "centerLat": 5.197276564,
        "centerLng": -2.763736961,
        "pop": 1176,
        "score": 1176,
        "whiteLoc": 1
      },
      "id": 436
    },
    {
      "type": "Feature",
      "geometry": {
        "coordinates": [
          -4.256461706,
          7.87933232
        ],
        "type": "Point"
      },
      "properties": {
        "ADM0_FR": "VALLEE DU BANDAMA",
        "ADM0_PCODE": "CI12",
        "ADM1_FR": "HAMBOL",
        "ADM1_PCODE": "CI117",
        "ADM2_FR": "DABAKALA",
        "ADM2_PCODE": "CI1701",
        "ADM3_FR": "SATAMA-SOKOURA",
        "ADM3_PCODE": "CI170107",
        "ADM4_FR": "KONGOKRO",
        "ADM4_PCODE": "CIV4476",
        "centerLat": 7.87933232,
        "centerLng": -4.256461706,
        "pop": 434,
        "score": 434,
        "whiteLoc": 1
      },
      "id": 437
    },
    {
      "type": "Feature",
      "geometry": {
        "coordinates": [
          -3.033568632,
          9.393079773
        ],
        "type": "Point"
      },
      "properties": {
        "ADM0_FR": "ZANZAN",
        "ADM0_PCODE": "CI14",
        "ADM1_FR": "BOUNKANI",
        "ADM1_PCODE": "CI108",
        "ADM2_FR": "BOUNA",
        "ADM2_PCODE": "CI0801",
        "ADM3_FR": "BOUNA",
        "ADM3_PCODE": "CI080102",
        "ADM4_FR": "KONGUIDOUO",
        "ADM4_PCODE": "CIV4499",
        "centerLat": 9.393079773,
        "centerLng": -3.033568632,
        "pop": 190,
        "score": 190,
        "whiteLoc": 1
      },
      "id": 438
    },
    {
      "type": "Feature",
      "geometry": {
        "coordinates": [
          -3.6524335,
          7.219211068
        ],
        "type": "Point"
      },
      "properties": {
        "ADM0_FR": "LACS",
        "ADM0_PCODE": "CI07",
        "ADM1_FR": "IFFOU",
        "ADM1_PCODE": "CI119",
        "ADM2_FR": "DAOUKRO",
        "ADM2_PCODE": "CI1901",
        "ADM3_FR": "ETTROKRO",
        "ADM3_PCODE": "CI190104",
        "ADM4_FR": "KONIEN-KOUAMEKRO",
        "ADM4_PCODE": "CIV4504",
        "centerLat": 7.219211068,
        "centerLng": -3.6524335,
        "pop": 1732,
        "score": 1732,
        "whiteLoc": 1
      },
      "id": 439
    },
    {
      "type": "Feature",
      "geometry": {
        "coordinates": [
          -7.88173503,
          8.99086123
        ],
        "type": "Point"
      },
      "properties": {
        "ADM0_FR": "WOROBA",
        "ADM0_PCODE": "CI13",
        "ADM1_FR": "BAFING",
        "ADM1_PCODE": "CI104",
        "ADM2_FR": "KORO",
        "ADM2_PCODE": "CI0401",
        "ADM3_FR": "MAHANDOUGOU",
        "ADM3_PCODE": "CI040104",
        "ADM4_FR": "KONINGOUELO 1",
        "ADM4_PCODE": "CIV4508",
        "centerLat": 8.99086123,
        "centerLng": -7.88173503,
        "pop": 640,
        "score": 640,
        "whiteLoc": 1
      },
      "id": 440
    },
    {
      "type": "Feature",
      "geometry": {
        "coordinates": [
          -7.895397687,
          9.015048896
        ],
        "type": "Point"
      },
      "properties": {
        "ADM0_FR": "WOROBA",
        "ADM0_PCODE": "CI13",
        "ADM1_FR": "BAFING",
        "ADM1_PCODE": "CI104",
        "ADM2_FR": "KORO",
        "ADM2_PCODE": "CI0401",
        "ADM3_FR": "MAHANDOUGOU",
        "ADM3_PCODE": "CI040104",
        "ADM4_FR": "KONINGOUELO 2",
        "ADM4_PCODE": "CIV4509",
        "centerLat": 9.015048896,
        "centerLng": -7.895397687,
        "pop": 538,
        "score": 538,
        "whiteLoc": 1
      },
      "id": 441
    },
    {
      "type": "Feature",
      "geometry": {
        "coordinates": [
          -3.079984024,
          9.555311492
        ],
        "type": "Point"
      },
      "properties": {
        "ADM0_FR": "ZANZAN",
        "ADM0_PCODE": "CI14",
        "ADM1_FR": "BOUNKANI",
        "ADM1_PCODE": "CI108",
        "ADM2_FR": "BOUNA",
        "ADM2_PCODE": "CI0801",
        "ADM3_FR": "BOUKO",
        "ADM3_PCODE": "CI080101",
        "ADM4_FR": "KONONDOUO",
        "ADM4_PCODE": "CIV4513",
        "centerLat": 9.555311492,
        "centerLng": -3.079984024,
        "pop": 239,
        "score": 239,
        "whiteLoc": 1
      },
      "id": 442
    },
    {
      "type": "Feature",
      "geometry": {
        "coordinates": [
          -7.681659061,
          8.872476387
        ],
        "type": "Point"
      },
      "properties": {
        "ADM0_FR": "WOROBA",
        "ADM0_PCODE": "CI13",
        "ADM1_FR": "BAFING",
        "ADM1_PCODE": "CI104",
        "ADM2_FR": "KORO",
        "ADM2_PCODE": "CI0401",
        "ADM3_FR": "BOOKO",
        "ADM3_PCODE": "CI040102",
        "ADM4_FR": "KONSASSO-SOKOURALA",
        "ADM4_PCODE": "CIV4518",
        "centerLat": 8.872476387,
        "centerLng": -7.681659061,
        "pop": 287,
        "score": 287,
        "whiteLoc": 1
      },
      "id": 443
    },
    {
      "type": "Feature",
      "geometry": {
        "coordinates": [
          -5.564033446,
          9.647273587
        ],
        "type": "Point"
      },
      "properties": {
        "ADM0_FR": "SAVANES",
        "ADM0_PCODE": "CI11",
        "ADM1_FR": "PORO",
        "ADM1_PCODE": "CI128",
        "ADM2_FR": "KORHOGO",
        "ADM2_PCODE": "CI2802",
        "ADM3_FR": "LATAHA",
        "ADM3_PCODE": "CI280209",
        "ADM4_FR": "KOPALAVOGO",
        "ADM4_PCODE": "CIV4525",
        "centerLat": 9.647273587,
        "centerLng": -5.564033446,
        "pop": 232,
        "score": 232,
        "whiteLoc": 1
      },
      "id": 444
    },
    {
      "type": "Feature",
      "geometry": {
        "coordinates": [
          -5.542525497,
          9.682237644
        ],
        "type": "Point"
      },
      "properties": {
        "ADM0_FR": "SAVANES",
        "ADM0_PCODE": "CI11",
        "ADM1_FR": "PORO",
        "ADM1_PCODE": "CI128",
        "ADM2_FR": "KORHOGO",
        "ADM2_PCODE": "CI2802",
        "ADM3_FR": "LATAHA",
        "ADM3_PCODE": "CI280209",
        "ADM4_FR": "KOPIEMONVOGO",
        "ADM4_PCODE": "CIV4529",
        "centerLat": 9.682237644,
        "centerLng": -5.542525497,
        "pop": 491,
        "score": 491,
        "whiteLoc": 1
      },
      "id": 445
    },
    {
      "type": "Feature",
      "geometry": {
        "coordinates": [
          -4.497005923,
          7.494076657
        ],
        "type": "Point"
      },
      "properties": {
        "ADM0_FR": "LACS",
        "ADM0_PCODE": "CI07",
        "ADM1_FR": "IFFOU",
        "ADM1_PCODE": "CI119",
        "ADM2_FR": "M'BAHIAKRO",
        "ADM2_PCODE": "CI1902",
        "ADM3_FR": "M'BAHIAKRO",
        "ADM3_PCODE": "CI190201",
        "ADM4_FR": "KORA-AKISSIKRO",
        "ADM4_PCODE": "CIV4532",
        "centerLat": 7.494076657,
        "centerLng": -4.497005923,
        "pop": 752,
        "score": 752,
        "whiteLoc": 1
      },
      "id": 446
    },
    {
      "type": "Feature",
      "geometry": {
        "coordinates": [
          -3.8064973,
          9.709898
        ],
        "type": "Point"
      },
      "properties": {
        "ADM0_FR": "ZANZAN",
        "ADM0_PCODE": "CI14",
        "ADM1_FR": "BOUNKANI",
        "ADM1_PCODE": "CI108",
        "ADM2_FR": "TEHINI",
        "ADM2_PCODE": "CI0804",
        "ADM3_FR": "TEHINI",
        "ADM3_PCODE": "CI080401",
        "ADM4_FR": "KORBO",
        "ADM4_PCODE": "CIV4533",
        "centerLat": 9.709898,
        "centerLng": -3.8064973,
        "pop": 102,
        "score": 102,
        "whiteLoc": 1
      },
      "id": 447
    },
    {
      "type": "Feature",
      "geometry": {
        "coordinates": [
          -5.79523,
          10.02615
        ],
        "type": "Point"
      },
      "properties": {
        "ADM0_FR": "SAVANES",
        "ADM0_PCODE": "CI11",
        "ADM1_FR": "PORO",
        "ADM1_PCODE": "CI128",
        "ADM2_FR": "M'BENGUE",
        "ADM2_PCODE": "CI2803",
        "ADM3_FR": "M'BENGUE",
        "ADM3_PCODE": "CI280301",
        "ADM4_FR": "KORHOLOGO",
        "ADM4_PCODE": "CIV4549",
        "centerLat": 10.02615,
        "centerLng": -5.79523,
        "pop": 1933,
        "score": 1933,
        "whiteLoc": 1
      },
      "id": 448
    },
    {
      "type": "Feature",
      "geometry": {
        "coordinates": [
          -7.742621596,
          10.056928875
        ],
        "type": "Point"
      },
      "properties": {
        "ADM0_FR": "DENGUELE",
        "ADM0_PCODE": "CI03",
        "ADM1_FR": "FOLON",
        "ADM1_PCODE": "CI110",
        "ADM2_FR": "MINIGNAN",
        "ADM2_PCODE": "CI1002",
        "ADM3_FR": "MINIGNAN",
        "ADM3_PCODE": "CI100201",
        "ADM4_FR": "KORIANI",
        "ADM4_PCODE": "CIV4552",
        "centerLat": 10.056928875,
        "centerLng": -7.742621596,
        "pop": 966,
        "score": 966,
        "whiteLoc": 1
      },
      "id": 449
    },
    {
      "type": "Feature",
      "geometry": {
        "coordinates": [
          -3.337128446,
          9.926971938
        ],
        "type": "Point"
      },
      "properties": {
        "ADM0_FR": "ZANZAN",
        "ADM0_PCODE": "CI14",
        "ADM1_FR": "BOUNKANI",
        "ADM1_PCODE": "CI108",
        "ADM2_FR": "DOROPO",
        "ADM2_PCODE": "CI0802",
        "ADM3_FR": "DOROPO",
        "ADM3_PCODE": "CI080202",
        "ADM4_FR": "KOSSAMIGUIE(KOSSAMINA)",
        "ADM4_PCODE": "CIV4583",
        "centerLat": 9.926971938,
        "centerLng": -3.337128446,
        "pop": 87,
        "score": 87,
        "whiteLoc": 1
      },
      "id": 450
    },
    {
      "type": "Feature",
      "geometry": {
        "coordinates": [
          -3.2734438,
          9.41131482
        ],
        "type": "Point"
      },
      "properties": {
        "ADM0_FR": "ZANZAN",
        "ADM0_PCODE": "CI14",
        "ADM1_FR": "BOUNKANI",
        "ADM1_PCODE": "CI108",
        "ADM2_FR": "DOROPO",
        "ADM2_PCODE": "CI0802",
        "ADM3_FR": "NIAMOUE",
        "ADM3_PCODE": "CI080204",
        "ADM4_FR": "KOSSANADOUO",
        "ADM4_PCODE": "CIV4584",
        "centerLat": 9.41131482,
        "centerLng": -3.2734438,
        "pop": 133,
        "score": 133,
        "whiteLoc": 1
      },
      "id": 451
    },
    {
      "type": "Feature",
      "geometry": {
        "coordinates": [
          -3.389232187,
          6.010849431
        ],
        "type": "Point"
      },
      "properties": {
        "ADM0_FR": "COMOE",
        "ADM0_PCODE": "CI02",
        "ADM1_FR": "INDENIE-DJUABLIN",
        "ADM1_PCODE": "CI120",
        "ADM2_FR": "BETTIE",
        "ADM2_PCODE": "CI2003",
        "ADM3_FR": "BETTIE",
        "ADM3_PCODE": "CI200301",
        "ADM4_FR": "KOSSONOUKRO",
        "ADM4_PCODE": "CIV4592",
        "centerLat": 6.010849431,
        "centerLng": -3.389232187,
        "pop": 1348,
        "score": 1348,
        "whiteLoc": 1
      },
      "id": 452
    },
    {
      "type": "Feature",
      "geometry": {
        "coordinates": [
          -4.40806649,
          6.988152259
        ],
        "type": "Point"
      },
      "properties": {
        "ADM0_FR": "LACS",
        "ADM0_PCODE": "CI07",
        "ADM1_FR": "N'ZI",
        "ADM1_PCODE": "CI127",
        "ADM2_FR": "BOCANDA",
        "ADM2_PCODE": "CI2701",
        "ADM3_FR": "BOCANDA",
        "ADM3_PCODE": "CI270102",
        "ADM4_FR": "KOUADIANIKRO",
        "ADM4_PCODE": "CIV4626",
        "centerLat": 6.988152259,
        "centerLng": -4.40806649,
        "pop": 253,
        "score": 253,
        "whiteLoc": 1
      },
      "id": 453
    },
    {
      "type": "Feature",
      "geometry": {
        "coordinates": [
          -5.080219521,
          6.017144595
        ],
        "type": "Point"
      },
      "properties": {
        "ADM0_FR": "GOH-DJIBOUA",
        "ADM0_PCODE": "CI06",
        "ADM1_FR": "LOH-DJIBOUA",
        "ADM1_PCODE": "CI122",
        "ADM2_FR": "DIVO",
        "ADM2_PCODE": "CI2201",
        "ADM3_FR": "ZEGO",
        "ADM3_PCODE": "CI220107",
        "ADM4_FR": "KOUADIO BAKRO",
        "ADM4_PCODE": "CIV4628",
        "centerLat": 6.017144595,
        "centerLng": -5.080219521,
        "pop": 2836,
        "score": 2836,
        "whiteLoc": 1
      },
      "id": 454
    },
    {
      "type": "Feature",
      "geometry": {
        "coordinates": [
          -6.634907493,
          5.327876618
        ],
        "type": "Point"
      },
      "properties": {
        "ADM0_FR": "BAS-SASSANDRA",
        "ADM0_PCODE": "CI01",
        "ADM1_FR": "NAWA",
        "ADM1_PCODE": "CI126",
        "ADM2_FR": "MEAGUI",
        "ADM2_PCODE": "CI2603",
        "ADM3_FR": "MEAGUI",
        "ADM3_PCODE": "CI260301",
        "ADM4_FR": "KOUADIOAGUI",
        "ADM4_PCODE": "CIV4632",
        "centerLat": 5.327876618,
        "centerLng": -6.634907493,
        "pop": 458,
        "score": 458,
        "whiteLoc": 1
      },
      "id": 455
    },
    {
      "type": "Feature",
      "geometry": {
        "coordinates": [
          -4.353480333,
          7.687337945
        ],
        "type": "Point"
      },
      "properties": {
        "ADM0_FR": "LACS",
        "ADM0_PCODE": "CI07",
        "ADM1_FR": "IFFOU",
        "ADM1_PCODE": "CI119",
        "ADM2_FR": "M'BAHIAKRO",
        "ADM2_PCODE": "CI1902",
        "ADM3_FR": "KONDOSSOU",
        "ADM3_PCODE": "CI190203",
        "ADM4_FR": "KOUADIO-AMANIKRO",
        "ADM4_PCODE": "CIV4633",
        "centerLat": 7.687337945,
        "centerLng": -4.353480333,
        "pop": 392,
        "score": 392,
        "whiteLoc": 1
      },
      "id": 456
    },
    {
      "type": "Feature",
      "geometry": {
        "coordinates": [
          -4.706521076,
          6.895444736
        ],
        "type": "Point"
      },
      "properties": {
        "ADM0_FR": "LACS",
        "ADM0_PCODE": "CI07",
        "ADM1_FR": "N'ZI",
        "ADM1_PCODE": "CI127",
        "ADM2_FR": "DIMBOKRO",
        "ADM2_PCODE": "CI2702",
        "ADM3_FR": "NOFOU",
        "ADM3_PCODE": "CI270204",
        "ADM4_FR": "KOUADIO-KONANKRO",
        "ADM4_PCODE": "CIV4641",
        "centerLat": 6.895444736,
        "centerLng": -4.706521076,
        "pop": 383,
        "score": 383,
        "whiteLoc": 1
      },
      "id": 457
    },
    {
      "type": "Feature",
      "geometry": {
        "coordinates": [
          -3.023257397,
          7.439781703
        ],
        "type": "Point"
      },
      "properties": {
        "ADM0_FR": "ZANZAN",
        "ADM0_PCODE": "CI14",
        "ADM1_FR": "GONTOUGO",
        "ADM1_PCODE": "CI114",
        "ADM2_FR": "TRANSUA",
        "ADM2_PCODE": "CI1405",
        "ADM3_FR": "KOUASSI-NIANGUINI",
        "ADM3_PCODE": "CI140503",
        "ADM4_FR": "KOUADJO-KISSIKRO",
        "ADM4_PCODE": "CIV4656",
        "centerLat": 7.439781703,
        "centerLng": -3.023257397,
        "pop": 1222,
        "score": 1222,
        "whiteLoc": 1
      },
      "id": 458
    },
    {
      "type": "Feature",
      "geometry": {
        "coordinates": [
          -2.849552754,
          8.204979154
        ],
        "type": "Point"
      },
      "properties": {
        "ADM0_FR": "ZANZAN",
        "ADM0_PCODE": "CI14",
        "ADM1_FR": "GONTOUGO",
        "ADM1_PCODE": "CI114",
        "ADM2_FR": "BONDOUKOU",
        "ADM2_PCODE": "CI1401",
        "ADM3_FR": "SOROBANGO",
        "ADM3_PCODE": "CI140108",
        "ADM4_FR": "KOUAFO-AKIDOM",
        "ADM4_PCODE": "CIV4660",
        "centerLat": 8.204979154,
        "centerLng": -2.849552754,
        "pop": 1,
        "score": 1,
        "whiteLoc": 1
      },
      "id": 459
    },
    {
      "type": "Feature",
      "geometry": {
        "coordinates": [
          -4.747609404,
          7.004344758
        ],
        "type": "Point"
      },
      "properties": {
        "ADM0_FR": "LACS",
        "ADM0_PCODE": "CI07",
        "ADM1_FR": "N'ZI",
        "ADM1_PCODE": "CI127",
        "ADM2_FR": "DIMBOKRO",
        "ADM2_PCODE": "CI2702",
        "ADM3_FR": "NOFOU",
        "ADM3_PCODE": "CI270204",
        "ADM4_FR": "KOUAKOU-EBINIKRO",
        "ADM4_PCODE": "CIV4672",
        "centerLat": 7.004344758,
        "centerLng": -4.747609404,
        "pop": 426,
        "score": 426,
        "whiteLoc": 1
      },
      "id": 460
    },
    {
      "type": "Feature",
      "geometry": {
        "coordinates": [
          -3.45535014,
          7.842777958
        ],
        "type": "Point"
      },
      "properties": {
        "ADM0_FR": "ZANZAN",
        "ADM0_PCODE": "CI14",
        "ADM1_FR": "GONTOUGO",
        "ADM1_PCODE": "CI114",
        "ADM2_FR": "KOUN-FAO",
        "ADM2_PCODE": "CI1402",
        "ADM3_FR": "KOUASSI-DATEKRO",
        "ADM3_PCODE": "CI140204",
        "ADM4_FR": "KOUAKRO-BOVOUANSO",
        "ADM4_PCODE": "CIV4695",
        "centerLat": 7.842777958,
        "centerLng": -3.45535014,
        "pop": 557,
        "score": 557,
        "whiteLoc": 1
      },
      "id": 461
    },
    {
      "type": "Feature",
      "geometry": {
        "coordinates": [
          -4.927846287,
          7.330345941
        ],
        "type": "Point"
      },
      "properties": {
        "ADM0_FR": "LACS",
        "ADM0_PCODE": "CI07",
        "ADM1_FR": "BELIER",
        "ADM1_PCODE": "CI106",
        "ADM2_FR": "DIDIEVI",
        "ADM2_PCODE": "CI0601",
        "ADM3_FR": "MOLONOU-BLE",
        "ADM3_PCODE": "CI060103",
        "ADM4_FR": "KOUAME-AKOIKRO",
        "ADM4_PCODE": "CIV4702",
        "centerLat": 7.330345941,
        "centerLng": -4.927846287,
        "pop": 215,
        "score": 215,
        "whiteLoc": 1
      },
      "id": 462
    },
    {
      "type": "Feature",
      "geometry": {
        "coordinates": [
          -3.365930363,
          7.71143994
        ],
        "type": "Point"
      },
      "properties": {
        "ADM0_FR": "ZANZAN",
        "ADM0_PCODE": "CI14",
        "ADM1_FR": "GONTOUGO",
        "ADM1_PCODE": "CI114",
        "ADM2_FR": "TANDA",
        "ADM2_PCODE": "CI1404",
        "ADM3_FR": "DIAMBA",
        "ADM3_PCODE": "CI140403",
        "ADM4_FR": "KOUAMEBONIKRO",
        "ADM4_PCODE": "CIV4704",
        "centerLat": 7.71143994,
        "centerLng": -3.365930363,
        "pop": 692,
        "score": 692,
        "whiteLoc": 1
      },
      "id": 463
    },
    {
      "type": "Feature",
      "geometry": {
        "coordinates": [
          -3.446914172,
          7.191874664
        ],
        "type": "Point"
      },
      "properties": {
        "ADM0_FR": "COMOE",
        "ADM0_PCODE": "CI02",
        "ADM1_FR": "INDENIE-DJUABLIN",
        "ADM1_PCODE": "CI120",
        "ADM2_FR": "AGNIBILEKROU",
        "ADM2_PCODE": "CI2002",
        "ADM3_FR": "DUFFREBO",
        "ADM3_PCODE": "CI200204",
        "ADM4_FR": "KOUAOKRO",
        "ADM4_PCODE": "CIV4718",
        "centerLat": 7.191874664,
        "centerLng": -3.446914172,
        "pop": 1655,
        "score": 1655,
        "whiteLoc": 1
      },
      "id": 464
    },
    {
      "type": "Feature",
      "geometry": {
        "coordinates": [
          -3.458100546,
          8.026955656
        ],
        "type": "Point"
      },
      "properties": {
        "ADM0_FR": "ZANZAN",
        "ADM0_PCODE": "CI14",
        "ADM1_FR": "GONTOUGO",
        "ADM1_PCODE": "CI114",
        "ADM2_FR": "SANDEGUE",
        "ADM2_PCODE": "CI1403",
        "ADM3_FR": "BANDAKAGNI-TOMORA",
        "ADM3_PCODE": "CI140302",
        "ADM4_FR": "KOUASSIDOUGOU",
        "ADM4_PCODE": "CIV4736",
        "centerLat": 8.026955656,
        "centerLng": -3.458100546,
        "pop": 1520,
        "score": 1520,
        "whiteLoc": 1
      },
      "id": 465
    },
    {
      "type": "Feature",
      "geometry": {
        "coordinates": [
          -6.257158537,
          7.833310701
        ],
        "type": "Point"
      },
      "properties": {
        "ADM0_FR": "WOROBA",
        "ADM0_PCODE": "CI13",
        "ADM1_FR": "WORODOUGOU",
        "ADM1_PCODE": "CI133",
        "ADM2_FR": "SEGUELA",
        "ADM2_PCODE": "CI3302",
        "ADM3_FR": "MASSALA",
        "ADM3_PCODE": "CI330205",
        "ADM4_FR": "KOUASSIKRO",
        "ADM4_PCODE": "CIV4748",
        "centerLat": 7.833310701,
        "centerLng": -6.257158537,
        "pop": 262,
        "score": 262,
        "whiteLoc": 1
      },
      "id": 466
    },
    {
      "type": "Feature",
      "geometry": {
        "coordinates": [
          -4.494417433,
          7.800684121
        ],
        "type": "Point"
      },
      "properties": {
        "ADM0_FR": "LACS",
        "ADM0_PCODE": "CI07",
        "ADM1_FR": "IFFOU",
        "ADM1_PCODE": "CI119",
        "ADM2_FR": "M'BAHIAKRO",
        "ADM2_PCODE": "CI1902",
        "ADM3_FR": "KONDOSSOU",
        "ADM3_PCODE": "CI190203",
        "ADM4_FR": "KOUASSIKRO 2",
        "ADM4_PCODE": "CIV4749",
        "centerLat": 7.800684121,
        "centerLng": -4.494417433,
        "pop": 1008,
        "score": 1008,
        "whiteLoc": 1
      },
      "id": 467
    },
    {
      "type": "Feature",
      "geometry": {
        "coordinates": [
          -6.482277147,
          5.535464438
        ],
        "type": "Point"
      },
      "properties": {
        "ADM0_FR": "BAS-SASSANDRA",
        "ADM0_PCODE": "CI01",
        "ADM1_FR": "GBOKLE",
        "ADM1_PCODE": "CI112",
        "ADM2_FR": "SASSANDRA",
        "ADM2_PCODE": "CI1202",
        "ADM3_FR": "GRIHIRI",
        "ADM3_PCODE": "CI120203",
        "ADM4_FR": "KOUATE",
        "ADM4_PCODE": "CIV4758",
        "centerLat": 5.535464438,
        "centerLng": -6.482277147,
        "pop": 3055,
        "score": 3055,
        "whiteLoc": 1
      },
      "id": 468
    },
    {
      "type": "Feature",
      "geometry": {
        "coordinates": [
          -5.526877304,
          7.741198632
        ],
        "type": "Point"
      },
      "properties": {
        "ADM0_FR": "VALLEE DU BANDAMA",
        "ADM0_PCODE": "CI12",
        "ADM1_FR": "GBEKE",
        "ADM1_PCODE": "CI111",
        "ADM2_FR": "BEOUMI",
        "ADM2_PCODE": "CI1101",
        "ADM3_FR": "BEOUMI",
        "ADM3_PCODE": "CI110102",
        "ADM4_FR": "KOUBEBO-DAN",
        "ADM4_PCODE": "CIV4764",
        "centerLat": 7.741198632,
        "centerLng": -5.526877304,
        "pop": 926,
        "score": 926,
        "whiteLoc": 1
      },
      "id": 469
    },
    {
      "type": "Feature",
      "geometry": {
        "coordinates": [
          -3.437905318,
          9.792628888
        ],
        "type": "Point"
      },
      "properties": {
        "ADM0_FR": "ZANZAN",
        "ADM0_PCODE": "CI14",
        "ADM1_FR": "BOUNKANI",
        "ADM1_PCODE": "CI108",
        "ADM2_FR": "DOROPO",
        "ADM2_PCODE": "CI0802",
        "ADM3_FR": "DOROPO",
        "ADM3_PCODE": "CI080202",
        "ADM4_FR": "KOUDINADOUO",
        "ADM4_PCODE": "CIV4772",
        "centerLat": 9.792628888,
        "centerLng": -3.437905318,
        "pop": 129,
        "score": 129,
        "whiteLoc": 1
      },
      "id": 470
    },
    {
      "type": "Feature",
      "geometry": {
        "coordinates": [
          -3.178664669,
          9.531721318
        ],
        "type": "Point"
      },
      "properties": {
        "ADM0_FR": "ZANZAN",
        "ADM0_PCODE": "CI14",
        "ADM1_FR": "BOUNKANI",
        "ADM1_PCODE": "CI108",
        "ADM2_FR": "BOUNA",
        "ADM2_PCODE": "CI0801",
        "ADM3_FR": "BOUKO",
        "ADM3_PCODE": "CI080101",
        "ADM4_FR": "KOUEMIDOUO",
        "ADM4_PCODE": "CIV4788",
        "centerLat": 9.531721318,
        "centerLng": -3.178664669,
        "pop": 142,
        "score": 142,
        "whiteLoc": 1
      },
      "id": 471
    },
    {
      "type": "Feature",
      "geometry": {
        "coordinates": [
          -6.749852417,
          7.357386428
        ],
        "type": "Point"
      },
      "properties": {
        "ADM0_FR": "SASSANDRA-MARAHOUE",
        "ADM0_PCODE": "CI10",
        "ADM1_FR": "HAUT-SASSANDRA",
        "ADM1_PCODE": "CI118",
        "ADM2_FR": "VAVOUA",
        "ADM2_PCODE": "CI1803",
        "ADM3_FR": "SEITIFLA",
        "ADM3_PCODE": "CI180306",
        "ADM4_FR": "KOUENOUFLA-DON",
        "ADM4_PCODE": "CIV4791",
        "centerLat": 7.357386428,
        "centerLng": -6.749852417,
        "pop": 3563,
        "score": 3563,
        "whiteLoc": 1
      },
      "id": 472
    },
    {
      "type": "Feature",
      "geometry": {
        "coordinates": [
          -3.49278245,
          9.913470713
        ],
        "type": "Point"
      },
      "properties": {
        "ADM0_FR": "ZANZAN",
        "ADM0_PCODE": "CI14",
        "ADM1_FR": "BOUNKANI",
        "ADM1_PCODE": "CI108",
        "ADM2_FR": "TEHINI",
        "ADM2_PCODE": "CI0804",
        "ADM3_FR": "GOGO",
        "ADM3_PCODE": "CI080402",
        "ADM4_FR": "KOUISSIERA",
        "ADM4_PCODE": "CIV4802",
        "centerLat": 9.913470713,
        "centerLng": -3.49278245,
        "pop": 340,
        "score": 340,
        "whiteLoc": 1
      },
      "id": 473
    },
    {
      "type": "Feature",
      "geometry": {
        "coordinates": [
          -2.818754551,
          8.791702948
        ],
        "type": "Point"
      },
      "properties": {
        "ADM0_FR": "ZANZAN",
        "ADM0_PCODE": "CI14",
        "ADM1_FR": "BOUNKANI",
        "ADM1_PCODE": "CI108",
        "ADM2_FR": "BOUNA",
        "ADM2_PCODE": "CI0801",
        "ADM3_FR": "ONDEFIDOUO",
        "ADM3_PCODE": "CI080103",
        "ADM4_FR": "KOULAMBONINDOUO",
        "ADM4_PCODE": "CIV4813",
        "centerLat": 8.791702948,
        "centerLng": -2.818754551,
        "pop": 792,
        "score": 792,
        "whiteLoc": 1
      },
      "id": 474
    },
    {
      "type": "Feature",
      "geometry": {
        "coordinates": [
          -3.054089927,
          9.600949988
        ],
        "type": "Point"
      },
      "properties": {
        "ADM0_FR": "ZANZAN",
        "ADM0_PCODE": "CI14",
        "ADM1_FR": "BOUNKANI",
        "ADM1_PCODE": "CI108",
        "ADM2_FR": "DOROPO",
        "ADM2_PCODE": "CI0802",
        "ADM3_FR": "DANOA",
        "ADM3_PCODE": "CI080201",
        "ADM4_FR": "KOULIBILA",
        "ADM4_PCODE": "CIV4816",
        "centerLat": 9.600949988,
        "centerLng": -3.054089927,
        "pop": 182,
        "score": 182,
        "whiteLoc": 1
      },
      "id": 475
    },
    {
      "type": "Feature",
      "geometry": {
        "coordinates": [
          -2.823936878,
          8.902343635
        ],
        "type": "Point"
      },
      "properties": {
        "ADM0_FR": "ZANZAN",
        "ADM0_PCODE": "CI14",
        "ADM1_FR": "BOUNKANI",
        "ADM1_PCODE": "CI108",
        "ADM2_FR": "BOUNA",
        "ADM2_PCODE": "CI0801",
        "ADM3_FR": "YOUNDOUO",
        "ADM3_PCODE": "CI080105",
        "ADM4_FR": "KOULKANTEDOUO",
        "ADM4_PCODE": "CIV4819",
        "centerLat": 8.902343635,
        "centerLng": -2.823936878,
        "pop": 622,
        "score": 622,
        "whiteLoc": 1
      },
      "id": 476
    },
    {
      "type": "Feature",
      "geometry": {
        "coordinates": [
          -5.74104606,
          8.817569458
        ],
        "type": "Point"
      },
      "properties": {
        "ADM0_FR": "SAVANES",
        "ADM0_PCODE": "CI11",
        "ADM1_FR": "PORO",
        "ADM1_PCODE": "CI128",
        "ADM2_FR": "DIKODOUGOU",
        "ADM2_PCODE": "CI2801",
        "ADM3_FR": "DIKODOUGOU",
        "ADM3_PCODE": "CI280102",
        "ADM4_FR": "KOULOPANKAHA",
        "ADM4_PCODE": "CIV4824",
        "centerLat": 8.817569458,
        "centerLng": -5.74104606,
        "pop": 669,
        "score": 669,
        "whiteLoc": 1
      },
      "id": 477
    },
    {
      "type": "Feature",
      "geometry": {
        "coordinates": [
          -2.834926606,
          9.200757821
        ],
        "type": "Point"
      },
      "properties": {
        "ADM0_FR": "ZANZAN",
        "ADM0_PCODE": "CI14",
        "ADM1_FR": "BOUNKANI",
        "ADM1_PCODE": "CI108",
        "ADM2_FR": "BOUNA",
        "ADM2_PCODE": "CI0801",
        "ADM3_FR": "BOUNA",
        "ADM3_PCODE": "CI080102",
        "ADM4_FR": "KOULPERDOUO",
        "ADM4_PCODE": "CIV4831",
        "centerLat": 9.200757821,
        "centerLng": -2.834926606,
        "pop": 199,
        "score": 199,
        "whiteLoc": 1
      },
      "id": 478
    },
    {
      "type": "Feature",
      "geometry": {
        "coordinates": [
          -4.297395128,
          7.756823789
        ],
        "type": "Point"
      },
      "properties": {
        "ADM0_FR": "LACS",
        "ADM0_PCODE": "CI07",
        "ADM1_FR": "IFFOU",
        "ADM1_PCODE": "CI119",
        "ADM2_FR": "M'BAHIAKRO",
        "ADM2_PCODE": "CI1902",
        "ADM3_FR": "BONGUERA",
        "ADM3_PCODE": "CI190202",
        "ADM4_FR": "KOUMANDOUGOU",
        "ADM4_PCODE": "CIV4834",
        "centerLat": 7.756823789,
        "centerLng": -4.297395128,
        "pop": 354,
        "score": 354,
        "whiteLoc": 1
      },
      "id": 479
    },
    {
      "type": "Feature",
      "geometry": {
        "coordinates": [
          -2.882781044,
          9.139358653
        ],
        "type": "Point"
      },
      "properties": {
        "ADM0_FR": "ZANZAN",
        "ADM0_PCODE": "CI14",
        "ADM1_FR": "BOUNKANI",
        "ADM1_PCODE": "CI108",
        "ADM2_FR": "BOUNA",
        "ADM2_PCODE": "CI0801",
        "ADM3_FR": "ONDEFIDOUO",
        "ADM3_PCODE": "CI080103",
        "ADM4_FR": "KOUNANDOUO",
        "ADM4_PCODE": "CIV4850",
        "centerLat": 9.139358653,
        "centerLng": -2.882781044,
        "pop": 592,
        "score": 592,
        "whiteLoc": 1
      },
      "id": 480
    },
    {
      "type": "Feature",
      "geometry": {
        "coordinates": [
          -4.670382706,
          9.348004164
        ],
        "type": "Point"
      },
      "properties": {
        "ADM0_FR": "SAVANES",
        "ADM0_PCODE": "CI11",
        "ADM1_FR": "TCHOLOGO",
        "ADM1_PCODE": "CI131",
        "ADM2_FR": "KONG",
        "ADM2_PCODE": "CI3102",
        "ADM3_FR": "KONG",
        "ADM3_PCODE": "CI310201",
        "ADM4_FR": "KOUNDOU",
        "ADM4_PCODE": "CIV4853",
        "centerLat": 9.348004164,
        "centerLng": -4.670382706,
        "pop": 405,
        "score": 405,
        "whiteLoc": 1
      },
      "id": 481
    },
    {
      "type": "Feature",
      "geometry": {
        "coordinates": [
          -7.3935433,
          9.1517924
        ],
        "type": "Point"
      },
      "properties": {
        "ADM0_FR": "DENGUELE",
        "ADM0_PCODE": "CI03",
        "ADM1_FR": "KABADOUGOU",
        "ADM1_PCODE": "CI121",
        "ADM2_FR": "ODIENNE",
        "ADM2_PCODE": "CI2103",
        "ADM3_FR": "DIOULATIEDOUGOU",
        "ADM3_PCODE": "CI210304",
        "ADM4_FR": "KOUNGBENI",
        "ADM4_PCODE": "CIV4857",
        "centerLat": 9.1517924,
        "centerLng": -7.3935433,
        "pop": 1210,
        "score": 1210,
        "whiteLoc": 1
      },
      "id": 482
    },
    {
      "type": "Feature",
      "geometry": {
        "coordinates": [
          -7.741401847,
          8.006963185
        ],
        "type": "Point"
      },
      "properties": {
        "ADM0_FR": "WOROBA",
        "ADM0_PCODE": "CI13",
        "ADM1_FR": "BAFING",
        "ADM1_PCODE": "CI104",
        "ADM2_FR": "TOUBA",
        "ADM2_PCODE": "CI0403",
        "ADM3_FR": "FOUNGBESSO",
        "ADM3_PCODE": "CI040303",
        "ADM4_FR": "KOUNGO",
        "ADM4_PCODE": "CIV4858",
        "centerLat": 8.006963185,
        "centerLng": -7.741401847,
        "pop": 584,
        "score": 584,
        "whiteLoc": 1
      },
      "id": 483
    },
    {
      "type": "Feature",
      "geometry": {
        "coordinates": [
          -3.424981168,
          9.762574336
        ],
        "type": "Point"
      },
      "properties": {
        "ADM0_FR": "ZANZAN",
        "ADM0_PCODE": "CI14",
        "ADM1_FR": "BOUNKANI",
        "ADM1_PCODE": "CI108",
        "ADM2_FR": "DOROPO",
        "ADM2_PCODE": "CI0802",
        "ADM3_FR": "DOROPO",
        "ADM3_PCODE": "CI080202",
        "ADM4_FR": "KOUNTOUMBI",
        "ADM4_PCODE": "CIV4864",
        "centerLat": 9.762574336,
        "centerLng": -3.424981168,
        "pop": 370,
        "score": 370,
        "whiteLoc": 1
      },
      "id": 484
    },
    {
      "type": "Feature",
      "geometry": {
        "coordinates": [
          -3.275857477,
          9.483597244
        ],
        "type": "Point"
      },
      "properties": {
        "ADM0_FR": "ZANZAN",
        "ADM0_PCODE": "CI14",
        "ADM1_FR": "BOUNKANI",
        "ADM1_PCODE": "CI108",
        "ADM2_FR": "DOROPO",
        "ADM2_PCODE": "CI0802",
        "ADM3_FR": "NIAMOUE",
        "ADM3_PCODE": "CI080204",
        "ADM4_FR": "KOUNYALADOUO",
        "ADM4_PCODE": "CIV4865",
        "centerLat": 9.483597244,
        "centerLng": -3.275857477,
        "pop": 566,
        "score": 566,
        "whiteLoc": 1
      },
      "id": 485
    },
    {
      "type": "Feature",
      "geometry": {
        "coordinates": [
          -3.345026969,
          9.666886285
        ],
        "type": "Point"
      },
      "properties": {
        "ADM0_FR": "ZANZAN",
        "ADM0_PCODE": "CI14",
        "ADM1_FR": "BOUNKANI",
        "ADM1_PCODE": "CI108",
        "ADM2_FR": "DOROPO",
        "ADM2_PCODE": "CI0802",
        "ADM3_FR": "DOROPO",
        "ADM3_PCODE": "CI080202",
        "ADM4_FR": "KOURENOU",
        "ADM4_PCODE": "CIV4872",
        "centerLat": 9.666886285,
        "centerLng": -3.345026969,
        "pop": 165,
        "score": 165,
        "whiteLoc": 1
      },
      "id": 486
    },
    {
      "type": "Feature",
      "geometry": {
        "coordinates": [
          -4.785641084,
          9.414410137
        ],
        "type": "Point"
      },
      "properties": {
        "ADM0_FR": "SAVANES",
        "ADM0_PCODE": "CI11",
        "ADM1_FR": "TCHOLOGO",
        "ADM1_PCODE": "CI131",
        "ADM2_FR": "KONG",
        "ADM2_PCODE": "CI3102",
        "ADM3_FR": "SIKOLO",
        "ADM3_PCODE": "CI310204",
        "ADM4_FR": "KOURKOUNA",
        "ADM4_PCODE": "CIV4875",
        "centerLat": 9.414410137,
        "centerLng": -4.785641084,
        "pop": 524,
        "score": 524,
        "whiteLoc": 1
      },
      "id": 487
    },
    {
      "type": "Feature",
      "geometry": {
        "coordinates": [
          -6.586591511,
          10.413686352
        ],
        "type": "Point"
      },
      "properties": {
        "ADM0_FR": "SAVANES",
        "ADM0_PCODE": "CI11",
        "ADM1_FR": "BAGOUE",
        "ADM1_PCODE": "CI105",
        "ADM2_FR": "TENGRELA",
        "ADM2_PCODE": "CI0503",
        "ADM3_FR": "DEBETE",
        "ADM3_PCODE": "CI050302",
        "ADM4_FR": "KOUROUKORO",
        "ADM4_PCODE": "CIV4879",
        "centerLat": 10.413686352,
        "centerLng": -6.586591511,
        "pop": 316,
        "score": 316,
        "whiteLoc": 1
      },
      "id": 488
    },
    {
      "type": "Feature",
      "geometry": {
        "coordinates": [
          -5.122555011,
          9.637097029
        ],
        "type": "Point"
      },
      "properties": {
        "ADM0_FR": "SAVANES",
        "ADM0_PCODE": "CI11",
        "ADM1_FR": "TCHOLOGO",
        "ADM1_PCODE": "CI131",
        "ADM2_FR": "FERKESSEDOUGOU",
        "ADM2_PCODE": "CI3101",
        "ADM3_FR": "FERKESSEDOUGOU",
        "ADM3_PCODE": "CI310101",
        "ADM4_FR": "KOUSSOROKAHA",
        "ADM4_PCODE": "CIV4885",
        "centerLat": 9.637097029,
        "centerLng": -5.122555011,
        "pop": 1753,
        "score": 1753,
        "whiteLoc": 1
      },
      "id": 489
    },
    {
      "type": "Feature",
      "geometry": {
        "coordinates": [
          -3.2381661,
          9.3878705
        ],
        "type": "Point"
      },
      "properties": {
        "ADM0_FR": "ZANZAN",
        "ADM0_PCODE": "CI14",
        "ADM1_FR": "BOUNKANI",
        "ADM1_PCODE": "CI108",
        "ADM2_FR": "BOUNA",
        "ADM2_PCODE": "CI0801",
        "ADM3_FR": "BOUNA",
        "ADM3_PCODE": "CI080102",
        "ADM4_FR": "KOUSSOUNADOUO",
        "ADM4_PCODE": "CIV4886",
        "centerLat": 9.3878705,
        "centerLng": -3.2381661,
        "pop": 287,
        "score": 287,
        "whiteLoc": 1
      },
      "id": 490
    },
    {
      "type": "Feature",
      "geometry": {
        "coordinates": [
          -3.375364376,
          9.914432604
        ],
        "type": "Point"
      },
      "properties": {
        "ADM0_FR": "ZANZAN",
        "ADM0_PCODE": "CI14",
        "ADM1_FR": "BOUNKANI",
        "ADM1_PCODE": "CI108",
        "ADM2_FR": "DOROPO",
        "ADM2_PCODE": "CI0802",
        "ADM3_FR": "DOROPO",
        "ADM3_PCODE": "CI080202",
        "ADM4_FR": "KOUTIANA",
        "ADM4_PCODE": "CIV4889",
        "centerLat": 9.914432604,
        "centerLng": -3.375364376,
        "pop": 199,
        "score": 199,
        "whiteLoc": 1
      },
      "id": 491
    },
    {
      "type": "Feature",
      "geometry": {
        "coordinates": [
          -3.56837641,
          5.614886981
        ],
        "type": "Point"
      },
      "properties": {
        "ADM0_FR": "LAGUNES",
        "ADM0_PCODE": "CI08",
        "ADM1_FR": "LA ME",
        "ADM1_PCODE": "CI124",
        "ADM2_FR": "ALEPE",
        "ADM2_PCODE": "CI2403",
        "ADM3_FR": "ALLOSSO",
        "ADM3_PCODE": "CI240303",
        "ADM4_FR": "KOUTOUKRO 1",
        "ADM4_PCODE": "CIV4893",
        "centerLat": 5.614886981,
        "centerLng": -3.56837641,
        "pop": 821,
        "score": 821,
        "whiteLoc": 1
      },
      "id": 492
    },
    {
      "type": "Feature",
      "geometry": {
        "coordinates": [
          -7.801771904,
          7.436438795
        ],
        "type": "Point"
      },
      "properties": {
        "ADM0_FR": "MONTAGNES",
        "ADM0_PCODE": "CI09",
        "ADM1_FR": "TONKPI",
        "ADM1_PCODE": "CI132",
        "ADM2_FR": "MAN",
        "ADM2_PCODE": "CI3203",
        "ADM3_FR": "SANGOUINE",
        "ADM3_PCODE": "CI320308",
        "ADM4_FR": "KPAMPLEU",
        "ADM4_PCODE": "CIV4921",
        "centerLat": 7.436438795,
        "centerLng": -7.801771904,
        "pop": 591,
        "score": 591,
        "whiteLoc": 1
      },
      "id": 493
    },
    {
      "type": "Feature",
      "geometry": {
        "coordinates": [
          -4.340979693,
          8.199194675
        ],
        "type": "Point"
      },
      "properties": {
        "ADM0_FR": "VALLEE DU BANDAMA",
        "ADM0_PCODE": "CI12",
        "ADM1_FR": "HAMBOL",
        "ADM1_PCODE": "CI117",
        "ADM2_FR": "DABAKALA",
        "ADM2_PCODE": "CI1701",
        "ADM3_FR": "DABAKALA",
        "ADM3_PCODE": "CI170103",
        "ADM4_FR": "KPANA-KALO",
        "ADM4_PCODE": "CIV4922",
        "centerLat": 8.199194675,
        "centerLng": -4.340979693,
        "pop": 239,
        "score": 239,
        "whiteLoc": 1
      },
      "id": 494
    },
    {
      "type": "Feature",
      "geometry": {
        "coordinates": [
          -3.260835479,
          8.254001276
        ],
        "type": "Point"
      },
      "properties": {
        "ADM0_FR": "ZANZAN",
        "ADM0_PCODE": "CI14",
        "ADM1_FR": "GONTOUGO",
        "ADM1_PCODE": "CI114",
        "ADM2_FR": "BONDOUKOU",
        "ADM2_PCODE": "CI1401",
        "ADM3_FR": "BONDO",
        "ADM3_PCODE": "CI140102",
        "ADM4_FR": "KPANAYO",
        "ADM4_PCODE": "CIV4926",
        "centerLat": 8.254001276,
        "centerLng": -3.260835479,
        "pop": 1164,
        "score": 1164,
        "whiteLoc": 1
      },
      "id": 495
    },
    {
      "type": "Feature",
      "geometry": {
        "coordinates": [
          -3.771378186,
          9.854391205
        ],
        "type": "Point"
      },
      "properties": {
        "ADM0_FR": "ZANZAN",
        "ADM0_PCODE": "CI14",
        "ADM1_FR": "BOUNKANI",
        "ADM1_PCODE": "CI108",
        "ADM2_FR": "TEHINI",
        "ADM2_PCODE": "CI0804",
        "ADM3_FR": "TEHINI",
        "ADM3_PCODE": "CI080401",
        "ADM4_FR": "KPANDJAO",
        "ADM4_PCODE": "CIV4929",
        "centerLat": 9.854391205,
        "centerLng": -3.771378186,
        "pop": 207,
        "score": 207,
        "whiteLoc": 1
      },
      "id": 496
    },
    {
      "type": "Feature",
      "geometry": {
        "coordinates": [
          -6.751163568,
          5.586639343
        ],
        "type": "Point"
      },
      "properties": {
        "ADM0_FR": "BAS-SASSANDRA",
        "ADM0_PCODE": "CI01",
        "ADM1_FR": "NAWA",
        "ADM1_PCODE": "CI126",
        "ADM2_FR": "MEAGUI",
        "ADM2_PCODE": "CI2603",
        "ADM3_FR": "GNANMANGUI",
        "ADM3_PCODE": "CI260402",
        "ADM4_FR": "KPANGBAN",
        "ADM4_PCODE": "CIV4932",
        "centerLat": 5.586639343,
        "centerLng": -6.751163568,
        "pop": 3420,
        "score": 3420,
        "whiteLoc": 1
      },
      "id": 497
    },
    {
      "type": "Feature",
      "geometry": {
        "coordinates": [
          -5.218649329,
          7.422904814
        ],
        "type": "Point"
      },
      "properties": {
        "ADM0_FR": "VALLEE DU BANDAMA",
        "ADM0_PCODE": "CI12",
        "ADM1_FR": "GBEKE",
        "ADM1_PCODE": "CI111",
        "ADM2_FR": "SAKASSOU",
        "ADM2_PCODE": "CI1104",
        "ADM3_FR": "SAKASSOU",
        "ADM3_PCODE": "CI110401",
        "ADM4_FR": "KPANIGOKRO",
        "ADM4_PCODE": "CIV4939",
        "centerLat": 7.422904814,
        "centerLng": -5.218649329,
        "pop": 408,
        "score": 408,
        "whiteLoc": 1
      },
      "id": 498
    },
    {
      "type": "Feature",
      "geometry": {
        "coordinates": [
          -8.313523034,
          6.894983287
        ],
        "type": "Point"
      },
      "properties": {
        "ADM0_FR": "MONTAGNES",
        "ADM0_PCODE": "CI09",
        "ADM1_FR": "TONKPI",
        "ADM1_PCODE": "CI132",
        "ADM2_FR": "ZOUAN-HOUNIEN",
        "ADM2_PCODE": "CI3205",
        "ADM3_FR": "ZOUAN-HOUNIEN",
        "ADM3_PCODE": "CI320501",
        "ADM4_FR": "KPANTOUOPLEU",
        "ADM4_PCODE": "CIV4941",
        "centerLat": 6.894983287,
        "centerLng": -8.313523034,
        "pop": 1991,
        "score": 1991,
        "whiteLoc": 1
      },
      "id": 499
    },
    {
      "type": "Feature",
      "geometry": {
        "coordinates": [
          -6.122620968,
          9.017104961
        ],
        "type": "Point"
      },
      "properties": {
        "ADM0_FR": "SAVANES",
        "ADM0_PCODE": "CI11",
        "ADM1_FR": "PORO",
        "ADM1_PCODE": "CI128",
        "ADM2_FR": "KORHOGO",
        "ADM2_PCODE": "CI2802",
        "ADM3_FR": "KANOROBA",
        "ADM3_PCODE": "CI280203",
        "ADM4_FR": "KPARATIOKAHA",
        "ADM4_PCODE": "CIV4945",
        "centerLat": 9.017104961,
        "centerLng": -6.122620968,
        "pop": 302,
        "score": 302,
        "whiteLoc": 1
      },
      "id": 500
    },
    {
      "type": "Feature",
      "geometry": {
        "coordinates": [
          -3.09817642,
          9.60704221
        ],
        "type": "Point"
      },
      "properties": {
        "ADM0_FR": "ZANZAN",
        "ADM0_PCODE": "CI14",
        "ADM1_FR": "BOUNKANI",
        "ADM1_PCODE": "CI108",
        "ADM2_FR": "DOROPO",
        "ADM2_PCODE": "CI0802",
        "ADM3_FR": "DANOA",
        "ADM3_PCODE": "CI080201",
        "ADM4_FR": "KPARGBARA",
        "ADM4_PCODE": "CIV4946",
        "centerLat": 9.60704221,
        "centerLng": -3.09817642,
        "pop": 232,
        "score": 232,
        "whiteLoc": 1
      },
      "id": 501
    },
    {
      "type": "Feature",
      "geometry": {
        "coordinates": [
          -4.718118436,
          7.28689271
        ],
        "type": "Point"
      },
      "properties": {
        "ADM0_FR": "LACS",
        "ADM0_PCODE": "CI07",
        "ADM1_FR": "BELIER",
        "ADM1_PCODE": "CI106",
        "ADM2_FR": "DIDIEVI",
        "ADM2_PCODE": "CI0601",
        "ADM3_FR": "TIE-N'DIEKRO",
        "ADM3_PCODE": "CI060105",
        "ADM4_FR": "KPEBO",
        "ADM4_PCODE": "CIV4960",
        "centerLat": 7.28689271,
        "centerLng": -4.718118436,
        "pop": 1959,
        "score": 1959,
        "whiteLoc": 1
      },
      "id": 502
    },
    {
      "type": "Feature",
      "geometry": {
        "coordinates": [
          -5.331777277,
          7.478976315
        ],
        "type": "Point"
      },
      "properties": {
        "ADM0_FR": "VALLEE DU BANDAMA",
        "ADM0_PCODE": "CI12",
        "ADM1_FR": "GBEKE",
        "ADM1_PCODE": "CI111",
        "ADM2_FR": "SAKASSOU",
        "ADM2_PCODE": "CI1104",
        "ADM3_FR": "SAKASSOU",
        "ADM3_PCODE": "CI110401",
        "ADM4_FR": "KPETEBONOU",
        "ADM4_PCODE": "CIV4969",
        "centerLat": 7.478976315,
        "centerLng": -5.331777277,
        "pop": 698,
        "score": 698,
        "whiteLoc": 1
      },
      "id": 503
    },
    {
      "type": "Feature",
      "geometry": {
        "coordinates": [
          -3.045359204,
          9.519596478
        ],
        "type": "Point"
      },
      "properties": {
        "ADM0_FR": "ZANZAN",
        "ADM0_PCODE": "CI14",
        "ADM1_FR": "BOUNKANI",
        "ADM1_PCODE": "CI108",
        "ADM2_FR": "BOUNA",
        "ADM2_PCODE": "CI0801",
        "ADM3_FR": "BOUKO",
        "ADM3_PCODE": "CI080101",
        "ADM4_FR": "KPIKO",
        "ADM4_PCODE": "CIV4972",
        "centerLat": 9.519596478,
        "centerLng": -3.045359204,
        "pop": 348,
        "score": 348,
        "whiteLoc": 1
      },
      "id": 504
    },
    {
      "type": "Feature",
      "geometry": {
        "coordinates": [
          -5.463371486,
          9.408443887
        ],
        "type": "Point"
      },
      "properties": {
        "ADM0_FR": "SAVANES",
        "ADM0_PCODE": "CI11",
        "ADM1_FR": "PORO",
        "ADM1_PCODE": "CI128",
        "ADM2_FR": "KORHOGO",
        "ADM2_PCODE": "CI2802",
        "ADM3_FR": "KOMBORODOUGOU",
        "ADM3_PCODE": "CI280207",
        "ADM4_FR": "KPOKAHA",
        "ADM4_PCODE": "CIV4985",
        "centerLat": 9.408443887,
        "centerLng": -5.463371486,
        "pop": 345,
        "score": 345,
        "whiteLoc": 1
      },
      "id": 505
    },
    {
      "type": "Feature",
      "geometry": {
        "coordinates": [
          -3.29124645,
          9.758525119
        ],
        "type": "Point"
      },
      "properties": {
        "ADM0_FR": "ZANZAN",
        "ADM0_PCODE": "CI14",
        "ADM1_FR": "BOUNKANI",
        "ADM1_PCODE": "CI108",
        "ADM2_FR": "DOROPO",
        "ADM2_PCODE": "CI0802",
        "ADM3_FR": "DOROPO",
        "ADM3_PCODE": "CI080202",
        "ADM4_FR": "KPOROMI 1",
        "ADM4_PCODE": "CIV4994",
        "centerLat": 9.758525119,
        "centerLng": -3.29124645,
        "pop": 72,
        "score": 72,
        "whiteLoc": 1
      },
      "id": 506
    },
    {
      "type": "Feature",
      "geometry": {
        "coordinates": [
          -7.471579389,
          8.02818867
        ],
        "type": "Point"
      },
      "properties": {
        "ADM0_FR": "MONTAGNES",
        "ADM0_PCODE": "CI09",
        "ADM1_FR": "TONKPI",
        "ADM1_PCODE": "CI132",
        "ADM2_FR": "BIANKOUMA",
        "ADM2_PCODE": "CI3201",
        "ADM3_FR": "GOUINE",
        "ADM3_PCODE": "CI320105",
        "ADM4_FR": "KPOSSOSSO",
        "ADM4_PCODE": "CIV4995",
        "centerLat": 8.02818867,
        "centerLng": -7.471579389,
        "pop": 172,
        "score": 172,
        "whiteLoc": 1
      },
      "id": 507
    },
    {
      "type": "Feature",
      "geometry": {
        "coordinates": [
          -3.144589415,
          7.530592534
        ],
        "type": "Point"
      },
      "properties": {
        "ADM0_FR": "ZANZAN",
        "ADM0_PCODE": "CI14",
        "ADM1_FR": "GONTOUGO",
        "ADM1_PCODE": "CI114",
        "ADM2_FR": "TRANSUA",
        "ADM2_PCODE": "CI1405",
        "ADM3_FR": "TRANSUA",
        "ADM3_PCODE": "CI140501",
        "ADM4_FR": "KRAKRO",
        "ADM4_PCODE": "CIV5009",
        "centerLat": 7.530592534,
        "centerLng": -3.144589415,
        "pop": 911,
        "score": 911,
        "whiteLoc": 1
      },
      "id": 508
    },
    {
      "type": "Feature",
      "geometry": {
        "coordinates": [
          -2.865050075,
          7.781588357
        ],
        "type": "Point"
      },
      "properties": {
        "ADM0_FR": "ZANZAN",
        "ADM0_PCODE": "CI14",
        "ADM1_FR": "GONTOUGO",
        "ADM1_PCODE": "CI114",
        "ADM2_FR": "BONDOUKOU",
        "ADM2_PCODE": "CI1401",
        "ADM3_FR": "APPIMANDOUM",
        "ADM3_PCODE": "CI140101",
        "ADM4_FR": "KREBIO-DOMIAMBRA",
        "ADM4_PCODE": "CIV5016",
        "centerLat": 7.781588357,
        "centerLng": -2.865050075,
        "pop": 2356,
        "score": 2356,
        "whiteLoc": 1
      },
      "id": 509
    },
    {
      "type": "Feature",
      "geometry": {
        "coordinates": [
          -4.340587606,
          7.70053513
        ],
        "type": "Point"
      },
      "properties": {
        "ADM0_FR": "LACS",
        "ADM0_PCODE": "CI07",
        "ADM1_FR": "IFFOU",
        "ADM1_PCODE": "CI119",
        "ADM2_FR": "M'BAHIAKRO",
        "ADM2_PCODE": "CI1902",
        "ADM3_FR": "BONGUERA",
        "ADM3_PCODE": "CI190202",
        "ADM4_FR": "KROHOUDOUGOU",
        "ADM4_PCODE": "CIV5043",
        "centerLat": 7.70053513,
        "centerLng": -4.340587606,
        "pop": 155,
        "score": 155,
        "whiteLoc": 1
      },
      "id": 510
    },
    {
      "type": "Feature",
      "geometry": {
        "coordinates": [
          -3.757975584,
          8.503301652
        ],
        "type": "Point"
      },
      "properties": {
        "ADM0_FR": "ZANZAN",
        "ADM0_PCODE": "CI14",
        "ADM1_FR": "BOUNKANI",
        "ADM1_PCODE": "CI108",
        "ADM2_FR": "NASSIAN",
        "ADM2_PCODE": "CI0803",
        "ADM3_FR": "SOMINASSE",
        "ADM3_PCODE": "CI080305",
        "ADM4_FR": "KROMABIRA",
        "ADM4_PCODE": "CIV5046",
        "centerLat": 8.503301652,
        "centerLng": -3.757975584,
        "pop": 669,
        "score": 669,
        "whiteLoc": 1
      },
      "id": 511
    },
    {
      "type": "Feature",
      "geometry": {
        "coordinates": [
          -7.7900811,
          9.5279715
        ],
        "type": "Point"
      },
      "properties": {
        "ADM0_FR": "DENGUELE",
        "ADM0_PCODE": "CI03",
        "ADM1_FR": "KABADOUGOU",
        "ADM1_PCODE": "CI121",
        "ADM2_FR": "ODIENNE",
        "ADM2_PCODE": "CI2103",
        "ADM3_FR": "ODIENNE",
        "ADM3_PCODE": "CI210301",
        "ADM4_FR": "KROUKRO-MAFELE",
        "ADM4_PCODE": "CIV5052",
        "centerLat": 9.5279715,
        "centerLng": -7.7900811,
        "pop": 1215,
        "score": 1215,
        "whiteLoc": 1
      },
      "id": 512
    },
    {
      "type": "Feature",
      "geometry": {
        "coordinates": [
          -3.032963636,
          7.440911813
        ],
        "type": "Point"
      },
      "properties": {
        "ADM0_FR": "ZANZAN",
        "ADM0_PCODE": "CI14",
        "ADM1_FR": "GONTOUGO",
        "ADM1_PCODE": "CI114",
        "ADM2_FR": "TRANSUA",
        "ADM2_PCODE": "CI1405",
        "ADM3_FR": "KOUASSI-NIANGUINI",
        "ADM3_PCODE": "CI140503",
        "ADM4_FR": "KROUPIKRO",
        "ADM4_PCODE": "CIV5057",
        "centerLat": 7.440911813,
        "centerLng": -3.032963636,
        "pop": 1003,
        "score": 1003,
        "whiteLoc": 1
      },
      "id": 513
    },
    {
      "type": "Feature",
      "geometry": {
        "coordinates": [
          -5.509875116,
          9.314259237
        ],
        "type": "Point"
      },
      "properties": {
        "ADM0_FR": "SAVANES",
        "ADM0_PCODE": "CI11",
        "ADM1_FR": "PORO",
        "ADM1_PCODE": "CI128",
        "ADM2_FR": "KORHOGO",
        "ADM2_PCODE": "CI2802",
        "ADM3_FR": "NAPIEOLEDOUGOU",
        "ADM3_PCODE": "CI280212",
        "ADM4_FR": "LADANAKAHA",
        "ADM4_PCODE": "CIV5073",
        "centerLat": 9.314259237,
        "centerLng": -5.509875116,
        "pop": 187,
        "score": 187,
        "whiteLoc": 1
      },
      "id": 514
    },
    {
      "type": "Feature",
      "geometry": {
        "coordinates": [
          -5.453999384,
          5.908519715
        ],
        "type": "Point"
      },
      "properties": {
        "ADM0_FR": "GOH-DJIBOUA",
        "ADM0_PCODE": "CI06",
        "ADM1_FR": "LOH-DJIBOUA",
        "ADM1_PCODE": "CI122",
        "ADM2_FR": "DIVO",
        "ADM2_PCODE": "CI2201",
        "ADM3_FR": "NEBO",
        "ADM3_PCODE": "CI220105",
        "ADM4_FR": "LAGAZE",
        "ADM4_PCODE": "CIV5086",
        "centerLat": 5.908519715,
        "centerLng": -5.453999384,
        "pop": 440,
        "score": 440,
        "whiteLoc": 1
      },
      "id": 515
    },
    {
      "type": "Feature",
      "geometry": {
        "coordinates": [
          -3.747450692,
          8.46148547
        ],
        "type": "Point"
      },
      "properties": {
        "ADM0_FR": "ZANZAN",
        "ADM0_PCODE": "CI14",
        "ADM1_FR": "BOUNKANI",
        "ADM1_PCODE": "CI108",
        "ADM2_FR": "NASSIAN",
        "ADM2_PCODE": "CI0803",
        "ADM3_FR": "SOMINASSE",
        "ADM3_PCODE": "CI080305",
        "ADM4_FR": "LAGBAYO",
        "ADM4_PCODE": "CIV5087",
        "centerLat": 8.46148547,
        "centerLng": -3.747450692,
        "pop": 571,
        "score": 571,
        "whiteLoc": 1
      },
      "id": 516
    },
    {
      "type": "Feature",
      "geometry": {
        "coordinates": [
          -5.481160496,
          9.722051241
        ],
        "type": "Point"
      },
      "properties": {
        "ADM0_FR": "SAVANES",
        "ADM0_PCODE": "CI11",
        "ADM1_FR": "PORO",
        "ADM1_PCODE": "CI128",
        "ADM2_FR": "KORHOGO",
        "ADM2_PCODE": "CI2802",
        "ADM3_FR": "LATAHA",
        "ADM3_PCODE": "CI280209",
        "ADM4_FR": "LALAVOGO",
        "ADM4_PCODE": "CIV5118",
        "centerLat": 9.722051241,
        "centerLng": -5.481160496,
        "pop": 263,
        "score": 263,
        "whiteLoc": 1
      },
      "id": 517
    },
    {
      "type": "Feature",
      "geometry": {
        "coordinates": [
          -3.247057588,
          7.958447181
        ],
        "type": "Point"
      },
      "properties": {
        "ADM0_FR": "ZANZAN",
        "ADM0_PCODE": "CI14",
        "ADM1_FR": "GONTOUGO",
        "ADM1_PCODE": "CI114",
        "ADM2_FR": "TANDA",
        "ADM2_PCODE": "CI1404",
        "ADM3_FR": "TCHEDIO",
        "ADM3_PCODE": "CI140404",
        "ADM4_FR": "LAMOLI",
        "ADM4_PCODE": "CIV5134",
        "centerLat": 7.958447181,
        "centerLng": -3.247057588,
        "pop": 933,
        "score": 933,
        "whiteLoc": 1
      },
      "id": 518
    },
    {
      "type": "Feature",
      "geometry": {
        "coordinates": [
          -4.557415652,
          8.705482077
        ],
        "type": "Point"
      },
      "properties": {
        "ADM0_FR": "VALLEE DU BANDAMA",
        "ADM0_PCODE": "CI12",
        "ADM1_FR": "HAMBOL",
        "ADM1_PCODE": "CI117",
        "ADM2_FR": "DABAKALA",
        "ADM2_PCODE": "CI1701",
        "ADM3_FR": "FOUMBOLO",
        "ADM3_PCODE": "CI170104",
        "ADM4_FR": "LANDEDOUGOU",
        "ADM4_PCODE": "CIV5139",
        "centerLat": 8.705482077,
        "centerLng": -4.557415652,
        "pop": 2170,
        "score": 2170,
        "whiteLoc": 1
      },
      "id": 519
    },
    {
      "type": "Feature",
      "geometry": {
        "coordinates": [
          -3.03152739,
          9.19771827
        ],
        "type": "Point"
      },
      "properties": {
        "ADM0_FR": "ZANZAN",
        "ADM0_PCODE": "CI14",
        "ADM1_FR": "BOUNKANI",
        "ADM1_PCODE": "CI108",
        "ADM2_FR": "BOUNA",
        "ADM2_PCODE": "CI0801",
        "ADM3_FR": "BOUNA",
        "ADM3_PCODE": "CI080102",
        "ADM4_FR": "LANKARA",
        "ADM4_PCODE": "CIV5152",
        "centerLat": 9.19771827,
        "centerLng": -3.03152739,
        "pop": 549,
        "score": 549,
        "whiteLoc": 1
      },
      "id": 520
    },
    {
      "type": "Feature",
      "geometry": {
        "coordinates": [
          -5.994084148,
          9.113273006
        ],
        "type": "Point"
      },
      "properties": {
        "ADM0_FR": "SAVANES",
        "ADM0_PCODE": "CI11",
        "ADM1_FR": "PORO",
        "ADM1_PCODE": "CI128",
        "ADM2_FR": "KORHOGO",
        "ADM2_PCODE": "CI2802",
        "ADM3_FR": "KANOROBA",
        "ADM3_PCODE": "CI280203",
        "ADM4_FR": "LARGATONKAHA",
        "ADM4_PCODE": "CIV5163",
        "centerLat": 9.113273006,
        "centerLng": -5.994084148,
        "pop": 192,
        "score": 192,
        "whiteLoc": 1
      },
      "id": 521
    },
    {
      "type": "Feature",
      "geometry": {
        "coordinates": [
          -3.213827514,
          9.76423212
        ],
        "type": "Point"
      },
      "properties": {
        "ADM0_FR": "ZANZAN",
        "ADM0_PCODE": "CI14",
        "ADM1_FR": "BOUNKANI",
        "ADM1_PCODE": "CI108",
        "ADM2_FR": "DOROPO",
        "ADM2_PCODE": "CI0802",
        "ADM3_FR": "KALAMON",
        "ADM3_PCODE": "CI080203",
        "ADM4_FR": "LASSOURI",
        "ADM4_PCODE": "CIV5167",
        "centerLat": 9.76423212,
        "centerLng": -3.213827514,
        "pop": 247,
        "score": 247,
        "whiteLoc": 1
      },
      "id": 522
    },
    {
      "type": "Feature",
      "geometry": {
        "coordinates": [
          -4.818236858,
          7.929631112
        ],
        "type": "Point"
      },
      "properties": {
        "ADM0_FR": "VALLEE DU BANDAMA",
        "ADM0_PCODE": "CI12",
        "ADM1_FR": "GBEKE",
        "ADM1_PCODE": "CI111",
        "ADM2_FR": "BOUAKE",
        "ADM2_PCODE": "CI1103",
        "ADM3_FR": "BOUAKE",
        "ADM3_PCODE": "CI110301",
        "ADM4_FR": "LATTEMA-KOFFIKRO",
        "ADM4_PCODE": "CIV5177",
        "centerLat": 7.929631112,
        "centerLng": -4.818236858,
        "pop": 115,
        "score": 115,
        "whiteLoc": 1
      },
      "id": 523
    },
    {
      "type": "Feature",
      "geometry": {
        "coordinates": [
          -4.783771467,
          9.447153961
        ],
        "type": "Point"
      },
      "properties": {
        "ADM0_FR": "SAVANES",
        "ADM0_PCODE": "CI11",
        "ADM1_FR": "TCHOLOGO",
        "ADM1_PCODE": "CI131",
        "ADM2_FR": "KONG",
        "ADM2_PCODE": "CI3102",
        "ADM3_FR": "SIKOLO",
        "ADM3_PCODE": "CI310204",
        "ADM4_FR": "LAWA-CARREFOUR",
        "ADM4_PCODE": "CIV5183",
        "centerLat": 9.447153961,
        "centerLng": -4.783771467,
        "pop": 879,
        "score": 879,
        "whiteLoc": 1
      },
      "id": 524
    },
    {
      "type": "Feature",
      "geometry": {
        "coordinates": [
          -3.356026383,
          8.102538932
        ],
        "type": "Point"
      },
      "properties": {
        "ADM0_FR": "ZANZAN",
        "ADM0_PCODE": "CI14",
        "ADM1_FR": "GONTOUGO",
        "ADM1_PCODE": "CI114",
        "ADM2_FR": "BONDOUKOU",
        "ADM2_PCODE": "CI1401",
        "ADM3_FR": "TAOUDI",
        "ADM3_PCODE": "CI140111",
        "ADM4_FR": "LENANGARE",
        "ADM4_PCODE": "CIV5217",
        "centerLat": 8.102538932,
        "centerLng": -3.356026383,
        "pop": 884,
        "score": 884,
        "whiteLoc": 1
      },
      "id": 525
    },
    {
      "type": "Feature",
      "geometry": {
        "coordinates": [
          -3.297186797,
          9.392695015
        ],
        "type": "Point"
      },
      "properties": {
        "ADM0_FR": "ZANZAN",
        "ADM0_PCODE": "CI14",
        "ADM1_FR": "BOUNKANI",
        "ADM1_PCODE": "CI108",
        "ADM2_FR": "DOROPO",
        "ADM2_PCODE": "CI0802",
        "ADM3_FR": "NIAMOUE",
        "ADM3_PCODE": "CI080204",
        "ADM4_FR": "LEPRITEDOUO",
        "ADM4_PCODE": "CIV5226",
        "centerLat": 9.392695015,
        "centerLng": -3.297186797,
        "pop": 215,
        "score": 215,
        "whiteLoc": 1
      },
      "id": 526
    },
    {
      "type": "Feature",
      "geometry": {
        "coordinates": [
          -3.376026175,
          9.574403717
        ],
        "type": "Point"
      },
      "properties": {
        "ADM0_FR": "ZANZAN",
        "ADM0_PCODE": "CI14",
        "ADM1_FR": "BOUNKANI",
        "ADM1_PCODE": "CI108",
        "ADM2_FR": "DOROPO",
        "ADM2_PCODE": "CI0802",
        "ADM3_FR": "NIAMOUE",
        "ADM3_PCODE": "CI080204",
        "ADM4_FR": "LETANGO",
        "ADM4_PCODE": "CIV5230",
        "centerLat": 9.574403717,
        "centerLng": -3.376026175,
        "pop": 321,
        "score": 321,
        "whiteLoc": 1
      },
      "id": 527
    },
    {
      "type": "Feature",
      "geometry": {
        "coordinates": [
          -8.244500484,
          7.146297552
        ],
        "type": "Point"
      },
      "properties": {
        "ADM0_FR": "MONTAGNES",
        "ADM0_PCODE": "CI09",
        "ADM1_FR": "TONKPI",
        "ADM1_PCODE": "CI132",
        "ADM2_FR": "DANANE",
        "ADM2_PCODE": "CI3202",
        "ADM3_FR": "SEILEU",
        "ADM3_PCODE": "CI320206",
        "ADM4_FR": "LIEUSSIDROPLEU",
        "ADM4_PCODE": "CIV5239",
        "centerLat": 7.146297552,
        "centerLng": -8.244500484,
        "pop": 223,
        "score": 223,
        "whiteLoc": 1
      },
      "id": 528
    },
    {
      "type": "Feature",
      "geometry": {
        "coordinates": [
          -7.805519555,
          7.525787556
        ],
        "type": "Point"
      },
      "properties": {
        "ADM0_FR": "MONTAGNES",
        "ADM0_PCODE": "CI09",
        "ADM1_FR": "TONKPI",
        "ADM1_PCODE": "CI132",
        "ADM2_FR": "MAN",
        "ADM2_PCODE": "CI3203",
        "ADM3_FR": "SANGOUINE",
        "ADM3_PCODE": "CI320308",
        "ADM4_FR": "LIGBALE 1",
        "ADM4_PCODE": "CIV5243",
        "centerLat": 7.525787556,
        "centerLng": -7.805519555,
        "pop": 2961,
        "score": 2961,
        "whiteLoc": 1
      },
      "id": 529
    },
    {
      "type": "Feature",
      "geometry": {
        "coordinates": [
          -4.00029064,
          8.11108999
        ],
        "type": "Point"
      },
      "properties": {
        "ADM0_FR": "VALLEE DU BANDAMA",
        "ADM0_PCODE": "CI12",
        "ADM1_FR": "HAMBOL",
        "ADM1_PCODE": "CI117",
        "ADM2_FR": "DABAKALA",
        "ADM2_PCODE": "CI1701",
        "ADM3_FR": "BASSAWA",
        "ADM3_PCODE": "CI170101",
        "ADM4_FR": "LIGBORO",
        "ADM4_PCODE": "CIV5247",
        "centerLat": 8.11108999,
        "centerLng": -4.00029064,
        "pop": 541,
        "score": 541,
        "whiteLoc": 1
      },
      "id": 530
    },
    {
      "type": "Feature",
      "geometry": {
        "coordinates": [
          -7.2180124,
          9.3796298
        ],
        "type": "Point"
      },
      "properties": {
        "ADM0_FR": "DENGUELE",
        "ADM0_PCODE": "CI03",
        "ADM1_FR": "KABADOUGOU",
        "ADM1_PCODE": "CI121",
        "ADM2_FR": "SEGUELON",
        "ADM2_PCODE": "CI2105",
        "ADM3_FR": "SEGUELON",
        "ADM3_PCODE": "CI210501",
        "ADM4_FR": "LILLE",
        "ADM4_PCODE": "CIV5252",
        "centerLat": 9.3796298,
        "centerLng": -7.2180124,
        "pop": 962,
        "score": 962,
        "whiteLoc": 1
      },
      "id": 531
    },
    {
      "type": "Feature",
      "geometry": {
        "coordinates": [
          -3.931845538,
          7.699430992
        ],
        "type": "Point"
      },
      "properties": {
        "ADM0_FR": "LACS",
        "ADM0_PCODE": "CI07",
        "ADM1_FR": "IFFOU",
        "ADM1_PCODE": "CI119",
        "ADM2_FR": "PRIKRO",
        "ADM2_PCODE": "CI1903",
        "ADM3_FR": "PRIKRO",
        "ADM3_PCODE": "CI190301",
        "ADM4_FR": "LINGUEZAN",
        "ADM4_PCODE": "CIV5265",
        "centerLat": 7.699430992,
        "centerLng": -3.931845538,
        "pop": 1613,
        "score": 1613,
        "whiteLoc": 1
      },
      "id": 532
    },
    {
      "type": "Feature",
      "geometry": {
        "coordinates": [
          -5.131869809,
          8.676346281
        ],
        "type": "Point"
      },
      "properties": {
        "ADM0_FR": "VALLEE DU BANDAMA",
        "ADM0_PCODE": "CI12",
        "ADM1_FR": "HAMBOL",
        "ADM1_PCODE": "CI117",
        "ADM2_FR": "NIAKARAMADOUGOU",
        "ADM2_PCODE": "CI1703",
        "ADM3_FR": "ARIKOKAHA",
        "ADM3_PCODE": "CI170302",
        "ADM4_FR": "LOHO",
        "ADM4_PCODE": "CIV5301",
        "centerLat": 8.676346281,
        "centerLng": -5.131869809,
        "pop": 2617,
        "score": 2617,
        "whiteLoc": 1
      },
      "id": 533
    },
    {
      "type": "Feature",
      "geometry": {
        "coordinates": [
          -2.906096929,
          9.339971337
        ],
        "type": "Point"
      },
      "properties": {
        "ADM0_FR": "ZANZAN",
        "ADM0_PCODE": "CI14",
        "ADM1_FR": "BOUNKANI",
        "ADM1_PCODE": "CI108",
        "ADM2_FR": "BOUNA",
        "ADM2_PCODE": "CI0801",
        "ADM3_FR": "BOUNA",
        "ADM3_PCODE": "CI080102",
        "ADM4_FR": "LOKARDOUO",
        "ADM4_PCODE": "CIV5307",
        "centerLat": 9.339971337,
        "centerLng": -2.906096929,
        "pop": 498,
        "score": 498,
        "whiteLoc": 1
      },
      "id": 534
    },
    {
      "type": "Feature",
      "geometry": {
        "coordinates": [
          -6.476431796,
          8.920145361
        ],
        "type": "Point"
      },
      "properties": {
        "ADM0_FR": "WOROBA",
        "ADM0_PCODE": "CI13",
        "ADM1_FR": "BERE",
        "ADM1_PCODE": "CI107",
        "ADM2_FR": "DIANRA",
        "ADM2_PCODE": "CI0701",
        "ADM3_FR": "DIANRA",
        "ADM3_PCODE": "CI070101",
        "ADM4_FR": "LOKOLO",
        "ADM4_PCODE": "CIV5311",
        "centerLat": 8.920145361,
        "centerLng": -6.476431796,
        "pop": 4258,
        "score": 4258,
        "whiteLoc": 1
      },
      "id": 535
    },
    {
      "type": "Feature",
      "geometry": {
        "coordinates": [
          -5.79042964,
          8.343196836
        ],
        "type": "Point"
      },
      "properties": {
        "ADM0_FR": "WOROBA",
        "ADM0_PCODE": "CI13",
        "ADM1_FR": "BERE",
        "ADM1_PCODE": "CI107",
        "ADM2_FR": "MANKONO",
        "ADM2_PCODE": "CI0703",
        "ADM3_FR": "BOUANDOUGOU",
        "ADM3_PCODE": "CI070302",
        "ADM4_FR": "LOKPASSO",
        "ADM4_PCODE": "CIV5313",
        "centerLat": 8.343196836,
        "centerLng": -5.79042964,
        "pop": 509,
        "score": 509,
        "whiteLoc": 1
      },
      "id": 536
    },
    {
      "type": "Feature",
      "geometry": {
        "coordinates": [
          -7.636330711,
          8.155227402
        ],
        "type": "Point"
      },
      "properties": {
        "ADM0_FR": "WOROBA",
        "ADM0_PCODE": "CI13",
        "ADM1_FR": "BAFING",
        "ADM1_PCODE": "CI104",
        "ADM2_FR": "TOUBA",
        "ADM2_PCODE": "CI0403",
        "ADM3_FR": "TOUBA",
        "ADM3_PCODE": "CI040301",
        "ADM4_FR": "LONDANA",
        "ADM4_PCODE": "CIV5329",
        "centerLat": 8.155227402,
        "centerLng": -7.636330711,
        "pop": 256,
        "score": 256,
        "whiteLoc": 1
      },
      "id": 537
    },
    {
      "type": "Feature",
      "geometry": {
        "coordinates": [
          -7.480400126,
          8.087673588
        ],
        "type": "Point"
      },
      "properties": {
        "ADM0_FR": "WOROBA",
        "ADM0_PCODE": "CI13",
        "ADM1_FR": "BAFING",
        "ADM1_PCODE": "CI104",
        "ADM2_FR": "TOUBA",
        "ADM2_PCODE": "CI0403",
        "ADM3_FR": "DIOMAN",
        "ADM3_PCODE": "CI040302",
        "ADM4_FR": "LONGANA",
        "ADM4_PCODE": "CIV5330",
        "centerLat": 8.087673588,
        "centerLng": -7.480400126,
        "pop": 112,
        "score": 112,
        "whiteLoc": 1
      },
      "id": 538
    },
    {
      "type": "Feature",
      "geometry": {
        "coordinates": [
          -3.427536656,
          8.514146913
        ],
        "type": "Point"
      },
      "properties": {
        "ADM0_FR": "ZANZAN",
        "ADM0_PCODE": "CI14",
        "ADM1_FR": "BOUNKANI",
        "ADM1_PCODE": "CI108",
        "ADM2_FR": "NASSIAN",
        "ADM2_PCODE": "CI0803",
        "ADM3_FR": "NASSIAN",
        "ADM3_PCODE": "CI080301",
        "ADM4_FR": "LONGONGARA",
        "ADM4_PCODE": "CIV5334",
        "centerLat": 8.514146913,
        "centerLng": -3.427536656,
        "pop": 1169,
        "score": 1169,
        "whiteLoc": 1
      },
      "id": 539
    },
    {
      "type": "Feature",
      "geometry": {
        "coordinates": [
          -4.74778111,
          8.313100585
        ],
        "type": "Point"
      },
      "properties": {
        "ADM0_FR": "VALLEE DU BANDAMA",
        "ADM0_PCODE": "CI12",
        "ADM1_FR": "HAMBOL",
        "ADM1_PCODE": "CI117",
        "ADM2_FR": "DABAKALA",
        "ADM2_PCODE": "CI1701",
        "ADM3_FR": "BONIEREDOUGOU",
        "ADM3_PCODE": "CI170102",
        "ADM4_FR": "LONIENE",
        "ADM4_PCODE": "CIV5335",
        "centerLat": 8.313100585,
        "centerLng": -4.74778111,
        "pop": 1349,
        "score": 1349,
        "whiteLoc": 1
      },
      "id": 540
    },
    {
      "type": "Feature",
      "geometry": {
        "coordinates": [
          -5.906177787,
          9.181604498
        ],
        "type": "Point"
      },
      "properties": {
        "ADM0_FR": "SAVANES",
        "ADM0_PCODE": "CI11",
        "ADM1_FR": "PORO",
        "ADM1_PCODE": "CI128",
        "ADM2_FR": "KORHOGO",
        "ADM2_PCODE": "CI2802",
        "ADM3_FR": "SIRASSO",
        "ADM3_PCODE": "CI280214",
        "ADM4_FR": "LOPIN(LOKPIN)",
        "ADM4_PCODE": "CIV5340",
        "centerLat": 9.181604498,
        "centerLng": -5.906177787,
        "pop": 639,
        "score": 639,
        "whiteLoc": 1
      },
      "id": 541
    },
    {
      "type": "Feature",
      "geometry": {
        "coordinates": [
          -2.905957028,
          9.155247699
        ],
        "type": "Point"
      },
      "properties": {
        "ADM0_FR": "ZANZAN",
        "ADM0_PCODE": "CI14",
        "ADM1_FR": "BOUNKANI",
        "ADM1_PCODE": "CI108",
        "ADM2_FR": "BOUNA",
        "ADM2_PCODE": "CI0801",
        "ADM3_FR": "BOUNA",
        "ADM3_PCODE": "CI080102",
        "ADM4_FR": "LOULOUNDOUO",
        "ADM4_PCODE": "CIV5373",
        "centerLat": 9.155247699,
        "centerLng": -2.905957028,
        "pop": 287,
        "score": 287,
        "whiteLoc": 1
      },
      "id": 542
    },
    {
      "type": "Feature",
      "geometry": {
        "coordinates": [
          -7.360944695,
          8.233329558
        ],
        "type": "Point"
      },
      "properties": {
        "ADM0_FR": "WOROBA",
        "ADM0_PCODE": "CI13",
        "ADM1_FR": "BAFING",
        "ADM1_PCODE": "CI104",
        "ADM2_FR": "TOUBA",
        "ADM2_PCODE": "CI0403",
        "ADM3_FR": "GUINTEGUELA",
        "ADM3_PCODE": "CI040304",
        "ADM4_FR": "MADIALO",
        "ADM4_PCODE": "CIV5392",
        "centerLat": 8.233329558,
        "centerLng": -7.360944695,
        "pop": 537,
        "score": 537,
        "whiteLoc": 1
      },
      "id": 543
    },
    {
      "type": "Feature",
      "geometry": {
        "coordinates": [
          -5.787238521,
          9.585871425
        ],
        "type": "Point"
      },
      "properties": {
        "ADM0_FR": "SAVANES",
        "ADM0_PCODE": "CI11",
        "ADM1_FR": "PORO",
        "ADM1_PCODE": "CI128",
        "ADM2_FR": "KORHOGO",
        "ADM2_PCODE": "CI2802",
        "ADM3_FR": "KORHOGO",
        "ADM3_PCODE": "CI280201",
        "ADM4_FR": "MADININ",
        "ADM4_PCODE": "CIV5401",
        "centerLat": 9.585871425,
        "centerLng": -5.787238521,
        "pop": 583,
        "score": 583,
        "whiteLoc": 1
      },
      "id": 544
    },
    {
      "type": "Feature",
      "geometry": {
        "coordinates": [
          -5.255422665,
          7.514449276
        ],
        "type": "Point"
      },
      "properties": {
        "ADM0_FR": "VALLEE DU BANDAMA",
        "ADM0_PCODE": "CI12",
        "ADM1_FR": "GBEKE",
        "ADM1_PCODE": "CI111",
        "ADM2_FR": "SAKASSOU",
        "ADM2_PCODE": "CI1104",
        "ADM3_FR": "SAKASSOU",
        "ADM3_PCODE": "CI110401",
        "ADM4_FR": "MAHOUNOU KONGODJAN",
        "ADM4_PCODE": "CIV5444",
        "centerLat": 7.514449276,
        "centerLng": -5.255422665,
        "pop": 440,
        "score": 440,
        "whiteLoc": 1
      },
      "id": 545
    },
    {
      "type": "Feature",
      "geometry": {
        "coordinates": [
          -5.288626972,
          7.51387216
        ],
        "type": "Point"
      },
      "properties": {
        "ADM0_FR": "VALLEE DU BANDAMA",
        "ADM0_PCODE": "CI12",
        "ADM1_FR": "GBEKE",
        "ADM1_PCODE": "CI111",
        "ADM2_FR": "SAKASSOU",
        "ADM2_PCODE": "CI1104",
        "ADM3_FR": "SAKASSOU",
        "ADM3_PCODE": "CI110401",
        "ADM4_FR": "MAHOUNOU KOUAKOUKRO",
        "ADM4_PCODE": "CIV5445",
        "centerLat": 7.51387216,
        "centerLng": -5.288626972,
        "pop": 524,
        "score": 524,
        "whiteLoc": 1
      },
      "id": 546
    },
    {
      "type": "Feature",
      "geometry": {
        "coordinates": [
          -3.173895512,
          9.583129347
        ],
        "type": "Point"
      },
      "properties": {
        "ADM0_FR": "ZANZAN",
        "ADM0_PCODE": "CI14",
        "ADM1_FR": "BOUNKANI",
        "ADM1_PCODE": "CI108",
        "ADM2_FR": "BOUNA",
        "ADM2_PCODE": "CI0801",
        "ADM3_FR": "BOUKO",
        "ADM3_PCODE": "CI080101",
        "ADM4_FR": "MALANDOUO",
        "ADM4_PCODE": "CIV5457",
        "centerLat": 9.583129347,
        "centerLng": -3.173895512,
        "pop": 97,
        "score": 97,
        "whiteLoc": 1
      },
      "id": 547
    },
    {
      "type": "Feature",
      "geometry": {
        "coordinates": [
          -3.019377175,
          9.368941008
        ],
        "type": "Point"
      },
      "properties": {
        "ADM0_FR": "ZANZAN",
        "ADM0_PCODE": "CI14",
        "ADM1_FR": "BOUNKANI",
        "ADM1_PCODE": "CI108",
        "ADM2_FR": "BOUNA",
        "ADM2_PCODE": "CI0801",
        "ADM3_FR": "BOUNA",
        "ADM3_PCODE": "CI080102",
        "ADM4_FR": "MAMARDOUO",
        "ADM4_PCODE": "CIV5459",
        "centerLat": 9.368941008,
        "centerLng": -3.019377175,
        "pop": 88,
        "score": 88,
        "whiteLoc": 1
      },
      "id": 548
    },
    {
      "type": "Feature",
      "geometry": {
        "coordinates": [
          -7.428865289,
          8.084752277
        ],
        "type": "Point"
      },
      "properties": {
        "ADM0_FR": "MONTAGNES",
        "ADM0_PCODE": "CI09",
        "ADM1_FR": "TONKPI",
        "ADM1_PCODE": "CI132",
        "ADM2_FR": "BIANKOUMA",
        "ADM2_PCODE": "CI3201",
        "ADM3_FR": "GOUINE",
        "ADM3_PCODE": "CI320105",
        "ADM4_FR": "MAMIZO",
        "ADM4_PCODE": "CIV5467",
        "centerLat": 8.084752277,
        "centerLng": -7.428865289,
        "pop": 320,
        "score": 320,
        "whiteLoc": 1
      },
      "id": 549
    },
    {
      "type": "Feature",
      "geometry": {
        "coordinates": [
          -5.883149846,
          9.5932668
        ],
        "type": "Point"
      },
      "properties": {
        "ADM0_FR": "SAVANES",
        "ADM0_PCODE": "CI11",
        "ADM1_FR": "PORO",
        "ADM1_PCODE": "CI128",
        "ADM2_FR": "KORHOGO",
        "ADM2_PCODE": "CI2802",
        "ADM3_FR": "NIOFOIN",
        "ADM3_PCODE": "CI280213",
        "ADM4_FR": "MAMOUGOU",
        "ADM4_PCODE": "CIV5471",
        "centerLat": 9.5932668,
        "centerLng": -5.883149846,
        "pop": 325,
        "score": 325,
        "whiteLoc": 1
      },
      "id": 550
    },
    {
      "type": "Feature",
      "geometry": {
        "coordinates": [
          -3.479307013,
          9.537326223
        ],
        "type": "Point"
      },
      "properties": {
        "ADM0_FR": "ZANZAN",
        "ADM0_PCODE": "CI14",
        "ADM1_FR": "BOUNKANI",
        "ADM1_PCODE": "CI108",
        "ADM2_FR": "DOROPO",
        "ADM2_PCODE": "CI0802",
        "ADM3_FR": "NIAMOUE",
        "ADM3_PCODE": "CI080204",
        "ADM4_FR": "MAMPERE",
        "ADM4_PCODE": "CIV5477",
        "centerLat": 9.537326223,
        "centerLng": -3.479307013,
        "pop": 487,
        "score": 487,
        "whiteLoc": 1
      },
      "id": 551
    },
    {
      "type": "Feature",
      "geometry": {
        "coordinates": [
          -3.490835165,
          9.550141866
        ],
        "type": "Point"
      },
      "properties": {
        "ADM0_FR": "ZANZAN",
        "ADM0_PCODE": "CI14",
        "ADM1_FR": "BOUNKANI",
        "ADM1_PCODE": "CI108",
        "ADM2_FR": "TEHINI",
        "ADM2_PCODE": "CI0804",
        "ADM3_FR": "TEHINI",
        "ADM3_PCODE": "CI080401",
        "ADM4_FR": "MAMPERE 2",
        "ADM4_PCODE": "CIV5478",
        "centerLat": 9.550141866,
        "centerLng": -3.490835165,
        "pop": 270,
        "score": 270,
        "whiteLoc": 1
      },
      "id": 552
    },
    {
      "type": "Feature",
      "geometry": {
        "coordinates": [
          -7.020508418,
          4.829484302
        ],
        "type": "Point"
      },
      "properties": {
        "ADM0_FR": "BAS-SASSANDRA",
        "ADM0_PCODE": "CI01",
        "ADM1_FR": "SAN-PEDRO",
        "ADM1_PCODE": "CI129",
        "ADM2_FR": "SAN-PEDRO",
        "ADM2_PCODE": "CI2901",
        "ADM3_FR": "DOGBO",
        "ADM3_PCODE": "CI290103",
        "ADM4_FR": "MANA",
        "ADM4_PCODE": "CIV5482",
        "centerLat": 4.829484302,
        "centerLng": -7.020508418,
        "pop": 1375,
        "score": 1375,
        "whiteLoc": 1
      },
      "id": 553
    },
    {
      "type": "Feature",
      "geometry": {
        "coordinates": [
          -6.405423285,
          9.021326492
        ],
        "type": "Point"
      },
      "properties": {
        "ADM0_FR": "WOROBA",
        "ADM0_PCODE": "CI13",
        "ADM1_FR": "BERE",
        "ADM1_PCODE": "CI107",
        "ADM2_FR": "DIANRA",
        "ADM2_PCODE": "CI0701",
        "ADM3_FR": "DIANRA",
        "ADM3_PCODE": "CI070101",
        "ADM4_FR": "MANANDOUGOU",
        "ADM4_PCODE": "CIV5486",
        "centerLat": 9.021326492,
        "centerLng": -6.405423285,
        "pop": 1027,
        "score": 1027,
        "whiteLoc": 1
      },
      "id": 554
    },
    {
      "type": "Feature",
      "geometry": {
        "coordinates": [
          -3.170776835,
          5.123036135
        ],
        "type": "Point"
      },
      "properties": {
        "ADM0_FR": "COMOE",
        "ADM0_PCODE": "CI02",
        "ADM1_FR": "SUD-COMOE",
        "ADM1_PCODE": "CI130",
        "ADM2_FR": "ADIAKE",
        "ADM2_PCODE": "CI3002",
        "ADM3_FR": "ASSINIE-MAFIA",
        "ADM3_PCODE": "CI300202",
        "ADM4_FR": "MAN-MAN",
        "ADM4_PCODE": "CIV5511",
        "centerLat": 5.123036135,
        "centerLng": -3.170776835,
        "pop": 332,
        "score": 332,
        "whiteLoc": 1
      },
      "id": 555
    },
    {
      "type": "Feature",
      "geometry": {
        "coordinates": [
          -4.544405136,
          9.215929645
        ],
        "type": "Point"
      },
      "properties": {
        "ADM0_FR": "SAVANES",
        "ADM0_PCODE": "CI11",
        "ADM1_FR": "TCHOLOGO",
        "ADM1_PCODE": "CI131",
        "ADM2_FR": "KONG",
        "ADM2_PCODE": "CI3102",
        "ADM3_FR": "KONG",
        "ADM3_PCODE": "CI310201",
        "ADM4_FR": "MANOGOTA",
        "ADM4_PCODE": "CIV5512",
        "centerLat": 9.215929645,
        "centerLng": -4.544405136,
        "pop": 1863,
        "score": 1863,
        "whiteLoc": 1
      },
      "id": 556
    },
    {
      "type": "Feature",
      "geometry": {
        "coordinates": [
          -3.218544509,
          8.053907609
        ],
        "type": "Point"
      },
      "properties": {
        "ADM0_FR": "ZANZAN",
        "ADM0_PCODE": "CI14",
        "ADM1_FR": "GONTOUGO",
        "ADM1_PCODE": "CI114",
        "ADM2_FR": "BONDOUKOU",
        "ADM2_PCODE": "CI1401",
        "ADM3_FR": "TAOUDI",
        "ADM3_PCODE": "CI140111",
        "ADM4_FR": "MARAHUI AHINIFIE",
        "ADM4_PCODE": "CIV5526",
        "centerLat": 8.053907609,
        "centerLng": -3.218544509,
        "pop": 1636,
        "score": 1636,
        "whiteLoc": 1
      },
      "id": 557
    },
    {
      "type": "Feature",
      "geometry": {
        "coordinates": [
          -3.073583273,
          7.51300811
        ],
        "type": "Point"
      },
      "properties": {
        "ADM0_FR": "ZANZAN",
        "ADM0_PCODE": "CI14",
        "ADM1_FR": "GONTOUGO",
        "ADM1_PCODE": "CI114",
        "ADM2_FR": "TRANSUA",
        "ADM2_PCODE": "CI1405",
        "ADM3_FR": "TRANSUA",
        "ADM3_PCODE": "CI140501",
        "ADM4_FR": "MARASSUE",
        "ADM4_PCODE": "CIV5528",
        "centerLat": 7.51300811,
        "centerLng": -3.073583273,
        "pop": 808,
        "score": 808,
        "whiteLoc": 1
      },
      "id": 558
    },
    {
      "type": "Feature",
      "geometry": {
        "coordinates": [
          -6.338439569,
          7.872454098
        ],
        "type": "Point"
      },
      "properties": {
        "ADM0_FR": "WOROBA",
        "ADM0_PCODE": "CI13",
        "ADM1_FR": "WORODOUGOU",
        "ADM1_PCODE": "CI133",
        "ADM2_FR": "SEGUELA",
        "ADM2_PCODE": "CI3302",
        "ADM3_FR": "MASSALA",
        "ADM3_PCODE": "CI330205",
        "ADM4_FR": "MARHANA",
        "ADM4_PCODE": "CIV5530",
        "centerLat": 7.872454098,
        "centerLng": -6.338439569,
        "pop": 2450,
        "score": 2450,
        "whiteLoc": 1
      },
      "id": 559
    },
    {
      "type": "Feature",
      "geometry": {
        "coordinates": [
          -6.656614006,
          8.149238261
        ],
        "type": "Point"
      },
      "properties": {
        "ADM0_FR": "WOROBA",
        "ADM0_PCODE": "CI13",
        "ADM1_FR": "WORODOUGOU",
        "ADM1_PCODE": "CI133",
        "ADM2_FR": "SEGUELA",
        "ADM2_PCODE": "CI3302",
        "ADM3_FR": "BOBI",
        "ADM3_PCODE": "CI330202",
        "ADM4_FR": "MASSALA-ASSOLO",
        "ADM4_PCODE": "CIV5541",
        "centerLat": 8.149238261,
        "centerLng": -6.656614006,
        "pop": 1944,
        "score": 1944,
        "whiteLoc": 1
      },
      "id": 560
    },
    {
      "type": "Feature",
      "geometry": {
        "coordinates": [
          -2.787315651,
          8.24246224
        ],
        "type": "Point"
      },
      "properties": {
        "ADM0_FR": "ZANZAN",
        "ADM0_PCODE": "CI14",
        "ADM1_FR": "GONTOUGO",
        "ADM1_PCODE": "CI114",
        "ADM2_FR": "BONDOUKOU",
        "ADM2_PCODE": "CI1401",
        "ADM3_FR": "SOROBANGO",
        "ADM3_PCODE": "CI140108",
        "ADM4_FR": "MATOUKOUA-WOLEOGO",
        "ADM4_PCODE": "CIV5554",
        "centerLat": 8.24246224,
        "centerLng": -2.787315651,
        "pop": 1544,
        "score": 1544,
        "whiteLoc": 1
      },
      "id": 561
    },
    {
      "type": "Feature",
      "geometry": {
        "coordinates": [
          -4.380823381,
          7.616136387
        ],
        "type": "Point"
      },
      "properties": {
        "ADM0_FR": "LACS",
        "ADM0_PCODE": "CI07",
        "ADM1_FR": "IFFOU",
        "ADM1_PCODE": "CI119",
        "ADM2_FR": "M'BAHIAKRO",
        "ADM2_PCODE": "CI1902",
        "ADM3_FR": "M'BAHIAKRO",
        "ADM3_PCODE": "CI190201",
        "ADM4_FR": "M'BAHIABLEKRO",
        "ADM4_PCODE": "CIV5563",
        "centerLat": 7.616136387,
        "centerLng": -4.380823381,
        "pop": 96,
        "score": 96,
        "whiteLoc": 1
      },
      "id": 562
    },
    {
      "type": "Feature",
      "geometry": {
        "coordinates": [
          -6.074976461,
          9.358955918
        ],
        "type": "Point"
      },
      "properties": {
        "ADM0_FR": "SAVANES",
        "ADM0_PCODE": "CI11",
        "ADM1_FR": "PORO",
        "ADM1_PCODE": "CI128",
        "ADM2_FR": "KORHOGO",
        "ADM2_PCODE": "CI2802",
        "ADM3_FR": "SIRASSO",
        "ADM3_PCODE": "CI280214",
        "ADM4_FR": "M'BALLA",
        "ADM4_PCODE": "CIV5566",
        "centerLat": 9.358955918,
        "centerLng": -6.074976461,
        "pop": 3704,
        "score": 3704,
        "whiteLoc": 1
      },
      "id": 563
    },
    {
      "type": "Feature",
      "geometry": {
        "coordinates": [
          -7.8227209,
          9.8042643
        ],
        "type": "Point"
      },
      "properties": {
        "ADM0_FR": "DENGUELE",
        "ADM0_PCODE": "CI03",
        "ADM1_FR": "KABADOUGOU",
        "ADM1_PCODE": "CI121",
        "ADM2_FR": "GBELEBAN",
        "ADM2_PCODE": "CI2101",
        "ADM3_FR": "SAMANGO",
        "ADM3_PCODE": "CI210102",
        "ADM4_FR": "M'BEGBELE",
        "ADM4_PCODE": "CIV5579",
        "centerLat": 9.8042643,
        "centerLng": -7.8227209,
        "pop": 597,
        "score": 597,
        "whiteLoc": 1
      },
      "id": 564
    },
    {
      "type": "Feature",
      "geometry": {
        "coordinates": [
          -4.031286519,
          8.252371438
        ],
        "type": "Point"
      },
      "properties": {
        "ADM0_FR": "VALLEE DU BANDAMA",
        "ADM0_PCODE": "CI12",
        "ADM1_FR": "HAMBOL",
        "ADM1_PCODE": "CI117",
        "ADM2_FR": "DABAKALA",
        "ADM2_PCODE": "CI1701",
        "ADM3_FR": "BASSAWA",
        "ADM3_PCODE": "CI170101",
        "ADM4_FR": "M'BORNON",
        "ADM4_PCODE": "CIV5592",
        "centerLat": 8.252371438,
        "centerLng": -4.031286519,
        "pop": 1736,
        "score": 1736,
        "whiteLoc": 1
      },
      "id": 565
    },
    {
      "type": "Feature",
      "geometry": {
        "coordinates": [
          -6.043247864,
          9.515914603
        ],
        "type": "Point"
      },
      "properties": {
        "ADM0_FR": "SAVANES",
        "ADM0_PCODE": "CI11",
        "ADM1_FR": "PORO",
        "ADM1_PCODE": "CI128",
        "ADM2_FR": "KORHOGO",
        "ADM2_PCODE": "CI2802",
        "ADM3_FR": "NIOFOIN",
        "ADM3_PCODE": "CI280213",
        "ADM4_FR": "M'BYA",
        "ADM4_PCODE": "CIV5605",
        "centerLat": 9.515914603,
        "centerLng": -6.043247864,
        "pop": 1002,
        "score": 1002,
        "whiteLoc": 1
      },
      "id": 566
    },
    {
      "type": "Feature",
      "geometry": {
        "coordinates": [
          -4.904494784,
          7.613600682
        ],
        "type": "Point"
      },
      "properties": {
        "ADM0_FR": "VALLEE DU BANDAMA",
        "ADM0_PCODE": "CI12",
        "ADM1_FR": "GBEKE",
        "ADM1_PCODE": "CI111",
        "ADM2_FR": "BOUAKE",
        "ADM2_PCODE": "CI1103",
        "ADM3_FR": "BOUAKE",
        "ADM3_PCODE": "CI110301",
        "ADM4_FR": "MEBO",
        "ADM4_PCODE": "CIV5611",
        "centerLat": 7.613600682,
        "centerLng": -4.904494784,
        "pop": 1626,
        "score": 1626,
        "whiteLoc": 1
      },
      "id": 567
    },
    {
      "type": "Feature",
      "geometry": {
        "coordinates": [
          -3.783386022,
          9.757830337
        ],
        "type": "Point"
      },
      "properties": {
        "ADM0_FR": "ZANZAN",
        "ADM0_PCODE": "CI14",
        "ADM1_FR": "BOUNKANI",
        "ADM1_PCODE": "CI108",
        "ADM2_FR": "TEHINI",
        "ADM2_PCODE": "CI0804",
        "ADM3_FR": "TEHINI",
        "ADM3_PCODE": "CI080401",
        "ADM4_FR": "MEHIDAN",
        "ADM4_PCODE": "CIV5621",
        "centerLat": 9.757830337,
        "centerLng": -3.783386022,
        "pop": 1260,
        "score": 1260,
        "whiteLoc": 1
      },
      "id": 568
    },
    {
      "type": "Feature",
      "geometry": {
        "coordinates": [
          -3.20786675,
          7.450767989
        ],
        "type": "Point"
      },
      "properties": {
        "ADM0_FR": "ZANZAN",
        "ADM0_PCODE": "CI14",
        "ADM1_FR": "GONTOUGO",
        "ADM1_PCODE": "CI114",
        "ADM2_FR": "KOUN-FAO",
        "ADM2_PCODE": "CI1402",
        "ADM3_FR": "KOUN-FAO",
        "ADM3_PCODE": "CI140201",
        "ADM4_FR": "MEME",
        "ADM4_PCODE": "CIV5631",
        "centerLat": 7.450767989,
        "centerLng": -3.20786675,
        "pop": 950,
        "score": 950,
        "whiteLoc": 1
      },
      "id": 569
    },
    {
      "type": "Feature",
      "geometry": {
        "coordinates": [
          -2.917665729,
          9.367772208
        ],
        "type": "Point"
      },
      "properties": {
        "ADM0_FR": "ZANZAN",
        "ADM0_PCODE": "CI14",
        "ADM1_FR": "BOUNKANI",
        "ADM1_PCODE": "CI108",
        "ADM2_FR": "BOUNA",
        "ADM2_PCODE": "CI0801",
        "ADM3_FR": "BOUNA",
        "ADM3_PCODE": "CI080102",
        "ADM4_FR": "MENINKO",
        "ADM4_PCODE": "CIV5642",
        "centerLat": 9.367772208,
        "centerLng": -2.917665729,
        "pop": 356,
        "score": 356,
        "whiteLoc": 1
      },
      "id": 570
    },
    {
      "type": "Feature",
      "geometry": {
        "coordinates": [
          -7.163868724,
          8.934764739
        ],
        "type": "Point"
      },
      "properties": {
        "ADM0_FR": "WOROBA",
        "ADM0_PCODE": "CI13",
        "ADM1_FR": "WORODOUGOU",
        "ADM1_PCODE": "CI133",
        "ADM2_FR": "KANI",
        "ADM2_PCODE": "CI3301",
        "ADM3_FR": "DJIBROSSO",
        "ADM3_PCODE": "CI330102",
        "ADM4_FR": "METRO",
        "ADM4_PCODE": "CIV5656",
        "centerLat": 8.934764739,
        "centerLng": -7.163868724,
        "pop": 1472,
        "score": 1472,
        "whiteLoc": 1
      },
      "id": 571
    },
    {
      "type": "Feature",
      "geometry": {
        "coordinates": [
          -6.81251722,
          8.806648323
        ],
        "type": "Point"
      },
      "properties": {
        "ADM0_FR": "WOROBA",
        "ADM0_PCODE": "CI13",
        "ADM1_FR": "WORODOUGOU",
        "ADM1_PCODE": "CI133",
        "ADM2_FR": "KANI",
        "ADM2_PCODE": "CI3301",
        "ADM3_FR": "FADJADOUGOU",
        "ADM3_PCODE": "CI330103",
        "ADM4_FR": "MIGNINIBA",
        "ADM4_PCODE": "CIV5668",
        "centerLat": 8.806648323,
        "centerLng": -6.81251722,
        "pop": 1951,
        "score": 1951,
        "whiteLoc": 1
      },
      "id": 572
    },
    {
      "type": "Feature",
      "geometry": {
        "coordinates": [
          -4.970225735,
          9.49343152
        ],
        "type": "Point"
      },
      "properties": {
        "ADM0_FR": "SAVANES",
        "ADM0_PCODE": "CI11",
        "ADM1_FR": "TCHOLOGO",
        "ADM1_PCODE": "CI131",
        "ADM2_FR": "FERKESSEDOUGOU",
        "ADM2_PCODE": "CI3101",
        "ADM3_FR": "TOGONIERE",
        "ADM3_PCODE": "CI310103",
        "ADM4_FR": "MILIMININ",
        "ADM4_PCODE": "CIV5673",
        "centerLat": 9.49343152,
        "centerLng": -4.970225735,
        "pop": 489,
        "score": 489,
        "whiteLoc": 1
      },
      "id": 573
    },
    {
      "type": "Feature",
      "geometry": {
        "coordinates": [
          -7.4169319,
          10.3023997
        ],
        "type": "Point"
      },
      "properties": {
        "ADM0_FR": "DENGUELE",
        "ADM0_PCODE": "CI03",
        "ADM1_FR": "FOLON",
        "ADM1_PCODE": "CI110",
        "ADM2_FR": "MINIGNAN",
        "ADM2_PCODE": "CI1002",
        "ADM3_FR": "TIENKO",
        "ADM3_PCODE": "CI100204",
        "ADM4_FR": "MISSAMAHANA",
        "ADM4_PCODE": "CIV5688",
        "centerLat": 10.3023997,
        "centerLng": -7.4169319,
        "pop": 699,
        "score": 699,
        "whiteLoc": 1
      },
      "id": 574
    },
    {
      "type": "Feature",
      "geometry": {
        "coordinates": [
          -6.605206592,
          10.36620452
        ],
        "type": "Point"
      },
      "properties": {
        "ADM0_FR": "SAVANES",
        "ADM0_PCODE": "CI11",
        "ADM1_FR": "BAGOUE",
        "ADM1_PCODE": "CI105",
        "ADM2_FR": "TENGRELA",
        "ADM2_PCODE": "CI0503",
        "ADM3_FR": "TENGRELA",
        "ADM3_PCODE": "CI050301",
        "ADM4_FR": "MISSASSO",
        "ADM4_PCODE": "CIV5689",
        "centerLat": 10.36620452,
        "centerLng": -6.605206592,
        "pop": 659,
        "score": 659,
        "whiteLoc": 1
      },
      "id": 575
    },
    {
      "type": "Feature",
      "geometry": {
        "coordinates": [
          -7.3317006,
          9.9784557
        ],
        "type": "Point"
      },
      "properties": {
        "ADM0_FR": "DENGUELE",
        "ADM0_PCODE": "CI03",
        "ADM1_FR": "FOLON",
        "ADM1_PCODE": "CI110",
        "ADM2_FR": "KANIASSO",
        "ADM2_PCODE": "CI1001",
        "ADM3_FR": "GOULIA",
        "ADM3_PCODE": "CI100101",
        "ADM4_FR": "MISSILA",
        "ADM4_PCODE": "CIV5692",
        "centerLat": 9.9784557,
        "centerLng": -7.3317006,
        "pop": 259,
        "score": 259,
        "whiteLoc": 1
      },
      "id": 576
    },
    {
      "type": "Feature",
      "geometry": {
        "coordinates": [
          -7.668357302,
          9.088508536
        ],
        "type": "Point"
      },
      "properties": {
        "ADM0_FR": "DENGUELE",
        "ADM0_PCODE": "CI03",
        "ADM1_FR": "KABADOUGOU",
        "ADM1_PCODE": "CI121",
        "ADM2_FR": "ODIENNE",
        "ADM2_PCODE": "CI2103",
        "ADM3_FR": "BAKO",
        "ADM3_PCODE": "CI210302",
        "ADM4_FR": "MOHIA 1",
        "ADM4_PCODE": "CIV5710",
        "centerLat": 9.088508536,
        "centerLng": -7.668357302,
        "pop": 1164,
        "score": 1164,
        "whiteLoc": 1
      },
      "id": 577
    },
    {
      "type": "Feature",
      "geometry": {
        "coordinates": [
          -6.873216026,
          8.192933316
        ],
        "type": "Point"
      },
      "properties": {
        "ADM0_FR": "WOROBA",
        "ADM0_PCODE": "CI13",
        "ADM1_FR": "WORODOUGOU",
        "ADM1_PCODE": "CI133",
        "ADM2_FR": "SEGUELA",
        "ADM2_PCODE": "CI3302",
        "ADM3_FR": "WOROFLA",
        "ADM3_PCODE": "CI330207",
        "ADM4_FR": "MONSO",
        "ADM4_PCODE": "CIV5729",
        "centerLat": 8.192933316,
        "centerLng": -6.873216026,
        "pop": 558,
        "score": 558,
        "whiteLoc": 1
      },
      "id": 578
    },
    {
      "type": "Feature",
      "geometry": {
        "coordinates": [
          -5.88241529,
          8.094835816
        ],
        "type": "Point"
      },
      "properties": {
        "ADM0_FR": "WOROBA",
        "ADM0_PCODE": "CI13",
        "ADM1_FR": "BERE",
        "ADM1_PCODE": "CI107",
        "ADM2_FR": "MANKONO",
        "ADM2_PCODE": "CI0703",
        "ADM3_FR": "TIENINGBOUE",
        "ADM3_PCODE": "CI070305",
        "ADM4_FR": "MORIFEREDOUGOU",
        "ADM4_PCODE": "CIV5738",
        "centerLat": 8.094835816,
        "centerLng": -5.88241529,
        "pop": 85,
        "score": 85,
        "whiteLoc": 1
      },
      "id": 579
    },
    {
      "type": "Feature",
      "geometry": {
        "coordinates": [
          -7.273970802,
          8.544349658
        ],
        "type": "Point"
      },
      "properties": {
        "ADM0_FR": "WOROBA",
        "ADM0_PCODE": "CI13",
        "ADM1_FR": "BAFING",
        "ADM1_PCODE": "CI104",
        "ADM2_FR": "KORO",
        "ADM2_PCODE": "CI0401",
        "ADM3_FR": "KORO",
        "ADM3_PCODE": "CI040101",
        "ADM4_FR": "MORIFINGSO",
        "ADM4_PCODE": "CIV5740",
        "centerLat": 8.544349658,
        "centerLng": -7.273970802,
        "pop": 1571,
        "score": 1571,
        "whiteLoc": 1
      },
      "id": 580
    },
    {
      "type": "Feature",
      "geometry": {
        "coordinates": [
          -7.547125813,
          8.238764855
        ],
        "type": "Point"
      },
      "properties": {
        "ADM0_FR": "WOROBA",
        "ADM0_PCODE": "CI13",
        "ADM1_FR": "BAFING",
        "ADM1_PCODE": "CI104",
        "ADM2_FR": "TOUBA",
        "ADM2_PCODE": "CI0403",
        "ADM3_FR": "TOUBA",
        "ADM3_PCODE": "CI040301",
        "ADM4_FR": "MORIGBEDOUGOU",
        "ADM4_PCODE": "CIV5741",
        "centerLat": 8.238764855,
        "centerLng": -7.547125813,
        "pop": 85,
        "score": 85,
        "whiteLoc": 1
      },
      "id": 581
    },
    {
      "type": "Feature",
      "geometry": {
        "coordinates": [
          -7.563971741,
          8.701900198
        ],
        "type": "Point"
      },
      "properties": {
        "ADM0_FR": "WOROBA",
        "ADM0_PCODE": "CI13",
        "ADM1_FR": "BAFING",
        "ADM1_PCODE": "CI104",
        "ADM2_FR": "KORO",
        "ADM2_PCODE": "CI0401",
        "ADM3_FR": "BOROTOU",
        "ADM3_PCODE": "CI040103",
        "ADM4_FR": "MOYENDOUGOU",
        "ADM4_PCODE": "CIV5773",
        "centerLat": 8.701900198,
        "centerLng": -7.563971741,
        "pop": 121,
        "score": 121,
        "whiteLoc": 1
      },
      "id": 582
    },
    {
      "type": "Feature",
      "geometry": {
        "coordinates": [
          -5.56245685,
          9.645880714
        ],
        "type": "Point"
      },
      "properties": {
        "ADM0_FR": "SAVANES",
        "ADM0_PCODE": "CI11",
        "ADM1_FR": "PORO",
        "ADM1_PCODE": "CI128",
        "ADM2_FR": "KORHOGO",
        "ADM2_PCODE": "CI2802",
        "ADM3_FR": "LATAHA",
        "ADM3_PCODE": "CI280209",
        "ADM4_FR": "NABANAVOGO",
        "ADM4_PCODE": "CIV5785",
        "centerLat": 9.645880714,
        "centerLng": -5.56245685,
        "pop": 177,
        "score": 177,
        "whiteLoc": 1
      },
      "id": 583
    },
    {
      "type": "Feature",
      "geometry": {
        "coordinates": [
          -5.568193849,
          9.643865554
        ],
        "type": "Point"
      },
      "properties": {
        "ADM0_FR": "SAVANES",
        "ADM0_PCODE": "CI11",
        "ADM1_FR": "PORO",
        "ADM1_PCODE": "CI128",
        "ADM2_FR": "KORHOGO",
        "ADM2_PCODE": "CI2802",
        "ADM3_FR": "LATAHA",
        "ADM3_PCODE": "CI280209",
        "ADM4_FR": "NABEKOUNOUVOGO",
        "ADM4_PCODE": "CIV5788",
        "centerLat": 9.643865554,
        "centerLng": -5.568193849,
        "pop": 426,
        "score": 426,
        "whiteLoc": 1
      },
      "id": 584
    },
    {
      "type": "Feature",
      "geometry": {
        "coordinates": [
          -3.040974602,
          9.354547662
        ],
        "type": "Point"
      },
      "properties": {
        "ADM0_FR": "ZANZAN",
        "ADM0_PCODE": "CI14",
        "ADM1_FR": "BOUNKANI",
        "ADM1_PCODE": "CI108",
        "ADM2_FR": "BOUNA",
        "ADM2_PCODE": "CI0801",
        "ADM3_FR": "BOUNA",
        "ADM3_PCODE": "CI080102",
        "ADM4_FR": "NAGUIDOUO",
        "ADM4_PCODE": "CIV5820",
        "centerLat": 9.354547662,
        "centerLng": -3.040974602,
        "pop": 776,
        "score": 776,
        "whiteLoc": 1
      },
      "id": 585
    },
    {
      "type": "Feature",
      "geometry": {
        "coordinates": [
          -6.154777345,
          9.009398086
        ],
        "type": "Point"
      },
      "properties": {
        "ADM0_FR": "SAVANES",
        "ADM0_PCODE": "CI11",
        "ADM1_FR": "PORO",
        "ADM1_PCODE": "CI128",
        "ADM2_FR": "KORHOGO",
        "ADM2_PCODE": "CI2802",
        "ADM3_FR": "KANOROBA",
        "ADM3_PCODE": "CI280203",
        "ADM4_FR": "NAHOUAKAHA",
        "ADM4_PCODE": "CIV5825",
        "centerLat": 9.009398086,
        "centerLng": -6.154777345,
        "pop": 322,
        "score": 322,
        "whiteLoc": 1
      },
      "id": 586
    },
    {
      "type": "Feature",
      "geometry": {
        "coordinates": [
          -5.50104635,
          9.715840216
        ],
        "type": "Point"
      },
      "properties": {
        "ADM0_FR": "SAVANES",
        "ADM0_PCODE": "CI11",
        "ADM1_FR": "PORO",
        "ADM1_PCODE": "CI128",
        "ADM2_FR": "KORHOGO",
        "ADM2_PCODE": "CI2802",
        "ADM3_FR": "LATAHA",
        "ADM3_PCODE": "CI280209",
        "ADM4_FR": "NAHOUOLAVOGO",
        "ADM4_PCODE": "CIV5830",
        "centerLat": 9.715840216,
        "centerLng": -5.50104635,
        "pop": 481,
        "score": 481,
        "whiteLoc": 1
      },
      "id": 587
    },
    {
      "type": "Feature",
      "geometry": {
        "coordinates": [
          -3.052261,
          9.485310002
        ],
        "type": "Point"
      },
      "properties": {
        "ADM0_FR": "ZANZAN",
        "ADM0_PCODE": "CI14",
        "ADM1_FR": "BOUNKANI",
        "ADM1_PCODE": "CI108",
        "ADM2_FR": "BOUNA",
        "ADM2_PCODE": "CI0801",
        "ADM3_FR": "BOUKO",
        "ADM3_PCODE": "CI080101",
        "ADM4_FR": "NAKOUDOUO",
        "ADM4_PCODE": "CIV5840",
        "centerLat": 9.485310002,
        "centerLng": -3.052261,
        "pop": 112,
        "score": 112,
        "whiteLoc": 1
      },
      "id": 588
    },
    {
      "type": "Feature",
      "geometry": {
        "coordinates": [
          -5.486391328,
          9.308633721
        ],
        "type": "Point"
      },
      "properties": {
        "ADM0_FR": "SAVANES",
        "ADM0_PCODE": "CI11",
        "ADM1_FR": "PORO",
        "ADM1_PCODE": "CI128",
        "ADM2_FR": "KORHOGO",
        "ADM2_PCODE": "CI2802",
        "ADM3_FR": "KARAKORO",
        "ADM3_PCODE": "CI280204",
        "ADM4_FR": "NAKPOKAHA",
        "ADM4_PCODE": "CIV5842",
        "centerLat": 9.308633721,
        "centerLng": -5.486391328,
        "pop": 161,
        "score": 161,
        "whiteLoc": 1
      },
      "id": 589
    },
    {
      "type": "Feature",
      "geometry": {
        "coordinates": [
          -3.007332923,
          9.376815306
        ],
        "type": "Point"
      },
      "properties": {
        "ADM0_FR": "ZANZAN",
        "ADM0_PCODE": "CI14",
        "ADM1_FR": "BOUNKANI",
        "ADM1_PCODE": "CI108",
        "ADM2_FR": "BOUNA",
        "ADM2_PCODE": "CI0801",
        "ADM3_FR": "BOUNA",
        "ADM3_PCODE": "CI080102",
        "ADM4_FR": "NALADOUO",
        "ADM4_PCODE": "CIV5844",
        "centerLat": 9.376815306,
        "centerLng": -3.007332923,
        "pop": 131,
        "score": 131,
        "whiteLoc": 1
      },
      "id": 590
    },
    {
      "type": "Feature",
      "geometry": {
        "coordinates": [
          -5.722368412,
          10.298777558
        ],
        "type": "Point"
      },
      "properties": {
        "ADM0_FR": "SAVANES",
        "ADM0_PCODE": "CI11",
        "ADM1_FR": "TCHOLOGO",
        "ADM1_PCODE": "CI131",
        "ADM2_FR": "OUANGOLODOUGOU",
        "ADM2_PCODE": "CI3103",
        "ADM3_FR": "TOUMOUKORO",
        "ADM3_PCODE": "CI310305",
        "ADM4_FR": "NALEHO",
        "ADM4_PCODE": "CIV5845",
        "centerLat": 10.298777558,
        "centerLng": -5.722368412,
        "pop": 1945,
        "score": 1945,
        "whiteLoc": 1
      },
      "id": 591
    },
    {
      "type": "Feature",
      "geometry": {
        "coordinates": [
          -5.692301595,
          10.155293197
        ],
        "type": "Point"
      },
      "properties": {
        "ADM0_FR": "SAVANES",
        "ADM0_PCODE": "CI11",
        "ADM1_FR": "TCHOLOGO",
        "ADM1_PCODE": "CI131",
        "ADM2_FR": "OUANGOLODOUGOU",
        "ADM2_PCODE": "CI3103",
        "ADM3_FR": "NIELLE",
        "ADM3_PCODE": "CI310304",
        "ADM4_FR": "NALOGO",
        "ADM4_PCODE": "CIV5846",
        "centerLat": 10.155293197,
        "centerLng": -5.692301595,
        "pop": 961,
        "score": 961,
        "whiteLoc": 1
      },
      "id": 592
    },
    {
      "type": "Feature",
      "geometry": {
        "coordinates": [
          -6.977040371,
          9.327613552
        ],
        "type": "Point"
      },
      "properties": {
        "ADM0_FR": "DENGUELE",
        "ADM0_PCODE": "CI03",
        "ADM1_FR": "KABADOUGOU",
        "ADM1_PCODE": "CI121",
        "ADM2_FR": "SEGUELON",
        "ADM2_PCODE": "CI2105",
        "ADM3_FR": "SEGUELON",
        "ADM3_PCODE": "CI210501",
        "ADM4_FR": "NAMASSO",
        "ADM4_PCODE": "CIV5857",
        "centerLat": 9.327613552,
        "centerLng": -6.977040371,
        "pop": 703,
        "score": 703,
        "whiteLoc": 1
      },
      "id": 593
    },
    {
      "type": "Feature",
      "geometry": {
        "coordinates": [
          -4.883111322,
          8.721865378
        ],
        "type": "Point"
      },
      "properties": {
        "ADM0_FR": "VALLEE DU BANDAMA",
        "ADM0_PCODE": "CI12",
        "ADM1_FR": "HAMBOL",
        "ADM1_PCODE": "CI117",
        "ADM2_FR": "DABAKALA",
        "ADM2_PCODE": "CI1701",
        "ADM3_FR": "FOUMBOLO",
        "ADM3_PCODE": "CI170104",
        "ADM4_FR": "NAMBAYEREDOUGOU",
        "ADM4_PCODE": "CIV5860",
        "centerLat": 8.721865378,
        "centerLng": -4.883111322,
        "pop": 209,
        "score": 209,
        "whiteLoc": 1
      },
      "id": 594
    },
    {
      "type": "Feature",
      "geometry": {
        "coordinates": [
          -5.903212346,
          10.130354894
        ],
        "type": "Point"
      },
      "properties": {
        "ADM0_FR": "SAVANES",
        "ADM0_PCODE": "CI11",
        "ADM1_FR": "PORO",
        "ADM1_PCODE": "CI128",
        "ADM2_FR": "M'BENGUE",
        "ADM2_PCODE": "CI2803",
        "ADM3_FR": "M'BENGUE",
        "ADM3_PCODE": "CI280301",
        "ADM4_FR": "NAMBIRA",
        "ADM4_PCODE": "CIV5873",
        "centerLat": 10.130354894,
        "centerLng": -5.903212346,
        "pop": 2273,
        "score": 2273,
        "whiteLoc": 1
      },
      "id": 595
    },
    {
      "type": "Feature",
      "geometry": {
        "coordinates": [
          -4.608466436,
          7.317730824
        ],
        "type": "Point"
      },
      "properties": {
        "ADM0_FR": "LACS",
        "ADM0_PCODE": "CI07",
        "ADM1_FR": "N'ZI",
        "ADM1_PCODE": "CI127",
        "ADM2_FR": "KOUASSI-KOUASSIKRO",
        "ADM2_PCODE": "CI2703",
        "ADM3_FR": "KOUASSI-KOUASSIKRO",
        "ADM3_PCODE": "CI270301",
        "ADM4_FR": "NANDEKRO",
        "ADM4_PCODE": "CIV5897",
        "centerLat": 7.317730824,
        "centerLng": -4.608466436,
        "pop": 567,
        "score": 567,
        "whiteLoc": 1
      },
      "id": 596
    },
    {
      "type": "Feature",
      "geometry": {
        "coordinates": [
          -5.175063356,
          5.256326279
        ],
        "type": "Point"
      },
      "properties": {
        "ADM0_FR": "GOH-DJIBOUA",
        "ADM0_PCODE": "CI06",
        "ADM1_FR": "LOH-DJIBOUA",
        "ADM1_PCODE": "CI122",
        "ADM2_FR": "GUITRY",
        "ADM2_PCODE": "CI2202",
        "ADM3_FR": "YOCOBOUE",
        "ADM3_PCODE": "CI220204",
        "ADM4_FR": "NANDJEDOUKOU",
        "ADM4_PCODE": "CIV5901",
        "centerLat": 5.256326279,
        "centerLng": -5.175063356,
        "pop": 871,
        "score": 871,
        "whiteLoc": 1
      },
      "id": 597
    },
    {
      "type": "Feature",
      "geometry": {
        "coordinates": [
          -5.174701563,
          5.259241903
        ],
        "type": "Point"
      },
      "properties": {
        "ADM0_FR": "GOH-DJIBOUA",
        "ADM0_PCODE": "CI06",
        "ADM1_FR": "LOH-DJIBOUA",
        "ADM1_PCODE": "CI122",
        "ADM2_FR": "GUITRY",
        "ADM2_PCODE": "CI2202",
        "ADM3_FR": "YOCOBOUE",
        "ADM3_PCODE": "CI220204",
        "ADM4_FR": "NANDJEDOUKOU",
        "ADM4_PCODE": "CIV5902",
        "centerLat": 5.259241903,
        "centerLng": -5.174701563,
        "pop": 871,
        "score": 871,
        "whiteLoc": 1
      },
      "id": 598
    },
    {
      "type": "Feature",
      "geometry": {
        "coordinates": [
          -3.116571003,
          9.5026626
        ],
        "type": "Point"
      },
      "properties": {
        "ADM0_FR": "ZANZAN",
        "ADM0_PCODE": "CI14",
        "ADM1_FR": "BOUNKANI",
        "ADM1_PCODE": "CI108",
        "ADM2_FR": "BOUNA",
        "ADM2_PCODE": "CI0801",
        "ADM3_FR": "BOUKO",
        "ADM3_PCODE": "CI080101",
        "ADM4_FR": "NANDJOGDI",
        "ADM4_PCODE": "CIV5906",
        "centerLat": 9.5026626,
        "centerLng": -3.116571003,
        "pop": 317,
        "score": 317,
        "whiteLoc": 1
      },
      "id": 599
    },
    {
      "type": "Feature",
      "geometry": {
        "coordinates": [
          -6.0813548,
          9.0087733
        ],
        "type": "Point"
      },
      "properties": {
        "ADM0_FR": "SAVANES",
        "ADM0_PCODE": "CI11",
        "ADM1_FR": "PORO",
        "ADM1_PCODE": "CI128",
        "ADM2_FR": "KORHOGO",
        "ADM2_PCODE": "CI2802",
        "ADM3_FR": "KANOROBA",
        "ADM3_PCODE": "CI280203",
        "ADM4_FR": "NANGALOUROUKAHA",
        "ADM4_PCODE": "CIV5914",
        "centerLat": 9.0087733,
        "centerLng": -6.0813548,
        "pop": 268,
        "score": 268,
        "whiteLoc": 1
      },
      "id": 600
    },
    {
      "type": "Feature",
      "geometry": {
        "coordinates": [
          -5.352579182,
          8.160792835
        ],
        "type": "Point"
      },
      "properties": {
        "ADM0_FR": "VALLEE DU BANDAMA",
        "ADM0_PCODE": "CI12",
        "ADM1_FR": "HAMBOL",
        "ADM1_PCODE": "CI117",
        "ADM2_FR": "KATIOLA",
        "ADM2_PCODE": "CI1702",
        "ADM3_FR": "FRONAN",
        "ADM3_PCODE": "CI170202",
        "ADM4_FR": "NAPLEKAHA",
        "ADM4_PCODE": "CIV5938",
        "centerLat": 8.160792835,
        "centerLng": -5.352579182,
        "pop": 2766,
        "score": 2766,
        "whiteLoc": 1
      },
      "id": 601
    },
    {
      "type": "Feature",
      "geometry": {
        "coordinates": [
          -7.685094262,
          7.252524147
        ],
        "type": "Point"
      },
      "properties": {
        "ADM0_FR": "MONTAGNES",
        "ADM0_PCODE": "CI09",
        "ADM1_FR": "TONKPI",
        "ADM1_PCODE": "CI132",
        "ADM2_FR": "MAN",
        "ADM2_PCODE": "CI3203",
        "ADM3_FR": "BOGOUINE",
        "ADM3_PCODE": "CI320302",
        "ADM4_FR": "NAPODIAGOUINE",
        "ADM4_PCODE": "CIV5940",
        "centerLat": 7.252524147,
        "centerLng": -7.685094262,
        "pop": 794,
        "score": 794,
        "whiteLoc": 1
      },
      "id": 602
    },
    {
      "type": "Feature",
      "geometry": {
        "coordinates": [
          -3.43660829,
          9.827057659
        ],
        "type": "Point"
      },
      "properties": {
        "ADM0_FR": "ZANZAN",
        "ADM0_PCODE": "CI14",
        "ADM1_FR": "BOUNKANI",
        "ADM1_PCODE": "CI108",
        "ADM2_FR": "DOROPO",
        "ADM2_PCODE": "CI0802",
        "ADM3_FR": "DOROPO",
        "ADM3_PCODE": "CI080202",
        "ADM4_FR": "NATANTCHOHIE",
        "ADM4_PCODE": "CIV5945",
        "centerLat": 9.827057659,
        "centerLng": -3.43660829,
        "pop": 290,
        "score": 290,
        "whiteLoc": 1
      },
      "id": 603
    },
    {
      "type": "Feature",
      "geometry": {
        "coordinates": [
          -3.482157472,
          9.820744262
        ],
        "type": "Point"
      },
      "properties": {
        "ADM0_FR": "ZANZAN",
        "ADM0_PCODE": "CI14",
        "ADM1_FR": "BOUNKANI",
        "ADM1_PCODE": "CI108",
        "ADM2_FR": "TEHINI",
        "ADM2_PCODE": "CI0804",
        "ADM3_FR": "GOGO",
        "ADM3_PCODE": "CI080402",
        "ADM4_FR": "NATA-TIOKPOLO",
        "ADM4_PCODE": "CIV5946",
        "centerLat": 9.820744262,
        "centerLng": -3.482157472,
        "pop": 123,
        "score": 123,
        "whiteLoc": 1
      },
      "id": 604
    },
    {
      "type": "Feature",
      "geometry": {
        "coordinates": [
          -3.409024513,
          9.685528833
        ],
        "type": "Point"
      },
      "properties": {
        "ADM0_FR": "ZANZAN",
        "ADM0_PCODE": "CI14",
        "ADM1_FR": "BOUNKANI",
        "ADM1_PCODE": "CI108",
        "ADM2_FR": "DOROPO",
        "ADM2_PCODE": "CI0802",
        "ADM3_FR": "NIAMOUE",
        "ADM3_PCODE": "CI080204",
        "ADM4_FR": "NATIBIDOUO",
        "ADM4_PCODE": "CIV5949",
        "centerLat": 9.685528833,
        "centerLng": -3.409024513,
        "pop": 165,
        "score": 165,
        "whiteLoc": 1
      },
      "id": 605
    },
    {
      "type": "Feature",
      "geometry": {
        "coordinates": [
          -5.517885239,
          10.180125597
        ],
        "type": "Point"
      },
      "properties": {
        "ADM0_FR": "SAVANES",
        "ADM0_PCODE": "CI11",
        "ADM1_FR": "TCHOLOGO",
        "ADM1_PCODE": "CI131",
        "ADM2_FR": "OUANGOLODOUGOU",
        "ADM2_PCODE": "CI3103",
        "ADM3_FR": "DIAWALA",
        "ADM3_PCODE": "CI310302",
        "ADM4_FR": "NATOGO",
        "ADM4_PCODE": "CIV5953",
        "centerLat": 10.180125597,
        "centerLng": -5.517885239,
        "pop": 520,
        "score": 520,
        "whiteLoc": 1
      },
      "id": 606
    },
    {
      "type": "Feature",
      "geometry": {
        "coordinates": [
          -8.294641466,
          6.910487295
        ],
        "type": "Point"
      },
      "properties": {
        "ADM0_FR": "MONTAGNES",
        "ADM0_PCODE": "CI09",
        "ADM1_FR": "TONKPI",
        "ADM1_PCODE": "CI132",
        "ADM2_FR": "ZOUAN-HOUNIEN",
        "ADM2_PCODE": "CI3205",
        "ADM3_FR": "ZOUAN-HOUNIEN",
        "ADM3_PCODE": "CI320501",
        "ADM4_FR": "NATTA-DOSSEUPLEU",
        "ADM4_PCODE": "CIV5955",
        "centerLat": 6.910487295,
        "centerLng": -8.294641466,
        "pop": 893,
        "score": 893,
        "whiteLoc": 1
      },
      "id": 607
    },
    {
      "type": "Feature",
      "geometry": {
        "coordinates": [
          -5.535578188,
          9.705781451
        ],
        "type": "Point"
      },
      "properties": {
        "ADM0_FR": "SAVANES",
        "ADM0_PCODE": "CI11",
        "ADM1_FR": "PORO",
        "ADM1_PCODE": "CI128",
        "ADM2_FR": "KORHOGO",
        "ADM2_PCODE": "CI2802",
        "ADM3_FR": "LATAHA",
        "ADM3_PCODE": "CI280209",
        "ADM4_FR": "NAVOUNGAVOGO",
        "ADM4_PCODE": "CIV5963",
        "centerLat": 9.705781451,
        "centerLng": -5.535578188,
        "pop": 259,
        "score": 259,
        "whiteLoc": 1
      },
      "id": 608
    },
    {
      "type": "Feature",
      "geometry": {
        "coordinates": [
          -5.042506531,
          8.184306548
        ],
        "type": "Point"
      },
      "properties": {
        "ADM0_FR": "VALLEE DU BANDAMA",
        "ADM0_PCODE": "CI12",
        "ADM1_FR": "HAMBOL",
        "ADM1_PCODE": "CI117",
        "ADM2_FR": "KATIOLA",
        "ADM2_PCODE": "CI1702",
        "ADM3_FR": "KATIOLA",
        "ADM3_PCODE": "CI170201",
        "ADM4_FR": "N'DANA",
        "ADM4_PCODE": "CIV5983",
        "centerLat": 8.184306548,
        "centerLng": -5.042506531,
        "pop": 643,
        "score": 643,
        "whiteLoc": 1
      },
      "id": 609
    },
    {
      "type": "Feature",
      "geometry": {
        "coordinates": [
          -6.107951776,
          10.067584067
        ],
        "type": "Point"
      },
      "properties": {
        "ADM0_FR": "SAVANES",
        "ADM0_PCODE": "CI11",
        "ADM1_FR": "PORO",
        "ADM1_PCODE": "CI128",
        "ADM2_FR": "M'BENGUE",
        "ADM2_PCODE": "CI2803",
        "ADM3_FR": "KATOGO",
        "ADM3_PCODE": "CI280304",
        "ADM4_FR": "N'DIENKAHA",
        "ADM4_PCODE": "CIV5999",
        "centerLat": 10.067584067,
        "centerLng": -6.107951776,
        "pop": 664,
        "score": 664,
        "whiteLoc": 1
      },
      "id": 610
    },
    {
      "type": "Feature",
      "geometry": {
        "coordinates": [
          -4.694319558,
          7.46825202
        ],
        "type": "Point"
      },
      "properties": {
        "ADM0_FR": "LACS",
        "ADM0_PCODE": "CI07",
        "ADM1_FR": "BELIER",
        "ADM1_PCODE": "CI106",
        "ADM2_FR": "DIDIEVI",
        "ADM2_PCODE": "CI0601",
        "ADM3_FR": "TIE-N'DIEKRO",
        "ADM3_PCODE": "CI060105",
        "ADM4_FR": "N'DJE",
        "ADM4_PCODE": "CIV6001",
        "centerLat": 7.46825202,
        "centerLng": -4.694319558,
        "pop": 914,
        "score": 914,
        "whiteLoc": 1
      },
      "id": 611
    },
    {
      "type": "Feature",
      "geometry": {
        "coordinates": [
          -4.578632416,
          7.170990501
        ],
        "type": "Point"
      },
      "properties": {
        "ADM0_FR": "LACS",
        "ADM0_PCODE": "CI07",
        "ADM1_FR": "N'ZI",
        "ADM1_PCODE": "CI127",
        "ADM2_FR": "BOCANDA",
        "ADM2_PCODE": "CI2701",
        "ADM3_FR": "BOCANDA",
        "ADM3_PCODE": "CI270102",
        "ADM4_FR": "N'DOLI-YEBOUEKRO",
        "ADM4_PCODE": "CIV6011",
        "centerLat": 7.170990501,
        "centerLng": -4.578632416,
        "pop": 292,
        "score": 292,
        "whiteLoc": 1
      },
      "id": 612
    },
    {
      "type": "Feature",
      "geometry": {
        "coordinates": [
          -4.915053406,
          7.814250599
        ],
        "type": "Point"
      },
      "properties": {
        "ADM0_FR": "VALLEE DU BANDAMA",
        "ADM0_PCODE": "CI12",
        "ADM1_FR": "GBEKE",
        "ADM1_PCODE": "CI111",
        "ADM2_FR": "BOUAKE",
        "ADM2_PCODE": "CI1103",
        "ADM3_FR": "BOUAKE",
        "ADM3_PCODE": "CI110301",
        "ADM4_FR": "NDOUA-KOUAMEKRO",
        "ADM4_PCODE": "CIV6014",
        "centerLat": 7.814250599,
        "centerLng": -4.915053406,
        "pop": 459,
        "score": 459,
        "whiteLoc": 1
      },
      "id": 613
    },
    {
      "type": "Feature",
      "geometry": {
        "coordinates": [
          -5.789455848,
          5.774891312
        ],
        "type": "Point"
      },
      "properties": {
        "ADM0_FR": "GOH-DJIBOUA",
        "ADM0_PCODE": "CI06",
        "ADM1_FR": "LOH-DJIBOUA",
        "ADM1_PCODE": "CI122",
        "ADM2_FR": "LAKOTA",
        "ADM2_PCODE": "CI2203",
        "ADM3_FR": "NIAMBEZARIA",
        "ADM3_PCODE": "CI220305",
        "ADM4_FR": "NEKOTIEGBA",
        "ADM4_PCODE": "CIV6046",
        "centerLat": 5.774891312,
        "centerLng": -5.789455848,
        "pop": 2025,
        "score": 2025,
        "whiteLoc": 1
      },
      "id": 614
    },
    {
      "type": "Feature",
      "geometry": {
        "coordinates": [
          -5.329584187,
          7.477802767
        ],
        "type": "Point"
      },
      "properties": {
        "ADM0_FR": "VALLEE DU BANDAMA",
        "ADM0_PCODE": "CI12",
        "ADM1_FR": "GBEKE",
        "ADM1_PCODE": "CI111",
        "ADM2_FR": "SAKASSOU",
        "ADM2_PCODE": "CI1104",
        "ADM3_FR": "SAKASSOU",
        "ADM3_PCODE": "CI110401",
        "ADM4_FR": "NGBEDJO KOFFIKRO",
        "ADM4_PCODE": "CIV6095",
        "centerLat": 7.477802767,
        "centerLng": -5.329584187,
        "pop": 555,
        "score": 555,
        "whiteLoc": 1
      },
      "id": 615
    },
    {
      "type": "Feature",
      "geometry": {
        "coordinates": [
          -3.945188386,
          7.595048173
        ],
        "type": "Point"
      },
      "properties": {
        "ADM0_FR": "LACS",
        "ADM0_PCODE": "CI07",
        "ADM1_FR": "IFFOU",
        "ADM1_PCODE": "CI119",
        "ADM2_FR": "PRIKRO",
        "ADM2_PCODE": "CI1903",
        "ADM3_FR": "PRIKRO",
        "ADM3_PCODE": "CI190301",
        "ADM4_FR": "N'GODJOU",
        "ADM4_PCODE": "CIV6101",
        "centerLat": 7.595048173,
        "centerLng": -3.945188386,
        "pop": 883,
        "score": 883,
        "whiteLoc": 1
      },
      "id": 616
    },
    {
      "type": "Feature",
      "geometry": {
        "coordinates": [
          -3.3665838,
          7.703136763
        ],
        "type": "Point"
      },
      "properties": {
        "ADM0_FR": "ZANZAN",
        "ADM0_PCODE": "CI14",
        "ADM1_FR": "GONTOUGO",
        "ADM1_PCODE": "CI114",
        "ADM2_FR": "TANDA",
        "ADM2_PCODE": "CI1404",
        "ADM3_FR": "DIAMBA",
        "ADM3_PCODE": "CI140403",
        "ADM4_FR": "N'GRAOUA",
        "ADM4_PCODE": "CIV6125",
        "centerLat": 7.703136763,
        "centerLng": -3.3665838,
        "pop": 1064,
        "score": 1064,
        "whiteLoc": 1
      },
      "id": 617
    },
    {
      "type": "Feature",
      "geometry": {
        "coordinates": [
          -5.3170579,
          7.959492099
        ],
        "type": "Point"
      },
      "properties": {
        "ADM0_FR": "VALLEE DU BANDAMA",
        "ADM0_PCODE": "CI12",
        "ADM1_FR": "GBEKE",
        "ADM1_PCODE": "CI111",
        "ADM2_FR": "BOTRO",
        "ADM2_PCODE": "CI1102",
        "ADM3_FR": "KROFOINSOU",
        "ADM3_PCODE": "CI110203",
        "ADM4_FR": "N'GUESSAN-KANKRO",
        "ADM4_PCODE": "CIV6131",
        "centerLat": 7.959492099,
        "centerLng": -5.3170579,
        "pop": 1727,
        "score": 1727,
        "whiteLoc": 1
      },
      "id": 618
    },
    {
      "type": "Feature",
      "geometry": {
        "coordinates": [
          -3.831669935,
          7.052293223
        ],
        "type": "Point"
      },
      "properties": {
        "ADM0_FR": "LACS",
        "ADM0_PCODE": "CI07",
        "ADM1_FR": "IFFOU",
        "ADM1_PCODE": "CI119",
        "ADM2_FR": "DAOUKRO",
        "ADM2_PCODE": "CI1901",
        "ADM3_FR": "DAOUKRO",
        "ADM3_PCODE": "CI190103",
        "ADM4_FR": "N'GUESSANKRO",
        "ADM4_PCODE": "CIV6136",
        "centerLat": 7.052293223,
        "centerLng": -3.831669935,
        "pop": 2423,
        "score": 2423,
        "whiteLoc": 1
      },
      "id": 619
    },
    {
      "type": "Feature",
      "geometry": {
        "coordinates": [
          -5.593519617,
          6.567392774
        ],
        "type": "Point"
      },
      "properties": {
        "ADM0_FR": "SASSANDRA-MARAHOUE",
        "ADM0_PCODE": "CI10",
        "ADM1_FR": "MARAHOUE",
        "ADM1_PCODE": "CI123",
        "ADM2_FR": "SINFRA",
        "ADM2_PCODE": "CI2302",
        "ADM3_FR": "KONONFLA",
        "ADM3_PCODE": "CI230203",
        "ADM4_FR": "NIAMIENKONANKRO",
        "ADM4_PCODE": "CIV6172",
        "centerLat": 6.567392774,
        "centerLng": -5.593519617,
        "pop": 1084,
        "score": 1084,
        "whiteLoc": 1
      },
      "id": 620
    },
    {
      "type": "Feature",
      "geometry": {
        "coordinates": [
          -4.923594001,
          7.539689348
        ],
        "type": "Point"
      },
      "properties": {
        "ADM0_FR": "VALLEE DU BANDAMA",
        "ADM0_PCODE": "CI12",
        "ADM1_FR": "GBEKE",
        "ADM1_PCODE": "CI111",
        "ADM2_FR": "BOUAKE",
        "ADM2_PCODE": "CI1103",
        "ADM3_FR": "BOUAKE",
        "ADM3_PCODE": "CI110301",
        "ADM4_FR": "NIAMOUTIEKRO",
        "ADM4_PCODE": "CIV6181",
        "centerLat": 7.539689348,
        "centerLng": -4.923594001,
        "pop": 593,
        "score": 593,
        "whiteLoc": 1
      },
      "id": 621
    },
    {
      "type": "Feature",
      "geometry": {
        "coordinates": [
          -7.53595375,
          8.833447215
        ],
        "type": "Point"
      },
      "properties": {
        "ADM0_FR": "WOROBA",
        "ADM0_PCODE": "CI13",
        "ADM1_FR": "BAFING",
        "ADM1_PCODE": "CI104",
        "ADM2_FR": "KORO",
        "ADM2_PCODE": "CI0401",
        "ADM3_FR": "BOROTOU",
        "ADM3_PCODE": "CI040103",
        "ADM4_FR": "NIAMOUTOU",
        "ADM4_PCODE": "CIV6182",
        "centerLat": 8.833447215,
        "centerLng": -7.53595375,
        "pop": 783,
        "score": 783,
        "whiteLoc": 1
      },
      "id": 622
    },
    {
      "type": "Feature",
      "geometry": {
        "coordinates": [
          -3.430696527,
          9.736267553
        ],
        "type": "Point"
      },
      "properties": {
        "ADM0_FR": "ZANZAN",
        "ADM0_PCODE": "CI14",
        "ADM1_FR": "BOUNKANI",
        "ADM1_PCODE": "CI108",
        "ADM2_FR": "DOROPO",
        "ADM2_PCODE": "CI0802",
        "ADM3_FR": "DOROPO",
        "ADM3_PCODE": "CI080202",
        "ADM4_FR": "NIANDO-TINKOI",
        "ADM4_PCODE": "CIV6192",
        "centerLat": 9.736267553,
        "centerLng": -3.430696527,
        "pop": 459,
        "score": 459,
        "whiteLoc": 1
      },
      "id": 623
    },
    {
      "type": "Feature",
      "geometry": {
        "coordinates": [
          -4.677685503,
          9.313761803
        ],
        "type": "Point"
      },
      "properties": {
        "ADM0_FR": "SAVANES",
        "ADM0_PCODE": "CI11",
        "ADM1_FR": "TCHOLOGO",
        "ADM1_PCODE": "CI131",
        "ADM2_FR": "KONG",
        "ADM2_PCODE": "CI3102",
        "ADM3_FR": "KONG",
        "ADM3_PCODE": "CI310201",
        "ADM4_FR": "NIANGBAKALA",
        "ADM4_PCODE": "CIV6194",
        "centerLat": 9.313761803,
        "centerLng": -4.677685503,
        "pop": 814,
        "score": 814,
        "whiteLoc": 1
      },
      "id": 624
    },
    {
      "type": "Feature",
      "geometry": {
        "coordinates": [
          -5.964484231,
          8.323801546
        ],
        "type": "Point"
      },
      "properties": {
        "ADM0_FR": "WOROBA",
        "ADM0_PCODE": "CI13",
        "ADM1_FR": "BERE",
        "ADM1_PCODE": "CI107",
        "ADM2_FR": "MANKONO",
        "ADM2_PCODE": "CI0703",
        "ADM3_FR": "MARANDALAH",
        "ADM3_PCODE": "CI070303",
        "ADM4_FR": "NIANKABI-SATAMA-TABAKORO",
        "ADM4_PCODE": "CIV6209",
        "centerLat": 8.323801546,
        "centerLng": -5.964484231,
        "pop": 1348,
        "score": 1348,
        "whiteLoc": 1
      },
      "id": 625
    },
    {
      "type": "Feature",
      "geometry": {
        "coordinates": [
          -7.0800236,
          9.2619782
        ],
        "type": "Point"
      },
      "properties": {
        "ADM0_FR": "DENGUELE",
        "ADM0_PCODE": "CI03",
        "ADM1_FR": "KABADOUGOU",
        "ADM1_PCODE": "CI121",
        "ADM2_FR": "SEGUELON",
        "ADM2_PCODE": "CI2105",
        "ADM3_FR": "SEGUELON",
        "ADM3_PCODE": "CI210501",
        "ADM4_FR": "NIANZONGO",
        "ADM4_PCODE": "CIV6214",
        "centerLat": 9.2619782,
        "centerLng": -7.0800236,
        "pop": 760,
        "score": 760,
        "whiteLoc": 1
      },
      "id": 626
    },
    {
      "type": "Feature",
      "geometry": {
        "coordinates": [
          -7.463673063,
          8.656020948
        ],
        "type": "Point"
      },
      "properties": {
        "ADM0_FR": "WOROBA",
        "ADM0_PCODE": "CI13",
        "ADM1_FR": "BAFING",
        "ADM1_PCODE": "CI104",
        "ADM2_FR": "KORO",
        "ADM2_PCODE": "CI0401",
        "ADM3_FR": "KORO",
        "ADM3_PCODE": "CI040101",
        "ADM4_FR": "NIBILA",
        "ADM4_PCODE": "CIV6222",
        "centerLat": 8.656020948,
        "centerLng": -7.463673063,
        "pop": 578,
        "score": 578,
        "whiteLoc": 1
      },
      "id": 627
    },
    {
      "type": "Feature",
      "geometry": {
        "coordinates": [
          -6.444057387,
          8.240737029
        ],
        "type": "Point"
      },
      "properties": {
        "ADM0_FR": "WOROBA",
        "ADM0_PCODE": "CI13",
        "ADM1_FR": "WORODOUGOU",
        "ADM1_PCODE": "CI133",
        "ADM2_FR": "SEGUELA",
        "ADM2_PCODE": "CI3302",
        "ADM3_FR": "BOBI",
        "ADM3_PCODE": "CI330202",
        "ADM4_FR": "NIEOU",
        "ADM4_PCODE": "CIV6243",
        "centerLat": 8.240737029,
        "centerLng": -6.444057387,
        "pop": 650,
        "score": 650,
        "whiteLoc": 1
      },
      "id": 628
    },
    {
      "type": "Feature",
      "geometry": {
        "coordinates": [
          -5.067161356,
          8.940553547
        ],
        "type": "Point"
      },
      "properties": {
        "ADM0_FR": "VALLEE DU BANDAMA",
        "ADM0_PCODE": "CI12",
        "ADM1_FR": "HAMBOL",
        "ADM1_PCODE": "CI117",
        "ADM2_FR": "NIAKARAMADOUGOU",
        "ADM2_PCODE": "CI1703",
        "ADM3_FR": "NIEDEKAHA",
        "ADM3_PCODE": "CI170304",
        "ADM4_FR": "NIERETENKAHA",
        "ADM4_PCODE": "CIV6244",
        "centerLat": 8.940553547,
        "centerLng": -5.067161356,
        "pop": 455,
        "score": 455,
        "whiteLoc": 1
      },
      "id": 629
    },
    {
      "type": "Feature",
      "geometry": {
        "coordinates": [
          -7.452713892,
          4.638157839
        ],
        "type": "Point"
      },
      "properties": {
        "ADM0_FR": "BAS-SASSANDRA",
        "ADM0_PCODE": "CI01",
        "ADM1_FR": "SAN-PEDRO",
        "ADM1_PCODE": "CI129",
        "ADM2_FR": "TABOU",
        "ADM2_PCODE": "CI2902",
        "ADM3_FR": "OLODIO",
        "ADM3_PCODE": "CI290206",
        "ADM4_FR": "NIRO",
        "ADM4_PCODE": "CIV6283",
        "centerLat": 4.638157839,
        "centerLng": -7.452713892,
        "pop": 229,
        "score": 229,
        "whiteLoc": 1
      },
      "id": 630
    },
    {
      "type": "Feature",
      "geometry": {
        "coordinates": [
          -3.325871448,
          9.534079083
        ],
        "type": "Point"
      },
      "properties": {
        "ADM0_FR": "ZANZAN",
        "ADM0_PCODE": "CI14",
        "ADM1_FR": "BOUNKANI",
        "ADM1_PCODE": "CI108",
        "ADM2_FR": "DOROPO",
        "ADM2_PCODE": "CI0802",
        "ADM3_FR": "DOROPO",
        "ADM3_PCODE": "CI080202",
        "ADM4_FR": "NOFARDOUO",
        "ADM4_PCODE": "CIV6295",
        "centerLat": 9.534079083,
        "centerLng": -3.325871448,
        "pop": 152,
        "score": 152,
        "whiteLoc": 1
      },
      "id": 631
    },
    {
      "type": "Feature",
      "geometry": {
        "coordinates": [
          -3.432153967,
          9.803043706
        ],
        "type": "Point"
      },
      "properties": {
        "ADM0_FR": "ZANZAN",
        "ADM0_PCODE": "CI14",
        "ADM1_FR": "BOUNKANI",
        "ADM1_PCODE": "CI108",
        "ADM2_FR": "DOROPO",
        "ADM2_PCODE": "CI0802",
        "ADM3_FR": "DOROPO",
        "ADM3_PCODE": "CI080202",
        "ADM4_FR": "NOGATEDOUO",
        "ADM4_PCODE": "CIV6298",
        "centerLat": 9.803043706,
        "centerLng": -3.432153967,
        "pop": 93,
        "score": 93,
        "whiteLoc": 1
      },
      "id": 632
    },
    {
      "type": "Feature",
      "geometry": {
        "coordinates": [
          -3.482256979,
          9.682936376
        ],
        "type": "Point"
      },
      "properties": {
        "ADM0_FR": "ZANZAN",
        "ADM0_PCODE": "CI14",
        "ADM1_FR": "BOUNKANI",
        "ADM1_PCODE": "CI108",
        "ADM2_FR": "DOROPO",
        "ADM2_PCODE": "CI0802",
        "ADM3_FR": "NIAMOUE",
        "ADM3_PCODE": "CI080204",
        "ADM4_FR": "NOMI-BOURIE",
        "ADM4_PCODE": "CIV6308",
        "centerLat": 9.682936376,
        "centerLng": -3.482256979,
        "pop": 432,
        "score": 432,
        "whiteLoc": 1
      },
      "id": 633
    },
    {
      "type": "Feature",
      "geometry": {
        "coordinates": [
          -5.497239923,
          9.71872263
        ],
        "type": "Point"
      },
      "properties": {
        "ADM0_FR": "SAVANES",
        "ADM0_PCODE": "CI11",
        "ADM1_FR": "PORO",
        "ADM1_PCODE": "CI128",
        "ADM2_FR": "KORHOGO",
        "ADM2_PCODE": "CI2802",
        "ADM3_FR": "LATAHA",
        "ADM3_PCODE": "CI280209",
        "ADM4_FR": "NOMPLEVOGO",
        "ADM4_PCODE": "CIV6311",
        "centerLat": 9.71872263,
        "centerLng": -5.497239923,
        "pop": 80,
        "score": 80,
        "whiteLoc": 1
      },
      "id": 634
    },
    {
      "type": "Feature",
      "geometry": {
        "coordinates": [
          -5.478941335,
          9.262460007
        ],
        "type": "Point"
      },
      "properties": {
        "ADM0_FR": "SAVANES",
        "ADM0_PCODE": "CI11",
        "ADM1_FR": "PORO",
        "ADM1_PCODE": "CI128",
        "ADM2_FR": "KORHOGO",
        "ADM2_PCODE": "CI2802",
        "ADM3_FR": "NAPIEOLEDOUGOU",
        "ADM3_PCODE": "CI280212",
        "ADM4_FR": "NONGOFIONKAHA",
        "ADM4_PCODE": "CIV6316",
        "centerLat": 9.262460007,
        "centerLng": -5.478941335,
        "pop": 147,
        "score": 147,
        "whiteLoc": 1
      },
      "id": 635
    },
    {
      "type": "Feature",
      "geometry": {
        "coordinates": [
          -5.838069733,
          10.158345273
        ],
        "type": "Point"
      },
      "properties": {
        "ADM0_FR": "SAVANES",
        "ADM0_PCODE": "CI11",
        "ADM1_FR": "PORO",
        "ADM1_PCODE": "CI128",
        "ADM2_FR": "M'BENGUE",
        "ADM2_PCODE": "CI2803",
        "ADM3_FR": "BOUGOU",
        "ADM3_PCODE": "CI280302",
        "ADM4_FR": "NONGON",
        "ADM4_PCODE": "CIV6319",
        "centerLat": 10.158345273,
        "centerLng": -5.838069733,
        "pop": 1325,
        "score": 1325,
        "whiteLoc": 1
      },
      "id": 636
    },
    {
      "type": "Feature",
      "geometry": {
        "coordinates": [
          -5.577810751,
          9.6701244
        ],
        "type": "Point"
      },
      "properties": {
        "ADM0_FR": "SAVANES",
        "ADM0_PCODE": "CI11",
        "ADM1_FR": "PORO",
        "ADM1_PCODE": "CI128",
        "ADM2_FR": "KORHOGO",
        "ADM2_PCODE": "CI2802",
        "ADM3_FR": "LATAHA",
        "ADM3_PCODE": "CI280209",
        "ADM4_FR": "NONLOUROUGOVOGO",
        "ADM4_PCODE": "CIV6331",
        "centerLat": 9.6701244,
        "centerLng": -5.577810751,
        "pop": 157,
        "score": 157,
        "whiteLoc": 1
      },
      "id": 637
    },
    {
      "type": "Feature",
      "geometry": {
        "coordinates": [
          -2.9664972,
          9.1516701
        ],
        "type": "Point"
      },
      "properties": {
        "ADM0_FR": "ZANZAN",
        "ADM0_PCODE": "CI14",
        "ADM1_FR": "BOUNKANI",
        "ADM1_PCODE": "CI108",
        "ADM2_FR": "BOUNA",
        "ADM2_PCODE": "CI0801",
        "ADM3_FR": "BOUNA",
        "ADM3_PCODE": "CI080102",
        "ADM4_FR": "NOPARADOUO",
        "ADM4_PCODE": "CIV6335",
        "centerLat": 9.1516701,
        "centerLng": -2.9664972,
        "pop": 279,
        "score": 279,
        "whiteLoc": 1
      },
      "id": 638
    },
    {
      "type": "Feature",
      "geometry": {
        "coordinates": [
          -3.65296578,
          7.425423052
        ],
        "type": "Point"
      },
      "properties": {
        "ADM0_FR": "LACS",
        "ADM0_PCODE": "CI07",
        "ADM1_FR": "IFFOU",
        "ADM1_PCODE": "CI119",
        "ADM2_FR": "DAOUKRO",
        "ADM2_PCODE": "CI1901",
        "ADM3_FR": "SAMANZA",
        "ADM3_PCODE": "CI190107",
        "ADM4_FR": "NOUFFOUKRO",
        "ADM4_PCODE": "CIV6344",
        "centerLat": 7.425423052,
        "centerLng": -3.65296578,
        "pop": 723,
        "score": 723,
        "whiteLoc": 1
      },
      "id": 639
    },
    {
      "type": "Feature",
      "geometry": {
        "coordinates": [
          -6.057058101,
          9.346826473
        ],
        "type": "Point"
      },
      "properties": {
        "ADM0_FR": "SAVANES",
        "ADM0_PCODE": "CI11",
        "ADM1_FR": "PORO",
        "ADM1_PCODE": "CI128",
        "ADM2_FR": "KORHOGO",
        "ADM2_PCODE": "CI2802",
        "ADM3_FR": "SIRASSO",
        "ADM3_PCODE": "CI280214",
        "ADM4_FR": "NOUHOUO",
        "ADM4_PCODE": "CIV6350",
        "centerLat": 9.346826473,
        "centerLng": -6.057058101,
        "pop": 451,
        "score": 451,
        "whiteLoc": 1
      },
      "id": 640
    },
    {
      "type": "Feature",
      "geometry": {
        "coordinates": [
          -4.913683714,
          5.147282333
        ],
        "type": "Point"
      },
      "properties": {
        "ADM0_FR": "LAGUNES",
        "ADM0_PCODE": "CI08",
        "ADM1_FR": "GRANDS-PONTS",
        "ADM1_PCODE": "CI115",
        "ADM2_FR": "GRAND-LAHOU",
        "ADM2_PCODE": "CI1502",
        "ADM3_FR": "TOUKOUZOU",
        "ADM3_PCODE": "CI150205",
        "ADM4_FR": "NOUMOUZOU",
        "ADM4_PCODE": "CIV6357",
        "centerLat": 5.147282333,
        "centerLng": -4.913683714,
        "pop": 348,
        "score": 348,
        "whiteLoc": 1
      },
      "id": 641
    },
    {
      "type": "Feature",
      "geometry": {
        "coordinates": [
          -3.341633883,
          9.684378181
        ],
        "type": "Point"
      },
      "properties": {
        "ADM0_FR": "ZANZAN",
        "ADM0_PCODE": "CI14",
        "ADM1_FR": "BOUNKANI",
        "ADM1_PCODE": "CI108",
        "ADM2_FR": "DOROPO",
        "ADM2_PCODE": "CI0802",
        "ADM3_FR": "DOROPO",
        "ADM3_PCODE": "CI080202",
        "ADM4_FR": "NOUNKOUWOURIDOUO",
        "ADM4_PCODE": "CIV6358",
        "centerLat": 9.684378181,
        "centerLng": -3.341633883,
        "pop": 192,
        "score": 192,
        "whiteLoc": 1
      },
      "id": 642
    },
    {
      "type": "Feature",
      "geometry": {
        "coordinates": [
          -4.0982387,
          9.8242118
        ],
        "type": "Point"
      },
      "properties": {
        "ADM0_FR": "ZANZAN",
        "ADM0_PCODE": "CI14",
        "ADM1_FR": "BOUNKANI",
        "ADM1_PCODE": "CI108",
        "ADM2_FR": "TEHINI",
        "ADM2_PCODE": "CI0804",
        "ADM3_FR": "TOUGBO",
        "ADM3_PCODE": "CI080403",
        "ADM4_FR": "N'TOMPIRA",
        "ADM4_PCODE": "CIV6368",
        "centerLat": 9.8242118,
        "centerLng": -4.0982387,
        "pop": 353,
        "score": 353,
        "whiteLoc": 1
      },
      "id": 643
    },
    {
      "type": "Feature",
      "geometry": {
        "coordinates": [
          -5.28355174,
          6.486202335
        ],
        "type": "Point"
      },
      "properties": {
        "ADM0_FR": "LACS",
        "ADM0_PCODE": "CI07",
        "ADM1_FR": "BELIER",
        "ADM1_PCODE": "CI106",
        "ADM2_FR": "TOUMODI",
        "ADM2_PCODE": "CI0604",
        "ADM3_FR": "KOKUMBO",
        "ADM3_PCODE": "CI060403",
        "ADM4_FR": "N'ZABONOU",
        "ADM4_PCODE": "CIV6372",
        "centerLat": 6.486202335,
        "centerLng": -5.28355174,
        "pop": 285,
        "score": 285,
        "whiteLoc": 1
      },
      "id": 644
    },
    {
      "type": "Feature",
      "geometry": {
        "coordinates": [
          -7.093256892,
          6.822162632
        ],
        "type": "Point"
      },
      "properties": {
        "ADM0_FR": "MONTAGNES",
        "ADM0_PCODE": "CI09",
        "ADM1_FR": "GUEMON",
        "ADM1_PCODE": "CI116",
        "ADM2_FR": "DUEKOUE",
        "ADM2_PCODE": "CI1602",
        "ADM3_FR": "BAGOHOUO",
        "ADM3_PCODE": "CI160201",
        "ADM4_FR": "OKAKRO",
        "ADM4_PCODE": "CIV6422",
        "centerLat": 6.822162632,
        "centerLng": -7.093256892,
        "pop": 321,
        "score": 321,
        "whiteLoc": 1
      },
      "id": 645
    },
    {
      "type": "Feature",
      "geometry": {
        "coordinates": [
          -7.74287338,
          8.363870183
        ],
        "type": "Point"
      },
      "properties": {
        "ADM0_FR": "WOROBA",
        "ADM0_PCODE": "CI13",
        "ADM1_FR": "BAFING",
        "ADM1_PCODE": "CI104",
        "ADM2_FR": "TOUBA",
        "ADM2_PCODE": "CI0403",
        "ADM3_FR": "TOUBA",
        "ADM3_PCODE": "CI040301",
        "ADM4_FR": "OROSSANISSO",
        "ADM4_PCODE": "CIV6451",
        "centerLat": 8.363870183,
        "centerLng": -7.74287338,
        "pop": 480,
        "score": 480,
        "whiteLoc": 1
      },
      "id": 646
    },
    {
      "type": "Feature",
      "geometry": {
        "coordinates": [
          -8.165468071,
          7.445759532
        ],
        "type": "Point"
      },
      "properties": {
        "ADM0_FR": "MONTAGNES",
        "ADM0_PCODE": "CI09",
        "ADM1_FR": "TONKPI",
        "ADM1_PCODE": "CI132",
        "ADM2_FR": "DANANE",
        "ADM2_PCODE": "CI3202",
        "ADM3_FR": "DALEU",
        "ADM3_PCODE": "CI320201",
        "ADM4_FR": "OUA",
        "ADM4_PCODE": "CIV6458",
        "centerLat": 7.445759532,
        "centerLng": -8.165468071,
        "pop": 1301,
        "score": 1301,
        "whiteLoc": 1
      },
      "id": 647
    },
    {
      "type": "Feature",
      "geometry": {
        "coordinates": [
          -5.719245773,
          9.36553829
        ],
        "type": "Point"
      },
      "properties": {
        "ADM0_FR": "SAVANES",
        "ADM0_PCODE": "CI11",
        "ADM1_FR": "PORO",
        "ADM1_PCODE": "CI128",
        "ADM2_FR": "KORHOGO",
        "ADM2_PCODE": "CI2802",
        "ADM3_FR": "TIORONIARADOUGOU",
        "ADM3_PCODE": "CI280216",
        "ADM4_FR": "OUAFOUNGODIEVOGO",
        "ADM4_PCODE": "CIV6460",
        "centerLat": 9.36553829,
        "centerLng": -5.719245773,
        "pop": 76,
        "score": 76,
        "whiteLoc": 1
      },
      "id": 648
    },
    {
      "type": "Feature",
      "geometry": {
        "coordinates": [
          -7.792003323,
          8.007491251
        ],
        "type": "Point"
      },
      "properties": {
        "ADM0_FR": "WOROBA",
        "ADM0_PCODE": "CI13",
        "ADM1_FR": "BAFING",
        "ADM1_PCODE": "CI104",
        "ADM2_FR": "OUANINOU",
        "ADM2_PCODE": "CI0402",
        "ADM3_FR": "GOUEKAN",
        "ADM3_PCODE": "CI040203",
        "ADM4_FR": "OUALOU-GOUEKAN",
        "ADM4_PCODE": "CIV6471",
        "centerLat": 8.007491251,
        "centerLng": -7.792003323,
        "pop": 599,
        "score": 599,
        "whiteLoc": 1
      },
      "id": 649
    },
    {
      "type": "Feature",
      "geometry": {
        "coordinates": [
          -2.975309793,
          9.581934827
        ],
        "type": "Point"
      },
      "properties": {
        "ADM0_FR": "ZANZAN",
        "ADM0_PCODE": "CI14",
        "ADM1_FR": "BOUNKANI",
        "ADM1_PCODE": "CI108",
        "ADM2_FR": "DOROPO",
        "ADM2_PCODE": "CI0802",
        "ADM3_FR": "DANOA",
        "ADM3_PCODE": "CI080201",
        "ADM4_FR": "OUANANDJIDOUO",
        "ADM4_PCODE": "CIV6477",
        "centerLat": 9.581934827,
        "centerLng": -2.975309793,
        "pop": 555,
        "score": 555,
        "whiteLoc": 1
      },
      "id": 650
    },
    {
      "type": "Feature",
      "geometry": {
        "coordinates": [
          -2.960580134,
          9.584519684
        ],
        "type": "Point"
      },
      "properties": {
        "ADM0_FR": "ZANZAN",
        "ADM0_PCODE": "CI14",
        "ADM1_FR": "BOUNKANI",
        "ADM1_PCODE": "CI108",
        "ADM2_FR": "DOROPO",
        "ADM2_PCODE": "CI0802",
        "ADM3_FR": "DANOA",
        "ADM3_PCODE": "CI080201",
        "ADM4_FR": "OUANTIETIEDOUO(N'KANORA)",
        "ADM4_PCODE": "CIV6494",
        "centerLat": 9.584519684,
        "centerLng": -2.960580134,
        "pop": 330,
        "score": 330,
        "whiteLoc": 1
      },
      "id": 651
    },
    {
      "type": "Feature",
      "geometry": {
        "coordinates": [
          -7.557798081,
          8.744224115
        ],
        "type": "Point"
      },
      "properties": {
        "ADM0_FR": "WOROBA",
        "ADM0_PCODE": "CI13",
        "ADM1_FR": "BAFING",
        "ADM1_PCODE": "CI104",
        "ADM2_FR": "KORO",
        "ADM2_PCODE": "CI0401",
        "ADM3_FR": "BOROTOU",
        "ADM3_PCODE": "CI040103",
        "ADM4_FR": "OUASSIKO",
        "ADM4_PCODE": "CIV6505",
        "centerLat": 8.744224115,
        "centerLng": -7.557798081,
        "pop": 188,
        "score": 188,
        "whiteLoc": 1
      },
      "id": 652
    },
    {
      "type": "Feature",
      "geometry": {
        "coordinates": [
          -7.099255213,
          8.062755195
        ],
        "type": "Point"
      },
      "properties": {
        "ADM0_FR": "WOROBA",
        "ADM0_PCODE": "CI13",
        "ADM1_FR": "WORODOUGOU",
        "ADM1_PCODE": "CI133",
        "ADM2_FR": "SEGUELA",
        "ADM2_PCODE": "CI3302",
        "ADM3_FR": "SIFIE",
        "ADM3_PCODE": "CI330206",
        "ADM4_FR": "OUATTARASSO",
        "ADM4_PCODE": "CIV6511",
        "centerLat": 8.062755195,
        "centerLng": -7.099255213,
        "pop": 308,
        "score": 308,
        "whiteLoc": 1
      },
      "id": 653
    },
    {
      "type": "Feature",
      "geometry": {
        "coordinates": [
          -7.91320693,
          8.934676827
        ],
        "type": "Point"
      },
      "properties": {
        "ADM0_FR": "WOROBA",
        "ADM0_PCODE": "CI13",
        "ADM1_FR": "BAFING",
        "ADM1_PCODE": "CI104",
        "ADM2_FR": "KORO",
        "ADM2_PCODE": "CI0401",
        "ADM3_FR": "BOOKO",
        "ADM3_PCODE": "CI040102",
        "ADM4_FR": "OUAYERE",
        "ADM4_PCODE": "CIV6514",
        "centerLat": 8.934676827,
        "centerLng": -7.91320693,
        "pop": 530,
        "score": 530,
        "whiteLoc": 1
      },
      "id": 654
    },
    {
      "type": "Feature",
      "geometry": {
        "coordinates": [
          -7.16277312,
          8.250215311
        ],
        "type": "Point"
      },
      "properties": {
        "ADM0_FR": "WOROBA",
        "ADM0_PCODE": "CI13",
        "ADM1_FR": "BAFING",
        "ADM1_PCODE": "CI104",
        "ADM2_FR": "TOUBA",
        "ADM2_PCODE": "CI0403",
        "ADM3_FR": "GUINTEGUELA",
        "ADM3_PCODE": "CI040304",
        "ADM4_FR": "OUEBASSO",
        "ADM4_PCODE": "CIV6519",
        "centerLat": 8.250215311,
        "centerLng": -7.16277312,
        "pop": 2270,
        "score": 2270,
        "whiteLoc": 1
      },
      "id": 655
    },
    {
      "type": "Feature",
      "geometry": {
        "coordinates": [
          -7.381261939,
          4.505792694
        ],
        "type": "Point"
      },
      "properties": {
        "ADM0_FR": "BAS-SASSANDRA",
        "ADM0_PCODE": "CI01",
        "ADM1_FR": "SAN-PEDRO",
        "ADM1_PCODE": "CI129",
        "ADM2_FR": "TABOU",
        "ADM2_PCODE": "CI2902",
        "ADM3_FR": "OLODIO",
        "ADM3_PCODE": "CI290206",
        "ADM4_FR": "OUEDEBO",
        "ADM4_PCODE": "CIV6522",
        "centerLat": 4.505792694,
        "centerLng": -7.381261939,
        "pop": 877,
        "score": 877,
        "whiteLoc": 1
      },
      "id": 656
    },
    {
      "type": "Feature",
      "geometry": {
        "coordinates": [
          -7.589630574,
          4.822107734
        ],
        "type": "Point"
      },
      "properties": {
        "ADM0_FR": "BAS-SASSANDRA",
        "ADM0_PCODE": "CI01",
        "ADM1_FR": "SAN-PEDRO",
        "ADM1_PCODE": "CI129",
        "ADM2_FR": "TABOU",
        "ADM2_PCODE": "CI2902",
        "ADM3_FR": "GRABO",
        "ADM3_PCODE": "CI290205",
        "ADM4_FR": "OUESSETO",
        "ADM4_PCODE": "CIV6540",
        "centerLat": 4.822107734,
        "centerLng": -7.589630574,
        "pop": 171,
        "score": 171,
        "whiteLoc": 1
      },
      "id": 657
    },
    {
      "type": "Feature",
      "geometry": {
        "coordinates": [
          -4.798555361,
          7.491368082
        ],
        "type": "Point"
      },
      "properties": {
        "ADM0_FR": "LACS",
        "ADM0_PCODE": "CI07",
        "ADM1_FR": "BELIER",
        "ADM1_PCODE": "CI106",
        "ADM2_FR": "DIDIEVI",
        "ADM2_PCODE": "CI0601",
        "ADM3_FR": "TIE-N'DIEKRO",
        "ADM3_PCODE": "CI060105",
        "ADM4_FR": "OUFFOUEKRO",
        "ADM4_PCODE": "CIV6543",
        "centerLat": 7.491368082,
        "centerLng": -4.798555361,
        "pop": 490,
        "score": 490,
        "whiteLoc": 1
      },
      "id": 658
    },
    {
      "type": "Feature",
      "geometry": {
        "coordinates": [
          -7.825875102,
          7.057689813
        ],
        "type": "Point"
      },
      "properties": {
        "ADM0_FR": "MONTAGNES",
        "ADM0_PCODE": "CI09",
        "ADM1_FR": "TONKPI",
        "ADM1_PCODE": "CI132",
        "ADM2_FR": "MAN",
        "ADM2_PCODE": "CI3203",
        "ADM3_FR": "PODIAGOUINE",
        "ADM3_PCODE": "CI320306",
        "ADM4_FR": "OULAI YAOPLEU",
        "ADM4_PCODE": "CIV6549",
        "centerLat": 7.057689813,
        "centerLng": -7.825875102,
        "pop": 1856,
        "score": 1856,
        "whiteLoc": 1
      },
      "id": 659
    },
    {
      "type": "Feature",
      "geometry": {
        "coordinates": [
          -8.2841924,
          7.275503118
        ],
        "type": "Point"
      },
      "properties": {
        "ADM0_FR": "MONTAGNES",
        "ADM0_PCODE": "CI09",
        "ADM1_FR": "TONKPI",
        "ADM1_PCODE": "CI132",
        "ADM2_FR": "DANANE",
        "ADM2_PCODE": "CI3202",
        "ADM3_FR": "KOUAN-HOULE",
        "ADM3_PCODE": "CI320204",
        "ADM4_FR": "OUMPLEUPLEU",
        "ADM4_PCODE": "CIV6560",
        "centerLat": 7.275503118,
        "centerLng": -8.2841924,
        "pop": 666,
        "score": 666,
        "whiteLoc": 1
      },
      "id": 660
    },
    {
      "type": "Feature",
      "geometry": {
        "coordinates": [
          -3.174829847,
          9.37963117
        ],
        "type": "Point"
      },
      "properties": {
        "ADM0_FR": "ZANZAN",
        "ADM0_PCODE": "CI14",
        "ADM1_FR": "BOUNKANI",
        "ADM1_PCODE": "CI108",
        "ADM2_FR": "BOUNA",
        "ADM2_PCODE": "CI0801",
        "ADM3_FR": "BOUKO",
        "ADM3_PCODE": "CI080101",
        "ADM4_FR": "OUNANKODOUO",
        "ADM4_PCODE": "CIV6563",
        "centerLat": 9.37963117,
        "centerLng": -3.174829847,
        "pop": 216,
        "score": 216,
        "whiteLoc": 1
      },
      "id": 661
    },
    {
      "type": "Feature",
      "geometry": {
        "coordinates": [
          -7.4341908,
          7.6545973
        ],
        "type": "Point"
      },
      "properties": {
        "ADM0_FR": "MONTAGNES",
        "ADM0_PCODE": "CI09",
        "ADM1_FR": "TONKPI",
        "ADM1_PCODE": "CI132",
        "ADM2_FR": "BIANKOUMA",
        "ADM2_PCODE": "CI3201",
        "ADM3_FR": "GBONNE",
        "ADM3_PCODE": "CI320104",
        "ADM4_FR": "OUODIE 1",
        "ADM4_PCODE": "CIV6566",
        "centerLat": 7.6545973,
        "centerLng": -7.4341908,
        "pop": 54,
        "score": 54,
        "whiteLoc": 1
      },
      "id": 662
    },
    {
      "type": "Feature",
      "geometry": {
        "coordinates": [
          -4.427172118,
          7.921652394
        ],
        "type": "Point"
      },
      "properties": {
        "ADM0_FR": "VALLEE DU BANDAMA",
        "ADM0_PCODE": "CI12",
        "ADM1_FR": "HAMBOL",
        "ADM1_PCODE": "CI117",
        "ADM2_FR": "DABAKALA",
        "ADM2_PCODE": "CI1701",
        "ADM3_FR": "SATAMA-SOKOURA",
        "ADM3_PCODE": "CI170107",
        "ADM4_FR": "OUROGNAGBELE",
        "ADM4_PCODE": "CIV6585",
        "centerLat": 7.921652394,
        "centerLng": -4.427172118,
        "pop": 621,
        "score": 621,
        "whiteLoc": 1
      },
      "id": 663
    },
    {
      "type": "Feature",
      "geometry": {
        "coordinates": [
          -7.730175935,
          8.816311576
        ],
        "type": "Point"
      },
      "properties": {
        "ADM0_FR": "WOROBA",
        "ADM0_PCODE": "CI13",
        "ADM1_FR": "BAFING",
        "ADM1_PCODE": "CI104",
        "ADM2_FR": "KORO",
        "ADM2_PCODE": "CI0401",
        "ADM3_FR": "BOOKO",
        "ADM3_PCODE": "CI040102",
        "ADM4_FR": "OUROSSANISSO",
        "ADM4_PCODE": "CIV6587",
        "centerLat": 8.816311576,
        "centerLng": -7.730175935,
        "pop": 927,
        "score": 927,
        "whiteLoc": 1
      },
      "id": 664
    },
    {
      "type": "Feature",
      "geometry": {
        "coordinates": [
          -8.376389114,
          6.399149229
        ],
        "type": "Point"
      },
      "properties": {
        "ADM0_FR": "MONTAGNES",
        "ADM0_PCODE": "CI09",
        "ADM1_FR": "CAVALLY",
        "ADM1_PCODE": "CI109",
        "ADM2_FR": "TOULEPLEU",
        "ADM2_PCODE": "CI0904",
        "ADM3_FR": "MEO",
        "ADM3_PCODE": "CI090403",
        "ADM4_FR": "PAHOUBLI",
        "ADM4_PCODE": "CIV6607",
        "centerLat": 6.399149229,
        "centerLng": -8.376389114,
        "pop": 4713,
        "score": 4713,
        "whiteLoc": 1
      },
      "id": 665
    },
    {
      "type": "Feature",
      "geometry": {
        "coordinates": [
          -4.400053099,
          8.508950912
        ],
        "type": "Point"
      },
      "properties": {
        "ADM0_FR": "VALLEE DU BANDAMA",
        "ADM0_PCODE": "CI12",
        "ADM1_FR": "HAMBOL",
        "ADM1_PCODE": "CI117",
        "ADM2_FR": "DABAKALA",
        "ADM2_PCODE": "CI1701",
        "ADM3_FR": "DABAKALA",
        "ADM3_PCODE": "CI170103",
        "ADM4_FR": "PANAGANA",
        "ADM4_PCODE": "CIV6621",
        "centerLat": 8.508950912,
        "centerLng": -4.400053099,
        "pop": 715,
        "score": 715,
        "whiteLoc": 1
      },
      "id": 666
    },
    {
      "type": "Feature",
      "geometry": {
        "coordinates": [
          -3.334456883,
          9.564843908
        ],
        "type": "Point"
      },
      "properties": {
        "ADM0_FR": "ZANZAN",
        "ADM0_PCODE": "CI14",
        "ADM1_FR": "BOUNKANI",
        "ADM1_PCODE": "CI108",
        "ADM2_FR": "DOROPO",
        "ADM2_PCODE": "CI0802",
        "ADM3_FR": "DOROPO",
        "ADM3_PCODE": "CI080202",
        "ADM4_FR": "PARANKOYEDOUO",
        "ADM4_PCODE": "CIV6641",
        "centerLat": 9.564843908,
        "centerLng": -3.334456883,
        "pop": 262,
        "score": 262,
        "whiteLoc": 1
      },
      "id": 667
    },
    {
      "type": "Feature",
      "geometry": {
        "coordinates": [
          -7.557176002,
          4.472710282
        ],
        "type": "Point"
      },
      "properties": {
        "ADM0_FR": "BAS-SASSANDRA",
        "ADM0_PCODE": "CI01",
        "ADM1_FR": "SAN-PEDRO",
        "ADM1_PCODE": "CI129",
        "ADM2_FR": "TABOU",
        "ADM2_PCODE": "CI2902",
        "ADM3_FR": "DJAMANDIOKE",
        "ADM3_PCODE": "CI290203",
        "ADM4_FR": "PATA-IDIE",
        "ADM4_PCODE": "CIV6646",
        "centerLat": 4.472710282,
        "centerLng": -7.557176002,
        "pop": 1080,
        "score": 1080,
        "whiteLoc": 1
      },
      "id": 668
    },
    {
      "type": "Feature",
      "geometry": {
        "coordinates": [
          -5.49229334,
          9.272848354
        ],
        "type": "Point"
      },
      "properties": {
        "ADM0_FR": "SAVANES",
        "ADM0_PCODE": "CI11",
        "ADM1_FR": "PORO",
        "ADM1_PCODE": "CI128",
        "ADM2_FR": "KORHOGO",
        "ADM2_PCODE": "CI2802",
        "ADM3_FR": "NAPIEOLEDOUGOU",
        "ADM3_PCODE": "CI280212",
        "ADM4_FR": "PAVONKAHA",
        "ADM4_PCODE": "CIV6655",
        "centerLat": 9.272848354,
        "centerLng": -5.49229334,
        "pop": 92,
        "score": 92,
        "whiteLoc": 1
      },
      "id": 669
    },
    {
      "type": "Feature",
      "geometry": {
        "coordinates": [
          -3.00564004,
          9.702525175
        ],
        "type": "Point"
      },
      "properties": {
        "ADM0_FR": "ZANZAN",
        "ADM0_PCODE": "CI14",
        "ADM1_FR": "BOUNKANI",
        "ADM1_PCODE": "CI108",
        "ADM2_FR": "DOROPO",
        "ADM2_PCODE": "CI0802",
        "ADM3_FR": "DANOA",
        "ADM3_PCODE": "CI080201",
        "ADM4_FR": "PEDJO",
        "ADM4_PCODE": "CIV6660",
        "centerLat": 9.702525175,
        "centerLng": -3.00564004,
        "pop": 227,
        "score": 227,
        "whiteLoc": 1
      },
      "id": 670
    },
    {
      "type": "Feature",
      "geometry": {
        "coordinates": [
          -8.479776695,
          6.477314523
        ],
        "type": "Point"
      },
      "properties": {
        "ADM0_FR": "MONTAGNES",
        "ADM0_PCODE": "CI09",
        "ADM1_FR": "CAVALLY",
        "ADM1_PCODE": "CI109",
        "ADM2_FR": "TOULEPLEU",
        "ADM2_PCODE": "CI0904",
        "ADM3_FR": "TIOBLY",
        "ADM3_PCODE": "CI090406",
        "ADM4_FR": "PEHEKANHOUEBLI",
        "ADM4_PCODE": "CIV6668",
        "centerLat": 6.477314523,
        "centerLng": -8.479776695,
        "pop": 1090,
        "score": 1090,
        "whiteLoc": 1
      },
      "id": 671
    },
    {
      "type": "Feature",
      "geometry": {
        "coordinates": [
          -5.300378166,
          8.576865501
        ],
        "type": "Point"
      },
      "properties": {
        "ADM0_FR": "VALLEE DU BANDAMA",
        "ADM0_PCODE": "CI12",
        "ADM1_FR": "HAMBOL",
        "ADM1_PCODE": "CI117",
        "ADM2_FR": "NIAKARAMADOUGOU",
        "ADM2_PCODE": "CI1703",
        "ADM3_FR": "NIAKARAMADOUGOU",
        "ADM3_PCODE": "CI170301",
        "ADM4_FR": "PEKAHA",
        "ADM4_PCODE": "CIV6670",
        "centerLat": 8.576865501,
        "centerLng": -5.300378166,
        "pop": 1754,
        "score": 1754,
        "whiteLoc": 1
      },
      "id": 672
    },
    {
      "type": "Feature",
      "geometry": {
        "coordinates": [
          -8.501191844,
          6.472674574
        ],
        "type": "Point"
      },
      "properties": {
        "ADM0_FR": "MONTAGNES",
        "ADM0_PCODE": "CI09",
        "ADM1_FR": "CAVALLY",
        "ADM1_PCODE": "CI109",
        "ADM2_FR": "TOULEPLEU",
        "ADM2_PCODE": "CI0904",
        "ADM3_FR": "TIOBLY",
        "ADM3_PCODE": "CI090406",
        "ADM4_FR": "PEKAN-BARRAGE",
        "ADM4_PCODE": "CIV6671",
        "centerLat": 6.472674574,
        "centerLng": -8.501191844,
        "pop": 240,
        "score": 240,
        "whiteLoc": 1
      },
      "id": 673
    },
    {
      "type": "Feature",
      "geometry": {
        "coordinates": [
          -3.000310255,
          9.357881363
        ],
        "type": "Point"
      },
      "properties": {
        "ADM0_FR": "ZANZAN",
        "ADM0_PCODE": "CI14",
        "ADM1_FR": "BOUNKANI",
        "ADM1_PCODE": "CI108",
        "ADM2_FR": "BOUNA",
        "ADM2_PCODE": "CI0801",
        "ADM3_FR": "BOUNA",
        "ADM3_PCODE": "CI080102",
        "ADM4_FR": "PELEDOUO",
        "ADM4_PCODE": "CIV6673",
        "centerLat": 9.357881363,
        "centerLng": -3.000310255,
        "pop": 122,
        "score": 122,
        "whiteLoc": 1
      },
      "id": 674
    },
    {
      "type": "Feature",
      "geometry": {
        "coordinates": [
          -5.528416846,
          9.337027003
        ],
        "type": "Point"
      },
      "properties": {
        "ADM0_FR": "SAVANES",
        "ADM0_PCODE": "CI11",
        "ADM1_FR": "PORO",
        "ADM1_PCODE": "CI128",
        "ADM2_FR": "KORHOGO",
        "ADM2_PCODE": "CI2802",
        "ADM3_FR": "KARAKORO",
        "ADM3_PCODE": "CI280204",
        "ADM4_FR": "PENATARIKAHA",
        "ADM4_PCODE": "CIV6682",
        "centerLat": 9.337027003,
        "centerLng": -5.528416846,
        "pop": 193,
        "score": 193,
        "whiteLoc": 1
      },
      "id": 675
    },
    {
      "type": "Feature",
      "geometry": {
        "coordinates": [
          -5.489991538,
          9.304274113
        ],
        "type": "Point"
      },
      "properties": {
        "ADM0_FR": "SAVANES",
        "ADM0_PCODE": "CI11",
        "ADM1_FR": "PORO",
        "ADM1_PCODE": "CI128",
        "ADM2_FR": "KORHOGO",
        "ADM2_PCODE": "CI2802",
        "ADM3_FR": "KARAKORO",
        "ADM3_PCODE": "CI280204",
        "ADM4_FR": "PENEFIRGUEKAHA",
        "ADM4_PCODE": "CIV6683",
        "centerLat": 9.304274113,
        "centerLng": -5.489991538,
        "pop": 164,
        "score": 164,
        "whiteLoc": 1
      },
      "id": 676
    },
    {
      "type": "Feature",
      "geometry": {
        "coordinates": [
          -3.219021464,
          9.774039654
        ],
        "type": "Point"
      },
      "properties": {
        "ADM0_FR": "ZANZAN",
        "ADM0_PCODE": "CI14",
        "ADM1_FR": "BOUNKANI",
        "ADM1_PCODE": "CI108",
        "ADM2_FR": "DOROPO",
        "ADM2_PCODE": "CI0802",
        "ADM3_FR": "KALAMON",
        "ADM3_PCODE": "CI080203",
        "ADM4_FR": "PENOUODOUO",
        "ADM4_PCODE": "CIV6685",
        "centerLat": 9.774039654,
        "centerLng": -3.219021464,
        "pop": 293,
        "score": 293,
        "whiteLoc": 1
      },
      "id": 677
    },
    {
      "type": "Feature",
      "geometry": {
        "coordinates": [
          -3.402955479,
          9.75294102
        ],
        "type": "Point"
      },
      "properties": {
        "ADM0_FR": "ZANZAN",
        "ADM0_PCODE": "CI14",
        "ADM1_FR": "BOUNKANI",
        "ADM1_PCODE": "CI108",
        "ADM2_FR": "DOROPO",
        "ADM2_PCODE": "CI0802",
        "ADM3_FR": "DOROPO",
        "ADM3_PCODE": "CI080202",
        "ADM4_FR": "PEOU",
        "ADM4_PCODE": "CIV6686",
        "centerLat": 9.75294102,
        "centerLng": -3.402955479,
        "pop": 92,
        "score": 92,
        "whiteLoc": 1
      },
      "id": 678
    },
    {
      "type": "Feature",
      "geometry": {
        "coordinates": [
          -3.188081191,
          7.428522489
        ],
        "type": "Point"
      },
      "properties": {
        "ADM0_FR": "ZANZAN",
        "ADM0_PCODE": "CI14",
        "ADM1_FR": "GONTOUGO",
        "ADM1_PCODE": "CI114",
        "ADM2_FR": "KOUN-FAO",
        "ADM2_PCODE": "CI1402",
        "ADM3_FR": "KOUN-FAO",
        "ADM3_PCODE": "CI140201",
        "ADM4_FR": "PETIT-ABIDJAN",
        "ADM4_PCODE": "CIV6713",
        "centerLat": 7.428522489,
        "centerLng": -3.188081191,
        "pop": 264,
        "score": 264,
        "whiteLoc": 1
      },
      "id": 679
    },
    {
      "type": "Feature",
      "geometry": {
        "coordinates": [
          -5.573605248,
          6.753983669
        ],
        "type": "Point"
      },
      "properties": {
        "ADM0_FR": "SASSANDRA-MARAHOUE",
        "ADM0_PCODE": "CI10",
        "ADM1_FR": "MARAHOUE",
        "ADM1_PCODE": "CI123",
        "ADM2_FR": "SINFRA",
        "ADM2_PCODE": "CI2302",
        "ADM3_FR": "BAZRE",
        "ADM3_PCODE": "CI230202",
        "ADM4_FR": "PETIT-BOUAKE",
        "ADM4_PCODE": "CIV6717",
        "centerLat": 6.753983669,
        "centerLng": -5.573605248,
        "pop": 1466,
        "score": 1466,
        "whiteLoc": 1
      },
      "id": 680
    },
    {
      "type": "Feature",
      "geometry": {
        "coordinates": [
          -3.181768394,
          7.410382917
        ],
        "type": "Point"
      },
      "properties": {
        "ADM0_FR": "ZANZAN",
        "ADM0_PCODE": "CI14",
        "ADM1_FR": "GONTOUGO",
        "ADM1_PCODE": "CI114",
        "ADM2_FR": "KOUN-FAO",
        "ADM2_PCODE": "CI1402",
        "ADM3_FR": "TANKESSE",
        "ADM3_PCODE": "CI140205",
        "ADM4_FR": "PETIT-BOUAKE",
        "ADM4_PCODE": "CIV6718",
        "centerLat": 7.410382917,
        "centerLng": -3.181768394,
        "pop": 569,
        "score": 569,
        "whiteLoc": 1
      },
      "id": 681
    },
    {
      "type": "Feature",
      "geometry": {
        "coordinates": [
          -5.511658293,
          9.251859259
        ],
        "type": "Point"
      },
      "properties": {
        "ADM0_FR": "SAVANES",
        "ADM0_PCODE": "CI11",
        "ADM1_FR": "PORO",
        "ADM1_PCODE": "CI128",
        "ADM2_FR": "KORHOGO",
        "ADM2_PCODE": "CI2802",
        "ADM3_FR": "NAPIEOLEDOUGOU",
        "ADM3_PCODE": "CI280212",
        "ADM4_FR": "PETOKAHA",
        "ADM4_PCODE": "CIV6729",
        "centerLat": 9.251859259,
        "centerLng": -5.511658293,
        "pop": 78,
        "score": 78,
        "whiteLoc": 1
      },
      "id": 682
    },
    {
      "type": "Feature",
      "geometry": {
        "coordinates": [
          -5.393404042,
          8.807541504
        ],
        "type": "Point"
      },
      "properties": {
        "ADM0_FR": "VALLEE DU BANDAMA",
        "ADM0_PCODE": "CI12",
        "ADM1_FR": "HAMBOL",
        "ADM1_PCODE": "CI117",
        "ADM2_FR": "NIAKARAMADOUGOU",
        "ADM2_PCODE": "CI1703",
        "ADM3_FR": "NIAKARAMADOUGOU",
        "ADM3_PCODE": "CI170301",
        "ADM4_FR": "PETONKAHA",
        "ADM4_PCODE": "CIV6730",
        "centerLat": 8.807541504,
        "centerLng": -5.393404042,
        "pop": 2118,
        "score": 2118,
        "whiteLoc": 1
      },
      "id": 683
    },
    {
      "type": "Feature",
      "geometry": {
        "coordinates": [
          -2.903296961,
          9.3629664
        ],
        "type": "Point"
      },
      "properties": {
        "ADM0_FR": "ZANZAN",
        "ADM0_PCODE": "CI14",
        "ADM1_FR": "BOUNKANI",
        "ADM1_PCODE": "CI108",
        "ADM2_FR": "BOUNA",
        "ADM2_PCODE": "CI0801",
        "ADM3_FR": "BOUNA",
        "ADM3_PCODE": "CI080102",
        "ADM4_FR": "PIDIBOUO(PIDIDOUO)",
        "ADM4_PCODE": "CIV6740",
        "centerLat": 9.3629664,
        "centerLng": -2.903296961,
        "pop": 78,
        "score": 78,
        "whiteLoc": 1
      },
      "id": 684
    },
    {
      "type": "Feature",
      "geometry": {
        "coordinates": [
          -5.495281255,
          9.274078281
        ],
        "type": "Point"
      },
      "properties": {
        "ADM0_FR": "SAVANES",
        "ADM0_PCODE": "CI11",
        "ADM1_FR": "PORO",
        "ADM1_PCODE": "CI128",
        "ADM2_FR": "KORHOGO",
        "ADM2_PCODE": "CI2802",
        "ADM3_FR": "NAPIEOLEDOUGOU",
        "ADM3_PCODE": "CI280212",
        "ADM4_FR": "PIMAKAHA",
        "ADM4_PCODE": "CIV6745",
        "centerLat": 9.274078281,
        "centerLng": -5.495281255,
        "pop": 388,
        "score": 388,
        "whiteLoc": 1
      },
      "id": 685
    },
    {
      "type": "Feature",
      "geometry": {
        "coordinates": [
          -3.215772489,
          9.371298449
        ],
        "type": "Point"
      },
      "properties": {
        "ADM0_FR": "ZANZAN",
        "ADM0_PCODE": "CI14",
        "ADM1_FR": "BOUNKANI",
        "ADM1_PCODE": "CI108",
        "ADM2_FR": "BOUNA",
        "ADM2_PCODE": "CI0801",
        "ADM3_FR": "BOUNA",
        "ADM3_PCODE": "CI080102",
        "ADM4_FR": "PINODOUO",
        "ADM4_PCODE": "CIV6755",
        "centerLat": 9.371298449,
        "centerLng": -3.215772489,
        "pop": 19,
        "score": 19,
        "whiteLoc": 1
      },
      "id": 686
    },
    {
      "type": "Feature",
      "geometry": {
        "coordinates": [
          -7.552564187,
          4.821359489
        ],
        "type": "Point"
      },
      "properties": {
        "ADM0_FR": "BAS-SASSANDRA",
        "ADM0_PCODE": "CI01",
        "ADM1_FR": "SAN-PEDRO",
        "ADM1_PCODE": "CI129",
        "ADM2_FR": "TABOU",
        "ADM2_PCODE": "CI2902",
        "ADM3_FR": "GRABO",
        "ADM3_PCODE": "CI290205",
        "ADM4_FR": "PODOUE",
        "ADM4_PCODE": "CIV6782",
        "centerLat": 4.821359489,
        "centerLng": -7.552564187,
        "pop": 1991,
        "score": 1991,
        "whiteLoc": 1
      },
      "id": 687
    },
    {
      "type": "Feature",
      "geometry": {
        "coordinates": [
          -2.927236761,
          9.140079937
        ],
        "type": "Point"
      },
      "properties": {
        "ADM0_FR": "ZANZAN",
        "ADM0_PCODE": "CI14",
        "ADM1_FR": "BOUNKANI",
        "ADM1_PCODE": "CI108",
        "ADM2_FR": "BOUNA",
        "ADM2_PCODE": "CI0801",
        "ADM3_FR": "ONDEFIDOUO",
        "ADM3_PCODE": "CI080103",
        "ADM4_FR": "POLEDOUO 2",
        "ADM4_PCODE": "CIV6801",
        "centerLat": 9.140079937,
        "centerLng": -2.927236761,
        "pop": 517,
        "score": 517,
        "whiteLoc": 1
      },
      "id": 688
    },
    {
      "type": "Feature",
      "geometry": {
        "coordinates": [
          -4.0970653,
          9.8232047
        ],
        "type": "Point"
      },
      "properties": {
        "ADM0_FR": "ZANZAN",
        "ADM0_PCODE": "CI14",
        "ADM1_FR": "BOUNKANI",
        "ADM1_PCODE": "CI108",
        "ADM2_FR": "TEHINI",
        "ADM2_PCODE": "CI0804",
        "ADM3_FR": "TOUGBO",
        "ADM3_PCODE": "CI080403",
        "ADM4_FR": "PONAMPO",
        "ADM4_PCODE": "CIV6811",
        "centerLat": 9.8232047,
        "centerLng": -4.0970653,
        "pop": 256,
        "score": 256,
        "whiteLoc": 1
      },
      "id": 689
    },
    {
      "type": "Feature",
      "geometry": {
        "coordinates": [
          -6.157559089,
          9.846972355
        ],
        "type": "Point"
      },
      "properties": {
        "ADM0_FR": "SAVANES",
        "ADM0_PCODE": "CI11",
        "ADM1_FR": "BAGOUE",
        "ADM1_PCODE": "CI105",
        "ADM2_FR": "BOUNDIALI",
        "ADM2_PCODE": "CI0501",
        "ADM3_FR": "KASSERE",
        "ADM3_PCODE": "CI050104",
        "ADM4_FR": "PONGAFRE",
        "ADM4_PCODE": "CIV6816",
        "centerLat": 9.846972355,
        "centerLng": -6.157559089,
        "pop": 2595,
        "score": 2595,
        "whiteLoc": 1
      },
      "id": 690
    },
    {
      "type": "Feature",
      "geometry": {
        "coordinates": [
          -3.249234625,
          9.867832301
        ],
        "type": "Point"
      },
      "properties": {
        "ADM0_FR": "ZANZAN",
        "ADM0_PCODE": "CI14",
        "ADM1_FR": "BOUNKANI",
        "ADM1_PCODE": "CI108",
        "ADM2_FR": "DOROPO",
        "ADM2_PCODE": "CI0802",
        "ADM3_FR": "KALAMON",
        "ADM3_PCODE": "CI080203",
        "ADM4_FR": "PONISSEO",
        "ADM4_PCODE": "CIV6820",
        "centerLat": 9.867832301,
        "centerLng": -3.249234625,
        "pop": 403,
        "score": 403,
        "whiteLoc": 1
      },
      "id": 691
    },
    {
      "type": "Feature",
      "geometry": {
        "coordinates": [
          -2.688991396,
          8.403405473
        ],
        "type": "Point"
      },
      "properties": {
        "ADM0_FR": "ZANZAN",
        "ADM0_PCODE": "CI14",
        "ADM1_FR": "GONTOUGO",
        "ADM1_PCODE": "CI114",
        "ADM2_FR": "BONDOUKOU",
        "ADM2_PCODE": "CI1401",
        "ADM3_FR": "TAGADI",
        "ADM3_PCODE": "CI140110",
        "ADM4_FR": "POUGOUBE",
        "ADM4_PCODE": "CIV6838",
        "centerLat": 8.403405473,
        "centerLng": -2.688991396,
        "pop": 2287,
        "score": 2287,
        "whiteLoc": 1
      },
      "id": 692
    },
    {
      "type": "Feature",
      "geometry": {
        "coordinates": [
          -2.966712511,
          8.088151726
        ],
        "type": "Point"
      },
      "properties": {
        "ADM0_FR": "ZANZAN",
        "ADM0_PCODE": "CI14",
        "ADM1_FR": "GONTOUGO",
        "ADM1_PCODE": "CI114",
        "ADM2_FR": "BONDOUKOU",
        "ADM2_PCODE": "CI1401",
        "ADM3_FR": "BONDOUKOU",
        "ADM3_PCODE": "CI140103",
        "ADM4_FR": "POUGOUVAGNE",
        "ADM4_PCODE": "CIV6839",
        "centerLat": 8.088151726,
        "centerLng": -2.966712511,
        "pop": 871,
        "score": 871,
        "whiteLoc": 1
      },
      "id": 693
    },
    {
      "type": "Feature",
      "geometry": {
        "coordinates": [
          -5.069412987,
          9.65860331
        ],
        "type": "Point"
      },
      "properties": {
        "ADM0_FR": "SAVANES",
        "ADM0_PCODE": "CI11",
        "ADM1_FR": "TCHOLOGO",
        "ADM1_PCODE": "CI131",
        "ADM2_FR": "FERKESSEDOUGOU",
        "ADM2_PCODE": "CI3101",
        "ADM3_FR": "FERKESSEDOUGOU",
        "ADM3_PCODE": "CI310101",
        "ADM4_FR": "POULO",
        "ADM4_PCODE": "CIV6840",
        "centerLat": 9.65860331,
        "centerLng": -5.069412987,
        "pop": 1651,
        "score": 1651,
        "whiteLoc": 1
      },
      "id": 694
    },
    {
      "type": "Feature",
      "geometry": {
        "coordinates": [
          -7.380856799,
          4.540395294
        ],
        "type": "Point"
      },
      "properties": {
        "ADM0_FR": "BAS-SASSANDRA",
        "ADM0_PCODE": "CI01",
        "ADM1_FR": "SAN-PEDRO",
        "ADM1_PCODE": "CI129",
        "ADM2_FR": "TABOU",
        "ADM2_PCODE": "CI2902",
        "ADM3_FR": "OLODIO",
        "ADM3_PCODE": "CI290206",
        "ADM4_FR": "POUNIE 1",
        "ADM4_PCODE": "CIV6847",
        "centerLat": 4.540395294,
        "centerLng": -7.380856799,
        "pop": 472,
        "score": 472,
        "whiteLoc": 1
      },
      "id": 695
    },
    {
      "type": "Feature",
      "geometry": {
        "coordinates": [
          -7.387125687,
          4.551722702
        ],
        "type": "Point"
      },
      "properties": {
        "ADM0_FR": "BAS-SASSANDRA",
        "ADM0_PCODE": "CI01",
        "ADM1_FR": "SAN-PEDRO",
        "ADM1_PCODE": "CI129",
        "ADM2_FR": "TABOU",
        "ADM2_PCODE": "CI2902",
        "ADM3_FR": "OLODIO",
        "ADM3_PCODE": "CI290206",
        "ADM4_FR": "POUNIE 2",
        "ADM4_PCODE": "CIV6848",
        "centerLat": 4.551722702,
        "centerLng": -7.387125687,
        "pop": 94,
        "score": 94,
        "whiteLoc": 1
      },
      "id": 696
    },
    {
      "type": "Feature",
      "geometry": {
        "coordinates": [
          -3.202189235,
          9.300412912
        ],
        "type": "Point"
      },
      "properties": {
        "ADM0_FR": "ZANZAN",
        "ADM0_PCODE": "CI14",
        "ADM1_FR": "BOUNKANI",
        "ADM1_PCODE": "CI108",
        "ADM2_FR": "BOUNA",
        "ADM2_PCODE": "CI0801",
        "ADM3_FR": "BOUNA",
        "ADM3_PCODE": "CI080102",
        "ADM4_FR": "PROPERDOUO",
        "ADM4_PCODE": "CIV6866",
        "centerLat": 9.300412912,
        "centerLng": -3.202189235,
        "pop": 265,
        "score": 265,
        "whiteLoc": 1
      },
      "id": 697
    },
    {
      "type": "Feature",
      "geometry": {
        "coordinates": [
          -3.385367915,
          9.877381985
        ],
        "type": "Point"
      },
      "properties": {
        "ADM0_FR": "ZANZAN",
        "ADM0_PCODE": "CI14",
        "ADM1_FR": "BOUNKANI",
        "ADM1_PCODE": "CI108",
        "ADM2_FR": "DOROPO",
        "ADM2_PCODE": "CI0802",
        "ADM3_FR": "DOROPO",
        "ADM3_PCODE": "CI080202",
        "ADM4_FR": "PROURA",
        "ADM4_PCODE": "CIV6869",
        "centerLat": 9.877381985,
        "centerLng": -3.385367915,
        "pop": 754,
        "score": 754,
        "whiteLoc": 1
      },
      "id": 698
    },
    {
      "type": "Feature",
      "geometry": {
        "coordinates": [
          -6.366229094,
          8.346674877
        ],
        "type": "Point"
      },
      "properties": {
        "ADM0_FR": "WOROBA",
        "ADM0_PCODE": "CI13",
        "ADM1_FR": "WORODOUGOU",
        "ADM1_PCODE": "CI133",
        "ADM2_FR": "SEGUELA",
        "ADM2_PCODE": "CI3302",
        "ADM3_FR": "DUALLA",
        "ADM3_PCODE": "CI330203",
        "ADM4_FR": "RANCH DE LA MARAHOUE",
        "ADM4_PCODE": "CIV6876",
        "centerLat": 8.346674877,
        "centerLng": -6.366229094,
        "pop": 550,
        "score": 550,
        "whiteLoc": 1
      },
      "id": 699
    },
    {
      "type": "Feature",
      "geometry": {
        "coordinates": [
          -7.537381927,
          4.608660055
        ],
        "type": "Point"
      },
      "properties": {
        "ADM0_FR": "BAS-SASSANDRA",
        "ADM0_PCODE": "CI01",
        "ADM1_FR": "SAN-PEDRO",
        "ADM1_PCODE": "CI129",
        "ADM2_FR": "TABOU",
        "ADM2_PCODE": "CI2902",
        "ADM3_FR": "DJAMANDIOKE",
        "ADM3_PCODE": "CI290203",
        "ADM4_FR": "RANOUINKE",
        "ADM4_PCODE": "CIV6877",
        "centerLat": 4.608660055,
        "centerLng": -7.537381927,
        "pop": 2318,
        "score": 2318,
        "whiteLoc": 1
      },
      "id": 700
    },
    {
      "type": "Feature",
      "geometry": {
        "coordinates": [
          -3.019854018,
          9.72271714
        ],
        "type": "Point"
      },
      "properties": {
        "ADM0_FR": "ZANZAN",
        "ADM0_PCODE": "CI14",
        "ADM1_FR": "BOUNKANI",
        "ADM1_PCODE": "CI108",
        "ADM2_FR": "DOROPO",
        "ADM2_PCODE": "CI0802",
        "ADM3_FR": "DANOA",
        "ADM3_PCODE": "CI080201",
        "ADM4_FR": "SAGBA",
        "ADM4_PCODE": "CIV6900",
        "centerLat": 9.72271714,
        "centerLng": -3.019854018,
        "pop": 290,
        "score": 290,
        "whiteLoc": 1
      },
      "id": 701
    },
    {
      "type": "Feature",
      "geometry": {
        "coordinates": [
          -3.386143886,
          9.734007652
        ],
        "type": "Point"
      },
      "properties": {
        "ADM0_FR": "ZANZAN",
        "ADM0_PCODE": "CI14",
        "ADM1_FR": "BOUNKANI",
        "ADM1_PCODE": "CI108",
        "ADM2_FR": "DOROPO",
        "ADM2_PCODE": "CI0802",
        "ADM3_FR": "DOROPO",
        "ADM3_PCODE": "CI080202",
        "ADM4_FR": "SAIKO-GBONON",
        "ADM4_PCODE": "CIV6922",
        "centerLat": 9.734007652,
        "centerLng": -3.386143886,
        "pop": 618,
        "score": 618,
        "whiteLoc": 1
      },
      "id": 702
    },
    {
      "type": "Feature",
      "geometry": {
        "coordinates": [
          -6.031224647,
          9.703702271
        ],
        "type": "Point"
      },
      "properties": {
        "ADM0_FR": "SAVANES",
        "ADM0_PCODE": "CI11",
        "ADM1_FR": "PORO",
        "ADM1_PCODE": "CI128",
        "ADM2_FR": "KORHOGO",
        "ADM2_PCODE": "CI2802",
        "ADM3_FR": "N'GANON",
        "ADM3_PCODE": "CI280210",
        "ADM4_FR": "SAKOUMA",
        "ADM4_PCODE": "CIV6935",
        "centerLat": 9.703702271,
        "centerLng": -6.031224647,
        "pop": 1009,
        "score": 1009,
        "whiteLoc": 1
      },
      "id": 703
    },
    {
      "type": "Feature",
      "geometry": {
        "coordinates": [
          -3.315096779,
          8.112569047
        ],
        "type": "Point"
      },
      "properties": {
        "ADM0_FR": "ZANZAN",
        "ADM0_PCODE": "CI14",
        "ADM1_FR": "GONTOUGO",
        "ADM1_PCODE": "CI114",
        "ADM2_FR": "BONDOUKOU",
        "ADM2_PCODE": "CI1401",
        "ADM3_FR": "TAOUDI",
        "ADM3_PCODE": "CI140111",
        "ADM4_FR": "SAKPATROU",
        "ADM4_PCODE": "CIV6937",
        "centerLat": 8.112569047,
        "centerLng": -3.315096779,
        "pop": 324,
        "score": 324,
        "whiteLoc": 1
      },
      "id": 704
    },
    {
      "type": "Feature",
      "geometry": {
        "coordinates": [
          -7.9566656,
          9.975952
        ],
        "type": "Point"
      },
      "properties": {
        "ADM0_FR": "DENGUELE",
        "ADM0_PCODE": "CI03",
        "ADM1_FR": "FOLON",
        "ADM1_PCODE": "CI110",
        "ADM2_FR": "MINIGNAN",
        "ADM2_PCODE": "CI1002",
        "ADM3_FR": "MINIGNAN",
        "ADM3_PCODE": "CI100201",
        "ADM4_FR": "SAMBADOUGOU",
        "ADM4_PCODE": "CIV6960",
        "centerLat": 9.975952,
        "centerLng": -7.9566656,
        "pop": 1381,
        "score": 1381,
        "whiteLoc": 1
      },
      "id": 705
    },
    {
      "type": "Feature",
      "geometry": {
        "coordinates": [
          -6.212766213,
          8.85594385
        ],
        "type": "Point"
      },
      "properties": {
        "ADM0_FR": "WOROBA",
        "ADM0_PCODE": "CI13",
        "ADM1_FR": "BERE",
        "ADM1_PCODE": "CI107",
        "ADM2_FR": "DIANRA",
        "ADM2_PCODE": "CI0701",
        "ADM3_FR": "DIANRA",
        "ADM3_PCODE": "CI070101",
        "ADM4_FR": "SAMOUKAHA",
        "ADM4_PCODE": "CIV6973",
        "centerLat": 8.85594385,
        "centerLng": -6.212766213,
        "pop": 1239,
        "score": 1239,
        "whiteLoc": 1
      },
      "id": 706
    },
    {
      "type": "Feature",
      "geometry": {
        "coordinates": [
          -3.00612614,
          9.651634947
        ],
        "type": "Point"
      },
      "properties": {
        "ADM0_FR": "ZANZAN",
        "ADM0_PCODE": "CI14",
        "ADM1_FR": "BOUNKANI",
        "ADM1_PCODE": "CI108",
        "ADM2_FR": "DOROPO",
        "ADM2_PCODE": "CI0802",
        "ADM3_FR": "DANOA",
        "ADM3_PCODE": "CI080201",
        "ADM4_FR": "SANAO",
        "ADM4_PCODE": "CIV6983",
        "centerLat": 9.651634947,
        "centerLng": -3.00612614,
        "pop": 257,
        "score": 257,
        "whiteLoc": 1
      },
      "id": 707
    },
    {
      "type": "Feature",
      "geometry": {
        "coordinates": [
          -4.310556243,
          7.684735139
        ],
        "type": "Point"
      },
      "properties": {
        "ADM0_FR": "LACS",
        "ADM0_PCODE": "CI07",
        "ADM1_FR": "IFFOU",
        "ADM1_PCODE": "CI119",
        "ADM2_FR": "M'BAHIAKRO",
        "ADM2_PCODE": "CI1902",
        "ADM3_FR": "BONGUERA",
        "ADM3_PCODE": "CI190202",
        "ADM4_FR": "SANDOUGOU-KOUMA",
        "ADM4_PCODE": "CIV6994",
        "centerLat": 7.684735139,
        "centerLng": -4.310556243,
        "pop": 925,
        "score": 925,
        "whiteLoc": 1
      },
      "id": 708
    },
    {
      "type": "Feature",
      "geometry": {
        "coordinates": [
          -3.588284109,
          9.655245178
        ],
        "type": "Point"
      },
      "properties": {
        "ADM0_FR": "ZANZAN",
        "ADM0_PCODE": "CI14",
        "ADM1_FR": "BOUNKANI",
        "ADM1_PCODE": "CI108",
        "ADM2_FR": "TEHINI",
        "ADM2_PCODE": "CI0804",
        "ADM3_FR": "TEHINI",
        "ADM3_PCODE": "CI080401",
        "ADM4_FR": "SANGANAME",
        "ADM4_PCODE": "CIV7003",
        "centerLat": 9.655245178,
        "centerLng": -3.588284109,
        "pop": 971,
        "score": 971,
        "whiteLoc": 1
      },
      "id": 709
    },
    {
      "type": "Feature",
      "geometry": {
        "coordinates": [
          -7.1333415,
          9.260901
        ],
        "type": "Point"
      },
      "properties": {
        "ADM0_FR": "DENGUELE",
        "ADM0_PCODE": "CI03",
        "ADM1_FR": "KABADOUGOU",
        "ADM1_PCODE": "CI121",
        "ADM2_FR": "SEGUELON",
        "ADM2_PCODE": "CI2105",
        "ADM3_FR": "SEGUELON",
        "ADM3_PCODE": "CI210501",
        "ADM4_FR": "SANGBANI",
        "ADM4_PCODE": "CIV7005",
        "centerLat": 9.260901,
        "centerLng": -7.1333415,
        "pop": 618,
        "score": 618,
        "whiteLoc": 1
      },
      "id": 710
    },
    {
      "type": "Feature",
      "geometry": {
        "coordinates": [
          -2.989131836,
          9.627841133
        ],
        "type": "Point"
      },
      "properties": {
        "ADM0_FR": "ZANZAN",
        "ADM0_PCODE": "CI14",
        "ADM1_FR": "BOUNKANI",
        "ADM1_PCODE": "CI108",
        "ADM2_FR": "DOROPO",
        "ADM2_PCODE": "CI0802",
        "ADM3_FR": "DANOA",
        "ADM3_PCODE": "CI080201",
        "ADM4_FR": "SANSANDOUO",
        "ADM4_PCODE": "CIV7027",
        "centerLat": 9.627841133,
        "centerLng": -2.989131836,
        "pop": 787,
        "score": 787,
        "whiteLoc": 1
      },
      "id": 711
    },
    {
      "type": "Feature",
      "geometry": {
        "coordinates": [
          -6.726888645,
          5.132828483
        ],
        "type": "Point"
      },
      "properties": {
        "ADM0_FR": "BAS-SASSANDRA",
        "ADM0_PCODE": "CI01",
        "ADM1_FR": "SAN-PEDRO",
        "ADM1_PCODE": "CI129",
        "ADM2_FR": "SAN-PEDRO",
        "ADM2_PCODE": "CI2901",
        "ADM3_FR": "DOBA",
        "ADM3_PCODE": "CI290102",
        "ADM4_FR": "SAPH V1",
        "ADM4_PCODE": "CIV7035",
        "centerLat": 5.132828483,
        "centerLng": -6.726888645,
        "pop": 659,
        "score": 659,
        "whiteLoc": 1
      },
      "id": 712
    },
    {
      "type": "Feature",
      "geometry": {
        "coordinates": [
          -5.977723897,
          9.083041923
        ],
        "type": "Point"
      },
      "properties": {
        "ADM0_FR": "SAVANES",
        "ADM0_PCODE": "CI11",
        "ADM1_FR": "PORO",
        "ADM1_PCODE": "CI128",
        "ADM2_FR": "KORHOGO",
        "ADM2_PCODE": "CI2802",
        "ADM3_FR": "KANOROBA",
        "ADM3_PCODE": "CI280203",
        "ADM4_FR": "SEDAKAHA",
        "ADM4_PCODE": "CIV7081",
        "centerLat": 9.083041923,
        "centerLng": -5.977723897,
        "pop": 245,
        "score": 245,
        "whiteLoc": 1
      },
      "id": 713
    },
    {
      "type": "Feature",
      "geometry": {
        "coordinates": [
          -5.888180461,
          9.13088751
        ],
        "type": "Point"
      },
      "properties": {
        "ADM0_FR": "SAVANES",
        "ADM0_PCODE": "CI11",
        "ADM1_FR": "PORO",
        "ADM1_PCODE": "CI128",
        "ADM2_FR": "DIKODOUGOU",
        "ADM2_PCODE": "CI2801",
        "ADM3_FR": "DIKODOUGOU",
        "ADM3_PCODE": "CI280102",
        "ADM4_FR": "SEFON",
        "ADM4_PCODE": "CIV7089",
        "centerLat": 9.13088751,
        "centerLng": -5.888180461,
        "pop": 986,
        "score": 986,
        "whiteLoc": 1
      },
      "id": 714
    },
    {
      "type": "Feature",
      "geometry": {
        "coordinates": [
          -6.759680118,
          9.026128946
        ],
        "type": "Point"
      },
      "properties": {
        "ADM0_FR": "WOROBA",
        "ADM0_PCODE": "CI13",
        "ADM1_FR": "WORODOUGOU",
        "ADM1_PCODE": "CI133",
        "ADM2_FR": "KANI",
        "ADM2_PCODE": "CI3301",
        "ADM3_FR": "MORODON",
        "ADM3_PCODE": "CI330104",
        "ADM4_FR": "SEFREDJO",
        "ADM4_PCODE": "CIV7090",
        "centerLat": 9.026128946,
        "centerLng": -6.759680118,
        "pop": 1811,
        "score": 1811,
        "whiteLoc": 1
      },
      "id": 715
    },
    {
      "type": "Feature",
      "geometry": {
        "coordinates": [
          -7.220258,
          9.555138
        ],
        "type": "Point"
      },
      "properties": {
        "ADM0_FR": "DENGUELE",
        "ADM0_PCODE": "CI03",
        "ADM1_FR": "KABADOUGOU",
        "ADM1_PCODE": "CI121",
        "ADM2_FR": "MADINANI",
        "ADM2_PCODE": "CI2102",
        "ADM3_FR": "N'GOLOBLASSO",
        "ADM3_PCODE": "CI210203",
        "ADM4_FR": "SEGUEBE",
        "ADM4_PCODE": "CIV7096",
        "centerLat": 9.555138,
        "centerLng": -7.220258,
        "pop": 859,
        "score": 859,
        "whiteLoc": 1
      },
      "id": 716
    },
    {
      "type": "Feature",
      "geometry": {
        "coordinates": [
          -4.396893217,
          7.552956592
        ],
        "type": "Point"
      },
      "properties": {
        "ADM0_FR": "LACS",
        "ADM0_PCODE": "CI07",
        "ADM1_FR": "IFFOU",
        "ADM1_PCODE": "CI119",
        "ADM2_FR": "M'BAHIAKRO",
        "ADM2_PCODE": "CI1902",
        "ADM3_FR": "M'BAHIAKRO",
        "ADM3_PCODE": "CI190201",
        "ADM4_FR": "SEGUELA-KOFFIKRO",
        "ADM4_PCODE": "CIV7101",
        "centerLat": 7.552956592,
        "centerLng": -4.396893217,
        "pop": 301,
        "score": 301,
        "whiteLoc": 1
      },
      "id": 717
    },
    {
      "type": "Feature",
      "geometry": {
        "coordinates": [
          -3.710847073,
          9.776870428
        ],
        "type": "Point"
      },
      "properties": {
        "ADM0_FR": "ZANZAN",
        "ADM0_PCODE": "CI14",
        "ADM1_FR": "BOUNKANI",
        "ADM1_PCODE": "CI108",
        "ADM2_FR": "TEHINI",
        "ADM2_PCODE": "CI0804",
        "ADM3_FR": "TEHINI",
        "ADM3_PCODE": "CI080401",
        "ADM4_FR": "SEGUI-HENAMIKRO(BINGUETA)",
        "ADM4_PCODE": "CIV7106",
        "centerLat": 9.776870428,
        "centerLng": -3.710847073,
        "pop": 222,
        "score": 222,
        "whiteLoc": 1
      },
      "id": 718
    },
    {
      "type": "Feature",
      "geometry": {
        "coordinates": [
          -6.843804068,
          8.214663952
        ],
        "type": "Point"
      },
      "properties": {
        "ADM0_FR": "WOROBA",
        "ADM0_PCODE": "CI13",
        "ADM1_FR": "WORODOUGOU",
        "ADM1_PCODE": "CI133",
        "ADM2_FR": "SEGUELA",
        "ADM2_PCODE": "CI3302",
        "ADM3_FR": "WOROFLA",
        "ADM3_PCODE": "CI330207",
        "ADM4_FR": "SEHELA",
        "ADM4_PCODE": "CIV7108",
        "centerLat": 8.214663952,
        "centerLng": -6.843804068,
        "pop": 622,
        "score": 622,
        "whiteLoc": 1
      },
      "id": 719
    },
    {
      "type": "Feature",
      "geometry": {
        "coordinates": [
          -3.167738946,
          9.607532382
        ],
        "type": "Point"
      },
      "properties": {
        "ADM0_FR": "ZANZAN",
        "ADM0_PCODE": "CI14",
        "ADM1_FR": "BOUNKANI",
        "ADM1_PCODE": "CI108",
        "ADM2_FR": "BOUNA",
        "ADM2_PCODE": "CI0801",
        "ADM3_FR": "BOUKO",
        "ADM3_PCODE": "CI080101",
        "ADM4_FR": "SEKIOUDOUO(GASSE)",
        "ADM4_PCODE": "CIV7119",
        "centerLat": 9.607532382,
        "centerLng": -3.167738946,
        "pop": 510,
        "score": 510,
        "whiteLoc": 1
      },
      "id": 720
    },
    {
      "type": "Feature",
      "geometry": {
        "coordinates": [
          -3.202006344,
          9.642123592
        ],
        "type": "Point"
      },
      "properties": {
        "ADM0_FR": "ZANZAN",
        "ADM0_PCODE": "CI14",
        "ADM1_FR": "BOUNKANI",
        "ADM1_PCODE": "CI108",
        "ADM2_FR": "DOROPO",
        "ADM2_PCODE": "CI0802",
        "ADM3_FR": "DOROPO",
        "ADM3_PCODE": "CI080202",
        "ADM4_FR": "SEMADOUO",
        "ADM4_PCODE": "CIV7143",
        "centerLat": 9.642123592,
        "centerLng": -3.202006344,
        "pop": 61,
        "score": 61,
        "whiteLoc": 1
      },
      "id": 721
    },
    {
      "type": "Feature",
      "geometry": {
        "coordinates": [
          -3.461999523,
          9.815465764
        ],
        "type": "Point"
      },
      "properties": {
        "ADM0_FR": "ZANZAN",
        "ADM0_PCODE": "CI14",
        "ADM1_FR": "BOUNKANI",
        "ADM1_PCODE": "CI108",
        "ADM2_FR": "TEHINI",
        "ADM2_PCODE": "CI0804",
        "ADM3_FR": "GOGO",
        "ADM3_PCODE": "CI080402",
        "ADM4_FR": "SENAKO",
        "ADM4_PCODE": "CIV7152",
        "centerLat": 9.815465764,
        "centerLng": -3.461999523,
        "pop": 538,
        "score": 538,
        "whiteLoc": 1
      },
      "id": 722
    },
    {
      "type": "Feature",
      "geometry": {
        "coordinates": [
          -3.449390151,
          9.773506663
        ],
        "type": "Point"
      },
      "properties": {
        "ADM0_FR": "ZANZAN",
        "ADM0_PCODE": "CI14",
        "ADM1_FR": "BOUNKANI",
        "ADM1_PCODE": "CI108",
        "ADM2_FR": "DOROPO",
        "ADM2_PCODE": "CI0802",
        "ADM3_FR": "DOROPO",
        "ADM3_PCODE": "CI080202",
        "ADM4_FR": "SENANDI 1",
        "ADM4_PCODE": "CIV7154",
        "centerLat": 9.773506663,
        "centerLng": -3.449390151,
        "pop": 256,
        "score": 256,
        "whiteLoc": 1
      },
      "id": 723
    },
    {
      "type": "Feature",
      "geometry": {
        "coordinates": [
          -3.178127743,
          9.315955845
        ],
        "type": "Point"
      },
      "properties": {
        "ADM0_FR": "ZANZAN",
        "ADM0_PCODE": "CI14",
        "ADM1_FR": "BOUNKANI",
        "ADM1_PCODE": "CI108",
        "ADM2_FR": "BOUNA",
        "ADM2_PCODE": "CI0801",
        "ADM3_FR": "BOUNA",
        "ADM3_PCODE": "CI080102",
        "ADM4_FR": "SEPADOUO",
        "ADM4_PCODE": "CIV7163",
        "centerLat": 9.315955845,
        "centerLng": -3.178127743,
        "pop": 225,
        "score": 225,
        "whiteLoc": 1
      },
      "id": 724
    },
    {
      "type": "Feature",
      "geometry": {
        "coordinates": [
          -3.125061488,
          8.982501599
        ],
        "type": "Point"
      },
      "properties": {
        "ADM0_FR": "ZANZAN",
        "ADM0_PCODE": "CI14",
        "ADM1_FR": "BOUNKANI",
        "ADM1_PCODE": "CI108",
        "ADM2_FR": "BOUNA",
        "ADM2_PCODE": "CI0801",
        "ADM3_FR": "ONDEFIDOUO",
        "ADM3_PCODE": "CI080103",
        "ADM4_FR": "SEPIDOUO",
        "ADM4_PCODE": "CIV7168",
        "centerLat": 8.982501599,
        "centerLng": -3.125061488,
        "pop": 3433,
        "score": 3433,
        "whiteLoc": 1
      },
      "id": 725
    },
    {
      "type": "Feature",
      "geometry": {
        "coordinates": [
          -3.188166575,
          9.391608272
        ],
        "type": "Point"
      },
      "properties": {
        "ADM0_FR": "ZANZAN",
        "ADM0_PCODE": "CI14",
        "ADM1_FR": "BOUNKANI",
        "ADM1_PCODE": "CI108",
        "ADM2_FR": "BOUNA",
        "ADM2_PCODE": "CI0801",
        "ADM3_FR": "BOUKO",
        "ADM3_PCODE": "CI080101",
        "ADM4_FR": "SEPRIDOUO",
        "ADM4_PCODE": "CIV7171",
        "centerLat": 9.391608272,
        "centerLng": -3.188166575,
        "pop": 477,
        "score": 477,
        "whiteLoc": 1
      },
      "id": 726
    },
    {
      "type": "Feature",
      "geometry": {
        "coordinates": [
          -2.946369414,
          8.075685547
        ],
        "type": "Point"
      },
      "properties": {
        "ADM0_FR": "ZANZAN",
        "ADM0_PCODE": "CI14",
        "ADM1_FR": "GONTOUGO",
        "ADM1_PCODE": "CI114",
        "ADM2_FR": "BONDOUKOU",
        "ADM2_PCODE": "CI1401",
        "ADM3_FR": "BONDOUKOU",
        "ADM3_PCODE": "CI140103",
        "ADM4_FR": "SEREOUDE",
        "ADM4_PCODE": "CIV7177",
        "centerLat": 8.075685547,
        "centerLng": -2.946369414,
        "pop": 1578,
        "score": 1578,
        "whiteLoc": 1
      },
      "id": 727
    },
    {
      "type": "Feature",
      "geometry": {
        "coordinates": [
          -2.927205184,
          9.264585602
        ],
        "type": "Point"
      },
      "properties": {
        "ADM0_FR": "ZANZAN",
        "ADM0_PCODE": "CI14",
        "ADM1_FR": "BOUNKANI",
        "ADM1_PCODE": "CI108",
        "ADM2_FR": "BOUNA",
        "ADM2_PCODE": "CI0801",
        "ADM3_FR": "BOUNA",
        "ADM3_PCODE": "CI080102",
        "ADM4_FR": "SETONDOUO",
        "ADM4_PCODE": "CIV7192",
        "centerLat": 9.264585602,
        "centerLng": -2.927205184,
        "pop": 76,
        "score": 76,
        "whiteLoc": 1
      },
      "id": 728
    },
    {
      "type": "Feature",
      "geometry": {
        "coordinates": [
          -4.033025096,
          7.574311459
        ],
        "type": "Point"
      },
      "properties": {
        "ADM0_FR": "LACS",
        "ADM0_PCODE": "CI07",
        "ADM1_FR": "IFFOU",
        "ADM1_PCODE": "CI119",
        "ADM2_FR": "PRIKRO",
        "ADM2_PCODE": "CI1903",
        "ADM3_FR": "PRIKRO",
        "ADM3_PCODE": "CI190301",
        "ADM4_FR": "SIAHO",
        "ADM4_PCODE": "CIV7202",
        "centerLat": 7.574311459,
        "centerLng": -4.033025096,
        "pop": 744,
        "score": 744,
        "whiteLoc": 1
      },
      "id": 729
    },
    {
      "type": "Feature",
      "geometry": {
        "coordinates": [
          -6.751588231,
          7.993074243
        ],
        "type": "Point"
      },
      "properties": {
        "ADM0_FR": "WOROBA",
        "ADM0_PCODE": "CI13",
        "ADM1_FR": "WORODOUGOU",
        "ADM1_PCODE": "CI133",
        "ADM2_FR": "SEGUELA",
        "ADM2_PCODE": "CI3302",
        "ADM3_FR": "SEGUELA",
        "ADM3_PCODE": "CI330201",
        "ADM4_FR": "SIAKASSO 1",
        "ADM4_PCODE": "CIV7204",
        "centerLat": 7.993074243,
        "centerLng": -6.751588231,
        "pop": 870,
        "score": 870,
        "whiteLoc": 1
      },
      "id": 730
    },
    {
      "type": "Feature",
      "geometry": {
        "coordinates": [
          -3.249335181,
          8.458155206
        ],
        "type": "Point"
      },
      "properties": {
        "ADM0_FR": "ZANZAN",
        "ADM0_PCODE": "CI14",
        "ADM1_FR": "GONTOUGO",
        "ADM1_PCODE": "CI114",
        "ADM2_FR": "BONDOUKOU",
        "ADM2_PCODE": "CI1401",
        "ADM3_FR": "LAOUDI-BA",
        "ADM3_PCODE": "CI140105",
        "ADM4_FR": "SIANLI",
        "ADM4_PCODE": "CIV7211",
        "centerLat": 8.458155206,
        "centerLng": -3.249335181,
        "pop": 951,
        "score": 951,
        "whiteLoc": 1
      },
      "id": 731
    },
    {
      "type": "Feature",
      "geometry": {
        "coordinates": [
          -4.30219207,
          7.715219336
        ],
        "type": "Point"
      },
      "properties": {
        "ADM0_FR": "LACS",
        "ADM0_PCODE": "CI07",
        "ADM1_FR": "IFFOU",
        "ADM1_PCODE": "CI119",
        "ADM2_FR": "M'BAHIAKRO",
        "ADM2_PCODE": "CI1902",
        "ADM3_FR": "BONGUERA",
        "ADM3_PCODE": "CI190202",
        "ADM4_FR": "SIARIDOUGOU",
        "ADM4_PCODE": "CIV7215",
        "centerLat": 7.715219336,
        "centerLng": -4.30219207,
        "pop": 397,
        "score": 397,
        "whiteLoc": 1
      },
      "id": 732
    },
    {
      "type": "Feature",
      "geometry": {
        "coordinates": [
          -6.038658038,
          9.002640104
        ],
        "type": "Point"
      },
      "properties": {
        "ADM0_FR": "SAVANES",
        "ADM0_PCODE": "CI11",
        "ADM1_FR": "PORO",
        "ADM1_PCODE": "CI128",
        "ADM2_FR": "KORHOGO",
        "ADM2_PCODE": "CI2802",
        "ADM3_FR": "KANOROBA",
        "ADM3_PCODE": "CI280203",
        "ADM4_FR": "SIBIRINAKAHA 2",
        "ADM4_PCODE": "CIV7222",
        "centerLat": 9.002640104,
        "centerLng": -6.038658038,
        "pop": 460,
        "score": 460,
        "whiteLoc": 1
      },
      "id": 733
    },
    {
      "type": "Feature",
      "geometry": {
        "coordinates": [
          -3.20441711,
          7.921846132
        ],
        "type": "Point"
      },
      "properties": {
        "ADM0_FR": "ZANZAN",
        "ADM0_PCODE": "CI14",
        "ADM1_FR": "GONTOUGO",
        "ADM1_PCODE": "CI114",
        "ADM2_FR": "TANDA",
        "ADM2_PCODE": "CI1404",
        "ADM3_FR": "TCHEDIO",
        "ADM3_PCODE": "CI140404",
        "ADM4_FR": "SIENGUI-SOGO",
        "ADM4_PCODE": "CIV7234",
        "centerLat": 7.921846132,
        "centerLng": -3.20441711,
        "pop": 933,
        "score": 933,
        "whiteLoc": 1
      },
      "id": 734
    },
    {
      "type": "Feature",
      "geometry": {
        "coordinates": [
          -7.839925898,
          8.127884572
        ],
        "type": "Point"
      },
      "properties": {
        "ADM0_FR": "WOROBA",
        "ADM0_PCODE": "CI13",
        "ADM1_FR": "BAFING",
        "ADM1_PCODE": "CI104",
        "ADM2_FR": "OUANINOU",
        "ADM2_PCODE": "CI0402",
        "ADM3_FR": "GBELO",
        "ADM3_PCODE": "CI040202",
        "ADM4_FR": "SIFIE-MAHOU",
        "ADM4_PCODE": "CIV7242",
        "centerLat": 8.127884572,
        "centerLng": -7.839925898,
        "pop": 311,
        "score": 311,
        "whiteLoc": 1
      },
      "id": 735
    },
    {
      "type": "Feature",
      "geometry": {
        "coordinates": [
          -7.610452919,
          8.704246229
        ],
        "type": "Point"
      },
      "properties": {
        "ADM0_FR": "WOROBA",
        "ADM0_PCODE": "CI13",
        "ADM1_FR": "BAFING",
        "ADM1_PCODE": "CI104",
        "ADM2_FR": "KORO",
        "ADM2_PCODE": "CI0401",
        "ADM3_FR": "NIOKOSSO",
        "ADM3_PCODE": "CI040105",
        "ADM4_FR": "SILAFRESSO",
        "ADM4_PCODE": "CIV7249",
        "centerLat": 8.704246229,
        "centerLng": -7.610452919,
        "pop": 361,
        "score": 361,
        "whiteLoc": 1
      },
      "id": 736
    },
    {
      "type": "Feature",
      "geometry": {
        "coordinates": [
          -6.58019153,
          8.359912643
        ],
        "type": "Point"
      },
      "properties": {
        "ADM0_FR": "WOROBA",
        "ADM0_PCODE": "CI13",
        "ADM1_FR": "WORODOUGOU",
        "ADM1_PCODE": "CI133",
        "ADM2_FR": "KANI",
        "ADM2_PCODE": "CI3301",
        "ADM3_FR": "KANI",
        "ADM3_PCODE": "CI330101",
        "ADM4_FR": "SILAKORO",
        "ADM4_PCODE": "CIV7250",
        "centerLat": 8.359912643,
        "centerLng": -6.58019153,
        "pop": 2877,
        "score": 2877,
        "whiteLoc": 1
      },
      "id": 737
    },
    {
      "type": "Feature",
      "geometry": {
        "coordinates": [
          -7.612190456,
          8.900302804
        ],
        "type": "Point"
      },
      "properties": {
        "ADM0_FR": "WOROBA",
        "ADM0_PCODE": "CI13",
        "ADM1_FR": "BAFING",
        "ADM1_PCODE": "CI104",
        "ADM2_FR": "KORO",
        "ADM2_PCODE": "CI0401",
        "ADM3_FR": "BOOKO",
        "ADM3_PCODE": "CI040102",
        "ADM4_FR": "SILAKORO-SOKOURALA",
        "ADM4_PCODE": "CIV7254",
        "centerLat": 8.900302804,
        "centerLng": -7.612190456,
        "pop": 500,
        "score": 500,
        "whiteLoc": 1
      },
      "id": 738
    },
    {
      "type": "Feature",
      "geometry": {
        "coordinates": [
          -2.83172193,
          9.438714002
        ],
        "type": "Point"
      },
      "properties": {
        "ADM0_FR": "ZANZAN",
        "ADM0_PCODE": "CI14",
        "ADM1_FR": "BOUNKANI",
        "ADM1_PCODE": "CI108",
        "ADM2_FR": "BOUNA",
        "ADM2_PCODE": "CI0801",
        "ADM3_FR": "BOUNA",
        "ADM3_PCODE": "CI080102",
        "ADM4_FR": "SILIETEON",
        "ADM4_PCODE": "CIV7256",
        "centerLat": 9.438714002,
        "centerLng": -2.83172193,
        "pop": 125,
        "score": 125,
        "whiteLoc": 1
      },
      "id": 739
    },
    {
      "type": "Feature",
      "geometry": {
        "coordinates": [
          -5.977141902,
          9.133013332
        ],
        "type": "Point"
      },
      "properties": {
        "ADM0_FR": "SAVANES",
        "ADM0_PCODE": "CI11",
        "ADM1_FR": "PORO",
        "ADM1_PCODE": "CI128",
        "ADM2_FR": "KORHOGO",
        "ADM2_PCODE": "CI2802",
        "ADM3_FR": "KANOROBA",
        "ADM3_PCODE": "CI280203",
        "ADM4_FR": "SINDIA",
        "ADM4_PCODE": "CIV7262",
        "centerLat": 9.133013332,
        "centerLng": -5.977141902,
        "pop": 1405,
        "score": 1405,
        "whiteLoc": 1
      },
      "id": 740
    },
    {
      "type": "Feature",
      "geometry": {
        "coordinates": [
          -5.967043007,
          9.698949344
        ],
        "type": "Point"
      },
      "properties": {
        "ADM0_FR": "SAVANES",
        "ADM0_PCODE": "CI11",
        "ADM1_FR": "PORO",
        "ADM1_PCODE": "CI128",
        "ADM2_FR": "KORHOGO",
        "ADM2_PCODE": "CI2802",
        "ADM3_FR": "N'GANON",
        "ADM3_PCODE": "CI280210",
        "ADM4_FR": "SINDJIRE",
        "ADM4_PCODE": "CIV7263",
        "centerLat": 9.698949344,
        "centerLng": -5.967043007,
        "pop": 883,
        "score": 883,
        "whiteLoc": 1
      },
      "id": 741
    },
    {
      "type": "Feature",
      "geometry": {
        "coordinates": [
          -7.623160413,
          7.898486547
        ],
        "type": "Point"
      },
      "properties": {
        "ADM0_FR": "WOROBA",
        "ADM0_PCODE": "CI13",
        "ADM1_FR": "BAFING",
        "ADM1_PCODE": "CI104",
        "ADM2_FR": "TOUBA",
        "ADM2_PCODE": "CI0403",
        "ADM3_FR": "FOUNGBESSO",
        "ADM3_PCODE": "CI040303",
        "ADM4_FR": "SINGOSSO 2",
        "ADM4_PCODE": "CIV7276",
        "centerLat": 7.898486547,
        "centerLng": -7.623160413,
        "pop": 828,
        "score": 828,
        "whiteLoc": 1
      },
      "id": 742
    },
    {
      "type": "Feature",
      "geometry": {
        "coordinates": [
          -6.993861692,
          7.9921349
        ],
        "type": "Point"
      },
      "properties": {
        "ADM0_FR": "WOROBA",
        "ADM0_PCODE": "CI13",
        "ADM1_FR": "WORODOUGOU",
        "ADM1_PCODE": "CI133",
        "ADM2_FR": "SEGUELA",
        "ADM2_PCODE": "CI3302",
        "ADM3_FR": "SIFIE",
        "ADM3_PCODE": "CI330206",
        "ADM4_FR": "SINIGORO",
        "ADM4_PCODE": "CIV7280",
        "centerLat": 7.9921349,
        "centerLng": -6.993861692,
        "pop": 774,
        "score": 774,
        "whiteLoc": 1
      },
      "id": 743
    },
    {
      "type": "Feature",
      "geometry": {
        "coordinates": [
          -7.774088178,
          8.074377446
        ],
        "type": "Point"
      },
      "properties": {
        "ADM0_FR": "WOROBA",
        "ADM0_PCODE": "CI13",
        "ADM1_FR": "BAFING",
        "ADM1_PCODE": "CI104",
        "ADM2_FR": "OUANINOU",
        "ADM2_PCODE": "CI0402",
        "ADM3_FR": "GBELO",
        "ADM3_PCODE": "CI040202",
        "ADM4_FR": "SINIGORO",
        "ADM4_PCODE": "CIV7281",
        "centerLat": 8.074377446,
        "centerLng": -7.774088178,
        "pop": 441,
        "score": 441,
        "whiteLoc": 1
      },
      "id": 744
    },
    {
      "type": "Feature",
      "geometry": {
        "coordinates": [
          -7.452172231,
          9.862642586
        ],
        "type": "Point"
      },
      "properties": {
        "ADM0_FR": "DENGUELE",
        "ADM0_PCODE": "CI03",
        "ADM1_FR": "FOLON",
        "ADM1_PCODE": "CI110",
        "ADM2_FR": "KANIASSO",
        "ADM2_PCODE": "CI1001",
        "ADM3_FR": "KANIASSO",
        "ADM3_PCODE": "CI100102",
        "ADM4_FR": "SIOLA",
        "ADM4_PCODE": "CIV7289",
        "centerLat": 9.862642586,
        "centerLng": -7.452172231,
        "pop": 796,
        "score": 796,
        "whiteLoc": 1
      },
      "id": 745
    },
    {
      "type": "Feature",
      "geometry": {
        "coordinates": [
          -7.481156919,
          8.08465863
        ],
        "type": "Point"
      },
      "properties": {
        "ADM0_FR": "MONTAGNES",
        "ADM0_PCODE": "CI09",
        "ADM1_FR": "TONKPI",
        "ADM1_PCODE": "CI132",
        "ADM2_FR": "BIANKOUMA",
        "ADM2_PCODE": "CI3201",
        "ADM3_FR": "GOUINE",
        "ADM3_PCODE": "CI320105",
        "ADM4_FR": "SION",
        "ADM4_PCODE": "CIV7291",
        "centerLat": 8.08465863,
        "centerLng": -7.481156919,
        "pop": 313,
        "score": 313,
        "whiteLoc": 1
      },
      "id": 746
    },
    {
      "type": "Feature",
      "geometry": {
        "coordinates": [
          -7.577090733,
          4.890696154
        ],
        "type": "Point"
      },
      "properties": {
        "ADM0_FR": "BAS-SASSANDRA",
        "ADM0_PCODE": "CI01",
        "ADM1_FR": "SAN-PEDRO",
        "ADM1_PCODE": "CI129",
        "ADM2_FR": "TABOU",
        "ADM2_PCODE": "CI2902",
        "ADM3_FR": "GRABO",
        "ADM3_PCODE": "CI290205",
        "ADM4_FR": "SIOULO",
        "ADM4_PCODE": "CIV7296",
        "centerLat": 4.890696154,
        "centerLng": -7.577090733,
        "pop": 383,
        "score": 383,
        "whiteLoc": 1
      },
      "id": 747
    },
    {
      "type": "Feature",
      "geometry": {
        "coordinates": [
          -2.934282124,
          8.068367992
        ],
        "type": "Point"
      },
      "properties": {
        "ADM0_FR": "ZANZAN",
        "ADM0_PCODE": "CI14",
        "ADM1_FR": "GONTOUGO",
        "ADM1_PCODE": "CI114",
        "ADM2_FR": "BONDOUKOU",
        "ADM2_PCODE": "CI1401",
        "ADM3_FR": "BONDOUKOU",
        "ADM3_PCODE": "CI140103",
        "ADM4_FR": "SIPA",
        "ADM4_PCODE": "CIV7298",
        "centerLat": 8.068367992,
        "centerLng": -2.934282124,
        "pop": 374,
        "score": 374,
        "whiteLoc": 1
      },
      "id": 748
    },
    {
      "type": "Feature",
      "geometry": {
        "coordinates": [
          -3.369664878,
          9.514838749
        ],
        "type": "Point"
      },
      "properties": {
        "ADM0_FR": "ZANZAN",
        "ADM0_PCODE": "CI14",
        "ADM1_FR": "BOUNKANI",
        "ADM1_PCODE": "CI108",
        "ADM2_FR": "DOROPO",
        "ADM2_PCODE": "CI0802",
        "ADM3_FR": "NIAMOUE",
        "ADM3_PCODE": "CI080204",
        "ADM4_FR": "SIPKAREDOUO",
        "ADM4_PCODE": "CIV7300",
        "centerLat": 9.514838749,
        "centerLng": -3.369664878,
        "pop": 86,
        "score": 86,
        "whiteLoc": 1
      },
      "id": 749
    },
    {
      "type": "Feature",
      "geometry": {
        "coordinates": [
          -2.896029639,
          9.411730218
        ],
        "type": "Point"
      },
      "properties": {
        "ADM0_FR": "ZANZAN",
        "ADM0_PCODE": "CI14",
        "ADM1_FR": "BOUNKANI",
        "ADM1_PCODE": "CI108",
        "ADM2_FR": "BOUNA",
        "ADM2_PCODE": "CI0801",
        "ADM3_FR": "BOUNA",
        "ADM3_PCODE": "CI080102",
        "ADM4_FR": "SIPRITEON 2",
        "ADM4_PCODE": "CIV7302",
        "centerLat": 9.411730218,
        "centerLng": -2.896029639,
        "pop": 517,
        "score": 517,
        "whiteLoc": 1
      },
      "id": 750
    },
    {
      "type": "Feature",
      "geometry": {
        "coordinates": [
          -3.968417558,
          8.140482438
        ],
        "type": "Point"
      },
      "properties": {
        "ADM0_FR": "VALLEE DU BANDAMA",
        "ADM0_PCODE": "CI12",
        "ADM1_FR": "HAMBOL",
        "ADM1_PCODE": "CI117",
        "ADM2_FR": "DABAKALA",
        "ADM2_PCODE": "CI1701",
        "ADM3_FR": "BASSAWA",
        "ADM3_PCODE": "CI170101",
        "ADM4_FR": "SIRAKORO",
        "ADM4_PCODE": "CIV7303",
        "centerLat": 8.140482438,
        "centerLng": -3.968417558,
        "pop": 777,
        "score": 777,
        "whiteLoc": 1
      },
      "id": 751
    },
    {
      "type": "Feature",
      "geometry": {
        "coordinates": [
          -7.804365023,
          7.989874565
        ],
        "type": "Point"
      },
      "properties": {
        "ADM0_FR": "WOROBA",
        "ADM0_PCODE": "CI13",
        "ADM1_FR": "BAFING",
        "ADM1_PCODE": "CI104",
        "ADM2_FR": "OUANINOU",
        "ADM2_PCODE": "CI0402",
        "ADM3_FR": "GOUEKAN",
        "ADM3_PCODE": "CI040203",
        "ADM4_FR": "SODIMAN",
        "ADM4_PCODE": "CIV7338",
        "centerLat": 7.989874565,
        "centerLng": -7.804365023,
        "pop": 322,
        "score": 322,
        "whiteLoc": 1
      },
      "id": 752
    },
    {
      "type": "Feature",
      "geometry": {
        "coordinates": [
          -7.606537836,
          8.127790446
        ],
        "type": "Point"
      },
      "properties": {
        "ADM0_FR": "WOROBA",
        "ADM0_PCODE": "CI13",
        "ADM1_FR": "BAFING",
        "ADM1_PCODE": "CI104",
        "ADM2_FR": "TOUBA",
        "ADM2_PCODE": "CI0403",
        "ADM3_FR": "FOUNGBESSO",
        "ADM3_PCODE": "CI040303",
        "ADM4_FR": "SOGBOSSO 2",
        "ADM4_PCODE": "CIV7345",
        "centerLat": 8.127790446,
        "centerLng": -7.606537836,
        "pop": 213,
        "score": 213,
        "whiteLoc": 1
      },
      "id": 753
    },
    {
      "type": "Feature",
      "geometry": {
        "coordinates": [
          -2.977685185,
          8.086061924
        ],
        "type": "Point"
      },
      "properties": {
        "ADM0_FR": "ZANZAN",
        "ADM0_PCODE": "CI14",
        "ADM1_FR": "GONTOUGO",
        "ADM1_PCODE": "CI114",
        "ADM2_FR": "BONDOUKOU",
        "ADM2_PCODE": "CI1401",
        "ADM3_FR": "BONDOUKOU",
        "ADM3_PCODE": "CI140103",
        "ADM4_FR": "SOGOBO",
        "ADM4_PCODE": "CIV7347",
        "centerLat": 8.086061924,
        "centerLng": -2.977685185,
        "pop": 748,
        "score": 748,
        "whiteLoc": 1
      },
      "id": 754
    },
    {
      "type": "Feature",
      "geometry": {
        "coordinates": [
          -3.168304886,
          8.036147591
        ],
        "type": "Point"
      },
      "properties": {
        "ADM0_FR": "ZANZAN",
        "ADM0_PCODE": "CI14",
        "ADM1_FR": "GONTOUGO",
        "ADM1_PCODE": "CI114",
        "ADM2_FR": "TANDA",
        "ADM2_PCODE": "CI1404",
        "ADM3_FR": "AMANVI",
        "ADM3_PCODE": "CI140402",
        "ADM4_FR": "SOGOVAGNE",
        "ADM4_PCODE": "CIV7349",
        "centerLat": 8.036147591,
        "centerLng": -3.168304886,
        "pop": 658,
        "score": 658,
        "whiteLoc": 1
      },
      "id": 755
    },
    {
      "type": "Feature",
      "geometry": {
        "coordinates": [
          -7.414665319,
          7.758659922
        ],
        "type": "Point"
      },
      "properties": {
        "ADM0_FR": "MONTAGNES",
        "ADM0_PCODE": "CI09",
        "ADM1_FR": "TONKPI",
        "ADM1_PCODE": "CI132",
        "ADM2_FR": "BIANKOUMA",
        "ADM2_PCODE": "CI3201",
        "ADM3_FR": "GOUINE",
        "ADM3_PCODE": "CI320105",
        "ADM4_FR": "SOHOUBA",
        "ADM4_PCODE": "CIV7355",
        "centerLat": 7.758659922,
        "centerLng": -7.414665319,
        "pop": 1339,
        "score": 1339,
        "whiteLoc": 1
      },
      "id": 756
    },
    {
      "type": "Feature",
      "geometry": {
        "coordinates": [
          -8.242885579,
          7.155542376
        ],
        "type": "Point"
      },
      "properties": {
        "ADM0_FR": "MONTAGNES",
        "ADM0_PCODE": "CI09",
        "ADM1_FR": "TONKPI",
        "ADM1_PCODE": "CI132",
        "ADM2_FR": "DANANE",
        "ADM2_PCODE": "CI3202",
        "ADM3_FR": "SEILEU",
        "ADM3_PCODE": "CI320206",
        "ADM4_FR": "SOHOUPLEU",
        "ADM4_PCODE": "CIV7357",
        "centerLat": 7.155542376,
        "centerLng": -8.242885579,
        "pop": 1188,
        "score": 1188,
        "whiteLoc": 1
      },
      "id": 757
    },
    {
      "type": "Feature",
      "geometry": {
        "coordinates": [
          -7.574922177,
          4.869229326
        ],
        "type": "Point"
      },
      "properties": {
        "ADM0_FR": "BAS-SASSANDRA",
        "ADM0_PCODE": "CI01",
        "ADM1_FR": "SAN-PEDRO",
        "ADM1_PCODE": "CI129",
        "ADM2_FR": "TABOU",
        "ADM2_PCODE": "CI2902",
        "ADM3_FR": "GRABO",
        "ADM3_PCODE": "CI290205",
        "ADM4_FR": "SOKLODOGBA",
        "ADM4_PCODE": "CIV7361",
        "centerLat": 4.869229326,
        "centerLng": -7.574922177,
        "pop": 603,
        "score": 603,
        "whiteLoc": 1
      },
      "id": 758
    },
    {
      "type": "Feature",
      "geometry": {
        "coordinates": [
          -7.842126089,
          8.929241105
        ],
        "type": "Point"
      },
      "properties": {
        "ADM0_FR": "WOROBA",
        "ADM0_PCODE": "CI13",
        "ADM1_FR": "BAFING",
        "ADM1_PCODE": "CI104",
        "ADM2_FR": "KORO",
        "ADM2_PCODE": "CI0401",
        "ADM3_FR": "BOOKO",
        "ADM3_PCODE": "CI040102",
        "ADM4_FR": "SOKORO-KESSIENKO",
        "ADM4_PCODE": "CIV7374",
        "centerLat": 8.929241105,
        "centerLng": -7.842126089,
        "pop": 157,
        "score": 157,
        "whiteLoc": 1
      },
      "id": 759
    },
    {
      "type": "Feature",
      "geometry": {
        "coordinates": [
          -3.31536218,
          9.747976288
        ],
        "type": "Point"
      },
      "properties": {
        "ADM0_FR": "ZANZAN",
        "ADM0_PCODE": "CI14",
        "ADM1_FR": "BOUNKANI",
        "ADM1_PCODE": "CI108",
        "ADM2_FR": "DOROPO",
        "ADM2_PCODE": "CI0802",
        "ADM3_FR": "DOROPO",
        "ADM3_PCODE": "CI080202",
        "ADM4_FR": "SOKOROLAYE",
        "ADM4_PCODE": "CIV7375",
        "centerLat": 9.747976288,
        "centerLng": -3.31536218,
        "pop": 48,
        "score": 48,
        "whiteLoc": 1
      },
      "id": 760
    },
    {
      "type": "Feature",
      "geometry": {
        "coordinates": [
          -5.99704735,
          9.951121419
        ],
        "type": "Point"
      },
      "properties": {
        "ADM0_FR": "SAVANES",
        "ADM0_PCODE": "CI11",
        "ADM1_FR": "PORO",
        "ADM1_PCODE": "CI128",
        "ADM2_FR": "M'BENGUE",
        "ADM2_PCODE": "CI2803",
        "ADM3_FR": "M'BENGUE",
        "ADM3_PCODE": "CI280301",
        "ADM4_FR": "SOLEYAHA",
        "ADM4_PCODE": "CIV7398",
        "centerLat": 9.951121419,
        "centerLng": -5.99704735,
        "pop": 1282,
        "score": 1282,
        "whiteLoc": 1
      },
      "id": 761
    },
    {
      "type": "Feature",
      "geometry": {
        "coordinates": [
          -6.283779018,
          9.035054514
        ],
        "type": "Point"
      },
      "properties": {
        "ADM0_FR": "WOROBA",
        "ADM0_PCODE": "CI13",
        "ADM1_FR": "BERE",
        "ADM1_PCODE": "CI107",
        "ADM2_FR": "DIANRA",
        "ADM2_PCODE": "CI0701",
        "ADM3_FR": "DIANRA",
        "ADM3_PCODE": "CI070101",
        "ADM4_FR": "SOLIFONO",
        "ADM4_PCODE": "CIV7399",
        "centerLat": 9.035054514,
        "centerLng": -6.283779018,
        "pop": 860,
        "score": 860,
        "whiteLoc": 1
      },
      "id": 762
    },
    {
      "type": "Feature",
      "geometry": {
        "coordinates": [
          -7.905093798,
          8.877619859
        ],
        "type": "Point"
      },
      "properties": {
        "ADM0_FR": "WOROBA",
        "ADM0_PCODE": "CI13",
        "ADM1_FR": "BAFING",
        "ADM1_PCODE": "CI104",
        "ADM2_FR": "KORO",
        "ADM2_PCODE": "CI0401",
        "ADM3_FR": "BOOKO",
        "ADM3_PCODE": "CI040102",
        "ADM4_FR": "SOMANA",
        "ADM4_PCODE": "CIV7414",
        "centerLat": 8.877619859,
        "centerLng": -7.905093798,
        "pop": 306,
        "score": 306,
        "whiteLoc": 1
      },
      "id": 763
    },
    {
      "type": "Feature",
      "geometry": {
        "coordinates": [
          -7.470771641,
          7.808009211
        ],
        "type": "Point"
      },
      "properties": {
        "ADM0_FR": "MONTAGNES",
        "ADM0_PCODE": "CI09",
        "ADM1_FR": "TONKPI",
        "ADM1_PCODE": "CI132",
        "ADM2_FR": "BIANKOUMA",
        "ADM2_PCODE": "CI3201",
        "ADM3_FR": "GOUINE",
        "ADM3_PCODE": "CI320105",
        "ADM4_FR": "SOMBA",
        "ADM4_PCODE": "CIV7415",
        "centerLat": 7.808009211,
        "centerLng": -7.470771641,
        "pop": 1808,
        "score": 1808,
        "whiteLoc": 1
      },
      "id": 764
    },
    {
      "type": "Feature",
      "geometry": {
        "coordinates": [
          -5.642540831,
          8.81924627
        ],
        "type": "Point"
      },
      "properties": {
        "ADM0_FR": "VALLEE DU BANDAMA",
        "ADM0_PCODE": "CI12",
        "ADM1_FR": "HAMBOL",
        "ADM1_PCODE": "CI117",
        "ADM2_FR": "NIAKARAMADOUGOU",
        "ADM2_PCODE": "CI1703",
        "ADM3_FR": "TORTIYA",
        "ADM3_PCODE": "CI170306",
        "ADM4_FR": "SONGOROKAHA",
        "ADM4_PCODE": "CIV7433",
        "centerLat": 8.81924627,
        "centerLng": -5.642540831,
        "pop": 171,
        "score": 171,
        "whiteLoc": 1
      },
      "id": 765
    },
    {
      "type": "Feature",
      "geometry": {
        "coordinates": [
          -5.556228636,
          10.115631555
        ],
        "type": "Point"
      },
      "properties": {
        "ADM0_FR": "SAVANES",
        "ADM0_PCODE": "CI11",
        "ADM1_FR": "TCHOLOGO",
        "ADM1_PCODE": "CI131",
        "ADM2_FR": "OUANGOLODOUGOU",
        "ADM2_PCODE": "CI3103",
        "ADM3_FR": "DIAWALA",
        "ADM3_PCODE": "CI310302",
        "ADM4_FR": "SONONI",
        "ADM4_PCODE": "CIV7435",
        "centerLat": 10.115631555,
        "centerLng": -5.556228636,
        "pop": 2245,
        "score": 2245,
        "whiteLoc": 1
      },
      "id": 766
    },
    {
      "type": "Feature",
      "geometry": {
        "coordinates": [
          -3.025526453,
          9.412329237
        ],
        "type": "Point"
      },
      "properties": {
        "ADM0_FR": "ZANZAN",
        "ADM0_PCODE": "CI14",
        "ADM1_FR": "BOUNKANI",
        "ADM1_PCODE": "CI108",
        "ADM2_FR": "BOUNA",
        "ADM2_PCODE": "CI0801",
        "ADM3_FR": "BOUNA",
        "ADM3_PCODE": "CI080102",
        "ADM4_FR": "SONOUHODOUO",
        "ADM4_PCODE": "CIV7438",
        "centerLat": 9.412329237,
        "centerLng": -3.025526453,
        "pop": 93,
        "score": 93,
        "whiteLoc": 1
      },
      "id": 767
    },
    {
      "type": "Feature",
      "geometry": {
        "coordinates": [
          -7.126331567,
          8.089209004
        ],
        "type": "Point"
      },
      "properties": {
        "ADM0_FR": "WOROBA",
        "ADM0_PCODE": "CI13",
        "ADM1_FR": "BAFING",
        "ADM1_PCODE": "CI104",
        "ADM2_FR": "TOUBA",
        "ADM2_PCODE": "CI0403",
        "ADM3_FR": "GUINTEGUELA",
        "ADM3_PCODE": "CI040304",
        "ADM4_FR": "SOROTONA",
        "ADM4_PCODE": "CIV7446",
        "centerLat": 8.089209004,
        "centerLng": -7.126331567,
        "pop": 964,
        "score": 964,
        "whiteLoc": 1
      },
      "id": 768
    },
    {
      "type": "Feature",
      "geometry": {
        "coordinates": [
          -5.563508921,
          9.674583499
        ],
        "type": "Point"
      },
      "properties": {
        "ADM0_FR": "SAVANES",
        "ADM0_PCODE": "CI11",
        "ADM1_FR": "PORO",
        "ADM1_PCODE": "CI128",
        "ADM2_FR": "KORHOGO",
        "ADM2_PCODE": "CI2802",
        "ADM3_FR": "LATAHA",
        "ADM3_PCODE": "CI280209",
        "ADM4_FR": "SOTIANHOUAVOGO",
        "ADM4_PCODE": "CIV7447",
        "centerLat": 9.674583499,
        "centerLng": -5.563508921,
        "pop": 249,
        "score": 249,
        "whiteLoc": 1
      },
      "id": 769
    },
    {
      "type": "Feature",
      "geometry": {
        "coordinates": [
          -3.179619598,
          9.32877433
        ],
        "type": "Point"
      },
      "properties": {
        "ADM0_FR": "ZANZAN",
        "ADM0_PCODE": "CI14",
        "ADM1_FR": "BOUNKANI",
        "ADM1_PCODE": "CI108",
        "ADM2_FR": "BOUNA",
        "ADM2_PCODE": "CI0801",
        "ADM3_FR": "BOUNA",
        "ADM3_PCODE": "CI080102",
        "ADM4_FR": "SOTITEDOUO",
        "ADM4_PCODE": "CIV7449",
        "centerLat": 9.32877433,
        "centerLng": -3.179619598,
        "pop": 594,
        "score": 594,
        "whiteLoc": 1
      },
      "id": 770
    },
    {
      "type": "Feature",
      "geometry": {
        "coordinates": [
          -7.422388396,
          4.380715183
        ],
        "type": "Point"
      },
      "properties": {
        "ADM0_FR": "BAS-SASSANDRA",
        "ADM0_PCODE": "CI01",
        "ADM1_FR": "SAN-PEDRO",
        "ADM1_PCODE": "CI129",
        "ADM2_FR": "TABOU",
        "ADM2_PCODE": "CI2902",
        "ADM3_FR": "TABOU",
        "ADM3_PCODE": "CI290201",
        "ADM4_FR": "SOUKE",
        "ADM4_PCODE": "CIV7475",
        "centerLat": 4.380715183,
        "centerLng": -7.422388396,
        "pop": 259,
        "score": 259,
        "whiteLoc": 1
      },
      "id": 771
    },
    {
      "type": "Feature",
      "geometry": {
        "coordinates": [
          -5.788469109,
          9.224541224
        ],
        "type": "Point"
      },
      "properties": {
        "ADM0_FR": "SAVANES",
        "ADM0_PCODE": "CI11",
        "ADM1_FR": "PORO",
        "ADM1_PCODE": "CI128",
        "ADM2_FR": "DIKODOUGOU",
        "ADM2_PCODE": "CI2801",
        "ADM3_FR": "GUIEMBE",
        "ADM3_PCODE": "CI280103",
        "ADM4_FR": "SOUMON",
        "ADM4_PCODE": "CIV7486",
        "centerLat": 9.224541224,
        "centerLng": -5.788469109,
        "pop": 333,
        "score": 333,
        "whiteLoc": 1
      },
      "id": 772
    },
    {
      "type": "Feature",
      "geometry": {
        "coordinates": [
          -6.719252374,
          8.164670408
        ],
        "type": "Point"
      },
      "properties": {
        "ADM0_FR": "WOROBA",
        "ADM0_PCODE": "CI13",
        "ADM1_FR": "WORODOUGOU",
        "ADM1_PCODE": "CI133",
        "ADM2_FR": "SEGUELA",
        "ADM2_PCODE": "CI3302",
        "ADM3_FR": "BOBI",
        "ADM3_PCODE": "CI330202",
        "ADM4_FR": "SOUROUMANA",
        "ADM4_PCODE": "CIV7500",
        "centerLat": 8.164670408,
        "centerLng": -6.719252374,
        "pop": 127,
        "score": 127,
        "whiteLoc": 1
      },
      "id": 773
    },
    {
      "type": "Feature",
      "geometry": {
        "coordinates": [
          -2.951097638,
          9.159026085
        ],
        "type": "Point"
      },
      "properties": {
        "ADM0_FR": "ZANZAN",
        "ADM0_PCODE": "CI14",
        "ADM1_FR": "BOUNKANI",
        "ADM1_PCODE": "CI108",
        "ADM2_FR": "BOUNA",
        "ADM2_PCODE": "CI0801",
        "ADM3_FR": "BOUNA",
        "ADM3_PCODE": "CI080102",
        "ADM4_FR": "SPALDOUO",
        "ADM4_PCODE": "CIV7503",
        "centerLat": 9.159026085,
        "centerLng": -2.951097638,
        "pop": 686,
        "score": 686,
        "whiteLoc": 1
      },
      "id": 774
    },
    {
      "type": "Feature",
      "geometry": {
        "coordinates": [
          -4.736992716,
          5.192369047
        ],
        "type": "Point"
      },
      "properties": {
        "ADM0_FR": "LAGUNES",
        "ADM0_PCODE": "CI08",
        "ADM1_FR": "GRANDS-PONTS",
        "ADM1_PCODE": "CI115",
        "ADM2_FR": "JACQUEVILLE",
        "ADM2_PCODE": "CI1503",
        "ADM3_FR": "JACQUEVILLE",
        "ADM3_PCODE": "CI150301",
        "ADM4_FR": "TABOUTOU",
        "ADM4_PCODE": "CIV7538",
        "centerLat": 5.192369047,
        "centerLng": -4.736992716,
        "pop": 726,
        "score": 726,
        "whiteLoc": 1
      },
      "id": 775
    },
    {
      "type": "Feature",
      "geometry": {
        "coordinates": [
          -5.111652461,
          5.362565545
        ],
        "type": "Point"
      },
      "properties": {
        "ADM0_FR": "GOH-DJIBOUA",
        "ADM0_PCODE": "CI06",
        "ADM1_FR": "LOH-DJIBOUA",
        "ADM1_PCODE": "CI122",
        "ADM2_FR": "GUITRY",
        "ADM2_PCODE": "CI2202",
        "ADM3_FR": "YOCOBOUE",
        "ADM3_PCODE": "CI220204",
        "ADM4_FR": "TACHIDOU 1",
        "ADM4_PCODE": "CIV7539",
        "centerLat": 5.362565545,
        "centerLng": -5.111652461,
        "pop": 1142,
        "score": 1142,
        "whiteLoc": 1
      },
      "id": 776
    },
    {
      "type": "Feature",
      "geometry": {
        "coordinates": [
          -5.096274671,
          5.367993
        ],
        "type": "Point"
      },
      "properties": {
        "ADM0_FR": "GOH-DJIBOUA",
        "ADM0_PCODE": "CI06",
        "ADM1_FR": "LOH-DJIBOUA",
        "ADM1_PCODE": "CI122",
        "ADM2_FR": "GUITRY",
        "ADM2_PCODE": "CI2202",
        "ADM3_FR": "YOCOBOUE",
        "ADM3_PCODE": "CI220204",
        "ADM4_FR": "TACHIDOU 2",
        "ADM4_PCODE": "CIV7540",
        "centerLat": 5.367993,
        "centerLng": -5.096274671,
        "pop": 2800,
        "score": 2800,
        "whiteLoc": 1
      },
      "id": 777
    },
    {
      "type": "Feature",
      "geometry": {
        "coordinates": [
          -5.805934498,
          8.35768816
        ],
        "type": "Point"
      },
      "properties": {
        "ADM0_FR": "WOROBA",
        "ADM0_PCODE": "CI13",
        "ADM1_FR": "BERE",
        "ADM1_PCODE": "CI107",
        "ADM2_FR": "MANKONO",
        "ADM2_PCODE": "CI0703",
        "ADM3_FR": "BOUANDOUGOU",
        "ADM3_PCODE": "CI070302",
        "ADM4_FR": "TAKANAZO-MOUSSOSSO",
        "ADM4_PCODE": "CIV7575",
        "centerLat": 8.35768816,
        "centerLng": -5.805934498,
        "pop": 795,
        "score": 795,
        "whiteLoc": 1
      },
      "id": 778
    },
    {
      "type": "Feature",
      "geometry": {
        "coordinates": [
          -6.707747493,
          4.695177376
        ],
        "type": "Point"
      },
      "properties": {
        "ADM0_FR": "BAS-SASSANDRA",
        "ADM0_PCODE": "CI01",
        "ADM1_FR": "SAN-PEDRO",
        "ADM1_PCODE": "CI129",
        "ADM2_FR": "SAN-PEDRO",
        "ADM2_PCODE": "CI2901",
        "ADM3_FR": "SAN-PEDRO",
        "ADM3_PCODE": "CI290101",
        "ADM4_FR": "TAKI",
        "ADM4_PCODE": "CIV7578",
        "centerLat": 4.695177376,
        "centerLng": -6.707747493,
        "pop": 596,
        "score": 596,
        "whiteLoc": 1
      },
      "id": 779
    },
    {
      "type": "Feature",
      "geometry": {
        "coordinates": [
          -6.081905453,
          9.725819008
        ],
        "type": "Point"
      },
      "properties": {
        "ADM0_FR": "SAVANES",
        "ADM0_PCODE": "CI11",
        "ADM1_FR": "PORO",
        "ADM1_PCODE": "CI128",
        "ADM2_FR": "KORHOGO",
        "ADM2_PCODE": "CI2802",
        "ADM3_FR": "NIOFOIN",
        "ADM3_PCODE": "CI280213",
        "ADM4_FR": "TALAPIN",
        "ADM4_PCODE": "CIV7601",
        "centerLat": 9.725819008,
        "centerLng": -6.081905453,
        "pop": 391,
        "score": 391,
        "whiteLoc": 1
      },
      "id": 780
    },
    {
      "type": "Feature",
      "geometry": {
        "coordinates": [
          -3.23859451,
          9.742206033
        ],
        "type": "Point"
      },
      "properties": {
        "ADM0_FR": "ZANZAN",
        "ADM0_PCODE": "CI14",
        "ADM1_FR": "BOUNKANI",
        "ADM1_PCODE": "CI108",
        "ADM2_FR": "DOROPO",
        "ADM2_PCODE": "CI0802",
        "ADM3_FR": "KALAMON",
        "ADM3_PCODE": "CI080203",
        "ADM4_FR": "TALO",
        "ADM4_PCODE": "CIV7607",
        "centerLat": 9.742206033,
        "centerLng": -3.23859451,
        "pop": 360,
        "score": 360,
        "whiteLoc": 1
      },
      "id": 781
    },
    {
      "type": "Feature",
      "geometry": {
        "coordinates": [
          -3.355435752,
          9.898484893
        ],
        "type": "Point"
      },
      "properties": {
        "ADM0_FR": "ZANZAN",
        "ADM0_PCODE": "CI14",
        "ADM1_FR": "BOUNKANI",
        "ADM1_PCODE": "CI108",
        "ADM2_FR": "DOROPO",
        "ADM2_PCODE": "CI0802",
        "ADM3_FR": "DOROPO",
        "ADM3_PCODE": "CI080202",
        "ADM4_FR": "TANGBADOUO",
        "ADM4_PCODE": "CIV7619",
        "centerLat": 9.898484893,
        "centerLng": -3.355435752,
        "pop": 289,
        "score": 289,
        "whiteLoc": 1
      },
      "id": 782
    },
    {
      "type": "Feature",
      "geometry": {
        "coordinates": [
          -7.554101588,
          4.720103052
        ],
        "type": "Point"
      },
      "properties": {
        "ADM0_FR": "BAS-SASSANDRA",
        "ADM0_PCODE": "CI01",
        "ADM1_FR": "SAN-PEDRO",
        "ADM1_PCODE": "CI129",
        "ADM2_FR": "TABOU",
        "ADM2_PCODE": "CI2902",
        "ADM3_FR": "OLODIO",
        "ADM3_PCODE": "CI290206",
        "ADM4_FR": "TANOUPLOU",
        "ADM4_PCODE": "CIV7633",
        "centerLat": 4.720103052,
        "centerLng": -7.554101588,
        "pop": 41,
        "score": 41,
        "whiteLoc": 1
      },
      "id": 783
    },
    {
      "type": "Feature",
      "geometry": {
        "coordinates": [
          -2.994648457,
          8.961201177
        ],
        "type": "Point"
      },
      "properties": {
        "ADM0_FR": "ZANZAN",
        "ADM0_PCODE": "CI14",
        "ADM1_FR": "BOUNKANI",
        "ADM1_PCODE": "CI108",
        "ADM2_FR": "BOUNA",
        "ADM2_PCODE": "CI0801",
        "ADM3_FR": "YOUNDOUO",
        "ADM3_PCODE": "CI080105",
        "ADM4_FR": "TANTOUDOUO",
        "ADM4_PCODE": "CIV7636",
        "centerLat": 8.961201177,
        "centerLng": -2.994648457,
        "pop": 7,
        "score": 7,
        "whiteLoc": 1
      },
      "id": 784
    },
    {
      "type": "Feature",
      "geometry": {
        "coordinates": [
          -3.510782674,
          9.899858602
        ],
        "type": "Point"
      },
      "properties": {
        "ADM0_FR": "ZANZAN",
        "ADM0_PCODE": "CI14",
        "ADM1_FR": "BOUNKANI",
        "ADM1_PCODE": "CI108",
        "ADM2_FR": "TEHINI",
        "ADM2_PCODE": "CI0804",
        "ADM3_FR": "GOGO",
        "ADM3_PCODE": "CI080402",
        "ADM4_FR": "TARA",
        "ADM4_PCODE": "CIV7650",
        "centerLat": 9.899858602,
        "centerLng": -3.510782674,
        "pop": 93,
        "score": 93,
        "whiteLoc": 1
      },
      "id": 785
    },
    {
      "type": "Feature",
      "geometry": {
        "coordinates": [
          -5.834953493,
          9.589840414
        ],
        "type": "Point"
      },
      "properties": {
        "ADM0_FR": "SAVANES",
        "ADM0_PCODE": "CI11",
        "ADM1_FR": "PORO",
        "ADM1_PCODE": "CI128",
        "ADM2_FR": "KORHOGO",
        "ADM2_PCODE": "CI2802",
        "ADM3_FR": "KORHOGO",
        "ADM3_PCODE": "CI280201",
        "ADM4_FR": "TARLIAN",
        "ADM4_PCODE": "CIV7653",
        "centerLat": 9.589840414,
        "centerLng": -5.834953493,
        "pop": 282,
        "score": 282,
        "whiteLoc": 1
      },
      "id": 786
    },
    {
      "type": "Feature",
      "geometry": {
        "coordinates": [
          -7.559381343,
          4.782241151
        ],
        "type": "Point"
      },
      "properties": {
        "ADM0_FR": "BAS-SASSANDRA",
        "ADM0_PCODE": "CI01",
        "ADM1_FR": "SAN-PEDRO",
        "ADM1_PCODE": "CI129",
        "ADM2_FR": "TABOU",
        "ADM2_PCODE": "CI2902",
        "ADM3_FR": "OLODIO",
        "ADM3_PCODE": "CI290206",
        "ADM4_FR": "TATE 1",
        "ADM4_PCODE": "CIV7656",
        "centerLat": 4.782241151,
        "centerLng": -7.559381343,
        "pop": 81,
        "score": 81,
        "whiteLoc": 1
      },
      "id": 787
    },
    {
      "type": "Feature",
      "geometry": {
        "coordinates": [
          -2.646166666,
          8.7402538
        ],
        "type": "Point"
      },
      "properties": {
        "ADM0_FR": "ZANZAN",
        "ADM0_PCODE": "CI14",
        "ADM1_FR": "BOUNKANI",
        "ADM1_PCODE": "CI108",
        "ADM2_FR": "BOUNA",
        "ADM2_PCODE": "CI0801",
        "ADM3_FR": "ONDEFIDOUO",
        "ADM3_PCODE": "CI080103",
        "ADM4_FR": "TCHALAREDOUO",
        "ADM4_PCODE": "CIV7663",
        "centerLat": 8.7402538,
        "centerLng": -2.646166666,
        "pop": 514,
        "score": 514,
        "whiteLoc": 1
      },
      "id": 788
    },
    {
      "type": "Feature",
      "geometry": {
        "coordinates": [
          -3.267166528,
          9.390370075
        ],
        "type": "Point"
      },
      "properties": {
        "ADM0_FR": "ZANZAN",
        "ADM0_PCODE": "CI14",
        "ADM1_FR": "BOUNKANI",
        "ADM1_PCODE": "CI108",
        "ADM2_FR": "DOROPO",
        "ADM2_PCODE": "CI0802",
        "ADM3_FR": "NIAMOUE",
        "ADM3_PCODE": "CI080204",
        "ADM4_FR": "TCHANKOUDOUO",
        "ADM4_PCODE": "CIV7667",
        "centerLat": 9.390370075,
        "centerLng": -3.267166528,
        "pop": 124,
        "score": 124,
        "whiteLoc": 1
      },
      "id": 789
    },
    {
      "type": "Feature",
      "geometry": {
        "coordinates": [
          -3.183964731,
          9.34209543
        ],
        "type": "Point"
      },
      "properties": {
        "ADM0_FR": "ZANZAN",
        "ADM0_PCODE": "CI14",
        "ADM1_FR": "BOUNKANI",
        "ADM1_PCODE": "CI108",
        "ADM2_FR": "BOUNA",
        "ADM2_PCODE": "CI0801",
        "ADM3_FR": "BOUNA",
        "ADM3_PCODE": "CI080102",
        "ADM4_FR": "TCHATIEDOUO",
        "ADM4_PCODE": "CIV7677",
        "centerLat": 9.34209543,
        "centerLng": -3.183964731,
        "pop": 337,
        "score": 337,
        "whiteLoc": 1
      },
      "id": 790
    },
    {
      "type": "Feature",
      "geometry": {
        "coordinates": [
          -3.066217561,
          9.110485874
        ],
        "type": "Point"
      },
      "properties": {
        "ADM0_FR": "ZANZAN",
        "ADM0_PCODE": "CI14",
        "ADM1_FR": "BOUNKANI",
        "ADM1_PCODE": "CI108",
        "ADM2_FR": "BOUNA",
        "ADM2_PCODE": "CI0801",
        "ADM3_FR": "ONDEFIDOUO",
        "ADM3_PCODE": "CI080103",
        "ADM4_FR": "TCHATIEDOUO 2",
        "ADM4_PCODE": "CIV7678",
        "centerLat": 9.110485874,
        "centerLng": -3.066217561,
        "pop": 1193,
        "score": 1193,
        "whiteLoc": 1
      },
      "id": 791
    },
    {
      "type": "Feature",
      "geometry": {
        "coordinates": [
          -3.088376619,
          9.476930633
        ],
        "type": "Point"
      },
      "properties": {
        "ADM0_FR": "ZANZAN",
        "ADM0_PCODE": "CI14",
        "ADM1_FR": "BOUNKANI",
        "ADM1_PCODE": "CI108",
        "ADM2_FR": "BOUNA",
        "ADM2_PCODE": "CI0801",
        "ADM3_FR": "BOUKO",
        "ADM3_PCODE": "CI080101",
        "ADM4_FR": "TCHEDIDOUO",
        "ADM4_PCODE": "CIV7681",
        "centerLat": 9.476930633,
        "centerLng": -3.088376619,
        "pop": 71,
        "score": 71,
        "whiteLoc": 1
      },
      "id": 792
    },
    {
      "type": "Feature",
      "geometry": {
        "coordinates": [
          -3.305899607,
          9.399046922
        ],
        "type": "Point"
      },
      "properties": {
        "ADM0_FR": "ZANZAN",
        "ADM0_PCODE": "CI14",
        "ADM1_FR": "BOUNKANI",
        "ADM1_PCODE": "CI108",
        "ADM2_FR": "DOROPO",
        "ADM2_PCODE": "CI0802",
        "ADM3_FR": "NIAMOUE",
        "ADM3_PCODE": "CI080204",
        "ADM4_FR": "TCHERGARDOUO",
        "ADM4_PCODE": "CIV7685",
        "centerLat": 9.399046922,
        "centerLng": -3.305899607,
        "pop": 132,
        "score": 132,
        "whiteLoc": 1
      },
      "id": 793
    },
    {
      "type": "Feature",
      "geometry": {
        "coordinates": [
          -3.108156489,
          9.541159598
        ],
        "type": "Point"
      },
      "properties": {
        "ADM0_FR": "ZANZAN",
        "ADM0_PCODE": "CI14",
        "ADM1_FR": "BOUNKANI",
        "ADM1_PCODE": "CI108",
        "ADM2_FR": "BOUNA",
        "ADM2_PCODE": "CI0801",
        "ADM3_FR": "BOUKO",
        "ADM3_PCODE": "CI080101",
        "ADM4_FR": "TCHITCHIDOUO",
        "ADM4_PCODE": "CIV7692",
        "centerLat": 9.541159598,
        "centerLng": -3.108156489,
        "pop": 68,
        "score": 68,
        "whiteLoc": 1
      },
      "id": 794
    },
    {
      "type": "Feature",
      "geometry": {
        "coordinates": [
          -3.041125772,
          9.562040702
        ],
        "type": "Point"
      },
      "properties": {
        "ADM0_FR": "ZANZAN",
        "ADM0_PCODE": "CI14",
        "ADM1_FR": "BOUNKANI",
        "ADM1_PCODE": "CI108",
        "ADM2_FR": "BOUNA",
        "ADM2_PCODE": "CI0801",
        "ADM3_FR": "BOUKO",
        "ADM3_PCODE": "CI080101",
        "ADM4_FR": "TCHOKODOUO 2",
        "ADM4_PCODE": "CIV7696",
        "centerLat": 9.562040702,
        "centerLng": -3.041125772,
        "pop": 313,
        "score": 313,
        "whiteLoc": 1
      },
      "id": 795
    },
    {
      "type": "Feature",
      "geometry": {
        "coordinates": [
          -3.463705838,
          9.845308376
        ],
        "type": "Point"
      },
      "properties": {
        "ADM0_FR": "ZANZAN",
        "ADM0_PCODE": "CI14",
        "ADM1_FR": "BOUNKANI",
        "ADM1_PCODE": "CI108",
        "ADM2_FR": "TEHINI",
        "ADM2_PCODE": "CI0804",
        "ADM3_FR": "GOGO",
        "ADM3_PCODE": "CI080402",
        "ADM4_FR": "TCHOTCHOROTCHO",
        "ADM4_PCODE": "CIV7701",
        "centerLat": 9.845308376,
        "centerLng": -3.463705838,
        "pop": 226,
        "score": 226,
        "whiteLoc": 1
      },
      "id": 796
    },
    {
      "type": "Feature",
      "geometry": {
        "coordinates": [
          -2.659825273,
          8.740228995
        ],
        "type": "Point"
      },
      "properties": {
        "ADM0_FR": "ZANZAN",
        "ADM0_PCODE": "CI14",
        "ADM1_FR": "BOUNKANI",
        "ADM1_PCODE": "CI108",
        "ADM2_FR": "BOUNA",
        "ADM2_PCODE": "CI0801",
        "ADM3_FR": "ONDEFIDOUO",
        "ADM3_PCODE": "CI080103",
        "ADM4_FR": "TEFATEDOUO",
        "ADM4_PCODE": "CIV7710",
        "centerLat": 8.740228995,
        "centerLng": -2.659825273,
        "pop": 311,
        "score": 311,
        "whiteLoc": 1
      },
      "id": 797
    },
    {
      "type": "Feature",
      "geometry": {
        "coordinates": [
          -3.17833746,
          8.024105456
        ],
        "type": "Point"
      },
      "properties": {
        "ADM0_FR": "ZANZAN",
        "ADM0_PCODE": "CI14",
        "ADM1_FR": "GONTOUGO",
        "ADM1_PCODE": "CI114",
        "ADM2_FR": "TANDA",
        "ADM2_PCODE": "CI1404",
        "ADM3_FR": "AMANVI",
        "ADM3_PCODE": "CI140402",
        "ADM4_FR": "TEGOHUNI",
        "ADM4_PCODE": "CIV7715",
        "centerLat": 8.024105456,
        "centerLng": -3.17833746,
        "pop": 839,
        "score": 839,
        "whiteLoc": 1
      },
      "id": 798
    },
    {
      "type": "Feature",
      "geometry": {
        "coordinates": [
          -7.491461079,
          7.552065717
        ],
        "type": "Point"
      },
      "properties": {
        "ADM0_FR": "MONTAGNES",
        "ADM0_PCODE": "CI09",
        "ADM1_FR": "TONKPI",
        "ADM1_PCODE": "CI132",
        "ADM2_FR": "MAN",
        "ADM2_PCODE": "CI3203",
        "ADM3_FR": "SANDOUGOU-SOBA",
        "ADM3_PCODE": "CI320307",
        "ADM4_FR": "TEGOUIN",
        "ADM4_PCODE": "CIV7716",
        "centerLat": 7.552065717,
        "centerLng": -7.491461079,
        "pop": 376,
        "score": 376,
        "whiteLoc": 1
      },
      "id": 799
    },
    {
      "type": "Feature",
      "geometry": {
        "coordinates": [
          -5.971940125,
          10.177102105
        ],
        "type": "Point"
      },
      "properties": {
        "ADM0_FR": "SAVANES",
        "ADM0_PCODE": "CI11",
        "ADM1_FR": "PORO",
        "ADM1_PCODE": "CI128",
        "ADM2_FR": "M'BENGUE",
        "ADM2_PCODE": "CI2803",
        "ADM3_FR": "BOUGOU",
        "ADM3_PCODE": "CI280302",
        "ADM4_FR": "TEHEKAHA",
        "ADM4_PCODE": "CIV7720",
        "centerLat": 10.177102105,
        "centerLng": -5.971940125,
        "pop": 822,
        "score": 822,
        "whiteLoc": 1
      },
      "id": 800
    },
    {
      "type": "Feature",
      "geometry": {
        "coordinates": [
          -5.467220097,
          9.43605327
        ],
        "type": "Point"
      },
      "properties": {
        "ADM0_FR": "SAVANES",
        "ADM0_PCODE": "CI11",
        "ADM1_FR": "PORO",
        "ADM1_PCODE": "CI128",
        "ADM2_FR": "KORHOGO",
        "ADM2_PCODE": "CI2802",
        "ADM3_FR": "KOMBORODOUGOU",
        "ADM3_PCODE": "CI280207",
        "ADM4_FR": "TENENANKAHA",
        "ADM4_PCODE": "CIV7743",
        "centerLat": 9.43605327,
        "centerLng": -5.467220097,
        "pop": 169,
        "score": 169,
        "whiteLoc": 1
      },
      "id": 801
    },
    {
      "type": "Feature",
      "geometry": {
        "coordinates": [
          -7.452137737,
          4.643748182
        ],
        "type": "Point"
      },
      "properties": {
        "ADM0_FR": "BAS-SASSANDRA",
        "ADM0_PCODE": "CI01",
        "ADM1_FR": "SAN-PEDRO",
        "ADM1_PCODE": "CI129",
        "ADM2_FR": "TABOU",
        "ADM2_PCODE": "CI2902",
        "ADM3_FR": "OLODIO",
        "ADM3_PCODE": "CI290206",
        "ADM4_FR": "TEPO IBOKE",
        "ADM4_PCODE": "CIV7749",
        "centerLat": 4.643748182,
        "centerLng": -7.452137737,
        "pop": 899,
        "score": 899,
        "whiteLoc": 1
      },
      "id": 802
    },
    {
      "type": "Feature",
      "geometry": {
        "coordinates": [
          -6.47948899,
          5.415258057
        ],
        "type": "Point"
      },
      "properties": {
        "ADM0_FR": "BAS-SASSANDRA",
        "ADM0_PCODE": "CI01",
        "ADM1_FR": "NAWA",
        "ADM1_PCODE": "CI126",
        "ADM2_FR": "MEAGUI",
        "ADM2_PCODE": "CI2603",
        "ADM3_FR": "MEAGUI",
        "ADM3_PCODE": "CI260301",
        "ADM4_FR": "TEREADJI 2",
        "ADM4_PCODE": "CIV7752",
        "centerLat": 5.415258057,
        "centerLng": -6.47948899,
        "pop": 740,
        "score": 740,
        "whiteLoc": 1
      },
      "id": 803
    },
    {
      "type": "Feature",
      "geometry": {
        "coordinates": [
          -5.874170503,
          9.406775043
        ],
        "type": "Point"
      },
      "properties": {
        "ADM0_FR": "SAVANES",
        "ADM0_PCODE": "CI11",
        "ADM1_FR": "PORO",
        "ADM1_PCODE": "CI128",
        "ADM2_FR": "KORHOGO",
        "ADM2_PCODE": "CI2802",
        "ADM3_FR": "KOMBOLOKOURA",
        "ADM3_PCODE": "CI280206",
        "ADM4_FR": "TIALOHO",
        "ADM4_PCODE": "CIV7770",
        "centerLat": 9.406775043,
        "centerLng": -5.874170503,
        "pop": 261,
        "score": 261,
        "whiteLoc": 1
      },
      "id": 804
    },
    {
      "type": "Feature",
      "geometry": {
        "coordinates": [
          -5.541209208,
          9.709407825
        ],
        "type": "Point"
      },
      "properties": {
        "ADM0_FR": "SAVANES",
        "ADM0_PCODE": "CI11",
        "ADM1_FR": "PORO",
        "ADM1_PCODE": "CI128",
        "ADM2_FR": "KORHOGO",
        "ADM2_PCODE": "CI2802",
        "ADM3_FR": "LATAHA",
        "ADM3_PCODE": "CI280209",
        "ADM4_FR": "TIANVOLOVOGO",
        "ADM4_PCODE": "CIV7778",
        "centerLat": 9.709407825,
        "centerLng": -5.541209208,
        "pop": 201,
        "score": 201,
        "whiteLoc": 1
      },
      "id": 805
    },
    {
      "type": "Feature",
      "geometry": {
        "coordinates": [
          -3.782442967,
          9.814391927
        ],
        "type": "Point"
      },
      "properties": {
        "ADM0_FR": "ZANZAN",
        "ADM0_PCODE": "CI14",
        "ADM1_FR": "BOUNKANI",
        "ADM1_PCODE": "CI108",
        "ADM2_FR": "TEHINI",
        "ADM2_PCODE": "CI0804",
        "ADM3_FR": "TEHINI",
        "ADM3_PCODE": "CI080401",
        "ADM4_FR": "TIAPARGA",
        "ADM4_PCODE": "CIV7779",
        "centerLat": 9.814391927,
        "centerLng": -3.782442967,
        "pop": 660,
        "score": 660,
        "whiteLoc": 1
      },
      "id": 806
    },
    {
      "type": "Feature",
      "geometry": {
        "coordinates": [
          -5.77929741,
          8.034564891
        ],
        "type": "Point"
      },
      "properties": {
        "ADM0_FR": "WOROBA",
        "ADM0_PCODE": "CI13",
        "ADM1_FR": "BERE",
        "ADM1_PCODE": "CI107",
        "ADM2_FR": "MANKONO",
        "ADM2_PCODE": "CI0703",
        "ADM3_FR": "TIENINGBOUE",
        "ADM3_PCODE": "CI070305",
        "ADM4_FR": "TIASSEDOUGOU",
        "ADM4_PCODE": "CIV7786",
        "centerLat": 8.034564891,
        "centerLng": -5.77929741,
        "pop": 1536,
        "score": 1536,
        "whiteLoc": 1
      },
      "id": 807
    },
    {
      "type": "Feature",
      "geometry": {
        "coordinates": [
          -3.342552921,
          9.587240702
        ],
        "type": "Point"
      },
      "properties": {
        "ADM0_FR": "ZANZAN",
        "ADM0_PCODE": "CI14",
        "ADM1_FR": "BOUNKANI",
        "ADM1_PCODE": "CI108",
        "ADM2_FR": "DOROPO",
        "ADM2_PCODE": "CI0802",
        "ADM3_FR": "DOROPO",
        "ADM3_PCODE": "CI080202",
        "ADM4_FR": "TIBINANDOUO",
        "ADM4_PCODE": "CIV7792",
        "centerLat": 9.587240702,
        "centerLng": -3.342552921,
        "pop": 459,
        "score": 459,
        "whiteLoc": 1
      },
      "id": 808
    },
    {
      "type": "Feature",
      "geometry": {
        "coordinates": [
          -2.98344982,
          8.94709589
        ],
        "type": "Point"
      },
      "properties": {
        "ADM0_FR": "ZANZAN",
        "ADM0_PCODE": "CI14",
        "ADM1_FR": "BOUNKANI",
        "ADM1_PCODE": "CI108",
        "ADM2_FR": "BOUNA",
        "ADM2_PCODE": "CI0801",
        "ADM3_FR": "YOUNDOUO",
        "ADM3_PCODE": "CI080105",
        "ADM4_FR": "TIBODOUO(IBOBDOUO)",
        "ADM4_PCODE": "CIV7793",
        "centerLat": 8.94709589,
        "centerLng": -2.98344982,
        "pop": 208,
        "score": 208,
        "whiteLoc": 1
      },
      "id": 809
    },
    {
      "type": "Feature",
      "geometry": {
        "coordinates": [
          -3.008136475,
          8.704433826
        ],
        "type": "Point"
      },
      "properties": {
        "ADM0_FR": "ZANZAN",
        "ADM0_PCODE": "CI14",
        "ADM1_FR": "BOUNKANI",
        "ADM1_PCODE": "CI108",
        "ADM2_FR": "BOUNA",
        "ADM2_PCODE": "CI0801",
        "ADM3_FR": "YOUNDOUO",
        "ADM3_PCODE": "CI080105",
        "ADM4_FR": "TIBOULTEDOUO",
        "ADM4_PCODE": "CIV7795",
        "centerLat": 8.704433826,
        "centerLng": -3.008136475,
        "pop": 957,
        "score": 957,
        "whiteLoc": 1
      },
      "id": 810
    },
    {
      "type": "Feature",
      "geometry": {
        "coordinates": [
          -3.379735882,
          9.693794552
        ],
        "type": "Point"
      },
      "properties": {
        "ADM0_FR": "ZANZAN",
        "ADM0_PCODE": "CI14",
        "ADM1_FR": "BOUNKANI",
        "ADM1_PCODE": "CI108",
        "ADM2_FR": "DOROPO",
        "ADM2_PCODE": "CI0802",
        "ADM3_FR": "DOROPO",
        "ADM3_PCODE": "CI080202",
        "ADM4_FR": "TIBROTI",
        "ADM4_PCODE": "CIV7796",
        "centerLat": 9.693794552,
        "centerLng": -3.379735882,
        "pop": 240,
        "score": 240,
        "whiteLoc": 1
      },
      "id": 811
    },
    {
      "type": "Feature",
      "geometry": {
        "coordinates": [
          -3.439508439,
          7.79392658
        ],
        "type": "Point"
      },
      "properties": {
        "ADM0_FR": "ZANZAN",
        "ADM0_PCODE": "CI14",
        "ADM1_FR": "GONTOUGO",
        "ADM1_PCODE": "CI114",
        "ADM2_FR": "KOUN-FAO",
        "ADM2_PCODE": "CI1402",
        "ADM3_FR": "KOUASSI-DATEKRO",
        "ADM3_PCODE": "CI140204",
        "ADM4_FR": "TIEFOUMBOURA",
        "ADM4_PCODE": "CIV7813",
        "centerLat": 7.79392658,
        "centerLng": -3.439508439,
        "pop": 292,
        "score": 292,
        "whiteLoc": 1
      },
      "id": 812
    },
    {
      "type": "Feature",
      "geometry": {
        "coordinates": [
          -7.708916528,
          7.900744704
        ],
        "type": "Point"
      },
      "properties": {
        "ADM0_FR": "WOROBA",
        "ADM0_PCODE": "CI13",
        "ADM1_FR": "BAFING",
        "ADM1_PCODE": "CI104",
        "ADM2_FR": "TOUBA",
        "ADM2_PCODE": "CI0403",
        "ADM3_FR": "FOUNGBESSO",
        "ADM3_PCODE": "CI040303",
        "ADM4_FR": "TIEKOURASSO",
        "ADM4_PCODE": "CIV7827",
        "centerLat": 7.900744704,
        "centerLng": -7.708916528,
        "pop": 238,
        "score": 238,
        "whiteLoc": 1
      },
      "id": 813
    },
    {
      "type": "Feature",
      "geometry": {
        "coordinates": [
          -7.542285768,
          8.226713216
        ],
        "type": "Point"
      },
      "properties": {
        "ADM0_FR": "WOROBA",
        "ADM0_PCODE": "CI13",
        "ADM1_FR": "BAFING",
        "ADM1_PCODE": "CI104",
        "ADM2_FR": "TOUBA",
        "ADM2_PCODE": "CI0403",
        "ADM3_FR": "TOUBA",
        "ADM3_PCODE": "CI040301",
        "ADM4_FR": "TIEKOURASSO",
        "ADM4_PCODE": "CIV7828",
        "centerLat": 8.226713216,
        "centerLng": -7.542285768,
        "pop": 115,
        "score": 115,
        "whiteLoc": 1
      },
      "id": 814
    },
    {
      "type": "Feature",
      "geometry": {
        "coordinates": [
          -7.1972361,
          9.4900907
        ],
        "type": "Point"
      },
      "properties": {
        "ADM0_FR": "DENGUELE",
        "ADM0_PCODE": "CI03",
        "ADM1_FR": "KABADOUGOU",
        "ADM1_PCODE": "CI121",
        "ADM2_FR": "SEGUELON",
        "ADM2_PCODE": "CI2105",
        "ADM3_FR": "SEGUELON",
        "ADM3_PCODE": "CI210501",
        "ADM4_FR": "TIEMBA",
        "ADM4_PCODE": "CIV7840",
        "centerLat": 9.4900907,
        "centerLng": -7.1972361,
        "pop": 1083,
        "score": 1083,
        "whiteLoc": 1
      },
      "id": 815
    },
    {
      "type": "Feature",
      "geometry": {
        "coordinates": [
          -4.884746311,
          6.694342238
        ],
        "type": "Point"
      },
      "properties": {
        "ADM0_FR": "LACS",
        "ADM0_PCODE": "CI07",
        "ADM1_FR": "N'ZI",
        "ADM1_PCODE": "CI127",
        "ADM2_FR": "DIMBOKRO",
        "ADM2_PCODE": "CI2702",
        "ADM3_FR": "ABIGUI",
        "ADM3_PCODE": "CI270201",
        "ADM4_FR": "TIEMELE-ANDOKRO",
        "ADM4_PCODE": "CIV7845",
        "centerLat": 6.694342238,
        "centerLng": -4.884746311,
        "pop": 122,
        "score": 122,
        "whiteLoc": 1
      },
      "id": 816
    },
    {
      "type": "Feature",
      "geometry": {
        "coordinates": [
          -7.716546877,
          7.902299606
        ],
        "type": "Point"
      },
      "properties": {
        "ADM0_FR": "WOROBA",
        "ADM0_PCODE": "CI13",
        "ADM1_FR": "BAFING",
        "ADM1_PCODE": "CI104",
        "ADM2_FR": "TOUBA",
        "ADM2_PCODE": "CI0403",
        "ADM3_FR": "FOUNGBESSO",
        "ADM3_PCODE": "CI040303",
        "ADM4_FR": "TIEMONISSO",
        "ADM4_PCODE": "CIV7851",
        "centerLat": 7.902299606,
        "centerLng": -7.716546877,
        "pop": 236,
        "score": 236,
        "whiteLoc": 1
      },
      "id": 817
    },
    {
      "type": "Feature",
      "geometry": {
        "coordinates": [
          -3.380869051,
          9.516555697
        ],
        "type": "Point"
      },
      "properties": {
        "ADM0_FR": "ZANZAN",
        "ADM0_PCODE": "CI14",
        "ADM1_FR": "BOUNKANI",
        "ADM1_PCODE": "CI108",
        "ADM2_FR": "DOROPO",
        "ADM2_PCODE": "CI0802",
        "ADM3_FR": "NIAMOUE",
        "ADM3_PCODE": "CI080204",
        "ADM4_FR": "TIEMPIRA",
        "ADM4_PCODE": "CIV7853",
        "centerLat": 9.516555697,
        "centerLng": -3.380869051,
        "pop": 627,
        "score": 627,
        "whiteLoc": 1
      },
      "id": 818
    },
    {
      "type": "Feature",
      "geometry": {
        "coordinates": [
          -3.334752821,
          7.439356554
        ],
        "type": "Point"
      },
      "properties": {
        "ADM0_FR": "ZANZAN",
        "ADM0_PCODE": "CI14",
        "ADM1_FR": "GONTOUGO",
        "ADM1_PCODE": "CI114",
        "ADM2_FR": "KOUN-FAO",
        "ADM2_PCODE": "CI1402",
        "ADM3_FR": "KOUN-FAO",
        "ADM3_PCODE": "CI140201",
        "ADM4_FR": "TIENKOUASSIKRO",
        "ADM4_PCODE": "CIV7871",
        "centerLat": 7.439356554,
        "centerLng": -3.334752821,
        "pop": 197,
        "score": 197,
        "whiteLoc": 1
      },
      "id": 819
    },
    {
      "type": "Feature",
      "geometry": {
        "coordinates": [
          -7.719088012,
          8.779038636
        ],
        "type": "Point"
      },
      "properties": {
        "ADM0_FR": "WOROBA",
        "ADM0_PCODE": "CI13",
        "ADM1_FR": "BAFING",
        "ADM1_PCODE": "CI104",
        "ADM2_FR": "KORO",
        "ADM2_PCODE": "CI0401",
        "ADM3_FR": "BOOKO",
        "ADM3_PCODE": "CI040102",
        "ADM4_FR": "TIENLO",
        "ADM4_PCODE": "CIV7873",
        "centerLat": 8.779038636,
        "centerLng": -7.719088012,
        "pop": 412,
        "score": 412,
        "whiteLoc": 1
      },
      "id": 820
    },
    {
      "type": "Feature",
      "geometry": {
        "coordinates": [
          -3.185541526,
          8.915827436
        ],
        "type": "Point"
      },
      "properties": {
        "ADM0_FR": "ZANZAN",
        "ADM0_PCODE": "CI14",
        "ADM1_FR": "BOUNKANI",
        "ADM1_PCODE": "CI108",
        "ADM2_FR": "BOUNA",
        "ADM2_PCODE": "CI0801",
        "ADM3_FR": "BOUNA",
        "ADM3_PCODE": "CI080102",
        "ADM4_FR": "TIESSABA",
        "ADM4_PCODE": "CIV7883",
        "centerLat": 8.915827436,
        "centerLng": -3.185541526,
        "pop": 596,
        "score": 596,
        "whiteLoc": 1
      },
      "id": 821
    },
    {
      "type": "Feature",
      "geometry": {
        "coordinates": [
          -5.695450728,
          7.500618951
        ],
        "type": "Point"
      },
      "properties": {
        "ADM0_FR": "VALLEE DU BANDAMA",
        "ADM0_PCODE": "CI12",
        "ADM1_FR": "GBEKE",
        "ADM1_PCODE": "CI111",
        "ADM2_FR": "BEOUMI",
        "ADM2_PCODE": "CI1101",
        "ADM3_FR": "ANDOKEKRENOU",
        "ADM3_PCODE": "CI110101",
        "ADM4_FR": "TIESSOU AMOINKRO",
        "ADM4_PCODE": "CIV7887",
        "centerLat": 7.500618951,
        "centerLng": -5.695450728,
        "pop": 393,
        "score": 393,
        "whiteLoc": 1
      },
      "id": 822
    },
    {
      "type": "Feature",
      "geometry": {
        "coordinates": [
          -8.22147903,
          7.456318033
        ],
        "type": "Point"
      },
      "properties": {
        "ADM0_FR": "MONTAGNES",
        "ADM0_PCODE": "CI09",
        "ADM1_FR": "TONKPI",
        "ADM1_PCODE": "CI132",
        "ADM2_FR": "DANANE",
        "ADM2_PCODE": "CI3202",
        "ADM3_FR": "KOUAN-HOULE",
        "ADM3_PCODE": "CI320204",
        "ADM4_FR": "TIEUPLEU 1",
        "ADM4_PCODE": "CIV7895",
        "centerLat": 7.456318033,
        "centerLng": -8.22147903,
        "pop": 1943,
        "score": 1943,
        "whiteLoc": 1
      },
      "id": 823
    },
    {
      "type": "Feature",
      "geometry": {
        "coordinates": [
          -8.227903575,
          7.450321791
        ],
        "type": "Point"
      },
      "properties": {
        "ADM0_FR": "MONTAGNES",
        "ADM0_PCODE": "CI09",
        "ADM1_FR": "TONKPI",
        "ADM1_PCODE": "CI132",
        "ADM2_FR": "DANANE",
        "ADM2_PCODE": "CI3202",
        "ADM3_FR": "KOUAN-HOULE",
        "ADM3_PCODE": "CI320204",
        "ADM4_FR": "TIEUPLEU 2",
        "ADM4_PCODE": "CIV7896",
        "centerLat": 7.450321791,
        "centerLng": -8.227903575,
        "pop": 1943,
        "score": 1943,
        "whiteLoc": 1
      },
      "id": 824
    },
    {
      "type": "Feature",
      "geometry": {
        "coordinates": [
          -5.17780561,
          9.448819497
        ],
        "type": "Point"
      },
      "properties": {
        "ADM0_FR": "SAVANES",
        "ADM0_PCODE": "CI11",
        "ADM1_FR": "TCHOLOGO",
        "ADM1_PCODE": "CI131",
        "ADM2_FR": "FERKESSEDOUGOU",
        "ADM2_PCODE": "CI3101",
        "ADM3_FR": "KOUMBALA",
        "ADM3_PCODE": "CI310102",
        "ADM4_FR": "TIKISSIKAHA 2",
        "ADM4_PCODE": "CIV7908",
        "centerLat": 9.448819497,
        "centerLng": -5.17780561,
        "pop": 347,
        "score": 347,
        "whiteLoc": 1
      },
      "id": 825
    },
    {
      "type": "Feature",
      "geometry": {
        "coordinates": [
          -2.924240065,
          8.950330499
        ],
        "type": "Point"
      },
      "properties": {
        "ADM0_FR": "ZANZAN",
        "ADM0_PCODE": "CI14",
        "ADM1_FR": "BOUNKANI",
        "ADM1_PCODE": "CI108",
        "ADM2_FR": "BOUNA",
        "ADM2_PCODE": "CI0801",
        "ADM3_FR": "YOUNDOUO",
        "ADM3_PCODE": "CI080105",
        "ADM4_FR": "TILPIREDOUO",
        "ADM4_PCODE": "CIV7909",
        "centerLat": 8.950330499,
        "centerLng": -2.924240065,
        "pop": 208,
        "score": 208,
        "whiteLoc": 1
      },
      "id": 826
    },
    {
      "type": "Feature",
      "geometry": {
        "coordinates": [
          -2.990405265,
          9.722366617
        ],
        "type": "Point"
      },
      "properties": {
        "ADM0_FR": "ZANZAN",
        "ADM0_PCODE": "CI14",
        "ADM1_FR": "BOUNKANI",
        "ADM1_PCODE": "CI108",
        "ADM2_FR": "DOROPO",
        "ADM2_PCODE": "CI0802",
        "ADM3_FR": "DANOA",
        "ADM3_PCODE": "CI080201",
        "ADM4_FR": "TIMBELA",
        "ADM4_PCODE": "CIV7913",
        "centerLat": 9.722366617,
        "centerLng": -2.990405265,
        "pop": 263,
        "score": 263,
        "whiteLoc": 1
      },
      "id": 827
    },
    {
      "type": "Feature",
      "geometry": {
        "coordinates": [
          -3.328275169,
          9.742053275
        ],
        "type": "Point"
      },
      "properties": {
        "ADM0_FR": "ZANZAN",
        "ADM0_PCODE": "CI14",
        "ADM1_FR": "BOUNKANI",
        "ADM1_PCODE": "CI108",
        "ADM2_FR": "DOROPO",
        "ADM2_PCODE": "CI0802",
        "ADM3_FR": "DOROPO",
        "ADM3_PCODE": "CI080202",
        "ADM4_FR": "TIMBIELA(TIEMBIELA)",
        "ADM4_PCODE": "CIV7914",
        "centerLat": 9.742053275,
        "centerLng": -3.328275169,
        "pop": 137,
        "score": 137,
        "whiteLoc": 1
      },
      "id": 828
    },
    {
      "type": "Feature",
      "geometry": {
        "coordinates": [
          -3.885496964,
          7.828554304
        ],
        "type": "Point"
      },
      "properties": {
        "ADM0_FR": "LACS",
        "ADM0_PCODE": "CI07",
        "ADM1_FR": "IFFOU",
        "ADM1_PCODE": "CI119",
        "ADM2_FR": "PRIKRO",
        "ADM2_PCODE": "CI1903",
        "ADM3_FR": "FAMIENKRO",
        "ADM3_PCODE": "CI190303",
        "ADM4_FR": "TIMBO",
        "ADM4_PCODE": "CIV7915",
        "centerLat": 7.828554304,
        "centerLng": -3.885496964,
        "pop": 1780,
        "score": 1780,
        "whiteLoc": 1
      },
      "id": 829
    },
    {
      "type": "Feature",
      "geometry": {
        "coordinates": [
          -3.151722589,
          9.677172979
        ],
        "type": "Point"
      },
      "properties": {
        "ADM0_FR": "ZANZAN",
        "ADM0_PCODE": "CI14",
        "ADM1_FR": "BOUNKANI",
        "ADM1_PCODE": "CI108",
        "ADM2_FR": "DOROPO",
        "ADM2_PCODE": "CI0802",
        "ADM3_FR": "DANOA",
        "ADM3_PCODE": "CI080201",
        "ADM4_FR": "TIMIBORA",
        "ADM4_PCODE": "CIV7917",
        "centerLat": 9.677172979,
        "centerLng": -3.151722589,
        "pop": 297,
        "score": 297,
        "whiteLoc": 1
      },
      "id": 830
    },
    {
      "type": "Feature",
      "geometry": {
        "coordinates": [
          -3.015840728,
          9.708927336
        ],
        "type": "Point"
      },
      "properties": {
        "ADM0_FR": "ZANZAN",
        "ADM0_PCODE": "CI14",
        "ADM1_FR": "BOUNKANI",
        "ADM1_PCODE": "CI108",
        "ADM2_FR": "DOROPO",
        "ADM2_PCODE": "CI0802",
        "ADM3_FR": "DANOA",
        "ADM3_PCODE": "CI080201",
        "ADM4_FR": "TIMIKOUEDOUO 1",
        "ADM4_PCODE": "CIV7918",
        "centerLat": 9.708927336,
        "centerLng": -3.015840728,
        "pop": 63,
        "score": 63,
        "whiteLoc": 1
      },
      "id": 831
    },
    {
      "type": "Feature",
      "geometry": {
        "coordinates": [
          -3.014419263,
          9.689793672
        ],
        "type": "Point"
      },
      "properties": {
        "ADM0_FR": "ZANZAN",
        "ADM0_PCODE": "CI14",
        "ADM1_FR": "BOUNKANI",
        "ADM1_PCODE": "CI108",
        "ADM2_FR": "DOROPO",
        "ADM2_PCODE": "CI0802",
        "ADM3_FR": "DANOA",
        "ADM3_PCODE": "CI080201",
        "ADM4_FR": "TIMIKOUEDOUO 2",
        "ADM4_PCODE": "CIV7919",
        "centerLat": 9.689793672,
        "centerLng": -3.014419263,
        "pop": 93,
        "score": 93,
        "whiteLoc": 1
      },
      "id": 832
    },
    {
      "type": "Feature",
      "geometry": {
        "coordinates": [
          -4.249803658,
          8.171307368
        ],
        "type": "Point"
      },
      "properties": {
        "ADM0_FR": "VALLEE DU BANDAMA",
        "ADM0_PCODE": "CI12",
        "ADM1_FR": "HAMBOL",
        "ADM1_PCODE": "CI117",
        "ADM2_FR": "DABAKALA",
        "ADM2_PCODE": "CI1701",
        "ADM3_FR": "YAOSSEDOUGOU",
        "ADM3_PCODE": "CI170110",
        "ADM4_FR": "TINDAOULE",
        "ADM4_PCODE": "CIV7923",
        "centerLat": 8.171307368,
        "centerLng": -4.249803658,
        "pop": 377,
        "score": 377,
        "whiteLoc": 1
      },
      "id": 833
    },
    {
      "type": "Feature",
      "geometry": {
        "coordinates": [
          -3.131024171,
          9.530305966
        ],
        "type": "Point"
      },
      "properties": {
        "ADM0_FR": "ZANZAN",
        "ADM0_PCODE": "CI14",
        "ADM1_FR": "BOUNKANI",
        "ADM1_PCODE": "CI108",
        "ADM2_FR": "BOUNA",
        "ADM2_PCODE": "CI0801",
        "ADM3_FR": "BOUKO",
        "ADM3_PCODE": "CI080101",
        "ADM4_FR": "TINDODOUO",
        "ADM4_PCODE": "CIV7929",
        "centerLat": 9.530305966,
        "centerLng": -3.131024171,
        "pop": 545,
        "score": 545,
        "whiteLoc": 1
      },
      "id": 834
    },
    {
      "type": "Feature",
      "geometry": {
        "coordinates": [
          -4.721963297,
          8.583337508
        ],
        "type": "Point"
      },
      "properties": {
        "ADM0_FR": "VALLEE DU BANDAMA",
        "ADM0_PCODE": "CI12",
        "ADM1_FR": "HAMBOL",
        "ADM1_PCODE": "CI117",
        "ADM2_FR": "DABAKALA",
        "ADM2_PCODE": "CI1701",
        "ADM3_FR": "FOUMBOLO",
        "ADM3_PCODE": "CI170104",
        "ADM4_FR": "TIOBOLO",
        "ADM4_PCODE": "CIV7944",
        "centerLat": 8.583337508,
        "centerLng": -4.721963297,
        "pop": 418,
        "score": 418,
        "whiteLoc": 1
      },
      "id": 835
    },
    {
      "type": "Feature",
      "geometry": {
        "coordinates": [
          -6.825671,
          9.7907953
        ],
        "type": "Point"
      },
      "properties": {
        "ADM0_FR": "DENGUELE",
        "ADM0_PCODE": "CI03",
        "ADM1_FR": "KABADOUGOU",
        "ADM1_PCODE": "CI121",
        "ADM2_FR": "MADINANI",
        "ADM2_PCODE": "CI2102",
        "ADM3_FR": "FENGOLO",
        "ADM3_PCODE": "CI210202",
        "ADM4_FR": "TIOLASSO",
        "ADM4_PCODE": "CIV7950",
        "centerLat": 9.7907953,
        "centerLng": -6.825671,
        "pop": 1732,
        "score": 1732,
        "whiteLoc": 1
      },
      "id": 836
    },
    {
      "type": "Feature",
      "geometry": {
        "coordinates": [
          -5.642087378,
          9.125573423
        ],
        "type": "Point"
      },
      "properties": {
        "ADM0_FR": "SAVANES",
        "ADM0_PCODE": "CI11",
        "ADM1_FR": "PORO",
        "ADM1_PCODE": "CI128",
        "ADM2_FR": "DIKODOUGOU",
        "ADM2_PCODE": "CI2801",
        "ADM3_FR": "DIKODOUGOU",
        "ADM3_PCODE": "CI280102",
        "ADM4_FR": "TIONRIKAHA",
        "ADM4_PCODE": "CIV7961",
        "centerLat": 9.125573423,
        "centerLng": -5.642087378,
        "pop": 352,
        "score": 352,
        "whiteLoc": 1
      },
      "id": 837
    },
    {
      "type": "Feature",
      "geometry": {
        "coordinates": [
          -6.302031778,
          9.885728585
        ],
        "type": "Point"
      },
      "properties": {
        "ADM0_FR": "SAVANES",
        "ADM0_PCODE": "CI11",
        "ADM1_FR": "BAGOUE",
        "ADM1_PCODE": "CI105",
        "ADM2_FR": "KOUTO",
        "ADM2_PCODE": "CI0502",
        "ADM3_FR": "KOUTO",
        "ADM3_PCODE": "CI050201",
        "ADM4_FR": "TIORO",
        "ADM4_PCODE": "CIV7962",
        "centerLat": 9.885728585,
        "centerLng": -6.302031778,
        "pop": 1708,
        "score": 1708,
        "whiteLoc": 1
      },
      "id": 838
    },
    {
      "type": "Feature",
      "geometry": {
        "coordinates": [
          -7.413325211,
          8.232985958
        ],
        "type": "Point"
      },
      "properties": {
        "ADM0_FR": "WOROBA",
        "ADM0_PCODE": "CI13",
        "ADM1_FR": "BAFING",
        "ADM1_PCODE": "CI104",
        "ADM2_FR": "TOUBA",
        "ADM2_PCODE": "CI0403",
        "ADM3_FR": "TOUBA",
        "ADM3_PCODE": "CI040301",
        "ADM4_FR": "TOA",
        "ADM4_PCODE": "CIV7974",
        "centerLat": 8.232985958,
        "centerLng": -7.413325211,
        "pop": 1867,
        "score": 1867,
        "whiteLoc": 1
      },
      "id": 839
    },
    {
      "type": "Feature",
      "geometry": {
        "coordinates": [
          -4.055494227,
          9.750323423
        ],
        "type": "Point"
      },
      "properties": {
        "ADM0_FR": "ZANZAN",
        "ADM0_PCODE": "CI14",
        "ADM1_FR": "BOUNKANI",
        "ADM1_PCODE": "CI108",
        "ADM2_FR": "TEHINI",
        "ADM2_PCODE": "CI0804",
        "ADM3_FR": "TOUGBO",
        "ADM3_PCODE": "CI080403",
        "ADM4_FR": "TOBINKO",
        "ADM4_PCODE": "CIV7977",
        "centerLat": 9.750323423,
        "centerLng": -4.055494227,
        "pop": 546,
        "score": 546,
        "whiteLoc": 1
      },
      "id": 840
    },
    {
      "type": "Feature",
      "geometry": {
        "coordinates": [
          -3.302985847,
          9.717194056
        ],
        "type": "Point"
      },
      "properties": {
        "ADM0_FR": "ZANZAN",
        "ADM0_PCODE": "CI14",
        "ADM1_FR": "BOUNKANI",
        "ADM1_PCODE": "CI108",
        "ADM2_FR": "DOROPO",
        "ADM2_PCODE": "CI0802",
        "ADM3_FR": "DOROPO",
        "ADM3_PCODE": "CI080202",
        "ADM4_FR": "TOBOURA 1",
        "ADM4_PCODE": "CIV7980",
        "centerLat": 9.717194056,
        "centerLng": -3.302985847,
        "pop": 595,
        "score": 595,
        "whiteLoc": 1
      },
      "id": 841
    },
    {
      "type": "Feature",
      "geometry": {
        "coordinates": [
          -6.01601521,
          9.667440154
        ],
        "type": "Point"
      },
      "properties": {
        "ADM0_FR": "SAVANES",
        "ADM0_PCODE": "CI11",
        "ADM1_FR": "PORO",
        "ADM1_PCODE": "CI128",
        "ADM2_FR": "KORHOGO",
        "ADM2_PCODE": "CI2802",
        "ADM3_FR": "NIOFOIN",
        "ADM3_PCODE": "CI280213",
        "ADM4_FR": "TOLMAN",
        "ADM4_PCODE": "CIV8005",
        "centerLat": 9.667440154,
        "centerLng": -6.01601521,
        "pop": 758,
        "score": 758,
        "whiteLoc": 1
      },
      "id": 842
    },
    {
      "type": "Feature",
      "geometry": {
        "coordinates": [
          -6.149196306,
          9.811491895
        ],
        "type": "Point"
      },
      "properties": {
        "ADM0_FR": "SAVANES",
        "ADM0_PCODE": "CI11",
        "ADM1_FR": "BAGOUE",
        "ADM1_PCODE": "CI105",
        "ADM2_FR": "BOUNDIALI",
        "ADM2_PCODE": "CI0501",
        "ADM3_FR": "KASSERE",
        "ADM3_PCODE": "CI050104",
        "ADM4_FR": "TOMBA",
        "ADM4_PCODE": "CIV8009",
        "centerLat": 9.811491895,
        "centerLng": -6.149196306,
        "pop": 1087,
        "score": 1087,
        "whiteLoc": 1
      },
      "id": 843
    },
    {
      "type": "Feature",
      "geometry": {
        "coordinates": [
          -3.215798583,
          9.731749411
        ],
        "type": "Point"
      },
      "properties": {
        "ADM0_FR": "ZANZAN",
        "ADM0_PCODE": "CI14",
        "ADM1_FR": "BOUNKANI",
        "ADM1_PCODE": "CI108",
        "ADM2_FR": "DOROPO",
        "ADM2_PCODE": "CI0802",
        "ADM3_FR": "KALAMON",
        "ADM3_PCODE": "CI080203",
        "ADM4_FR": "TONGUIDOUO",
        "ADM4_PCODE": "CIV8023",
        "centerLat": 9.731749411,
        "centerLng": -3.215798583,
        "pop": 145,
        "score": 145,
        "whiteLoc": 1
      },
      "id": 844
    },
    {
      "type": "Feature",
      "geometry": {
        "coordinates": [
          -4.760358506,
          9.305781688
        ],
        "type": "Point"
      },
      "properties": {
        "ADM0_FR": "LACS",
        "ADM0_PCODE": "CI07",
        "ADM1_FR": "IFFOU",
        "ADM1_PCODE": "CI119",
        "ADM2_FR": "PRIKRO",
        "ADM2_PCODE": "CI1903",
        "ADM3_FR": "NAFANA",
        "ADM3_PCODE": "CI190305",
        "ADM4_FR": "TOUALA",
        "ADM4_PCODE": "CIV8063",
        "centerLat": 9.305781688,
        "centerLng": -4.760358506,
        "pop": 1658,
        "score": 1658,
        "whiteLoc": 1
      },
      "id": 845
    },
    {
      "type": "Feature",
      "geometry": {
        "coordinates": [
          -5.461542894,
          8.165076888
        ],
        "type": "Point"
      },
      "properties": {
        "ADM0_FR": "VALLEE DU BANDAMA",
        "ADM0_PCODE": "CI12",
        "ADM1_FR": "GBEKE",
        "ADM1_PCODE": "CI111",
        "ADM2_FR": "BEOUMI",
        "ADM2_PCODE": "CI1101",
        "ADM3_FR": "MARABADJASSA",
        "ADM3_PCODE": "CI110106",
        "ADM4_FR": "TOUDJAN 1",
        "ADM4_PCODE": "CIV8076",
        "centerLat": 8.165076888,
        "centerLng": -5.461542894,
        "pop": 1558,
        "score": 1558,
        "whiteLoc": 1
      },
      "id": 846
    },
    {
      "type": "Feature",
      "geometry": {
        "coordinates": [
          -5.416664126,
          8.204563595
        ],
        "type": "Point"
      },
      "properties": {
        "ADM0_FR": "VALLEE DU BANDAMA",
        "ADM0_PCODE": "CI12",
        "ADM1_FR": "GBEKE",
        "ADM1_PCODE": "CI111",
        "ADM2_FR": "BEOUMI",
        "ADM2_PCODE": "CI1101",
        "ADM3_FR": "MARABADJASSA",
        "ADM3_PCODE": "CI110106",
        "ADM4_FR": "TOUDJAN 2",
        "ADM4_PCODE": "CIV8077",
        "centerLat": 8.204563595,
        "centerLng": -5.416664126,
        "pop": 1310,
        "score": 1310,
        "whiteLoc": 1
      },
      "id": 847
    },
    {
      "type": "Feature",
      "geometry": {
        "coordinates": [
          -7.45431864,
          8.212598721
        ],
        "type": "Point"
      },
      "properties": {
        "ADM0_FR": "WOROBA",
        "ADM0_PCODE": "CI13",
        "ADM1_FR": "BAFING",
        "ADM1_PCODE": "CI104",
        "ADM2_FR": "TOUBA",
        "ADM2_PCODE": "CI0403",
        "ADM3_FR": "TOUBA",
        "ADM3_PCODE": "CI040301",
        "ADM4_FR": "TOUELA",
        "ADM4_PCODE": "CIV8078",
        "centerLat": 8.212598721,
        "centerLng": -7.45431864,
        "pop": 339,
        "score": 339,
        "whiteLoc": 1
      },
      "id": 848
    },
    {
      "type": "Feature",
      "geometry": {
        "coordinates": [
          -7.761782202,
          8.077299934
        ],
        "type": "Point"
      },
      "properties": {
        "ADM0_FR": "WOROBA",
        "ADM0_PCODE": "CI13",
        "ADM1_FR": "BAFING",
        "ADM1_PCODE": "CI104",
        "ADM2_FR": "OUANINOU",
        "ADM2_PCODE": "CI0402",
        "ADM3_FR": "GBELO",
        "ADM3_PCODE": "CI040202",
        "ADM4_FR": "TOUFINGA",
        "ADM4_PCODE": "CIV8081",
        "centerLat": 8.077299934,
        "centerLng": -7.761782202,
        "pop": 177,
        "score": 177,
        "whiteLoc": 1
      },
      "id": 849
    },
    {
      "type": "Feature",
      "geometry": {
        "coordinates": [
          -5.810875819,
          8.958244362
        ],
        "type": "Point"
      },
      "properties": {
        "ADM0_FR": "SAVANES",
        "ADM0_PCODE": "CI11",
        "ADM1_FR": "PORO",
        "ADM1_PCODE": "CI128",
        "ADM2_FR": "DIKODOUGOU",
        "ADM2_PCODE": "CI2801",
        "ADM3_FR": "DIKODOUGOU",
        "ADM3_PCODE": "CI280102",
        "ADM4_FR": "TOUNFINDE",
        "ADM4_PCODE": "CIV8109",
        "centerLat": 8.958244362,
        "centerLng": -5.810875819,
        "pop": 3100,
        "score": 3100,
        "whiteLoc": 1
      },
      "id": 850
    },
    {
      "type": "Feature",
      "geometry": {
        "coordinates": [
          -4.925672809,
          7.856320043
        ],
        "type": "Point"
      },
      "properties": {
        "ADM0_FR": "VALLEE DU BANDAMA",
        "ADM0_PCODE": "CI12",
        "ADM1_FR": "GBEKE",
        "ADM1_PCODE": "CI111",
        "ADM2_FR": "BOUAKE",
        "ADM2_PCODE": "CI1103",
        "ADM3_FR": "BOUAKE",
        "ADM3_PCODE": "CI110301",
        "ADM4_FR": "TOUNGBAKRO",
        "ADM4_PCODE": "CIV8110",
        "centerLat": 7.856320043,
        "centerLng": -4.925672809,
        "pop": 738,
        "score": 738,
        "whiteLoc": 1
      },
      "id": 851
    },
    {
      "type": "Feature",
      "geometry": {
        "coordinates": [
          -3.44372496,
          8.544779184
        ],
        "type": "Point"
      },
      "properties": {
        "ADM0_FR": "ZANZAN",
        "ADM0_PCODE": "CI14",
        "ADM1_FR": "BOUNKANI",
        "ADM1_PCODE": "CI108",
        "ADM2_FR": "NASSIAN",
        "ADM2_PCODE": "CI0803",
        "ADM3_FR": "NASSIAN",
        "ADM3_PCODE": "CI080301",
        "ADM4_FR": "TOUNGBO-YAGA",
        "ADM4_PCODE": "CIV8115",
        "centerLat": 8.544779184,
        "centerLng": -3.44372496,
        "pop": 1036,
        "score": 1036,
        "whiteLoc": 1
      },
      "id": 852
    },
    {
      "type": "Feature",
      "geometry": {
        "coordinates": [
          -7.71352916,
          8.988964755
        ],
        "type": "Point"
      },
      "properties": {
        "ADM0_FR": "WOROBA",
        "ADM0_PCODE": "CI13",
        "ADM1_FR": "BAFING",
        "ADM1_PCODE": "CI104",
        "ADM2_FR": "KORO",
        "ADM2_PCODE": "CI0401",
        "ADM3_FR": "BOOKO",
        "ADM3_PCODE": "CI040102",
        "ADM4_FR": "TOUNZI",
        "ADM4_PCODE": "CIV8118",
        "centerLat": 8.988964755,
        "centerLng": -7.71352916,
        "pop": 699,
        "score": 699,
        "whiteLoc": 1
      },
      "id": 853
    },
    {
      "type": "Feature",
      "geometry": {
        "coordinates": [
          -8.355766063,
          7.298220544
        ],
        "type": "Point"
      },
      "properties": {
        "ADM0_FR": "MONTAGNES",
        "ADM0_PCODE": "CI09",
        "ADM1_FR": "TONKPI",
        "ADM1_PCODE": "CI132",
        "ADM2_FR": "DANANE",
        "ADM2_PCODE": "CI3202",
        "ADM3_FR": "GBON-HOUYE",
        "ADM3_PCODE": "CI320203",
        "ADM4_FR": "TOUOPLEU",
        "ADM4_PCODE": "CIV8122",
        "centerLat": 7.298220544,
        "centerLng": -8.355766063,
        "pop": 277,
        "score": 277,
        "whiteLoc": 1
      },
      "id": 854
    },
    {
      "type": "Feature",
      "geometry": {
        "coordinates": [
          -7.559641785,
          4.665984245
        ],
        "type": "Point"
      },
      "properties": {
        "ADM0_FR": "BAS-SASSANDRA",
        "ADM0_PCODE": "CI01",
        "ADM1_FR": "SAN-PEDRO",
        "ADM1_PCODE": "CI129",
        "ADM2_FR": "TABOU",
        "ADM2_PCODE": "CI2902",
        "ADM3_FR": "OLODIO",
        "ADM3_PCODE": "CI290206",
        "ADM4_FR": "TOUPA",
        "ADM4_PCODE": "CIV8123",
        "centerLat": 4.665984245,
        "centerLng": -7.559641785,
        "pop": 397,
        "score": 397,
        "whiteLoc": 1
      },
      "id": 855
    },
    {
      "type": "Feature",
      "geometry": {
        "coordinates": [
          -3.928525843,
          8.609999759
        ],
        "type": "Point"
      },
      "properties": {
        "ADM0_FR": "VALLEE DU BANDAMA",
        "ADM0_PCODE": "CI12",
        "ADM1_FR": "HAMBOL",
        "ADM1_PCODE": "CI117",
        "ADM2_FR": "DABAKALA",
        "ADM2_PCODE": "CI1701",
        "ADM3_FR": "TENDENE-BAMBARASSO",
        "ADM3_PCODE": "CI170109",
        "ADM4_FR": "TOUPE",
        "ADM4_PCODE": "CIV8125",
        "centerLat": 8.609999759,
        "centerLng": -3.928525843,
        "pop": 383,
        "score": 383,
        "whiteLoc": 1
      },
      "id": 856
    },
    {
      "type": "Feature",
      "geometry": {
        "coordinates": [
          -3.598588447,
          9.904756585
        ],
        "type": "Point"
      },
      "properties": {
        "ADM0_FR": "ZANZAN",
        "ADM0_PCODE": "CI14",
        "ADM1_FR": "BOUNKANI",
        "ADM1_PCODE": "CI108",
        "ADM2_FR": "TEHINI",
        "ADM2_PCODE": "CI0804",
        "ADM3_FR": "GOGO",
        "ADM3_PCODE": "CI080402",
        "ADM4_FR": "TOURAME",
        "ADM4_PCODE": "CIV8126",
        "centerLat": 9.904756585,
        "centerLng": -3.598588447,
        "pop": 596,
        "score": 596,
        "whiteLoc": 1
      },
      "id": 857
    },
    {
      "type": "Feature",
      "geometry": {
        "coordinates": [
          -4.345678649,
          7.746419519
        ],
        "type": "Point"
      },
      "properties": {
        "ADM0_FR": "LACS",
        "ADM0_PCODE": "CI07",
        "ADM1_FR": "IFFOU",
        "ADM1_PCODE": "CI119",
        "ADM2_FR": "M'BAHIAKRO",
        "ADM2_PCODE": "CI1902",
        "ADM3_FR": "KONDOSSOU",
        "ADM3_PCODE": "CI190203",
        "ADM4_FR": "TOURE-MAKARI",
        "ADM4_PCODE": "CIV8127",
        "centerLat": 7.746419519,
        "centerLng": -4.345678649,
        "pop": 300,
        "score": 300,
        "whiteLoc": 1
      },
      "id": 858
    },
    {
      "type": "Feature",
      "geometry": {
        "coordinates": [
          -7.730563656,
          6.46789321
        ],
        "type": "Point"
      },
      "properties": {
        "ADM0_FR": "MONTAGNES",
        "ADM0_PCODE": "CI09",
        "ADM1_FR": "CAVALLY",
        "ADM1_PCODE": "CI109",
        "ADM2_FR": "GUIGLO",
        "ADM2_PCODE": "CI0902",
        "ADM3_FR": "KAADE",
        "ADM3_PCODE": "CI090203",
        "ADM4_FR": "TROYA 2",
        "ADM4_PCODE": "CIV8175",
        "centerLat": 6.46789321,
        "centerLng": -7.730563656,
        "pop": 10149,
        "score": 10149,
        "whiteLoc": 1
      },
      "id": 859
    },
    {
      "type": "Feature",
      "geometry": {
        "coordinates": [
          -5.744961059,
          9.304907022
        ],
        "type": "Point"
      },
      "properties": {
        "ADM0_FR": "SAVANES",
        "ADM0_PCODE": "CI11",
        "ADM1_FR": "PORO",
        "ADM1_PCODE": "CI128",
        "ADM2_FR": "DIKODOUGOU",
        "ADM2_PCODE": "CI2801",
        "ADM3_FR": "GUIEMBE",
        "ADM3_PCODE": "CI280103",
        "ADM4_FR": "TRYPOUNGO",
        "ADM4_PCODE": "CIV8177",
        "centerLat": 9.304907022,
        "centerLng": -5.744961059,
        "pop": 605,
        "score": 605,
        "whiteLoc": 1
      },
      "id": 860
    },
    {
      "type": "Feature",
      "geometry": {
        "coordinates": [
          -7.705788207,
          8.757993737
        ],
        "type": "Point"
      },
      "properties": {
        "ADM0_FR": "WOROBA",
        "ADM0_PCODE": "CI13",
        "ADM1_FR": "BAFING",
        "ADM1_PCODE": "CI104",
        "ADM2_FR": "KORO",
        "ADM2_PCODE": "CI0401",
        "ADM3_FR": "NIOKOSSO",
        "ADM3_PCODE": "CI040105",
        "ADM4_FR": "VACABADOUGOU",
        "ADM4_PCODE": "CIV8188",
        "centerLat": 8.757993737,
        "centerLng": -7.705788207,
        "pop": 76,
        "score": 76,
        "whiteLoc": 1
      },
      "id": 861
    },
    {
      "type": "Feature",
      "geometry": {
        "coordinates": [
          -7.686576981,
          8.771177142
        ],
        "type": "Point"
      },
      "properties": {
        "ADM0_FR": "WOROBA",
        "ADM0_PCODE": "CI13",
        "ADM1_FR": "BAFING",
        "ADM1_PCODE": "CI104",
        "ADM2_FR": "KORO",
        "ADM2_PCODE": "CI0401",
        "ADM3_FR": "NIOKOSSO",
        "ADM3_PCODE": "CI040105",
        "ADM4_FR": "VAFINDOUGOU",
        "ADM4_PCODE": "CIV8191",
        "centerLat": 8.771177142,
        "centerLng": -7.686576981,
        "pop": 674,
        "score": 674,
        "whiteLoc": 1
      },
      "id": 862
    },
    {
      "type": "Feature",
      "geometry": {
        "coordinates": [
          -3.14905491,
          9.35046584
        ],
        "type": "Point"
      },
      "properties": {
        "ADM0_FR": "ZANZAN",
        "ADM0_PCODE": "CI14",
        "ADM1_FR": "BOUNKANI",
        "ADM1_PCODE": "CI108",
        "ADM2_FR": "BOUNA",
        "ADM2_PCODE": "CI0801",
        "ADM3_FR": "BOUNA",
        "ADM3_PCODE": "CI080102",
        "ADM4_FR": "VIGOLI",
        "ADM4_PCODE": "CIV8212",
        "centerLat": 9.35046584,
        "centerLng": -3.14905491,
        "pop": 131,
        "score": 131,
        "whiteLoc": 1
      },
      "id": 863
    },
    {
      "type": "Feature",
      "geometry": {
        "coordinates": [
          -3.232712545,
          9.436821664
        ],
        "type": "Point"
      },
      "properties": {
        "ADM0_FR": "ZANZAN",
        "ADM0_PCODE": "CI14",
        "ADM1_FR": "BOUNKANI",
        "ADM1_PCODE": "CI108",
        "ADM2_FR": "BOUNA",
        "ADM2_PCODE": "CI0801",
        "ADM3_FR": "BOUKO",
        "ADM3_PCODE": "CI080101",
        "ADM4_FR": "VILAYO",
        "ADM4_PCODE": "CIV8213",
        "centerLat": 9.436821664,
        "centerLng": -3.232712545,
        "pop": 202,
        "score": 202,
        "whiteLoc": 1
      },
      "id": 864
    },
    {
      "type": "Feature",
      "geometry": {
        "coordinates": [
          -8.218111005,
          7.139992014
        ],
        "type": "Point"
      },
      "properties": {
        "ADM0_FR": "MONTAGNES",
        "ADM0_PCODE": "CI09",
        "ADM1_FR": "TONKPI",
        "ADM1_PCODE": "CI132",
        "ADM2_FR": "DANANE",
        "ADM2_PCODE": "CI3202",
        "ADM3_FR": "SEILEU",
        "ADM3_PCODE": "CI320206",
        "ADM4_FR": "VIPLEU",
        "ADM4_PCODE": "CIV8216",
        "centerLat": 7.139992014,
        "centerLng": -8.218111005,
        "pop": 682,
        "score": 682,
        "whiteLoc": 1
      },
      "id": 865
    },
    {
      "type": "Feature",
      "geometry": {
        "coordinates": [
          -6.016222063,
          9.584654977
        ],
        "type": "Point"
      },
      "properties": {
        "ADM0_FR": "SAVANES",
        "ADM0_PCODE": "CI11",
        "ADM1_FR": "PORO",
        "ADM1_PCODE": "CI128",
        "ADM2_FR": "KORHOGO",
        "ADM2_PCODE": "CI2802",
        "ADM3_FR": "NIOFOIN",
        "ADM3_PCODE": "CI280213",
        "ADM4_FR": "VOGO",
        "ADM4_PCODE": "CIV8221",
        "centerLat": 9.584654977,
        "centerLng": -6.016222063,
        "pop": 534,
        "score": 534,
        "whiteLoc": 1
      },
      "id": 866
    },
    {
      "type": "Feature",
      "geometry": {
        "coordinates": [
          -3.143513973,
          8.108757296
        ],
        "type": "Point"
      },
      "properties": {
        "ADM0_FR": "ZANZAN",
        "ADM0_PCODE": "CI14",
        "ADM1_FR": "GONTOUGO",
        "ADM1_PCODE": "CI114",
        "ADM2_FR": "BONDOUKOU",
        "ADM2_PCODE": "CI1401",
        "ADM3_FR": "TABAGNE",
        "ADM3_PCODE": "CI140109",
        "ADM4_FR": "WAKIALA",
        "ADM4_PCODE": "CIV8240",
        "centerLat": 8.108757296,
        "centerLng": -3.143513973,
        "pop": 1030,
        "score": 1030,
        "whiteLoc": 1
      },
      "id": 867
    },
    {
      "type": "Feature",
      "geometry": {
        "coordinates": [
          -2.970434547,
          9.566506764
        ],
        "type": "Point"
      },
      "properties": {
        "ADM0_FR": "ZANZAN",
        "ADM0_PCODE": "CI14",
        "ADM1_FR": "BOUNKANI",
        "ADM1_PCODE": "CI108",
        "ADM2_FR": "BOUNA",
        "ADM2_PCODE": "CI0801",
        "ADM3_FR": "BOUKO",
        "ADM3_PCODE": "CI080101",
        "ADM4_FR": "WANAHIDOUO (OUNANKODOUO)",
        "ADM4_PCODE": "CIV8243",
        "centerLat": 9.566506764,
        "centerLng": -2.970434547,
        "pop": 1,
        "score": 1,
        "whiteLoc": 1
      },
      "id": 868
    },
    {
      "type": "Feature",
      "geometry": {
        "coordinates": [
          -4.042396752,
          8.17185394
        ],
        "type": "Point"
      },
      "properties": {
        "ADM0_FR": "VALLEE DU BANDAMA",
        "ADM0_PCODE": "CI12",
        "ADM1_FR": "HAMBOL",
        "ADM1_PCODE": "CI117",
        "ADM2_FR": "DABAKALA",
        "ADM2_PCODE": "CI1701",
        "ADM3_FR": "BASSAWA",
        "ADM3_PCODE": "CI170101",
        "ADM4_FR": "WANDRANA",
        "ADM4_PCODE": "CIV8245",
        "centerLat": 8.17185394,
        "centerLng": -4.042396752,
        "pop": 649,
        "score": 649,
        "whiteLoc": 1
      },
      "id": 869
    },
    {
      "type": "Feature",
      "geometry": {
        "coordinates": [
          -3.083009113,
          9.147445343
        ],
        "type": "Point"
      },
      "properties": {
        "ADM0_FR": "ZANZAN",
        "ADM0_PCODE": "CI14",
        "ADM1_FR": "BOUNKANI",
        "ADM1_PCODE": "CI108",
        "ADM2_FR": "BOUNA",
        "ADM2_PCODE": "CI0801",
        "ADM3_FR": "BOUNA",
        "ADM3_PCODE": "CI080102",
        "ADM4_FR": "WAYORODOUO",
        "ADM4_PCODE": "CIV8257",
        "centerLat": 9.147445343,
        "centerLng": -3.083009113,
        "pop": 102,
        "score": 102,
        "whiteLoc": 1
      },
      "id": 870
    },
    {
      "type": "Feature",
      "geometry": {
        "coordinates": [
          -7.592156358,
          4.806044377
        ],
        "type": "Point"
      },
      "properties": {
        "ADM0_FR": "BAS-SASSANDRA",
        "ADM0_PCODE": "CI01",
        "ADM1_FR": "SAN-PEDRO",
        "ADM1_PCODE": "CI129",
        "ADM2_FR": "TABOU",
        "ADM2_PCODE": "CI2902",
        "ADM3_FR": "GRABO",
        "ADM3_PCODE": "CI290205",
        "ADM4_FR": "WOTE",
        "ADM4_PCODE": "CIV8278",
        "centerLat": 4.806044377,
        "centerLng": -7.592156358,
        "pop": 87,
        "score": 87,
        "whiteLoc": 1
      },
      "id": 871
    },
    {
      "type": "Feature",
      "geometry": {
        "coordinates": [
          -3.149703964,
          9.693686152
        ],
        "type": "Point"
      },
      "properties": {
        "ADM0_FR": "ZANZAN",
        "ADM0_PCODE": "CI14",
        "ADM1_FR": "BOUNKANI",
        "ADM1_PCODE": "CI108",
        "ADM2_FR": "DOROPO",
        "ADM2_PCODE": "CI0802",
        "ADM3_FR": "DANOA",
        "ADM3_PCODE": "CI080201",
        "ADM4_FR": "WOUADARADOUO",
        "ADM4_PCODE": "CIV8279",
        "centerLat": 9.693686152,
        "centerLng": -3.149703964,
        "pop": 184,
        "score": 184,
        "whiteLoc": 1
      },
      "id": 872
    },
    {
      "type": "Feature",
      "geometry": {
        "coordinates": [
          -3.934085918,
          6.539860164
        ],
        "type": "Point"
      },
      "properties": {
        "ADM0_FR": "LAGUNES",
        "ADM0_PCODE": "CI08",
        "ADM1_FR": "LA ME",
        "ADM1_PCODE": "CI124",
        "ADM2_FR": "AKOUPE",
        "ADM2_PCODE": "CI2402",
        "ADM3_FR": "AKOUPE",
        "ADM3_PCODE": "CI240202",
        "ADM4_FR": "YAFFO - ATTIE",
        "ADM4_PCODE": "CIV8299",
        "centerLat": 6.539860164,
        "centerLng": -3.934085918,
        "pop": 1191,
        "score": 1191,
        "whiteLoc": 1
      },
      "id": 873
    },
    {
      "type": "Feature",
      "geometry": {
        "coordinates": [
          -4.009276886,
          6.553661038
        ],
        "type": "Point"
      },
      "properties": {
        "ADM0_FR": "LACS",
        "ADM0_PCODE": "CI07",
        "ADM1_FR": "MORONOU",
        "ADM1_PCODE": "CI125",
        "ADM2_FR": "ARRAH",
        "ADM2_PCODE": "CI2501",
        "ADM3_FR": "KOTOBI",
        "ADM3_PCODE": "CI250102",
        "ADM4_FR": "YAFFO-ABONGOUA",
        "ADM4_PCODE": "CIV8300",
        "centerLat": 6.553661038,
        "centerLng": -4.009276886,
        "pop": 4286,
        "score": 4286,
        "whiteLoc": 1
      },
      "id": 874
    },
    {
      "type": "Feature",
      "geometry": {
        "coordinates": [
          -7.615174034,
          8.106053663
        ],
        "type": "Point"
      },
      "properties": {
        "ADM0_FR": "WOROBA",
        "ADM0_PCODE": "CI13",
        "ADM1_FR": "BAFING",
        "ADM1_PCODE": "CI104",
        "ADM2_FR": "TOUBA",
        "ADM2_PCODE": "CI0403",
        "ADM3_FR": "FOUNGBESSO",
        "ADM3_PCODE": "CI040303",
        "ADM4_FR": "YALLA-FOUENAN",
        "ADM4_PCODE": "CIV8320",
        "centerLat": 8.106053663,
        "centerLng": -7.615174034,
        "pop": 333,
        "score": 333,
        "whiteLoc": 1
      },
      "id": 875
    },
    {
      "type": "Feature",
      "geometry": {
        "coordinates": [
          -7.822235796,
          8.127867576
        ],
        "type": "Point"
      },
      "properties": {
        "ADM0_FR": "WOROBA",
        "ADM0_PCODE": "CI13",
        "ADM1_FR": "BAFING",
        "ADM1_PCODE": "CI104",
        "ADM2_FR": "OUANINOU",
        "ADM2_PCODE": "CI0402",
        "ADM3_FR": "GBELO",
        "ADM3_PCODE": "CI040202",
        "ADM4_FR": "YAMAFASSO",
        "ADM4_PCODE": "CIV8327",
        "centerLat": 8.127867576,
        "centerLng": -7.822235796,
        "pop": 158,
        "score": 158,
        "whiteLoc": 1
      },
      "id": 876
    },
    {
      "type": "Feature",
      "geometry": {
        "coordinates": [
          -2.803711076,
          5.201414306
        ],
        "type": "Point"
      },
      "properties": {
        "ADM0_FR": "COMOE",
        "ADM0_PCODE": "CI02",
        "ADM1_FR": "SUD-COMOE",
        "ADM1_PCODE": "CI130",
        "ADM2_FR": "TIAPOUM",
        "ADM2_PCODE": "CI3004",
        "ADM3_FR": "NOE",
        "ADM3_PCODE": "CI300402",
        "ADM4_FR": "YAO AKAKRO",
        "ADM4_PCODE": "CIV8339",
        "centerLat": 5.201414306,
        "centerLng": -2.803711076,
        "pop": 1410,
        "score": 1410,
        "whiteLoc": 1
      },
      "id": 877
    },
    {
      "type": "Feature",
      "geometry": {
        "coordinates": [
          -4.637351767,
          7.853512664
        ],
        "type": "Point"
      },
      "properties": {
        "ADM0_FR": "VALLEE DU BANDAMA",
        "ADM0_PCODE": "CI12",
        "ADM1_FR": "GBEKE",
        "ADM1_PCODE": "CI111",
        "ADM2_FR": "BOUAKE",
        "ADM2_PCODE": "CI1103",
        "ADM3_FR": "MAMINI",
        "ADM3_PCODE": "CI110305",
        "ADM4_FR": "YAO AMOINKRO",
        "ADM4_PCODE": "CIV8340",
        "centerLat": 7.853512664,
        "centerLng": -4.637351767,
        "pop": 921,
        "score": 921,
        "whiteLoc": 1
      },
      "id": 878
    },
    {
      "type": "Feature",
      "geometry": {
        "coordinates": [
          -3.29962283,
          7.668746282
        ],
        "type": "Point"
      },
      "properties": {
        "ADM0_FR": "ZANZAN",
        "ADM0_PCODE": "CI14",
        "ADM1_FR": "GONTOUGO",
        "ADM1_PCODE": "CI114",
        "ADM2_FR": "KOUN-FAO",
        "ADM2_PCODE": "CI1402",
        "ADM3_FR": "KOUN-FAO",
        "ADM3_PCODE": "CI140201",
        "ADM4_FR": "YAO BADOUKRO",
        "ADM4_PCODE": "CIV8341",
        "centerLat": 7.668746282,
        "centerLng": -3.29962283,
        "pop": 250,
        "score": 250,
        "whiteLoc": 1
      },
      "id": 879
    },
    {
      "type": "Feature",
      "geometry": {
        "coordinates": [
          -4.1578894,
          6.520405801
        ],
        "type": "Point"
      },
      "properties": {
        "ADM0_FR": "LACS",
        "ADM0_PCODE": "CI07",
        "ADM1_FR": "MORONOU",
        "ADM1_PCODE": "CI125",
        "ADM2_FR": "BONGOUANOU",
        "ADM2_PCODE": "CI2502",
        "ADM3_FR": "BONGOUANOU",
        "ADM3_PCODE": "CI250203",
        "ADM4_FR": "YAO KASSIKRO",
        "ADM4_PCODE": "CIV8345",
        "centerLat": 6.520405801,
        "centerLng": -4.1578894,
        "pop": 176,
        "score": 176,
        "whiteLoc": 1
      },
      "id": 880
    },
    {
      "type": "Feature",
      "geometry": {
        "coordinates": [
          -3.376321271,
          7.808030891
        ],
        "type": "Point"
      },
      "properties": {
        "ADM0_FR": "ZANZAN",
        "ADM0_PCODE": "CI14",
        "ADM1_FR": "GONTOUGO",
        "ADM1_PCODE": "CI114",
        "ADM2_FR": "TANDA",
        "ADM2_PCODE": "CI1404",
        "ADM3_FR": "DIAMBA",
        "ADM3_PCODE": "CI140403",
        "ADM4_FR": "YAOBANGO",
        "ADM4_PCODE": "CIV8347",
        "centerLat": 7.808030891,
        "centerLng": -3.376321271,
        "pop": 347,
        "score": 347,
        "whiteLoc": 1
      },
      "id": 881
    },
    {
      "type": "Feature",
      "geometry": {
        "coordinates": [
          -7.456947038,
          8.392847832
        ],
        "type": "Point"
      },
      "properties": {
        "ADM0_FR": "WOROBA",
        "ADM0_PCODE": "CI13",
        "ADM1_FR": "BAFING",
        "ADM1_PCODE": "CI104",
        "ADM2_FR": "TOUBA",
        "ADM2_PCODE": "CI0403",
        "ADM3_FR": "TOUBA",
        "ADM3_PCODE": "CI040301",
        "ADM4_FR": "YATIENSO",
        "ADM4_PCODE": "CIV8386",
        "centerLat": 8.392847832,
        "centerLng": -7.456947038,
        "pop": 521,
        "score": 521,
        "whiteLoc": 1
      },
      "id": 882
    },
    {
      "type": "Feature",
      "geometry": {
        "coordinates": [
          -4.944492583,
          9.326639028
        ],
        "type": "Point"
      },
      "properties": {
        "ADM0_FR": "SAVANES",
        "ADM0_PCODE": "CI11",
        "ADM1_FR": "TCHOLOGO",
        "ADM1_PCODE": "CI131",
        "ADM2_FR": "FERKESSEDOUGOU",
        "ADM2_PCODE": "CI3101",
        "ADM3_FR": "KOUMBALA",
        "ADM3_PCODE": "CI310102",
        "ADM4_FR": "YEDJANDEKAHA",
        "ADM4_PCODE": "CIV8396",
        "centerLat": 9.326639028,
        "centerLng": -4.944492583,
        "pop": 1435,
        "score": 1435,
        "whiteLoc": 1
      },
      "id": 883
    },
    {
      "type": "Feature",
      "geometry": {
        "coordinates": [
          -3.108530045,
          9.558950424
        ],
        "type": "Point"
      },
      "properties": {
        "ADM0_FR": "ZANZAN",
        "ADM0_PCODE": "CI14",
        "ADM1_FR": "BOUNKANI",
        "ADM1_PCODE": "CI108",
        "ADM2_FR": "BOUNA",
        "ADM2_PCODE": "CI0801",
        "ADM3_FR": "BOUKO",
        "ADM3_PCODE": "CI080101",
        "ADM4_FR": "YENDADOUO",
        "ADM4_PCODE": "CIV8405",
        "centerLat": 9.558950424,
        "centerLng": -3.108530045,
        "pop": 63,
        "score": 63,
        "whiteLoc": 1
      },
      "id": 884
    },
    {
      "type": "Feature",
      "geometry": {
        "coordinates": [
          -2.905836952,
          9.317856782
        ],
        "type": "Point"
      },
      "properties": {
        "ADM0_FR": "ZANZAN",
        "ADM0_PCODE": "CI14",
        "ADM1_FR": "BOUNKANI",
        "ADM1_PCODE": "CI108",
        "ADM2_FR": "BOUNA",
        "ADM2_PCODE": "CI0801",
        "ADM3_FR": "BOUNA",
        "ADM3_PCODE": "CI080102",
        "ADM4_FR": "YEUNONDOUO",
        "ADM4_PCODE": "CIV8418",
        "centerLat": 9.317856782,
        "centerLng": -2.905836952,
        "pop": 125,
        "score": 125,
        "whiteLoc": 1
      },
      "id": 885
    },
    {
      "type": "Feature",
      "geometry": {
        "coordinates": [
          -6.275505559,
          7.842118467
        ],
        "type": "Point"
      },
      "properties": {
        "ADM0_FR": "WOROBA",
        "ADM0_PCODE": "CI13",
        "ADM1_FR": "WORODOUGOU",
        "ADM1_PCODE": "CI133",
        "ADM2_FR": "SEGUELA",
        "ADM2_PCODE": "CI3302",
        "ADM3_FR": "MASSALA",
        "ADM3_PCODE": "CI330205",
        "ADM4_FR": "YOMANKRO",
        "ADM4_PCODE": "CIV8456",
        "centerLat": 7.842118467,
        "centerLng": -6.275505559,
        "pop": 494,
        "score": 494,
        "whiteLoc": 1
      },
      "id": 886
    }
  ]
}